<?xml version="1.0" encoding="UTF-8"?>
<osm version="0.6" generator="openstreetmap-cgimap 2.1.0 (2579450 spike-08.openstreetmap.org)" copyright="OpenStreetMap and contributors" attribution="http://www.openstreetmap.org/copyright" license="http://opendatacommons.org/licenses/odbl/1-0/">
 <bounds minlat="39.2440530" minlon="-119.8162660" maxlat="39.2500570" maxlon="-119.8084080"/>
 <node id="139996829" visible="true" version="6" changeset="143382336" timestamp="2023-10-30T19:12:17Z" user="Joseph R P" uid="10944197" lat="39.2471479" lon="-119.8118230"/>
 <node id="139996831" visible="true" version="3" changeset="55250403" timestamp="2018-01-08T00:09:57Z" user="user_1282393" uid="1282393" lat="39.2468401" lon="-119.8118268"/>
 <node id="139996832" visible="true" version="3" changeset="55250403" timestamp="2018-01-08T00:09:57Z" user="user_1282393" uid="1282393" lat="39.2466440" lon="-119.8118202"/>
 <node id="139996833" visible="true" version="3" changeset="55250403" timestamp="2018-01-08T00:09:57Z" user="user_1282393" uid="1282393" lat="39.2464790" lon="-119.8118592"/>
 <node id="139996836" visible="true" version="3" changeset="55250403" timestamp="2018-01-08T00:09:57Z" user="user_1282393" uid="1282393" lat="39.2463276" lon="-119.8118986"/>
 <node id="139996840" visible="true" version="3" changeset="55250403" timestamp="2018-01-08T00:09:57Z" user="user_1282393" uid="1282393" lat="39.2461681" lon="-119.8119845"/>
 <node id="139996842" visible="true" version="3" changeset="55250403" timestamp="2018-01-08T00:09:57Z" user="user_1282393" uid="1282393" lat="39.2459649" lon="-119.8121294"/>
 <node id="139996845" visible="true" version="3" changeset="55250403" timestamp="2018-01-08T00:09:57Z" user="user_1282393" uid="1282393" lat="39.2456737" lon="-119.8123601"/>
 <node id="139996848" visible="true" version="3" changeset="55250403" timestamp="2018-01-08T00:09:57Z" user="user_1282393" uid="1282393" lat="39.2454768" lon="-119.8125270"/>
 <node id="139996851" visible="true" version="3" changeset="55250403" timestamp="2018-01-08T00:09:57Z" user="user_1282393" uid="1282393" lat="39.2453072" lon="-119.8126525"/>
 <node id="139996853" visible="true" version="3" changeset="55250403" timestamp="2018-01-08T00:09:57Z" user="user_1282393" uid="1282393" lat="39.2451395" lon="-119.8127603"/>
 <node id="139996859" visible="true" version="3" changeset="55250403" timestamp="2018-01-08T00:09:57Z" user="user_1282393" uid="1282393" lat="39.2449835" lon="-119.8128270"/>
 <node id="139996861" visible="true" version="3" changeset="55250403" timestamp="2018-01-08T00:09:57Z" user="user_1282393" uid="1282393" lat="39.2448125" lon="-119.8128692"/>
 <node id="139996864" visible="true" version="3" changeset="55250403" timestamp="2018-01-08T00:09:57Z" user="user_1282393" uid="1282393" lat="39.2445523" lon="-119.8128752"/>
 <node id="139996867" visible="true" version="3" changeset="55250403" timestamp="2018-01-08T00:09:57Z" user="user_1282393" uid="1282393" lat="39.2442044" lon="-119.8128389"/>
 <node id="139996949" visible="true" version="6" changeset="143382336" timestamp="2023-10-30T19:12:17Z" user="Joseph R P" uid="10944197" lat="39.2471475" lon="-119.8119329"/>
 <node id="139996952" visible="true" version="3" changeset="55250403" timestamp="2018-01-08T00:09:58Z" user="user_1282393" uid="1282393" lat="39.2470098" lon="-119.8119279"/>
 <node id="139996958" visible="true" version="3" changeset="55250403" timestamp="2018-01-08T00:09:58Z" user="user_1282393" uid="1282393" lat="39.2466917" lon="-119.8119182"/>
 <node id="139996960" visible="true" version="3" changeset="55250403" timestamp="2018-01-08T00:09:58Z" user="user_1282393" uid="1282393" lat="39.2466215" lon="-119.8119226"/>
 <node id="139996962" visible="true" version="3" changeset="55250403" timestamp="2018-01-08T00:09:58Z" user="user_1282393" uid="1282393" lat="39.2465612" lon="-119.8119346"/>
 <node id="139996964" visible="true" version="3" changeset="55250403" timestamp="2018-01-08T00:09:58Z" user="user_1282393" uid="1282393" lat="39.2464610" lon="-119.8119634"/>
 <node id="139996967" visible="true" version="3" changeset="55250403" timestamp="2018-01-08T00:09:58Z" user="user_1282393" uid="1282393" lat="39.2463808" lon="-119.8120117"/>
 <node id="139996970" visible="true" version="3" changeset="55250403" timestamp="2018-01-08T00:09:58Z" user="user_1282393" uid="1282393" lat="39.2463018" lon="-119.8120832"/>
 <node id="139996973" visible="true" version="3" changeset="55250403" timestamp="2018-01-08T00:09:58Z" user="user_1282393" uid="1282393" lat="39.2462344" lon="-119.8121721"/>
 <node id="139996976" visible="true" version="3" changeset="55250403" timestamp="2018-01-08T00:09:58Z" user="user_1282393" uid="1282393" lat="39.2461652" lon="-119.8122960"/>
 <node id="139996981" visible="true" version="3" changeset="55250403" timestamp="2018-01-08T00:09:58Z" user="user_1282393" uid="1282393" lat="39.2461147" lon="-119.8124392"/>
 <node id="139996986" visible="true" version="3" changeset="55250403" timestamp="2018-01-08T00:09:58Z" user="user_1282393" uid="1282393" lat="39.2460981" lon="-119.8125548"/>
 <node id="139996989" visible="true" version="3" changeset="55250403" timestamp="2018-01-08T00:09:58Z" user="user_1282393" uid="1282393" lat="39.2460940" lon="-119.8126853"/>
 <node id="139996992" visible="true" version="3" changeset="55250403" timestamp="2018-01-08T00:09:58Z" user="user_1282393" uid="1282393" lat="39.2461053" lon="-119.8128031"/>
 <node id="139996995" visible="true" version="3" changeset="55250403" timestamp="2018-01-08T00:09:58Z" user="user_1282393" uid="1282393" lat="39.2461330" lon="-119.8129286"/>
 <node id="139996998" visible="true" version="3" changeset="55250403" timestamp="2018-01-08T00:09:58Z" user="user_1282393" uid="1282393" lat="39.2461788" lon="-119.8130264"/>
 <node id="139996999" visible="true" version="3" changeset="55250403" timestamp="2018-01-08T00:09:58Z" user="user_1282393" uid="1282393" lat="39.2462275" lon="-119.8131227"/>
 <node id="139997002" visible="true" version="3" changeset="55250403" timestamp="2018-01-08T00:09:58Z" user="user_1282393" uid="1282393" lat="39.2462777" lon="-119.8131954"/>
 <node id="139997005" visible="true" version="3" changeset="55250403" timestamp="2018-01-08T00:09:58Z" user="user_1282393" uid="1282393" lat="39.2463537" lon="-119.8132643"/>
 <node id="139997008" visible="true" version="3" changeset="55250403" timestamp="2018-01-08T00:09:58Z" user="user_1282393" uid="1282393" lat="39.2464391" lon="-119.8133305"/>
 <node id="139997011" visible="true" version="3" changeset="55250403" timestamp="2018-01-08T00:09:58Z" user="user_1282393" uid="1282393" lat="39.2465594" lon="-119.8133760"/>
 <node id="139997015" visible="true" version="3" changeset="55250403" timestamp="2018-01-08T00:09:58Z" user="user_1282393" uid="1282393" lat="39.2467553" lon="-119.8134378"/>
 <node id="139997021" visible="true" version="4" changeset="55250403" timestamp="2018-01-08T00:09:58Z" user="user_1282393" uid="1282393" lat="39.2475951" lon="-119.8136921"/>
 <node id="140217984" visible="true" version="12" changeset="159701979" timestamp="2024-11-28T13:23:43Z" user="Sebasawk" uid="12511136" lat="39.2501657" lon="-119.8145951">
  <tag k="highway" v="motorway_junction"/>
  <tag k="old_ref" v="44;46"/>
  <tag k="ref" v="12"/>
 </node>
 <node id="140217987" visible="true" version="4" changeset="159701979" timestamp="2024-11-28T13:23:43Z" user="Sebasawk" uid="12511136" lat="39.2496427" lon="-119.8145677"/>
 <node id="140217995" visible="true" version="4" changeset="159701979" timestamp="2024-11-28T13:23:43Z" user="Sebasawk" uid="12511136" lat="39.2491041" lon="-119.8145105"/>
 <node id="140217998" visible="true" version="4" changeset="159701979" timestamp="2024-11-28T13:23:43Z" user="Sebasawk" uid="12511136" lat="39.2488416" lon="-119.8144786"/>
 <node id="140218001" visible="true" version="3" changeset="55250403" timestamp="2018-01-08T00:00:55Z" user="user_1282393" uid="1282393" lat="39.2486686" lon="-119.8144852"/>
 <node id="140218005" visible="true" version="3" changeset="55250403" timestamp="2018-01-08T00:00:55Z" user="user_1282393" uid="1282393" lat="39.2485349" lon="-119.8145011"/>
 <node id="140218010" visible="true" version="3" changeset="55250403" timestamp="2018-01-08T00:00:55Z" user="user_1282393" uid="1282393" lat="39.2483799" lon="-119.8145484"/>
 <node id="140218013" visible="true" version="3" changeset="55250403" timestamp="2018-01-08T00:00:55Z" user="user_1282393" uid="1282393" lat="39.2482678" lon="-119.8146027"/>
 <node id="140218016" visible="true" version="4" changeset="55250403" timestamp="2018-01-08T00:02:08Z" user="user_1282393" uid="1282393" lat="39.2480337" lon="-119.8148036"/>
 <node id="140218022" visible="true" version="4" changeset="55250403" timestamp="2018-01-08T00:02:08Z" user="user_1282393" uid="1282393" lat="39.2477952" lon="-119.8150818"/>
 <node id="140218030" visible="true" version="4" changeset="55250403" timestamp="2018-01-08T00:02:08Z" user="user_1282393" uid="1282393" lat="39.2476254" lon="-119.8152310"/>
 <node id="140218032" visible="true" version="4" changeset="55250403" timestamp="2018-01-08T00:02:08Z" user="user_1282393" uid="1282393" lat="39.2474386" lon="-119.8153091"/>
 <node id="140289121" visible="true" version="4" changeset="72187005" timestamp="2019-07-12T18:23:09Z" user="user_1282393" uid="1282393" lat="39.2471311" lon="-119.8164833"/>
 <node id="140289130" visible="true" version="5" changeset="72187005" timestamp="2019-07-12T18:21:38Z" user="user_1282393" uid="1282393" lat="39.2471510" lon="-119.8107967"/>
 <node id="140470203" visible="true" version="5" changeset="55250403" timestamp="2018-01-08T00:09:57Z" user="user_1282393" uid="1282393" lat="39.2740776" lon="-119.8192462"/>
 <node id="140470205" visible="true" version="4" changeset="55250403" timestamp="2018-01-08T00:09:57Z" user="user_1282393" uid="1282393" lat="39.2577245" lon="-119.8158171"/>
 <node id="140470208" visible="true" version="4" changeset="55250403" timestamp="2018-01-08T00:09:57Z" user="user_1282393" uid="1282393" lat="39.2553774" lon="-119.8153292"/>
 <node id="140515749" visible="true" version="5" changeset="94747333" timestamp="2020-11-25T05:40:25Z" user="BryanOSullivan" uid="10729167" lat="39.2441995" lon="-119.8107396">
  <tag k="highway" v="turning_circle"/>
 </node>
 <node id="263586007" visible="true" version="4" changeset="165256651" timestamp="2025-04-21T20:09:54Z" user="idkwhatname2use" uid="16305471" lat="39.2297663" lon="-119.7708257">
  <tag k="attribution" v="USGS 2001 County Boundary"/>
  <tag k="source" v="county_import_v0.1"/>
 </node>
 <node id="357555473" visible="true" version="3" changeset="151119010" timestamp="2024-05-09T20:46:19Z" user="Mateusz Konieczny - bot account" uid="3199858" lat="39.2470733" lon="-119.8110260">
  <tag k="ele" v="1536"/>
  <tag k="gnis:feature_id" v="855714"/>
  <tag k="leisure" v="park"/>
  <tag k="name" v="Bellvue Day Use Area"/>
 </node>
 <node id="364606109" visible="true" version="6" changeset="72187005" timestamp="2019-07-12T18:30:08Z" user="user_1282393" uid="1282393" lat="39.2313267" lon="-119.7852921"/>
 <node id="364606111" visible="true" version="3" changeset="846531" timestamp="2009-03-22T04:45:01Z" user="abschiff" uid="101433" lat="39.2314883" lon="-119.7858833"/>
 <node id="364606112" visible="true" version="3" changeset="846531" timestamp="2009-03-22T04:45:01Z" user="abschiff" uid="101433" lat="39.2318540" lon="-119.7877716"/>
 <node id="364606113" visible="true" version="3" changeset="846531" timestamp="2009-03-22T04:45:01Z" user="abschiff" uid="101433" lat="39.2321532" lon="-119.7914623"/>
 <node id="364606114" visible="true" version="3" changeset="846531" timestamp="2009-03-22T04:45:01Z" user="abschiff" uid="101433" lat="39.2328180" lon="-119.7946810"/>
 <node id="364606115" visible="true" version="3" changeset="846531" timestamp="2009-03-22T04:45:01Z" user="abschiff" uid="101433" lat="39.2335825" lon="-119.7978567"/>
 <node id="364606116" visible="true" version="3" changeset="846531" timestamp="2009-03-22T04:45:01Z" user="abschiff" uid="101433" lat="39.2337155" lon="-119.7990583"/>
 <node id="364606118" visible="true" version="3" changeset="846531" timestamp="2009-03-22T04:45:01Z" user="abschiff" uid="101433" lat="39.2336490" lon="-119.8016333"/>
 <node id="364606119" visible="true" version="3" changeset="846531" timestamp="2009-03-22T04:45:01Z" user="abschiff" uid="101433" lat="39.2337820" lon="-119.8029207"/>
 <node id="364606120" visible="true" version="3" changeset="846531" timestamp="2009-03-22T04:45:01Z" user="abschiff" uid="101433" lat="39.2342141" lon="-119.8056673"/>
 <node id="364606121" visible="true" version="4" changeset="72187005" timestamp="2019-07-12T18:30:08Z" user="user_1282393" uid="1282393" lat="39.2347869" lon="-119.8078010"/>
 <node id="364606122" visible="true" version="4" changeset="72187005" timestamp="2019-07-12T18:30:08Z" user="user_1282393" uid="1282393" lat="39.2355094" lon="-119.8091796"/>
 <node id="364606124" visible="true" version="4" changeset="72187005" timestamp="2019-07-12T18:30:08Z" user="user_1282393" uid="1282393" lat="39.2365488" lon="-119.8102522"/>
 <node id="364606125" visible="true" version="4" changeset="72187005" timestamp="2019-07-12T18:30:08Z" user="user_1282393" uid="1282393" lat="39.2373333" lon="-119.8103509"/>
 <node id="364606127" visible="true" version="4" changeset="72187005" timestamp="2019-07-12T18:30:08Z" user="user_1282393" uid="1282393" lat="39.2380691" lon="-119.8104781"/>
 <node id="364606128" visible="true" version="4" changeset="72187005" timestamp="2019-07-12T18:30:08Z" user="user_1282393" uid="1282393" lat="39.2392491" lon="-119.8102935"/>
 <node id="364606129" visible="true" version="4" changeset="72187005" timestamp="2019-07-12T18:30:08Z" user="user_1282393" uid="1282393" lat="39.2401633" lon="-119.8103477"/>
 <node id="364606131" visible="true" version="4" changeset="72187005" timestamp="2019-07-12T18:30:08Z" user="user_1282393" uid="1282393" lat="39.2413331" lon="-119.8100497"/>
 <node id="364606132" visible="true" version="4" changeset="72187005" timestamp="2019-07-12T18:30:08Z" user="user_1282393" uid="1282393" lat="39.2424642" lon="-119.8100473"/>
 <node id="364606133" visible="true" version="4" changeset="72187005" timestamp="2019-07-12T18:30:08Z" user="user_1282393" uid="1282393" lat="39.2429021" lon="-119.8099365"/>
 <node id="364606134" visible="true" version="4" changeset="72187005" timestamp="2019-07-12T18:30:08Z" user="user_1282393" uid="1282393" lat="39.2434449" lon="-119.8098207"/>
 <node id="364606135" visible="true" version="4" changeset="72187005" timestamp="2019-07-12T18:30:08Z" user="user_1282393" uid="1282393" lat="39.2442018" lon="-119.8098874"/>
 <node id="364606136" visible="true" version="4" changeset="72187005" timestamp="2019-07-12T18:30:08Z" user="user_1282393" uid="1282393" lat="39.2446530" lon="-119.8099502"/>
 <node id="364606137" visible="true" version="4" changeset="72187005" timestamp="2019-07-12T18:30:08Z" user="user_1282393" uid="1282393" lat="39.2451196" lon="-119.8099169"/>
 <node id="364606139" visible="true" version="4" changeset="72187005" timestamp="2019-07-12T18:30:08Z" user="user_1282393" uid="1282393" lat="39.2454129" lon="-119.8099588"/>
 <node id="364606140" visible="true" version="4" changeset="72187005" timestamp="2019-07-12T18:30:08Z" user="user_1282393" uid="1282393" lat="39.2456021" lon="-119.8099996"/>
 <node id="364606141" visible="true" version="4" changeset="72187005" timestamp="2019-07-12T18:30:08Z" user="user_1282393" uid="1282393" lat="39.2458788" lon="-119.8100202"/>
 <node id="364606142" visible="true" version="4" changeset="72187005" timestamp="2019-07-12T18:30:08Z" user="user_1282393" uid="1282393" lat="39.2466608" lon="-119.8097375"/>
 <node id="364606143" visible="true" version="4" changeset="72187005" timestamp="2019-07-12T18:30:08Z" user="user_1282393" uid="1282393" lat="39.2472129" lon="-119.8097356"/>
 <node id="364606145" visible="true" version="4" changeset="72187005" timestamp="2019-07-12T18:30:08Z" user="user_1282393" uid="1282393" lat="39.2472173" lon="-119.8103096"/>
 <node id="364606147" visible="true" version="4" changeset="72187005" timestamp="2019-07-12T18:30:08Z" user="user_1282393" uid="1282393" lat="39.2472497" lon="-119.8108410"/>
 <node id="364606148" visible="true" version="4" changeset="72187005" timestamp="2019-07-12T18:30:08Z" user="user_1282393" uid="1282393" lat="39.2472491" lon="-119.8118044"/>
 <node id="364606149" visible="true" version="4" changeset="72187005" timestamp="2019-07-12T18:30:08Z" user="user_1282393" uid="1282393" lat="39.2472728" lon="-119.8124355"/>
 <node id="364606150" visible="true" version="4" changeset="72187005" timestamp="2019-07-12T18:30:08Z" user="user_1282393" uid="1282393" lat="39.2473905" lon="-119.8133931"/>
 <node id="364606151" visible="true" version="4" changeset="72187005" timestamp="2019-07-12T18:30:08Z" user="user_1282393" uid="1282393" lat="39.2483356" lon="-119.8136093"/>
 <node id="364606152" visible="true" version="4" changeset="72187005" timestamp="2019-07-12T18:30:08Z" user="user_1282393" uid="1282393" lat="39.2494604" lon="-119.8138716"/>
 <node id="364606154" visible="true" version="4" changeset="72187005" timestamp="2019-07-12T18:30:08Z" user="user_1282393" uid="1282393" lat="39.2537524" lon="-119.8148093"/>
 <node id="364606155" visible="true" version="4" changeset="72187005" timestamp="2019-07-12T18:30:08Z" user="user_1282393" uid="1282393" lat="39.2574049" lon="-119.8155649"/>
 <node id="364606156" visible="true" version="4" changeset="72187005" timestamp="2019-07-12T18:30:08Z" user="user_1282393" uid="1282393" lat="39.2585646" lon="-119.8157840"/>
 <node id="364606157" visible="true" version="5" changeset="72187005" timestamp="2019-07-12T18:31:16Z" user="user_1282393" uid="1282393" lat="39.2600719" lon="-119.8154573"/>
 <node id="364606158" visible="true" version="5" changeset="72187005" timestamp="2019-07-12T18:31:16Z" user="user_1282393" uid="1282393" lat="39.2610638" lon="-119.8153404"/>
 <node id="364606159" visible="true" version="4" changeset="72187005" timestamp="2019-07-12T18:30:08Z" user="user_1282393" uid="1282393" lat="39.2618550" lon="-119.8154090"/>
 <node id="364606161" visible="true" version="4" changeset="72187005" timestamp="2019-07-12T18:30:08Z" user="user_1282393" uid="1282393" lat="39.2625947" lon="-119.8156048"/>
 <node id="364606163" visible="true" version="5" changeset="72187005" timestamp="2019-07-12T18:30:56Z" user="user_1282393" uid="1282393" lat="39.2633914" lon="-119.8157180"/>
 <node id="364606164" visible="true" version="5" changeset="72187005" timestamp="2019-07-12T18:30:56Z" user="user_1282393" uid="1282393" lat="39.2640464" lon="-119.8158816"/>
 <node id="364606165" visible="true" version="5" changeset="72187005" timestamp="2019-07-12T18:30:56Z" user="user_1282393" uid="1282393" lat="39.2647690" lon="-119.8163076"/>
 <node id="364606166" visible="true" version="4" changeset="72187005" timestamp="2019-07-12T18:30:08Z" user="user_1282393" uid="1282393" lat="39.2653841" lon="-119.8172093"/>
 <node id="364606167" visible="true" version="4" changeset="72187005" timestamp="2019-07-12T18:30:08Z" user="user_1282393" uid="1282393" lat="39.2666513" lon="-119.8174859"/>
 <node id="364606169" visible="true" version="4" changeset="72187005" timestamp="2019-07-12T18:30:08Z" user="user_1282393" uid="1282393" lat="39.2675043" lon="-119.8176637"/>
 <node id="364606170" visible="true" version="4" changeset="72187005" timestamp="2019-07-12T18:30:08Z" user="user_1282393" uid="1282393" lat="39.2684589" lon="-119.8178611"/>
 <node id="364606171" visible="true" version="4" changeset="72187005" timestamp="2019-07-12T18:30:08Z" user="user_1282393" uid="1282393" lat="39.2695356" lon="-119.8180722"/>
 <node id="364606172" visible="true" version="4" changeset="72187005" timestamp="2019-07-12T18:30:08Z" user="user_1282393" uid="1282393" lat="39.2728073" lon="-119.8187285"/>
 <node id="364606173" visible="true" version="4" changeset="72187005" timestamp="2019-07-12T18:30:08Z" user="user_1282393" uid="1282393" lat="39.2729065" lon="-119.8172383"/>
 <node id="364606175" visible="true" version="4" changeset="72187005" timestamp="2019-07-12T18:30:08Z" user="user_1282393" uid="1282393" lat="39.2734323" lon="-119.8167603"/>
 <node id="364606176" visible="true" version="4" changeset="72187005" timestamp="2019-07-12T18:30:08Z" user="user_1282393" uid="1282393" lat="39.2737030" lon="-119.8165179"/>
 <node id="364606177" visible="true" version="4" changeset="72187005" timestamp="2019-07-12T18:30:08Z" user="user_1282393" uid="1282393" lat="39.2744563" lon="-119.8166648"/>
 <node id="364606178" visible="true" version="4" changeset="72187005" timestamp="2019-07-12T18:30:08Z" user="user_1282393" uid="1282393" lat="39.2747825" lon="-119.8167088"/>
 <node id="364606179" visible="true" version="4" changeset="72187005" timestamp="2019-07-12T18:30:08Z" user="user_1282393" uid="1282393" lat="39.2750566" lon="-119.8167370"/>
 <node id="364606180" visible="true" version="4" changeset="72187005" timestamp="2019-07-12T18:30:08Z" user="user_1282393" uid="1282393" lat="39.2751986" lon="-119.8167552"/>
 <node id="364606182" visible="true" version="4" changeset="72187005" timestamp="2019-07-12T18:30:08Z" user="user_1282393" uid="1282393" lat="39.2753516" lon="-119.8168024"/>
 <node id="364606184" visible="true" version="4" changeset="72187005" timestamp="2019-07-12T18:30:08Z" user="user_1282393" uid="1282393" lat="39.2756768" lon="-119.8170103"/>
 <node id="364606185" visible="true" version="4" changeset="72187005" timestamp="2019-07-12T18:30:08Z" user="user_1282393" uid="1282393" lat="39.2757084" lon="-119.8172410"/>
 <node id="364606186" visible="true" version="4" changeset="72187005" timestamp="2019-07-12T18:30:08Z" user="user_1282393" uid="1282393" lat="39.2758350" lon="-119.8173526"/>
 <node id="364606187" visible="true" version="4" changeset="72187005" timestamp="2019-07-12T18:30:08Z" user="user_1282393" uid="1282393" lat="39.2761739" lon="-119.8174577"/>
 <node id="364606188" visible="true" version="4" changeset="72187005" timestamp="2019-07-12T18:30:08Z" user="user_1282393" uid="1282393" lat="39.2764903" lon="-119.8176004"/>
 <node id="364606189" visible="true" version="4" changeset="72187005" timestamp="2019-07-12T18:30:08Z" user="user_1282393" uid="1282393" lat="39.2769213" lon="-119.8175999"/>
 <node id="364606190" visible="true" version="4" changeset="72187005" timestamp="2019-07-12T18:30:08Z" user="user_1282393" uid="1282393" lat="39.2771597" lon="-119.8177753"/>
 <node id="364606191" visible="true" version="4" changeset="72187005" timestamp="2019-07-12T18:30:08Z" user="user_1282393" uid="1282393" lat="39.2776111" lon="-119.8177715"/>
 <node id="364606193" visible="true" version="4" changeset="72187005" timestamp="2019-07-12T18:30:08Z" user="user_1282393" uid="1282393" lat="39.2777743" lon="-119.8180022"/>
 <node id="364606194" visible="true" version="4" changeset="72187005" timestamp="2019-07-12T18:30:08Z" user="user_1282393" uid="1282393" lat="39.2777523" lon="-119.8184989"/>
 <node id="364606195" visible="true" version="4" changeset="72187005" timestamp="2019-07-12T18:30:08Z" user="user_1282393" uid="1282393" lat="39.2775619" lon="-119.8190110"/>
 <node id="364606196" visible="true" version="4" changeset="72187005" timestamp="2019-07-12T18:30:08Z" user="user_1282393" uid="1282393" lat="39.2780243" lon="-119.8196963"/>
 <node id="364606197" visible="true" version="4" changeset="72187005" timestamp="2019-07-12T18:30:08Z" user="user_1282393" uid="1282393" lat="39.2783415" lon="-119.8197912"/>
 <node id="364606198" visible="true" version="4" changeset="72187005" timestamp="2019-07-12T18:30:08Z" user="user_1282393" uid="1282393" lat="39.2793925" lon="-119.8201405"/>
 <node id="364606199" visible="true" version="4" changeset="72187005" timestamp="2019-07-12T18:30:08Z" user="user_1282393" uid="1282393" lat="39.2807854" lon="-119.8204320"/>
 <node id="364606200" visible="true" version="3" changeset="846531" timestamp="2009-03-22T04:45:03Z" user="abschiff" uid="101433" lat="39.2811677" lon="-119.8198294"/>
 <node id="364606202" visible="true" version="3" changeset="846531" timestamp="2009-03-22T04:45:03Z" user="abschiff" uid="101433" lat="39.2812341" lon="-119.8192715"/>
 <node id="364606203" visible="true" version="3" changeset="846531" timestamp="2009-03-22T04:45:03Z" user="abschiff" uid="101433" lat="39.2816659" lon="-119.8196148"/>
 <node id="364606204" visible="true" version="3" changeset="846531" timestamp="2009-03-22T04:45:04Z" user="abschiff" uid="101433" lat="39.2822971" lon="-119.8198294"/>
 <node id="364606205" visible="true" version="4" changeset="72187005" timestamp="2019-07-12T18:30:08Z" user="user_1282393" uid="1282393" lat="39.2832986" lon="-119.8200267"/>
 <node id="364606206" visible="true" version="4" changeset="72187005" timestamp="2019-07-12T18:30:08Z" user="user_1282393" uid="1282393" lat="39.2834991" lon="-119.8193379"/>
 <node id="364606207" visible="true" version="4" changeset="72187005" timestamp="2019-07-12T18:30:08Z" user="user_1282393" uid="1282393" lat="39.2838618" lon="-119.8183517"/>
 <node id="364606208" visible="true" version="4" changeset="72187005" timestamp="2019-07-12T18:30:08Z" user="user_1282393" uid="1282393" lat="39.2841433" lon="-119.8175564"/>
 <node id="364606209" visible="true" version="3" changeset="846531" timestamp="2009-03-22T04:45:04Z" user="abschiff" uid="101433" lat="39.2846223" lon="-119.8169970"/>
 <node id="364606211" visible="true" version="3" changeset="846531" timestamp="2009-03-22T04:45:04Z" user="abschiff" uid="101433" lat="39.2851870" lon="-119.8163103"/>
 <node id="364606212" visible="true" version="3" changeset="846531" timestamp="2009-03-22T04:45:04Z" user="abschiff" uid="101433" lat="39.2860506" lon="-119.8157524"/>
 <node id="364606214" visible="true" version="3" changeset="846531" timestamp="2009-03-22T04:45:04Z" user="abschiff" uid="101433" lat="39.2867814" lon="-119.8150658"/>
 <node id="364606215" visible="true" version="3" changeset="846531" timestamp="2009-03-22T04:45:04Z" user="abschiff" uid="101433" lat="39.2872464" lon="-119.8140358"/>
 <node id="364606216" visible="true" version="3" changeset="846531" timestamp="2009-03-22T04:45:04Z" user="abschiff" uid="101433" lat="39.2878443" lon="-119.8137783"/>
 <node id="364606217" visible="true" version="3" changeset="846531" timestamp="2009-03-22T04:45:04Z" user="abschiff" uid="101433" lat="39.2887411" lon="-119.8136925"/>
 <node id="364606218" visible="true" version="3" changeset="846531" timestamp="2009-03-22T04:45:04Z" user="abschiff" uid="101433" lat="39.2894054" lon="-119.8140787"/>
 <node id="364606219" visible="true" version="3" changeset="846531" timestamp="2009-03-22T04:45:04Z" user="abschiff" uid="101433" lat="39.2900032" lon="-119.8143362"/>
 <node id="364606220" visible="true" version="3" changeset="846531" timestamp="2009-03-22T04:45:04Z" user="abschiff" uid="101433" lat="39.2909332" lon="-119.8138212"/>
 <node id="364606221" visible="true" version="3" changeset="846531" timestamp="2009-03-22T04:45:04Z" user="abschiff" uid="101433" lat="39.2915975" lon="-119.8134779"/>
 <node id="364606222" visible="true" version="3" changeset="846531" timestamp="2009-03-22T04:45:04Z" user="abschiff" uid="101433" lat="39.2924943" lon="-119.8132633"/>
 <node id="364606223" visible="true" version="3" changeset="846531" timestamp="2009-03-22T04:45:04Z" user="abschiff" uid="101433" lat="39.2937896" lon="-119.8129200"/>
 <node id="364606224" visible="true" version="3" changeset="846531" timestamp="2009-03-22T04:45:04Z" user="abschiff" uid="101433" lat="39.2945867" lon="-119.8125767"/>
 <node id="364606226" visible="true" version="3" changeset="846531" timestamp="2009-03-22T04:45:04Z" user="abschiff" uid="101433" lat="39.2952509" lon="-119.8121475"/>
 <node id="364606227" visible="true" version="3" changeset="846531" timestamp="2009-03-22T04:45:04Z" user="abschiff" uid="101433" lat="39.2955498" lon="-119.8118900"/>
 <node id="364606228" visible="true" version="3" changeset="846531" timestamp="2009-03-22T04:45:04Z" user="abschiff" uid="101433" lat="39.2962805" lon="-119.8118471"/>
 <node id="364606229" visible="true" version="3" changeset="846531" timestamp="2009-03-22T04:45:04Z" user="abschiff" uid="101433" lat="39.2971440" lon="-119.8117184"/>
 <node id="364606230" visible="true" version="3" changeset="846531" timestamp="2009-03-22T04:45:04Z" user="abschiff" uid="101433" lat="39.2978082" lon="-119.8112892"/>
 <node id="364606231" visible="true" version="3" changeset="846531" timestamp="2009-03-22T04:45:04Z" user="abschiff" uid="101433" lat="39.2983396" lon="-119.8116325"/>
 <node id="364606232" visible="true" version="3" changeset="846531" timestamp="2009-03-22T04:45:04Z" user="abschiff" uid="101433" lat="39.2988045" lon="-119.8125338"/>
 <node id="364606233" visible="true" version="3" changeset="846531" timestamp="2009-03-22T04:45:04Z" user="abschiff" uid="101433" lat="39.2994355" lon="-119.8129629"/>
 <node id="364606234" visible="true" version="3" changeset="846531" timestamp="2009-03-22T04:45:04Z" user="abschiff" uid="101433" lat="39.3000333" lon="-119.8125767"/>
 <node id="364606235" visible="true" version="3" changeset="846531" timestamp="2009-03-22T04:45:04Z" user="abschiff" uid="101433" lat="39.3007971" lon="-119.8128771"/>
 <node id="364606236" visible="true" version="3" changeset="846531" timestamp="2009-03-22T04:45:04Z" user="abschiff" uid="101433" lat="39.3013616" lon="-119.8124479"/>
 <node id="364606237" visible="true" version="3" changeset="846531" timestamp="2009-03-22T04:45:04Z" user="abschiff" uid="101433" lat="39.3021919" lon="-119.8118900"/>
 <node id="364606238" visible="true" version="3" changeset="846531" timestamp="2009-03-22T04:45:05Z" user="abschiff" uid="101433" lat="39.3028892" lon="-119.8111605"/>
 <node id="364606241" visible="true" version="3" changeset="846531" timestamp="2009-03-22T04:45:05Z" user="abschiff" uid="101433" lat="39.3034206" lon="-119.8106884"/>
 <node id="364606242" visible="true" version="3" changeset="846531" timestamp="2009-03-22T04:45:05Z" user="abschiff" uid="101433" lat="39.3034206" lon="-119.8100018"/>
 <node id="364606243" visible="true" version="3" changeset="846531" timestamp="2009-03-22T04:45:05Z" user="abschiff" uid="101433" lat="39.3036862" lon="-119.8093580"/>
 <node id="364606244" visible="true" version="3" changeset="846531" timestamp="2009-03-22T04:45:05Z" user="abschiff" uid="101433" lat="39.3041179" lon="-119.8087572"/>
 <node id="364606245" visible="true" version="3" changeset="846531" timestamp="2009-03-22T04:45:05Z" user="abschiff" uid="101433" lat="39.3041843" lon="-119.8078989"/>
 <node id="364606246" visible="true" version="3" changeset="846531" timestamp="2009-03-22T04:45:05Z" user="abschiff" uid="101433" lat="39.3044168" lon="-119.8072981"/>
 <node id="364606247" visible="true" version="3" changeset="846531" timestamp="2009-03-22T04:45:05Z" user="abschiff" uid="101433" lat="39.3040847" lon="-119.8069977"/>
 <node id="364606248" visible="true" version="3" changeset="846531" timestamp="2009-03-22T04:45:05Z" user="abschiff" uid="101433" lat="39.3042840" lon="-119.8066544"/>
 <node id="364606249" visible="true" version="3" changeset="846531" timestamp="2009-03-22T04:45:05Z" user="abschiff" uid="101433" lat="39.3042175" lon="-119.8058390"/>
 <node id="364606250" visible="true" version="3" changeset="846531" timestamp="2009-03-22T04:45:05Z" user="abschiff" uid="101433" lat="39.3041843" lon="-119.8052811"/>
 <node id="364606252" visible="true" version="3" changeset="846531" timestamp="2009-03-22T04:45:05Z" user="abschiff" uid="101433" lat="39.3044832" lon="-119.8043799"/>
 <node id="364606253" visible="true" version="3" changeset="846531" timestamp="2009-03-22T04:45:05Z" user="abschiff" uid="101433" lat="39.3046492" lon="-119.8032641"/>
 <node id="364606254" visible="true" version="3" changeset="846531" timestamp="2009-03-22T04:45:05Z" user="abschiff" uid="101433" lat="39.3051806" lon="-119.8030066"/>
 <node id="364606255" visible="true" version="3" changeset="846531" timestamp="2009-03-22T04:45:05Z" user="abschiff" uid="101433" lat="39.3055458" lon="-119.8024057"/>
 <node id="364606256" visible="true" version="3" changeset="846531" timestamp="2009-03-22T04:45:05Z" user="abschiff" uid="101433" lat="39.3061104" lon="-119.8026203"/>
 <node id="364606257" visible="true" version="3" changeset="846531" timestamp="2009-03-22T04:45:05Z" user="abschiff" uid="101433" lat="39.3065752" lon="-119.8022341"/>
 <node id="364606258" visible="true" version="3" changeset="846531" timestamp="2009-03-22T04:45:05Z" user="abschiff" uid="101433" lat="39.3071730" lon="-119.8019337"/>
 <node id="364606259" visible="true" version="3" changeset="846531" timestamp="2009-03-22T04:45:05Z" user="abschiff" uid="101433" lat="39.3072394" lon="-119.8015045"/>
 <node id="364606260" visible="true" version="3" changeset="846531" timestamp="2009-03-22T04:45:05Z" user="abschiff" uid="101433" lat="39.3069737" lon="-119.8005604"/>
 <node id="364606261" visible="true" version="3" changeset="846531" timestamp="2009-03-22T04:45:05Z" user="abschiff" uid="101433" lat="39.3070069" lon="-119.7999596"/>
 <node id="364606262" visible="true" version="3" changeset="846531" timestamp="2009-03-22T04:45:05Z" user="abschiff" uid="101433" lat="39.3080695" lon="-119.7984146"/>
 <node id="364606264" visible="true" version="3" changeset="846531" timestamp="2009-03-22T04:45:05Z" user="abschiff" uid="101433" lat="39.3085676" lon="-119.7986721"/>
 <node id="364606265" visible="true" version="3" changeset="846531" timestamp="2009-03-22T04:45:05Z" user="abschiff" uid="101433" lat="39.3090657" lon="-119.7978567"/>
 <node id="364606266" visible="true" version="3" changeset="846531" timestamp="2009-03-22T04:45:05Z" user="abschiff" uid="101433" lat="39.3097298" lon="-119.7973417"/>
 <node id="364606267" visible="true" version="3" changeset="846531" timestamp="2009-03-22T04:45:05Z" user="abschiff" uid="101433" lat="39.3102279" lon="-119.7967409"/>
 <node id="364606268" visible="true" version="3" changeset="846531" timestamp="2009-03-22T04:45:05Z" user="abschiff" uid="101433" lat="39.3108255" lon="-119.7969126"/>
 <node id="364606269" visible="true" version="3" changeset="846531" timestamp="2009-03-22T04:45:05Z" user="abschiff" uid="101433" lat="39.3115892" lon="-119.7968268"/>
 <node id="364606270" visible="true" version="3" changeset="846531" timestamp="2009-03-22T04:45:06Z" user="abschiff" uid="101433" lat="39.3120541" lon="-119.7971701"/>
 <node id="364606271" visible="true" version="3" changeset="846531" timestamp="2009-03-22T04:45:06Z" user="abschiff" uid="101433" lat="39.3128178" lon="-119.7976421"/>
 <node id="364606273" visible="true" version="3" changeset="846531" timestamp="2009-03-22T04:45:06Z" user="abschiff" uid="101433" lat="39.3133158" lon="-119.7974705"/>
 <node id="364606274" visible="true" version="3" changeset="846531" timestamp="2009-03-22T04:45:06Z" user="abschiff" uid="101433" lat="39.3137143" lon="-119.7977280"/>
 <node id="364606275" visible="true" version="3" changeset="846531" timestamp="2009-03-22T04:45:06Z" user="abschiff" uid="101433" lat="39.3141459" lon="-119.7981571"/>
 <node id="364606277" visible="true" version="3" changeset="846531" timestamp="2009-03-22T04:45:06Z" user="abschiff" uid="101433" lat="39.3145444" lon="-119.7987579"/>
 <node id="364606278" visible="true" version="3" changeset="846531" timestamp="2009-03-22T04:45:06Z" user="abschiff" uid="101433" lat="39.3150756" lon="-119.7982859"/>
 <node id="364606279" visible="true" version="3" changeset="846531" timestamp="2009-03-22T04:45:06Z" user="abschiff" uid="101433" lat="39.3155072" lon="-119.7980713"/>
 <node id="364606280" visible="true" version="3" changeset="846531" timestamp="2009-03-22T04:45:06Z" user="abschiff" uid="101433" lat="39.3161713" lon="-119.7979426"/>
 <node id="364606281" visible="true" version="3" changeset="846531" timestamp="2009-03-22T04:45:06Z" user="abschiff" uid="101433" lat="39.3164037" lon="-119.7985005"/>
 <node id="364606282" visible="true" version="3" changeset="846531" timestamp="2009-03-22T04:45:06Z" user="abschiff" uid="101433" lat="39.3168021" lon="-119.7986721"/>
 <node id="364606283" visible="true" version="4" changeset="129312208" timestamp="2022-11-24T08:22:43Z" user="user_4332932" uid="4332932" lat="39.3172651" lon="-119.7985760"/>
 <node id="364606284" visible="true" version="3" changeset="846531" timestamp="2009-03-22T04:45:06Z" user="abschiff" uid="101433" lat="39.3181634" lon="-119.7982000"/>
 <node id="364606285" visible="true" version="3" changeset="846531" timestamp="2009-03-22T04:45:06Z" user="abschiff" uid="101433" lat="39.3186946" lon="-119.7983717"/>
 <node id="364606286" visible="true" version="3" changeset="846531" timestamp="2009-03-22T04:45:06Z" user="abschiff" uid="101433" lat="39.3194582" lon="-119.7983717"/>
 <node id="364606287" visible="true" version="3" changeset="846531" timestamp="2009-03-22T04:45:06Z" user="abschiff" uid="101433" lat="39.3198898" lon="-119.7976851"/>
 <node id="364606289" visible="true" version="3" changeset="846531" timestamp="2009-03-22T04:45:06Z" user="abschiff" uid="101433" lat="39.3200890" lon="-119.7969984"/>
 <node id="364606290" visible="true" version="3" changeset="846531" timestamp="2009-03-22T04:45:06Z" user="abschiff" uid="101433" lat="39.3207530" lon="-119.7965263"/>
 <node id="364606291" visible="true" version="3" changeset="846531" timestamp="2009-03-22T04:45:06Z" user="abschiff" uid="101433" lat="39.3203878" lon="-119.7960114"/>
 <node id="364606292" visible="true" version="3" changeset="846531" timestamp="2009-03-22T04:45:06Z" user="abschiff" uid="101433" lat="39.3198898" lon="-119.7955822"/>
 <node id="364606293" visible="true" version="3" changeset="846531" timestamp="2009-03-22T04:45:06Z" user="abschiff" uid="101433" lat="39.3188938" lon="-119.7940373"/>
 <node id="364606294" visible="true" version="3" changeset="846531" timestamp="2009-03-22T04:45:06Z" user="abschiff" uid="101433" lat="39.3184954" lon="-119.7936081"/>
 <node id="364606295" visible="true" version="3" changeset="846531" timestamp="2009-03-22T04:45:07Z" user="abschiff" uid="101433" lat="39.3182630" lon="-119.7937368"/>
 <node id="364606296" visible="true" version="3" changeset="846531" timestamp="2009-03-22T04:45:07Z" user="abschiff" uid="101433" lat="39.3176653" lon="-119.7944664"/>
 <node id="364606297" visible="true" version="3" changeset="846531" timestamp="2009-03-22T04:45:07Z" user="abschiff" uid="101433" lat="39.3172669" lon="-119.7946381"/>
 <node id="364606298" visible="true" version="3" changeset="846531" timestamp="2009-03-22T04:45:07Z" user="abschiff" uid="101433" lat="39.3169349" lon="-119.7952389"/>
 <node id="364606299" visible="true" version="3" changeset="846531" timestamp="2009-03-22T04:45:07Z" user="abschiff" uid="101433" lat="39.3164369" lon="-119.7953247"/>
 <node id="364606301" visible="true" version="3" changeset="846531" timestamp="2009-03-22T04:45:07Z" user="abschiff" uid="101433" lat="39.3161049" lon="-119.7957968"/>
 <node id="364606302" visible="true" version="3" changeset="846531" timestamp="2009-03-22T04:45:07Z" user="abschiff" uid="101433" lat="39.3156732" lon="-119.7958826"/>
 <node id="364606303" visible="true" version="3" changeset="846531" timestamp="2009-03-22T04:45:07Z" user="abschiff" uid="101433" lat="39.3153744" lon="-119.7962259"/>
 <node id="364606304" visible="true" version="3" changeset="846531" timestamp="2009-03-22T04:45:07Z" user="abschiff" uid="101433" lat="39.3149096" lon="-119.7962259"/>
 <node id="364606305" visible="true" version="3" changeset="846531" timestamp="2009-03-22T04:45:07Z" user="abschiff" uid="101433" lat="39.3145112" lon="-119.7964405"/>
 <node id="364606306" visible="true" version="4" changeset="107865472" timestamp="2021-07-12T22:57:35Z" user="larz86" uid="8127210" lat="39.3141791" lon="-119.7964201"/>
 <node id="364606307" visible="true" version="3" changeset="846531" timestamp="2009-03-22T04:45:07Z" user="abschiff" uid="101433" lat="39.3139135" lon="-119.7957968"/>
 <node id="364606308" visible="true" version="3" changeset="846531" timestamp="2009-03-22T04:45:07Z" user="abschiff" uid="101433" lat="39.3135483" lon="-119.7952389"/>
 <node id="364606310" visible="true" version="3" changeset="846531" timestamp="2009-03-22T04:45:07Z" user="abschiff" uid="101433" lat="39.3131830" lon="-119.7952389"/>
 <node id="364606311" visible="true" version="3" changeset="846531" timestamp="2009-03-22T04:45:07Z" user="abschiff" uid="101433" lat="39.3126850" lon="-119.7952389"/>
 <node id="364606313" visible="true" version="4" changeset="107865472" timestamp="2021-07-12T22:57:35Z" user="larz86" uid="8127210" lat="39.3122640" lon="-119.7946521"/>
 <node id="364606314" visible="true" version="3" changeset="846531" timestamp="2009-03-22T04:45:07Z" user="abschiff" uid="101433" lat="39.3119213" lon="-119.7943806"/>
 <node id="364606315" visible="true" version="3" changeset="846531" timestamp="2009-03-22T04:45:07Z" user="abschiff" uid="101433" lat="39.3114564" lon="-119.7942518"/>
 <node id="364606316" visible="true" version="3" changeset="846531" timestamp="2009-03-22T04:45:07Z" user="abschiff" uid="101433" lat="39.3106927" lon="-119.7938227"/>
 <node id="364606317" visible="true" version="3" changeset="846531" timestamp="2009-03-22T04:45:07Z" user="abschiff" uid="101433" lat="39.3096634" lon="-119.7939085"/>
 <node id="364606318" visible="true" version="3" changeset="846531" timestamp="2009-03-22T04:45:07Z" user="abschiff" uid="101433" lat="39.3087336" lon="-119.7934794"/>
 <node id="364606319" visible="true" version="3" changeset="846531" timestamp="2009-03-22T04:45:07Z" user="abschiff" uid="101433" lat="39.3084348" lon="-119.7931789"/>
 <node id="364606320" visible="true" version="3" changeset="846531" timestamp="2009-03-22T04:45:07Z" user="abschiff" uid="101433" lat="39.3076711" lon="-119.7930502"/>
 <node id="364606321" visible="true" version="3" changeset="846531" timestamp="2009-03-22T04:45:08Z" user="abschiff" uid="101433" lat="39.3070733" lon="-119.7929215"/>
 <node id="364606322" visible="true" version="3" changeset="846531" timestamp="2009-03-22T04:45:08Z" user="abschiff" uid="101433" lat="39.3073722" lon="-119.7933935"/>
 <node id="364606324" visible="true" version="3" changeset="846531" timestamp="2009-03-22T04:45:08Z" user="abschiff" uid="101433" lat="39.3082688" lon="-119.7935652"/>
 <node id="364606325" visible="true" version="3" changeset="846531" timestamp="2009-03-22T04:45:08Z" user="abschiff" uid="101433" lat="39.3083020" lon="-119.7938227"/>
 <node id="364606326" visible="true" version="3" changeset="846531" timestamp="2009-03-22T04:45:08Z" user="abschiff" uid="101433" lat="39.3072726" lon="-119.7938656"/>
 <node id="364606327" visible="true" version="3" changeset="846531" timestamp="2009-03-22T04:45:08Z" user="abschiff" uid="101433" lat="39.3068077" lon="-119.7936939"/>
 <node id="364606328" visible="true" version="3" changeset="846531" timestamp="2009-03-22T04:45:08Z" user="abschiff" uid="101433" lat="39.3064092" lon="-119.7932648"/>
 <node id="364606329" visible="true" version="3" changeset="846531" timestamp="2009-03-22T04:45:08Z" user="abschiff" uid="101433" lat="39.3058779" lon="-119.7931789"/>
 <node id="364606331" visible="true" version="3" changeset="846531" timestamp="2009-03-22T04:45:08Z" user="abschiff" uid="101433" lat="39.3052138" lon="-119.7925781"/>
 <node id="364606332" visible="true" version="3" changeset="846531" timestamp="2009-03-22T04:45:08Z" user="abschiff" uid="101433" lat="39.3045828" lon="-119.7921919"/>
 <node id="364606333" visible="true" version="3" changeset="846531" timestamp="2009-03-22T04:45:08Z" user="abschiff" uid="101433" lat="39.3040515" lon="-119.7920202"/>
 <node id="364606335" visible="true" version="3" changeset="846531" timestamp="2009-03-22T04:45:08Z" user="abschiff" uid="101433" lat="39.3035534" lon="-119.7916769"/>
 <node id="364606336" visible="true" version="3" changeset="846531" timestamp="2009-03-22T04:45:08Z" user="abschiff" uid="101433" lat="39.3031881" lon="-119.7916769"/>
 <node id="364606337" visible="true" version="3" changeset="846531" timestamp="2009-03-22T04:45:08Z" user="abschiff" uid="101433" lat="39.3029224" lon="-119.7914623"/>
 <node id="364606338" visible="true" version="3" changeset="846531" timestamp="2009-03-22T04:45:08Z" user="abschiff" uid="101433" lat="39.3026568" lon="-119.7909903"/>
 <node id="364606339" visible="true" version="3" changeset="846531" timestamp="2009-03-22T04:45:08Z" user="abschiff" uid="101433" lat="39.3023579" lon="-119.7911190"/>
 <node id="364606340" visible="true" version="3" changeset="846531" timestamp="2009-03-22T04:45:08Z" user="abschiff" uid="101433" lat="39.3019594" lon="-119.7915911"/>
 <node id="364606342" visible="true" version="3" changeset="846531" timestamp="2009-03-22T04:45:08Z" user="abschiff" uid="101433" lat="39.3015277" lon="-119.7916340"/>
 <node id="364606343" visible="true" version="3" changeset="846531" timestamp="2009-03-22T04:45:08Z" user="abschiff" uid="101433" lat="39.3006974" lon="-119.7910332"/>
 <node id="364606344" visible="true" version="3" changeset="846531" timestamp="2009-03-22T04:45:08Z" user="abschiff" uid="101433" lat="39.3000665" lon="-119.7910332"/>
 <node id="364606345" visible="true" version="3" changeset="846531" timestamp="2009-03-22T04:45:08Z" user="abschiff" uid="101433" lat="39.2995351" lon="-119.7912478"/>
 <node id="364606346" visible="true" version="3" changeset="846531" timestamp="2009-03-22T04:45:08Z" user="abschiff" uid="101433" lat="39.2990370" lon="-119.7916340"/>
 <node id="364606347" visible="true" version="3" changeset="846531" timestamp="2009-03-22T04:45:08Z" user="abschiff" uid="101433" lat="39.2986717" lon="-119.7913336"/>
 <node id="364606348" visible="true" version="3" changeset="846531" timestamp="2009-03-22T04:45:09Z" user="abschiff" uid="101433" lat="39.2981403" lon="-119.7911619"/>
 <node id="364606349" visible="true" version="3" changeset="846531" timestamp="2009-03-22T04:45:09Z" user="abschiff" uid="101433" lat="39.2976421" lon="-119.7913765"/>
 <node id="364606350" visible="true" version="3" changeset="846531" timestamp="2009-03-22T04:45:09Z" user="abschiff" uid="101433" lat="39.2973764" lon="-119.7918486"/>
 <node id="364606351" visible="true" version="3" changeset="846531" timestamp="2009-03-22T04:45:09Z" user="abschiff" uid="101433" lat="39.2971772" lon="-119.7924494"/>
 <node id="364606353" visible="true" version="3" changeset="846531" timestamp="2009-03-22T04:45:09Z" user="abschiff" uid="101433" lat="39.2968119" lon="-119.7927069"/>
 <node id="364606354" visible="true" version="3" changeset="846531" timestamp="2009-03-22T04:45:09Z" user="abschiff" uid="101433" lat="39.2961476" lon="-119.7927498"/>
 <node id="364606355" visible="true" version="3" changeset="846531" timestamp="2009-03-22T04:45:09Z" user="abschiff" uid="101433" lat="39.2952841" lon="-119.7923636"/>
 <node id="364606356" visible="true" version="3" changeset="846531" timestamp="2009-03-22T04:45:09Z" user="abschiff" uid="101433" lat="39.2944538" lon="-119.7919773"/>
 <node id="364606357" visible="true" version="3" changeset="846531" timestamp="2009-03-22T04:45:09Z" user="abschiff" uid="101433" lat="39.2939556" lon="-119.7921061"/>
 <node id="364606358" visible="true" version="3" changeset="846531" timestamp="2009-03-22T04:45:09Z" user="abschiff" uid="101433" lat="39.2942546" lon="-119.7924923"/>
 <node id="364606359" visible="true" version="3" changeset="846531" timestamp="2009-03-22T04:45:09Z" user="abschiff" uid="101433" lat="39.2940885" lon="-119.7929215"/>
 <node id="364606360" visible="true" version="3" changeset="846531" timestamp="2009-03-22T04:45:09Z" user="abschiff" uid="101433" lat="39.2938228" lon="-119.7932648"/>
 <node id="364606361" visible="true" version="3" changeset="846531" timestamp="2009-03-22T04:45:09Z" user="abschiff" uid="101433" lat="39.2931585" lon="-119.7933935"/>
 <node id="364606362" visible="true" version="3" changeset="846531" timestamp="2009-03-22T04:45:09Z" user="abschiff" uid="101433" lat="39.2920293" lon="-119.7936081"/>
 <node id="364606363" visible="true" version="4" changeset="104789582" timestamp="2021-05-17T01:15:24Z" user="larz86" uid="8127210" lat="39.2910892" lon="-119.7935148"/>
 <node id="364606364" visible="true" version="3" changeset="846531" timestamp="2009-03-22T04:45:09Z" user="abschiff" uid="101433" lat="39.2901361" lon="-119.7942518"/>
 <node id="364606366" visible="true" version="3" changeset="846531" timestamp="2009-03-22T04:45:09Z" user="abschiff" uid="101433" lat="39.2893722" lon="-119.7943377"/>
 <node id="364606367" visible="true" version="3" changeset="846531" timestamp="2009-03-22T04:45:09Z" user="abschiff" uid="101433" lat="39.2885750" lon="-119.7942518"/>
 <node id="364606368" visible="true" version="3" changeset="846531" timestamp="2009-03-22T04:45:09Z" user="abschiff" uid="101433" lat="39.2877446" lon="-119.7939514"/>
 <node id="364606370" visible="true" version="3" changeset="846531" timestamp="2009-03-22T04:45:09Z" user="abschiff" uid="101433" lat="39.2870139" lon="-119.7940802"/>
 <node id="364606371" visible="true" version="3" changeset="846531" timestamp="2009-03-22T04:45:09Z" user="abschiff" uid="101433" lat="39.2866485" lon="-119.7947239"/>
 <node id="364606372" visible="true" version="3" changeset="846531" timestamp="2009-03-22T04:45:09Z" user="abschiff" uid="101433" lat="39.2862831" lon="-119.7954535"/>
 <node id="364606373" visible="true" version="3" changeset="846531" timestamp="2009-03-22T04:45:09Z" user="abschiff" uid="101433" lat="39.2858181" lon="-119.7955822"/>
 <node id="364606374" visible="true" version="3" changeset="846531" timestamp="2009-03-22T04:45:09Z" user="abschiff" uid="101433" lat="39.2850209" lon="-119.7955822"/>
 <node id="364606375" visible="true" version="4" changeset="123817718" timestamp="2022-07-19T17:15:01Z" user="VLD198" uid="15706132" lat="39.2844583" lon="-119.7958397"/>
 <node id="364606376" visible="true" version="3" changeset="846531" timestamp="2009-03-22T04:45:09Z" user="abschiff" uid="101433" lat="39.2841573" lon="-119.7962259"/>
 <node id="364606377" visible="true" version="3" changeset="846531" timestamp="2009-03-22T04:45:09Z" user="abschiff" uid="101433" lat="39.2835261" lon="-119.7959255"/>
 <node id="364606378" visible="true" version="3" changeset="846531" timestamp="2009-03-22T04:45:09Z" user="abschiff" uid="101433" lat="39.2826957" lon="-119.7957539"/>
 <node id="364606379" visible="true" version="3" changeset="846531" timestamp="2009-03-22T04:45:09Z" user="abschiff" uid="101433" lat="39.2825960" lon="-119.7963976"/>
 <node id="364606381" visible="true" version="3" changeset="846531" timestamp="2009-03-22T04:45:10Z" user="abschiff" uid="101433" lat="39.2830943" lon="-119.7968697"/>
 <node id="364606382" visible="true" version="3" changeset="846531" timestamp="2009-03-22T04:45:10Z" user="abschiff" uid="101433" lat="39.2837587" lon="-119.7969555"/>
 <node id="364606383" visible="true" version="3" changeset="846531" timestamp="2009-03-22T04:45:10Z" user="abschiff" uid="101433" lat="39.2837919" lon="-119.7972130"/>
 <node id="364606384" visible="true" version="3" changeset="846531" timestamp="2009-03-22T04:45:10Z" user="abschiff" uid="101433" lat="39.2831940" lon="-119.7978138"/>
 <node id="364606385" visible="true" version="3" changeset="846531" timestamp="2009-03-22T04:45:10Z" user="abschiff" uid="101433" lat="39.2826625" lon="-119.7978567"/>
 <node id="364606386" visible="true" version="3" changeset="846531" timestamp="2009-03-22T04:45:10Z" user="abschiff" uid="101433" lat="39.2818985" lon="-119.7984575"/>
 <node id="364606387" visible="true" version="3" changeset="846531" timestamp="2009-03-22T04:45:10Z" user="abschiff" uid="101433" lat="39.2815331" lon="-119.7986721"/>
 <node id="364606388" visible="true" version="3" changeset="846531" timestamp="2009-03-22T04:45:10Z" user="abschiff" uid="101433" lat="39.2813338" lon="-119.7993588"/>
 <node id="364606389" visible="true" version="4" changeset="123817718" timestamp="2022-07-19T17:15:01Z" user="VLD198" uid="15706132" lat="39.2808251" lon="-119.7998120"/>
 <node id="364606390" visible="true" version="4" changeset="123817718" timestamp="2022-07-19T17:15:01Z" user="VLD198" uid="15706132" lat="39.2801213" lon="-119.7995680"/>
 <node id="364606392" visible="true" version="4" changeset="123817718" timestamp="2022-07-19T17:15:01Z" user="VLD198" uid="15706132" lat="39.2797600" lon="-119.7986721"/>
 <node id="364606393" visible="true" version="3" changeset="846531" timestamp="2009-03-22T04:45:10Z" user="abschiff" uid="101433" lat="39.2794071" lon="-119.7978996"/>
 <node id="364606394" visible="true" version="3" changeset="846531" timestamp="2009-03-22T04:45:10Z" user="abschiff" uid="101433" lat="39.2786762" lon="-119.7976851"/>
 <node id="364606395" visible="true" version="3" changeset="846531" timestamp="2009-03-22T04:45:10Z" user="abschiff" uid="101433" lat="39.2779454" lon="-119.7971272"/>
 <node id="364606396" visible="true" version="3" changeset="846531" timestamp="2009-03-22T04:45:10Z" user="abschiff" uid="101433" lat="39.2771813" lon="-119.7956680"/>
 <node id="364606397" visible="true" version="3" changeset="846531" timestamp="2009-03-22T04:45:10Z" user="abschiff" uid="101433" lat="39.2762179" lon="-119.7935652"/>
 <node id="364606398" visible="true" version="3" changeset="846531" timestamp="2009-03-22T04:45:10Z" user="abschiff" uid="101433" lat="39.2757528" lon="-119.7926210"/>
 <node id="364606399" visible="true" version="3" changeset="846531" timestamp="2009-03-22T04:45:10Z" user="abschiff" uid="101433" lat="39.2747894" lon="-119.7910332"/>
 <node id="364606400" visible="true" version="3" changeset="846531" timestamp="2009-03-22T04:45:10Z" user="abschiff" uid="101433" lat="39.2727296" lon="-119.7881149"/>
 <node id="364606401" visible="true" version="3" changeset="846531" timestamp="2009-03-22T04:45:10Z" user="abschiff" uid="101433" lat="39.2711682" lon="-119.7861408"/>
 <node id="364606402" visible="true" version="3" changeset="846531" timestamp="2009-03-22T04:45:10Z" user="abschiff" uid="101433" lat="39.2693409" lon="-119.7840380"/>
 <node id="364606403" visible="true" version="3" changeset="846531" timestamp="2009-03-22T04:45:10Z" user="abschiff" uid="101433" lat="39.2666164" lon="-119.7813772"/>
 <node id="364606404" visible="true" version="3" changeset="846531" timestamp="2009-03-22T04:45:10Z" user="abschiff" uid="101433" lat="39.2633935" lon="-119.7785877"/>
 <node id="364606407" visible="true" version="3" changeset="846531" timestamp="2009-03-22T04:45:10Z" user="abschiff" uid="101433" lat="39.2594061" lon="-119.7756695"/>
 <node id="364606408" visible="true" version="3" changeset="846531" timestamp="2009-03-22T04:45:10Z" user="abschiff" uid="101433" lat="39.2562161" lon="-119.7738670"/>
 <node id="364606409" visible="true" version="3" changeset="846531" timestamp="2009-03-22T04:45:10Z" user="abschiff" uid="101433" lat="39.2524942" lon="-119.7719359"/>
 <node id="364606410" visible="true" version="3" changeset="846531" timestamp="2009-03-22T04:45:10Z" user="abschiff" uid="101433" lat="39.2493038" lon="-119.7706484"/>
 <node id="364606411" visible="true" version="3" changeset="846531" timestamp="2009-03-22T04:45:10Z" user="abschiff" uid="101433" lat="39.2457145" lon="-119.7696613"/>
 <node id="364606412" visible="true" version="3" changeset="846531" timestamp="2009-03-22T04:45:10Z" user="abschiff" uid="101433" lat="39.2429892" lon="-119.7692751"/>
 <node id="364606413" visible="true" version="3" changeset="846531" timestamp="2009-03-22T04:45:10Z" user="abschiff" uid="101433" lat="39.2403966" lon="-119.7691893"/>
 <node id="364606414" visible="true" version="3" changeset="846531" timestamp="2009-03-22T04:45:10Z" user="abschiff" uid="101433" lat="39.2387347" lon="-119.7694038"/>
 <node id="364606416" visible="true" version="3" changeset="846531" timestamp="2009-03-22T04:45:10Z" user="abschiff" uid="101433" lat="39.2372057" lon="-119.7698330"/>
 <node id="364606417" visible="true" version="3" changeset="846531" timestamp="2009-03-22T04:45:10Z" user="abschiff" uid="101433" lat="39.2366074" lon="-119.7703480"/>
 <node id="364606418" visible="true" version="3" changeset="846531" timestamp="2009-03-22T04:45:10Z" user="abschiff" uid="101433" lat="39.2362418" lon="-119.7711205"/>
 <node id="364606419" visible="true" version="3" changeset="846531" timestamp="2009-03-22T04:45:11Z" user="abschiff" uid="101433" lat="39.2360756" lon="-119.7724079"/>
 <node id="364606420" visible="true" version="3" changeset="846531" timestamp="2009-03-22T04:45:11Z" user="abschiff" uid="101433" lat="39.2360091" lon="-119.7734379"/>
 <node id="364606642" visible="true" version="2" changeset="846531" timestamp="2009-03-22T04:45:11Z" user="abschiff" uid="101433" lat="39.2357432" lon="-119.7749828"/>
 <node id="364606643" visible="true" version="2" changeset="846531" timestamp="2009-03-22T04:45:11Z" user="abschiff" uid="101433" lat="39.2353443" lon="-119.7757982"/>
 <node id="364606645" visible="true" version="2" changeset="846531" timestamp="2009-03-22T04:45:11Z" user="abschiff" uid="101433" lat="39.2347127" lon="-119.7763990"/>
 <node id="364606646" visible="true" version="2" changeset="846531" timestamp="2009-03-22T04:45:11Z" user="abschiff" uid="101433" lat="39.2340479" lon="-119.7767853"/>
 <node id="364606647" visible="true" version="2" changeset="846531" timestamp="2009-03-22T04:45:11Z" user="abschiff" uid="101433" lat="39.2336823" lon="-119.7771715"/>
 <node id="364606648" visible="true" version="2" changeset="846531" timestamp="2009-03-22T04:45:11Z" user="abschiff" uid="101433" lat="39.2334496" lon="-119.7777723"/>
 <node id="364606649" visible="true" version="2" changeset="846531" timestamp="2009-03-22T04:45:11Z" user="abschiff" uid="101433" lat="39.2333831" lon="-119.7787594"/>
 <node id="364606650" visible="true" version="2" changeset="846531" timestamp="2009-03-22T04:45:11Z" user="abschiff" uid="101433" lat="39.2330174" lon="-119.7797894"/>
 <node id="364606651" visible="true" version="2" changeset="846531" timestamp="2009-03-22T04:45:11Z" user="abschiff" uid="101433" lat="39.2322529" lon="-119.7811197"/>
 <node id="364606652" visible="true" version="2" changeset="846531" timestamp="2009-03-22T04:45:11Z" user="abschiff" uid="101433" lat="39.2315881" lon="-119.7819351"/>
 <node id="364606654" visible="true" version="2" changeset="846531" timestamp="2009-03-22T04:45:11Z" user="abschiff" uid="101433" lat="39.2311559" lon="-119.7835659"/>
 <node id="364606655" visible="true" version="2" changeset="846531" timestamp="2009-03-22T04:45:11Z" user="abschiff" uid="101433" lat="39.2310894" lon="-119.7843813"/>
 <node id="364606656" visible="true" version="2" changeset="846531" timestamp="2009-03-22T04:45:11Z" user="abschiff" uid="101433" lat="39.2312224" lon="-119.7849821"/>
 <node id="439798150" visible="true" version="2" changeset="165256651" timestamp="2025-04-21T20:09:54Z" user="idkwhatname2use" uid="16305471" lat="39.2443308" lon="-119.7521468"/>
 <node id="439798188" visible="true" version="2" changeset="165256651" timestamp="2025-04-21T20:09:54Z" user="idkwhatname2use" uid="16305471" lat="39.2298448" lon="-119.7520883"/>
 <node id="850445020" visible="true" version="7" changeset="143382336" timestamp="2023-10-30T19:12:17Z" user="Joseph R P" uid="10944197" lat="39.2471436" lon="-119.8132278"/>
 <node id="3005116993" visible="true" version="1" changeset="24618221" timestamp="2014-08-08T15:29:35Z" user="maxerickson" uid="360392" lat="39.2438733" lon="-119.8135109"/>
 <node id="3101316758" visible="true" version="1" changeset="25737701" timestamp="2014-09-29T02:23:52Z" user="123maps" uid="542575" lat="39.2459984" lon="-119.7697394"/>
 <node id="4111136613" visible="true" version="5" changeset="72187005" timestamp="2019-07-12T18:21:38Z" user="user_1282393" uid="1282393" lat="39.2471371" lon="-119.8153477"/>
 <node id="4111142224" visible="true" version="5" changeset="143382336" timestamp="2023-10-30T19:12:17Z" user="Joseph R P" uid="10944197" lat="39.2471403" lon="-119.8143148"/>
 <node id="4111156796" visible="true" version="4" changeset="143382336" timestamp="2023-10-30T19:12:17Z" user="Joseph R P" uid="10944197" lat="39.2471355" lon="-119.8156540">
  <tag k="barrier" v="cattle_grid"/>
  <tag k="source" v="Bing"/>
 </node>
 <node id="4797570113" visible="true" version="2" changeset="55250403" timestamp="2018-01-08T00:09:58Z" user="user_1282393" uid="1282393" lat="39.2870099" lon="-119.8219636"/>
 <node id="5326316852" visible="true" version="2" changeset="55250403" timestamp="2018-01-08T00:02:08Z" user="user_1282393" uid="1282393" lat="39.2463201" lon="-119.8142218"/>
 <node id="5326316854" visible="true" version="2" changeset="55250403" timestamp="2018-01-08T00:02:08Z" user="user_1282393" uid="1282393" lat="39.2469493" lon="-119.8152977"/>
 <node id="5326316855" visible="true" version="2" changeset="55250403" timestamp="2018-01-08T00:02:08Z" user="user_1282393" uid="1282393" lat="39.2465937" lon="-119.8147631"/>
 <node id="5326316856" visible="true" version="2" changeset="55250403" timestamp="2018-01-08T00:02:08Z" user="user_1282393" uid="1282393" lat="39.2468175" lon="-119.8152118"/>
 <node id="5326316857" visible="true" version="2" changeset="55250403" timestamp="2018-01-08T00:02:08Z" user="user_1282393" uid="1282393" lat="39.2461989" lon="-119.8140769"/>
 <node id="5326316858" visible="true" version="2" changeset="55250403" timestamp="2018-01-08T00:02:08Z" user="user_1282393" uid="1282393" lat="39.2467359" lon="-119.8150877"/>
 <node id="5326316859" visible="true" version="2" changeset="55250403" timestamp="2018-01-08T00:02:08Z" user="user_1282393" uid="1282393" lat="39.2464730" lon="-119.8144711"/>
 <node id="5326316860" visible="true" version="2" changeset="55250403" timestamp="2018-01-08T00:02:08Z" user="user_1282393" uid="1282393" lat="39.2460501" lon="-119.8139536"/>
 <node id="5326316861" visible="true" version="2" changeset="55250403" timestamp="2018-01-08T00:02:08Z" user="user_1282393" uid="1282393" lat="39.2458600" lon="-119.8138501"/>
 <node id="5326319360" visible="true" version="1" changeset="55250403" timestamp="2018-01-08T00:02:08Z" user="user_1282393" uid="1282393" lat="39.2448277" lon="-119.8135686"/>
 <node id="5326319361" visible="true" version="1" changeset="55250403" timestamp="2018-01-08T00:02:08Z" user="user_1282393" uid="1282393" lat="39.2454736" lon="-119.8137345"/>
 <node id="5326329628" visible="true" version="1" changeset="55250403" timestamp="2018-01-08T00:09:57Z" user="user_1282393" uid="1282393" lat="39.2434313" lon="-119.8127481"/>
 <node id="5330296332" visible="true" version="1" changeset="55309200" timestamp="2018-01-10T01:59:13Z" user="user_1282393" uid="1282393" lat="39.2178541" lon="-119.8077236"/>
 <node id="5330296333" visible="true" version="1" changeset="55309200" timestamp="2018-01-10T01:59:13Z" user="user_1282393" uid="1282393" lat="39.2356805" lon="-119.8115798"/>
 <node id="5330296334" visible="true" version="1" changeset="55309200" timestamp="2018-01-10T01:59:14Z" user="user_1282393" uid="1282393" lat="39.2163556" lon="-119.8073996"/>
 <node id="5330296335" visible="true" version="1" changeset="55309200" timestamp="2018-01-10T01:59:14Z" user="user_1282393" uid="1282393" lat="39.2429441" lon="-119.8131039"/>
 <node id="5330296336" visible="true" version="1" changeset="55309200" timestamp="2018-01-10T01:59:14Z" user="user_1282393" uid="1282393" lat="39.2295551" lon="-119.8103042"/>
 <node id="5330296337" visible="true" version="1" changeset="55309200" timestamp="2018-01-10T01:59:14Z" user="user_1282393" uid="1282393" lat="39.2374179" lon="-119.8119451"/>
 <node id="5330296338" visible="true" version="1" changeset="55309200" timestamp="2018-01-10T01:59:14Z" user="user_1282393" uid="1282393" lat="39.2215017" lon="-119.8085068"/>
 <node id="5330296339" visible="true" version="1" changeset="55309200" timestamp="2018-01-10T01:59:14Z" user="user_1282393" uid="1282393" lat="39.2436984" lon="-119.8132659"/>
 <node id="5330296340" visible="true" version="1" changeset="55309200" timestamp="2018-01-10T01:59:14Z" user="user_1282393" uid="1282393" lat="39.2227109" lon="-119.8087584"/>
 <node id="5330296341" visible="true" version="6" changeset="90810434" timestamp="2020-09-13T06:02:22Z" user="user_1282393" uid="1282393" lat="39.2157501" lon="-119.8072772">
  <tag k="highway" v="motorway_junction"/>
  <tag k="old_ref" v="42;44"/>
  <tag k="ref" v="10"/>
 </node>
 <node id="5330296342" visible="true" version="1" changeset="55309200" timestamp="2018-01-10T01:59:14Z" user="user_1282393" uid="1282393" lat="39.2266881" lon="-119.8096921"/>
 <node id="5330299757" visible="true" version="1" changeset="55309200" timestamp="2018-01-10T02:02:15Z" user="user_1282393" uid="1282393" lat="39.2444560" lon="-119.8134291"/>
 <node id="5330309078" visible="true" version="6" changeset="90810434" timestamp="2020-09-13T06:02:22Z" user="user_1282393" uid="1282393" lat="39.2431757" lon="-119.8127531">
  <tag k="highway" v="motorway_junction"/>
  <tag k="old_ref" v="44;46"/>
  <tag k="ref" v="12"/>
 </node>
 <node id="7412563766" visible="true" version="1" changeset="83668875" timestamp="2020-04-16T21:28:25Z" user="larz86" uid="8127210" lat="39.2480311" lon="-119.7702984"/>
 <node id="7412563767" visible="true" version="1" changeset="83668875" timestamp="2020-04-16T21:28:25Z" user="larz86" uid="8127210" lat="39.2547574" lon="-119.7731101"/>
 <node id="7412563768" visible="true" version="1" changeset="83668875" timestamp="2020-04-16T21:28:25Z" user="larz86" uid="8127210" lat="39.2577718" lon="-119.7747461"/>
 <node id="7412563769" visible="true" version="1" changeset="83668875" timestamp="2020-04-16T21:28:25Z" user="larz86" uid="8127210" lat="39.2618570" lon="-119.7774632"/>
 <node id="7412563770" visible="true" version="1" changeset="83668875" timestamp="2020-04-16T21:28:25Z" user="larz86" uid="8127210" lat="39.2637242" lon="-119.7788739"/>
 <node id="7412563771" visible="true" version="1" changeset="83668875" timestamp="2020-04-16T21:28:25Z" user="larz86" uid="8127210" lat="39.2645490" lon="-119.7795878"/>
 <node id="7412563772" visible="true" version="1" changeset="83668875" timestamp="2020-04-16T21:28:25Z" user="larz86" uid="8127210" lat="39.2651806" lon="-119.7801345"/>
 <node id="7412563773" visible="true" version="1" changeset="83668875" timestamp="2020-04-16T21:28:25Z" user="larz86" uid="8127210" lat="39.2671119" lon="-119.7818611"/>
 <node id="7412563774" visible="true" version="1" changeset="83668875" timestamp="2020-04-16T21:28:25Z" user="larz86" uid="8127210" lat="39.2675555" lon="-119.7822943"/>
 <node id="7412571505" visible="true" version="1" changeset="83668875" timestamp="2020-04-16T21:28:25Z" user="larz86" uid="8127210" lat="39.2682843" lon="-119.7830061"/>
 <node id="7412571506" visible="true" version="1" changeset="83668875" timestamp="2020-04-16T21:28:25Z" user="larz86" uid="8127210" lat="39.2689468" lon="-119.7836531"/>
 <node id="7412571507" visible="true" version="1" changeset="83668875" timestamp="2020-04-16T21:28:25Z" user="larz86" uid="8127210" lat="39.2696433" lon="-119.7843860"/>
 <node id="7412571508" visible="true" version="1" changeset="83668875" timestamp="2020-04-16T21:28:25Z" user="larz86" uid="8127210" lat="39.2703076" lon="-119.7851504"/>
 <node id="7412571509" visible="true" version="1" changeset="83668875" timestamp="2020-04-16T21:28:25Z" user="larz86" uid="8127210" lat="39.2732231" lon="-119.7888140"/>
 <node id="7412571510" visible="true" version="1" changeset="83668875" timestamp="2020-04-16T21:28:25Z" user="larz86" uid="8127210" lat="39.2739863" lon="-119.7898953"/>
 <node id="7412571511" visible="true" version="1" changeset="83668875" timestamp="2020-04-16T21:28:25Z" user="larz86" uid="8127210" lat="39.2744101" lon="-119.7904958"/>
 <node id="7412571512" visible="true" version="1" changeset="83668875" timestamp="2020-04-16T21:28:25Z" user="larz86" uid="8127210" lat="39.2755126" lon="-119.7922251"/>
 <node id="8163321988" visible="true" version="1" changeset="94747333" timestamp="2020-11-25T05:40:25Z" user="BryanOSullivan" uid="10729167" lat="39.2471597" lon="-119.8102939"/>
 <node id="8163321989" visible="true" version="1" changeset="94747333" timestamp="2020-11-25T05:40:25Z" user="BryanOSullivan" uid="10729167" lat="39.2470839" lon="-119.8095371"/>
 <node id="8163321990" visible="true" version="1" changeset="94747333" timestamp="2020-11-25T05:40:25Z" user="BryanOSullivan" uid="10729167" lat="39.2470828" lon="-119.8091226"/>
 <node id="8163321991" visible="true" version="1" changeset="94747333" timestamp="2020-11-25T05:40:25Z" user="BryanOSullivan" uid="10729167" lat="39.2471012" lon="-119.8089028"/>
 <node id="8163321992" visible="true" version="1" changeset="94747333" timestamp="2020-11-25T05:40:25Z" user="BryanOSullivan" uid="10729167" lat="39.2471631" lon="-119.8086864"/>
 <node id="8163321993" visible="true" version="1" changeset="94747333" timestamp="2020-11-25T05:40:25Z" user="BryanOSullivan" uid="10729167" lat="39.2471674" lon="-119.8082104"/>
 <node id="8163321994" visible="true" version="1" changeset="94747333" timestamp="2020-11-25T05:40:25Z" user="BryanOSullivan" uid="10729167" lat="39.2472024" lon="-119.8078725"/>
 <node id="8163321995" visible="true" version="1" changeset="94747333" timestamp="2020-11-25T05:40:25Z" user="BryanOSullivan" uid="10729167" lat="39.2472503" lon="-119.8103192"/>
 <node id="8163321996" visible="true" version="1" changeset="94747333" timestamp="2020-11-25T05:40:25Z" user="BryanOSullivan" uid="10729167" lat="39.2473219" lon="-119.8104446"/>
 <node id="8163321997" visible="true" version="1" changeset="94747333" timestamp="2020-11-25T05:40:25Z" user="BryanOSullivan" uid="10729167" lat="39.2473453" lon="-119.8107356"/>
 <node id="8163321998" visible="true" version="1" changeset="94747333" timestamp="2020-11-25T05:40:25Z" user="BryanOSullivan" uid="10729167" lat="39.2474074" lon="-119.8111550"/>
 <node id="8163321999" visible="true" version="1" changeset="94747333" timestamp="2020-11-25T05:40:25Z" user="BryanOSullivan" uid="10729167" lat="39.2474952" lon="-119.8113743"/>
 <node id="8163322000" visible="true" version="1" changeset="94747333" timestamp="2020-11-25T05:40:25Z" user="BryanOSullivan" uid="10729167" lat="39.2477216" lon="-119.8116095"/>
 <node id="8163322001" visible="true" version="1" changeset="94747333" timestamp="2020-11-25T05:40:25Z" user="BryanOSullivan" uid="10729167" lat="39.2480097" lon="-119.8117738"/>
 <node id="8163322002" visible="true" version="1" changeset="94747333" timestamp="2020-11-25T05:40:25Z" user="BryanOSullivan" uid="10729167" lat="39.2482113" lon="-119.8117956"/>
 <node id="8163322003" visible="true" version="1" changeset="94747333" timestamp="2020-11-25T05:40:25Z" user="BryanOSullivan" uid="10729167" lat="39.2482913" lon="-119.8117852"/>
 <node id="8163322004" visible="true" version="1" changeset="94747333" timestamp="2020-11-25T05:40:25Z" user="BryanOSullivan" uid="10729167" lat="39.2483835" lon="-119.8117083"/>
 <node id="8163322005" visible="true" version="1" changeset="94747333" timestamp="2020-11-25T05:40:25Z" user="BryanOSullivan" uid="10729167" lat="39.2484972" lon="-119.8116742"/>
 <node id="8163322006" visible="true" version="1" changeset="94747333" timestamp="2020-11-25T05:40:25Z" user="BryanOSullivan" uid="10729167" lat="39.2486162" lon="-119.8116922"/>
 <node id="8163322007" visible="true" version="1" changeset="94747333" timestamp="2020-11-25T05:40:25Z" user="BryanOSullivan" uid="10729167" lat="39.2467904" lon="-119.8107892"/>
 <node id="8163322008" visible="true" version="1" changeset="94747333" timestamp="2020-11-25T05:40:25Z" user="BryanOSullivan" uid="10729167" lat="39.2467310" lon="-119.8105215"/>
 <node id="8163322009" visible="true" version="1" changeset="94747333" timestamp="2020-11-25T05:40:25Z" user="BryanOSullivan" uid="10729167" lat="39.2466517" lon="-119.8103733"/>
 <node id="8163322010" visible="true" version="1" changeset="94747333" timestamp="2020-11-25T05:40:25Z" user="BryanOSullivan" uid="10729167" lat="39.2464984" lon="-119.8100580"/>
 <node id="8163322011" visible="true" version="1" changeset="94747333" timestamp="2020-11-25T05:40:25Z" user="BryanOSullivan" uid="10729167" lat="39.2463660" lon="-119.8097832"/>
 <node id="8163322012" visible="true" version="1" changeset="94747333" timestamp="2020-11-25T05:40:25Z" user="BryanOSullivan" uid="10729167" lat="39.2462809" lon="-119.8095617"/>
 <node id="8163322013" visible="true" version="1" changeset="94747333" timestamp="2020-11-25T05:40:25Z" user="BryanOSullivan" uid="10729167" lat="39.2462075" lon="-119.8091993"/>
 <node id="8163322014" visible="true" version="1" changeset="94747333" timestamp="2020-11-25T05:40:25Z" user="BryanOSullivan" uid="10729167" lat="39.2461168" lon="-119.8088698"/>
 <node id="8163322015" visible="true" version="1" changeset="94747333" timestamp="2020-11-25T05:40:25Z" user="BryanOSullivan" uid="10729167" lat="39.2460071" lon="-119.8085331"/>
 <node id="8163322016" visible="true" version="1" changeset="94747333" timestamp="2020-11-25T05:40:25Z" user="BryanOSullivan" uid="10729167" lat="39.2458834" lon="-119.8081088"/>
 <node id="8163335417" visible="true" version="1" changeset="94747333" timestamp="2020-11-25T05:40:25Z" user="BryanOSullivan" uid="10729167" lat="39.2458085" lon="-119.8076725"/>
 <node id="8163335418" visible="true" version="1" changeset="94747333" timestamp="2020-11-25T05:40:25Z" user="BryanOSullivan" uid="10729167" lat="39.2457495" lon="-119.8073920"/>
 <node id="8163335419" visible="true" version="1" changeset="94747333" timestamp="2020-11-25T05:40:25Z" user="BryanOSullivan" uid="10729167" lat="39.2457622" lon="-119.8072311"/>
 <node id="8163335420" visible="true" version="1" changeset="94747333" timestamp="2020-11-25T05:40:25Z" user="BryanOSullivan" uid="10729167" lat="39.2458217" lon="-119.8071787"/>
 <node id="8163335421" visible="true" version="1" changeset="94747333" timestamp="2020-11-25T05:40:25Z" user="BryanOSullivan" uid="10729167" lat="39.2459300" lon="-119.8071634"/>
 <node id="8163335422" visible="true" version="1" changeset="94747333" timestamp="2020-11-25T05:40:25Z" user="BryanOSullivan" uid="10729167" lat="39.2461022" lon="-119.8072137"/>
 <node id="8163335423" visible="true" version="1" changeset="94747333" timestamp="2020-11-25T05:40:25Z" user="BryanOSullivan" uid="10729167" lat="39.2464242" lon="-119.8073872"/>
 <node id="8163335424" visible="true" version="1" changeset="94747333" timestamp="2020-11-25T05:40:25Z" user="BryanOSullivan" uid="10729167" lat="39.2466823" lon="-119.8075563"/>
 <node id="8163335425" visible="true" version="1" changeset="94747333" timestamp="2020-11-25T05:40:25Z" user="BryanOSullivan" uid="10729167" lat="39.2469509" lon="-119.8077816"/>
 <node id="8163335426" visible="true" version="1" changeset="94747333" timestamp="2020-11-25T05:40:25Z" user="BryanOSullivan" uid="10729167" lat="39.2470732" lon="-119.8078827"/>
 <node id="8163335427" visible="true" version="1" changeset="94747333" timestamp="2020-11-25T05:40:25Z" user="BryanOSullivan" uid="10729167" lat="39.2471262" lon="-119.8078898"/>
 <node id="8163335428" visible="true" version="1" changeset="94747333" timestamp="2020-11-25T05:40:25Z" user="BryanOSullivan" uid="10729167" lat="39.2473739" lon="-119.8078160"/>
 <node id="8163335429" visible="true" version="1" changeset="94747333" timestamp="2020-11-25T05:40:25Z" user="BryanOSullivan" uid="10729167" lat="39.2475006" lon="-119.8077079"/>
 <node id="8163335430" visible="true" version="1" changeset="94747333" timestamp="2020-11-25T05:40:25Z" user="BryanOSullivan" uid="10729167" lat="39.2475974" lon="-119.8076377"/>
 <node id="8163335431" visible="true" version="1" changeset="94747333" timestamp="2020-11-25T05:40:25Z" user="BryanOSullivan" uid="10729167" lat="39.2449245" lon="-119.8107247"/>
 <node id="8163335432" visible="true" version="1" changeset="94747333" timestamp="2020-11-25T05:40:25Z" user="BryanOSullivan" uid="10729167" lat="39.2441247" lon="-119.8105793"/>
 <node id="8163335433" visible="true" version="1" changeset="94747333" timestamp="2020-11-25T05:40:25Z" user="BryanOSullivan" uid="10729167" lat="39.2441053" lon="-119.8103819"/>
 <node id="8163335434" visible="true" version="1" changeset="94747333" timestamp="2020-11-25T05:40:25Z" user="BryanOSullivan" uid="10729167" lat="39.2441127" lon="-119.8100258"/>
 <node id="8163335435" visible="true" version="1" changeset="94747333" timestamp="2020-11-25T05:40:25Z" user="BryanOSullivan" uid="10729167" lat="39.2441401" lon="-119.8097287"/>
 <node id="8163335436" visible="true" version="1" changeset="94747333" timestamp="2020-11-25T05:40:25Z" user="BryanOSullivan" uid="10729167" lat="39.2441986" lon="-119.8094947"/>
 <node id="8163335437" visible="true" version="1" changeset="94747333" timestamp="2020-11-25T05:40:25Z" user="BryanOSullivan" uid="10729167" lat="39.2443732" lon="-119.8091911"/>
 <node id="8163335438" visible="true" version="1" changeset="94747333" timestamp="2020-11-25T05:40:25Z" user="BryanOSullivan" uid="10729167" lat="39.2444958" lon="-119.8089250"/>
 <node id="8163335439" visible="true" version="1" changeset="94747333" timestamp="2020-11-25T05:40:25Z" user="BryanOSullivan" uid="10729167" lat="39.2445452" lon="-119.8087239"/>
 <node id="8163335440" visible="true" version="1" changeset="94747333" timestamp="2020-11-25T05:40:25Z" user="BryanOSullivan" uid="10729167" lat="39.2445816" lon="-119.8084629"/>
 <node id="8163335441" visible="true" version="1" changeset="94747333" timestamp="2020-11-25T05:40:25Z" user="BryanOSullivan" uid="10729167" lat="39.2445848" lon="-119.8082505"/>
 <node id="8163335442" visible="true" version="1" changeset="94747333" timestamp="2020-11-25T05:40:25Z" user="BryanOSullivan" uid="10729167" lat="39.2445662" lon="-119.8080538"/>
 <node id="8163335443" visible="true" version="1" changeset="94747333" timestamp="2020-11-25T05:40:25Z" user="BryanOSullivan" uid="10729167" lat="39.2460684" lon="-119.8087212"/>
 <node id="8163335444" visible="true" version="1" changeset="94747333" timestamp="2020-11-25T05:40:25Z" user="BryanOSullivan" uid="10729167" lat="39.2459328" lon="-119.8085326"/>
 <node id="8163335445" visible="true" version="1" changeset="94747333" timestamp="2020-11-25T05:40:25Z" user="BryanOSullivan" uid="10729167" lat="39.2457666" lon="-119.8083401"/>
 <node id="8163335446" visible="true" version="1" changeset="94747333" timestamp="2020-11-25T05:40:25Z" user="BryanOSullivan" uid="10729167" lat="39.2455607" lon="-119.8081611"/>
 <node id="8163335447" visible="true" version="1" changeset="94747333" timestamp="2020-11-25T05:40:25Z" user="BryanOSullivan" uid="10729167" lat="39.2453706" lon="-119.8080722"/>
 <node id="8163335448" visible="true" version="1" changeset="94747333" timestamp="2020-11-25T05:40:25Z" user="BryanOSullivan" uid="10729167" lat="39.2452232" lon="-119.8080395"/>
 <node id="8163335449" visible="true" version="1" changeset="94747333" timestamp="2020-11-25T05:40:25Z" user="BryanOSullivan" uid="10729167" lat="39.2449842" lon="-119.8079554"/>
 <node id="8163335450" visible="true" version="1" changeset="94747333" timestamp="2020-11-25T05:40:25Z" user="BryanOSullivan" uid="10729167" lat="39.2447859" lon="-119.8078607"/>
 <node id="8163335451" visible="true" version="1" changeset="94747333" timestamp="2020-11-25T05:40:25Z" user="BryanOSullivan" uid="10729167" lat="39.2446177" lon="-119.8078119"/>
 <node id="8163335452" visible="true" version="1" changeset="94747333" timestamp="2020-11-25T05:40:25Z" user="BryanOSullivan" uid="10729167" lat="39.2444914" lon="-119.8078189"/>
 <node id="8163335453" visible="true" version="1" changeset="94747333" timestamp="2020-11-25T05:40:25Z" user="BryanOSullivan" uid="10729167" lat="39.2443686" lon="-119.8078162"/>
 <node id="8163335454" visible="true" version="1" changeset="94747333" timestamp="2020-11-25T05:40:25Z" user="BryanOSullivan" uid="10729167" lat="39.2470135" lon="-119.8089541"/>
 <node id="8163335455" visible="true" version="1" changeset="94747333" timestamp="2020-11-25T05:40:25Z" user="BryanOSullivan" uid="10729167" lat="39.2469211" lon="-119.8087921"/>
 <node id="8163335456" visible="true" version="1" changeset="94747333" timestamp="2020-11-25T05:40:25Z" user="BryanOSullivan" uid="10729167" lat="39.2467893" lon="-119.8086689"/>
 <node id="8163335457" visible="true" version="1" changeset="94747333" timestamp="2020-11-25T05:40:25Z" user="BryanOSullivan" uid="10729167" lat="39.2465039" lon="-119.8084122"/>
 <node id="8163335458" visible="true" version="1" changeset="94747333" timestamp="2020-11-25T05:40:25Z" user="BryanOSullivan" uid="10729167" lat="39.2463107" lon="-119.8083116"/>
 <node id="8163335459" visible="true" version="1" changeset="94747333" timestamp="2020-11-25T05:40:25Z" user="BryanOSullivan" uid="10729167" lat="39.2458972" lon="-119.8081559"/>
 <node id="8163335460" visible="true" version="1" changeset="94747333" timestamp="2020-11-25T05:40:25Z" user="BryanOSullivan" uid="10729167" lat="39.2456188" lon="-119.8081162"/>
 <node id="8204580833" visible="true" version="1" changeset="95465412" timestamp="2020-12-08T07:00:48Z" user="larz86" uid="8127210" lat="39.2470541" lon="-119.8163981"/>
 <node id="8204580834" visible="true" version="1" changeset="95465412" timestamp="2020-12-08T07:00:48Z" user="larz86" uid="8127210" lat="39.2441967" lon="-119.8163567"/>
 <node id="8204580835" visible="true" version="1" changeset="95465412" timestamp="2020-12-08T07:00:48Z" user="larz86" uid="8127210" lat="39.2440450" lon="-119.8162601"/>
 <node id="8204580836" visible="true" version="1" changeset="95465412" timestamp="2020-12-08T07:00:48Z" user="larz86" uid="8127210" lat="39.2439574" lon="-119.8162711"/>
 <node id="8204580837" visible="true" version="1" changeset="95465412" timestamp="2020-12-08T07:00:48Z" user="larz86" uid="8127210" lat="39.2439061" lon="-119.8163015"/>
 <node id="8204580838" visible="true" version="2" changeset="155957741" timestamp="2024-08-30T06:36:28Z" user="Angry_Tau" uid="21869141" lat="39.2438506" lon="-119.8163093"/>
 <node id="8204580840" visible="true" version="1" changeset="95465412" timestamp="2020-12-08T07:00:48Z" user="larz86" uid="8127210" lat="39.2445023" lon="-119.8137047"/>
 <node id="8204580841" visible="true" version="1" changeset="95465412" timestamp="2020-12-08T07:00:48Z" user="larz86" uid="8127210" lat="39.2448080" lon="-119.8139034"/>
 <node id="8204580842" visible="true" version="1" changeset="95465412" timestamp="2020-12-08T07:00:48Z" user="larz86" uid="8127210" lat="39.2451734" lon="-119.8142014"/>
 <node id="8204580843" visible="true" version="1" changeset="95465412" timestamp="2020-12-08T07:00:48Z" user="larz86" uid="8127210" lat="39.2456308" lon="-119.8146816"/>
 <node id="8204580844" visible="true" version="1" changeset="95465412" timestamp="2020-12-08T07:00:48Z" user="larz86" uid="8127210" lat="39.2460475" lon="-119.8150348"/>
 <node id="8204580845" visible="true" version="1" changeset="95465412" timestamp="2020-12-08T07:00:48Z" user="larz86" uid="8127210" lat="39.2464920" lon="-119.8152694"/>
 <node id="8204580846" visible="true" version="1" changeset="95465412" timestamp="2020-12-08T07:00:48Z" user="larz86" uid="8127210" lat="39.2469878" lon="-119.8154019"/>
 <node id="8204580847" visible="true" version="1" changeset="95465412" timestamp="2020-12-08T07:00:48Z" user="larz86" uid="8127210" lat="39.2470413" lon="-119.8155812"/>
 <node id="8737418265" visible="true" version="1" changeset="104789582" timestamp="2021-05-17T01:15:24Z" user="larz86" uid="8127210" lat="39.2953263" lon="-119.7923819"/>
 <node id="8737418311" visible="true" version="1" changeset="104789582" timestamp="2021-05-17T01:15:24Z" user="larz86" uid="8127210" lat="39.2355459" lon="-119.8092167"/>
 <node id="8914926838" visible="true" version="1" changeset="107865472" timestamp="2021-07-12T22:57:35Z" user="larz86" uid="8127210" lat="39.3196921" lon="-119.7979992"/>
 <node id="8914926858" visible="true" version="1" changeset="107865472" timestamp="2021-07-12T22:57:35Z" user="larz86" uid="8127210" lat="39.3206423" lon="-119.7966047"/>
 <node id="8914926859" visible="true" version="1" changeset="107865472" timestamp="2021-07-12T22:57:35Z" user="larz86" uid="8127210" lat="39.3204132" lon="-119.7967676"/>
 <node id="8914926860" visible="true" version="1" changeset="107865472" timestamp="2021-07-12T22:57:35Z" user="larz86" uid="8127210" lat="39.3199781" lon="-119.7973804"/>
 <node id="9207947462" visible="true" version="1" changeset="113087158" timestamp="2021-10-28T15:18:56Z" user="TheConductor" uid="9489453" lat="39.2775304" lon="-119.7964534"/>
 <node id="9207947463" visible="true" version="1" changeset="113087158" timestamp="2021-10-28T15:18:56Z" user="TheConductor" uid="9489453" lat="39.2773809" lon="-119.7966600"/>
 <node id="9207947464" visible="true" version="1" changeset="113087158" timestamp="2021-10-28T15:18:56Z" user="TheConductor" uid="9489453" lat="39.2776384" lon="-119.7990310"/>
 <node id="9207947465" visible="true" version="1" changeset="113087158" timestamp="2021-10-28T15:18:56Z" user="TheConductor" uid="9489453" lat="39.2762348" lon="-119.8014557"/>
 <node id="9207947466" visible="true" version="1" changeset="113087158" timestamp="2021-10-28T15:18:56Z" user="TheConductor" uid="9489453" lat="39.2746651" lon="-119.8013163"/>
 <node id="9207947467" visible="true" version="1" changeset="113087158" timestamp="2021-10-28T15:18:56Z" user="TheConductor" uid="9489453" lat="39.2735355" lon="-119.8025930"/>
 <node id="12381270700" visible="true" version="1" changeset="159683429" timestamp="2024-11-28T02:22:55Z" user="Angry_Tau" uid="21869141" lat="39.2447642" lon="-119.8146780"/>
 <node id="12381274601" visible="true" version="1" changeset="159683429" timestamp="2024-11-28T02:22:55Z" user="Angry_Tau" uid="21869141" lat="39.2447683" lon="-119.8145412"/>
 <node id="12381274602" visible="true" version="1" changeset="159683429" timestamp="2024-11-28T02:22:55Z" user="Angry_Tau" uid="21869141" lat="39.2446954" lon="-119.8145375"/>
 <node id="12381274603" visible="true" version="1" changeset="159683429" timestamp="2024-11-28T02:22:55Z" user="Angry_Tau" uid="21869141" lat="39.2446912" lon="-119.8146743"/>
 <node id="12381309865" visible="true" version="1" changeset="159683444" timestamp="2024-11-28T02:23:40Z" user="Angry_Tau" uid="21869141" lat="39.2450484" lon="-119.8159984"/>
 <node id="12381309866" visible="true" version="1" changeset="159683444" timestamp="2024-11-28T02:23:40Z" user="Angry_Tau" uid="21869141" lat="39.2451655" lon="-119.8160091"/>
 <node id="12381309867" visible="true" version="1" changeset="159683444" timestamp="2024-11-28T02:23:40Z" user="Angry_Tau" uid="21869141" lat="39.2451671" lon="-119.8159808"/>
 <node id="12381309868" visible="true" version="1" changeset="159683444" timestamp="2024-11-28T02:23:40Z" user="Angry_Tau" uid="21869141" lat="39.2452287" lon="-119.8159865"/>
 <node id="12381309869" visible="true" version="1" changeset="159683444" timestamp="2024-11-28T02:23:40Z" user="Angry_Tau" uid="21869141" lat="39.2452370" lon="-119.8158373"/>
 <node id="12381309870" visible="true" version="1" changeset="159683444" timestamp="2024-11-28T02:23:40Z" user="Angry_Tau" uid="21869141" lat="39.2450925" lon="-119.8158240"/>
 <node id="12381309871" visible="true" version="1" changeset="159683444" timestamp="2024-11-28T02:23:40Z" user="Angry_Tau" uid="21869141" lat="39.2450901" lon="-119.8158678"/>
 <node id="12381309872" visible="true" version="1" changeset="159683444" timestamp="2024-11-28T02:23:40Z" user="Angry_Tau" uid="21869141" lat="39.2450558" lon="-119.8158646"/>
 <node id="12381309873" visible="true" version="1" changeset="159683444" timestamp="2024-11-28T02:23:40Z" user="Angry_Tau" uid="21869141" lat="39.2451765" lon="-119.8157903"/>
 <node id="12381309874" visible="true" version="1" changeset="159683444" timestamp="2024-11-28T02:23:40Z" user="Angry_Tau" uid="21869141" lat="39.2452370" lon="-119.8157950"/>
 <node id="12381309875" visible="true" version="1" changeset="159683444" timestamp="2024-11-28T02:23:40Z" user="Angry_Tau" uid="21869141" lat="39.2452427" lon="-119.8156740"/>
 <node id="12381309876" visible="true" version="1" changeset="159683444" timestamp="2024-11-28T02:23:40Z" user="Angry_Tau" uid="21869141" lat="39.2451822" lon="-119.8156693"/>
 <node id="12381309877" visible="true" version="1" changeset="159683444" timestamp="2024-11-28T02:23:40Z" user="Angry_Tau" uid="21869141" lat="39.2449873" lon="-119.8155569"/>
 <node id="12381309878" visible="true" version="1" changeset="159683444" timestamp="2024-11-28T02:23:40Z" user="Angry_Tau" uid="21869141" lat="39.2449870" lon="-119.8156279"/>
 <node id="12381309879" visible="true" version="1" changeset="159683444" timestamp="2024-11-28T02:23:40Z" user="Angry_Tau" uid="21869141" lat="39.2450198" lon="-119.8156282"/>
 <node id="12381309880" visible="true" version="1" changeset="159683444" timestamp="2024-11-28T02:23:40Z" user="Angry_Tau" uid="21869141" lat="39.2450201" lon="-119.8155571"/>
 <node id="12381309889" visible="true" version="1" changeset="159683444" timestamp="2024-11-28T02:23:40Z" user="Angry_Tau" uid="21869141" lat="39.2442339" lon="-119.8160017"/>
 <node id="12381309890" visible="true" version="1" changeset="159683444" timestamp="2024-11-28T02:23:40Z" user="Angry_Tau" uid="21869141" lat="39.2442337" lon="-119.8160194"/>
 <node id="12381309891" visible="true" version="1" changeset="159683444" timestamp="2024-11-28T02:23:40Z" user="Angry_Tau" uid="21869141" lat="39.2441059" lon="-119.8160177"/>
 <node id="12381309892" visible="true" version="1" changeset="159683444" timestamp="2024-11-28T02:23:40Z" user="Angry_Tau" uid="21869141" lat="39.2441068" lon="-119.8158990"/>
 <node id="12381309893" visible="true" version="1" changeset="159683444" timestamp="2024-11-28T02:23:40Z" user="Angry_Tau" uid="21869141" lat="39.2440470" lon="-119.8158982"/>
 <node id="12381309894" visible="true" version="1" changeset="159683444" timestamp="2024-11-28T02:23:40Z" user="Angry_Tau" uid="21869141" lat="39.2440468" lon="-119.8159169"/>
 <node id="12381309895" visible="true" version="1" changeset="159683444" timestamp="2024-11-28T02:23:40Z" user="Angry_Tau" uid="21869141" lat="39.2440350" lon="-119.8159168"/>
 <node id="12381309896" visible="true" version="1" changeset="159683444" timestamp="2024-11-28T02:23:40Z" user="Angry_Tau" uid="21869141" lat="39.2440330" lon="-119.8161616"/>
 <node id="12381309897" visible="true" version="1" changeset="159683444" timestamp="2024-11-28T02:23:40Z" user="Angry_Tau" uid="21869141" lat="39.2441692" lon="-119.8161634"/>
 <node id="12381309898" visible="true" version="1" changeset="159683444" timestamp="2024-11-28T02:23:40Z" user="Angry_Tau" uid="21869141" lat="39.2441694" lon="-119.8161422"/>
 <node id="12381309899" visible="true" version="1" changeset="159683444" timestamp="2024-11-28T02:23:40Z" user="Angry_Tau" uid="21869141" lat="39.2441936" lon="-119.8161426"/>
 <node id="12381309900" visible="true" version="1" changeset="159683444" timestamp="2024-11-28T02:23:40Z" user="Angry_Tau" uid="21869141" lat="39.2441934" lon="-119.8161633"/>
 <node id="12381309901" visible="true" version="1" changeset="159683444" timestamp="2024-11-28T02:23:40Z" user="Angry_Tau" uid="21869141" lat="39.2442782" lon="-119.8161644"/>
 <node id="12381309902" visible="true" version="1" changeset="159683444" timestamp="2024-11-28T02:23:40Z" user="Angry_Tau" uid="21869141" lat="39.2442795" lon="-119.8160023"/>
 <node id="12381310055" visible="true" version="1" changeset="159683444" timestamp="2024-11-28T02:23:40Z" user="Angry_Tau" uid="21869141" lat="39.2458558" lon="-119.8161060"/>
 <node id="12381310056" visible="true" version="1" changeset="159683444" timestamp="2024-11-28T02:23:40Z" user="Angry_Tau" uid="21869141" lat="39.2458561" lon="-119.8160863"/>
 <node id="12381310057" visible="true" version="1" changeset="159683444" timestamp="2024-11-28T02:23:40Z" user="Angry_Tau" uid="21869141" lat="39.2457128" lon="-119.8160831"/>
 <node id="12381310058" visible="true" version="1" changeset="159683444" timestamp="2024-11-28T02:23:40Z" user="Angry_Tau" uid="21869141" lat="39.2457110" lon="-119.8162199"/>
 <node id="12381310059" visible="true" version="1" changeset="159683444" timestamp="2024-11-28T02:23:40Z" user="Angry_Tau" uid="21869141" lat="39.2457744" lon="-119.8162214"/>
 <node id="12381310060" visible="true" version="1" changeset="159683444" timestamp="2024-11-28T02:23:40Z" user="Angry_Tau" uid="21869141" lat="39.2457742" lon="-119.8162393"/>
 <node id="12381310061" visible="true" version="1" changeset="159683444" timestamp="2024-11-28T02:23:40Z" user="Angry_Tau" uid="21869141" lat="39.2458542" lon="-119.8162411"/>
 <node id="12381310062" visible="true" version="1" changeset="159683444" timestamp="2024-11-28T02:23:40Z" user="Angry_Tau" uid="21869141" lat="39.2458544" lon="-119.8162218"/>
 <node id="12381310063" visible="true" version="1" changeset="159683444" timestamp="2024-11-28T02:23:40Z" user="Angry_Tau" uid="21869141" lat="39.2459133" lon="-119.8162231"/>
 <node id="12381310064" visible="true" version="1" changeset="159683444" timestamp="2024-11-28T02:23:40Z" user="Angry_Tau" uid="21869141" lat="39.2459149" lon="-119.8161073"/>
 <node id="12381310065" visible="true" version="1" changeset="159683444" timestamp="2024-11-28T02:23:40Z" user="Angry_Tau" uid="21869141" lat="39.2455715" lon="-119.8158867"/>
 <node id="12381310066" visible="true" version="1" changeset="159683444" timestamp="2024-11-28T02:23:40Z" user="Angry_Tau" uid="21869141" lat="39.2456042" lon="-119.8158899"/>
 <node id="12381310067" visible="true" version="1" changeset="159683444" timestamp="2024-11-28T02:23:40Z" user="Angry_Tau" uid="21869141" lat="39.2456063" lon="-119.8158542"/>
 <node id="12381310068" visible="true" version="1" changeset="159683444" timestamp="2024-11-28T02:23:40Z" user="Angry_Tau" uid="21869141" lat="39.2455735" lon="-119.8158511"/>
 <node id="12381310069" visible="true" version="1" changeset="159683444" timestamp="2024-11-28T02:23:40Z" user="Angry_Tau" uid="21869141" lat="39.2459559" lon="-119.8156482"/>
 <node id="12381310070" visible="true" version="1" changeset="159683444" timestamp="2024-11-28T02:23:40Z" user="Angry_Tau" uid="21869141" lat="39.2459949" lon="-119.8156510"/>
 <node id="12381310071" visible="true" version="1" changeset="159683444" timestamp="2024-11-28T02:23:40Z" user="Angry_Tau" uid="21869141" lat="39.2459988" lon="-119.8155589"/>
 <node id="12381310072" visible="true" version="1" changeset="159683444" timestamp="2024-11-28T02:23:40Z" user="Angry_Tau" uid="21869141" lat="39.2459598" lon="-119.8155561"/>
 <node id="12381310073" visible="true" version="1" changeset="159683444" timestamp="2024-11-28T02:23:40Z" user="Angry_Tau" uid="21869141" lat="39.2459490" lon="-119.8161234"/>
 <node id="12381310074" visible="true" version="1" changeset="159683444" timestamp="2024-11-28T02:23:40Z" user="Angry_Tau" uid="21869141" lat="39.2460124" lon="-119.8161252"/>
 <node id="12381310075" visible="true" version="1" changeset="159683444" timestamp="2024-11-28T02:23:40Z" user="Angry_Tau" uid="21869141" lat="39.2460140" lon="-119.8160324"/>
 <node id="12381310076" visible="true" version="1" changeset="159683444" timestamp="2024-11-28T02:23:40Z" user="Angry_Tau" uid="21869141" lat="39.2459506" lon="-119.8160306"/>
 <node id="12381310112" visible="true" version="1" changeset="159683444" timestamp="2024-11-28T02:23:40Z" user="Angry_Tau" uid="21869141" lat="39.2442875" lon="-119.8150695"/>
 <node id="12381310113" visible="true" version="1" changeset="159683444" timestamp="2024-11-28T02:23:40Z" user="Angry_Tau" uid="21869141" lat="39.2442877" lon="-119.8151689"/>
 <node id="12381310114" visible="true" version="1" changeset="159683444" timestamp="2024-11-28T02:23:40Z" user="Angry_Tau" uid="21869141" lat="39.2444245" lon="-119.8151684"/>
 <node id="12381310115" visible="true" version="1" changeset="159683444" timestamp="2024-11-28T02:23:40Z" user="Angry_Tau" uid="21869141" lat="39.2444243" lon="-119.8150690"/>
 <node id="12381310116" visible="true" version="1" changeset="159683444" timestamp="2024-11-28T02:23:40Z" user="Angry_Tau" uid="21869141" lat="39.2442083" lon="-119.8149729"/>
 <node id="12381310117" visible="true" version="1" changeset="159683444" timestamp="2024-11-28T02:23:40Z" user="Angry_Tau" uid="21869141" lat="39.2442078" lon="-119.8150229"/>
 <node id="12381310118" visible="true" version="1" changeset="159683444" timestamp="2024-11-28T02:23:40Z" user="Angry_Tau" uid="21869141" lat="39.2442762" lon="-119.8150239"/>
 <node id="12381310119" visible="true" version="1" changeset="159683444" timestamp="2024-11-28T02:23:40Z" user="Angry_Tau" uid="21869141" lat="39.2442767" lon="-119.8149739"/>
 <node id="12381310120" visible="true" version="1" changeset="159683444" timestamp="2024-11-28T02:23:40Z" user="Angry_Tau" uid="21869141" lat="39.2444236" lon="-119.8150207"/>
 <node id="12381310121" visible="true" version="1" changeset="159683444" timestamp="2024-11-28T02:23:40Z" user="Angry_Tau" uid="21869141" lat="39.2444581" lon="-119.8150220"/>
 <node id="12381310122" visible="true" version="1" changeset="159683444" timestamp="2024-11-28T02:23:40Z" user="Angry_Tau" uid="21869141" lat="39.2444592" lon="-119.8149744"/>
 <node id="12381310123" visible="true" version="1" changeset="159683444" timestamp="2024-11-28T02:23:40Z" user="Angry_Tau" uid="21869141" lat="39.2444247" lon="-119.8149731"/>
 <node id="12381310124" visible="true" version="1" changeset="159683444" timestamp="2024-11-28T02:23:40Z" user="Angry_Tau" uid="21869141" lat="39.2441633" lon="-119.8151449"/>
 <node id="12381310125" visible="true" version="1" changeset="159683444" timestamp="2024-11-28T02:23:40Z" user="Angry_Tau" uid="21869141" lat="39.2442071" lon="-119.8151471"/>
 <node id="12381310126" visible="true" version="1" changeset="159683444" timestamp="2024-11-28T02:23:40Z" user="Angry_Tau" uid="21869141" lat="39.2442088" lon="-119.8150910"/>
 <node id="12381310127" visible="true" version="1" changeset="159683444" timestamp="2024-11-28T02:23:40Z" user="Angry_Tau" uid="21869141" lat="39.2441649" lon="-119.8150889"/>
 <node id="12381310138" visible="true" version="1" changeset="159683444" timestamp="2024-11-28T02:23:40Z" user="Angry_Tau" uid="21869141" lat="39.2440345" lon="-119.8153768"/>
 <node id="12381310139" visible="true" version="1" changeset="159683444" timestamp="2024-11-28T02:23:40Z" user="Angry_Tau" uid="21869141" lat="39.2440372" lon="-119.8152140"/>
 <node id="12381310140" visible="true" version="1" changeset="159683444" timestamp="2024-11-28T02:23:40Z" user="Angry_Tau" uid="21869141" lat="39.2439334" lon="-119.8152111"/>
 <node id="12381310141" visible="true" version="1" changeset="159683444" timestamp="2024-11-28T02:23:40Z" user="Angry_Tau" uid="21869141" lat="39.2439298" lon="-119.8154296"/>
 <node id="12381310142" visible="true" version="1" changeset="159683444" timestamp="2024-11-28T02:23:40Z" user="Angry_Tau" uid="21869141" lat="39.2440635" lon="-119.8154332"/>
 <node id="12381310143" visible="true" version="1" changeset="159683444" timestamp="2024-11-28T02:23:40Z" user="Angry_Tau" uid="21869141" lat="39.2440644" lon="-119.8153777"/>
 <node id="12381310144" visible="true" version="1" changeset="159683444" timestamp="2024-11-28T02:23:40Z" user="Angry_Tau" uid="21869141" lat="39.2440776" lon="-119.8152407"/>
 <node id="12381310145" visible="true" version="1" changeset="159683444" timestamp="2024-11-28T02:23:40Z" user="Angry_Tau" uid="21869141" lat="39.2441432" lon="-119.8152431"/>
 <node id="12381310146" visible="true" version="1" changeset="159683444" timestamp="2024-11-28T02:23:40Z" user="Angry_Tau" uid="21869141" lat="39.2441445" lon="-119.8151848"/>
 <node id="12381310147" visible="true" version="1" changeset="159683444" timestamp="2024-11-28T02:23:40Z" user="Angry_Tau" uid="21869141" lat="39.2440789" lon="-119.8151824"/>
 <node id="12381310148" visible="true" version="1" changeset="159683444" timestamp="2024-11-28T02:23:40Z" user="Angry_Tau" uid="21869141" lat="39.2440509" lon="-119.8150191"/>
 <node id="12381310149" visible="true" version="1" changeset="159683444" timestamp="2024-11-28T02:23:40Z" user="Angry_Tau" uid="21869141" lat="39.2440904" lon="-119.8150216"/>
 <node id="12381310150" visible="true" version="1" changeset="159683444" timestamp="2024-11-28T02:23:40Z" user="Angry_Tau" uid="21869141" lat="39.2440923" lon="-119.8149720"/>
 <node id="12381310151" visible="true" version="1" changeset="159683444" timestamp="2024-11-28T02:23:40Z" user="Angry_Tau" uid="21869141" lat="39.2440527" lon="-119.8149695"/>
 <node id="12381310544" visible="true" version="1" changeset="159683444" timestamp="2024-11-28T02:23:40Z" user="Angry_Tau" uid="21869141" lat="39.2465834" lon="-119.8162157"/>
 <node id="12381310545" visible="true" version="1" changeset="159683444" timestamp="2024-11-28T02:23:40Z" user="Angry_Tau" uid="21869141" lat="39.2467650" lon="-119.8162242"/>
 <node id="12381310546" visible="true" version="1" changeset="159683444" timestamp="2024-11-28T02:23:40Z" user="Angry_Tau" uid="21869141" lat="39.2467710" lon="-119.8160099"/>
 <node id="12381310547" visible="true" version="1" changeset="159683444" timestamp="2024-11-28T02:23:40Z" user="Angry_Tau" uid="21869141" lat="39.2465894" lon="-119.8160015"/>
 <node id="12555836989" visible="true" version="1" changeset="162110875" timestamp="2025-02-04T05:40:41Z" user="jake-low" uid="8794039" lat="39.2757010" lon="-119.7891879"/>
 <node id="12555836990" visible="true" version="1" changeset="162110875" timestamp="2025-02-04T05:40:41Z" user="jake-low" uid="8794039" lat="39.2773911" lon="-119.7892082"/>
 <node id="12555836991" visible="true" version="1" changeset="162110875" timestamp="2025-02-04T05:40:41Z" user="jake-low" uid="8794039" lat="39.2773712" lon="-119.7846008"/>
 <node id="12555836992" visible="true" version="1" changeset="162110875" timestamp="2025-02-04T05:40:41Z" user="jake-low" uid="8794039" lat="39.2737820" lon="-119.7845924"/>
 <node id="12555836993" visible="true" version="1" changeset="162110875" timestamp="2025-02-04T05:40:41Z" user="jake-low" uid="8794039" lat="39.2737136" lon="-119.7705672"/>
 <node id="12555836994" visible="true" version="1" changeset="162110875" timestamp="2025-02-04T05:40:41Z" user="jake-low" uid="8794039" lat="39.2736694" lon="-119.7705670"/>
 <node id="12555836995" visible="true" version="1" changeset="162110875" timestamp="2025-02-04T05:40:41Z" user="jake-low" uid="8794039" lat="39.2736261" lon="-119.7565745"/>
 <node id="12555836996" visible="true" version="1" changeset="162110875" timestamp="2025-02-04T05:40:41Z" user="jake-low" uid="8794039" lat="39.2699635" lon="-119.7565959"/>
 <node id="12555836997" visible="true" version="1" changeset="162110875" timestamp="2025-02-04T05:40:41Z" user="jake-low" uid="8794039" lat="39.2589725" lon="-119.7567046"/>
 <node id="12555836998" visible="true" version="2" changeset="165256651" timestamp="2025-04-21T20:09:54Z" user="idkwhatname2use" uid="16305471" lat="39.2443595" lon="-119.7568439"/>
 <node id="12555846702" visible="true" version="1" changeset="162110875" timestamp="2025-02-04T05:40:41Z" user="jake-low" uid="8794039" lat="39.2297939" lon="-119.7840613"/>
 <node id="12555846703" visible="true" version="1" changeset="162110875" timestamp="2025-02-04T05:40:41Z" user="jake-low" uid="8794039" lat="39.2297941" lon="-119.7844808"/>
 <node id="12555846704" visible="true" version="1" changeset="162110875" timestamp="2025-02-04T05:40:41Z" user="jake-low" uid="8794039" lat="39.2292046" lon="-119.7855894"/>
 <node id="12555846705" visible="true" version="1" changeset="162110875" timestamp="2025-02-04T05:40:41Z" user="jake-low" uid="8794039" lat="39.2291292" lon="-119.7857390"/>
 <node id="12555846706" visible="true" version="1" changeset="162110875" timestamp="2025-02-04T05:40:41Z" user="jake-low" uid="8794039" lat="39.2290600" lon="-119.7858934"/>
 <node id="12555846707" visible="true" version="1" changeset="162110875" timestamp="2025-02-04T05:40:41Z" user="jake-low" uid="8794039" lat="39.2289972" lon="-119.7860523"/>
 <node id="12555846708" visible="true" version="1" changeset="162110875" timestamp="2025-02-04T05:40:41Z" user="jake-low" uid="8794039" lat="39.2289408" lon="-119.7862151"/>
 <node id="12555846709" visible="true" version="1" changeset="162110875" timestamp="2025-02-04T05:40:41Z" user="jake-low" uid="8794039" lat="39.2288911" lon="-119.7863814"/>
 <node id="12555846710" visible="true" version="1" changeset="162110875" timestamp="2025-02-04T05:40:41Z" user="jake-low" uid="8794039" lat="39.2288481" lon="-119.7865509"/>
 <node id="12555846711" visible="true" version="1" changeset="162110875" timestamp="2025-02-04T05:40:41Z" user="jake-low" uid="8794039" lat="39.2288120" lon="-119.7867230"/>
 <node id="12555846712" visible="true" version="1" changeset="162110875" timestamp="2025-02-04T05:40:41Z" user="jake-low" uid="8794039" lat="39.2285599" lon="-119.7879737"/>
 <node id="12555846713" visible="true" version="1" changeset="162110875" timestamp="2025-02-04T05:40:41Z" user="jake-low" uid="8794039" lat="39.2284975" lon="-119.7881716"/>
 <node id="12555846714" visible="true" version="1" changeset="162110875" timestamp="2025-02-04T05:40:41Z" user="jake-low" uid="8794039" lat="39.2284297" lon="-119.7883667"/>
 <node id="12555846715" visible="true" version="1" changeset="162110875" timestamp="2025-02-04T05:40:41Z" user="jake-low" uid="8794039" lat="39.2283567" lon="-119.7885585"/>
 <node id="12555846716" visible="true" version="1" changeset="162110875" timestamp="2025-02-04T05:40:41Z" user="jake-low" uid="8794039" lat="39.2282786" lon="-119.7887470"/>
 <node id="12555846717" visible="true" version="1" changeset="162110875" timestamp="2025-02-04T05:40:41Z" user="jake-low" uid="8794039" lat="39.2281953" lon="-119.7889318"/>
 <node id="12555846718" visible="true" version="1" changeset="162110875" timestamp="2025-02-04T05:40:41Z" user="jake-low" uid="8794039" lat="39.2279637" lon="-119.7894777"/>
 <node id="12555846719" visible="true" version="1" changeset="162110875" timestamp="2025-02-04T05:40:41Z" user="jake-low" uid="8794039" lat="39.2278991" lon="-119.7894777"/>
 <node id="12555846720" visible="true" version="1" changeset="162110875" timestamp="2025-02-04T05:40:41Z" user="jake-low" uid="8794039" lat="39.2262623" lon="-119.7933715"/>
 <node id="12555846721" visible="true" version="1" changeset="162110875" timestamp="2025-02-04T05:40:41Z" user="jake-low" uid="8794039" lat="39.2262633" lon="-119.7941642"/>
 <node id="12555846722" visible="true" version="1" changeset="162110875" timestamp="2025-02-04T05:40:41Z" user="jake-low" uid="8794039" lat="39.2259273" lon="-119.7941660"/>
 <node id="12555846723" visible="true" version="1" changeset="162110875" timestamp="2025-02-04T05:40:41Z" user="jake-low" uid="8794039" lat="39.2259028" lon="-119.7942169"/>
 <node id="12555846724" visible="true" version="1" changeset="162110875" timestamp="2025-02-04T05:40:41Z" user="jake-low" uid="8794039" lat="39.2252033" lon="-119.7955693"/>
 <node id="12555846725" visible="true" version="1" changeset="162110875" timestamp="2025-02-04T05:40:41Z" user="jake-low" uid="8794039" lat="39.2251210" lon="-119.7957219"/>
 <node id="12555846726" visible="true" version="1" changeset="162110875" timestamp="2025-02-04T05:40:41Z" user="jake-low" uid="8794039" lat="39.2250334" lon="-119.7958694"/>
 <node id="12555846727" visible="true" version="1" changeset="162110875" timestamp="2025-02-04T05:40:41Z" user="jake-low" uid="8794039" lat="39.2249406" lon="-119.7960116"/>
 <node id="12555846728" visible="true" version="1" changeset="162110875" timestamp="2025-02-04T05:40:41Z" user="jake-low" uid="8794039" lat="39.2248428" lon="-119.7961482"/>
 <node id="12555846729" visible="true" version="1" changeset="162110875" timestamp="2025-02-04T05:40:41Z" user="jake-low" uid="8794039" lat="39.2247402" lon="-119.7962789"/>
 <node id="12555846730" visible="true" version="1" changeset="162110875" timestamp="2025-02-04T05:40:41Z" user="jake-low" uid="8794039" lat="39.2246331" lon="-119.7964034"/>
 <node id="12555846731" visible="true" version="1" changeset="162110875" timestamp="2025-02-04T05:40:41Z" user="jake-low" uid="8794039" lat="39.2245217" lon="-119.7965215"/>
 <node id="12555846732" visible="true" version="1" changeset="162110875" timestamp="2025-02-04T05:40:41Z" user="jake-low" uid="8794039" lat="39.2241348" lon="-119.7968851"/>
 <node id="12555846733" visible="true" version="1" changeset="162110875" timestamp="2025-02-04T05:40:41Z" user="jake-low" uid="8794039" lat="39.2240152" lon="-119.7969908"/>
 <node id="12555846734" visible="true" version="1" changeset="162110875" timestamp="2025-02-04T05:40:41Z" user="jake-low" uid="8794039" lat="39.2238994" lon="-119.7971036"/>
 <node id="12555846735" visible="true" version="1" changeset="162110875" timestamp="2025-02-04T05:40:41Z" user="jake-low" uid="8794039" lat="39.2237879" lon="-119.7972230"/>
 <node id="12555846736" visible="true" version="1" changeset="162110875" timestamp="2025-02-04T05:40:41Z" user="jake-low" uid="8794039" lat="39.2236807" lon="-119.7973490"/>
 <node id="12555846737" visible="true" version="1" changeset="162110875" timestamp="2025-02-04T05:40:41Z" user="jake-low" uid="8794039" lat="39.2219504" lon="-119.7997089"/>
 <node id="12555846738" visible="true" version="1" changeset="162110875" timestamp="2025-02-04T05:40:41Z" user="jake-low" uid="8794039" lat="39.2218615" lon="-119.7998050"/>
 <node id="12555846739" visible="true" version="1" changeset="162110875" timestamp="2025-02-04T05:40:41Z" user="jake-low" uid="8794039" lat="39.2217684" lon="-119.7998945"/>
 <node id="12555846740" visible="true" version="1" changeset="162110875" timestamp="2025-02-04T05:40:41Z" user="jake-low" uid="8794039" lat="39.2216716" lon="-119.7999771"/>
 <node id="12555846741" visible="true" version="1" changeset="162110875" timestamp="2025-02-04T05:40:41Z" user="jake-low" uid="8794039" lat="39.2215714" lon="-119.8000526"/>
 <node id="12555846742" visible="true" version="1" changeset="162110875" timestamp="2025-02-04T05:40:41Z" user="jake-low" uid="8794039" lat="39.2214680" lon="-119.8001207"/>
 <node id="12555846743" visible="true" version="1" changeset="162110875" timestamp="2025-02-04T05:40:41Z" user="jake-low" uid="8794039" lat="39.2213617" lon="-119.8001812"/>
 <node id="12555846744" visible="true" version="1" changeset="162110875" timestamp="2025-02-04T05:40:41Z" user="jake-low" uid="8794039" lat="39.2212530" lon="-119.8002340"/>
 <node id="12555846745" visible="true" version="1" changeset="162110875" timestamp="2025-02-04T05:40:41Z" user="jake-low" uid="8794039" lat="39.2178401" lon="-119.8013624"/>
 <node id="12555846746" visible="true" version="1" changeset="162110875" timestamp="2025-02-04T05:40:41Z" user="jake-low" uid="8794039" lat="39.2164010" lon="-119.8067058"/>
 <node id="12555846747" visible="true" version="1" changeset="162110875" timestamp="2025-02-04T05:40:41Z" user="jake-low" uid="8794039" lat="39.2174483" lon="-119.8070915"/>
 <node id="12555846748" visible="true" version="1" changeset="162110875" timestamp="2025-02-04T05:40:41Z" user="jake-low" uid="8794039" lat="39.2244284" lon="-119.8084245"/>
 <node id="12555846749" visible="true" version="1" changeset="162110875" timestamp="2025-02-04T05:40:41Z" user="jake-low" uid="8794039" lat="39.2251466" lon="-119.8088974"/>
 <node id="12555846750" visible="true" version="1" changeset="162110875" timestamp="2025-02-04T05:40:41Z" user="jake-low" uid="8794039" lat="39.2348154" lon="-119.8107166"/>
 <node id="12555846751" visible="true" version="1" changeset="162110875" timestamp="2025-02-04T05:40:41Z" user="jake-low" uid="8794039" lat="39.2436846" lon="-119.8126220"/>
 <node id="12555846752" visible="true" version="1" changeset="162110875" timestamp="2025-02-04T05:40:41Z" user="jake-low" uid="8794039" lat="39.2470243" lon="-119.8117285"/>
 <node id="12555846753" visible="true" version="1" changeset="162110875" timestamp="2025-02-04T05:40:41Z" user="jake-low" uid="8794039" lat="39.2470569" lon="-119.8114656"/>
 <node id="12555846754" visible="true" version="1" changeset="162110875" timestamp="2025-02-04T05:40:41Z" user="jake-low" uid="8794039" lat="39.2472216" lon="-119.8114676"/>
 <node id="12555846755" visible="true" version="1" changeset="162110875" timestamp="2025-02-04T05:40:41Z" user="jake-low" uid="8794039" lat="39.2472440" lon="-119.8118566"/>
 <node id="12555846756" visible="true" version="1" changeset="162110875" timestamp="2025-02-04T05:40:41Z" user="jake-low" uid="8794039" lat="39.2474466" lon="-119.8119036"/>
 <node id="12555846757" visible="true" version="1" changeset="162110875" timestamp="2025-02-04T05:40:41Z" user="jake-low" uid="8794039" lat="39.2476097" lon="-119.8119830"/>
 <node id="12555846758" visible="true" version="1" changeset="162110875" timestamp="2025-02-04T05:40:41Z" user="jake-low" uid="8794039" lat="39.2477703" lon="-119.8120702"/>
 <node id="12555846759" visible="true" version="1" changeset="162110875" timestamp="2025-02-04T05:40:41Z" user="jake-low" uid="8794039" lat="39.2479283" lon="-119.8121650"/>
 <node id="12555846760" visible="true" version="1" changeset="162110875" timestamp="2025-02-04T05:40:41Z" user="jake-low" uid="8794039" lat="39.2480835" lon="-119.8122674"/>
 <node id="12555846761" visible="true" version="1" changeset="162110875" timestamp="2025-02-04T05:40:41Z" user="jake-low" uid="8794039" lat="39.2482355" lon="-119.8123771"/>
 <node id="12555846762" visible="true" version="1" changeset="162110875" timestamp="2025-02-04T05:40:41Z" user="jake-low" uid="8794039" lat="39.2483843" lon="-119.8124941"/>
 <node id="12555846763" visible="true" version="1" changeset="162110875" timestamp="2025-02-04T05:40:41Z" user="jake-low" uid="8794039" lat="39.2485106" lon="-119.8126013"/>
 <node id="12555846764" visible="true" version="1" changeset="162110875" timestamp="2025-02-04T05:40:41Z" user="jake-low" uid="8794039" lat="39.2486341" lon="-119.8127138"/>
 <node id="12555846765" visible="true" version="1" changeset="162110875" timestamp="2025-02-04T05:40:41Z" user="jake-low" uid="8794039" lat="39.2487547" lon="-119.8128313"/>
 <node id="12555846766" visible="true" version="1" changeset="162110875" timestamp="2025-02-04T05:40:41Z" user="jake-low" uid="8794039" lat="39.2488723" lon="-119.8129538"/>
 <node id="12555846767" visible="true" version="1" changeset="162110875" timestamp="2025-02-04T05:40:41Z" user="jake-low" uid="8794039" lat="39.2492664" lon="-119.8133928"/>
 <node id="12555846768" visible="true" version="1" changeset="162110875" timestamp="2025-02-04T05:40:41Z" user="jake-low" uid="8794039" lat="39.2493717" lon="-119.8135026"/>
 <node id="12555846769" visible="true" version="1" changeset="162110875" timestamp="2025-02-04T05:40:41Z" user="jake-low" uid="8794039" lat="39.2494810" lon="-119.8136059"/>
 <node id="12555846770" visible="true" version="1" changeset="162110875" timestamp="2025-02-04T05:40:41Z" user="jake-low" uid="8794039" lat="39.2495938" lon="-119.8137026"/>
 <node id="12555846771" visible="true" version="1" changeset="162110875" timestamp="2025-02-04T05:40:41Z" user="jake-low" uid="8794039" lat="39.2497101" lon="-119.8137924"/>
 <node id="12555846772" visible="true" version="1" changeset="162110875" timestamp="2025-02-04T05:40:41Z" user="jake-low" uid="8794039" lat="39.2498295" lon="-119.8138751"/>
 <node id="12555846773" visible="true" version="1" changeset="162110875" timestamp="2025-02-04T05:40:41Z" user="jake-low" uid="8794039" lat="39.2576066" lon="-119.8155068"/>
 <node id="12555846774" visible="true" version="1" changeset="162110875" timestamp="2025-02-04T05:40:41Z" user="jake-low" uid="8794039" lat="39.2576034" lon="-119.8152734"/>
 <node id="12555846775" visible="true" version="1" changeset="162110875" timestamp="2025-02-04T05:40:41Z" user="jake-low" uid="8794039" lat="39.2731537" lon="-119.8186958"/>
 <node id="12555846776" visible="true" version="1" changeset="162110875" timestamp="2025-02-04T05:40:41Z" user="jake-low" uid="8794039" lat="39.2731648" lon="-119.8174421"/>
 <node id="12555846777" visible="true" version="1" changeset="162110875" timestamp="2025-02-04T05:40:41Z" user="jake-low" uid="8794039" lat="39.2734219" lon="-119.8174456"/>
 <node id="13156097168" visible="true" version="1" changeset="172176138" timestamp="2025-09-19T17:59:20Z" user="Joseph R P" uid="10944197" lat="39.2438686" lon="-119.8133026"/>
 <node id="13156097169" visible="true" version="1" changeset="172176138" timestamp="2025-09-19T17:59:20Z" user="Joseph R P" uid="10944197" lat="39.2439230" lon="-119.8129119"/>
 <node id="13156104326" visible="true" version="1" changeset="172176111" timestamp="2025-09-19T17:58:37Z" user="Joseph R P" uid="10944197" lat="39.2470328" lon="-119.8118244">
  <tag k="highway" v="stop"/>
 </node>
 <node id="13156104327" visible="true" version="1" changeset="172176111" timestamp="2025-09-19T17:58:37Z" user="Joseph R P" uid="10944197" lat="39.2471490" lon="-119.8114535">
  <tag k="barrier" v="cattle_grid"/>
 </node>
 <node id="13156104328" visible="true" version="1" changeset="172176111" timestamp="2025-09-19T17:58:37Z" user="Joseph R P" uid="10944197" lat="39.2472029" lon="-119.8153393">
  <tag k="highway" v="stop"/>
 </node>
 <way id="14370608" visible="true" version="16" changeset="172176111" timestamp="2025-09-19T17:58:37Z" user="Joseph R P" uid="10944197">
  <nd ref="5330309078"/>
  <nd ref="5326329628"/>
  <nd ref="139996867"/>
  <nd ref="139996864"/>
  <nd ref="139996861"/>
  <nd ref="139996859"/>
  <nd ref="139996853"/>
  <nd ref="139996851"/>
  <nd ref="139996848"/>
  <nd ref="139996845"/>
  <nd ref="139996842"/>
  <nd ref="139996840"/>
  <nd ref="139996836"/>
  <nd ref="139996833"/>
  <nd ref="139996832"/>
  <nd ref="139996831"/>
  <nd ref="13156104326"/>
  <nd ref="139996829"/>
  <tag k="bicycle" v="no"/>
  <tag k="destination:street" v="Bellevue Road"/>
  <tag k="foot" v="no"/>
  <tag k="highway" v="motorway_link"/>
  <tag k="horse" v="no"/>
  <tag k="junction:ref" v="12"/>
  <tag k="lanes" v="1"/>
  <tag k="maxspeed" v="35 mph"/>
  <tag k="oneway" v="yes"/>
  <tag k="surface" v="asphalt"/>
  <tag k="tiger:cfcc" v="A63"/>
  <tag k="tiger:county" v="Washoe, NV"/>
  <tag k="tiger:reviewed" v="no"/>
 </way>
 <way id="14370612" visible="true" version="11" changeset="72223535" timestamp="2019-07-14T05:20:05Z" user="user_1282393" uid="1282393">
  <nd ref="139996949"/>
  <nd ref="139996952"/>
  <nd ref="139996958"/>
  <nd ref="139996960"/>
  <nd ref="139996962"/>
  <nd ref="139996964"/>
  <nd ref="139996967"/>
  <nd ref="139996970"/>
  <nd ref="139996973"/>
  <nd ref="139996976"/>
  <nd ref="139996981"/>
  <nd ref="139996986"/>
  <nd ref="139996989"/>
  <nd ref="139996992"/>
  <nd ref="139996995"/>
  <nd ref="139996998"/>
  <nd ref="139996999"/>
  <nd ref="139997002"/>
  <nd ref="139997005"/>
  <nd ref="139997008"/>
  <nd ref="139997011"/>
  <nd ref="139997015"/>
  <nd ref="139997021"/>
  <tag k="bicycle" v="no"/>
  <tag k="destination" v="Reno"/>
  <tag k="destination:ref" v="I 580 North;US 395 North"/>
  <tag k="destination:street" v="Washoe Lake Freeway"/>
  <tag k="foot" v="no"/>
  <tag k="highway" v="motorway_link"/>
  <tag k="horse" v="no"/>
  <tag k="maxspeed" v="70 mph"/>
  <tag k="oneway" v="yes"/>
  <tag k="surface" v="paved"/>
  <tag k="tiger:cfcc" v="A63"/>
  <tag k="tiger:county" v="Washoe, NV"/>
  <tag k="tiger:reviewed" v="no"/>
 </way>
 <way id="14381569" visible="true" version="19" changeset="172176111" timestamp="2025-09-19T17:58:37Z" user="Joseph R P" uid="10944197">
  <nd ref="140217984"/>
  <nd ref="140217987"/>
  <nd ref="140217995"/>
  <nd ref="140217998"/>
  <nd ref="140218001"/>
  <nd ref="140218005"/>
  <nd ref="140218010"/>
  <nd ref="140218013"/>
  <nd ref="140218016"/>
  <nd ref="140218022"/>
  <nd ref="140218030"/>
  <nd ref="140218032"/>
  <nd ref="13156104328"/>
  <nd ref="4111136613"/>
  <tag k="bicycle" v="no"/>
  <tag k="destination:street" v="Bellevue Road"/>
  <tag k="foot" v="no"/>
  <tag k="highway" v="motorway_link"/>
  <tag k="horse" v="no"/>
  <tag k="junction:ref" v="12"/>
  <tag k="lanes" v="1"/>
  <tag k="maxspeed" v="30 mph"/>
  <tag k="oneway" v="yes"/>
  <tag k="surface" v="asphalt"/>
  <tag k="tiger:cfcc" v="A63"/>
  <tag k="tiger:county" v="Washoe, NV"/>
  <tag k="tiger:reviewed" v="no"/>
 </way>
 <way id="14393652" visible="true" version="6" changeset="94747333" timestamp="2020-11-25T05:40:25Z" user="BryanOSullivan" uid="10729167">
  <nd ref="140289130"/>
  <nd ref="8163322007"/>
  <nd ref="8163335431"/>
  <nd ref="140515749"/>
  <tag k="highway" v="track"/>
  <tag k="name" v="Owyhee Street"/>
  <tag k="tiger:cfcc" v="A41"/>
  <tag k="tiger:county" v="Washoe, NV"/>
  <tag k="tiger:name_base" v="Owyhee"/>
  <tag k="tiger:name_type" v="St"/>
  <tag k="tiger:reviewed" v="no"/>
 </way>
 <way id="32405971" visible="true" version="10" changeset="118788405" timestamp="2022-03-22T17:41:05Z" user="NFZANMNIM" uid="1980310">
  <nd ref="364606109"/>
  <nd ref="364606111"/>
  <nd ref="364606112"/>
  <nd ref="364606113"/>
  <nd ref="364606114"/>
  <nd ref="364606115"/>
  <nd ref="364606116"/>
  <nd ref="364606118"/>
  <nd ref="364606119"/>
  <nd ref="364606120"/>
  <nd ref="364606121"/>
  <nd ref="364606122"/>
  <nd ref="8737418311"/>
  <nd ref="364606124"/>
  <nd ref="364606125"/>
  <nd ref="364606127"/>
  <nd ref="364606128"/>
  <nd ref="364606129"/>
  <nd ref="364606131"/>
  <nd ref="364606132"/>
  <nd ref="364606133"/>
  <nd ref="364606134"/>
  <nd ref="364606135"/>
  <nd ref="364606136"/>
  <nd ref="364606137"/>
  <nd ref="364606139"/>
  <nd ref="364606140"/>
  <nd ref="364606141"/>
  <nd ref="364606142"/>
  <nd ref="364606143"/>
  <nd ref="364606145"/>
  <nd ref="364606147"/>
  <nd ref="364606148"/>
  <nd ref="364606149"/>
  <nd ref="364606150"/>
  <nd ref="364606151"/>
  <nd ref="364606152"/>
  <nd ref="364606154"/>
  <nd ref="364606155"/>
  <nd ref="364606156"/>
  <nd ref="364606157"/>
  <nd ref="364606158"/>
  <nd ref="364606159"/>
  <nd ref="364606161"/>
  <nd ref="364606163"/>
  <nd ref="364606164"/>
  <nd ref="364606165"/>
  <nd ref="364606166"/>
  <nd ref="364606167"/>
  <nd ref="364606169"/>
  <nd ref="364606170"/>
  <nd ref="364606171"/>
  <nd ref="364606172"/>
  <nd ref="364606173"/>
  <nd ref="364606175"/>
  <nd ref="364606176"/>
  <nd ref="364606177"/>
  <nd ref="364606178"/>
  <nd ref="364606179"/>
  <nd ref="364606180"/>
  <nd ref="364606182"/>
  <nd ref="364606184"/>
  <nd ref="364606185"/>
  <nd ref="364606186"/>
  <nd ref="364606187"/>
  <nd ref="364606188"/>
  <nd ref="364606189"/>
  <nd ref="364606190"/>
  <nd ref="364606191"/>
  <nd ref="364606193"/>
  <nd ref="364606194"/>
  <nd ref="364606195"/>
  <nd ref="364606196"/>
  <nd ref="364606197"/>
  <nd ref="364606198"/>
  <nd ref="364606199"/>
  <nd ref="364606200"/>
  <nd ref="364606202"/>
  <nd ref="364606203"/>
  <nd ref="364606204"/>
  <nd ref="364606205"/>
  <nd ref="364606206"/>
  <nd ref="364606207"/>
  <nd ref="364606208"/>
  <nd ref="364606209"/>
  <nd ref="364606211"/>
  <nd ref="364606212"/>
  <nd ref="364606214"/>
  <nd ref="364606215"/>
  <nd ref="364606216"/>
  <nd ref="364606217"/>
  <nd ref="364606218"/>
  <nd ref="364606219"/>
  <nd ref="364606220"/>
  <nd ref="364606221"/>
  <nd ref="364606222"/>
  <nd ref="364606223"/>
  <nd ref="364606224"/>
  <nd ref="364606226"/>
  <nd ref="364606227"/>
  <nd ref="364606228"/>
  <nd ref="364606229"/>
  <nd ref="364606230"/>
  <nd ref="364606231"/>
  <nd ref="364606232"/>
  <nd ref="364606233"/>
  <nd ref="364606234"/>
  <nd ref="364606235"/>
  <nd ref="364606236"/>
  <nd ref="364606237"/>
  <nd ref="364606238"/>
  <nd ref="364606241"/>
  <nd ref="364606242"/>
  <nd ref="364606243"/>
  <nd ref="364606244"/>
  <nd ref="364606245"/>
  <nd ref="364606246"/>
  <nd ref="364606247"/>
  <nd ref="364606248"/>
  <nd ref="364606249"/>
  <nd ref="364606250"/>
  <nd ref="364606252"/>
  <nd ref="364606253"/>
  <nd ref="364606254"/>
  <nd ref="364606255"/>
  <nd ref="364606256"/>
  <nd ref="364606257"/>
  <nd ref="364606258"/>
  <nd ref="364606259"/>
  <nd ref="364606260"/>
  <nd ref="364606261"/>
  <nd ref="364606262"/>
  <nd ref="364606264"/>
  <nd ref="364606265"/>
  <nd ref="364606266"/>
  <nd ref="364606267"/>
  <nd ref="364606268"/>
  <nd ref="364606269"/>
  <nd ref="364606270"/>
  <nd ref="364606271"/>
  <nd ref="364606273"/>
  <nd ref="364606274"/>
  <nd ref="364606275"/>
  <nd ref="364606277"/>
  <nd ref="364606278"/>
  <nd ref="364606279"/>
  <nd ref="364606280"/>
  <nd ref="364606281"/>
  <nd ref="364606282"/>
  <nd ref="364606283"/>
  <nd ref="364606284"/>
  <nd ref="364606285"/>
  <nd ref="364606286"/>
  <nd ref="8914926838"/>
  <nd ref="364606287"/>
  <nd ref="8914926860"/>
  <nd ref="364606289"/>
  <nd ref="8914926859"/>
  <nd ref="8914926858"/>
  <nd ref="364606290"/>
  <nd ref="364606291"/>
  <nd ref="364606292"/>
  <nd ref="364606293"/>
  <nd ref="364606294"/>
  <nd ref="364606295"/>
  <nd ref="364606296"/>
  <nd ref="364606297"/>
  <nd ref="364606298"/>
  <nd ref="364606299"/>
  <nd ref="364606301"/>
  <nd ref="364606302"/>
  <nd ref="364606303"/>
  <nd ref="364606304"/>
  <nd ref="364606305"/>
  <nd ref="364606306"/>
  <nd ref="364606307"/>
  <nd ref="364606308"/>
  <nd ref="364606310"/>
  <nd ref="364606311"/>
  <nd ref="364606313"/>
  <nd ref="364606314"/>
  <nd ref="364606315"/>
  <nd ref="364606316"/>
  <nd ref="364606317"/>
  <nd ref="364606318"/>
  <nd ref="364606319"/>
  <nd ref="364606320"/>
  <nd ref="364606321"/>
  <nd ref="364606322"/>
  <nd ref="364606324"/>
  <nd ref="364606325"/>
  <nd ref="364606326"/>
  <nd ref="364606327"/>
  <nd ref="364606328"/>
  <nd ref="364606329"/>
  <nd ref="364606331"/>
  <nd ref="364606332"/>
  <nd ref="364606333"/>
  <nd ref="364606335"/>
  <nd ref="364606336"/>
  <nd ref="364606337"/>
  <nd ref="364606338"/>
  <nd ref="364606339"/>
  <nd ref="364606340"/>
  <nd ref="364606342"/>
  <nd ref="364606343"/>
  <nd ref="364606344"/>
  <nd ref="364606345"/>
  <nd ref="364606346"/>
  <nd ref="364606347"/>
  <nd ref="364606348"/>
  <nd ref="364606349"/>
  <nd ref="364606350"/>
  <nd ref="364606351"/>
  <nd ref="364606353"/>
  <nd ref="364606354"/>
  <nd ref="8737418265"/>
  <nd ref="364606355"/>
  <nd ref="364606356"/>
  <nd ref="364606357"/>
  <nd ref="364606358"/>
  <nd ref="364606359"/>
  <nd ref="364606360"/>
  <nd ref="364606361"/>
  <nd ref="364606362"/>
  <nd ref="364606363"/>
  <nd ref="364606364"/>
  <nd ref="364606366"/>
  <nd ref="364606367"/>
  <nd ref="364606368"/>
  <nd ref="364606370"/>
  <nd ref="364606371"/>
  <nd ref="364606372"/>
  <nd ref="364606373"/>
  <nd ref="364606374"/>
  <nd ref="364606375"/>
  <nd ref="364606376"/>
  <nd ref="364606377"/>
  <nd ref="364606378"/>
  <nd ref="364606379"/>
  <nd ref="364606381"/>
  <nd ref="364606382"/>
  <nd ref="364606383"/>
  <nd ref="364606384"/>
  <nd ref="364606385"/>
  <nd ref="364606386"/>
  <nd ref="364606387"/>
  <nd ref="364606388"/>
  <nd ref="364606389"/>
  <nd ref="364606390"/>
  <nd ref="364606392"/>
  <nd ref="364606393"/>
  <nd ref="364606394"/>
  <nd ref="364606395"/>
  <nd ref="364606396"/>
  <nd ref="364606397"/>
  <nd ref="364606398"/>
  <nd ref="7412571512"/>
  <nd ref="364606399"/>
  <nd ref="7412571511"/>
  <nd ref="7412571510"/>
  <nd ref="7412571509"/>
  <nd ref="364606400"/>
  <nd ref="364606401"/>
  <nd ref="7412571508"/>
  <nd ref="7412571507"/>
  <nd ref="364606402"/>
  <nd ref="7412571506"/>
  <nd ref="7412571505"/>
  <nd ref="7412563774"/>
  <nd ref="7412563773"/>
  <nd ref="364606403"/>
  <nd ref="7412563772"/>
  <nd ref="7412563771"/>
  <nd ref="7412563770"/>
  <nd ref="364606404"/>
  <nd ref="7412563769"/>
  <nd ref="364606407"/>
  <nd ref="7412563768"/>
  <nd ref="364606408"/>
  <nd ref="7412563767"/>
  <nd ref="364606409"/>
  <nd ref="364606410"/>
  <nd ref="7412563766"/>
  <nd ref="3101316758"/>
  <nd ref="364606411"/>
  <nd ref="364606412"/>
  <nd ref="364606413"/>
  <nd ref="364606414"/>
  <nd ref="364606416"/>
  <nd ref="364606417"/>
  <nd ref="364606418"/>
  <nd ref="364606419"/>
  <nd ref="364606420"/>
  <nd ref="364606642"/>
  <nd ref="364606643"/>
  <nd ref="364606645"/>
  <nd ref="364606646"/>
  <nd ref="364606647"/>
  <nd ref="364606648"/>
  <nd ref="364606649"/>
  <nd ref="364606650"/>
  <nd ref="364606651"/>
  <nd ref="364606652"/>
  <nd ref="364606654"/>
  <nd ref="364606655"/>
  <nd ref="364606656"/>
  <nd ref="364606109"/>
  <tag k="name" v="Washoe Lake"/>
  <tag k="name:was" v="c'óʔyaʔ dáʔaw"/>
  <tag k="natural" v="water"/>
  <tag k="water" v="lake"/>
  <tag k="wikidata" v="Q2654727"/>
  <tag k="wikipedia" v="en:Washoe Lake State Park"/>
 </way>
 <way id="71498338" visible="true" version="17" changeset="116169838" timestamp="2022-01-15T02:34:51Z" user="btwhite92" uid="730573">
  <nd ref="4111142224"/>
  <nd ref="850445020"/>
  <tag k="bridge" v="yes"/>
  <tag k="highway" v="tertiary"/>
  <tag k="layer" v="1"/>
  <tag k="name" v="Bellevue Road"/>
 </way>
 <way id="71498350" visible="true" version="7" changeset="116169838" timestamp="2022-01-15T02:34:51Z" user="btwhite92" uid="730573">
  <nd ref="850445020"/>
  <nd ref="139996949"/>
  <nd ref="139996829"/>
  <tag k="highway" v="tertiary"/>
  <tag k="name" v="Bellevue Road"/>
 </way>
 <way id="164623111" visible="true" version="27" changeset="181176002" timestamp="2026-04-11T06:23:50Z" user="Flap Slimy Outward" uid="22417964">
  <nd ref="139997021"/>
  <nd ref="140470208"/>
  <nd ref="140470205"/>
  <nd ref="140470203"/>
  <nd ref="4797570113"/>
  <tag k="bicycle" v="no"/>
  <tag k="foot" v="no"/>
  <tag k="hgv" v="designated"/>
  <tag k="hgv:national_network" v="yes"/>
  <tag k="highway" v="motorway"/>
  <tag k="horse" v="no"/>
  <tag k="lanes" v="2"/>
  <tag k="maxspeed" v="70 mph"/>
  <tag k="name" v="Carson City Freeway"/>
  <tag k="NHS" v="Interstate"/>
  <tag k="oneway" v="yes"/>
  <tag k="ref" v="I 580;US 395"/>
  <tag k="source:hgv:national_network" v="Title 23: Highways Part 658 http://ecfr.gpoaccess.gov/cgi/t/text/text-idx?c=ecfr&amp;rgn=div5&amp;view=text&amp;node=23:1.0.1.7.33&amp;idno=23 and document from NDOT listing the FAP routes"/>
  <tag k="surface" v="asphalt"/>
 </way>
 <way id="183528094" visible="true" version="4" changeset="172176111" timestamp="2025-09-19T17:58:37Z" user="Joseph R P" uid="10944197">
  <nd ref="139996829"/>
  <nd ref="13156104327"/>
  <nd ref="140289130"/>
  <tag k="highway" v="residential"/>
  <tag k="name" v="Bellevue Road"/>
  <tag k="tiger:cfcc" v="A41"/>
  <tag k="tiger:county" v="Washoe, NV"/>
  <tag k="tiger:name_base" v="Bellevue"/>
  <tag k="tiger:name_type" v="Rd"/>
  <tag k="tiger:reviewed" v="no"/>
 </way>
 <way id="409213510" visible="true" version="6" changeset="116169838" timestamp="2022-01-15T02:34:51Z" user="btwhite92" uid="730573">
  <nd ref="4111142224"/>
  <nd ref="4111136613"/>
  <tag k="highway" v="tertiary"/>
  <tag k="name" v="Bellevue Road"/>
  <tag k="tiger:reviewed" v="no"/>
 </way>
 <way id="409213971" visible="true" version="6" changeset="116169838" timestamp="2022-01-15T02:34:51Z" user="btwhite92" uid="730573">
  <nd ref="4111136613"/>
  <nd ref="4111156796"/>
  <nd ref="140289121"/>
  <tag k="highway" v="tertiary"/>
  <tag k="name" v="Bellevue Road"/>
  <tag k="tiger:reviewed" v="no"/>
 </way>
 <way id="551523826" visible="true" version="9" changeset="170634795" timestamp="2025-08-18T18:22:30Z" user="AwesomeElite55" uid="23202440">
  <nd ref="4111136613"/>
  <nd ref="5326316854"/>
  <nd ref="5326316856"/>
  <nd ref="5326316858"/>
  <nd ref="5326316855"/>
  <nd ref="5326316859"/>
  <nd ref="5326316852"/>
  <nd ref="5326316857"/>
  <nd ref="5326316860"/>
  <nd ref="5326316861"/>
  <nd ref="5326319361"/>
  <nd ref="5326319360"/>
  <nd ref="5330299757"/>
  <tag k="bicycle" v="no"/>
  <tag k="destination" v="Carson City;South Lake Tahoe"/>
  <tag k="destination:ref" v="I 580 South;US 395 South"/>
  <tag k="destination:street" v="Washoe Lake Freeway"/>
  <tag k="foot" v="no"/>
  <tag k="highway" v="motorway_link"/>
  <tag k="horse" v="no"/>
  <tag k="lanes" v="1"/>
  <tag k="maxspeed" v="70 mph"/>
  <tag k="oneway" v="yes"/>
  <tag k="surface" v="asphalt"/>
 </way>
 <way id="552013984" visible="true" version="9" changeset="181176002" timestamp="2026-04-11T06:23:50Z" user="Flap Slimy Outward" uid="22417964">
  <nd ref="5330299757"/>
  <nd ref="13156097168"/>
  <nd ref="5330296339"/>
  <nd ref="5330296335"/>
  <nd ref="5330296337"/>
  <nd ref="5330296333"/>
  <nd ref="5330296336"/>
  <nd ref="5330296342"/>
  <nd ref="5330296340"/>
  <nd ref="5330296338"/>
  <nd ref="5330296332"/>
  <nd ref="5330296334"/>
  <nd ref="5330296341"/>
  <tag k="bicycle" v="no"/>
  <tag k="foot" v="no"/>
  <tag k="hgv" v="designated"/>
  <tag k="hgv:national_network" v="yes"/>
  <tag k="highway" v="motorway"/>
  <tag k="horse" v="no"/>
  <tag k="lanes" v="2"/>
  <tag k="maxspeed" v="70 mph"/>
  <tag k="name" v="Carson City Freeway"/>
  <tag k="NHS" v="Interstate"/>
  <tag k="oneway" v="yes"/>
  <tag k="ref" v="I 580;US 395"/>
  <tag k="source:hgv:national_network" v="Title 23: Highways Part 658 http://ecfr.gpoaccess.gov/cgi/t/text/text-idx?c=ecfr&amp;rgn=div5&amp;view=text&amp;node=23:1.0.1.7.33&amp;idno=23 and document from NDOT listing the FAP routes"/>
  <tag k="surface" v="asphalt"/>
 </way>
 <way id="552014392" visible="true" version="8" changeset="181176002" timestamp="2026-04-11T06:23:50Z" user="Flap Slimy Outward" uid="22417964">
  <nd ref="140217984"/>
  <nd ref="5330299757"/>
  <tag k="bicycle" v="no"/>
  <tag k="foot" v="no"/>
  <tag k="hgv" v="designated"/>
  <tag k="hgv:national_network" v="yes"/>
  <tag k="highway" v="motorway"/>
  <tag k="horse" v="no"/>
  <tag k="lanes" v="2"/>
  <tag k="maxspeed" v="70 mph"/>
  <tag k="name" v="Carson City Freeway"/>
  <tag k="NHS" v="Interstate"/>
  <tag k="oneway" v="yes"/>
  <tag k="ref" v="I 580;US 395"/>
  <tag k="source:hgv:national_network" v="Title 23: Highways Part 658 http://ecfr.gpoaccess.gov/cgi/t/text/text-idx?c=ecfr&amp;rgn=div5&amp;view=text&amp;node=23:1.0.1.7.33&amp;idno=23 and document from NDOT listing the FAP routes"/>
  <tag k="surface" v="asphalt"/>
 </way>
 <way id="552015653" visible="true" version="8" changeset="181176002" timestamp="2026-04-11T06:23:50Z" user="Flap Slimy Outward" uid="22417964">
  <nd ref="5330309078"/>
  <nd ref="13156097169"/>
  <nd ref="139997021"/>
  <tag k="bicycle" v="no"/>
  <tag k="foot" v="no"/>
  <tag k="hgv" v="designated"/>
  <tag k="hgv:national_network" v="yes"/>
  <tag k="highway" v="motorway"/>
  <tag k="horse" v="no"/>
  <tag k="lanes" v="2"/>
  <tag k="maxspeed" v="70 mph"/>
  <tag k="name" v="Carson City Freeway"/>
  <tag k="NHS" v="Interstate"/>
  <tag k="oneway" v="yes"/>
  <tag k="ref" v="I 580;US 395"/>
  <tag k="source:hgv:national_network" v="Title 23: Highways Part 658 http://ecfr.gpoaccess.gov/cgi/t/text/text-idx?c=ecfr&amp;rgn=div5&amp;view=text&amp;node=23:1.0.1.7.33&amp;idno=23 and document from NDOT listing the FAP routes"/>
  <tag k="surface" v="asphalt"/>
 </way>
 <way id="877388595" visible="true" version="1" changeset="94747333" timestamp="2020-11-25T05:40:25Z" user="BryanOSullivan" uid="10729167">
  <nd ref="140289130"/>
  <nd ref="8163321988"/>
  <nd ref="8163321989"/>
  <nd ref="8163321990"/>
  <nd ref="8163321991"/>
  <nd ref="8163321992"/>
  <nd ref="8163321993"/>
  <nd ref="8163321994"/>
  <tag k="highway" v="track"/>
 </way>
 <way id="877388596" visible="true" version="1" changeset="94747333" timestamp="2020-11-25T05:40:25Z" user="BryanOSullivan" uid="10729167">
  <nd ref="8163321988"/>
  <nd ref="8163321995"/>
  <nd ref="8163321996"/>
  <nd ref="8163321997"/>
  <nd ref="8163321998"/>
  <nd ref="8163321999"/>
  <nd ref="8163322000"/>
  <nd ref="8163322001"/>
  <nd ref="8163322002"/>
  <nd ref="8163322003"/>
  <nd ref="8163322004"/>
  <nd ref="8163322005"/>
  <nd ref="8163322006"/>
  <tag k="highway" v="track"/>
 </way>
 <way id="877388597" visible="true" version="1" changeset="94747333" timestamp="2020-11-25T05:40:25Z" user="BryanOSullivan" uid="10729167">
  <nd ref="8163322007"/>
  <nd ref="8163322008"/>
  <nd ref="8163322009"/>
  <nd ref="8163322010"/>
  <nd ref="8163322011"/>
  <nd ref="8163322012"/>
  <nd ref="8163322013"/>
  <nd ref="8163322014"/>
  <nd ref="8163335443"/>
  <nd ref="8163322015"/>
  <nd ref="8163335459"/>
  <nd ref="8163322016"/>
  <nd ref="8163335417"/>
  <nd ref="8163335418"/>
  <nd ref="8163335419"/>
  <nd ref="8163335420"/>
  <nd ref="8163335421"/>
  <nd ref="8163335422"/>
  <nd ref="8163335423"/>
  <nd ref="8163335424"/>
  <nd ref="8163335425"/>
  <nd ref="8163335426"/>
  <nd ref="8163335427"/>
  <nd ref="8163321994"/>
  <nd ref="8163335428"/>
  <nd ref="8163335429"/>
  <nd ref="8163335430"/>
  <tag k="highway" v="track"/>
 </way>
 <way id="877388598" visible="true" version="1" changeset="94747333" timestamp="2020-11-25T05:40:25Z" user="BryanOSullivan" uid="10729167">
  <nd ref="140515749"/>
  <nd ref="8163335432"/>
  <nd ref="8163335433"/>
  <nd ref="8163335434"/>
  <nd ref="8163335435"/>
  <nd ref="8163335436"/>
  <nd ref="8163335437"/>
  <nd ref="8163335438"/>
  <nd ref="8163335439"/>
  <nd ref="8163335440"/>
  <nd ref="8163335441"/>
  <nd ref="8163335442"/>
  <tag k="highway" v="track"/>
 </way>
 <way id="877388599" visible="true" version="1" changeset="94747333" timestamp="2020-11-25T05:40:25Z" user="BryanOSullivan" uid="10729167">
  <nd ref="8163335443"/>
  <nd ref="8163335444"/>
  <nd ref="8163335445"/>
  <nd ref="8163335446"/>
  <nd ref="8163335447"/>
  <nd ref="8163335448"/>
  <nd ref="8163335449"/>
  <nd ref="8163335450"/>
  <nd ref="8163335451"/>
  <nd ref="8163335452"/>
  <nd ref="8163335453"/>
  <tag k="highway" v="track"/>
 </way>
 <way id="877388600" visible="true" version="1" changeset="94747333" timestamp="2020-11-25T05:40:25Z" user="BryanOSullivan" uid="10729167">
  <nd ref="8163321990"/>
  <nd ref="8163335454"/>
  <nd ref="8163335455"/>
  <nd ref="8163335456"/>
  <nd ref="8163335457"/>
  <nd ref="8163335458"/>
  <nd ref="8163335459"/>
  <nd ref="8163335460"/>
  <nd ref="8163335447"/>
  <tag k="highway" v="track"/>
 </way>
 <way id="882238503" visible="true" version="2" changeset="155957741" timestamp="2024-08-30T06:36:28Z" user="Angry_Tau" uid="21869141">
  <nd ref="8204580833"/>
  <nd ref="8204580834"/>
  <nd ref="8204580835"/>
  <nd ref="8204580836"/>
  <nd ref="8204580837"/>
  <nd ref="8204580838"/>
  <nd ref="3005116993"/>
  <nd ref="8204580840"/>
  <nd ref="8204580841"/>
  <nd ref="8204580842"/>
  <nd ref="8204580843"/>
  <nd ref="8204580844"/>
  <nd ref="8204580845"/>
  <nd ref="8204580846"/>
  <nd ref="8204580847"/>
  <nd ref="8204580833"/>
  <tag k="landuse" v="residential"/>
 </way>
 <way id="1338498518" visible="true" version="1" changeset="159683444" timestamp="2024-11-28T02:23:44Z" user="Angry_Tau" uid="21869141">
  <nd ref="12381274603"/>
  <nd ref="12381270700"/>
  <nd ref="12381274601"/>
  <nd ref="12381274602"/>
  <nd ref="12381274603"/>
  <tag k="addr:city" v="Carson City"/>
  <tag k="addr:county" v="Washoe"/>
  <tag k="addr:housenumber" v="5770"/>
  <tag k="addr:postcode" v="89704"/>
  <tag k="addr:state" v="NV"/>
  <tag k="addr:street" v="Whitman Street"/>
  <tag k="building" v="house"/>
 </way>
 <way id="1338502915" visible="true" version="1" changeset="159683450" timestamp="2024-11-28T02:23:59Z" user="Angry_Tau" uid="21869141">
  <nd ref="12381309872"/>
  <nd ref="12381309871"/>
  <nd ref="12381309870"/>
  <nd ref="12381309869"/>
  <nd ref="12381309868"/>
  <nd ref="12381309867"/>
  <nd ref="12381309866"/>
  <nd ref="12381309865"/>
  <nd ref="12381309872"/>
  <tag k="addr:city" v="Carson City"/>
  <tag k="addr:county" v="Washoe"/>
  <tag k="addr:housenumber" v="5750"/>
  <tag k="addr:postcode" v="89704"/>
  <tag k="addr:state" v="NV"/>
  <tag k="addr:street" v="Whitman Street"/>
  <tag k="building" v="house"/>
  <tag k="source" v="WC GIS"/>
 </way>
 <way id="1338502916" visible="true" version="1" changeset="159683450" timestamp="2024-11-28T02:23:59Z" user="Angry_Tau" uid="21869141">
  <nd ref="12381309876"/>
  <nd ref="12381309875"/>
  <nd ref="12381309874"/>
  <nd ref="12381309873"/>
  <nd ref="12381309876"/>
  <tag k="building" v="yes"/>
 </way>
 <way id="1338502917" visible="true" version="1" changeset="159683450" timestamp="2024-11-28T02:23:59Z" user="Angry_Tau" uid="21869141">
  <nd ref="12381309880"/>
  <nd ref="12381309879"/>
  <nd ref="12381309878"/>
  <nd ref="12381309877"/>
  <nd ref="12381309880"/>
  <tag k="building" v="shed"/>
  <tag k="source" v="WC GIS"/>
 </way>
 <way id="1338502919" visible="true" version="1" changeset="159683450" timestamp="2024-11-28T02:23:59Z" user="Angry_Tau" uid="21869141">
  <nd ref="12381309902"/>
  <nd ref="12381309901"/>
  <nd ref="12381309900"/>
  <nd ref="12381309899"/>
  <nd ref="12381309898"/>
  <nd ref="12381309897"/>
  <nd ref="12381309896"/>
  <nd ref="12381309895"/>
  <nd ref="12381309894"/>
  <nd ref="12381309893"/>
  <nd ref="12381309892"/>
  <nd ref="12381309891"/>
  <nd ref="12381309890"/>
  <nd ref="12381309889"/>
  <nd ref="12381309902"/>
  <tag k="addr:city" v="Carson City"/>
  <tag k="addr:county" v="Washoe"/>
  <tag k="addr:housenumber" v="5780"/>
  <tag k="addr:postcode" v="89704"/>
  <tag k="addr:state" v="NV"/>
  <tag k="addr:street" v="Whitman Street"/>
  <tag k="building" v="house"/>
  <tag k="source" v="WC GIS"/>
 </way>
 <way id="1338502931" visible="true" version="1" changeset="159683450" timestamp="2024-11-28T02:23:59Z" user="Angry_Tau" uid="21869141">
  <nd ref="12381310064"/>
  <nd ref="12381310063"/>
  <nd ref="12381310062"/>
  <nd ref="12381310061"/>
  <nd ref="12381310060"/>
  <nd ref="12381310059"/>
  <nd ref="12381310058"/>
  <nd ref="12381310057"/>
  <nd ref="12381310056"/>
  <nd ref="12381310055"/>
  <nd ref="12381310064"/>
  <tag k="addr:city" v="Carson City"/>
  <tag k="addr:county" v="Washoe"/>
  <tag k="addr:housenumber" v="5720"/>
  <tag k="addr:postcode" v="89704"/>
  <tag k="addr:state" v="NV"/>
  <tag k="addr:street" v="Whitman Street"/>
  <tag k="building" v="house"/>
  <tag k="source" v="WC GIS"/>
 </way>
 <way id="1338502932" visible="true" version="1" changeset="159683450" timestamp="2024-11-28T02:23:59Z" user="Angry_Tau" uid="21869141">
  <nd ref="12381310068"/>
  <nd ref="12381310067"/>
  <nd ref="12381310066"/>
  <nd ref="12381310065"/>
  <nd ref="12381310068"/>
  <tag k="building" v="shed"/>
  <tag k="source" v="WC GIS"/>
 </way>
 <way id="1338502933" visible="true" version="1" changeset="159683450" timestamp="2024-11-28T02:23:59Z" user="Angry_Tau" uid="21869141">
  <nd ref="12381310072"/>
  <nd ref="12381310071"/>
  <nd ref="12381310070"/>
  <nd ref="12381310069"/>
  <nd ref="12381310072"/>
  <tag k="building" v="shed"/>
  <tag k="source" v="WC GIS"/>
 </way>
 <way id="1338502934" visible="true" version="1" changeset="159683450" timestamp="2024-11-28T02:23:59Z" user="Angry_Tau" uid="21869141">
  <nd ref="12381310076"/>
  <nd ref="12381310075"/>
  <nd ref="12381310074"/>
  <nd ref="12381310073"/>
  <nd ref="12381310076"/>
  <tag k="building" v="shed"/>
  <tag k="source" v="WC GIS"/>
 </way>
 <way id="1338502939" visible="true" version="1" changeset="159683450" timestamp="2024-11-28T02:23:59Z" user="Angry_Tau" uid="21869141">
  <nd ref="12381310115"/>
  <nd ref="12381310114"/>
  <nd ref="12381310113"/>
  <nd ref="12381310112"/>
  <nd ref="12381310115"/>
  <tag k="building" v="yes"/>
 </way>
 <way id="1338502940" visible="true" version="1" changeset="159683450" timestamp="2024-11-28T02:23:59Z" user="Angry_Tau" uid="21869141">
  <nd ref="12381310119"/>
  <nd ref="12381310118"/>
  <nd ref="12381310117"/>
  <nd ref="12381310116"/>
  <nd ref="12381310119"/>
  <tag k="building" v="shed"/>
  <tag k="source" v="WC GIS"/>
 </way>
 <way id="1338502941" visible="true" version="1" changeset="159683450" timestamp="2024-11-28T02:23:59Z" user="Angry_Tau" uid="21869141">
  <nd ref="12381310123"/>
  <nd ref="12381310122"/>
  <nd ref="12381310121"/>
  <nd ref="12381310120"/>
  <nd ref="12381310123"/>
  <tag k="building" v="shed"/>
  <tag k="source" v="WC GIS"/>
 </way>
 <way id="1338502942" visible="true" version="1" changeset="159683450" timestamp="2024-11-28T02:23:59Z" user="Angry_Tau" uid="21869141">
  <nd ref="12381310127"/>
  <nd ref="12381310126"/>
  <nd ref="12381310125"/>
  <nd ref="12381310124"/>
  <nd ref="12381310127"/>
  <tag k="building" v="shed"/>
  <tag k="source" v="WC GIS"/>
 </way>
 <way id="1338502944" visible="true" version="1" changeset="159683450" timestamp="2024-11-28T02:23:59Z" user="Angry_Tau" uid="21869141">
  <nd ref="12381310143"/>
  <nd ref="12381310142"/>
  <nd ref="12381310141"/>
  <nd ref="12381310140"/>
  <nd ref="12381310139"/>
  <nd ref="12381310138"/>
  <nd ref="12381310143"/>
  <tag k="building" v="yes"/>
 </way>
 <way id="1338502945" visible="true" version="1" changeset="159683450" timestamp="2024-11-28T02:23:59Z" user="Angry_Tau" uid="21869141">
  <nd ref="12381310147"/>
  <nd ref="12381310146"/>
  <nd ref="12381310145"/>
  <nd ref="12381310144"/>
  <nd ref="12381310147"/>
  <tag k="building" v="shed"/>
  <tag k="source" v="WC GIS"/>
 </way>
 <way id="1338502946" visible="true" version="1" changeset="159683450" timestamp="2024-11-28T02:23:59Z" user="Angry_Tau" uid="21869141">
  <nd ref="12381310151"/>
  <nd ref="12381310150"/>
  <nd ref="12381310149"/>
  <nd ref="12381310148"/>
  <nd ref="12381310151"/>
  <tag k="building" v="shed"/>
  <tag k="source" v="WC GIS"/>
 </way>
 <way id="1338502986" visible="true" version="1" changeset="159683450" timestamp="2024-11-28T02:23:59Z" user="Angry_Tau" uid="21869141">
  <nd ref="12381310547"/>
  <nd ref="12381310546"/>
  <nd ref="12381310545"/>
  <nd ref="12381310544"/>
  <nd ref="12381310547"/>
  <tag k="addr:city" v="Carson City"/>
  <tag k="addr:county" v="Washoe"/>
  <tag k="addr:housenumber" v="345"/>
  <tag k="addr:postcode" v="89704"/>
  <tag k="addr:state" v="NV"/>
  <tag k="addr:street" v="Bellevue Road"/>
  <tag k="building" v="fire_station"/>
 </way>
 <way id="1356602073" visible="true" version="2" changeset="165256651" timestamp="2025-04-21T20:09:54Z" user="idkwhatname2use" uid="16305471">
  <nd ref="12555846777"/>
  <nd ref="12555846776"/>
  <nd ref="12555846775"/>
  <nd ref="12555846774"/>
  <nd ref="12555846773"/>
  <nd ref="12555846772"/>
  <nd ref="12555846771"/>
  <nd ref="12555846770"/>
  <nd ref="12555846769"/>
  <nd ref="12555846768"/>
  <nd ref="12555846767"/>
  <nd ref="12555846766"/>
  <nd ref="12555846765"/>
  <nd ref="12555846764"/>
  <nd ref="12555846763"/>
  <nd ref="12555846762"/>
  <nd ref="12555846761"/>
  <nd ref="12555846760"/>
  <nd ref="12555846759"/>
  <nd ref="12555846758"/>
  <nd ref="12555846757"/>
  <nd ref="12555846756"/>
  <nd ref="12555846755"/>
  <nd ref="12555846754"/>
  <nd ref="12555846753"/>
  <nd ref="12555846752"/>
  <nd ref="12555846751"/>
  <nd ref="12555846750"/>
  <nd ref="12555846749"/>
  <nd ref="12555846748"/>
  <nd ref="12555846747"/>
  <nd ref="12555846746"/>
  <nd ref="12555846745"/>
  <nd ref="12555846744"/>
  <nd ref="12555846743"/>
  <nd ref="12555846742"/>
  <nd ref="12555846741"/>
  <nd ref="12555846740"/>
  <nd ref="12555846739"/>
  <nd ref="12555846738"/>
  <nd ref="12555846737"/>
  <nd ref="12555846736"/>
  <nd ref="12555846735"/>
  <nd ref="12555846734"/>
  <nd ref="12555846733"/>
  <nd ref="12555846732"/>
  <nd ref="12555846731"/>
  <nd ref="12555846730"/>
  <nd ref="12555846729"/>
  <nd ref="12555846728"/>
  <nd ref="12555846727"/>
  <nd ref="12555846726"/>
  <nd ref="12555846725"/>
  <nd ref="12555846724"/>
  <nd ref="12555846723"/>
  <nd ref="12555846722"/>
  <nd ref="12555846721"/>
  <nd ref="12555846720"/>
  <nd ref="12555846719"/>
  <nd ref="12555846718"/>
  <nd ref="12555846717"/>
  <nd ref="12555846716"/>
  <nd ref="12555846715"/>
  <nd ref="12555846714"/>
  <nd ref="12555846713"/>
  <nd ref="12555846712"/>
  <nd ref="12555846711"/>
  <nd ref="12555846710"/>
  <nd ref="12555846709"/>
  <nd ref="12555846708"/>
  <nd ref="12555846707"/>
  <nd ref="12555846706"/>
  <nd ref="12555846705"/>
  <nd ref="12555846704"/>
  <nd ref="12555846703"/>
  <nd ref="12555846702"/>
  <nd ref="263586007"/>
  <nd ref="439798188"/>
  <nd ref="439798150"/>
  <nd ref="12555836998"/>
  <nd ref="12555836997"/>
  <nd ref="12555836996"/>
  <nd ref="12555836995"/>
  <nd ref="12555836994"/>
  <nd ref="12555836993"/>
  <nd ref="12555836992"/>
  <nd ref="12555836991"/>
  <nd ref="12555836990"/>
  <nd ref="12555836989"/>
  <nd ref="9207947462"/>
  <nd ref="9207947463"/>
  <nd ref="9207947464"/>
  <nd ref="9207947465"/>
  <nd ref="9207947466"/>
  <nd ref="9207947467"/>
  <nd ref="12555846777"/>
 </way>
 <relation id="319757" visible="true" version="142" changeset="180482489" timestamp="2026-03-27T02:46:09Z" user="Flap Slimy Outward" uid="22417964">
  <member type="relation" ref="7188939" role=""/>
  <member type="relation" ref="2306487" role=""/>
  <member type="relation" ref="7185386" role=""/>
  <member type="relation" ref="2306488" role=""/>
  <member type="relation" ref="2306489" role=""/>
  <tag k="description" v="US 395 (super)"/>
  <tag k="name" v="U.S. Route 395"/>
  <tag k="network" v="US:US"/>
  <tag k="ref" v="395"/>
  <tag k="route" v="road"/>
  <tag k="symbol" v="http://en.wikipedia.org/wiki/File:US_395.svg"/>
  <tag k="type" v="superroute"/>
  <tag k="wikidata" v="Q1447963"/>
  <tag k="wikipedia" v="en:U.S. Route 395"/>
 </relation>
 <relation id="2395616" visible="true" version="119" changeset="181176002" timestamp="2026-04-11T06:23:50Z" user="Flap Slimy Outward" uid="22417964">
  <member type="way" ref="83293878" role="north"/>
  <member type="way" ref="692522592" role="south"/>
  <member type="way" ref="692522589" role="south"/>
  <member type="way" ref="91817412" role="south"/>
  <member type="way" ref="691547326" role="south"/>
  <member type="way" ref="691547327" role="south"/>
  <member type="way" ref="691547325" role="north"/>
  <member type="way" ref="691547317" role="north"/>
  <member type="way" ref="212256925" role="north"/>
  <member type="way" ref="691547328" role="south"/>
  <member type="way" ref="691150362" role="south"/>
  <member type="way" ref="691547314" role="south"/>
  <member type="way" ref="691547310" role="south"/>
  <member type="way" ref="1342409205" role="south"/>
  <member type="way" ref="1190700896" role="south"/>
  <member type="way" ref="1069485595" role="south"/>
  <member type="way" ref="1389112445" role="south"/>
  <member type="way" ref="33542333" role="south"/>
  <member type="way" ref="33542172" role="south"/>
  <member type="way" ref="33542150" role="south"/>
  <member type="way" ref="33542104" role="south"/>
  <member type="way" ref="33542108" role="south"/>
  <member type="way" ref="1190700893" role="south"/>
  <member type="way" ref="1344467987" role="south"/>
  <member type="way" ref="702488779" role="south"/>
  <member type="way" ref="33542087" role="south"/>
  <member type="way" ref="1069485591" role="south"/>
  <member type="way" ref="117987530" role="south"/>
  <member type="way" ref="1190700889" role="south"/>
  <member type="way" ref="33542041" role="south"/>
  <member type="way" ref="33542040" role="south"/>
  <member type="way" ref="33541939" role="south"/>
  <member type="way" ref="33541938" role="south"/>
  <member type="way" ref="117987631" role="south"/>
  <member type="way" ref="33541345" role="south"/>
  <member type="way" ref="33541344" role="south"/>
  <member type="way" ref="34152551" role="south"/>
  <member type="way" ref="34152550" role="south"/>
  <member type="way" ref="32860778" role="south"/>
  <member type="way" ref="32860787" role="south"/>
  <member type="way" ref="32861752" role="south"/>
  <member type="way" ref="181363152" role="south"/>
  <member type="way" ref="293581657" role="south"/>
  <member type="way" ref="293581658" role="south"/>
  <member type="way" ref="32905627" role="south"/>
  <member type="way" ref="32905630" role="south"/>
  <member type="way" ref="34151669" role="south"/>
  <member type="way" ref="1343741052" role="south"/>
  <member type="way" ref="34151668" role="south"/>
  <member type="way" ref="34151836" role="south"/>
  <member type="way" ref="34151835" role="south"/>
  <member type="way" ref="42397613" role="south"/>
  <member type="way" ref="42397618" role="south"/>
  <member type="way" ref="177387171" role="south"/>
  <member type="way" ref="177387158" role="south"/>
  <member type="way" ref="177387173" role="south"/>
  <member type="way" ref="233087842" role="south"/>
  <member type="way" ref="487248975" role="south"/>
  <member type="way" ref="548046520" role="south"/>
  <member type="way" ref="164623118" role="south"/>
  <member type="way" ref="164623114" role="south"/>
  <member type="way" ref="1498387912" role="south"/>
  <member type="way" ref="108124854" role="south"/>
  <member type="way" ref="1339997054" role="south"/>
  <member type="way" ref="108124889" role="south"/>
  <member type="way" ref="71439984" role="south"/>
  <member type="way" ref="71439985" role="south"/>
  <member type="way" ref="71439986" role="south"/>
  <member type="way" ref="71439987" role="south"/>
  <member type="way" ref="71439992" role="south"/>
  <member type="way" ref="71439993" role="south"/>
  <member type="way" ref="71439995" role="south"/>
  <member type="way" ref="71440000" role="south"/>
  <member type="way" ref="71440008" role="south"/>
  <member type="way" ref="692916679" role="south"/>
  <member type="way" ref="44227323" role="south"/>
  <member type="way" ref="24313478" role="south"/>
  <member type="way" ref="24313459" role="south"/>
  <member type="way" ref="24312158" role="south"/>
  <member type="way" ref="71239670" role="south"/>
  <member type="way" ref="24312146" role="north"/>
  <member type="way" ref="71440041" role="north"/>
  <member type="way" ref="24312166" role="north"/>
  <member type="way" ref="24313452" role="north"/>
  <member type="way" ref="24313414" role="north"/>
  <member type="way" ref="692522591" role="north"/>
  <member type="way" ref="71440006" role="north"/>
  <member type="way" ref="71440007" role="north"/>
  <member type="way" ref="71440002" role="north"/>
  <member type="way" ref="71440005" role="north"/>
  <member type="way" ref="71439990" role="north"/>
  <member type="way" ref="71439991" role="north"/>
  <member type="way" ref="71439988" role="north"/>
  <member type="way" ref="71439989" role="north"/>
  <member type="way" ref="71439982" role="north"/>
  <member type="way" ref="71439983" role="north"/>
  <member type="way" ref="172772612" role="north"/>
  <member type="way" ref="1498387911" role="north"/>
  <member type="way" ref="108124884" role="north"/>
  <member type="way" ref="117987471" role="north"/>
  <member type="way" ref="164623113" role="north"/>
  <member type="way" ref="164623111" role="north"/>
  <member type="way" ref="487248969" role="north"/>
  <member type="way" ref="548046974" role="north"/>
  <member type="way" ref="233087841" role="north"/>
  <member type="way" ref="178173626" role="north"/>
  <member type="way" ref="178173618" role="north"/>
  <member type="way" ref="178173616" role="north"/>
  <member type="way" ref="178173615" role="north"/>
  <member type="way" ref="178173631" role="north"/>
  <member type="way" ref="178173621" role="north"/>
  <member type="way" ref="178173624" role="north"/>
  <member type="way" ref="178173627" role="north"/>
  <member type="way" ref="178173613" role="north"/>
  <member type="way" ref="178173617" role="north"/>
  <member type="way" ref="178173620" role="north"/>
  <member type="way" ref="178173614" role="north"/>
  <member type="way" ref="449634439" role="north"/>
  <member type="way" ref="178173619" role="north"/>
  <member type="way" ref="553749294" role="north"/>
  <member type="way" ref="178173633" role="north"/>
  <member type="way" ref="1414189950" role="north"/>
  <member type="way" ref="178173625" role="north"/>
  <member type="way" ref="553747934" role="north"/>
  <member type="way" ref="178173623" role="north"/>
  <member type="way" ref="176743995" role="north"/>
  <member type="way" ref="1414189952" role="north"/>
  <member type="way" ref="1414189951" role="north"/>
  <member type="way" ref="172869347" role="north"/>
  <member type="way" ref="38415079" role="north"/>
  <member type="way" ref="38414966" role="north"/>
  <member type="way" ref="38414967" role="north"/>
  <member type="way" ref="42397616" role="north"/>
  <member type="way" ref="42397609" role="south"/>
  <member type="way" ref="172772673" role="north"/>
  <member type="way" ref="42397617" role="north"/>
  <member type="way" ref="42397610" role="north"/>
  <member type="way" ref="42397611" role="north"/>
  <member type="way" ref="34151837" role="north"/>
  <member type="way" ref="34151838" role="north"/>
  <member type="way" ref="34151663" role="north"/>
  <member type="way" ref="34151664" role="north"/>
  <member type="way" ref="32905616" role="north"/>
  <member type="way" ref="32905612" role="north"/>
  <member type="way" ref="293581656" role="north"/>
  <member type="way" ref="293581659" role="north"/>
  <member type="way" ref="32861745" role="north"/>
  <member type="way" ref="32861744" role="north"/>
  <member type="way" ref="32860847" role="north"/>
  <member type="way" ref="32860848" role="north"/>
  <member type="way" ref="34152555" role="north"/>
  <member type="way" ref="34152554" role="north"/>
  <member type="way" ref="33541351" role="north"/>
  <member type="way" ref="33541352" role="north"/>
  <member type="way" ref="587588297" role="north"/>
  <member type="way" ref="33541947" role="north"/>
  <member type="way" ref="33541946" role="north"/>
  <member type="way" ref="33542059" role="north"/>
  <member type="way" ref="33542060" role="north"/>
  <member type="way" ref="33542081" role="north"/>
  <member type="way" ref="33542082" role="north"/>
  <member type="way" ref="33542101" role="north"/>
  <member type="way" ref="33542102" role="north"/>
  <member type="way" ref="183528108" role="north"/>
  <member type="way" ref="33542177" role="north"/>
  <member type="way" ref="551469825" role="south"/>
  <member type="way" ref="551469826" role="north"/>
  <member type="way" ref="551470704" role="south"/>
  <member type="way" ref="691842354" role="north"/>
  <member type="way" ref="551504793" role="north"/>
  <member type="way" ref="551505895" role="north"/>
  <member type="way" ref="691838745" role="north"/>
  <member type="way" ref="551505894" role="north"/>
  <member type="way" ref="551509108" role="south"/>
  <member type="way" ref="551509109" role="south"/>
  <member type="way" ref="551754310" role="south"/>
  <member type="way" ref="551754309" role="north"/>
  <member type="way" ref="551755050" role="south"/>
  <member type="way" ref="551755049" role="north"/>
  <member type="way" ref="552012040" role="north"/>
  <member type="way" ref="552012664" role="south"/>
  <member type="way" ref="552013103" role="south"/>
  <member type="way" ref="552013426" role="north"/>
  <member type="way" ref="552013984" role="south"/>
  <member type="way" ref="552014392" role="south"/>
  <member type="way" ref="552015216" role="north"/>
  <member type="way" ref="552015653" role="north"/>
  <member type="way" ref="553752382" role="south"/>
  <member type="way" ref="553751426" role="south"/>
  <member type="way" ref="38414969" role="south"/>
  <member type="way" ref="553750203" role="south"/>
  <member type="way" ref="38414968" role="south"/>
  <member type="way" ref="38415040" role="south"/>
  <member type="way" ref="172869345" role="south"/>
  <member type="way" ref="117987387" role="south"/>
  <member type="way" ref="176743998" role="south"/>
  <member type="way" ref="176743996" role="south"/>
  <member type="way" ref="176743999" role="south"/>
  <member type="way" ref="1248681419" role="south"/>
  <member type="way" ref="177387165" role="south"/>
  <member type="way" ref="449634440" role="south"/>
  <member type="way" ref="177387155" role="south"/>
  <member type="way" ref="177387164" role="south"/>
  <member type="way" ref="177387157" role="south"/>
  <member type="way" ref="177387162" role="south"/>
  <member type="way" ref="177387154" role="south"/>
  <member type="way" ref="177387163" role="south"/>
  <member type="way" ref="177387156" role="south"/>
  <member type="way" ref="177523051" role="south"/>
  <member type="way" ref="177523050" role="south"/>
  <member type="way" ref="177387166" role="south"/>
  <member type="way" ref="553753097" role="north"/>
  <member type="way" ref="553754823" role="south"/>
  <member type="way" ref="553755575" role="north"/>
  <member type="way" ref="179380768" role="north"/>
  <member type="way" ref="1339997668" role="north"/>
  <member type="way" ref="702395254" role="south"/>
  <member type="way" ref="702395634" role="south"/>
  <member type="way" ref="702396128" role="north"/>
  <member type="way" ref="702401730" role="south"/>
  <member type="way" ref="702404645" role="north"/>
  <member type="way" ref="702405769" role="south"/>
  <member type="way" ref="702408695" role="north"/>
  <member type="way" ref="702411690" role="north"/>
  <member type="way" ref="702412753" role="north"/>
  <member type="way" ref="702413870" role="south"/>
  <member type="way" ref="702421642" role="south"/>
  <member type="way" ref="702423180" role="north"/>
  <member type="way" ref="702424399" role="south"/>
  <member type="way" ref="702425790" role="north"/>
  <member type="way" ref="702426366" role="south"/>
  <member type="way" ref="702427093" role="north"/>
  <member type="way" ref="702434636" role="north"/>
  <member type="way" ref="1343788316" role="north"/>
  <member type="way" ref="702435937" role="south"/>
  <member type="way" ref="1343720769" role="south"/>
  <member type="way" ref="702459903" role="north"/>
  <member type="way" ref="702461154" role="south"/>
  <member type="way" ref="702461938" role="south"/>
  <member type="way" ref="702462430" role="north"/>
  <member type="way" ref="702463047" role="north"/>
  <member type="way" ref="702488779" role="south"/>
  <member type="way" ref="702492999" role="north"/>
  <member type="way" ref="702493561" role="south"/>
  <member type="way" ref="702494415" role="north"/>
  <member type="way" ref="1339999265" role="north"/>
  <member type="way" ref="702495133" role="north"/>
  <member type="way" ref="783767233" role=""/>
  <member type="way" ref="691547309" role="forward"/>
  <member type="way" ref="825119298" role="forward"/>
  <member type="way" ref="387029551" role="forward"/>
  <member type="way" ref="691547320" role="forward"/>
  <member type="way" ref="691584884" role="forward"/>
  <member type="way" ref="691584893" role="forward"/>
  <member type="way" ref="783767232" role="forward"/>
  <member type="way" ref="512376137" role="forward"/>
  <member type="way" ref="691573413" role="forward"/>
  <tag k="description" v="I 580 (NV)"/>
  <tag k="is_in:state" v="NV"/>
  <tag k="name" v="Interstate 580"/>
  <tag k="network" v="US:I"/>
  <tag k="NHS" v="Interstate"/>
  <tag k="ref" v="580"/>
  <tag k="route" v="road"/>
  <tag k="symbol" v="https://upload.wikimedia.org/wikipedia/commons/a/a8/I-580_%28NV%29.svg"/>
  <tag k="type" v="route"/>
  <tag k="wikipedia" v="en:Interstate 580 (Nevada)"/>
 </relation>
 <relation id="7185386" visible="true" version="194" changeset="181176002" timestamp="2026-04-11T06:23:50Z" user="Flap Slimy Outward" uid="22417964">
  <member type="way" ref="702670669" role="forward"/>
  <member type="way" ref="702670668" role="forward"/>
  <member type="way" ref="702678587" role="forward"/>
  <member type="way" ref="702680575" role="forward"/>
  <member type="way" ref="702694959" role="forward"/>
  <member type="way" ref="702696448" role="forward"/>
  <member type="way" ref="117340277" role="forward"/>
  <member type="way" ref="133443332" role="forward"/>
  <member type="way" ref="39173879" role="forward"/>
  <member type="way" ref="702789165" role="forward"/>
  <member type="way" ref="39173880" role="forward"/>
  <member type="way" ref="39173690" role="forward"/>
  <member type="way" ref="702796134" role="forward"/>
  <member type="way" ref="39173689" role="forward"/>
  <member type="way" ref="39173680" role="forward"/>
  <member type="way" ref="702797528" role="forward"/>
  <member type="way" ref="702800404" role="forward"/>
  <member type="way" ref="702800405" role="forward"/>
  <member type="way" ref="39173681" role="forward"/>
  <member type="way" ref="702829367" role="forward"/>
  <member type="way" ref="39173551" role="forward"/>
  <member type="way" ref="39173552" role="forward"/>
  <member type="way" ref="184697862" role="forward"/>
  <member type="way" ref="184697792" role="forward"/>
  <member type="way" ref="27331585" role="forward"/>
  <member type="way" ref="39173447" role="forward"/>
  <member type="way" ref="702860229" role="forward"/>
  <member type="way" ref="39173446" role="forward"/>
  <member type="way" ref="14388292" role="forward"/>
  <member type="way" ref="14391898" role="forward"/>
  <member type="way" ref="39173459" role="forward"/>
  <member type="way" ref="39173460" role="forward"/>
  <member type="way" ref="42397225" role="forward"/>
  <member type="way" ref="42397226" role="forward"/>
  <member type="way" ref="702879860" role="forward"/>
  <member type="way" ref="184697786" role="forward"/>
  <member type="way" ref="702911964" role="forward"/>
  <member type="way" ref="125171400" role="forward"/>
  <member type="way" ref="125171404" role="forward"/>
  <member type="way" ref="702906748" role="forward"/>
  <member type="way" ref="117987440" role="forward"/>
  <member type="way" ref="39173005" role="forward"/>
  <member type="way" ref="39173006" role="forward"/>
  <member type="way" ref="702913294" role="forward"/>
  <member type="way" ref="702920042" role="forward"/>
  <member type="way" ref="39173015" role="forward"/>
  <member type="way" ref="702920281" role="forward"/>
  <member type="way" ref="39173016" role="forward"/>
  <member type="way" ref="511185390" role="forward"/>
  <member type="way" ref="27331725" role="forward"/>
  <member type="way" ref="27331726" role="forward"/>
  <member type="way" ref="27331722" role="forward"/>
  <member type="way" ref="27331719" role="forward"/>
  <member type="way" ref="34152363" role="forward"/>
  <member type="way" ref="120608108" role="forward"/>
  <member type="way" ref="1190700896" role="forward"/>
  <member type="way" ref="1069485595" role="forward"/>
  <member type="way" ref="1389112445" role="forward"/>
  <member type="way" ref="33542333" role="forward"/>
  <member type="way" ref="33542172" role="forward"/>
  <member type="way" ref="702493561" role="forward"/>
  <member type="way" ref="33542150" role="forward"/>
  <member type="way" ref="33542104" role="forward"/>
  <member type="way" ref="33542108" role="forward"/>
  <member type="way" ref="1190700893" role="forward"/>
  <member type="way" ref="1344467987" role="forward"/>
  <member type="way" ref="702488779" role="forward"/>
  <member type="way" ref="33542087" role="forward"/>
  <member type="way" ref="1069485591" role="forward"/>
  <member type="way" ref="117987530" role="forward"/>
  <member type="way" ref="1190700889" role="forward"/>
  <member type="way" ref="33542041" role="forward"/>
  <member type="way" ref="702461938" role="forward"/>
  <member type="way" ref="33542040" role="forward"/>
  <member type="way" ref="33541939" role="forward"/>
  <member type="way" ref="702461154" role="forward"/>
  <member type="way" ref="33541938" role="forward"/>
  <member type="way" ref="702435937" role="forward"/>
  <member type="way" ref="1343720769" role="forward"/>
  <member type="way" ref="117987631" role="forward"/>
  <member type="way" ref="33541345" role="forward"/>
  <member type="way" ref="33541344" role="forward"/>
  <member type="way" ref="702426366" role="forward"/>
  <member type="way" ref="34152551" role="forward"/>
  <member type="way" ref="702424399" role="forward"/>
  <member type="way" ref="34152550" role="forward"/>
  <member type="way" ref="32860778" role="forward"/>
  <member type="way" ref="32860787" role="forward"/>
  <member type="way" ref="32861752" role="forward"/>
  <member type="way" ref="181363152" role="forward"/>
  <member type="way" ref="293581657" role="forward"/>
  <member type="way" ref="293581658" role="forward"/>
  <member type="way" ref="32905627" role="forward"/>
  <member type="way" ref="702421642" role="forward"/>
  <member type="way" ref="32905630" role="forward"/>
  <member type="way" ref="34151669" role="forward"/>
  <member type="way" ref="1343741052" role="forward"/>
  <member type="way" ref="34151668" role="forward"/>
  <member type="way" ref="702413870" role="forward"/>
  <member type="way" ref="34151836" role="forward"/>
  <member type="way" ref="702405769" role="forward"/>
  <member type="way" ref="34151835" role="forward"/>
  <member type="way" ref="702401730" role="forward"/>
  <member type="way" ref="42397613" role="forward"/>
  <member type="way" ref="702395634" role="forward"/>
  <member type="way" ref="553754823" role="forward"/>
  <member type="way" ref="702395254" role="forward"/>
  <member type="way" ref="42397618" role="forward"/>
  <member type="way" ref="553752382" role="forward"/>
  <member type="way" ref="42397609" role="forward"/>
  <member type="way" ref="553751426" role="forward"/>
  <member type="way" ref="38414969" role="forward"/>
  <member type="way" ref="553750203" role="forward"/>
  <member type="way" ref="38414968" role="forward"/>
  <member type="way" ref="38415040" role="forward"/>
  <member type="way" ref="172869345" role="forward"/>
  <member type="way" ref="117987387" role="forward"/>
  <member type="way" ref="176743998" role="forward"/>
  <member type="way" ref="176743996" role="forward"/>
  <member type="way" ref="176743999" role="forward"/>
  <member type="way" ref="1248681419" role="forward"/>
  <member type="way" ref="177387165" role="forward"/>
  <member type="way" ref="449634440" role="forward"/>
  <member type="way" ref="177387155" role="forward"/>
  <member type="way" ref="177387164" role="forward"/>
  <member type="way" ref="177387157" role="forward"/>
  <member type="way" ref="177387162" role="forward"/>
  <member type="way" ref="177387154" role="forward"/>
  <member type="way" ref="177387163" role="forward"/>
  <member type="way" ref="177387156" role="forward"/>
  <member type="way" ref="177523051" role="forward"/>
  <member type="way" ref="177523050" role="forward"/>
  <member type="way" ref="177387166" role="forward"/>
  <member type="way" ref="177387171" role="forward"/>
  <member type="way" ref="177387158" role="forward"/>
  <member type="way" ref="177387173" role="forward"/>
  <member type="way" ref="548046520" role="forward"/>
  <member type="way" ref="487248975" role="forward"/>
  <member type="way" ref="233087842" role="forward"/>
  <member type="way" ref="552014392" role="forward"/>
  <member type="way" ref="552013984" role="forward"/>
  <member type="way" ref="552013103" role="forward"/>
  <member type="way" ref="164623118" role="forward"/>
  <member type="way" ref="164623114" role="forward"/>
  <member type="way" ref="1498387912" role="forward"/>
  <member type="way" ref="108124854" role="forward"/>
  <member type="way" ref="1339997054" role="forward"/>
  <member type="way" ref="108124889" role="forward"/>
  <member type="way" ref="71439984" role="forward"/>
  <member type="way" ref="71439985" role="forward"/>
  <member type="way" ref="71439986" role="forward"/>
  <member type="way" ref="551469825" role="forward"/>
  <member type="way" ref="71439987" role="forward"/>
  <member type="way" ref="71439992" role="forward"/>
  <member type="way" ref="71439993" role="forward"/>
  <member type="way" ref="71439995" role="forward"/>
  <member type="way" ref="551754310" role="forward"/>
  <member type="way" ref="71440000" role="forward"/>
  <member type="way" ref="71440008" role="forward"/>
  <member type="way" ref="551755050" role="forward"/>
  <member type="way" ref="44227323" role="forward"/>
  <member type="way" ref="692916679" role="forward"/>
  <member type="way" ref="551470704" role="forward"/>
  <member type="way" ref="24313478" role="forward"/>
  <member type="way" ref="24313459" role="forward"/>
  <member type="way" ref="24312158" role="forward"/>
  <member type="way" ref="71239670" role="forward"/>
  <member type="way" ref="692522589" role="forward"/>
  <member type="way" ref="692522592" role="forward"/>
  <member type="way" ref="551509108" role="forward"/>
  <member type="way" ref="551509109" role="forward"/>
  <member type="way" ref="552012664" role="forward"/>
  <member type="way" ref="91817412" role="forward"/>
  <member type="way" ref="691547326" role="forward"/>
  <member type="way" ref="691547327" role="forward"/>
  <member type="way" ref="783767233" role="forward"/>
  <member type="way" ref="691547328" role="forward"/>
  <member type="way" ref="691150362" role="forward"/>
  <member type="way" ref="691547314" role="forward"/>
  <member type="way" ref="691547310" role="forward"/>
  <member type="way" ref="1342409205" role="forward"/>
  <member type="way" ref="691547309" role="forward"/>
  <member type="way" ref="825119298" role="forward"/>
  <member type="way" ref="512376137" role="forward"/>
  <member type="way" ref="425165076" role="forward"/>
  <member type="way" ref="1446392103" role="forward"/>
  <member type="way" ref="628241700" role="forward"/>
  <member type="way" ref="691547329" role="forward"/>
  <member type="way" ref="691547313" role="forward"/>
  <member type="way" ref="691547318" role="forward"/>
  <member type="way" ref="425165063" role="forward"/>
  <member type="way" ref="425165064" role="forward"/>
  <member type="way" ref="185013600" role="forward"/>
  <member type="way" ref="1089664569" role="forward"/>
  <member type="way" ref="117987608" role="forward"/>
  <member type="way" ref="425165081" role="forward"/>
  <member type="way" ref="914610027" role="forward"/>
  <member type="way" ref="1089664566" role="forward"/>
  <member type="way" ref="211047142" role="forward"/>
  <member type="way" ref="297827726" role="forward"/>
  <member type="way" ref="1089664567" role="forward"/>
  <member type="way" ref="425165056" role="forward"/>
  <member type="way" ref="425165058" role="forward"/>
  <member type="way" ref="425165065" role="forward"/>
  <member type="way" ref="246095749" role="forward"/>
  <member type="way" ref="246095752" role="forward"/>
  <member type="way" ref="1089664568" role="forward"/>
  <member type="way" ref="425165060" role="forward"/>
  <member type="way" ref="425165071" role="forward"/>
  <member type="way" ref="425165066" role="forward"/>
  <member type="way" ref="295768451" role="forward"/>
  <member type="way" ref="1155155859" role="forward"/>
  <member type="way" ref="1145540606" role="forward"/>
  <member type="way" ref="462678546" role="forward"/>
  <member type="way" ref="297827724" role="forward"/>
  <member type="way" ref="702673538" role="forward"/>
  <member type="way" ref="702676179" role="forward"/>
  <member type="way" ref="702683393" role="forward"/>
  <member type="way" ref="702684380" role="forward"/>
  <member type="way" ref="702708706" role="forward"/>
  <member type="way" ref="702708707" role="forward"/>
  <member type="way" ref="133443335" role="forward"/>
  <member type="way" ref="39173878" role="forward"/>
  <member type="way" ref="39173877" role="forward"/>
  <member type="way" ref="702789166" role="forward"/>
  <member type="way" ref="39173682" role="forward"/>
  <member type="way" ref="702795063" role="forward"/>
  <member type="way" ref="39173686" role="forward"/>
  <member type="way" ref="39173678" role="forward"/>
  <member type="way" ref="39173679" role="forward"/>
  <member type="way" ref="702805184" role="forward"/>
  <member type="way" ref="1338617633" role="forward"/>
  <member type="way" ref="702806924" role="forward"/>
  <member type="way" ref="39173553" role="forward"/>
  <member type="way" ref="702833729" role="forward"/>
  <member type="way" ref="39173554" role="forward"/>
  <member type="way" ref="702835908" role="forward"/>
  <member type="way" ref="27331587" role="forward"/>
  <member type="way" ref="702857054" role="forward"/>
  <member type="way" ref="27331588" role="forward"/>
  <member type="way" ref="117340271" role="forward"/>
  <member type="way" ref="39173448" role="forward"/>
  <member type="way" ref="39173449" role="forward"/>
  <member type="way" ref="702857524" role="forward"/>
  <member type="way" ref="27331583" role="forward"/>
  <member type="way" ref="39173453" role="forward"/>
  <member type="way" ref="1339998333" role="forward"/>
  <member type="way" ref="39173461" role="forward"/>
  <member type="way" ref="42397228" role="forward"/>
  <member type="way" ref="42397227" role="forward"/>
  <member type="way" ref="184697858" role="forward"/>
  <member type="way" ref="702866442" role="forward"/>
  <member type="way" ref="702879859" role="forward"/>
  <member type="way" ref="125171409" role="forward"/>
  <member type="way" ref="702910701" role="forward"/>
  <member type="way" ref="702910161" role="forward"/>
  <member type="way" ref="125171393" role="forward"/>
  <member type="way" ref="39173008" role="forward"/>
  <member type="way" ref="702909148" role="forward"/>
  <member type="way" ref="702908074" role="forward"/>
  <member type="way" ref="39173007" role="forward"/>
  <member type="way" ref="39173010" role="forward"/>
  <member type="way" ref="702918831" role="forward"/>
  <member type="way" ref="39173009" role="forward"/>
  <member type="way" ref="702918213" role="forward"/>
  <member type="way" ref="27331728" role="forward"/>
  <member type="way" ref="511186420" role="forward"/>
  <member type="way" ref="511186421" role="forward"/>
  <member type="way" ref="27331727" role="forward"/>
  <member type="way" ref="27331721" role="forward"/>
  <member type="way" ref="27331720" role="forward"/>
  <member type="way" ref="34152364" role="forward"/>
  <member type="way" ref="34152368" role="forward"/>
  <member type="way" ref="33542319" role="forward"/>
  <member type="way" ref="703246646" role="forward"/>
  <member type="way" ref="1339997668" role="forward"/>
  <member type="way" ref="179380768" role="forward"/>
  <member type="way" ref="33542177" role="forward"/>
  <member type="way" ref="183528108" role="forward"/>
  <member type="way" ref="702495133" role="forward"/>
  <member type="way" ref="33542102" role="forward"/>
  <member type="way" ref="33542101" role="forward"/>
  <member type="way" ref="702492999" role="forward"/>
  <member type="way" ref="33542082" role="forward"/>
  <member type="way" ref="1339999265" role="forward"/>
  <member type="way" ref="702494415" role="forward"/>
  <member type="way" ref="33542081" role="forward"/>
  <member type="way" ref="33542060" role="forward"/>
  <member type="way" ref="702463047" role="forward"/>
  <member type="way" ref="33542059" role="forward"/>
  <member type="way" ref="702462430" role="forward"/>
  <member type="way" ref="33541946" role="forward"/>
  <member type="way" ref="33541947" role="forward"/>
  <member type="way" ref="702459903" role="forward"/>
  <member type="way" ref="587588297" role="forward"/>
  <member type="way" ref="1343788316" role="forward"/>
  <member type="way" ref="702434636" role="forward"/>
  <member type="way" ref="33541352" role="forward"/>
  <member type="way" ref="33541351" role="forward"/>
  <member type="way" ref="34152554" role="forward"/>
  <member type="way" ref="702427093" role="forward"/>
  <member type="way" ref="34152555" role="forward"/>
  <member type="way" ref="32860848" role="forward"/>
  <member type="way" ref="702425790" role="forward"/>
  <member type="way" ref="32860847" role="forward"/>
  <member type="way" ref="32861744" role="forward"/>
  <member type="way" ref="32861745" role="forward"/>
  <member type="way" ref="293581659" role="forward"/>
  <member type="way" ref="293581656" role="forward"/>
  <member type="way" ref="32905612" role="forward"/>
  <member type="way" ref="32905616" role="forward"/>
  <member type="way" ref="702423180" role="forward"/>
  <member type="way" ref="34151664" role="forward"/>
  <member type="way" ref="34151663" role="forward"/>
  <member type="way" ref="34151838" role="forward"/>
  <member type="way" ref="702412753" role="forward"/>
  <member type="way" ref="34151837" role="forward"/>
  <member type="way" ref="702411690" role="forward"/>
  <member type="way" ref="702408695" role="forward"/>
  <member type="way" ref="42397611" role="forward"/>
  <member type="way" ref="702404645" role="forward"/>
  <member type="way" ref="42397610" role="forward"/>
  <member type="way" ref="702396128" role="forward"/>
  <member type="way" ref="42397617" role="forward"/>
  <member type="way" ref="553755575" role="forward"/>
  <member type="way" ref="172772673" role="forward"/>
  <member type="way" ref="553753097" role="forward"/>
  <member type="way" ref="42397616" role="forward"/>
  <member type="way" ref="38414967" role="forward"/>
  <member type="way" ref="38414966" role="forward"/>
  <member type="way" ref="38415079" role="forward"/>
  <member type="way" ref="172869347" role="forward"/>
  <member type="way" ref="1414189951" role="forward"/>
  <member type="way" ref="1414189952" role="forward"/>
  <member type="way" ref="176743995" role="forward"/>
  <member type="way" ref="178173623" role="forward"/>
  <member type="way" ref="553747934" role="forward"/>
  <member type="way" ref="178173625" role="forward"/>
  <member type="way" ref="1414189950" role="forward"/>
  <member type="way" ref="178173633" role="forward"/>
  <member type="way" ref="553749294" role="forward"/>
  <member type="way" ref="178173619" role="forward"/>
  <member type="way" ref="449634439" role="forward"/>
  <member type="way" ref="178173614" role="forward"/>
  <member type="way" ref="178173620" role="forward"/>
  <member type="way" ref="178173617" role="forward"/>
  <member type="way" ref="178173613" role="forward"/>
  <member type="way" ref="178173627" role="forward"/>
  <member type="way" ref="178173624" role="forward"/>
  <member type="way" ref="178173621" role="forward"/>
  <member type="way" ref="178173631" role="forward"/>
  <member type="way" ref="178173615" role="forward"/>
  <member type="way" ref="178173616" role="forward"/>
  <member type="way" ref="178173618" role="forward"/>
  <member type="way" ref="178173626" role="forward"/>
  <member type="way" ref="233087841" role="forward"/>
  <member type="way" ref="548046974" role="forward"/>
  <member type="way" ref="487248969" role="forward"/>
  <member type="way" ref="164623111" role="forward"/>
  <member type="way" ref="552015653" role="forward"/>
  <member type="way" ref="552015216" role="forward"/>
  <member type="way" ref="552013426" role="forward"/>
  <member type="way" ref="164623113" role="forward"/>
  <member type="way" ref="117987471" role="forward"/>
  <member type="way" ref="108124884" role="forward"/>
  <member type="way" ref="1498387911" role="forward"/>
  <member type="way" ref="172772612" role="forward"/>
  <member type="way" ref="71439983" role="forward"/>
  <member type="way" ref="71439982" role="forward"/>
  <member type="way" ref="71439989" role="forward"/>
  <member type="way" ref="71439988" role="forward"/>
  <member type="way" ref="551469826" role="forward"/>
  <member type="way" ref="71439991" role="forward"/>
  <member type="way" ref="71439990" role="forward"/>
  <member type="way" ref="71440005" role="forward"/>
  <member type="way" ref="71440002" role="forward"/>
  <member type="way" ref="551754309" role="forward"/>
  <member type="way" ref="71440007" role="forward"/>
  <member type="way" ref="71440006" role="forward"/>
  <member type="way" ref="551755049" role="forward"/>
  <member type="way" ref="692522591" role="forward"/>
  <member type="way" ref="24313414" role="forward"/>
  <member type="way" ref="24313452" role="forward"/>
  <member type="way" ref="24312166" role="forward"/>
  <member type="way" ref="71440041" role="forward"/>
  <member type="way" ref="24312146" role="forward"/>
  <member type="way" ref="83293878" role="forward"/>
  <member type="way" ref="551505894" role="forward"/>
  <member type="way" ref="691838745" role="forward"/>
  <member type="way" ref="551505895" role="forward"/>
  <member type="way" ref="691842354" role="forward"/>
  <member type="way" ref="551504793" role="forward"/>
  <member type="way" ref="552012040" role="forward"/>
  <member type="way" ref="691547325" role="forward"/>
  <member type="way" ref="691547317" role="forward"/>
  <member type="way" ref="212256925" role="forward"/>
  <member type="way" ref="992151851" role="forward"/>
  <member type="way" ref="108719546" role="forward"/>
  <member type="way" ref="351005740" role="forward"/>
  <member type="way" ref="691582311" role="forward"/>
  <member type="way" ref="691582306" role="forward"/>
  <member type="way" ref="691582315" role="forward"/>
  <member type="way" ref="445237588" role="forward"/>
  <member type="way" ref="425165084" role="forward"/>
  <member type="way" ref="211047137" role="forward"/>
  <member type="way" ref="303614036" role="forward"/>
  <member type="way" ref="1089664565" role="forward"/>
  <member type="way" ref="246095751" role="forward"/>
  <member type="way" ref="425165077" role="forward"/>
  <member type="way" ref="425165062" role="forward"/>
  <member type="way" ref="425165059" role="forward"/>
  <member type="way" ref="246095750" role="forward"/>
  <member type="way" ref="185017246" role="forward"/>
  <member type="way" ref="425165068" role="forward"/>
  <member type="way" ref="218679724" role="forward"/>
  <member type="way" ref="295768452" role="forward"/>
  <member type="way" ref="425165061" role="forward"/>
  <member type="way" ref="425165075" role="forward"/>
  <member type="way" ref="425165069" role="forward"/>
  <member type="way" ref="297827727" role="forward"/>
  <member type="way" ref="1155155858" role="forward"/>
  <member type="way" ref="1145540605" role="forward"/>
  <member type="way" ref="1145540603" role="forward"/>
  <member type="way" ref="185017284" role="forward"/>
  <member type="way" ref="425165070" role=""/>
  <member type="way" ref="825119291" role=""/>
  <member type="way" ref="14286413" role=""/>
  <member type="way" ref="1155155847" role=""/>
  <member type="way" ref="1155155848" role=""/>
  <member type="way" ref="909205117" role=""/>
  <member type="way" ref="909205183" role=""/>
  <member type="way" ref="1144448474" role=""/>
  <member type="way" ref="1147255186" role=""/>
  <member type="way" ref="1147255185" role=""/>
  <member type="way" ref="185017277" role=""/>
  <member type="way" ref="1011111505" role=""/>
  <member type="way" ref="425165067" role=""/>
  <member type="way" ref="425165073" role="forward"/>
  <member type="way" ref="914610026" role="forward"/>
  <member type="way" ref="425165074" role="forward"/>
  <member type="way" ref="1155153143" role="forward"/>
  <member type="way" ref="425165072" role=""/>
  <member type="way" ref="425165057" role=""/>
  <member type="way" ref="425165049" role=""/>
  <member type="way" ref="1024401837" role=""/>
  <member type="way" ref="1155153140" role=""/>
  <member type="way" ref="1296826436" role=""/>
  <member type="way" ref="1296826435" role=""/>
  <member type="way" ref="1296927404" role=""/>
  <member type="way" ref="185017292" role=""/>
  <member type="way" ref="1296927403" role=""/>
  <member type="way" ref="1296927402" role=""/>
  <member type="way" ref="1296927401" role=""/>
  <member type="way" ref="1296671692" role=""/>
  <member type="way" ref="1024401838" role=""/>
  <member type="way" ref="1155153142" role=""/>
  <member type="way" ref="1296823153" role=""/>
  <member type="way" ref="1155153127" role=""/>
  <member type="way" ref="1024401836" role=""/>
  <member type="way" ref="1024401840" role=""/>
  <member type="way" ref="1024401841" role=""/>
  <member type="way" ref="1024401842" role=""/>
  <member type="way" ref="444219903" role=""/>
  <member type="way" ref="117987590" role=""/>
  <member type="way" ref="117987350" role=""/>
  <member type="way" ref="117987595" role=""/>
  <member type="way" ref="117987382" role=""/>
  <member type="way" ref="117987503" role=""/>
  <member type="way" ref="117987359" role=""/>
  <member type="way" ref="117987574" role=""/>
  <member type="way" ref="992151838" role="forward"/>
  <member type="way" ref="992151836" role="forward"/>
  <member type="way" ref="992151844" role="forward"/>
  <member type="way" ref="992151842" role="forward"/>
  <member type="way" ref="992151841" role="forward"/>
  <member type="way" ref="992151843" role="forward"/>
  <member type="way" ref="992151840" role="forward"/>
  <member type="way" ref="992151839" role="forward"/>
  <member type="way" ref="992151837" role="forward"/>
  <member type="way" ref="117987525" role="forward"/>
  <member type="way" ref="117987354" role="forward"/>
  <member type="way" ref="992151834" role="forward"/>
  <member type="way" ref="992151835" role="forward"/>
  <member type="way" ref="805234539" role="forward"/>
  <member type="way" ref="55410869" role="forward"/>
  <member type="way" ref="533470447" role="forward"/>
  <member type="way" ref="117987347" role="forward"/>
  <member type="way" ref="533470448" role="forward"/>
  <member type="way" ref="269136901" role="forward"/>
  <member type="way" ref="269136900" role=""/>
  <member type="way" ref="506067803" role=""/>
  <member type="way" ref="506067804" role=""/>
  <member type="way" ref="14289753" role=""/>
  <tag k="description" v="US 395 (NV)"/>
  <tag k="is_in:state" v="NV"/>
  <tag k="name" v="US 395 in Nevada"/>
  <tag k="network" v="US:US"/>
  <tag k="ref" v="395"/>
  <tag k="route" v="road"/>
  <tag k="symbol" v="http://en.wikipedia.org/wiki/File:US_395.svg"/>
  <tag k="type" v="route"/>
  <tag k="wikipedia" v="en:U.S. Route 395 in Nevada"/>
 </relation>
 <relation id="9772838" visible="true" version="39" changeset="181658576" timestamp="2026-04-22T07:30:56Z" user="Flap Slimy Outward" uid="22417964">
  <member type="node" ref="6603724650" role="stop"/>
  <member type="way" ref="14402736" role="forward"/>
  <member type="way" ref="195469136" role="forward"/>
  <member type="way" ref="693662724" role="forward"/>
  <member type="way" ref="693662731" role="forward"/>
  <member type="way" ref="693662726" role="forward"/>
  <member type="way" ref="186930519" role="forward"/>
  <member type="way" ref="186930541" role="forward"/>
  <member type="way" ref="693664181" role="forward"/>
  <member type="way" ref="693664182" role="forward"/>
  <member type="way" ref="742325759" role="forward"/>
  <member type="way" ref="692519140" role=""/>
  <member type="way" ref="186930540" role=""/>
  <member type="way" ref="703246587" role=""/>
  <member type="way" ref="14401794" role=""/>
  <member type="way" ref="693641389" role="forward"/>
  <member type="way" ref="184705197" role="forward"/>
  <member type="way" ref="693641379" role="backward"/>
  <member type="way" ref="184705188" role="backward"/>
  <member type="way" ref="14401185" role="backward"/>
  <member type="way" ref="693641388" role="backward"/>
  <member type="way" ref="703246637" role="forward"/>
  <member type="way" ref="970722386" role="backward"/>
  <member type="way" ref="970722376" role="backward"/>
  <member type="way" ref="970722374" role="backward"/>
  <member type="way" ref="186930548" role="backward"/>
  <member type="way" ref="14402224" role="backward"/>
  <member type="way" ref="693641375" role="backward"/>
  <member type="way" ref="914610033" role="forward"/>
  <member type="way" ref="184705199" role="forward"/>
  <member type="way" ref="693641376" role="forward"/>
  <member type="way" ref="184705198" role="forward"/>
  <member type="way" ref="693641384" role=""/>
  <member type="way" ref="693641380" role=""/>
  <member type="way" ref="450136077" role=""/>
  <member type="way" ref="184705195" role=""/>
  <member type="way" ref="184705206" role=""/>
  <member type="way" ref="283879252" role="forward"/>
  <member type="way" ref="693644183" role="forward"/>
  <member type="way" ref="703246629" role="forward"/>
  <member type="way" ref="283879225" role="forward"/>
  <member type="way" ref="24312525" role="forward"/>
  <member type="way" ref="172772612" role="forward"/>
  <member type="way" ref="1498387911" role="forward"/>
  <member type="way" ref="108124884" role="forward"/>
  <member type="way" ref="117987471" role="forward"/>
  <member type="way" ref="164623113" role="forward"/>
  <member type="way" ref="552013426" role="forward"/>
  <member type="way" ref="552015216" role="forward"/>
  <member type="way" ref="552015653" role="forward"/>
  <member type="way" ref="164623111" role="forward"/>
  <member type="way" ref="487248969" role="forward"/>
  <member type="way" ref="548046974" role="forward"/>
  <member type="way" ref="233087841" role="forward"/>
  <member type="way" ref="178173626" role="forward"/>
  <member type="way" ref="178173618" role="forward"/>
  <member type="way" ref="178173616" role="forward"/>
  <member type="way" ref="178173615" role="forward"/>
  <member type="way" ref="178173631" role="forward"/>
  <member type="way" ref="178173621" role="forward"/>
  <member type="way" ref="178173624" role="forward"/>
  <member type="way" ref="178173627" role="forward"/>
  <member type="way" ref="178173613" role="forward"/>
  <member type="way" ref="178173617" role="forward"/>
  <member type="way" ref="178173620" role="forward"/>
  <member type="way" ref="178173614" role="forward"/>
  <member type="way" ref="449634439" role="forward"/>
  <member type="way" ref="178173619" role="forward"/>
  <member type="way" ref="553749294" role="forward"/>
  <member type="way" ref="183528133" role="forward"/>
  <member type="way" ref="263552547" role="forward"/>
  <member type="way" ref="1414189953" role="forward"/>
  <member type="way" ref="534365883" role="forward"/>
  <member type="way" ref="534365882" role="forward"/>
  <member type="way" ref="263564347" role="forward"/>
  <member type="way" ref="263558051" role="forward"/>
  <member type="way" ref="1493253954" role="forward"/>
  <member type="way" ref="703246638" role="forward"/>
  <member type="way" ref="306732767" role="forward"/>
  <member type="way" ref="1151107495" role="forward"/>
  <member type="way" ref="306732726" role="forward"/>
  <member type="way" ref="306732775" role="forward"/>
  <member type="way" ref="703246639" role="forward"/>
  <member type="way" ref="306732905" role="forward"/>
  <member type="way" ref="534365902" role="forward"/>
  <member type="way" ref="534365900" role="forward"/>
  <member type="way" ref="263558045" role="forward"/>
  <member type="way" ref="534365899" role="forward"/>
  <member type="way" ref="486243717" role="forward"/>
  <member type="way" ref="534365897" role="forward"/>
  <member type="way" ref="534365898" role="forward"/>
  <member type="way" ref="178173622" role="forward"/>
  <member type="way" ref="534365886" role="forward"/>
  <member type="way" ref="263558053" role="forward"/>
  <member type="way" ref="263558052" role="forward"/>
  <member type="way" ref="771681764" role="forward"/>
  <member type="way" ref="177387165" role="forward"/>
  <member type="way" ref="449634440" role="forward"/>
  <member type="way" ref="177387155" role="forward"/>
  <member type="way" ref="177387164" role="forward"/>
  <member type="way" ref="177387157" role="forward"/>
  <member type="way" ref="177387162" role="forward"/>
  <member type="way" ref="177387154" role="forward"/>
  <member type="way" ref="177387163" role="forward"/>
  <member type="way" ref="177387156" role="forward"/>
  <member type="way" ref="177523051" role="forward"/>
  <member type="way" ref="177523050" role="forward"/>
  <member type="way" ref="177387166" role="forward"/>
  <member type="way" ref="177387171" role="forward"/>
  <member type="way" ref="177387158" role="forward"/>
  <member type="way" ref="177387173" role="forward"/>
  <member type="way" ref="548046520" role="forward"/>
  <member type="way" ref="487248975" role="forward"/>
  <member type="way" ref="233087842" role="forward"/>
  <member type="way" ref="552014392" role="forward"/>
  <member type="way" ref="552013984" role="forward"/>
  <member type="way" ref="552013103" role="forward"/>
  <member type="way" ref="164623118" role="forward"/>
  <member type="way" ref="164623114" role="forward"/>
  <member type="way" ref="1498387912" role="forward"/>
  <member type="way" ref="108124854" role="forward"/>
  <member type="way" ref="1339997054" role="forward"/>
  <member type="way" ref="24312933" role="forward"/>
  <member type="way" ref="283879249" role="forward"/>
  <member type="way" ref="283879223" role="forward"/>
  <member type="way" ref="283879221" role="forward"/>
  <member type="way" ref="693644173" role="forward"/>
  <member type="way" ref="306732792" role=""/>
  <member type="way" ref="306732857" role="forward"/>
  <member type="way" ref="1151107484" role="forward"/>
  <member type="way" ref="1151107486" role="forward"/>
  <member type="way" ref="1151107485" role="forward"/>
  <member type="way" ref="306732690" role=""/>
  <member type="way" ref="1414555238" role=""/>
  <member type="way" ref="306732730" role=""/>
  <member type="way" ref="1414555237" role=""/>
  <member type="way" ref="1414555236" role=""/>
  <member type="way" ref="306732734" role=""/>
  <member type="way" ref="1414555240" role=""/>
  <member type="way" ref="306732889" role="forward"/>
  <member type="way" ref="306732894" role="forward"/>
  <member type="way" ref="306732893" role="forward"/>
  <member type="way" ref="306732910" role=""/>
  <member type="way" ref="306732765" role="forward"/>
  <member type="way" ref="306732835" role="forward"/>
  <member type="way" ref="306732901" role=""/>
  <member type="way" ref="306732661" role="forward"/>
  <member type="way" ref="306732698" role="forward"/>
  <member type="way" ref="344906784" role=""/>
  <member type="way" ref="1080479595" role=""/>
  <member type="way" ref="344906780" role=""/>
  <member type="way" ref="344906774" role=""/>
  <member type="way" ref="344906771" role=""/>
  <member type="way" ref="306732787" role=""/>
  <member type="way" ref="306732751" role=""/>
  <member type="way" ref="306732786" role="forward"/>
  <member type="way" ref="306732753" role="forward"/>
  <member type="way" ref="306732671" role=""/>
  <member type="way" ref="306732891" role="forward"/>
  <member type="way" ref="306732757" role="forward"/>
  <member type="way" ref="1497205982" role="forward"/>
  <member type="way" ref="1497205983" role="forward"/>
  <member type="way" ref="1497205989" role="forward"/>
  <member type="way" ref="1497205990" role="forward"/>
  <member type="way" ref="306732710" role="forward"/>
  <member type="way" ref="1497205992" role="forward"/>
  <member type="way" ref="1497205991" role="forward"/>
  <member type="way" ref="306732684" role="forward"/>
  <member type="way" ref="1497205987" role="forward"/>
  <member type="way" ref="1497205986" role="forward"/>
  <member type="way" ref="1497205984" role="forward"/>
  <member type="way" ref="1497205985" role="forward"/>
  <member type="way" ref="306732769" role="forward"/>
  <member type="way" ref="444671553" role="forward"/>
  <member type="way" ref="306732695" role="forward"/>
  <member type="way" ref="306732780" role="forward"/>
  <member type="way" ref="1497205996" role="forward"/>
  <member type="way" ref="306732693" role="forward"/>
  <member type="way" ref="1497205994" role="forward"/>
  <member type="way" ref="306732737" role=""/>
  <member type="way" ref="1497205995" role=""/>
  <member type="way" ref="306732933" role=""/>
  <member type="way" ref="306732681" role="forward"/>
  <member type="way" ref="306732687" role="forward"/>
  <member type="way" ref="306732848" role="forward"/>
  <member type="way" ref="703197376" role="backward"/>
  <member type="way" ref="306732927" role="forward"/>
  <member type="way" ref="306732802" role="forward"/>
  <member type="way" ref="306732940" role="forward"/>
  <member type="way" ref="33542172" role="forward"/>
  <member type="way" ref="702493561" role="forward"/>
  <member type="way" ref="33542150" role="forward"/>
  <member type="way" ref="33542104" role="forward"/>
  <member type="way" ref="33542108" role="forward"/>
  <member type="way" ref="1190700893" role="forward"/>
  <member type="way" ref="1344467987" role="forward"/>
  <member type="way" ref="702488779" role="forward"/>
  <member type="way" ref="33542087" role="forward"/>
  <member type="way" ref="1069485591" role="forward"/>
  <member type="way" ref="117987530" role="forward"/>
  <member type="way" ref="1190700889" role="forward"/>
  <member type="way" ref="33542041" role="forward"/>
  <member type="way" ref="702461938" role="forward"/>
  <member type="way" ref="33542040" role="forward"/>
  <member type="way" ref="33541939" role="forward"/>
  <member type="way" ref="702461154" role="forward"/>
  <member type="way" ref="33541938" role="forward"/>
  <member type="way" ref="702435937" role="forward"/>
  <member type="way" ref="1343720769" role="forward"/>
  <member type="way" ref="117987631" role="forward"/>
  <member type="way" ref="33541345" role="forward"/>
  <member type="way" ref="33541344" role="forward"/>
  <member type="way" ref="702426366" role="forward"/>
  <member type="way" ref="34152551" role="forward"/>
  <member type="way" ref="702424399" role="forward"/>
  <member type="way" ref="34152550" role="forward"/>
  <member type="way" ref="32860778" role="forward"/>
  <member type="way" ref="32860787" role="forward"/>
  <member type="way" ref="32861752" role="forward"/>
  <member type="way" ref="181365663" role="forward"/>
  <member type="way" ref="310744911" role="backward"/>
  <member type="way" ref="310744908" role="forward"/>
  <member type="way" ref="306732658" role="forward"/>
  <member type="way" ref="703197376" role="forward"/>
  <member type="way" ref="306732862" role="forward"/>
  <member type="way" ref="306732644" role="forward"/>
  <member type="way" ref="306732937" role="forward"/>
  <member type="way" ref="703232628" role="forward"/>
  <member type="way" ref="703246640" role="forward"/>
  <member type="way" ref="14380116" role="forward"/>
  <member type="way" ref="32860848" role="forward"/>
  <member type="way" ref="34152555" role="forward"/>
  <member type="way" ref="702427093" role="forward"/>
  <member type="way" ref="34152554" role="forward"/>
  <member type="way" ref="33541351" role="forward"/>
  <member type="way" ref="33541352" role="forward"/>
  <member type="way" ref="702434636" role="forward"/>
  <member type="way" ref="1343788316" role="forward"/>
  <member type="way" ref="587588297" role="forward"/>
  <member type="way" ref="702459903" role="forward"/>
  <member type="way" ref="33541947" role="forward"/>
  <member type="way" ref="33541946" role="forward"/>
  <member type="way" ref="702462430" role="forward"/>
  <member type="way" ref="33542059" role="forward"/>
  <member type="way" ref="702463047" role="forward"/>
  <member type="way" ref="33542060" role="forward"/>
  <member type="way" ref="33542081" role="forward"/>
  <member type="way" ref="702494415" role="forward"/>
  <member type="way" ref="1339999265" role="forward"/>
  <member type="way" ref="33542082" role="forward"/>
  <member type="way" ref="702492999" role="forward"/>
  <member type="way" ref="33542101" role="forward"/>
  <member type="way" ref="33542102" role="forward"/>
  <member type="way" ref="702495133" role="forward"/>
  <member type="way" ref="183528108" role="forward"/>
  <member type="way" ref="33542177" role="forward"/>
  <member type="way" ref="179380768" role="forward"/>
  <member type="way" ref="1339997668" role="forward"/>
  <member type="way" ref="703246645" role="forward"/>
  <member type="way" ref="179380782" role="forward"/>
  <member type="way" ref="34146358" role="forward"/>
  <member type="way" ref="14370517" role="forward"/>
  <member type="way" ref="1344477635" role="forward"/>
  <member type="way" ref="123936467" role="forward"/>
  <member type="way" ref="703091754" role="forward"/>
  <member type="way" ref="703082841" role="forward"/>
  <member type="way" ref="703082557" role="forward"/>
  <member type="way" ref="32776307" role="forward"/>
  <member type="way" ref="32776308" role="forward"/>
  <member type="way" ref="32776298" role="forward"/>
  <member type="way" ref="32776300" role="forward"/>
  <member type="way" ref="703083729" role="forward"/>
  <member type="way" ref="1339998217" role="forward"/>
  <member type="way" ref="382382362" role="forward"/>
  <member type="way" ref="382382347" role="forward"/>
  <member type="way" ref="382382373" role="forward"/>
  <member type="way" ref="382382145" role="forward"/>
  <member type="way" ref="1391919411" role="forward"/>
  <member type="way" ref="382382220" role="forward"/>
  <member type="way" ref="306902774" role="forward"/>
  <member type="way" ref="306902793" role="forward"/>
  <member type="way" ref="306902794" role="forward"/>
  <member type="way" ref="306902786" role="forward"/>
  <member type="way" ref="355386499" role="forward"/>
  <member type="way" ref="674207119" role="forward"/>
  <member type="way" ref="386075156" role="forward"/>
  <member type="way" ref="386075157" role="forward"/>
  <member type="way" ref="386075159" role="forward"/>
  <member type="way" ref="386075158" role="forward"/>
  <member type="way" ref="14396079" role="forward"/>
  <member type="way" ref="183941192" role="forward"/>
  <member type="way" ref="703197377" role="forward"/>
  <member type="way" ref="703197378" role="forward"/>
  <member type="way" ref="703246675" role="forward"/>
  <member type="way" ref="703246676" role="forward"/>
  <member type="way" ref="340371309" role="forward"/>
  <member type="way" ref="703232647" role="forward"/>
  <member type="way" ref="402193142" role="forward"/>
  <member type="way" ref="703246643" role="forward"/>
  <member type="way" ref="703246644" role="forward"/>
  <member type="way" ref="39174463" role="forward"/>
  <member type="way" ref="703080470" role="forward"/>
  <member type="way" ref="214818961" role="forward"/>
  <member type="way" ref="34144629" role="forward"/>
  <member type="way" ref="703080665" role="forward"/>
  <member type="way" ref="34118637" role="forward"/>
  <member type="way" ref="1190702521" role="forward"/>
  <member type="way" ref="703081729" role="forward"/>
  <member type="way" ref="346133902" role="forward"/>
  <member type="way" ref="702498552" role="forward"/>
  <member type="way" ref="33542337" role="forward"/>
  <member type="way" ref="33542339" role="forward"/>
  <member type="way" ref="14383864" role=""/>
  <member type="way" ref="483546447" role="forward"/>
  <member type="way" ref="703197373" role="forward"/>
  <member type="way" ref="703197375" role="forward"/>
  <member type="way" ref="708735346" role="forward"/>
  <member type="way" ref="703197371" role="forward"/>
  <member type="way" ref="703197371" role="forward"/>
  <member type="way" ref="708735346" role="forward"/>
  <member type="way" ref="703197375" role="forward"/>
  <member type="way" ref="703197373" role="forward"/>
  <member type="way" ref="483546447" role="forward"/>
  <member type="way" ref="14383864" role=""/>
  <tag k="fixme" v="verify route in Reno"/>
  <tag k="name" v="Regional Connector"/>
  <tag k="network:short" v="RTC"/>
  <tag k="network:wikidata" v="Q7309179"/>
  <tag k="network:wikipedia" v="en:Regional Transportation Commission of Washoe County"/>
  <tag k="operator" v="Regional Transportation Commission of Washoe County"/>
  <tag k="public_transport:version" v="1"/>
  <tag k="route" v="bus"/>
  <tag k="source" v="Regional Transportation Council"/>
  <tag k="type" v="route"/>
 </relation>
 <relation id="13655794" visible="true" version="80" changeset="183474227" timestamp="2026-06-01T02:23:10Z" user="Flap Slimy Outward" uid="22417964">
  <member type="node" ref="2417650778" role=""/>
  <member type="node" ref="9270078874" role=""/>
  <member type="node" ref="9201619184" role=""/>
  <member type="node" ref="9201722220" role=""/>
  <member type="node" ref="9201824317" role=""/>
  <member type="node" ref="9201824318" role=""/>
  <member type="node" ref="9201630297" role=""/>
  <member type="node" ref="9201777069" role=""/>
  <member type="node" ref="9201970523" role=""/>
  <member type="node" ref="539430306" role=""/>
  <member type="node" ref="9380656697" role=""/>
  <member type="node" ref="9380690886" role=""/>
  <member type="node" ref="9409627137" role=""/>
  <member type="node" ref="539419266" role=""/>
  <member type="node" ref="539419268" role=""/>
  <member type="node" ref="539467112" role=""/>
  <member type="node" ref="539498161" role=""/>
  <member type="node" ref="539495348" role=""/>
  <member type="node" ref="9446171828" role=""/>
  <member type="node" ref="9446171829" role=""/>
  <member type="node" ref="9457194819" role=""/>
  <member type="node" ref="9457388620" role=""/>
  <member type="node" ref="9457474139" role=""/>
  <member type="way" ref="996539538" role=""/>
  <member type="way" ref="996539539" role=""/>
  <member type="way" ref="10375097" role=""/>
  <member type="way" ref="465478537" role=""/>
  <member type="way" ref="465478538" role=""/>
  <member type="way" ref="465478539" role=""/>
  <member type="way" ref="489407746" role=""/>
  <member type="way" ref="489407747" role=""/>
  <member type="way" ref="489407758" role=""/>
  <member type="way" ref="89471666" role=""/>
  <member type="way" ref="489407768" role=""/>
  <member type="way" ref="489407769" role=""/>
  <member type="way" ref="89471655" role=""/>
  <member type="way" ref="1106620090" role=""/>
  <member type="way" ref="1106620089" role=""/>
  <member type="way" ref="26830639" role=""/>
  <member type="way" ref="1032663549" role=""/>
  <member type="way" ref="1032663549" role=""/>
  <member type="way" ref="26830639" role=""/>
  <member type="way" ref="1106620089" role=""/>
  <member type="way" ref="1106620090" role=""/>
  <member type="way" ref="1106620088" role=""/>
  <member type="way" ref="1106620087" role=""/>
  <member type="way" ref="89471680" role=""/>
  <member type="way" ref="89471680" role=""/>
  <member type="way" ref="1106620087" role=""/>
  <member type="way" ref="1106620088" role=""/>
  <member type="way" ref="89471669" role=""/>
  <member type="way" ref="489407764" role=""/>
  <member type="way" ref="489407763" role=""/>
  <member type="way" ref="211197323" role=""/>
  <member type="way" ref="209116762" role=""/>
  <member type="way" ref="209116756" role=""/>
  <member type="way" ref="489407785" role=""/>
  <member type="way" ref="489407781" role=""/>
  <member type="way" ref="489407794" role=""/>
  <member type="way" ref="489407792" role=""/>
  <member type="way" ref="209116747" role=""/>
  <member type="way" ref="489407803" role=""/>
  <member type="way" ref="489407804" role=""/>
  <member type="way" ref="209116757" role=""/>
  <member type="way" ref="489407807" role=""/>
  <member type="way" ref="489407805" role=""/>
  <member type="way" ref="117987585" role=""/>
  <member type="way" ref="489407799" role=""/>
  <member type="way" ref="489407797" role=""/>
  <member type="way" ref="1106620097" role=""/>
  <member type="way" ref="489407791" role=""/>
  <member type="way" ref="1106620095" role=""/>
  <member type="way" ref="209117077" role=""/>
  <member type="way" ref="489407787" role=""/>
  <member type="way" ref="489407786" role=""/>
  <member type="way" ref="209116750" role=""/>
  <member type="way" ref="89477405" role=""/>
  <member type="way" ref="26830493" role=""/>
  <member type="way" ref="489407810" role=""/>
  <member type="way" ref="489407811" role=""/>
  <member type="way" ref="10377967" role=""/>
  <member type="way" ref="10374443" role=""/>
  <member type="way" ref="209117194" role=""/>
  <member type="way" ref="489457829" role=""/>
  <member type="way" ref="489407824" role=""/>
  <member type="way" ref="489407829" role=""/>
  <member type="way" ref="329065353" role=""/>
  <member type="way" ref="489407834" role=""/>
  <member type="way" ref="489407836" role=""/>
  <member type="way" ref="489407839" role=""/>
  <member type="way" ref="489407840" role=""/>
  <member type="way" ref="489407843" role=""/>
  <member type="way" ref="822369329" role=""/>
  <member type="way" ref="822369331" role=""/>
  <member type="way" ref="489407850" role=""/>
  <member type="way" ref="489407851" role=""/>
  <member type="way" ref="489407852" role=""/>
  <member type="way" ref="489407853" role=""/>
  <member type="way" ref="489407857" role=""/>
  <member type="way" ref="489407858" role=""/>
  <member type="way" ref="1016035966" role=""/>
  <member type="way" ref="489407864" role=""/>
  <member type="way" ref="489407865" role=""/>
  <member type="way" ref="329065344" role=""/>
  <member type="way" ref="329065351" role=""/>
  <member type="way" ref="489407867" role=""/>
  <member type="way" ref="489407866" role=""/>
  <member type="way" ref="329065348" role=""/>
  <member type="way" ref="489407856" role=""/>
  <member type="way" ref="489407855" role=""/>
  <member type="way" ref="10375099" role=""/>
  <member type="way" ref="822369327" role=""/>
  <member type="way" ref="822369328" role=""/>
  <member type="way" ref="489407837" role=""/>
  <member type="way" ref="489407830" role=""/>
  <member type="way" ref="489407838" role=""/>
  <member type="way" ref="489407816" role=""/>
  <member type="way" ref="489407814" role=""/>
  <member type="way" ref="26830691" role=""/>
  <member type="way" ref="1016035970" role=""/>
  <member type="way" ref="329065345" role=""/>
  <member type="way" ref="489407869" role=""/>
  <member type="way" ref="489407870" role=""/>
  <member type="way" ref="489407879" role=""/>
  <member type="way" ref="489407877" role=""/>
  <member type="way" ref="489407878" role=""/>
  <member type="way" ref="209118455" role=""/>
  <member type="way" ref="489407883" role=""/>
  <member type="way" ref="489407884" role=""/>
  <member type="way" ref="489407888" role=""/>
  <member type="way" ref="489407889" role=""/>
  <member type="way" ref="273617420" role=""/>
  <member type="way" ref="489407896" role=""/>
  <member type="way" ref="489407895" role=""/>
  <member type="way" ref="329237960" role=""/>
  <member type="way" ref="489407907" role=""/>
  <member type="way" ref="489407908" role=""/>
  <member type="way" ref="489407911" role=""/>
  <member type="way" ref="489407912" role=""/>
  <member type="way" ref="209118456" role=""/>
  <member type="way" ref="489407913" role=""/>
  <member type="way" ref="489407914" role=""/>
  <member type="way" ref="489407917" role=""/>
  <member type="way" ref="489407918" role=""/>
  <member type="way" ref="489407919" role=""/>
  <member type="way" ref="329237963" role=""/>
  <member type="way" ref="1106643559" role=""/>
  <member type="way" ref="273617421" role=""/>
  <member type="way" ref="489407893" role=""/>
  <member type="way" ref="489407892" role=""/>
  <member type="way" ref="489407894" role=""/>
  <member type="way" ref="273617419" role=""/>
  <member type="way" ref="489407891" role=""/>
  <member type="way" ref="489407890" role=""/>
  <member type="way" ref="450121885" role=""/>
  <member type="way" ref="489407875" role=""/>
  <member type="way" ref="489407876" role=""/>
  <member type="way" ref="329065350" role=""/>
  <member type="way" ref="489407920" role=""/>
  <member type="way" ref="489407922" role=""/>
  <member type="way" ref="489407921" role=""/>
  <member type="way" ref="489457830" role=""/>
  <member type="way" ref="209119179" role=""/>
  <member type="way" ref="996552699" role=""/>
  <member type="way" ref="825286096" role=""/>
  <member type="way" ref="10377354" role=""/>
  <member type="way" ref="489457831" role=""/>
  <member type="way" ref="185146194" role=""/>
  <member type="way" ref="489407923" role=""/>
  <member type="way" ref="489407925" role=""/>
  <member type="way" ref="475938252" role=""/>
  <member type="way" ref="10378750" role=""/>
  <member type="way" ref="489407930" role=""/>
  <member type="way" ref="489407929" role=""/>
  <member type="way" ref="489407932" role=""/>
  <member type="way" ref="489407933" role=""/>
  <member type="way" ref="489407934" role=""/>
  <member type="way" ref="489407937" role=""/>
  <member type="way" ref="489407938" role=""/>
  <member type="way" ref="329397623" role=""/>
  <member type="way" ref="489407941" role=""/>
  <member type="way" ref="489407942" role=""/>
  <member type="way" ref="489407944" role=""/>
  <member type="way" ref="10375180" role=""/>
  <member type="way" ref="1228543758" role=""/>
  <member type="way" ref="329397618" role=""/>
  <member type="way" ref="489407943" role=""/>
  <member type="way" ref="489407939" role=""/>
  <member type="way" ref="489407940" role=""/>
  <member type="way" ref="185146217" role=""/>
  <member type="way" ref="489407935" role=""/>
  <member type="way" ref="489407936" role=""/>
  <member type="way" ref="165681713" role=""/>
  <member type="way" ref="185146178" role=""/>
  <member type="way" ref="489172830" role=""/>
  <member type="way" ref="489172831" role=""/>
  <member type="way" ref="489172832" role=""/>
  <member type="way" ref="489172833" role=""/>
  <member type="way" ref="489172834" role=""/>
  <member type="way" ref="489172835" role=""/>
  <member type="way" ref="489172836" role=""/>
  <member type="way" ref="489172837" role=""/>
  <member type="way" ref="489172838" role=""/>
  <member type="way" ref="489172842" role=""/>
  <member type="way" ref="489172839" role=""/>
  <member type="way" ref="489172840" role=""/>
  <member type="way" ref="489172841" role=""/>
  <member type="way" ref="465481465" role=""/>
  <member type="way" ref="465481464" role=""/>
  <member type="way" ref="489172844" role=""/>
  <member type="way" ref="489172843" role=""/>
  <member type="way" ref="489172845" role=""/>
  <member type="way" ref="465481467" role=""/>
  <member type="way" ref="465481469" role=""/>
  <member type="way" ref="10377296" role=""/>
  <member type="way" ref="489172846" role=""/>
  <member type="way" ref="489172847" role=""/>
  <member type="way" ref="825286099" role=""/>
  <member type="way" ref="489172850" role=""/>
  <member type="way" ref="825286100" role=""/>
  <member type="way" ref="825286101" role=""/>
  <member type="way" ref="489172852" role=""/>
  <member type="way" ref="996741734" role=""/>
  <member type="way" ref="604519843" role=""/>
  <member type="way" ref="10377357" role=""/>
  <member type="way" ref="489172855" role=""/>
  <member type="way" ref="489172856" role=""/>
  <member type="way" ref="489172857" role=""/>
  <member type="way" ref="1019617145" role=""/>
  <member type="way" ref="996571911" role=""/>
  <member type="way" ref="996739627" role=""/>
  <member type="way" ref="996571914" role=""/>
  <member type="way" ref="603911853" role=""/>
  <member type="way" ref="996571913" role=""/>
  <member type="way" ref="996571912" role=""/>
  <member type="way" ref="197954568" role=""/>
  <member type="way" ref="185358137" role=""/>
  <member type="way" ref="1017022032" role=""/>
  <member type="way" ref="465481471" role=""/>
  <member type="way" ref="990972405" role=""/>
  <member type="way" ref="465481470" role=""/>
  <member type="way" ref="607842890" role=""/>
  <member type="way" ref="10377337" role=""/>
  <member type="way" ref="607842889" role=""/>
  <member type="way" ref="461128328" role=""/>
  <member type="way" ref="465481474" role=""/>
  <member type="way" ref="465481477" role=""/>
  <member type="way" ref="604519799" role=""/>
  <member type="way" ref="799239373" role=""/>
  <member type="way" ref="465481475" role=""/>
  <member type="way" ref="465481478" role=""/>
  <member type="way" ref="990972407" role=""/>
  <member type="way" ref="461128329" role=""/>
  <member type="way" ref="10375175" role=""/>
  <member type="way" ref="1494766544" role=""/>
  <member type="way" ref="489172859" role=""/>
  <member type="way" ref="489172860" role=""/>
  <member type="way" ref="489172861" role=""/>
  <member type="way" ref="489133308" role=""/>
  <member type="way" ref="713579057" role=""/>
  <member type="way" ref="713579056" role=""/>
  <member type="way" ref="489172862" role=""/>
  <member type="way" ref="489133312" role=""/>
  <member type="way" ref="489133335" role=""/>
  <member type="way" ref="489133339" role=""/>
  <member type="way" ref="489133355" role=""/>
  <member type="way" ref="489133359" role=""/>
  <member type="way" ref="489133386" role=""/>
  <member type="way" ref="489133392" role=""/>
  <member type="way" ref="489133419" role=""/>
  <member type="way" ref="489133423" role=""/>
  <member type="way" ref="489133426" role=""/>
  <member type="way" ref="489133441" role=""/>
  <member type="way" ref="489133445" role=""/>
  <member type="way" ref="489133455" role=""/>
  <member type="way" ref="489133459" role=""/>
  <member type="way" ref="489133493" role=""/>
  <member type="way" ref="346354195" role=""/>
  <member type="way" ref="1228543762" role=""/>
  <member type="way" ref="1228543761" role=""/>
  <member type="way" ref="489133523" role=""/>
  <member type="way" ref="489172866" role=""/>
  <member type="way" ref="489172867" role=""/>
  <member type="way" ref="489133537" role=""/>
  <member type="way" ref="10458098" role=""/>
  <member type="way" ref="1228543760" role=""/>
  <member type="way" ref="1228543759" role=""/>
  <member type="way" ref="489133484" role=""/>
  <member type="way" ref="489133498" role=""/>
  <member type="way" ref="489133469" role=""/>
  <member type="way" ref="489133472" role=""/>
  <member type="way" ref="489133448" role=""/>
  <member type="way" ref="489133451" role=""/>
  <member type="way" ref="489133503" role=""/>
  <member type="way" ref="489133408" role=""/>
  <member type="way" ref="489133411" role=""/>
  <member type="way" ref="489133377" role=""/>
  <member type="way" ref="489133373" role=""/>
  <member type="way" ref="489133346" role=""/>
  <member type="way" ref="489133342" role=""/>
  <member type="way" ref="489133350" role=""/>
  <member type="way" ref="10375131" role=""/>
  <member type="way" ref="489133329" role=""/>
  <member type="way" ref="489172863" role=""/>
  <member type="way" ref="1017022031" role=""/>
  <member type="way" ref="489133527" role=""/>
  <member type="way" ref="489172864" role=""/>
  <member type="way" ref="489172865" role=""/>
  <member type="way" ref="489133570" role=""/>
  <member type="way" ref="489133574" role=""/>
  <member type="way" ref="489172868" role=""/>
  <member type="way" ref="489133586" role=""/>
  <member type="way" ref="489133578" role=""/>
  <member type="way" ref="489133625" role=""/>
  <member type="way" ref="489133620" role=""/>
  <member type="way" ref="489133636" role=""/>
  <member type="way" ref="489133633" role=""/>
  <member type="way" ref="198848080" role=""/>
  <member type="way" ref="713579058" role=""/>
  <member type="way" ref="489133594" role=""/>
  <member type="way" ref="489133590" role=""/>
  <member type="way" ref="489172869" role=""/>
  <member type="way" ref="10449027" role=""/>
  <member type="way" ref="1228540858" role=""/>
  <member type="way" ref="1228540862" role=""/>
  <member type="way" ref="1228540859" role=""/>
  <member type="way" ref="1017030940" role=""/>
  <member type="way" ref="489133648" role=""/>
  <member type="way" ref="489133643" role=""/>
  <member type="way" ref="489133671" role=""/>
  <member type="way" ref="489133676" role=""/>
  <member type="way" ref="489133693" role=""/>
  <member type="way" ref="489133689" role=""/>
  <member type="way" ref="489133715" role=""/>
  <member type="way" ref="489133711" role=""/>
  <member type="way" ref="489133730" role=""/>
  <member type="way" ref="489133726" role=""/>
  <member type="way" ref="489133752" role=""/>
  <member type="way" ref="489133745" role=""/>
  <member type="way" ref="346354185" role=""/>
  <member type="way" ref="346354180" role=""/>
  <member type="way" ref="10454002" role=""/>
  <member type="way" ref="30912195" role=""/>
  <member type="way" ref="266470340" role=""/>
  <member type="way" ref="489113964" role=""/>
  <member type="way" ref="489113965" role=""/>
  <member type="way" ref="1228543838" role=""/>
  <member type="way" ref="30912319" role=""/>
  <member type="way" ref="346354189" role=""/>
  <member type="way" ref="489133771" role=""/>
  <member type="way" ref="489133761" role=""/>
  <member type="way" ref="489133737" role=""/>
  <member type="way" ref="489133734" role=""/>
  <member type="way" ref="489133731" role=""/>
  <member type="way" ref="489133722" role=""/>
  <member type="way" ref="489133719" role=""/>
  <member type="way" ref="489133707" role=""/>
  <member type="way" ref="489133704" role=""/>
  <member type="way" ref="489172871" role=""/>
  <member type="way" ref="489172870" role=""/>
  <member type="way" ref="489133684" role=""/>
  <member type="way" ref="489133680" role=""/>
  <member type="way" ref="489133659" role=""/>
  <member type="way" ref="489133653" role=""/>
  <member type="way" ref="1017030939" role=""/>
  <member type="way" ref="1228540861" role=""/>
  <member type="way" ref="1228540860" role=""/>
  <member type="way" ref="10446420" role=""/>
  <member type="way" ref="1020211835" role=""/>
  <member type="way" ref="1017027516" role=""/>
  <member type="way" ref="1017027517" role=""/>
  <member type="way" ref="713579059" role=""/>
  <member type="way" ref="10463057" role=""/>
  <member type="way" ref="1053456430" role=""/>
  <member type="way" ref="1053456429" role=""/>
  <member type="way" ref="73436861" role=""/>
  <member type="way" ref="1264988687" role=""/>
  <member type="way" ref="266470341" role=""/>
  <member type="way" ref="1020211842" role=""/>
  <member type="way" ref="174815981" role=""/>
  <member type="way" ref="489166783" role=""/>
  <member type="way" ref="489166782" role=""/>
  <member type="way" ref="489166787" role=""/>
  <member type="way" ref="489166786" role=""/>
  <member type="way" ref="489166793" role=""/>
  <member type="way" ref="489166792" role=""/>
  <member type="way" ref="489166798" role=""/>
  <member type="way" ref="489166797" role=""/>
  <member type="way" ref="489166805" role=""/>
  <member type="way" ref="489166804" role=""/>
  <member type="way" ref="339376495" role=""/>
  <member type="way" ref="339376482" role=""/>
  <member type="way" ref="339376500" role=""/>
  <member type="way" ref="489166809" role=""/>
  <member type="way" ref="489166808" role=""/>
  <member type="way" ref="489166814" role=""/>
  <member type="way" ref="489166813" role=""/>
  <member type="way" ref="489166818" role=""/>
  <member type="way" ref="489166817" role=""/>
  <member type="way" ref="489166824" role=""/>
  <member type="way" ref="489166823" role=""/>
  <member type="way" ref="489166826" role=""/>
  <member type="way" ref="489166825" role=""/>
  <member type="way" ref="489166821" role=""/>
  <member type="way" ref="489166820" role=""/>
  <member type="way" ref="489166816" role=""/>
  <member type="way" ref="489166815" role=""/>
  <member type="way" ref="489166812" role=""/>
  <member type="way" ref="489166811" role=""/>
  <member type="way" ref="489166810" role=""/>
  <member type="way" ref="361080719" role=""/>
  <member type="way" ref="339376489" role=""/>
  <member type="way" ref="339376476" role=""/>
  <member type="way" ref="489166807" role=""/>
  <member type="way" ref="489166806" role=""/>
  <member type="way" ref="489166800" role=""/>
  <member type="way" ref="489166799" role=""/>
  <member type="way" ref="489166795" role=""/>
  <member type="way" ref="489166794" role=""/>
  <member type="way" ref="489166789" role=""/>
  <member type="way" ref="489166788" role=""/>
  <member type="way" ref="489166785" role=""/>
  <member type="way" ref="489166784" role=""/>
  <member type="way" ref="339376527" role=""/>
  <member type="way" ref="996590568" role=""/>
  <member type="way" ref="30912162" role=""/>
  <member type="way" ref="266470339" role=""/>
  <member type="way" ref="489113967" role=""/>
  <member type="way" ref="185225867" role=""/>
  <member type="way" ref="10449029" role=""/>
  <member type="way" ref="10449034" role=""/>
  <member type="way" ref="1017032216" role=""/>
  <member type="way" ref="132668201" role=""/>
  <member type="way" ref="1019674646" role=""/>
  <member type="way" ref="558811859" role=""/>
  <member type="way" ref="558811858" role=""/>
  <member type="way" ref="558811861" role=""/>
  <member type="way" ref="1017032217" role=""/>
  <member type="way" ref="1019674648" role=""/>
  <member type="way" ref="1017032215" role=""/>
  <member type="way" ref="269152254" role=""/>
  <member type="way" ref="10462181" role=""/>
  <member type="way" ref="1019674649" role=""/>
  <member type="way" ref="1017032212" role=""/>
  <member type="way" ref="185225870" role=""/>
  <member type="way" ref="762818204" role=""/>
  <member type="way" ref="1029258835" role=""/>
  <member type="way" ref="691582306" role=""/>
  <member type="way" ref="691582315" role=""/>
  <member type="way" ref="445237588" role=""/>
  <member type="way" ref="425165084" role=""/>
  <member type="way" ref="211047137" role=""/>
  <member type="way" ref="303614036" role=""/>
  <member type="way" ref="1089664565" role=""/>
  <member type="way" ref="246095751" role=""/>
  <member type="way" ref="425165077" role=""/>
  <member type="way" ref="425165062" role=""/>
  <member type="way" ref="425165059" role=""/>
  <member type="way" ref="246095750" role=""/>
  <member type="way" ref="185017246" role=""/>
  <member type="way" ref="425165068" role=""/>
  <member type="way" ref="218679724" role=""/>
  <member type="way" ref="295768452" role=""/>
  <member type="way" ref="425165061" role=""/>
  <member type="way" ref="425165075" role=""/>
  <member type="way" ref="425165069" role=""/>
  <member type="way" ref="297827727" role=""/>
  <member type="way" ref="1155155858" role=""/>
  <member type="way" ref="1145540605" role=""/>
  <member type="way" ref="1145540603" role=""/>
  <member type="way" ref="185017284" role=""/>
  <member type="way" ref="297827724" role=""/>
  <member type="way" ref="462678546" role=""/>
  <member type="way" ref="1145540606" role=""/>
  <member type="way" ref="1155155859" role=""/>
  <member type="way" ref="295768451" role=""/>
  <member type="way" ref="425165066" role=""/>
  <member type="way" ref="425165071" role=""/>
  <member type="way" ref="425165060" role=""/>
  <member type="way" ref="1089664568" role=""/>
  <member type="way" ref="246095752" role=""/>
  <member type="way" ref="246095749" role=""/>
  <member type="way" ref="425165065" role=""/>
  <member type="way" ref="425165058" role=""/>
  <member type="way" ref="425165056" role=""/>
  <member type="way" ref="1089664567" role=""/>
  <member type="way" ref="297827726" role=""/>
  <member type="way" ref="211047142" role=""/>
  <member type="way" ref="1089664566" role=""/>
  <member type="way" ref="914610027" role=""/>
  <member type="way" ref="425165081" role=""/>
  <member type="way" ref="117987608" role=""/>
  <member type="way" ref="1089664569" role=""/>
  <member type="way" ref="185013600" role=""/>
  <member type="way" ref="425165064" role=""/>
  <member type="way" ref="425165063" role=""/>
  <member type="way" ref="691547318" role=""/>
  <member type="way" ref="691547313" role=""/>
  <member type="way" ref="691547329" role=""/>
  <member type="way" ref="628241700" role=""/>
  <member type="way" ref="1446392103" role=""/>
  <member type="way" ref="425165076" role=""/>
  <member type="way" ref="512376137" role=""/>
  <member type="way" ref="825119298" role=""/>
  <member type="way" ref="691547309" role=""/>
  <member type="way" ref="1342409205" role=""/>
  <member type="way" ref="691547310" role=""/>
  <member type="way" ref="691547314" role=""/>
  <member type="way" ref="691150362" role=""/>
  <member type="way" ref="691547328" role=""/>
  <member type="way" ref="783767233" role=""/>
  <member type="way" ref="691547327" role=""/>
  <member type="way" ref="691547326" role=""/>
  <member type="way" ref="91817412" role=""/>
  <member type="way" ref="552012664" role=""/>
  <member type="way" ref="551509109" role=""/>
  <member type="way" ref="551509108" role=""/>
  <member type="way" ref="692522592" role=""/>
  <member type="way" ref="692522589" role=""/>
  <member type="way" ref="71239670" role=""/>
  <member type="way" ref="24312158" role=""/>
  <member type="way" ref="24313459" role=""/>
  <member type="way" ref="24313478" role=""/>
  <member type="way" ref="551470704" role=""/>
  <member type="way" ref="692916679" role=""/>
  <member type="way" ref="44227323" role=""/>
  <member type="way" ref="692916677" role=""/>
  <member type="way" ref="692908514" role=""/>
  <member type="way" ref="692916680" role=""/>
  <member type="way" ref="692916674" role=""/>
  <member type="way" ref="692916673" role=""/>
  <member type="way" ref="692916676" role=""/>
  <member type="way" ref="692918430" role=""/>
  <member type="way" ref="692918428" role=""/>
  <member type="way" ref="283869898" role=""/>
  <member type="way" ref="283869894" role=""/>
  <member type="way" ref="71496417" role=""/>
  <member type="way" ref="703246634" role=""/>
  <member type="way" ref="283881228" role=""/>
  <member type="way" ref="443903864" role=""/>
  <member type="way" ref="283881220" role=""/>
  <member type="way" ref="14401076" role=""/>
  <member type="way" ref="703246631" role=""/>
  <member type="way" ref="184705205" role=""/>
  <member type="way" ref="283869892" role=""/>
  <member type="way" ref="692918436" role=""/>
  <member type="way" ref="692918429" role=""/>
  <member type="way" ref="970108673" role=""/>
  <member type="way" ref="970108669" role=""/>
  <member type="way" ref="560850868" role=""/>
  <member type="way" ref="692913782" role=""/>
  <member type="way" ref="692913767" role=""/>
  <member type="way" ref="692521092" role=""/>
  <member type="way" ref="24312675" role=""/>
  <member type="way" ref="692522591" role=""/>
  <member type="way" ref="24313414" role=""/>
  <member type="way" ref="24313452" role=""/>
  <member type="way" ref="24312166" role=""/>
  <member type="way" ref="71440041" role=""/>
  <member type="way" ref="24312146" role=""/>
  <member type="way" ref="83293878" role=""/>
  <member type="way" ref="551505894" role=""/>
  <member type="way" ref="691838745" role=""/>
  <member type="way" ref="551505895" role=""/>
  <member type="way" ref="691842354" role=""/>
  <member type="way" ref="551504793" role=""/>
  <member type="way" ref="552012040" role=""/>
  <member type="way" ref="691547325" role=""/>
  <member type="way" ref="691547317" role=""/>
  <member type="way" ref="212256925" role=""/>
  <member type="way" ref="992151851" role=""/>
  <member type="way" ref="108719546" role=""/>
  <member type="way" ref="24312783" role=""/>
  <member type="way" ref="692913758" role=""/>
  <member type="way" ref="692913763" role=""/>
  <member type="way" ref="24312683" role=""/>
  <member type="way" ref="551754310" role=""/>
  <member type="way" ref="71439995" role=""/>
  <member type="way" ref="71439993" role=""/>
  <member type="way" ref="71439992" role=""/>
  <member type="way" ref="71439987" role=""/>
  <member type="way" ref="551469825" role=""/>
  <member type="way" ref="71439986" role=""/>
  <member type="way" ref="71439985" role=""/>
  <member type="way" ref="71439984" role=""/>
  <member type="way" ref="108124889" role=""/>
  <member type="way" ref="1339997054" role=""/>
  <member type="way" ref="108124854" role=""/>
  <member type="way" ref="1498387912" role=""/>
  <member type="way" ref="164623114" role=""/>
  <member type="way" ref="164623118" role=""/>
  <member type="way" ref="552013103" role=""/>
  <member type="way" ref="552013984" role=""/>
  <member type="way" ref="552014392" role=""/>
  <member type="way" ref="233087842" role=""/>
  <member type="way" ref="487248975" role=""/>
  <member type="way" ref="548046520" role=""/>
  <member type="way" ref="177387173" role=""/>
  <member type="way" ref="177387158" role=""/>
  <member type="way" ref="177387171" role=""/>
  <member type="way" ref="177387166" role=""/>
  <member type="way" ref="177523050" role=""/>
  <member type="way" ref="177523051" role=""/>
  <member type="way" ref="177387156" role=""/>
  <member type="way" ref="177387163" role=""/>
  <member type="way" ref="177387154" role=""/>
  <member type="way" ref="177387162" role=""/>
  <member type="way" ref="177387157" role=""/>
  <member type="way" ref="177387164" role=""/>
  <member type="way" ref="177387155" role=""/>
  <member type="way" ref="449634440" role=""/>
  <member type="way" ref="177387165" role=""/>
  <member type="way" ref="1248681419" role=""/>
  <member type="way" ref="176743999" role=""/>
  <member type="way" ref="176743996" role=""/>
  <member type="way" ref="176743998" role=""/>
  <member type="way" ref="117987387" role=""/>
  <member type="way" ref="172869345" role=""/>
  <member type="way" ref="38415040" role=""/>
  <member type="way" ref="38414968" role=""/>
  <member type="way" ref="553750203" role=""/>
  <member type="way" ref="38414969" role=""/>
  <member type="way" ref="553751426" role=""/>
  <member type="way" ref="42397609" role=""/>
  <member type="way" ref="553752382" role=""/>
  <member type="way" ref="42397618" role=""/>
  <member type="way" ref="702395254" role=""/>
  <member type="way" ref="553754823" role=""/>
  <member type="way" ref="702395634" role=""/>
  <member type="way" ref="42397613" role=""/>
  <member type="way" ref="702401730" role=""/>
  <member type="way" ref="34151835" role=""/>
  <member type="way" ref="702405769" role=""/>
  <member type="way" ref="34151836" role=""/>
  <member type="way" ref="702413870" role=""/>
  <member type="way" ref="34151668" role=""/>
  <member type="way" ref="1343741052" role=""/>
  <member type="way" ref="34151669" role=""/>
  <member type="way" ref="32905630" role=""/>
  <member type="way" ref="702421642" role=""/>
  <member type="way" ref="32905627" role=""/>
  <member type="way" ref="293581658" role=""/>
  <member type="way" ref="293581657" role=""/>
  <member type="way" ref="181363152" role=""/>
  <member type="way" ref="32861752" role=""/>
  <member type="way" ref="32860787" role=""/>
  <member type="way" ref="32860778" role=""/>
  <member type="way" ref="34152550" role=""/>
  <member type="way" ref="702424399" role=""/>
  <member type="way" ref="34152551" role=""/>
  <member type="way" ref="702426366" role=""/>
  <member type="way" ref="33541344" role=""/>
  <member type="way" ref="33541345" role=""/>
  <member type="way" ref="117987631" role=""/>
  <member type="way" ref="1343720769" role=""/>
  <member type="way" ref="702435937" role=""/>
  <member type="way" ref="133443347" role=""/>
  <member type="way" ref="702441488" role=""/>
  <member type="way" ref="702445987" role=""/>
  <member type="way" ref="702445989" role=""/>
  <member type="way" ref="702445988" role=""/>
  <member type="way" ref="702446907" role=""/>
  <member type="way" ref="39174654" role=""/>
  <member type="way" ref="702451810" role=""/>
  <member type="way" ref="62789504" role=""/>
  <member type="way" ref="1025752979" role=""/>
  <member type="way" ref="133443388" role=""/>
  <member type="way" ref="702442488" role=""/>
  <member type="way" ref="702442486" role=""/>
  <member type="way" ref="702442487" role=""/>
  <member type="way" ref="302621043" role=""/>
  <member type="way" ref="14370803" role=""/>
  <member type="way" ref="489166875" role=""/>
  <member type="way" ref="489166874" role=""/>
  <member type="way" ref="489166873" role=""/>
  <member type="way" ref="32861745" role=""/>
  <member type="way" ref="1155153142" role=""/>
  <member type="way" ref="1296823153" role=""/>
  <member type="way" ref="1155153140" role=""/>
  <member type="way" ref="1296826436" role=""/>
  <member type="way" ref="1296826435" role=""/>
  <member type="way" ref="1024401838" role=""/>
  <member type="way" ref="1296671692" role=""/>
  <member type="way" ref="1296927401" role=""/>
  <member type="way" ref="1296927402" role=""/>
  <member type="way" ref="1296927403" role=""/>
  <member type="way" ref="185017292" role=""/>
  <member type="way" ref="1296927404" role=""/>
  <member type="way" ref="1024401837" role=""/>
  <member type="way" ref="425165049" role=""/>
  <member type="way" ref="425165057" role=""/>
  <member type="way" ref="425165072" role=""/>
  <member type="way" ref="1155153143" role=""/>
  <member type="way" ref="425165074" role=""/>
  <member type="way" ref="425165067" role=""/>
  <member type="way" ref="1011111505" role=""/>
  <member type="way" ref="185017277" role=""/>
  <member type="way" ref="1147255185" role=""/>
  <member type="way" ref="1147255186" role=""/>
  <member type="way" ref="1144448474" role=""/>
  <member type="way" ref="909205183" role=""/>
  <member type="way" ref="909205117" role=""/>
  <member type="way" ref="1155155848" role=""/>
  <member type="way" ref="1155155847" role=""/>
  <member type="way" ref="14286413" role=""/>
  <member type="way" ref="825119291" role=""/>
  <member type="way" ref="425165070" role=""/>
  <member type="way" ref="1155153127" role=""/>
  <member type="way" ref="1024401836" role=""/>
  <member type="way" ref="1024401840" role=""/>
  <member type="way" ref="1024401841" role=""/>
  <member type="way" ref="444219903" role=""/>
  <member type="way" ref="117987590" role=""/>
  <member type="way" ref="117987350" role=""/>
  <member type="way" ref="117987595" role=""/>
  <member type="way" ref="117987382" role=""/>
  <member type="way" ref="117987503" role=""/>
  <member type="way" ref="117987359" role=""/>
  <member type="way" ref="117987574" role=""/>
  <member type="way" ref="992151838" role=""/>
  <member type="way" ref="992151836" role=""/>
  <member type="way" ref="992151844" role=""/>
  <member type="way" ref="992151842" role=""/>
  <member type="way" ref="992151841" role=""/>
  <member type="way" ref="992151843" role=""/>
  <member type="way" ref="992151840" role=""/>
  <member type="way" ref="992151839" role=""/>
  <member type="way" ref="992151837" role=""/>
  <member type="way" ref="269136900" role=""/>
  <member type="way" ref="506067803" role=""/>
  <member type="way" ref="506067804" role=""/>
  <member type="way" ref="14289753" role=""/>
  <member type="way" ref="723270369" role=""/>
  <member type="way" ref="973601059" role=""/>
  <member type="way" ref="973601058" role=""/>
  <member type="way" ref="973601057" role=""/>
  <member type="way" ref="55410833" role=""/>
  <member type="way" ref="117987366" role=""/>
  <member type="way" ref="117987489" role=""/>
  <member type="way" ref="117987360" role=""/>
  <member type="way" ref="117987566" role=""/>
  <member type="way" ref="848970000" role=""/>
  <member type="way" ref="1011029112" role=""/>
  <member type="way" ref="1011029111" role=""/>
  <member type="way" ref="269142387" role=""/>
  <member type="way" ref="1011029110" role=""/>
  <member type="way" ref="1011029109" role=""/>
  <member type="way" ref="1029232924" role=""/>
  <member type="way" ref="1034112110" role=""/>
  <member type="way" ref="1011029105" role=""/>
  <member type="way" ref="1034076588" role=""/>
  <member type="way" ref="1011029106" role=""/>
  <member type="way" ref="1011029108" role=""/>
  <member type="way" ref="1011029107" role=""/>
  <member type="way" ref="117987361" role=""/>
  <member type="way" ref="117987519" role=""/>
  <member type="way" ref="117987562" role=""/>
  <member type="way" ref="117987498" role=""/>
  <member type="way" ref="117987536" role=""/>
  <member type="way" ref="117987589" role=""/>
  <member type="way" ref="117987487" role=""/>
  <member type="way" ref="117987632" role=""/>
  <member type="way" ref="269142380" role=""/>
  <member type="way" ref="269142374" role=""/>
  <member type="way" ref="269142379" role=""/>
  <member type="way" ref="503487755" role=""/>
  <member type="way" ref="1327882587" role=""/>
  <member type="way" ref="1327882588" role=""/>
  <member type="way" ref="172772672" role=""/>
  <member type="way" ref="172772674" role=""/>
  <member type="way" ref="10458010" role=""/>
  <member type="way" ref="117987527" role=""/>
  <member type="way" ref="269142384" role=""/>
  <member type="way" ref="269142375" role=""/>
  <member type="way" ref="269142372" role=""/>
  <member type="way" ref="269142370" role=""/>
  <member type="way" ref="489166904" role=""/>
  <member type="way" ref="489166903" role=""/>
  <member type="way" ref="269142369" role=""/>
  <member type="way" ref="269147006" role=""/>
  <member type="way" ref="269147007" role=""/>
  <member type="way" ref="269147009" role=""/>
  <member type="way" ref="489166898" role=""/>
  <member type="way" ref="489166892" role=""/>
  <member type="way" ref="489166889" role=""/>
  <member type="way" ref="117987476" role=""/>
  <member type="way" ref="266954223" role=""/>
  <member type="way" ref="1415718571" role=""/>
  <member type="way" ref="489166888" role=""/>
  <member type="way" ref="26401848" role=""/>
  <member type="way" ref="117987576" role=""/>
  <member type="way" ref="1415718570" role=""/>
  <member type="way" ref="1415718577" role=""/>
  <member type="way" ref="1415718575" role=""/>
  <member type="way" ref="1415718576" role=""/>
  <member type="way" ref="266954224" role=""/>
  <member type="way" ref="489166887" role=""/>
  <member type="way" ref="117987520" role=""/>
  <member type="way" ref="266954226" role=""/>
  <member type="way" ref="489166883" role=""/>
  <member type="way" ref="489166882" role=""/>
  <member type="way" ref="1415718569" role=""/>
  <member type="way" ref="26401666" role=""/>
  <member type="way" ref="489166881" role=""/>
  <member type="way" ref="117987510" role=""/>
  <member type="way" ref="489166880" role=""/>
  <member type="way" ref="117987548" role=""/>
  <member type="way" ref="266954228" role=""/>
  <member type="way" ref="489166879" role=""/>
  <member type="way" ref="489166877" role=""/>
  <member type="way" ref="489166878" role=""/>
  <member type="way" ref="26401651" role=""/>
  <member type="way" ref="685861789" role=""/>
  <member type="way" ref="117987497" role=""/>
  <member type="way" ref="194189989" role=""/>
  <member type="way" ref="269147003" role=""/>
  <member type="way" ref="269147008" role=""/>
  <member type="way" ref="489166844" role=""/>
  <member type="way" ref="489166827" role=""/>
  <member type="way" ref="489166829" role=""/>
  <member type="way" ref="489166832" role=""/>
  <member type="way" ref="489166833" role=""/>
  <member type="way" ref="489166843" role=""/>
  <member type="way" ref="185020248" role=""/>
  <member type="way" ref="489166845" role=""/>
  <member type="way" ref="489166846" role=""/>
  <member type="way" ref="489166856" role=""/>
  <member type="way" ref="489166859" role=""/>
  <member type="way" ref="489166860" role=""/>
  <member type="way" ref="489166864" role=""/>
  <member type="way" ref="179319959" role=""/>
  <member type="way" ref="179319958" role=""/>
  <member type="way" ref="489166866" role=""/>
  <member type="way" ref="489166865" role=""/>
  <member type="way" ref="269147011" role=""/>
  <member type="way" ref="174815994" role=""/>
  <member type="way" ref="174815993" role=""/>
  <member type="way" ref="489166869" role=""/>
  <member type="way" ref="489166872" role=""/>
  <member type="way" ref="489166870" role=""/>
  <member type="way" ref="489166871" role=""/>
  <member type="way" ref="174815995" role=""/>
  <member type="way" ref="1315224955" role=""/>
  <member type="way" ref="269147004" role=""/>
  <member type="way" ref="489166840" role=""/>
  <member type="way" ref="489166839" role=""/>
  <member type="way" ref="489166837" role=""/>
  <member type="way" ref="489166834" role=""/>
  <member type="way" ref="489166835" role=""/>
  <member type="way" ref="489166836" role=""/>
  <member type="way" ref="489166838" role=""/>
  <member type="way" ref="692916682" role=""/>
  <member type="way" ref="24312787" role=""/>
  <member type="way" ref="970108672" role=""/>
  <member type="way" ref="692908518" role=""/>
  <member type="way" ref="692918431" role=""/>
  <member type="way" ref="551754309" role=""/>
  <member type="way" ref="71440002" role=""/>
  <member type="way" ref="71440005" role=""/>
  <member type="way" ref="71439990" role=""/>
  <member type="way" ref="71439991" role=""/>
  <member type="way" ref="551469826" role=""/>
  <member type="way" ref="71439988" role=""/>
  <member type="way" ref="71439989" role=""/>
  <member type="way" ref="71439982" role=""/>
  <member type="way" ref="71439983" role=""/>
  <member type="way" ref="172772612" role=""/>
  <member type="way" ref="1498387911" role=""/>
  <member type="way" ref="108124884" role=""/>
  <member type="way" ref="117987471" role=""/>
  <member type="way" ref="164623113" role=""/>
  <member type="way" ref="552013426" role=""/>
  <member type="way" ref="552015216" role=""/>
  <member type="way" ref="552015653" role=""/>
  <member type="way" ref="164623111" role=""/>
  <member type="way" ref="487248969" role=""/>
  <member type="way" ref="548046974" role=""/>
  <member type="way" ref="233087841" role=""/>
  <member type="way" ref="178173626" role=""/>
  <member type="way" ref="178173618" role=""/>
  <member type="way" ref="178173616" role=""/>
  <member type="way" ref="178173615" role=""/>
  <member type="way" ref="178173631" role=""/>
  <member type="way" ref="178173621" role=""/>
  <member type="way" ref="178173624" role=""/>
  <member type="way" ref="178173627" role=""/>
  <member type="way" ref="178173613" role=""/>
  <member type="way" ref="178173617" role=""/>
  <member type="way" ref="178173620" role=""/>
  <member type="way" ref="178173614" role=""/>
  <member type="way" ref="449634439" role=""/>
  <member type="way" ref="178173619" role=""/>
  <member type="way" ref="553749294" role=""/>
  <member type="way" ref="178173633" role=""/>
  <member type="way" ref="1414189950" role=""/>
  <member type="way" ref="178173625" role=""/>
  <member type="way" ref="553747934" role=""/>
  <member type="way" ref="178173623" role=""/>
  <member type="way" ref="176743995" role=""/>
  <member type="way" ref="1414189952" role=""/>
  <member type="way" ref="1414189951" role=""/>
  <member type="way" ref="172869347" role=""/>
  <member type="way" ref="38415079" role=""/>
  <member type="way" ref="38414966" role=""/>
  <member type="way" ref="38414967" role=""/>
  <member type="way" ref="42397616" role=""/>
  <member type="way" ref="553753097" role=""/>
  <member type="way" ref="172772673" role=""/>
  <member type="way" ref="553755575" role=""/>
  <member type="way" ref="42397617" role=""/>
  <member type="way" ref="702396128" role=""/>
  <member type="way" ref="42397610" role=""/>
  <member type="way" ref="702404645" role=""/>
  <member type="way" ref="42397611" role=""/>
  <member type="way" ref="702408695" role=""/>
  <member type="way" ref="269142376" role=""/>
  <member type="way" ref="269142377" role=""/>
  <member type="way" ref="269142373" role=""/>
  <member type="way" ref="269142371" role=""/>
  <member type="way" ref="269142368" role=""/>
  <member type="way" ref="269142383" role=""/>
  <member type="way" ref="10462212" role=""/>
  <member type="way" ref="1379400391" role=""/>
  <member type="way" ref="1034071953" role=""/>
  <member type="way" ref="10458919" role=""/>
  <member type="way" ref="1020723448" role=""/>
  <member type="way" ref="489166908" role=""/>
  <member type="way" ref="489166906" role=""/>
  <member type="way" ref="489166907" role=""/>
  <member type="way" ref="489166905" role=""/>
  <member type="way" ref="117987581" role=""/>
  <member type="way" ref="26401788" role=""/>
  <member type="way" ref="266954227" role=""/>
  <member type="way" ref="266954225" role=""/>
  <member type="way" ref="1011258040" role=""/>
  <member type="way" ref="489166841" role=""/>
  <member type="way" ref="1024401842" role=""/>
  <member type="way" ref="425165073" role=""/>
  <member type="way" ref="914610026" role=""/>
  <member type="way" ref="117987525" role=""/>
  <member type="way" ref="117987354" role=""/>
  <member type="way" ref="992151834" role=""/>
  <member type="way" ref="992151835" role=""/>
  <member type="way" ref="805234539" role=""/>
  <member type="way" ref="55410869" role=""/>
  <member type="way" ref="533470447" role=""/>
  <member type="way" ref="117987347" role=""/>
  <member type="way" ref="533470448" role=""/>
  <member type="way" ref="269136901" role=""/>
  <member type="way" ref="269136902" role=""/>
  <member type="way" ref="489166842" role=""/>
  <member type="way" ref="1105959946" role=""/>
  <member type="way" ref="1105959945" role=""/>
  <member type="way" ref="489166849" role=""/>
  <member type="way" ref="489166847" role=""/>
  <member type="way" ref="489166851" role=""/>
  <member type="way" ref="489166850" role=""/>
  <member type="way" ref="489166852" role=""/>
  <member type="way" ref="489166863" role=""/>
  <member type="way" ref="174815986" role=""/>
  <member type="way" ref="489166868" role=""/>
  <member type="way" ref="179319957" role=""/>
  <member type="way" ref="489166867" role=""/>
  <member type="way" ref="179319956" role=""/>
  <member type="way" ref="565936678" role=""/>
  <member type="way" ref="450030212" role=""/>
  <member type="way" ref="269147010" role=""/>
  <member type="way" ref="1029258836" role=""/>
  <member type="way" ref="996590564" role=""/>
  <member type="way" ref="34151837" role=""/>
  <member type="way" ref="702412753" role=""/>
  <member type="way" ref="34151838" role=""/>
  <member type="way" ref="34151663" role=""/>
  <member type="way" ref="34151664" role=""/>
  <member type="way" ref="702423180" role=""/>
  <member type="way" ref="32905616" role=""/>
  <member type="way" ref="32905612" role=""/>
  <member type="way" ref="293581656" role=""/>
  <member type="way" ref="293581659" role=""/>
  <member type="way" ref="32861744" role=""/>
  <member type="way" ref="32860847" role=""/>
  <member type="way" ref="702425790" role=""/>
  <member type="way" ref="32860848" role=""/>
  <member type="way" ref="34152555" role=""/>
  <member type="way" ref="702427093" role=""/>
  <member type="way" ref="34152554" role=""/>
  <member type="way" ref="33541351" role=""/>
  <member type="way" ref="33541352" role=""/>
  <member type="way" ref="702434636" role=""/>
  <member type="way" ref="1343788316" role=""/>
  <member type="way" ref="62789502" role=""/>
  <member type="way" ref="14382327" role=""/>
  <member type="way" ref="665183022" role=""/>
  <member type="way" ref="1288367559" role=""/>
  <member type="way" ref="1250958179" role=""/>
  <member type="way" ref="1288367559" role=""/>
  <member type="way" ref="665183022" role=""/>
  <member type="way" ref="665183022" role=""/>
  <member type="way" ref="1288367559" role=""/>
  <member type="way" ref="665183022" role=""/>
  <member type="way" ref="1288367559" role=""/>
  <member type="way" ref="1250958179" role=""/>
  <member type="way" ref="665183022" role=""/>
  <member type="way" ref="1288367559" role=""/>
  <member type="way" ref="62789505" role=""/>
  <member type="way" ref="702452015" role=""/>
  <member type="way" ref="133443348" role=""/>
  <member type="way" ref="33542049" role=""/>
  <member type="way" ref="33542059" role=""/>
  <member type="way" ref="702463047" role=""/>
  <member type="way" ref="33542060" role=""/>
  <member type="way" ref="33542081" role=""/>
  <member type="way" ref="702494415" role=""/>
  <member type="way" ref="1339999265" role=""/>
  <member type="way" ref="33542087" role=""/>
  <member type="way" ref="34136184" role=""/>
  <member type="way" ref="480953127" role=""/>
  <member type="way" ref="480953128" role=""/>
  <member type="way" ref="183941193" role=""/>
  <member type="way" ref="34136170" role=""/>
  <member type="way" ref="480953136" role=""/>
  <member type="way" ref="480953137" role=""/>
  <member type="way" ref="480953134" role=""/>
  <member type="way" ref="34152361" role=""/>
  <member type="way" ref="34146461" role=""/>
  <member type="way" ref="34146472" role=""/>
  <member type="way" ref="14380451" role=""/>
  <member type="way" ref="346130994" role=""/>
  <member type="way" ref="702496554" role=""/>
  <member type="way" ref="34263878" role=""/>
  <member type="way" ref="34263870" role=""/>
  <member type="way" ref="34263869" role=""/>
  <member type="way" ref="703116900" role=""/>
  <member type="way" ref="703126645" role=""/>
  <member type="way" ref="703131812" role=""/>
  <member type="way" ref="560868152" role=""/>
  <member type="way" ref="33542082" role=""/>
  <member type="way" ref="309622390" role=""/>
  <member type="way" ref="117987530" role=""/>
  <member type="way" ref="1190700889" role=""/>
  <member type="way" ref="33542041" role=""/>
  <member type="way" ref="14398838" role=""/>
  <member type="way" ref="481070029" role=""/>
  <member type="way" ref="703130655" role=""/>
  <member type="way" ref="14370757" role=""/>
  <member type="way" ref="703127782" role=""/>
  <member type="way" ref="703109969" role=""/>
  <member type="way" ref="33677745" role=""/>
  <member type="way" ref="34263625" role=""/>
  <member type="way" ref="34263623" role=""/>
  <member type="way" ref="34118636" role=""/>
  <member type="way" ref="703106358" role=""/>
  <member type="way" ref="33542290" role=""/>
  <member type="way" ref="33542289" role=""/>
  <member type="way" ref="33542188" role=""/>
  <member type="way" ref="33542184" role=""/>
  <member type="way" ref="1070833795" role=""/>
  <member type="way" ref="33542102" role=""/>
  <member type="way" ref="33542101" role=""/>
  <member type="way" ref="702454051" role=""/>
  <member type="way" ref="1190700888" role=""/>
  <member type="way" ref="33542044" role=""/>
  <member type="way" ref="1069485591" role=""/>
  <member type="way" ref="702488779" role=""/>
  <member type="way" ref="1344467987" role=""/>
  <member type="way" ref="1190700893" role=""/>
  <member type="way" ref="33542108" role=""/>
  <member type="way" ref="33542104" role=""/>
  <member type="way" ref="33542150" role=""/>
  <member type="way" ref="702493561" role=""/>
  <member type="way" ref="33542172" role=""/>
  <member type="way" ref="33542333" role=""/>
  <member type="way" ref="1389112445" role=""/>
  <member type="way" ref="1069485595" role=""/>
  <member type="way" ref="1190700896" role=""/>
  <member type="way" ref="1069485626" role=""/>
  <member type="way" ref="480953133" role=""/>
  <member type="way" ref="480953135" role=""/>
  <member type="way" ref="1464232141" role=""/>
  <member type="way" ref="309622365" role=""/>
  <member type="way" ref="703130331" role=""/>
  <member type="way" ref="480953129" role=""/>
  <member type="way" ref="703246672" role=""/>
  <member type="way" ref="703246666" role=""/>
  <member type="way" ref="183941187" role=""/>
  <member type="way" ref="703246667" role=""/>
  <member type="way" ref="703197380" role=""/>
  <member type="way" ref="691582311" role=""/>
  <member type="way" ref="351005740" role=""/>
  <tag k="from" v="Lone Pine"/>
  <tag k="name" v="Lone Pine to Reno"/>
  <tag k="network" v="Eastern Sierra Transit"/>
  <tag k="network:wikidata" v="Q5330465"/>
  <tag k="network:wikipedia" v="en:Eastern Sierra Transit"/>
  <tag k="operator" v="Eastern Sierra Transit"/>
  <tag k="ref" v="395 North"/>
  <tag k="route" v="bus"/>
  <tag k="source" v="https://www.estransit.com/wp-content/uploads/2022/01/395-Route-Brochure-rev010422.pdf;https://www.estransit.com/routes-schedule/395-routes/lone-pine-to-reno/;https://www.estransit.com/wp-content/uploads/2022/01/Bishop-Area-Brochure-rev-010322.pdf"/>
  <tag k="to" v="Reno"/>
  <tag k="type" v="route"/>
  <tag k="via" v="US 395"/>
 </relation>
 <relation id="18649190" visible="true" version="2" changeset="181299117" timestamp="2026-04-14T00:28:18Z" user="Flap Slimy Outward" uid="22417964">
  <member type="way" ref="1356602077" role="outer"/>
  <member type="way" ref="1356602076" role="outer"/>
  <member type="way" ref="1356602073" role="outer"/>
  <member type="way" ref="1356602074" role="outer"/>
  <member type="way" ref="1356602075" role="inner"/>
  <tag k="boundary" v="protected_area"/>
  <tag k="ele" v="1534"/>
  <tag k="gnis:feature_id" v="862678"/>
  <tag k="leisure" v="nature_reserve"/>
  <tag k="name" v="Washoe Lake State Park"/>
  <tag k="operator" v="Nevada State Parks"/>
  <tag k="operator:type" v="government"/>
  <tag k="operator:wikidata" v="Q109292599"/>
  <tag k="protection_title" v="State Park"/>
  <tag k="type" v="boundary"/>
  <tag k="website" v="https://parks.nv.gov/parks/washoe-lake"/>
  <tag k="wikidata" v="Q2654727"/>
 </relation>
</osm>
