<?xml version="1.0" encoding="UTF-8"?>
<osm version="0.6" generator="openstreetmap-cgimap 2.1.0 (2768215 spike-08.openstreetmap.org)" copyright="OpenStreetMap and contributors" attribution="http://www.openstreetmap.org/copyright" license="http://opendatacommons.org/licenses/odbl/1-0/">
 <bounds minlat="38.8399500" minlon="-104.7162080" maxlat="38.8464510" maxlon="-104.7028080"/>
 <node id="55696392" visible="true" version="4" changeset="17007887" timestamp="2013-07-19T06:33:44Z" user="FrozenFlame22" uid="719784" lat="38.8392921" lon="-104.7107186"/>
 <node id="55696395" visible="true" version="6" changeset="17007887" timestamp="2013-07-19T06:33:44Z" user="FrozenFlame22" uid="719784" lat="38.8393629" lon="-104.7084225"/>
 <node id="55740140" visible="true" version="6" changeset="16506208" timestamp="2013-06-11T07:22:57Z" user="FrozenFlame22" uid="719784" lat="38.8534764" lon="-104.7138405"/>
 <node id="55740150" visible="true" version="6" changeset="16506208" timestamp="2013-06-11T07:22:57Z" user="FrozenFlame22" uid="719784" lat="38.8535254" lon="-104.7058290"/>
 <node id="55745567" visible="true" version="9" changeset="16506208" timestamp="2013-06-11T07:22:57Z" user="FrozenFlame22" uid="719784" lat="38.8408923" lon="-104.7139065"/>
 <node id="55745570" visible="true" version="6" changeset="15279015" timestamp="2013-03-07T07:52:12Z" user="FrozenFlame22" uid="719784" lat="38.8462134" lon="-104.7138660"/>
 <node id="55746712" visible="true" version="7" changeset="16506208" timestamp="2013-06-11T07:22:57Z" user="FrozenFlame22" uid="719784" lat="38.8409395" lon="-104.7194432"/>
 <node id="55746715" visible="true" version="8" changeset="6390231" timestamp="2010-11-17T05:49:30Z" user="Chris CA" uid="131218" lat="38.8409020" lon="-104.7175943"/>
 <node id="55746717" visible="true" version="9" changeset="16506208" timestamp="2013-06-11T07:22:57Z" user="FrozenFlame22" uid="719784" lat="38.8408976" lon="-104.7158921"/>
 <node id="55746719" visible="true" version="6" changeset="17007887" timestamp="2013-07-19T06:33:41Z" user="FrozenFlame22" uid="719784" lat="38.8408763" lon="-104.7107029"/>
 <node id="55750201" visible="true" version="7" changeset="17007887" timestamp="2013-07-19T06:33:43Z" user="FrozenFlame22" uid="719784" lat="38.8467495" lon="-104.6993437"/>
 <node id="55750206" visible="true" version="7" changeset="17007887" timestamp="2013-07-19T06:33:43Z" user="FrozenFlame22" uid="719784" lat="38.8446882" lon="-104.7016496">
  <tag k="highway" v="traffic_signals"/>
 </node>
 <node id="55752984" visible="true" version="5" changeset="16506208" timestamp="2013-06-11T07:22:57Z" user="FrozenFlame22" uid="719784" lat="38.8554845" lon="-104.7055042"/>
 <node id="55757645" visible="true" version="4" changeset="16518241" timestamp="2013-06-12T02:01:37Z" user="FrozenFlame22" uid="719784" lat="38.8520922" lon="-104.7061469"/>
 <node id="55763165" visible="true" version="5" changeset="16518241" timestamp="2013-06-12T02:01:38Z" user="FrozenFlame22" uid="719784" lat="38.8467587" lon="-104.7011931"/>
 <node id="55765107" visible="true" version="5" changeset="17007887" timestamp="2013-07-19T06:33:44Z" user="FrozenFlame22" uid="719784" lat="38.8453740" lon="-104.7083578"/>
 <node id="55765109" visible="true" version="5" changeset="17007887" timestamp="2013-07-19T06:33:44Z" user="FrozenFlame22" uid="719784" lat="38.8453655" lon="-104.7076269"/>
 <node id="55765111" visible="true" version="6" changeset="17007887" timestamp="2013-07-19T06:33:44Z" user="FrozenFlame22" uid="719784" lat="38.8453609" lon="-104.7051137"/>
 <node id="55765112" visible="true" version="7" changeset="17007887" timestamp="2013-07-19T06:33:44Z" user="FrozenFlame22" uid="719784" lat="38.8449203" lon="-104.7035245"/>
 <node id="55765882" visible="true" version="6" changeset="15279015" timestamp="2013-03-07T07:52:12Z" user="FrozenFlame22" uid="719784" lat="38.8501343" lon="-104.7158865"/>
 <node id="55765887" visible="true" version="6" changeset="15279015" timestamp="2013-03-07T07:52:12Z" user="FrozenFlame22" uid="719784" lat="38.8462063" lon="-104.7158822"/>
 <node id="55779472" visible="true" version="6" changeset="17007887" timestamp="2013-07-19T06:33:40Z" user="FrozenFlame22" uid="719784" lat="38.8467512" lon="-104.6983890"/>
 <node id="55793142" visible="true" version="7" changeset="16517376" timestamp="2013-06-11T23:15:18Z" user="FrozenFlame22" uid="719784" lat="38.8462153" lon="-104.7101927"/>
 <node id="55793143" visible="true" version="5" changeset="16517376" timestamp="2013-06-11T23:15:19Z" user="FrozenFlame22" uid="719784" lat="38.8466805" lon="-104.7101777"/>
 <node id="55793145" visible="true" version="5" changeset="16517376" timestamp="2013-06-11T23:15:18Z" user="FrozenFlame22" uid="719784" lat="38.8468145" lon="-104.7094429"/>
 <node id="55793147" visible="true" version="6" changeset="16517376" timestamp="2013-06-11T23:15:19Z" user="FrozenFlame22" uid="719784" lat="38.8467576" lon="-104.7093006">
  <tag k="highway" v="turning_circle"/>
 </node>
 <node id="55802109" visible="true" version="7" changeset="16518241" timestamp="2013-06-12T02:01:39Z" user="FrozenFlame22" uid="719784" lat="38.8462119" lon="-104.7050992"/>
 <node id="55802110" visible="true" version="5" changeset="16518241" timestamp="2013-06-12T02:01:39Z" user="FrozenFlame22" uid="719784" lat="38.8472184" lon="-104.7051002"/>
 <node id="55802112" visible="true" version="4" changeset="16518241" timestamp="2013-06-12T02:01:39Z" user="FrozenFlame22" uid="719784" lat="38.8485953" lon="-104.7026419"/>
 <node id="55802113" visible="true" version="5" changeset="16518241" timestamp="2013-06-12T02:01:39Z" user="FrozenFlame22" uid="719784" lat="38.8498344" lon="-104.7020151"/>
 <node id="55802115" visible="true" version="5" changeset="16518241" timestamp="2013-06-12T02:01:39Z" user="FrozenFlame22" uid="719784" lat="38.8510871" lon="-104.7013667"/>
 <node id="55812791" visible="true" version="6" changeset="16506208" timestamp="2013-06-11T07:22:57Z" user="FrozenFlame22" uid="719784" lat="38.8483676" lon="-104.7119002"/>
 <node id="55812796" visible="true" version="5" changeset="16518241" timestamp="2013-06-12T02:01:38Z" user="FrozenFlame22" uid="719784" lat="38.8482226" lon="-104.7080345"/>
 <node id="55814033" visible="true" version="7" changeset="17007887" timestamp="2013-07-19T06:33:42Z" user="FrozenFlame22" uid="719784" lat="38.8467438" lon="-104.6968485"/>
 <node id="55814044" visible="true" version="5" changeset="13030102" timestamp="2012-09-08T05:22:02Z" user="techlady" uid="104962" lat="38.8409918" lon="-104.7083830"/>
 <node id="55814045" visible="true" version="6" changeset="17007887" timestamp="2013-07-19T06:33:42Z" user="FrozenFlame22" uid="719784" lat="38.8411601" lon="-104.7074928"/>
 <node id="55814047" visible="true" version="6" changeset="17007887" timestamp="2013-07-19T06:33:41Z" user="FrozenFlame22" uid="719784" lat="38.8419563" lon="-104.7057836"/>
 <node id="55814049" visible="true" version="5" changeset="17007887" timestamp="2013-07-19T06:33:42Z" user="FrozenFlame22" uid="719784" lat="38.8433309" lon="-104.7046170"/>
 <node id="55814051" visible="true" version="6" changeset="17007887" timestamp="2013-07-19T06:33:42Z" user="FrozenFlame22" uid="719784" lat="38.8441913" lon="-104.7040242"/>
 <node id="55814055" visible="true" version="7" changeset="16518241" timestamp="2013-06-12T02:01:38Z" user="FrozenFlame22" uid="719784" lat="38.8456683" lon="-104.7030016"/>
 <node id="55814057" visible="true" version="5" changeset="16518241" timestamp="2013-06-12T02:01:38Z" user="FrozenFlame22" uid="719784" lat="38.8463464" lon="-104.7025138"/>
 <node id="55827801" visible="true" version="9" changeset="16907935" timestamp="2013-07-11T06:19:24Z" user="Your Village Maps" uid="227972" lat="38.8462165" lon="-104.7193826"/>
 <node id="55827804" visible="true" version="6" changeset="16506208" timestamp="2013-06-11T07:22:58Z" user="FrozenFlame22" uid="719784" lat="38.8462196" lon="-104.7119042"/>
 <node id="55827805" visible="true" version="7" changeset="16517376" timestamp="2013-06-11T23:15:19Z" user="FrozenFlame22" uid="719784" lat="38.8462181" lon="-104.7106722"/>
 <node id="55827807" visible="true" version="7" changeset="16518241" timestamp="2013-06-12T02:01:38Z" user="FrozenFlame22" uid="719784" lat="38.8462162" lon="-104.7083553">
  <tag k="highway" v="traffic_signals"/>
 </node>
 <node id="55830147" visible="true" version="3" changeset="2825523" timestamp="2009-10-12T14:04:22Z" user="woodpeck_fixbot" uid="147510" lat="38.8475429" lon="-104.7083488"/>
 <node id="55834530" visible="true" version="5" changeset="17007887" timestamp="2013-07-19T06:33:44Z" user="FrozenFlame22" uid="719784" lat="38.8437962" lon="-104.7057837"/>
 <node id="55834532" visible="true" version="5" changeset="17007887" timestamp="2013-07-19T06:33:44Z" user="FrozenFlame22" uid="719784" lat="38.8438555" lon="-104.7058313"/>
 <node id="55834535" visible="true" version="5" changeset="17007887" timestamp="2013-07-19T06:33:44Z" user="FrozenFlame22" uid="719784" lat="38.8431307" lon="-104.7062385"/>
 <node id="55834537" visible="true" version="4" changeset="17007887" timestamp="2013-07-19T06:33:44Z" user="FrozenFlame22" uid="719784" lat="38.8426273" lon="-104.7062527"/>
 <node id="55845584" visible="true" version="4" changeset="16518241" timestamp="2013-06-12T02:01:38Z" user="FrozenFlame22" uid="719784" lat="38.8501354" lon="-104.7069035"/>
 <node id="55845585" visible="true" version="5" changeset="16518241" timestamp="2013-06-12T02:01:38Z" user="FrozenFlame22" uid="719784" lat="38.8510802" lon="-104.7069084"/>
 <node id="55845587" visible="true" version="5" changeset="16518241" timestamp="2013-06-12T02:01:38Z" user="FrozenFlame22" uid="719784" lat="38.8519252" lon="-104.7062287"/>
 <node id="55845589" visible="true" version="4" changeset="16518241" timestamp="2013-06-12T02:01:38Z" user="FrozenFlame22" uid="719784" lat="38.8529783" lon="-104.7058235"/>
 <node id="55845590" visible="true" version="4" changeset="16518241" timestamp="2013-06-12T02:01:38Z" user="FrozenFlame22" uid="719784" lat="38.8531061" lon="-104.7058136"/>
 <node id="55845592" visible="true" version="3" changeset="3505150" timestamp="2010-01-01T03:45:06Z" user="woodpeck_fixbot" uid="147510" lat="38.8548005" lon="-104.7058397"/>
 <node id="55851792" visible="true" version="4" changeset="17007887" timestamp="2013-07-19T06:33:40Z" user="FrozenFlame22" uid="719784" lat="38.8445411" lon="-104.7065244"/>
 <node id="423736780" visible="true" version="2" changeset="17007887" timestamp="2013-07-19T06:33:52Z" user="FrozenFlame22" uid="719784" lat="38.8416317" lon="-104.7026844"/>
 <node id="423736781" visible="true" version="3" changeset="17007887" timestamp="2013-07-19T06:33:52Z" user="FrozenFlame22" uid="719784" lat="38.8400096" lon="-104.7027312"/>
 <node id="423736782" visible="true" version="2" changeset="17007887" timestamp="2013-07-19T06:33:46Z" user="FrozenFlame22" uid="719784" lat="38.8394991" lon="-104.7040970"/>
 <node id="423736784" visible="true" version="2" changeset="17007887" timestamp="2013-07-19T06:33:55Z" user="FrozenFlame22" uid="719784" lat="38.8393338" lon="-104.7073044"/>
 <node id="425949563" visible="true" version="3" changeset="16518241" timestamp="2013-06-12T02:01:41Z" user="FrozenFlame22" uid="719784" lat="38.8461766" lon="-104.7045264"/>
 <node id="425949752" visible="true" version="2" changeset="17007887" timestamp="2013-07-19T06:33:52Z" user="FrozenFlame22" uid="719784" lat="38.8452519" lon="-104.7043141"/>
 <node id="425950019" visible="true" version="3" changeset="17007887" timestamp="2013-07-19T06:33:52Z" user="FrozenFlame22" uid="719784" lat="38.8444908" lon="-104.7047236"/>
 <node id="425950473" visible="true" version="2" changeset="17007887" timestamp="2013-07-19T06:33:46Z" user="FrozenFlame22" uid="719784" lat="38.8423505" lon="-104.7052970"/>
 <node id="429265849" visible="true" version="4" changeset="17007887" timestamp="2013-07-19T06:33:47Z" user="FrozenFlame22" uid="719784" lat="38.8391100" lon="-104.7141216"/>
 <node id="429285958" visible="true" version="9" changeset="14135478" timestamp="2012-12-03T07:47:06Z" user="FrozenFlame22" uid="719784" lat="38.8462570" lon="-104.7207110">
  <tag k="highway" v="traffic_signals"/>
 </node>
 <node id="447574119" visible="true" version="2" changeset="16518241" timestamp="2013-06-12T02:01:39Z" user="FrozenFlame22" uid="719784" lat="38.8476820" lon="-104.7044080"/>
 <node id="447574120" visible="true" version="2" changeset="16518241" timestamp="2013-06-12T02:01:39Z" user="FrozenFlame22" uid="719784" lat="38.8483527" lon="-104.7028848"/>
 <node id="447574239" visible="true" version="2" changeset="16518241" timestamp="2013-06-12T02:01:40Z" user="FrozenFlame22" uid="719784" lat="38.8477783" lon="-104.7083014"/>
 <node id="447574240" visible="true" version="2" changeset="16518241" timestamp="2013-06-12T02:01:40Z" user="FrozenFlame22" uid="719784" lat="38.8509821" lon="-104.7069066"/>
 <node id="452669467" visible="true" version="3" changeset="16518241" timestamp="2013-06-12T02:01:40Z" user="FrozenFlame22" uid="719784" lat="38.8466467" lon="-104.7020363"/>
 <node id="518897084" visible="true" version="2" changeset="17007887" timestamp="2013-07-19T06:33:48Z" user="FrozenFlame22" uid="719784" lat="38.8449381" lon="-104.7018545"/>
 <node id="538088502" visible="true" version="2" changeset="14135478" timestamp="2012-12-03T07:47:08Z" user="FrozenFlame22" uid="719784" lat="38.8462383" lon="-104.7201717"/>
 <node id="538090954" visible="true" version="2" changeset="25403982" timestamp="2014-09-13T04:46:33Z" user="FrozenFlame22" uid="719784" lat="38.8450745" lon="-104.7160846">
  <tag k="amenity" v="post_box"/>
 </node>
 <node id="551090689" visible="true" version="2" changeset="17007887" timestamp="2013-07-19T06:33:53Z" user="FrozenFlame22" uid="719784" lat="38.8445340" lon="-104.7049376"/>
 <node id="551090824" visible="true" version="2" changeset="17007887" timestamp="2013-07-19T06:33:45Z" user="FrozenFlame22" uid="719784" lat="38.8420899" lon="-104.7055493"/>
 <node id="551090830" visible="true" version="2" changeset="16518241" timestamp="2013-06-12T02:01:40Z" user="FrozenFlame22" uid="719784" lat="38.8467445" lon="-104.7016378"/>
 <node id="582425858" visible="true" version="2" changeset="14432345" timestamp="2012-12-27T23:06:58Z" user="FrozenFlame22" uid="719784" lat="38.8394768" lon="-104.7141049"/>
 <node id="582425859" visible="true" version="2" changeset="16506208" timestamp="2013-06-11T07:22:58Z" user="FrozenFlame22" uid="719784" lat="38.8403853" lon="-104.7139139"/>
 <node id="608957035" visible="true" version="2" changeset="16372588" timestamp="2013-06-01T00:37:32Z" user="CS_Mur" uid="1329723" lat="38.8440827" lon="-104.7015746"/>
 <node id="608957036" visible="true" version="2" changeset="17007887" timestamp="2013-07-19T06:33:45Z" user="FrozenFlame22" uid="719784" lat="38.8421061" lon="-104.7048930"/>
 <node id="608957037" visible="true" version="2" changeset="17007887" timestamp="2013-07-19T06:33:45Z" user="FrozenFlame22" uid="719784" lat="38.8422456" lon="-104.7050928"/>
 <node id="608957038" visible="true" version="2" changeset="17007887" timestamp="2013-07-19T06:33:49Z" user="FrozenFlame22" uid="719784" lat="38.8455333" lon="-104.7030323"/>
 <node id="608957039" visible="true" version="2" changeset="17007887" timestamp="2013-07-19T06:33:53Z" user="FrozenFlame22" uid="719784" lat="38.8454276" lon="-104.7026398"/>
 <node id="608957040" visible="true" version="2" changeset="17007887" timestamp="2013-07-19T06:33:45Z" user="FrozenFlame22" uid="719784" lat="38.8449624" lon="-104.7019781"/>
 <node id="608957041" visible="true" version="2" changeset="17007887" timestamp="2013-07-19T06:33:45Z" user="FrozenFlame22" uid="719784" lat="38.8446437" lon="-104.7017339"/>
 <node id="608957042" visible="true" version="2" changeset="17007887" timestamp="2013-07-19T06:33:51Z" user="FrozenFlame22" uid="719784" lat="38.8416990" lon="-104.7015993"/>
 <node id="618486808" visible="true" version="2" changeset="16518241" timestamp="2013-06-12T02:01:41Z" user="FrozenFlame22" uid="719784" lat="38.8491646" lon="-104.7024068"/>
 <node id="864242116" visible="true" version="1" changeset="5514150" timestamp="2010-08-17T02:14:24Z" user="Chris CA" uid="131218" lat="38.8459189" lon="-104.7035729"/>
 <node id="988536887" visible="true" version="2" changeset="16518241" timestamp="2013-06-12T02:01:40Z" user="FrozenFlame22" uid="719784" lat="38.8502475" lon="-104.7068799"/>
 <node id="988536926" visible="true" version="2" changeset="16518241" timestamp="2013-06-12T02:01:40Z" user="FrozenFlame22" uid="719784" lat="38.8514134" lon="-104.7067962"/>
 <node id="1905135584" visible="true" version="1" changeset="13030102" timestamp="2012-09-08T05:22:01Z" user="techlady" uid="104962" lat="38.8394798" lon="-104.7083944"/>
 <node id="1973188506" visible="true" version="2" changeset="17007887" timestamp="2013-07-19T06:33:46Z" user="FrozenFlame22" uid="719784" lat="38.8453008" lon="-104.7022507"/>
 <node id="2085205435" visible="true" version="1" changeset="14432345" timestamp="2012-12-27T23:05:48Z" user="FrozenFlame22" uid="719784" lat="38.8483417" lon="-104.7151325"/>
 <node id="2085205463" visible="true" version="1" changeset="14432345" timestamp="2012-12-27T23:05:48Z" user="FrozenFlame22" uid="719784" lat="38.8469525" lon="-104.7151379"/>
 <node id="2085205556" visible="true" version="1" changeset="14432345" timestamp="2012-12-27T23:05:51Z" user="FrozenFlame22" uid="719784" lat="38.8490185" lon="-104.7151593"/>
 <node id="2085205576" visible="true" version="1" changeset="14432345" timestamp="2012-12-27T23:05:51Z" user="FrozenFlame22" uid="719784" lat="38.8501319" lon="-104.7151164"/>
 <node id="2085205634" visible="true" version="1" changeset="14432345" timestamp="2012-12-27T23:05:53Z" user="FrozenFlame22" uid="719784" lat="38.8457263" lon="-104.7157279"/>
 <node id="2085205665" visible="true" version="1" changeset="14432345" timestamp="2012-12-27T23:05:53Z" user="FrozenFlame22" uid="719784" lat="38.8494237" lon="-104.7151593"/>
 <node id="2085205692" visible="true" version="1" changeset="14432345" timestamp="2012-12-27T23:05:54Z" user="FrozenFlame22" uid="719784" lat="38.8526113" lon="-104.7151298"/>
 <node id="2085205990" visible="true" version="1" changeset="14432345" timestamp="2012-12-27T23:06:00Z" user="FrozenFlame22" uid="719784" lat="38.8488953" lon="-104.7151835"/>
 <node id="2085206079" visible="true" version="1" changeset="14432345" timestamp="2012-12-27T23:06:02Z" user="FrozenFlame22" uid="719784" lat="38.8463321" lon="-104.7151459"/>
 <node id="2085206134" visible="true" version="1" changeset="14432345" timestamp="2012-12-27T23:06:04Z" user="FrozenFlame22" uid="719784" lat="38.8408128" lon="-104.7157011"/>
 <node id="2085206164" visible="true" version="1" changeset="14432345" timestamp="2012-12-27T23:06:05Z" user="FrozenFlame22" uid="719784" lat="38.8471468" lon="-104.7151808"/>
 <node id="2085206242" visible="true" version="1" changeset="14432345" timestamp="2012-12-27T23:06:07Z" user="FrozenFlame22" uid="719784" lat="38.8460062" lon="-104.7153471"/>
 <node id="2085206250" visible="true" version="1" changeset="14432345" timestamp="2012-12-27T23:06:07Z" user="FrozenFlame22" uid="719784" lat="38.8460229" lon="-104.7155348"/>
 <node id="2085206295" visible="true" version="1" changeset="14432345" timestamp="2012-12-27T23:06:08Z" user="FrozenFlame22" uid="719784" lat="38.8459853" lon="-104.7156341"/>
 <node id="2085206296" visible="true" version="1" changeset="14432345" timestamp="2012-12-27T23:06:08Z" user="FrozenFlame22" uid="719784" lat="38.8459143" lon="-104.7156904"/>
 <node id="2085206313" visible="true" version="1" changeset="14432345" timestamp="2012-12-27T23:06:08Z" user="FrozenFlame22" uid="719784" lat="38.8460668" lon="-104.7151379"/>
 <node id="2085206324" visible="true" version="1" changeset="14432345" timestamp="2012-12-27T23:06:09Z" user="FrozenFlame22" uid="719784" lat="38.8424340" lon="-104.7157360"/>
 <node id="2085206346" visible="true" version="1" changeset="14432345" timestamp="2012-12-27T23:06:09Z" user="FrozenFlame22" uid="719784" lat="38.8533278" lon="-104.7151325"/>
 <node id="2085206374" visible="true" version="1" changeset="14432345" timestamp="2012-12-27T23:06:10Z" user="FrozenFlame22" uid="719784" lat="38.8482101" lon="-104.7151593"/>
 <node id="2085206399" visible="true" version="1" changeset="14432345" timestamp="2012-12-27T23:06:11Z" user="FrozenFlame22" uid="719784" lat="38.8403114" lon="-104.7156984"/>
 <node id="2085206416" visible="true" version="1" changeset="14432345" timestamp="2012-12-27T23:06:11Z" user="FrozenFlame22" uid="719784" lat="38.8487428" lon="-104.7152130"/>
 <node id="2085206440" visible="true" version="1" changeset="14432345" timestamp="2012-12-27T23:06:12Z" user="FrozenFlame22" uid="719784" lat="38.8460208" lon="-104.7151835"/>
 <node id="2085206450" visible="true" version="1" changeset="14432345" timestamp="2012-12-27T23:06:12Z" user="FrozenFlame22" uid="719784" lat="38.8499585" lon="-104.7150949"/>
 <node id="2085206567" visible="true" version="1" changeset="14432345" timestamp="2012-12-27T23:06:14Z" user="FrozenFlame22" uid="719784" lat="38.8496953" lon="-104.7151218"/>
 <node id="2085206582" visible="true" version="1" changeset="14432345" timestamp="2012-12-27T23:06:14Z" user="FrozenFlame22" uid="719784" lat="38.8409998" lon="-104.7157105"/>
 <node id="2085206653" visible="true" version="1" changeset="14432345" timestamp="2012-12-27T23:06:15Z" user="FrozenFlame22" uid="719784" lat="38.8486028" lon="-104.7151727"/>
 <node id="2085206769" visible="true" version="1" changeset="14432345" timestamp="2012-12-27T23:06:17Z" user="FrozenFlame22" uid="719784" lat="38.8393253" lon="-104.7157172"/>
 <node id="2085206949" visible="true" version="1" changeset="14432345" timestamp="2012-12-27T23:06:19Z" user="FrozenFlame22" uid="719784" lat="38.8478090" lon="-104.7151727"/>
 <node id="2085207143" visible="true" version="1" changeset="14432345" timestamp="2012-12-27T23:06:23Z" user="FrozenFlame22" uid="719784" lat="38.8475354" lon="-104.7152264"/>
 <node id="2085207310" visible="true" version="1" changeset="14432345" timestamp="2012-12-27T23:06:28Z" user="FrozenFlame22" uid="719784" lat="38.8498081" lon="-104.7151325"/>
 <node id="2340180951" visible="true" version="1" changeset="16506208" timestamp="2013-06-11T07:22:06Z" user="FrozenFlame22" uid="719784" lat="38.8460180" lon="-104.7087263"/>
 <node id="2340180954" visible="true" version="1" changeset="16506208" timestamp="2013-06-11T07:22:06Z" user="FrozenFlame22" uid="719784" lat="38.8427318" lon="-104.7145142"/>
 <node id="2340180955" visible="true" version="1" changeset="16506208" timestamp="2013-06-11T07:22:06Z" user="FrozenFlame22" uid="719784" lat="38.8425784" lon="-104.7161634"/>
 <node id="2340180957" visible="true" version="1" changeset="16506208" timestamp="2013-06-11T07:22:06Z" user="FrozenFlame22" uid="719784" lat="38.8443566" lon="-104.7110781"/>
 <node id="2340180959" visible="true" version="1" changeset="16506208" timestamp="2013-06-11T07:22:06Z" user="FrozenFlame22" uid="719784" lat="38.8431704" lon="-104.7148494"/>
 <node id="2340180961" visible="true" version="1" changeset="16506208" timestamp="2013-06-11T07:22:06Z" user="FrozenFlame22" uid="719784" lat="38.8432613" lon="-104.7093068"/>
 <node id="2340180962" visible="true" version="1" changeset="16506208" timestamp="2013-06-11T07:22:06Z" user="FrozenFlame22" uid="719784" lat="38.8450297" lon="-104.7032462"/>
 <node id="2340180964" visible="true" version="1" changeset="16506208" timestamp="2013-06-11T07:22:06Z" user="FrozenFlame22" uid="719784" lat="38.8449865" lon="-104.7026767"/>
 <node id="2340180965" visible="true" version="1" changeset="16506208" timestamp="2013-06-11T07:22:06Z" user="FrozenFlame22" uid="719784" lat="38.8460164" lon="-104.7085455"/>
 <node id="2340180966" visible="true" version="1" changeset="16506208" timestamp="2013-06-11T07:22:06Z" user="FrozenFlame22" uid="719784" lat="38.8444015" lon="-104.7110764"/>
 <node id="2340180968" visible="true" version="1" changeset="16506208" timestamp="2013-06-11T07:22:06Z" user="FrozenFlame22" uid="719784" lat="38.8413693" lon="-104.7166972"/>
 <node id="2340180973" visible="true" version="1" changeset="16506208" timestamp="2013-06-11T07:22:06Z" user="FrozenFlame22" uid="719784" lat="38.8453045" lon="-104.7102616"/>
 <node id="2340180974" visible="true" version="1" changeset="16506208" timestamp="2013-06-11T07:22:06Z" user="FrozenFlame22" uid="719784" lat="38.8450891" lon="-104.7102591"/>
 <node id="2340180979" visible="true" version="1" changeset="16506208" timestamp="2013-06-11T07:22:06Z" user="FrozenFlame22" uid="719784" lat="38.8454440" lon="-104.7088540"/>
 <node id="2340180982" visible="true" version="1" changeset="16506208" timestamp="2013-06-11T07:22:06Z" user="FrozenFlame22" uid="719784" lat="38.8399466" lon="-104.7079992"/>
 <node id="2340180988" visible="true" version="1" changeset="16506208" timestamp="2013-06-11T07:22:06Z" user="FrozenFlame22" uid="719784" lat="38.8420828" lon="-104.7125580"/>
 <node id="2340180991" visible="true" version="1" changeset="16506208" timestamp="2013-06-11T07:22:07Z" user="FrozenFlame22" uid="719784" lat="38.8418845" lon="-104.7096526"/>
 <node id="2340181018" visible="true" version="1" changeset="16506208" timestamp="2013-06-11T07:22:07Z" user="FrozenFlame22" uid="719784" lat="38.8399403" lon="-104.7079051"/>
 <node id="2340181021" visible="true" version="1" changeset="16506208" timestamp="2013-06-11T07:22:07Z" user="FrozenFlame22" uid="719784" lat="38.8416502" lon="-104.7162060"/>
 <node id="2340181023" visible="true" version="1" changeset="16506208" timestamp="2013-06-11T07:22:07Z" user="FrozenFlame22" uid="719784" lat="38.8419490" lon="-104.7085313"/>
 <node id="2340181028" visible="true" version="1" changeset="16506208" timestamp="2013-06-11T07:22:07Z" user="FrozenFlame22" uid="719784" lat="38.8453095" lon="-104.7095523"/>
 <node id="2340181029" visible="true" version="1" changeset="16506208" timestamp="2013-06-11T07:22:07Z" user="FrozenFlame22" uid="719784" lat="38.8432300" lon="-104.7094355"/>
 <node id="2340181031" visible="true" version="2" changeset="77344905" timestamp="2019-11-20T21:14:57Z" user="SandyDDenver" uid="10484615" lat="38.8422268" lon="-104.7129709"/>
 <node id="2340181032" visible="true" version="1" changeset="16506208" timestamp="2013-06-11T07:22:07Z" user="FrozenFlame22" uid="719784" lat="38.8399408" lon="-104.7078006"/>
 <node id="2340181039" visible="true" version="1" changeset="16506208" timestamp="2013-06-11T07:22:07Z" user="FrozenFlame22" uid="719784" lat="38.8437115" lon="-104.7094475"/>
 <node id="2340181047" visible="true" version="1" changeset="16506208" timestamp="2013-06-11T07:22:08Z" user="FrozenFlame22" uid="719784" lat="38.8405872" lon="-104.7150066"/>
 <node id="2340181048" visible="true" version="1" changeset="16506208" timestamp="2013-06-11T07:22:08Z" user="FrozenFlame22" uid="719784" lat="38.8438726" lon="-104.7096319"/>
 <node id="2340181056" visible="true" version="1" changeset="16506208" timestamp="2013-06-11T07:22:08Z" user="FrozenFlame22" uid="719784" lat="38.8417386" lon="-104.7072196"/>
 <node id="2340181057" visible="true" version="1" changeset="16506208" timestamp="2013-06-11T07:22:08Z" user="FrozenFlame22" uid="719784" lat="38.8454500" lon="-104.7091262"/>
 <node id="2340181059" visible="true" version="1" changeset="16506208" timestamp="2013-06-11T07:22:08Z" user="FrozenFlame22" uid="719784" lat="38.8426529" lon="-104.7144921"/>
 <node id="2340181065" visible="true" version="1" changeset="16506208" timestamp="2013-06-11T07:22:08Z" user="FrozenFlame22" uid="719784" lat="38.8411972" lon="-104.7152238"/>
 <node id="2340181068" visible="true" version="1" changeset="16506208" timestamp="2013-06-11T07:22:08Z" user="FrozenFlame22" uid="719784" lat="38.8426540" lon="-104.7141865"/>
 <node id="2340181069" visible="true" version="1" changeset="16506208" timestamp="2013-06-11T07:22:08Z" user="FrozenFlame22" uid="719784" lat="38.8456675" lon="-104.7090461"/>
 <node id="2340181078" visible="true" version="1" changeset="16506208" timestamp="2013-06-11T07:22:08Z" user="FrozenFlame22" uid="719784" lat="38.8467469" lon="-104.7132562"/>
 <node id="2340181083" visible="true" version="1" changeset="16506208" timestamp="2013-06-11T07:22:08Z" user="FrozenFlame22" uid="719784" lat="38.8450621" lon="-104.7112703"/>
 <node id="2340181084" visible="true" version="1" changeset="16506208" timestamp="2013-06-11T07:22:08Z" user="FrozenFlame22" uid="719784" lat="38.8401402" lon="-104.7122170"/>
 <node id="2340181089" visible="true" version="1" changeset="16506208" timestamp="2013-06-11T07:22:08Z" user="FrozenFlame22" uid="719784" lat="38.8443993" lon="-104.7109880"/>
 <node id="2340181094" visible="true" version="1" changeset="16506208" timestamp="2013-06-11T07:22:08Z" user="FrozenFlame22" uid="719784" lat="38.8438106" lon="-104.7109566"/>
 <node id="2340181096" visible="true" version="1" changeset="16506208" timestamp="2013-06-11T07:22:08Z" user="FrozenFlame22" uid="719784" lat="38.8416510" lon="-104.7166324"/>
 <node id="2340181099" visible="true" version="1" changeset="16506208" timestamp="2013-06-11T07:22:09Z" user="FrozenFlame22" uid="719784" lat="38.8401909" lon="-104.7078457"/>
 <node id="2340181102" visible="true" version="1" changeset="16506208" timestamp="2013-06-11T07:22:09Z" user="FrozenFlame22" uid="719784" lat="38.8451960" lon="-104.7152075"/>
 <node id="2340181104" visible="true" version="1" changeset="16506208" timestamp="2013-06-11T07:22:09Z" user="FrozenFlame22" uid="719784" lat="38.8426183" lon="-104.7161637"/>
 <node id="2340181107" visible="true" version="2" changeset="77344905" timestamp="2019-11-20T21:14:57Z" user="SandyDDenver" uid="10484615" lat="38.8410842" lon="-104.7129827"/>
 <node id="2340181109" visible="true" version="1" changeset="16506208" timestamp="2013-06-11T07:22:09Z" user="FrozenFlame22" uid="719784" lat="38.8418886" lon="-104.7101894"/>
 <node id="2340181113" visible="true" version="1" changeset="16506208" timestamp="2013-06-11T07:22:09Z" user="FrozenFlame22" uid="719784" lat="38.8446628" lon="-104.7097498"/>
 <node id="2340181117" visible="true" version="1" changeset="16506208" timestamp="2013-06-11T07:22:09Z" user="FrozenFlame22" uid="719784" lat="38.8445905" lon="-104.7112759"/>
 <node id="2340181119" visible="true" version="1" changeset="16506208" timestamp="2013-06-11T07:22:09Z" user="FrozenFlame22" uid="719784" lat="38.8454040" lon="-104.7152015"/>
 <node id="2340181122" visible="true" version="1" changeset="16506208" timestamp="2013-06-11T07:22:09Z" user="FrozenFlame22" uid="719784" lat="38.8450337" lon="-104.7134041"/>
 <node id="2340181133" visible="true" version="1" changeset="16506208" timestamp="2013-06-11T07:22:09Z" user="FrozenFlame22" uid="719784" lat="38.8439236" lon="-104.7131209"/>
 <node id="2340181146" visible="true" version="1" changeset="16506208" timestamp="2013-06-11T07:22:09Z" user="FrozenFlame22" uid="719784" lat="38.8405603" lon="-104.7160743"/>
 <node id="2340181149" visible="true" version="1" changeset="16506208" timestamp="2013-06-11T07:22:09Z" user="FrozenFlame22" uid="719784" lat="38.8426787" lon="-104.7161683"/>
 <node id="2340181150" visible="true" version="1" changeset="16506208" timestamp="2013-06-11T07:22:09Z" user="FrozenFlame22" uid="719784" lat="38.8401423" lon="-104.7124128"/>
 <node id="2340181163" visible="true" version="1" changeset="16506208" timestamp="2013-06-11T07:22:10Z" user="FrozenFlame22" uid="719784" lat="38.8403919" lon="-104.7155013"/>
 <node id="2340181167" visible="true" version="2" changeset="77344905" timestamp="2019-11-20T21:14:57Z" user="SandyDDenver" uid="10484615" lat="38.8410874" lon="-104.7134888"/>
 <node id="2340181171" visible="true" version="1" changeset="16506208" timestamp="2013-06-11T07:22:10Z" user="FrozenFlame22" uid="719784" lat="38.8432321" lon="-104.7148482"/>
 <node id="2340181174" visible="true" version="1" changeset="16506208" timestamp="2013-06-11T07:22:10Z" user="FrozenFlame22" uid="719784" lat="38.8459748" lon="-104.7096182"/>
 <node id="2340181193" visible="true" version="1" changeset="16506208" timestamp="2013-06-11T07:22:10Z" user="FrozenFlame22" uid="719784" lat="38.8444928" lon="-104.7135112"/>
 <node id="2340181194" visible="true" version="1" changeset="16506208" timestamp="2013-06-11T07:22:10Z" user="FrozenFlame22" uid="719784" lat="38.8463969" lon="-104.7135340"/>
 <node id="2340181198" visible="true" version="1" changeset="16506208" timestamp="2013-06-11T07:22:10Z" user="FrozenFlame22" uid="719784" lat="38.8444950" lon="-104.7130687"/>
 <node id="2340181204" visible="true" version="1" changeset="16506208" timestamp="2013-06-11T07:22:10Z" user="FrozenFlame22" uid="719784" lat="38.8459436" lon="-104.7117477"/>
 <node id="2340181205" visible="true" version="1" changeset="16506208" timestamp="2013-06-11T07:22:10Z" user="FrozenFlame22" uid="719784" lat="38.8463981" lon="-104.7132538"/>
 <node id="2340181208" visible="true" version="1" changeset="16506208" timestamp="2013-06-11T07:22:11Z" user="FrozenFlame22" uid="719784" lat="38.8440259" lon="-104.7131182"/>
 <node id="2340181213" visible="true" version="1" changeset="16506208" timestamp="2013-06-11T07:22:11Z" user="FrozenFlame22" uid="719784" lat="38.8431673" lon="-104.7088508"/>
 <node id="2340181215" visible="true" version="1" changeset="16506208" timestamp="2013-06-11T07:22:11Z" user="FrozenFlame22" uid="719784" lat="38.8425782" lon="-104.7085586"/>
 <node id="2340181216" visible="true" version="1" changeset="16506208" timestamp="2013-06-11T07:22:11Z" user="FrozenFlame22" uid="719784" lat="38.8407529" lon="-104.7080668"/>
 <node id="2340181223" visible="true" version="1" changeset="16506208" timestamp="2013-06-11T07:22:11Z" user="FrozenFlame22" uid="719784" lat="38.8427319" lon="-104.7144926"/>
 <node id="2340181234" visible="true" version="1" changeset="16506208" timestamp="2013-06-11T07:22:11Z" user="FrozenFlame22" uid="719784" lat="38.8457297" lon="-104.7093508"/>
 <node id="2340181235" visible="true" version="1" changeset="16506208" timestamp="2013-06-11T07:22:11Z" user="FrozenFlame22" uid="719784" lat="38.8402227" lon="-104.7121914"/>
 <node id="2340181239" visible="true" version="1" changeset="16506208" timestamp="2013-06-11T07:22:11Z" user="FrozenFlame22" uid="719784" lat="38.8425263" lon="-104.7090961"/>
 <node id="2340181254" visible="true" version="1" changeset="16506208" timestamp="2013-06-11T07:22:12Z" user="FrozenFlame22" uid="719784" lat="38.8459436" lon="-104.7112703"/>
 <node id="2340181265" visible="true" version="1" changeset="16506208" timestamp="2013-06-11T07:22:12Z" user="FrozenFlame22" uid="719784" lat="38.8419040" lon="-104.7090914"/>
 <node id="2340181268" visible="true" version="1" changeset="16506208" timestamp="2013-06-11T07:22:12Z" user="FrozenFlame22" uid="719784" lat="38.8414689" lon="-104.7150789"/>
 <node id="2340181269" visible="true" version="1" changeset="16506208" timestamp="2013-06-11T07:22:12Z" user="FrozenFlame22" uid="719784" lat="38.8409155" lon="-104.7101493"/>
 <node id="2340181281" visible="true" version="1" changeset="16506208" timestamp="2013-06-11T07:22:12Z" user="FrozenFlame22" uid="719784" lat="38.8425368" lon="-104.7162683"/>
 <node id="2340181282" visible="true" version="1" changeset="16506208" timestamp="2013-06-11T07:22:12Z" user="FrozenFlame22" uid="719784" lat="38.8435935" lon="-104.7095053"/>
 <node id="2340181287" visible="true" version="1" changeset="16506208" timestamp="2013-06-11T07:22:12Z" user="FrozenFlame22" uid="719784" lat="38.8453590" lon="-104.7128390"/>
 <node id="2340181294" visible="true" version="1" changeset="16506208" timestamp="2013-06-11T07:22:12Z" user="FrozenFlame22" uid="719784" lat="38.8448396" lon="-104.7095468"/>
 <node id="2340181296" visible="true" version="1" changeset="16506208" timestamp="2013-06-11T07:22:12Z" user="FrozenFlame22" uid="719784" lat="38.8402927" lon="-104.7123001"/>
 <node id="2340181299" visible="true" version="1" changeset="16506208" timestamp="2013-06-11T07:22:13Z" user="FrozenFlame22" uid="719784" lat="38.8450331" lon="-104.7128395"/>
 <node id="2340181301" visible="true" version="1" changeset="16506208" timestamp="2013-06-11T07:22:13Z" user="FrozenFlame22" uid="719784" lat="38.8414689" lon="-104.7147248"/>
 <node id="2340181303" visible="true" version="1" changeset="16506208" timestamp="2013-06-11T07:22:13Z" user="FrozenFlame22" uid="719784" lat="38.8432906" lon="-104.7088910"/>
 <node id="2340181305" visible="true" version="1" changeset="16506208" timestamp="2013-06-11T07:22:13Z" user="FrozenFlame22" uid="719784" lat="38.8460096" lon="-104.7093486"/>
 <node id="2340181308" visible="true" version="1" changeset="16506208" timestamp="2013-06-11T07:22:13Z" user="FrozenFlame22" uid="719784" lat="38.8400038" lon="-104.7075694"/>
 <node id="2340181317" visible="true" version="1" changeset="16506208" timestamp="2013-06-11T07:22:13Z" user="FrozenFlame22" uid="719784" lat="38.8457851" lon="-104.7086978"/>
 <node id="2340181321" visible="true" version="1" changeset="16506208" timestamp="2013-06-11T07:22:13Z" user="FrozenFlame22" uid="719784" lat="38.8409162" lon="-104.7103437"/>
 <node id="2340181331" visible="true" version="1" changeset="16506208" timestamp="2013-06-11T07:22:13Z" user="FrozenFlame22" uid="719784" lat="38.8435608" lon="-104.7134544"/>
 <node id="2340181333" visible="true" version="1" changeset="16506208" timestamp="2013-06-11T07:22:13Z" user="FrozenFlame22" uid="719784" lat="38.8414188" lon="-104.7150789"/>
 <node id="2340181337" visible="true" version="1" changeset="16506208" timestamp="2013-06-11T07:22:13Z" user="FrozenFlame22" uid="719784" lat="38.8463950" lon="-104.7091137"/>
 <node id="2340181344" visible="true" version="1" changeset="16506208" timestamp="2013-06-11T07:22:13Z" user="FrozenFlame22" uid="719784" lat="38.8420066" lon="-104.7085305"/>
 <node id="2340181348" visible="true" version="1" changeset="16506208" timestamp="2013-06-11T07:22:13Z" user="FrozenFlame22" uid="719784" lat="38.8436917" lon="-104.7091485"/>
 <node id="2340181354" visible="true" version="1" changeset="16506208" timestamp="2013-06-11T07:22:14Z" user="FrozenFlame22" uid="719784" lat="38.8435548" lon="-104.7089861"/>
 <node id="2340181359" visible="true" version="1" changeset="16506208" timestamp="2013-06-11T07:22:14Z" user="FrozenFlame22" uid="719784" lat="38.8419506" lon="-104.7087236"/>
 <node id="2340181361" visible="true" version="1" changeset="16506208" timestamp="2013-06-11T07:22:14Z" user="FrozenFlame22" uid="719784" lat="38.8548839" lon="-104.7058170"/>
 <node id="2340181366" visible="true" version="1" changeset="16506208" timestamp="2013-06-11T07:22:14Z" user="FrozenFlame22" uid="719784" lat="38.8441826" lon="-104.7130485"/>
 <node id="2340181369" visible="true" version="1" changeset="16506208" timestamp="2013-06-11T07:22:14Z" user="FrozenFlame22" uid="719784" lat="38.8446359" lon="-104.7135124"/>
 <node id="2340181375" visible="true" version="1" changeset="16506208" timestamp="2013-06-11T07:22:14Z" user="FrozenFlame22" uid="719784" lat="38.8448388" lon="-104.7096713"/>
 <node id="2340181379" visible="true" version="1" changeset="16506208" timestamp="2013-06-11T07:22:14Z" user="FrozenFlame22" uid="719784" lat="38.8423915" lon="-104.7088078"/>
 <node id="2340181381" visible="true" version="1" changeset="16506208" timestamp="2013-06-11T07:22:14Z" user="FrozenFlame22" uid="719784" lat="38.8421949" lon="-104.7117598"/>
 <node id="2340181382" visible="true" version="1" changeset="16506208" timestamp="2013-06-11T07:22:14Z" user="FrozenFlame22" uid="719784" lat="38.8443344" lon="-104.7102062"/>
 <node id="2340181383" visible="true" version="1" changeset="16506208" timestamp="2013-06-11T07:22:14Z" user="FrozenFlame22" uid="719784" lat="38.8410017" lon="-104.7103432"/>
 <node id="2340181384" visible="true" version="1" changeset="16506208" timestamp="2013-06-11T07:22:14Z" user="FrozenFlame22" uid="719784" lat="38.8426179" lon="-104.7161384"/>
 <node id="2340181385" visible="true" version="1" changeset="16506208" timestamp="2013-06-11T07:22:14Z" user="FrozenFlame22" uid="719784" lat="38.8402340" lon="-104.7158054"/>
 <node id="2340181387" visible="true" version="1" changeset="16506208" timestamp="2013-06-11T07:22:14Z" user="FrozenFlame22" uid="719784" lat="38.8441868" lon="-104.7135822"/>
 <node id="2340181398" visible="true" version="1" changeset="16506208" timestamp="2013-06-11T07:22:14Z" user="FrozenFlame22" uid="719784" lat="38.8450933" lon="-104.7096743"/>
 <node id="2340181406" visible="true" version="1" changeset="16506208" timestamp="2013-06-11T07:22:15Z" user="FrozenFlame22" uid="719784" lat="38.8425555" lon="-104.7129335"/>
 <node id="2340181417" visible="true" version="1" changeset="16506208" timestamp="2013-06-11T07:22:15Z" user="FrozenFlame22" uid="719784" lat="38.8417683" lon="-104.7100729"/>
 <node id="2340181425" visible="true" version="1" changeset="16506208" timestamp="2013-06-11T07:22:15Z" user="FrozenFlame22" uid="719784" lat="38.8430816" lon="-104.7094540"/>
 <node id="2340181429" visible="true" version="1" changeset="16506208" timestamp="2013-06-11T07:22:15Z" user="FrozenFlame22" uid="719784" lat="38.8432655" lon="-104.7094731"/>
 <node id="2340181433" visible="true" version="1" changeset="16506208" timestamp="2013-06-11T07:22:15Z" user="FrozenFlame22" uid="719784" lat="38.8459181" lon="-104.7086959"/>
 <node id="2340181435" visible="true" version="1" changeset="16506208" timestamp="2013-06-11T07:22:15Z" user="FrozenFlame22" uid="719784" lat="38.8456120" lon="-104.7085712"/>
 <node id="2340181438" visible="true" version="1" changeset="16506208" timestamp="2013-06-11T07:22:15Z" user="FrozenFlame22" uid="719784" lat="38.8411388" lon="-104.7147249"/>
 <node id="2340181440" visible="true" version="1" changeset="16506208" timestamp="2013-06-11T07:22:15Z" user="FrozenFlame22" uid="719784" lat="38.8430900" lon="-104.7143279"/>
 <node id="2340181449" visible="true" version="1" changeset="16506208" timestamp="2013-06-11T07:22:15Z" user="FrozenFlame22" uid="719784" lat="38.8459771" lon="-104.7103125"/>
 <node id="2340181455" visible="true" version="1" changeset="16506208" timestamp="2013-06-11T07:22:16Z" user="FrozenFlame22" uid="719784" lat="38.8399749" lon="-104.7133540"/>
 <node id="2340181457" visible="true" version="1" changeset="16506208" timestamp="2013-06-11T07:22:16Z" user="FrozenFlame22" uid="719784" lat="38.8417657" lon="-104.7103982"/>
 <node id="2340181460" visible="true" version="1" changeset="16506208" timestamp="2013-06-11T07:22:16Z" user="FrozenFlame22" uid="719784" lat="38.8415602" lon="-104.7166327"/>
 <node id="2340181461" visible="true" version="1" changeset="16506208" timestamp="2013-06-11T07:22:16Z" user="FrozenFlame22" uid="719784" lat="38.8412723" lon="-104.7095183"/>
 <node id="2340181463" visible="true" version="1" changeset="16506208" timestamp="2013-06-11T07:22:16Z" user="FrozenFlame22" uid="719784" lat="38.8404986" lon="-104.7112071"/>
 <node id="2340181467" visible="true" version="1" changeset="16506208" timestamp="2013-06-11T07:22:16Z" user="FrozenFlame22" uid="719784" lat="38.8456675" lon="-104.7093150"/>
 <node id="2340181468" visible="true" version="1" changeset="16506208" timestamp="2013-06-11T07:22:16Z" user="FrozenFlame22" uid="719784" lat="38.8418833" lon="-104.7100721"/>
 <node id="2340181469" visible="true" version="1" changeset="16506208" timestamp="2013-06-11T07:22:16Z" user="FrozenFlame22" uid="719784" lat="38.8399125" lon="-104.7075688"/>
 <node id="2340181472" visible="true" version="1" changeset="16506208" timestamp="2013-06-11T07:22:16Z" user="FrozenFlame22" uid="719784" lat="38.8459679" lon="-104.7141306"/>
 <node id="2340181475" visible="true" version="1" changeset="16506208" timestamp="2013-06-11T07:22:16Z" user="FrozenFlame22" uid="719784" lat="38.8456651" lon="-104.7087417"/>
 <node id="2340181480" visible="true" version="1" changeset="16506208" timestamp="2013-06-11T07:22:16Z" user="FrozenFlame22" uid="719784" lat="38.8427422" lon="-104.7141871"/>
 <node id="2340181492" visible="true" version="1" changeset="16506208" timestamp="2013-06-11T07:22:17Z" user="FrozenFlame22" uid="719784" lat="38.8453736" lon="-104.7141326"/>
 <node id="2340181496" visible="true" version="1" changeset="16506208" timestamp="2013-06-11T07:22:17Z" user="FrozenFlame22" uid="719784" lat="38.8456675" lon="-104.7092339"/>
 <node id="2340181501" visible="true" version="1" changeset="16506208" timestamp="2013-06-11T07:22:17Z" user="FrozenFlame22" uid="719784" lat="38.8427604" lon="-104.7087837"/>
 <node id="2340181515" visible="true" version="1" changeset="16506208" timestamp="2013-06-11T07:22:17Z" user="FrozenFlame22" uid="719784" lat="38.8403747" lon="-104.7113178"/>
 <node id="2340181517" visible="true" version="1" changeset="16506208" timestamp="2013-06-11T07:22:17Z" user="FrozenFlame22" uid="719784" lat="38.8399238" lon="-104.7101018"/>
 <node id="2340181518" visible="true" version="1" changeset="16506208" timestamp="2013-06-11T07:22:17Z" user="FrozenFlame22" uid="719784" lat="38.8410010" lon="-104.7101488"/>
 <node id="2340181519" visible="true" version="1" changeset="16506208" timestamp="2013-06-11T07:22:17Z" user="FrozenFlame22" uid="719784" lat="38.8436833" lon="-104.7094731"/>
 <node id="2340181523" visible="true" version="1" changeset="16506208" timestamp="2013-06-11T07:22:17Z" user="FrozenFlame22" uid="719784" lat="38.8408338" lon="-104.7078555"/>
 <node id="2340181529" visible="true" version="1" changeset="16506208" timestamp="2013-06-11T07:22:17Z" user="FrozenFlame22" uid="719784" lat="38.8431694" lon="-104.7150762"/>
 <node id="2340181544" visible="true" version="1" changeset="16506208" timestamp="2013-06-11T07:22:18Z" user="FrozenFlame22" uid="719784" lat="38.8464143" lon="-104.7089159"/>
 <node id="2340181548" visible="true" version="1" changeset="16506208" timestamp="2013-06-11T07:22:18Z" user="FrozenFlame22" uid="719784" lat="38.8459087" lon="-104.7134273"/>
 <node id="2340181552" visible="true" version="1" changeset="16506208" timestamp="2013-06-11T07:22:18Z" user="FrozenFlame22" uid="719784" lat="38.8430921" lon="-104.7091083"/>
 <node id="2340181559" visible="true" version="1" changeset="16506208" timestamp="2013-06-11T07:22:18Z" user="FrozenFlame22" uid="719784" lat="38.8425808" lon="-104.7161369"/>
 <node id="2340181560" visible="true" version="1" changeset="16506208" timestamp="2013-06-11T07:22:18Z" user="FrozenFlame22" uid="719784" lat="38.8420797" lon="-104.7123065"/>
 <node id="2340181566" visible="true" version="1" changeset="16506208" timestamp="2013-06-11T07:22:18Z" user="FrozenFlame22" uid="719784" lat="38.8418818" lon="-104.7097262"/>
 <node id="2340181575" visible="true" version="1" changeset="16506208" timestamp="2013-06-11T07:22:18Z" user="FrozenFlame22" uid="719784" lat="38.8456130" lon="-104.7086624"/>
 <node id="2340181576" visible="true" version="1" changeset="16506208" timestamp="2013-06-11T07:22:18Z" user="FrozenFlame22" uid="719784" lat="38.8419010" lon="-104.7087243"/>
 <node id="2340181579" visible="true" version="1" changeset="16506208" timestamp="2013-06-11T07:22:18Z" user="FrozenFlame22" uid="719784" lat="38.8400274" lon="-104.7121821"/>
 <node id="2340181580" visible="true" version="1" changeset="16506208" timestamp="2013-06-11T07:22:18Z" user="FrozenFlame22" uid="719784" lat="38.8460092" lon="-104.7092681"/>
 <node id="2340181583" visible="true" version="1" changeset="16506208" timestamp="2013-06-11T07:22:18Z" user="FrozenFlame22" uid="719784" lat="38.8422232" lon="-104.7125553"/>
 <node id="2340181589" visible="true" version="1" changeset="16506208" timestamp="2013-06-11T07:22:18Z" user="FrozenFlame22" uid="719784" lat="38.8411972" lon="-104.7150788"/>
 <node id="2340181598" visible="true" version="1" changeset="16506208" timestamp="2013-06-11T07:22:19Z" user="FrozenFlame22" uid="719784" lat="38.8430145" lon="-104.7094642"/>
 <node id="2340181602" visible="true" version="1" changeset="16506208" timestamp="2013-06-11T07:22:19Z" user="FrozenFlame22" uid="719784" lat="38.8398235" lon="-104.7082274"/>
 <node id="2340181605" visible="true" version="1" changeset="16506208" timestamp="2013-06-11T07:22:19Z" user="FrozenFlame22" uid="719784" lat="38.8404587" lon="-104.7110032"/>
 <node id="2340181611" visible="true" version="1" changeset="16506208" timestamp="2013-06-11T07:22:19Z" user="FrozenFlame22" uid="719784" lat="38.8402279" lon="-104.7123028"/>
 <node id="2340181615" visible="true" version="1" changeset="16506208" timestamp="2013-06-11T07:22:19Z" user="FrozenFlame22" uid="719784" lat="38.8428282" lon="-104.7145148"/>
 <node id="2340181617" visible="true" version="1" changeset="16506208" timestamp="2013-06-11T07:22:19Z" user="FrozenFlame22" uid="719784" lat="38.8454503" lon="-104.7090471"/>
 <node id="2340181618" visible="true" version="1" changeset="16506208" timestamp="2013-06-11T07:22:19Z" user="FrozenFlame22" uid="719784" lat="38.8417665" lon="-104.7096543"/>
 <node id="2340181619" visible="true" version="1" changeset="16506208" timestamp="2013-06-11T07:22:19Z" user="FrozenFlame22" uid="719784" lat="38.8411531" lon="-104.7166967"/>
 <node id="2340181621" visible="true" version="1" changeset="16506208" timestamp="2013-06-11T07:22:19Z" user="FrozenFlame22" uid="719784" lat="38.8437138" lon="-104.7095621"/>
 <node id="2340181622" visible="true" version="1" changeset="16506208" timestamp="2013-06-11T07:22:19Z" user="FrozenFlame22" uid="719784" lat="38.8400020" lon="-104.7079995"/>
 <node id="2340181623" visible="true" version="1" changeset="16506208" timestamp="2013-06-11T07:22:19Z" user="FrozenFlame22" uid="719784" lat="38.8431182" lon="-104.7094725"/>
 <node id="2340181632" visible="true" version="1" changeset="16506208" timestamp="2013-06-11T07:22:19Z" user="FrozenFlame22" uid="719784" lat="38.8425388" lon="-104.7161632"/>
 <node id="2340181635" visible="true" version="1" changeset="16506208" timestamp="2013-06-11T07:22:19Z" user="FrozenFlame22" uid="719784" lat="38.8435496" lon="-104.7090305"/>
 <node id="2340181638" visible="true" version="1" changeset="16506208" timestamp="2013-06-11T07:22:19Z" user="FrozenFlame22" uid="719784" lat="38.8401987" lon="-104.7123243"/>
 <node id="2340181639" visible="true" version="1" changeset="16506208" timestamp="2013-06-11T07:22:19Z" user="FrozenFlame22" uid="719784" lat="38.8456654" lon="-104.7088530"/>
 <node id="2340181640" visible="true" version="1" changeset="16506208" timestamp="2013-06-11T07:22:19Z" user="FrozenFlame22" uid="719784" lat="38.8426785" lon="-104.7162698"/>
 <node id="2340181641" visible="true" version="1" changeset="16506208" timestamp="2013-06-11T07:22:20Z" user="FrozenFlame22" uid="719784" lat="38.8395662" lon="-104.7140942"/>
 <node id="2340181642" visible="true" version="1" changeset="16506208" timestamp="2013-06-11T07:22:20Z" user="FrozenFlame22" uid="719784" lat="38.8400921" lon="-104.7123135"/>
 <node id="2340181655" visible="true" version="1" changeset="16506208" timestamp="2013-06-11T07:22:20Z" user="FrozenFlame22" uid="719784" lat="38.8401444" lon="-104.7123913"/>
 <node id="2340181656" visible="true" version="1" changeset="16506208" timestamp="2013-06-11T07:22:20Z" user="FrozenFlame22" uid="719784" lat="38.8457838" lon="-104.7085488"/>
 <node id="2340181670" visible="true" version="1" changeset="16506208" timestamp="2013-06-11T07:22:20Z" user="FrozenFlame22" uid="719784" lat="38.8465226" lon="-104.7091918"/>
 <node id="2340181672" visible="true" version="1" changeset="16506208" timestamp="2013-06-11T07:22:20Z" user="FrozenFlame22" uid="719784" lat="38.8402916" lon="-104.7121940"/>
 <node id="2340181673" visible="true" version="1" changeset="16506208" timestamp="2013-06-11T07:22:20Z" user="FrozenFlame22" uid="719784" lat="38.8453744" lon="-104.7145386"/>
 <node id="2340181678" visible="true" version="1" changeset="16506208" timestamp="2013-06-11T07:22:20Z" user="FrozenFlame22" uid="719784" lat="38.8430260" lon="-104.7094286"/>
 <node id="2340181689" visible="true" version="1" changeset="16506208" timestamp="2013-06-11T07:22:21Z" user="FrozenFlame22" uid="719784" lat="38.8456298" lon="-104.7134273"/>
 <node id="2340181700" visible="true" version="1" changeset="16506208" timestamp="2013-06-11T07:22:21Z" user="FrozenFlame22" uid="719784" lat="38.8445641" lon="-104.7109814"/>
 <node id="2340181707" visible="true" version="1" changeset="16506208" timestamp="2013-06-11T07:22:21Z" user="FrozenFlame22" uid="719784" lat="38.8400848" lon="-104.7121323"/>
 <node id="2340181708" visible="true" version="1" changeset="16506208" timestamp="2013-06-11T07:22:21Z" user="FrozenFlame22" uid="719784" lat="38.8445659" lon="-104.7110545"/>
 <node id="2340181710" visible="true" version="1" changeset="16506208" timestamp="2013-06-11T07:22:21Z" user="FrozenFlame22" uid="719784" lat="38.8445851" lon="-104.7110537"/>
 <node id="2340181718" visible="true" version="1" changeset="16506208" timestamp="2013-06-11T07:22:21Z" user="FrozenFlame22" uid="719784" lat="38.8430421" lon="-104.7094789"/>
 <node id="2340181719" visible="true" version="1" changeset="16506208" timestamp="2013-06-11T07:22:21Z" user="FrozenFlame22" uid="719784" lat="38.8434285" lon="-104.7095482"/>
 <node id="2340181725" visible="true" version="1" changeset="16506208" timestamp="2013-06-11T07:22:21Z" user="FrozenFlame22" uid="719784" lat="38.8433282" lon="-104.7092022"/>
 <node id="2340181730" visible="true" version="1" changeset="16506208" timestamp="2013-06-11T07:22:21Z" user="FrozenFlame22" uid="719784" lat="38.8454647" lon="-104.7085739"/>
 <node id="2340181735" visible="true" version="1" changeset="16506208" timestamp="2013-06-11T07:22:21Z" user="FrozenFlame22" uid="719784" lat="38.8446676" lon="-104.7102003"/>
 <node id="2340181739" visible="true" version="1" changeset="16506208" timestamp="2013-06-11T07:22:22Z" user="FrozenFlame22" uid="719784" lat="38.8430536" lon="-104.7094432"/>
 <node id="2340181740" visible="true" version="1" changeset="16506208" timestamp="2013-06-11T07:22:22Z" user="FrozenFlame22" uid="719784" lat="38.8402324" lon="-104.7160710"/>
 <node id="2340181752" visible="true" version="1" changeset="16506208" timestamp="2013-06-11T07:22:22Z" user="FrozenFlame22" uid="719784" lat="38.8549842" lon="-104.7057769"/>
 <node id="2340181757" visible="true" version="1" changeset="16506208" timestamp="2013-06-11T07:22:22Z" user="FrozenFlame22" uid="719784" lat="38.8424739" lon="-104.7089096"/>
 <node id="2340181770" visible="true" version="1" changeset="16506208" timestamp="2013-06-11T07:22:22Z" user="FrozenFlame22" uid="719784" lat="38.8399753" lon="-104.7135712"/>
 <node id="2340181772" visible="true" version="1" changeset="16506208" timestamp="2013-06-11T07:22:22Z" user="FrozenFlame22" uid="719784" lat="38.8414691" lon="-104.7103022"/>
 <node id="2340181775" visible="true" version="1" changeset="16506208" timestamp="2013-06-11T07:22:23Z" user="FrozenFlame22" uid="719784" lat="38.8434892" lon="-104.7114766"/>
 <node id="2340181783" visible="true" version="1" changeset="16506208" timestamp="2013-06-11T07:22:23Z" user="FrozenFlame22" uid="719784" lat="38.8465206" lon="-104.7089146"/>
 <node id="2340181793" visible="true" version="1" changeset="16506208" timestamp="2013-06-11T07:22:23Z" user="FrozenFlame22" uid="719784" lat="38.8440280" lon="-104.7130485"/>
 <node id="2340181797" visible="true" version="1" changeset="16506208" timestamp="2013-06-11T07:22:23Z" user="FrozenFlame22" uid="719784" lat="38.8436488" lon="-104.7089512"/>
 <node id="2340181798" visible="true" version="1" changeset="16506208" timestamp="2013-06-11T07:22:23Z" user="FrozenFlame22" uid="719784" lat="38.8436917" lon="-104.7089554"/>
 <node id="2340181800" visible="true" version="1" changeset="16506208" timestamp="2013-06-11T07:22:23Z" user="FrozenFlame22" uid="719784" lat="38.8454658" lon="-104.7086651"/>
 <node id="2340181801" visible="true" version="1" changeset="16506208" timestamp="2013-06-11T07:22:23Z" user="FrozenFlame22" uid="719784" lat="38.8403073" lon="-104.7122411"/>
 <node id="2340181806" visible="true" version="1" changeset="16506208" timestamp="2013-06-11T07:22:23Z" user="FrozenFlame22" uid="719784" lat="38.8467457" lon="-104.7135365"/>
 <node id="2340181809" visible="true" version="1" changeset="16506208" timestamp="2013-06-11T07:22:23Z" user="FrozenFlame22" uid="719784" lat="38.8454500" lon="-104.7089358"/>
 <node id="2340181823" visible="true" version="1" changeset="16506208" timestamp="2013-06-11T07:22:24Z" user="FrozenFlame22" uid="719784" lat="38.8403694" lon="-104.7080683"/>
 <node id="2340181828" visible="true" version="1" changeset="16506208" timestamp="2013-06-11T07:22:24Z" user="FrozenFlame22" uid="719784" lat="38.8546368" lon="-104.7058575"/>
 <node id="2340181830" visible="true" version="1" changeset="16506208" timestamp="2013-06-11T07:22:24Z" user="FrozenFlame22" uid="719784" lat="38.8457491" lon="-104.7088772"/>
 <node id="2340181831" visible="true" version="1" changeset="16506208" timestamp="2013-06-11T07:22:24Z" user="FrozenFlame22" uid="719784" lat="38.8439256" lon="-104.7132362"/>
 <node id="2340181832" visible="true" version="1" changeset="16506208" timestamp="2013-06-11T07:22:24Z" user="FrozenFlame22" uid="719784" lat="38.8404068" lon="-104.7080317"/>
 <node id="2340181841" visible="true" version="1" changeset="16506208" timestamp="2013-06-11T07:22:24Z" user="FrozenFlame22" uid="719784" lat="38.8407838" lon="-104.7080217"/>
 <node id="2340181842" visible="true" version="1" changeset="16506208" timestamp="2013-06-11T07:22:24Z" user="FrozenFlame22" uid="719784" lat="38.8418874" lon="-104.7103993"/>
 <node id="2340181843" visible="true" version="1" changeset="16506208" timestamp="2013-06-11T07:22:24Z" user="FrozenFlame22" uid="719784" lat="38.8438130" lon="-104.7114742"/>
 <node id="2340181845" visible="true" version="1" changeset="16506208" timestamp="2013-06-11T07:22:24Z" user="FrozenFlame22" uid="719784" lat="38.8439403" lon="-104.7132389"/>
 <node id="2340181846" visible="true" version="1" changeset="16506208" timestamp="2013-06-11T07:22:24Z" user="FrozenFlame22" uid="719784" lat="38.8439382" lon="-104.7135742"/>
 <node id="2340181848" visible="true" version="1" changeset="16506208" timestamp="2013-06-11T07:22:24Z" user="FrozenFlame22" uid="719784" lat="38.8456298" lon="-104.7132436"/>
 <node id="2340181850" visible="true" version="1" changeset="16506208" timestamp="2013-06-11T07:22:24Z" user="FrozenFlame22" uid="719784" lat="38.8432321" lon="-104.7143252"/>
 <node id="2340181862" visible="true" version="1" changeset="16506208" timestamp="2013-06-11T07:22:24Z" user="FrozenFlame22" uid="719784" lat="38.8405644" lon="-104.7112061"/>
 <node id="2340181864" visible="true" version="1" changeset="16506208" timestamp="2013-06-11T07:22:24Z" user="FrozenFlame22" uid="719784" lat="38.8406625" lon="-104.7080356"/>
 <node id="2340181871" visible="true" version="1" changeset="16506208" timestamp="2013-06-11T07:22:25Z" user="FrozenFlame22" uid="719784" lat="38.8432718" lon="-104.7094570"/>
 <node id="2340181874" visible="true" version="1" changeset="16506208" timestamp="2013-06-11T07:22:25Z" user="FrozenFlame22" uid="719784" lat="38.8440343" lon="-104.7095482"/>
 <node id="2340181875" visible="true" version="1" changeset="16506208" timestamp="2013-06-11T07:22:25Z" user="FrozenFlame22" uid="719784" lat="38.8452406" lon="-104.7151412"/>
 <node id="2340181880" visible="true" version="1" changeset="16506208" timestamp="2013-06-11T07:22:25Z" user="FrozenFlame22" uid="719784" lat="38.8451949" lon="-104.7151425"/>
 <node id="2340181882" visible="true" version="1" changeset="16506208" timestamp="2013-06-11T07:22:25Z" user="FrozenFlame22" uid="719784" lat="38.8402786" lon="-104.7080656"/>
 <node id="2340181892" visible="true" version="1" changeset="16506208" timestamp="2013-06-11T07:22:25Z" user="FrozenFlame22" uid="719784" lat="38.8448542" lon="-104.7033696"/>
 <node id="2340181893" visible="true" version="1" changeset="16506208" timestamp="2013-06-11T07:22:25Z" user="FrozenFlame22" uid="719784" lat="38.8454454" lon="-104.7145384"/>
 <node id="2340181896" visible="true" version="1" changeset="16506208" timestamp="2013-06-11T07:22:25Z" user="FrozenFlame22" uid="719784" lat="38.8407834" lon="-104.7080673"/>
 <node id="2340181897" visible="true" version="1" changeset="16506208" timestamp="2013-06-11T07:22:25Z" user="FrozenFlame22" uid="719784" lat="38.8407531" lon="-104.7080370"/>
 <node id="2340181902" visible="true" version="1" changeset="16506208" timestamp="2013-06-11T07:22:25Z" user="FrozenFlame22" uid="719784" lat="38.8454456" lon="-104.7146302"/>
 <node id="2340181911" visible="true" version="1" changeset="16506208" timestamp="2013-06-11T07:22:25Z" user="FrozenFlame22" uid="719784" lat="38.8417669" lon="-104.7101883"/>
 <node id="2340181916" visible="true" version="1" changeset="16506208" timestamp="2013-06-11T07:22:25Z" user="FrozenFlame22" uid="719784" lat="38.8414188" lon="-104.7152238"/>
 <node id="2340181917" visible="true" version="1" changeset="16506208" timestamp="2013-06-11T07:22:25Z" user="FrozenFlame22" uid="719784" lat="38.8443296" lon="-104.7097556"/>
 <node id="2340181921" visible="true" version="1" changeset="16506208" timestamp="2013-06-11T07:22:25Z" user="FrozenFlame22" uid="719784" lat="38.8412003" lon="-104.7112365"/>
 <node id="2340181927" visible="true" version="1" changeset="16506208" timestamp="2013-06-11T07:22:26Z" user="FrozenFlame22" uid="719784" lat="38.8407211" lon="-104.7135691"/>
 <node id="2340181934" visible="true" version="1" changeset="16506208" timestamp="2013-06-11T07:22:26Z" user="FrozenFlame22" uid="719784" lat="38.8452356" lon="-104.7148566"/>
 <node id="2340181938" visible="true" version="1" changeset="16506208" timestamp="2013-06-11T07:22:26Z" user="FrozenFlame22" uid="719784" lat="38.8401966" lon="-104.7124155"/>
 <node id="2340181940" visible="true" version="1" changeset="16506208" timestamp="2013-06-11T07:22:26Z" user="FrozenFlame22" uid="719784" lat="38.8418816" lon="-104.7093053"/>
 <node id="2340181942" visible="true" version="1" changeset="16506208" timestamp="2013-06-11T07:22:26Z" user="FrozenFlame22" uid="719784" lat="38.8439904" lon="-104.7095750"/>
 <node id="2340181950" visible="true" version="1" changeset="16506208" timestamp="2013-06-11T07:22:26Z" user="FrozenFlame22" uid="719784" lat="38.8413986" lon="-104.7080155"/>
 <node id="2340181951" visible="true" version="1" changeset="16506208" timestamp="2013-06-11T07:22:26Z" user="FrozenFlame22" uid="719784" lat="38.8440050" lon="-104.7095348"/>
 <node id="2340181954" visible="true" version="1" changeset="16506208" timestamp="2013-06-11T07:22:26Z" user="FrozenFlame22" uid="719784" lat="38.8413700" lon="-104.7161983"/>
 <node id="2340181957" visible="true" version="1" changeset="16506208" timestamp="2013-06-11T07:22:26Z" user="FrozenFlame22" uid="719784" lat="38.8453979" lon="-104.7148520"/>
 <node id="2340181963" visible="true" version="1" changeset="16506208" timestamp="2013-06-11T07:22:26Z" user="FrozenFlame22" uid="719784" lat="38.8405920" lon="-104.7154980"/>
 <node id="2340181975" visible="true" version="1" changeset="16506208" timestamp="2013-06-11T07:22:27Z" user="FrozenFlame22" uid="719784" lat="38.8428295" lon="-104.7141635"/>
 <node id="2340181982" visible="true" version="1" changeset="16506208" timestamp="2013-06-11T07:22:27Z" user="FrozenFlame22" uid="719784" lat="38.8454503" lon="-104.7092348"/>
 <node id="2340181984" visible="true" version="1" changeset="16506208" timestamp="2013-06-11T07:22:27Z" user="FrozenFlame22" uid="719784" lat="38.8436039" lon="-104.7089554"/>
 <node id="2340181985" visible="true" version="1" changeset="16506208" timestamp="2013-06-11T07:22:27Z" user="FrozenFlame22" uid="719784" lat="38.8402424" lon="-104.7080650"/>
 <node id="2340181987" visible="true" version="1" changeset="16506208" timestamp="2013-06-11T07:22:27Z" user="FrozenFlame22" uid="719784" lat="38.8403234" lon="-104.7139208"/>
 <node id="2340181988" visible="true" version="1" changeset="16506208" timestamp="2013-06-11T07:22:27Z" user="FrozenFlame22" uid="719784" lat="38.8451059" lon="-104.7026190"/>
 <node id="2340181999" visible="true" version="1" changeset="16506208" timestamp="2013-06-11T07:22:27Z" user="FrozenFlame22" uid="719784" lat="38.8459183" lon="-104.7087277"/>
 <node id="2340182000" visible="true" version="1" changeset="16506208" timestamp="2013-06-11T07:22:27Z" user="FrozenFlame22" uid="719784" lat="38.8464156" lon="-104.7091135"/>
 <node id="2340182006" visible="true" version="1" changeset="16506208" timestamp="2013-06-11T07:22:27Z" user="FrozenFlame22" uid="719784" lat="38.8459688" lon="-104.7146285"/>
 <node id="2340182008" visible="true" version="1" changeset="16506208" timestamp="2013-06-11T07:22:27Z" user="FrozenFlame22" uid="719784" lat="38.8412016" lon="-104.7117636"/>
 <node id="2340182010" visible="true" version="1" changeset="16506208" timestamp="2013-06-11T07:22:27Z" user="FrozenFlame22" uid="719784" lat="38.8430961" lon="-104.7095448"/>
 <node id="2340182015" visible="true" version="1" changeset="16506208" timestamp="2013-06-11T07:22:27Z" user="FrozenFlame22" uid="719784" lat="38.8405300" lon="-104.7080316"/>
 <node id="2340182016" visible="true" version="1" changeset="16506208" timestamp="2013-06-11T07:22:27Z" user="FrozenFlame22" uid="719784" lat="38.8414006" lon="-104.7072182"/>
 <node id="2340182018" visible="true" version="1" changeset="16506208" timestamp="2013-06-11T07:22:27Z" user="FrozenFlame22" uid="719784" lat="38.8405031" lon="-104.7080630"/>
 <node id="2340182021" visible="true" version="1" changeset="16506208" timestamp="2013-06-11T07:22:27Z" user="FrozenFlame22" uid="719784" lat="38.8403871" lon="-104.7150098"/>
 <node id="2340182022" visible="true" version="1" changeset="16506208" timestamp="2013-06-11T07:22:27Z" user="FrozenFlame22" uid="719784" lat="38.8399457" lon="-104.7082282"/>
 <node id="2340182023" visible="true" version="1" changeset="16506208" timestamp="2013-06-11T07:22:27Z" user="FrozenFlame22" uid="719784" lat="38.8453596" lon="-104.7134036"/>
 <node id="2340182027" visible="true" version="1" changeset="16506208" timestamp="2013-06-11T07:22:28Z" user="FrozenFlame22" uid="719784" lat="38.8443616" lon="-104.7112850"/>
 <node id="2340182029" visible="true" version="1" changeset="16506208" timestamp="2013-06-11T07:22:28Z" user="FrozenFlame22" uid="719784" lat="38.8403719" lon="-104.7110045"/>
 <node id="2340182035" visible="true" version="1" changeset="16506208" timestamp="2013-06-11T07:22:28Z" user="FrozenFlame22" uid="719784" lat="38.8400106" lon="-104.7122599"/>
 <node id="2340182036" visible="true" version="1" changeset="16506208" timestamp="2013-06-11T07:22:28Z" user="FrozenFlame22" uid="719784" lat="38.8417366" lon="-104.7080169"/>
 <node id="2340182039" visible="true" version="1" changeset="16506208" timestamp="2013-06-11T07:22:28Z" user="FrozenFlame22" uid="719784" lat="38.8411538" lon="-104.7161978"/>
 <node id="2340182044" visible="true" version="1" changeset="16506208" timestamp="2013-06-11T07:22:28Z" user="FrozenFlame22" uid="719784" lat="38.8455270" lon="-104.7099624"/>
 <node id="2340182055" visible="true" version="1" changeset="16506208" timestamp="2013-06-11T07:22:29Z" user="FrozenFlame22" uid="719784" lat="38.8454702" lon="-104.7093210"/>
 <node id="2340182058" visible="true" version="1" changeset="16506208" timestamp="2013-06-11T07:22:29Z" user="FrozenFlame22" uid="719784" lat="38.8404011" lon="-104.7100983"/>
 <node id="2340182064" visible="true" version="1" changeset="16506208" timestamp="2013-06-11T07:22:29Z" user="FrozenFlame22" uid="719784" lat="38.8432133" lon="-104.7150789"/>
 <node id="2340182071" visible="true" version="1" changeset="16506208" timestamp="2013-06-11T07:22:29Z" user="FrozenFlame22" uid="719784" lat="38.8454718" lon="-104.7094083"/>
 <node id="2340182076" visible="true" version="1" changeset="16506208" timestamp="2013-06-11T07:22:29Z" user="FrozenFlame22" uid="719784" lat="38.8406283" lon="-104.7080332"/>
 <node id="2340182079" visible="true" version="1" changeset="16506208" timestamp="2013-06-11T07:22:29Z" user="FrozenFlame22" uid="719784" lat="38.8456672" lon="-104.7089348"/>
 <node id="2340182082" visible="true" version="1" changeset="16506208" timestamp="2013-06-11T07:22:29Z" user="FrozenFlame22" uid="719784" lat="38.8402428" lon="-104.7080323"/>
 <node id="2340182083" visible="true" version="1" changeset="16506208" timestamp="2013-06-11T07:22:29Z" user="FrozenFlame22" uid="719784" lat="38.8450621" lon="-104.7117477"/>
 <node id="2340182086" visible="true" version="1" changeset="16506208" timestamp="2013-06-11T07:22:29Z" user="FrozenFlame22" uid="719784" lat="38.8455259" lon="-104.7096206"/>
 <node id="2340182087" visible="true" version="1" changeset="16506208" timestamp="2013-06-11T07:22:29Z" user="FrozenFlame22" uid="719784" lat="38.8434765" lon="-104.7093980"/>
 <node id="2340182098" visible="true" version="1" changeset="16506208" timestamp="2013-06-11T07:22:29Z" user="FrozenFlame22" uid="719784" lat="38.8457498" lon="-104.7089577"/>
 <node id="2340182110" visible="true" version="1" changeset="16506208" timestamp="2013-06-11T07:22:30Z" user="FrozenFlame22" uid="719784" lat="38.8435475" lon="-104.7093953"/>
 <node id="2340182120" visible="true" version="1" changeset="16506208" timestamp="2013-06-11T07:22:30Z" user="FrozenFlame22" uid="719784" lat="38.8456691" lon="-104.7094023"/>
 <node id="2340182121" visible="true" version="1" changeset="16506208" timestamp="2013-06-11T07:22:30Z" user="FrozenFlame22" uid="719784" lat="38.8404025" lon="-104.7104081"/>
 <node id="2340182123" visible="true" version="1" changeset="16506208" timestamp="2013-06-11T07:22:30Z" user="FrozenFlame22" uid="719784" lat="38.8420072" lon="-104.7086051"/>
 <node id="2340182125" visible="true" version="1" changeset="16506208" timestamp="2013-06-11T07:22:30Z" user="FrozenFlame22" uid="719784" lat="38.8422202" lon="-104.7123038"/>
 <node id="2340182127" visible="true" version="1" changeset="16506208" timestamp="2013-06-11T07:22:30Z" user="FrozenFlame22" uid="719784" lat="38.8405297" lon="-104.7080634"/>
 <node id="2340182133" visible="true" version="1" changeset="16506208" timestamp="2013-06-11T07:22:30Z" user="FrozenFlame22" uid="719784" lat="38.8458959" lon="-104.7089558"/>
 <node id="2340182134" visible="true" version="1" changeset="16506208" timestamp="2013-06-11T07:22:30Z" user="FrozenFlame22" uid="719784" lat="38.8440970" lon="-104.7093390"/>
 <node id="2340182135" visible="true" version="1" changeset="16506208" timestamp="2013-06-11T07:22:30Z" user="FrozenFlame22" uid="719784" lat="38.8435454" lon="-104.7095026"/>
 <node id="2340182137" visible="true" version="1" changeset="16506208" timestamp="2013-06-11T07:22:30Z" user="FrozenFlame22" uid="719784" lat="38.8435141" lon="-104.7090010"/>
 <node id="2340182156" visible="true" version="1" changeset="16506208" timestamp="2013-06-11T07:22:31Z" user="FrozenFlame22" uid="719784" lat="38.8451758" lon="-104.7028572"/>
 <node id="2340182159" visible="true" version="1" changeset="16506208" timestamp="2013-06-11T07:22:31Z" user="FrozenFlame22" uid="719784" lat="38.8432843" lon="-104.7089125"/>
 <node id="2340182161" visible="true" version="1" changeset="16506208" timestamp="2013-06-11T07:22:31Z" user="FrozenFlame22" uid="719784" lat="38.8427423" lon="-104.7141629"/>
 <node id="2340182162" visible="true" version="1" changeset="16506208" timestamp="2013-06-11T07:22:31Z" user="FrozenFlame22" uid="719784" lat="38.8430900" lon="-104.7148482"/>
 <node id="2340182164" visible="true" version="1" changeset="16506208" timestamp="2013-06-11T07:22:31Z" user="FrozenFlame22" uid="719784" lat="38.8415593" lon="-104.7162062"/>
 <node id="2340182166" visible="true" version="1" changeset="16506208" timestamp="2013-06-11T07:22:31Z" user="FrozenFlame22" uid="719784" lat="38.8400942" lon="-104.7123806"/>
 <node id="2340182167" visible="true" version="1" changeset="16506208" timestamp="2013-06-11T07:22:31Z" user="FrozenFlame22" uid="719784" lat="38.8434869" lon="-104.7109590"/>
 <node id="2340182172" visible="true" version="1" changeset="16506208" timestamp="2013-06-11T07:22:31Z" user="FrozenFlame22" uid="719784" lat="38.8454437" lon="-104.7087427"/>
 <node id="2340182175" visible="true" version="1" changeset="16506208" timestamp="2013-06-11T07:22:31Z" user="FrozenFlame22" uid="719784" lat="38.8432154" lon="-104.7148509"/>
 <node id="2340182176" visible="true" version="1" changeset="16506208" timestamp="2013-06-11T07:22:31Z" user="FrozenFlame22" uid="719784" lat="38.8402133" lon="-104.7122143"/>
 <node id="2340182179" visible="true" version="1" changeset="16506208" timestamp="2013-06-11T07:22:31Z" user="FrozenFlame22" uid="719784" lat="38.8406278" lon="-104.7080774"/>
 <node id="2340182180" visible="true" version="1" changeset="16506208" timestamp="2013-06-11T07:22:31Z" user="FrozenFlame22" uid="719784" lat="38.8417669" lon="-104.7097270"/>
 <node id="2340182183" visible="true" version="1" changeset="16506208" timestamp="2013-06-11T07:22:31Z" user="FrozenFlame22" uid="719784" lat="38.8405654" lon="-104.7113150"/>
 <node id="2340182188" visible="true" version="1" changeset="16506208" timestamp="2013-06-11T07:22:31Z" user="FrozenFlame22" uid="719784" lat="38.8406621" lon="-104.7080779"/>
 <node id="2340182197" visible="true" version="1" changeset="16506208" timestamp="2013-06-11T07:22:31Z" user="FrozenFlame22" uid="719784" lat="38.8414723" lon="-104.7095196"/>
 <node id="2340182209" visible="true" version="1" changeset="16506208" timestamp="2013-06-11T07:22:32Z" user="FrozenFlame22" uid="719784" lat="38.8399252" lon="-104.7104116"/>
 <node id="2340182216" visible="true" version="1" changeset="16506208" timestamp="2013-06-11T07:22:32Z" user="FrozenFlame22" uid="719784" lat="38.8435562" lon="-104.7129193"/>
 <node id="2340182225" visible="true" version="1" changeset="16506208" timestamp="2013-06-11T07:22:32Z" user="FrozenFlame22" uid="719784" lat="38.8425601" lon="-104.7134686"/>
 <node id="2340182232" visible="true" version="1" changeset="16506208" timestamp="2013-06-11T07:22:32Z" user="FrozenFlame22" uid="719784" lat="38.8420682" lon="-104.7090891"/>
 <node id="2340182233" visible="true" version="1" changeset="16506208" timestamp="2013-06-11T07:22:32Z" user="FrozenFlame22" uid="719784" lat="38.8456672" lon="-104.7091253"/>
 <node id="2340182234" visible="true" version="1" changeset="16506208" timestamp="2013-06-11T07:22:32Z" user="FrozenFlame22" uid="719784" lat="38.8412691" lon="-104.7103009"/>
 <node id="2340182237" visible="true" version="1" changeset="16506208" timestamp="2013-06-11T07:22:32Z" user="FrozenFlame22" uid="719784" lat="38.8458953" lon="-104.7088753"/>
 <node id="2340182242" visible="true" version="1" changeset="16506208" timestamp="2013-06-11T07:22:32Z" user="FrozenFlame22" uid="719784" lat="38.8436888" lon="-104.7096560"/>
 <node id="2340182245" visible="true" version="1" changeset="16506208" timestamp="2013-06-11T07:22:32Z" user="FrozenFlame22" uid="719784" lat="38.8405620" lon="-104.7158087"/>
 <node id="2340182249" visible="true" version="1" changeset="16506208" timestamp="2013-06-11T07:22:32Z" user="FrozenFlame22" uid="719784" lat="38.8450214" lon="-104.7030343"/>
 <node id="2340182251" visible="true" version="1" changeset="16506208" timestamp="2013-06-11T07:22:32Z" user="FrozenFlame22" uid="719784" lat="38.8435037" lon="-104.7090305"/>
 <node id="2340182267" visible="true" version="1" changeset="16506208" timestamp="2013-06-11T07:22:33Z" user="FrozenFlame22" uid="719784" lat="38.8401892" lon="-104.7080315"/>
 <node id="2340182290" visible="true" version="1" changeset="16506208" timestamp="2013-06-11T07:22:33Z" user="FrozenFlame22" uid="719784" lat="38.8420641" lon="-104.7086043"/>
 <node id="2340182292" visible="true" version="1" changeset="16506208" timestamp="2013-06-11T07:22:33Z" user="FrozenFlame22" uid="719784" lat="38.8457294" lon="-104.7092703"/>
 <node id="2340182303" visible="true" version="1" changeset="16506208" timestamp="2013-06-11T07:22:34Z" user="FrozenFlame22" uid="719784" lat="38.8411388" lon="-104.7150788"/>
 <node id="2340182308" visible="true" version="1" changeset="16506208" timestamp="2013-06-11T07:22:34Z" user="FrozenFlame22" uid="719784" lat="38.8458030" lon="-104.7103135"/>
 <node id="2340182310" visible="true" version="1" changeset="16506208" timestamp="2013-06-11T07:22:34Z" user="FrozenFlame22" uid="719784" lat="38.8463956" lon="-104.7091932"/>
 <node id="2340182314" visible="true" version="1" changeset="16506208" timestamp="2013-06-11T07:22:34Z" user="FrozenFlame22" uid="719784" lat="38.8450564" lon="-104.7029150"/>
 <node id="2340182322" visible="true" version="1" changeset="16506208" timestamp="2013-06-11T07:22:34Z" user="FrozenFlame22" uid="719784" lat="38.8402258" lon="-104.7123243"/>
 <node id="2340182331" visible="true" version="2" changeset="77344905" timestamp="2019-11-20T21:14:57Z" user="SandyDDenver" uid="10484615" lat="38.8422300" lon="-104.7134767"/>
 <node id="2340182332" visible="true" version="1" changeset="16506208" timestamp="2013-06-11T07:22:34Z" user="FrozenFlame22" uid="719784" lat="38.8417636" lon="-104.7093069"/>
 <node id="2340182335" visible="true" version="1" changeset="16506208" timestamp="2013-06-11T07:22:35Z" user="FrozenFlame22" uid="719784" lat="38.8408323" lon="-104.7080224"/>
 <node id="2340182344" visible="true" version="1" changeset="16506208" timestamp="2013-06-11T07:22:35Z" user="FrozenFlame22" uid="719784" lat="38.8398249" lon="-104.7079043"/>
 <node id="2340182359" visible="true" version="1" changeset="16506208" timestamp="2013-06-11T07:22:35Z" user="FrozenFlame22" uid="719784" lat="38.8459087" lon="-104.7132436"/>
 <node id="2340182363" visible="true" version="1" changeset="16506208" timestamp="2013-06-11T07:22:35Z" user="FrozenFlame22" uid="719784" lat="38.8447811" lon="-104.7031952"/>
 <node id="2340182374" visible="true" version="1" changeset="16506208" timestamp="2013-06-11T07:22:35Z" user="FrozenFlame22" uid="719784" lat="38.8458018" lon="-104.7099609"/>
 <node id="2340182379" visible="true" version="1" changeset="16506208" timestamp="2013-06-11T07:22:35Z" user="FrozenFlame22" uid="719784" lat="38.8547186" lon="-104.7058499"/>
 <node id="2340182390" visible="true" version="1" changeset="16506208" timestamp="2013-06-11T07:22:36Z" user="FrozenFlame22" uid="719784" lat="38.8421937" lon="-104.7112327"/>
 <node id="2340182397" visible="true" version="1" changeset="16506208" timestamp="2013-06-11T07:22:36Z" user="FrozenFlame22" uid="719784" lat="38.8407208" lon="-104.7133518"/>
 <node id="2340182417" visible="true" version="1" changeset="16506208" timestamp="2013-06-11T07:22:36Z" user="FrozenFlame22" uid="719784" lat="38.8399116" lon="-104.7078003"/>
 <node id="2340182420" visible="true" version="1" changeset="16506208" timestamp="2013-06-11T07:22:36Z" user="FrozenFlame22" uid="719784" lat="38.8424265" lon="-104.7089728"/>
 <node id="2340182422" visible="true" version="1" changeset="16506208" timestamp="2013-06-11T07:22:36Z" user="FrozenFlame22" uid="719784" lat="38.8404064" lon="-104.7080689"/>
 <node id="2340182423" visible="true" version="1" changeset="16506208" timestamp="2013-06-11T07:22:36Z" user="FrozenFlame22" uid="719784" lat="38.8405034" lon="-104.7080331"/>
 <node id="2340182424" visible="true" version="1" changeset="16506208" timestamp="2013-06-11T07:22:36Z" user="FrozenFlame22" uid="719784" lat="38.8436353" lon="-104.7094972"/>
 <node id="2340182425" visible="true" version="1" changeset="16506208" timestamp="2013-06-11T07:22:36Z" user="FrozenFlame22" uid="719784" lat="38.8430594" lon="-104.7095263"/>
 <node id="2340182426" visible="true" version="1" changeset="16506208" timestamp="2013-06-11T07:22:36Z" user="FrozenFlame22" uid="719784" lat="38.8446381" lon="-104.7130698"/>
 <node id="2340182437" visible="true" version="1" changeset="16506208" timestamp="2013-06-11T07:22:37Z" user="FrozenFlame22" uid="719784" lat="38.8404984" lon="-104.7111829"/>
 <node id="2340182440" visible="true" version="1" changeset="16506208" timestamp="2013-06-11T07:22:37Z" user="FrozenFlame22" uid="719784" lat="38.8403698" lon="-104.7080325"/>
 <node id="2340182442" visible="true" version="1" changeset="16506208" timestamp="2013-06-11T07:22:37Z" user="FrozenFlame22" uid="719784" lat="38.8402789" lon="-104.7080311"/>
 <node id="2340182450" visible="true" version="1" changeset="16506208" timestamp="2013-06-11T07:22:37Z" user="FrozenFlame22" uid="719784" lat="38.8438475" lon="-104.7097257"/>
 <node id="2340182454" visible="true" version="1" changeset="16506208" timestamp="2013-06-11T07:22:37Z" user="FrozenFlame22" uid="719784" lat="38.8404603" lon="-104.7111835"/>
 <node id="2341269373" visible="true" version="1" changeset="16517376" timestamp="2013-06-11T23:15:12Z" user="FrozenFlame22" uid="719784" lat="38.8467249" lon="-104.7101655"/>
 <node id="2341269482" visible="true" version="1" changeset="16517376" timestamp="2013-06-11T23:15:13Z" user="FrozenFlame22" uid="719784" lat="38.8468090" lon="-104.7100814"/>
 <node id="2341269491" visible="true" version="1" changeset="16517376" timestamp="2013-06-11T23:15:13Z" user="FrozenFlame22" uid="719784" lat="38.8468150" lon="-104.7100380"/>
 <node id="2341269564" visible="true" version="1" changeset="16517376" timestamp="2013-06-11T23:15:14Z" user="FrozenFlame22" uid="719784" lat="38.8467905" lon="-104.7101144"/>
 <node id="2341269636" visible="true" version="1" changeset="16517376" timestamp="2013-06-11T23:15:16Z" user="FrozenFlame22" uid="719784" lat="38.8467633" lon="-104.7101473"/>
 <node id="2341458971" visible="true" version="1" changeset="16518241" timestamp="2013-06-12T02:01:23Z" user="FrozenFlame22" uid="719784" lat="38.8476062" lon="-104.7045522"/>
 <node id="2341458972" visible="true" version="1" changeset="16518241" timestamp="2013-06-12T02:01:24Z" user="FrozenFlame22" uid="719784" lat="38.8476524" lon="-104.7043499"/>
 <node id="2341458973" visible="true" version="1" changeset="16518241" timestamp="2013-06-12T02:01:24Z" user="FrozenFlame22" uid="719784" lat="38.8457848" lon="-104.7030920"/>
 <node id="2341458975" visible="true" version="1" changeset="16518241" timestamp="2013-06-12T02:01:24Z" user="FrozenFlame22" uid="719784" lat="38.8479643" lon="-104.7037899"/>
 <node id="2341458976" visible="true" version="1" changeset="16518241" timestamp="2013-06-12T02:01:24Z" user="FrozenFlame22" uid="719784" lat="38.8467229" lon="-104.7017629"/>
 <node id="2341458978" visible="true" version="1" changeset="16518241" timestamp="2013-06-12T02:01:24Z" user="FrozenFlame22" uid="719784" lat="38.8508568" lon="-104.7013378"/>
 <node id="2341458980" visible="true" version="1" changeset="16518241" timestamp="2013-06-12T02:01:24Z" user="FrozenFlame22" uid="719784" lat="38.8462700" lon="-104.7025816"/>
 <node id="2341458981" visible="true" version="1" changeset="16518241" timestamp="2013-06-12T02:01:24Z" user="FrozenFlame22" uid="719784" lat="38.8497016" lon="-104.7046128"/>
 <node id="2341458989" visible="true" version="1" changeset="16518241" timestamp="2013-06-12T02:01:24Z" user="FrozenFlame22" uid="719784" lat="38.8466522" lon="-104.7046359"/>
 <node id="2341458994" visible="true" version="1" changeset="16518241" timestamp="2013-06-12T02:01:24Z" user="FrozenFlame22" uid="719784" lat="38.8485736" lon="-104.7021371"/>
 <node id="2341458999" visible="true" version="1" changeset="16518241" timestamp="2013-06-12T02:01:24Z" user="FrozenFlame22" uid="719784" lat="38.8457936" lon="-104.7030346"/>
 <node id="2341459000" visible="true" version="1" changeset="16518241" timestamp="2013-06-12T02:01:24Z" user="FrozenFlame22" uid="719784" lat="38.8517738" lon="-104.7051171"/>
 <node id="2341459002" visible="true" version="1" changeset="16518241" timestamp="2013-06-12T02:01:24Z" user="FrozenFlame22" uid="719784" lat="38.8539106" lon="-104.7031215"/>
 <node id="2341459004" visible="true" version="1" changeset="16518241" timestamp="2013-06-12T02:01:24Z" user="FrozenFlame22" uid="719784" lat="38.8485803" lon="-104.7018249"/>
 <node id="2341459005" visible="true" version="1" changeset="16518241" timestamp="2013-06-12T02:01:24Z" user="FrozenFlame22" uid="719784" lat="38.8467963" lon="-104.7101934"/>
 <node id="2341459008" visible="true" version="1" changeset="16518241" timestamp="2013-06-12T02:01:24Z" user="FrozenFlame22" uid="719784" lat="38.8526803" lon="-104.7053021"/>
 <node id="2341459011" visible="true" version="1" changeset="16518241" timestamp="2013-06-12T02:01:24Z" user="FrozenFlame22" uid="719784" lat="38.8466794" lon="-104.7015781"/>
 <node id="2341459014" visible="true" version="1" changeset="16518241" timestamp="2013-06-12T02:01:24Z" user="FrozenFlame22" uid="719784" lat="38.8468273" lon="-104.7101489"/>
 <node id="2341459016" visible="true" version="1" changeset="16518241" timestamp="2013-06-12T02:01:24Z" user="FrozenFlame22" uid="719784" lat="38.8511053" lon="-104.7052726"/>
 <node id="2341459024" visible="true" version="1" changeset="16518241" timestamp="2013-06-12T02:01:24Z" user="FrozenFlame22" uid="719784" lat="38.8478315" lon="-104.7082756"/>
 <node id="2341459031" visible="true" version="1" changeset="16518241" timestamp="2013-06-12T02:01:24Z" user="FrozenFlame22" uid="719784" lat="38.8492132" lon="-104.7023131"/>
 <node id="2341459035" visible="true" version="1" changeset="16518241" timestamp="2013-06-12T02:01:24Z" user="FrozenFlame22" uid="719784" lat="38.8484475" lon="-104.7027468"/>
 <node id="2341459040" visible="true" version="1" changeset="16518241" timestamp="2013-06-12T02:01:24Z" user="FrozenFlame22" uid="719784" lat="38.8498485" lon="-104.7070131"/>
 <node id="2341459044" visible="true" version="1" changeset="16518241" timestamp="2013-06-12T02:01:24Z" user="FrozenFlame22" uid="719784" lat="38.8514675" lon="-104.7067519"/>
 <node id="2341459046" visible="true" version="1" changeset="16518241" timestamp="2013-06-12T02:01:24Z" user="FrozenFlame22" uid="719784" lat="38.8504047" lon="-104.7068640"/>
 <node id="2341459048" visible="true" version="1" changeset="16518241" timestamp="2013-06-12T02:01:24Z" user="FrozenFlame22" uid="719784" lat="38.8534637" lon="-104.7051581"/>
 <node id="2341459052" visible="true" version="1" changeset="16518241" timestamp="2013-06-12T02:01:24Z" user="FrozenFlame22" uid="719784" lat="38.8482227" lon="-104.7030491"/>
 <node id="2341459061" visible="true" version="1" changeset="16518241" timestamp="2013-06-12T02:01:25Z" user="FrozenFlame22" uid="719784" lat="38.8502075" lon="-104.6990247"/>
 <node id="2341459063" visible="true" version="1" changeset="16518241" timestamp="2013-06-12T02:01:25Z" user="FrozenFlame22" uid="719784" lat="38.8500195" lon="-104.6991481"/>
 <node id="2341459064" visible="true" version="1" changeset="16518241" timestamp="2013-06-12T02:01:25Z" user="FrozenFlame22" uid="719784" lat="38.8471594" lon="-104.7050098"/>
 <node id="2341459074" visible="true" version="1" changeset="16518241" timestamp="2013-06-12T02:01:25Z" user="FrozenFlame22" uid="719784" lat="38.8461934" lon="-104.7046875"/>
 <node id="2341459081" visible="true" version="1" changeset="16518241" timestamp="2013-06-12T02:01:25Z" user="FrozenFlame22" uid="719784" lat="38.8461567" lon="-104.7040764"/>
 <node id="2341459084" visible="true" version="1" changeset="16518241" timestamp="2013-06-12T02:01:25Z" user="FrozenFlame22" uid="719784" lat="38.8534569" lon="-104.7052911"/>
 <node id="2341459088" visible="true" version="1" changeset="16518241" timestamp="2013-06-12T02:01:25Z" user="FrozenFlame22" uid="719784" lat="38.8467479" lon="-104.7102293"/>
 <node id="2341459094" visible="true" version="1" changeset="16518241" timestamp="2013-06-12T02:01:25Z" user="FrozenFlame22" uid="719784" lat="38.8488038" lon="-104.7020797"/>
 <node id="2341459096" visible="true" version="1" changeset="16518241" timestamp="2013-06-12T02:01:25Z" user="FrozenFlame22" uid="719784" lat="38.8519120" lon="-104.7057383"/>
 <node id="2341459108" visible="true" version="1" changeset="16518241" timestamp="2013-06-12T02:01:25Z" user="FrozenFlame22" uid="719784" lat="38.8518511" lon="-104.7045270"/>
 <node id="2341459110" visible="true" version="1" changeset="16518241" timestamp="2013-06-12T02:01:25Z" user="FrozenFlame22" uid="719784" lat="38.8509687" lon="-104.7013770"/>
 <node id="2341459112" visible="true" version="1" changeset="16518241" timestamp="2013-06-12T02:01:25Z" user="FrozenFlame22" uid="719784" lat="38.8462059" lon="-104.7048549"/>
 <node id="2341459119" visible="true" version="1" changeset="16518241" timestamp="2013-06-12T02:01:25Z" user="FrozenFlame22" uid="719784" lat="38.8518490" lon="-104.7012895"/>
 <node id="2341459120" visible="true" version="1" changeset="16518241" timestamp="2013-06-12T02:01:25Z" user="FrozenFlame22" uid="719784" lat="38.8504870" lon="-104.7050312"/>
 <node id="2341459123" visible="true" version="1" changeset="16518241" timestamp="2013-06-12T02:01:25Z" user="FrozenFlame22" uid="719784" lat="38.8462323" lon="-104.7010256"/>
 <node id="2341459140" visible="true" version="1" changeset="16518241" timestamp="2013-06-12T02:01:26Z" user="FrozenFlame22" uid="719784" lat="38.8479048" lon="-104.7039218"/>
 <node id="2341459147" visible="true" version="1" changeset="16518241" timestamp="2013-06-12T02:01:26Z" user="FrozenFlame22" uid="719784" lat="38.8530609" lon="-104.7090883"/>
 <node id="2341459148" visible="true" version="1" changeset="16518241" timestamp="2013-06-12T02:01:26Z" user="FrozenFlame22" uid="719784" lat="38.8466928" lon="-104.7018957"/>
 <node id="2341459150" visible="true" version="1" changeset="16518241" timestamp="2013-06-12T02:01:26Z" user="FrozenFlame22" uid="719784" lat="38.8472204" lon="-104.7044106"/>
 <node id="2341459158" visible="true" version="1" changeset="16518241" timestamp="2013-06-12T02:01:26Z" user="FrozenFlame22" uid="719784" lat="38.8467959" lon="-104.7091833"/>
 <node id="2341459169" visible="true" version="1" changeset="16518241" timestamp="2013-06-12T02:01:26Z" user="FrozenFlame22" uid="719784" lat="38.8533362" lon="-104.7091216"/>
 <node id="2341459171" visible="true" version="1" changeset="16518241" timestamp="2013-06-12T02:01:26Z" user="FrozenFlame22" uid="719784" lat="38.8485139" lon="-104.7026922"/>
 <node id="2341459173" visible="true" version="1" changeset="16518241" timestamp="2013-06-12T02:01:26Z" user="FrozenFlame22" uid="719784" lat="38.8462636" lon="-104.7046976"/>
 <node id="2341459181" visible="true" version="1" changeset="16518241" timestamp="2013-06-12T02:01:26Z" user="FrozenFlame22" uid="719784" lat="38.8508050" lon="-104.6984507"/>
 <node id="2341459188" visible="true" version="1" changeset="16518241" timestamp="2013-06-12T02:01:26Z" user="FrozenFlame22" uid="719784" lat="38.8483355" lon="-104.7028157"/>
 <node id="2341459200" visible="true" version="1" changeset="16518241" timestamp="2013-06-12T02:01:26Z" user="FrozenFlame22" uid="719784" lat="38.8499711" lon="-104.7018716"/>
 <node id="2341459203" visible="true" version="1" changeset="16518241" timestamp="2013-06-12T02:01:26Z" user="FrozenFlame22" uid="719784" lat="38.8498420" lon="-104.7015245"/>
 <node id="2341459205" visible="true" version="1" changeset="16518241" timestamp="2013-06-12T02:01:26Z" user="FrozenFlame22" uid="719784" lat="38.8517222" lon="-104.7064229"/>
 <node id="2341459208" visible="true" version="1" changeset="16518241" timestamp="2013-06-12T02:01:26Z" user="FrozenFlame22" uid="719784" lat="38.8518807" lon="-104.6980671"/>
 <node id="2341459210" visible="true" version="1" changeset="16518241" timestamp="2013-06-12T02:01:26Z" user="FrozenFlame22" uid="719784" lat="38.8539298" lon="-104.6980591"/>
 <node id="2341459219" visible="true" version="1" changeset="16518241" timestamp="2013-06-12T02:01:26Z" user="FrozenFlame22" uid="719784" lat="38.8473265" lon="-104.7055623"/>
 <node id="2341459227" visible="true" version="1" changeset="16518241" timestamp="2013-06-12T02:01:26Z" user="FrozenFlame22" uid="719784" lat="38.8468590" lon="-104.7100486"/>
 <node id="2341459230" visible="true" version="1" changeset="16518241" timestamp="2013-06-12T02:01:26Z" user="FrozenFlame22" uid="719784" lat="38.8492646" lon="-104.7023505"/>
 <node id="2341459241" visible="true" version="1" changeset="16518241" timestamp="2013-06-12T02:01:27Z" user="FrozenFlame22" uid="719784" lat="38.8539465" lon="-104.6980698"/>
 <node id="2341459243" visible="true" version="1" changeset="16518241" timestamp="2013-06-12T02:01:27Z" user="FrozenFlame22" uid="719784" lat="38.8539357" lon="-104.7027701"/>
 <node id="2341459250" visible="true" version="1" changeset="16518241" timestamp="2013-06-12T02:01:27Z" user="FrozenFlame22" uid="719784" lat="38.8462340" lon="-104.7014290"/>
 <node id="2341459253" visible="true" version="1" changeset="16518241" timestamp="2013-06-12T02:01:27Z" user="FrozenFlame22" uid="719784" lat="38.8531795" lon="-104.7091189"/>
 <node id="2341459256" visible="true" version="1" changeset="16518241" timestamp="2013-06-12T02:01:27Z" user="FrozenFlame22" uid="719784" lat="38.8466668" lon="-104.7016559"/>
 <node id="2341459263" visible="true" version="1" changeset="16518241" timestamp="2013-06-12T02:01:27Z" user="FrozenFlame22" uid="719784" lat="38.8539607" lon="-104.6980897"/>
 <node id="2341459269" visible="true" version="1" changeset="16518241" timestamp="2013-06-12T02:01:27Z" user="FrozenFlame22" uid="719784" lat="38.8508340" lon="-104.7014263"/>
 <node id="2341459272" visible="true" version="1" changeset="16518241" timestamp="2013-06-12T02:01:27Z" user="FrozenFlame22" uid="719784" lat="38.8515168" lon="-104.7052378"/>
 <node id="2341459280" visible="true" version="1" changeset="16518241" timestamp="2013-06-12T02:01:27Z" user="FrozenFlame22" uid="719784" lat="38.8511726" lon="-104.6981717"/>
 <node id="2341459282" visible="true" version="1" changeset="16518241" timestamp="2013-06-12T02:01:27Z" user="FrozenFlame22" uid="719784" lat="38.8534323" lon="-104.7091296"/>
 <node id="2341459286" visible="true" version="1" changeset="16518241" timestamp="2013-06-12T02:01:27Z" user="FrozenFlame22" uid="719784" lat="38.8465477" lon="-104.7023533"/>
 <node id="2341459292" visible="true" version="1" changeset="16518241" timestamp="2013-06-12T02:01:27Z" user="FrozenFlame22" uid="719784" lat="38.8485694" lon="-104.7016624"/>
 <node id="2341459293" visible="true" version="1" changeset="16518241" timestamp="2013-06-12T02:01:27Z" user="FrozenFlame22" uid="719784" lat="38.8530981" lon="-104.7052619"/>
 <node id="2341459298" visible="true" version="1" changeset="16518241" timestamp="2013-06-12T02:01:27Z" user="FrozenFlame22" uid="719784" lat="38.8467583" lon="-104.7091752"/>
 <node id="2341459302" visible="true" version="1" changeset="16518241" timestamp="2013-06-12T02:01:27Z" user="FrozenFlame22" uid="719784" lat="38.8511610" lon="-104.7069069"/>
 <node id="2341459307" visible="true" version="1" changeset="16518241" timestamp="2013-06-12T02:01:27Z" user="FrozenFlame22" uid="719784" lat="38.8509466" lon="-104.7013083"/>
 <node id="2341459309" visible="true" version="1" changeset="16518241" timestamp="2013-06-12T02:01:27Z" user="FrozenFlame22" uid="719784" lat="38.8512871" lon="-104.6981299"/>
 <node id="2341459314" visible="true" version="1" changeset="16518241" timestamp="2013-06-12T02:01:27Z" user="FrozenFlame22" uid="719784" lat="38.8507565" lon="-104.7013915"/>
 <node id="2341459326" visible="true" version="1" changeset="16518241" timestamp="2013-06-12T02:01:27Z" user="FrozenFlame22" uid="719784" lat="38.8503247" lon="-104.7068693"/>
 <node id="2341459339" visible="true" version="1" changeset="16518241" timestamp="2013-06-12T02:01:27Z" user="FrozenFlame22" uid="719784" lat="38.8534845" lon="-104.7049561"/>
 <node id="2341459341" visible="true" version="1" changeset="16518241" timestamp="2013-06-12T02:01:27Z" user="FrozenFlame22" uid="719784" lat="38.8461550" lon="-104.7018812"/>
 <node id="2341459352" visible="true" version="1" changeset="16518241" timestamp="2013-06-12T02:01:27Z" user="FrozenFlame22" uid="719784" lat="38.8515419" lon="-104.6980763"/>
 <node id="2341459358" visible="true" version="1" changeset="16518241" timestamp="2013-06-12T02:01:27Z" user="FrozenFlame22" uid="719784" lat="38.8486384" lon="-104.7025502"/>
 <node id="2341459368" visible="true" version="1" changeset="16518241" timestamp="2013-06-12T02:01:28Z" user="FrozenFlame22" uid="719784" lat="38.8485130" lon="-104.7026092"/>
 <node id="2341459388" visible="true" version="1" changeset="16518241" timestamp="2013-06-12T02:01:28Z" user="FrozenFlame22" uid="719784" lat="38.8507210" lon="-104.7051439"/>
 <node id="2341459417" visible="true" version="1" changeset="16518241" timestamp="2013-06-12T02:01:28Z" user="FrozenFlame22" uid="719784" lat="38.8505941" lon="-104.7068640"/>
 <node id="2341459422" visible="true" version="1" changeset="16518241" timestamp="2013-06-12T02:01:28Z" user="FrozenFlame22" uid="719784" lat="38.8460923" lon="-104.7038473"/>
 <node id="2341459425" visible="true" version="1" changeset="16518241" timestamp="2013-06-12T02:01:28Z" user="FrozenFlame22" uid="719784" lat="38.8513106" lon="-104.7068581"/>
 <node id="2341459435" visible="true" version="1" changeset="16518241" timestamp="2013-06-12T02:01:28Z" user="FrozenFlame22" uid="719784" lat="38.8462929" lon="-104.7106521"/>
 <node id="2341459440" visible="true" version="1" changeset="16518241" timestamp="2013-06-12T02:01:28Z" user="FrozenFlame22" uid="719784" lat="38.8512440" lon="-104.7068852"/>
 <node id="2341459468" visible="true" version="1" changeset="16518241" timestamp="2013-06-12T02:01:28Z" user="FrozenFlame22" uid="719784" lat="38.8483167" lon="-104.7106451"/>
 <node id="2341459471" visible="true" version="1" changeset="16518241" timestamp="2013-06-12T02:01:28Z" user="FrozenFlame22" uid="719784" lat="38.8490763" lon="-104.7024520"/>
 <node id="2341459479" visible="true" version="1" changeset="16518241" timestamp="2013-06-12T02:01:28Z" user="FrozenFlame22" uid="719784" lat="38.8471615" lon="-104.7052833"/>
 <node id="2341459484" visible="true" version="1" changeset="16518241" timestamp="2013-06-12T02:01:28Z" user="FrozenFlame22" uid="719784" lat="38.8462866" lon="-104.7102551"/>
 <node id="2341459490" visible="true" version="1" changeset="16518241" timestamp="2013-06-12T02:01:29Z" user="FrozenFlame22" uid="719784" lat="38.8464888" lon="-104.7038323"/>
 <node id="2341459493" visible="true" version="1" changeset="16518241" timestamp="2013-06-12T02:01:29Z" user="FrozenFlame22" uid="719784" lat="38.8516969" lon="-104.6980698"/>
 <node id="2341459513" visible="true" version="1" changeset="16518241" timestamp="2013-06-12T02:01:29Z" user="FrozenFlame22" uid="719784" lat="38.8471577" lon="-104.7051857"/>
 <node id="2341459521" visible="true" version="1" changeset="16518241" timestamp="2013-06-12T02:01:29Z" user="FrozenFlame22" uid="719784" lat="38.8535466" lon="-104.7046027"/>
 <node id="2341459524" visible="true" version="1" changeset="16518241" timestamp="2013-06-12T02:01:29Z" user="FrozenFlame22" uid="719784" lat="38.8511617" lon="-104.7012869"/>
 <node id="2341459528" visible="true" version="1" changeset="16518241" timestamp="2013-06-12T02:01:29Z" user="FrozenFlame22" uid="719784" lat="38.8472095" lon="-104.7049910"/>
 <node id="2341459534" visible="true" version="1" changeset="16518241" timestamp="2013-06-12T02:01:29Z" user="FrozenFlame22" uid="719784" lat="38.8509041" lon="-104.7013931"/>
 <node id="2341459552" visible="true" version="1" changeset="16518241" timestamp="2013-06-12T02:01:29Z" user="FrozenFlame22" uid="719784" lat="38.8495450" lon="-104.7045377"/>
 <node id="2341459554" visible="true" version="1" changeset="16518241" timestamp="2013-06-12T02:01:29Z" user="FrozenFlame22" uid="719784" lat="38.8470717" lon="-104.7046316"/>
 <node id="2341459557" visible="true" version="1" changeset="16518241" timestamp="2013-06-12T02:01:29Z" user="FrozenFlame22" uid="719784" lat="38.8462904" lon="-104.7033253"/>
 <node id="2341459562" visible="true" version="1" changeset="16518241" timestamp="2013-06-12T02:01:29Z" user="FrozenFlame22" uid="719784" lat="38.8539236" lon="-104.7029675"/>
 <node id="2341459570" visible="true" version="1" changeset="16518241" timestamp="2013-06-12T02:01:29Z" user="FrozenFlame22" uid="719784" lat="38.8515477" lon="-104.7066581"/>
 <node id="2341459576" visible="true" version="1" changeset="16518241" timestamp="2013-06-12T02:01:29Z" user="FrozenFlame22" uid="719784" lat="38.8462010" lon="-104.7042872"/>
 <node id="2341459582" visible="true" version="1" changeset="16518241" timestamp="2013-06-12T02:01:29Z" user="FrozenFlame22" uid="719784" lat="38.8471991" lon="-104.7055301"/>
 <node id="2341459585" visible="true" version="1" changeset="16518241" timestamp="2013-06-12T02:01:29Z" user="FrozenFlame22" uid="719784" lat="38.8520286" lon="-104.7055864"/>
 <node id="2341459587" visible="true" version="1" changeset="16518241" timestamp="2013-06-12T02:01:29Z" user="FrozenFlame22" uid="719784" lat="38.8523774" lon="-104.7054282"/>
 <node id="2341459590" visible="true" version="1" changeset="16518241" timestamp="2013-06-12T02:01:29Z" user="FrozenFlame22" uid="719784" lat="38.8526126" lon="-104.7059204"/>
 <node id="2341459593" visible="true" version="1" changeset="16518241" timestamp="2013-06-12T02:01:29Z" user="FrozenFlame22" uid="719784" lat="38.8503429" lon="-104.6989104"/>
 <node id="2341459598" visible="true" version="1" changeset="16518241" timestamp="2013-06-12T02:01:29Z" user="FrozenFlame22" uid="719784" lat="38.8535117" lon="-104.7047684"/>
 <node id="2341459601" visible="true" version="1" changeset="16518241" timestamp="2013-06-12T02:01:29Z" user="FrozenFlame22" uid="719784" lat="38.8499391" lon="-104.7069663"/>
 <node id="2341459603" visible="true" version="1" changeset="16518241" timestamp="2013-06-12T02:01:29Z" user="FrozenFlame22" uid="719784" lat="38.8462423" lon="-104.7044948"/>
 <node id="2341459606" visible="true" version="1" changeset="16518241" timestamp="2013-06-12T02:01:29Z" user="FrozenFlame22" uid="719784" lat="38.8529585" lon="-104.7090374"/>
 <node id="2341459610" visible="true" version="1" changeset="16518241" timestamp="2013-06-12T02:01:29Z" user="FrozenFlame22" uid="719784" lat="38.8474361" lon="-104.7048157"/>
 <node id="2341459612" visible="true" version="1" changeset="16518241" timestamp="2013-06-12T02:01:29Z" user="FrozenFlame22" uid="719784" lat="38.8518432" lon="-104.7062912"/>
 <node id="2341459618" visible="true" version="1" changeset="16518241" timestamp="2013-06-12T02:01:29Z" user="FrozenFlame22" uid="719784" lat="38.8464575" lon="-104.7023772"/>
 <node id="2341459634" visible="true" version="1" changeset="16518241" timestamp="2013-06-12T02:01:30Z" user="FrozenFlame22" uid="719784" lat="38.8474581" lon="-104.7046530"/>
 <node id="2341459639" visible="true" version="1" changeset="16518241" timestamp="2013-06-12T02:01:30Z" user="FrozenFlame22" uid="719784" lat="38.8493695" lon="-104.7016275"/>
 <node id="2341459667" visible="true" version="1" changeset="16518241" timestamp="2013-06-12T02:01:30Z" user="FrozenFlame22" uid="719784" lat="38.8489605" lon="-104.7045152"/>
 <node id="2341459670" visible="true" version="1" changeset="16518241" timestamp="2013-06-12T02:01:30Z" user="FrozenFlame22" uid="719784" lat="38.8460131" lon="-104.7038237"/>
 <node id="2341459674" visible="true" version="1" changeset="16518241" timestamp="2013-06-12T02:01:30Z" user="FrozenFlame22" uid="719784" lat="38.8468314" lon="-104.7010267"/>
 <node id="2341459676" visible="true" version="1" changeset="16518241" timestamp="2013-06-12T02:01:30Z" user="FrozenFlame22" uid="719784" lat="38.8468632" lon="-104.7092734"/>
 <node id="2341459691" visible="true" version="1" changeset="16518241" timestamp="2013-06-12T02:01:30Z" user="FrozenFlame22" uid="719784" lat="38.8468506" lon="-104.7101049"/>
 <node id="2341459694" visible="true" version="1" changeset="16518241" timestamp="2013-06-12T02:01:30Z" user="FrozenFlame22" uid="719784" lat="38.8518469" lon="-104.7049052"/>
 <node id="2341459696" visible="true" version="1" changeset="16518241" timestamp="2013-06-12T02:01:30Z" user="FrozenFlame22" uid="719784" lat="38.8471034" lon="-104.7045983"/>
 <node id="2341459699" visible="true" version="1" changeset="16518241" timestamp="2013-06-12T02:01:30Z" user="FrozenFlame22" uid="719784" lat="38.8500325" lon="-104.7069305"/>
 <node id="2341459713" visible="true" version="1" changeset="16518241" timestamp="2013-06-12T02:01:30Z" user="FrozenFlame22" uid="719784" lat="38.8497330" lon="-104.6992993"/>
 <node id="2341459716" visible="true" version="1" changeset="16518241" timestamp="2013-06-12T02:01:30Z" user="FrozenFlame22" uid="719784" lat="38.8504102" lon="-104.6988530"/>
 <node id="2341459728" visible="true" version="1" changeset="16518241" timestamp="2013-06-12T02:01:30Z" user="FrozenFlame22" uid="719784" lat="38.8491334" lon="-104.6994415"/>
 <node id="2341459741" visible="true" version="1" changeset="16518241" timestamp="2013-06-12T02:01:30Z" user="FrozenFlame22" uid="719784" lat="38.8538730" lon="-104.7032878"/>
 <node id="2341459747" visible="true" version="1" changeset="16518241" timestamp="2013-06-12T02:01:30Z" user="FrozenFlame22" uid="719784" lat="38.8484257" lon="-104.7106360"/>
 <node id="2341459752" visible="true" version="1" changeset="16518241" timestamp="2013-06-12T02:01:30Z" user="FrozenFlame22" uid="719784" lat="38.8477133" lon="-104.7083264"/>
 <node id="2341459754" visible="true" version="1" changeset="16518241" timestamp="2013-06-12T02:01:30Z" user="FrozenFlame22" uid="719784" lat="38.8518703" lon="-104.7050677"/>
 <node id="2341459756" visible="true" version="1" changeset="16518241" timestamp="2013-06-12T02:01:31Z" user="FrozenFlame22" uid="719784" lat="38.8460731" lon="-104.7040169"/>
 <node id="2341459758" visible="true" version="1" changeset="16518241" timestamp="2013-06-12T02:01:31Z" user="FrozenFlame22" uid="719784" lat="38.8475417" lon="-104.7045457"/>
 <node id="2341459765" visible="true" version="1" changeset="16518241" timestamp="2013-06-12T02:01:31Z" user="FrozenFlame22" uid="719784" lat="38.8527998" lon="-104.7088925"/>
 <node id="2341459775" visible="true" version="1" changeset="16518241" timestamp="2013-06-12T02:01:31Z" user="FrozenFlame22" uid="719784" lat="38.8462967" lon="-104.7088212"/>
 <node id="2341459796" visible="true" version="1" changeset="16518241" timestamp="2013-06-12T02:01:31Z" user="FrozenFlame22" uid="719784" lat="38.8527673" lon="-104.7058690"/>
 <node id="2341459798" visible="true" version="1" changeset="16518241" timestamp="2013-06-12T02:01:31Z" user="FrozenFlame22" uid="719784" lat="38.8462762" lon="-104.7050087"/>
 <node id="2341459803" visible="true" version="1" changeset="16518241" timestamp="2013-06-12T02:01:31Z" user="FrozenFlame22" uid="719784" lat="38.8462240" lon="-104.7016157"/>
 <node id="2341459807" visible="true" version="1" changeset="16518241" timestamp="2013-06-12T02:01:31Z" user="FrozenFlame22" uid="719784" lat="38.8515048" lon="-104.7067110"/>
 <node id="2341459808" visible="true" version="1" changeset="16518241" timestamp="2013-06-12T02:01:31Z" user="FrozenFlame22" uid="719784" lat="38.8477515" lon="-104.7042618"/>
 <node id="2341459818" visible="true" version="1" changeset="16518241" timestamp="2013-06-12T02:01:31Z" user="FrozenFlame22" uid="719784" lat="38.8495482" lon="-104.7021836"/>
 <node id="2341459823" visible="true" version="1" changeset="16518241" timestamp="2013-06-12T02:01:31Z" user="FrozenFlame22" uid="719784" lat="38.8465917" lon="-104.7021689"/>
 <node id="2341459828" visible="true" version="1" changeset="16518241" timestamp="2013-06-12T02:01:31Z" user="FrozenFlame22" uid="719784" lat="38.8461155" lon="-104.7041887"/>
 <node id="2341459830" visible="true" version="1" changeset="16518241" timestamp="2013-06-12T02:01:31Z" user="FrozenFlame22" uid="719784" lat="38.8498671" lon="-104.6992366"/>
 <node id="2341459843" visible="true" version="1" changeset="16518241" timestamp="2013-06-12T02:01:32Z" user="FrozenFlame22" uid="719784" lat="38.8464554" lon="-104.7025019"/>
 <node id="2341459845" visible="true" version="1" changeset="16518241" timestamp="2013-06-12T02:01:32Z" user="FrozenFlame22" uid="719784" lat="38.8467550" lon="-104.7014798"/>
 <node id="2341459850" visible="true" version="1" changeset="16518241" timestamp="2013-06-12T02:01:32Z" user="FrozenFlame22" uid="719784" lat="38.8473746" lon="-104.7047871"/>
 <node id="2341459853" visible="true" version="1" changeset="16518241" timestamp="2013-06-12T02:01:32Z" user="FrozenFlame22" uid="719784" lat="38.8460919" lon="-104.7028345"/>
 <node id="2341459892" visible="true" version="1" changeset="16518241" timestamp="2013-06-12T02:01:32Z" user="FrozenFlame22" uid="719784" lat="38.8468377" lon="-104.7092155"/>
 <node id="2341459893" visible="true" version="1" changeset="16518241" timestamp="2013-06-12T02:01:32Z" user="FrozenFlame22" uid="719784" lat="38.8514103" lon="-104.6980977"/>
 <node id="2341459898" visible="true" version="1" changeset="16518241" timestamp="2013-06-12T02:01:32Z" user="FrozenFlame22" uid="719784" lat="38.8462904" lon="-104.7082660"/>
 <node id="2341459901" visible="true" version="1" changeset="16518241" timestamp="2013-06-12T02:01:32Z" user="FrozenFlame22" uid="719784" lat="38.8483955" lon="-104.7028144"/>
 <node id="2341459902" visible="true" version="1" changeset="16518241" timestamp="2013-06-12T02:01:32Z" user="FrozenFlame22" uid="719784" lat="38.8465311" lon="-104.7022763"/>
 <node id="2341459903" visible="true" version="1" changeset="16518241" timestamp="2013-06-12T02:01:32Z" user="FrozenFlame22" uid="719784" lat="38.8476425" lon="-104.7083421"/>
 <node id="2341459905" visible="true" version="1" changeset="16518241" timestamp="2013-06-12T02:01:32Z" user="FrozenFlame22" uid="719784" lat="38.8534030" lon="-104.7106478"/>
 <node id="2341459909" visible="true" version="1" changeset="16518241" timestamp="2013-06-12T02:01:32Z" user="FrozenFlame22" uid="719784" lat="38.8468089" lon="-104.7016559"/>
 <node id="2341459911" visible="true" version="1" changeset="16518241" timestamp="2013-06-12T02:01:32Z" user="FrozenFlame22" uid="719784" lat="38.8492650" lon="-104.7016275"/>
 <node id="2341459920" visible="true" version="1" changeset="16518241" timestamp="2013-06-12T02:01:32Z" user="FrozenFlame22" uid="719784" lat="38.8466982" lon="-104.7102444"/>
 <node id="2341459922" visible="true" version="1" changeset="16518241" timestamp="2013-06-12T02:01:32Z" user="FrozenFlame22" uid="719784" lat="38.8475264" lon="-104.7046870"/>
 <node id="2341459925" visible="true" version="1" changeset="16518241" timestamp="2013-06-12T02:01:32Z" user="FrozenFlame22" uid="719784" lat="38.8471698" lon="-104.7053987"/>
 <node id="2341459926" visible="true" version="1" changeset="16518241" timestamp="2013-06-12T02:01:32Z" user="FrozenFlame22" uid="719784" lat="38.8468105" lon="-104.7015792"/>
 <node id="2341459933" visible="true" version="1" changeset="16518241" timestamp="2013-06-12T02:01:32Z" user="FrozenFlame22" uid="719784" lat="38.8524343" lon="-104.7077606"/>
 <node id="2341459936" visible="true" version="1" changeset="16518241" timestamp="2013-06-12T02:01:33Z" user="FrozenFlame22" uid="719784" lat="38.8493803" lon="-104.6994029"/>
 <node id="2341459939" visible="true" version="1" changeset="16518241" timestamp="2013-06-12T02:01:33Z" user="FrozenFlame22" uid="719784" lat="38.8528746" lon="-104.7089714"/>
 <node id="2341459941" visible="true" version="1" changeset="16518241" timestamp="2013-06-12T02:01:33Z" user="FrozenFlame22" uid="719784" lat="38.8526636" lon="-104.7085959"/>
 <node id="2341459946" visible="true" version="1" changeset="16518241" timestamp="2013-06-12T02:01:33Z" user="FrozenFlame22" uid="719784" lat="38.8468360" lon="-104.6994512"/>
 <node id="2341459949" visible="true" version="1" changeset="16518241" timestamp="2013-06-12T02:01:33Z" user="FrozenFlame22" uid="719784" lat="38.8505309" lon="-104.7015283"/>
 <node id="2341459955" visible="true" version="1" changeset="16518241" timestamp="2013-06-12T02:01:33Z" user="FrozenFlame22" uid="719784" lat="38.8463284" lon="-104.7026457"/>
 <node id="2341459965" visible="true" version="1" changeset="16518241" timestamp="2013-06-12T02:01:33Z" user="FrozenFlame22" uid="719784" lat="38.8527116" lon="-104.7087461"/>
 <node id="2341459967" visible="true" version="1" changeset="16518241" timestamp="2013-06-12T02:01:33Z" user="FrozenFlame22" uid="719784" lat="38.8492049" lon="-104.7023935"/>
 <node id="2341459969" visible="true" version="1" changeset="16518241" timestamp="2013-06-12T02:01:33Z" user="FrozenFlame22" uid="719784" lat="38.8462046" lon="-104.7026344"/>
 <node id="2341459982" visible="true" version="1" changeset="16518241" timestamp="2013-06-12T02:01:33Z" user="FrozenFlame22" uid="719784" lat="38.8468210" lon="-104.7014102"/>
 <node id="2341459984" visible="true" version="1" changeset="16518241" timestamp="2013-06-12T02:01:33Z" user="FrozenFlame22" uid="719784" lat="38.8461515" lon="-104.7043638"/>
 <node id="2341459985" visible="true" version="2" changeset="184369921" timestamp="2026-06-20T22:13:56Z" user="HopsAndSpokes" uid="5593540" lat="38.8462162" lon="-104.7084554">
  <tag k="crossing" v="traffic_signals"/>
  <tag k="highway" v="crossing"/>
 </node>
 <node id="2341459999" visible="true" version="1" changeset="16518241" timestamp="2013-06-12T02:01:33Z" user="FrozenFlame22" uid="719784" lat="38.8509679" lon="-104.6982978"/>
 <node id="2341460001" visible="true" version="1" changeset="16518241" timestamp="2013-06-12T02:01:33Z" user="FrozenFlame22" uid="719784" lat="38.8486889" lon="-104.7016564"/>
 <node id="2341460003" visible="true" version="1" changeset="16518241" timestamp="2013-06-12T02:01:33Z" user="FrozenFlame22" uid="719784" lat="38.8517809" lon="-104.7063464"/>
 <node id="2341460005" visible="true" version="1" changeset="16518241" timestamp="2013-06-12T02:01:33Z" user="FrozenFlame22" uid="719784" lat="38.8493991" lon="-104.7017337"/>
 <node id="2341460010" visible="true" version="1" changeset="16518241" timestamp="2013-06-12T02:01:34Z" user="FrozenFlame22" uid="719784" lat="38.8511074" lon="-104.6982130"/>
 <node id="2341460019" visible="true" version="1" changeset="16518241" timestamp="2013-06-12T02:01:34Z" user="FrozenFlame22" uid="719784" lat="38.8484128" lon="-104.7027057"/>
 <node id="2341460021" visible="true" version="1" changeset="16518241" timestamp="2013-06-12T02:01:34Z" user="FrozenFlame22" uid="719784" lat="38.8491318" lon="-104.7019107"/>
 <node id="2341460025" visible="true" version="1" changeset="16518241" timestamp="2013-06-12T02:01:34Z" user="FrozenFlame22" uid="719784" lat="38.8466810" lon="-104.7013807"/>
 <node id="2341460029" visible="true" version="1" changeset="16518241" timestamp="2013-06-12T02:01:34Z" user="FrozenFlame22" uid="719784" lat="38.8462323" lon="-104.6994458"/>
 <node id="2341460030" visible="true" version="1" changeset="16518241" timestamp="2013-06-12T02:01:34Z" user="FrozenFlame22" uid="719784" lat="38.8465703" lon="-104.7088158"/>
 <node id="2341460035" visible="true" version="1" changeset="16518241" timestamp="2013-06-12T02:01:34Z" user="FrozenFlame22" uid="719784" lat="38.8466835" lon="-104.7010264"/>
 <node id="2341460044" visible="true" version="1" changeset="16518241" timestamp="2013-06-12T02:01:34Z" user="FrozenFlame22" uid="719784" lat="38.8528822" lon="-104.7058414"/>
 <node id="2341460045" visible="true" version="1" changeset="16518241" timestamp="2013-06-12T02:01:34Z" user="FrozenFlame22" uid="719784" lat="38.8505016" lon="-104.7068650"/>
 <node id="2341460048" visible="true" version="1" changeset="16518241" timestamp="2013-06-12T02:01:34Z" user="FrozenFlame22" uid="719784" lat="38.8471469" lon="-104.7106344"/>
 <node id="2341460050" visible="true" version="1" changeset="16518241" timestamp="2013-06-12T02:01:34Z" user="FrozenFlame22" uid="719784" lat="38.8528537" lon="-104.7052646"/>
 <node id="2341460051" visible="true" version="1" changeset="16518241" timestamp="2013-06-12T02:01:34Z" user="FrozenFlame22" uid="719784" lat="38.8472183" lon="-104.7055988"/>
 <node id="2341460059" visible="true" version="1" changeset="16518241" timestamp="2013-06-12T02:01:34Z" user="FrozenFlame22" uid="719784" lat="38.8490958" lon="-104.7023812"/>
 <node id="2341460063" visible="true" version="1" changeset="16518241" timestamp="2013-06-12T02:01:34Z" user="FrozenFlame22" uid="719784" lat="38.8495788" lon="-104.6993519"/>
 <node id="2341460065" visible="true" version="1" changeset="16518241" timestamp="2013-06-12T02:01:34Z" user="FrozenFlame22" uid="719784" lat="38.8465766" lon="-104.7042105"/>
 <node id="2341460079" visible="true" version="1" changeset="16518241" timestamp="2013-06-12T02:01:34Z" user="FrozenFlame22" uid="719784" lat="38.8489183" lon="-104.6994469"/>
 <node id="2341460083" visible="true" version="2" changeset="184369921" timestamp="2026-06-20T22:13:56Z" user="HopsAndSpokes" uid="5593540" lat="38.8462170" lon="-104.7082667">
  <tag k="crossing" v="traffic_signals"/>
  <tag k="highway" v="crossing"/>
 </node>
 <node id="2341460090" visible="true" version="1" changeset="16518241" timestamp="2013-06-12T02:01:34Z" user="FrozenFlame22" uid="719784" lat="38.8467207" lon="-104.7091833"/>
 <node id="2380830580" visible="true" version="1" changeset="16907935" timestamp="2013-07-11T06:19:19Z" user="Your Village Maps" uid="227972" lat="38.8462118" lon="-104.7188428"/>
 <node id="2380830638" visible="true" version="1" changeset="16907935" timestamp="2013-07-11T06:19:21Z" user="Your Village Maps" uid="227972" lat="38.8462214" lon="-104.7197203"/>
 <node id="2389138130" visible="true" version="1" changeset="17007887" timestamp="2013-07-19T06:32:47Z" user="FrozenFlame22" uid="719784" lat="38.8420214" lon="-104.7056552"/>
 <node id="2389138142" visible="true" version="1" changeset="17007887" timestamp="2013-07-19T06:32:47Z" user="FrozenFlame22" uid="719784" lat="38.8408667" lon="-104.7087761"/>
 <node id="2389138160" visible="true" version="1" changeset="17007887" timestamp="2013-07-19T06:32:48Z" user="FrozenFlame22" uid="719784" lat="38.8434049" lon="-104.7048409"/>
 <node id="2389138163" visible="true" version="1" changeset="17007887" timestamp="2013-07-19T06:32:48Z" user="FrozenFlame22" uid="719784" lat="38.8439085" lon="-104.7058697"/>
 <node id="2389138167" visible="true" version="1" changeset="17007887" timestamp="2013-07-19T06:32:48Z" user="FrozenFlame22" uid="719784" lat="38.8434534" lon="-104.7065251"/>
 <node id="2389138188" visible="true" version="2" changeset="112594022" timestamp="2021-10-16T21:39:08Z" user="Shipwreck34" uid="10643883" lat="38.8425610" lon="-104.7046640"/>
 <node id="2389138200" visible="true" version="1" changeset="17007887" timestamp="2013-07-19T06:32:49Z" user="FrozenFlame22" uid="719784" lat="38.8442577" lon="-104.7070508"/>
 <node id="2389138220" visible="true" version="1" changeset="17007887" timestamp="2013-07-19T06:32:49Z" user="FrozenFlame22" uid="719784" lat="38.8396762" lon="-104.7070672"/>
 <node id="2389138230" visible="true" version="1" changeset="17007887" timestamp="2013-07-19T06:32:49Z" user="FrozenFlame22" uid="719784" lat="38.8455609" lon="-104.7029614"/>
 <node id="2389138232" visible="true" version="1" changeset="17007887" timestamp="2013-07-19T06:32:49Z" user="FrozenFlame22" uid="719784" lat="38.8408447" lon="-104.7059197"/>
 <node id="2389138235" visible="true" version="1" changeset="17007887" timestamp="2013-07-19T06:32:49Z" user="FrozenFlame22" uid="719784" lat="38.8433866" lon="-104.7069864"/>
 <node id="2389138236" visible="true" version="1" changeset="17007887" timestamp="2013-07-19T06:32:49Z" user="FrozenFlame22" uid="719784" lat="38.8427452" lon="-104.7069623"/>
 <node id="2389138237" visible="true" version="2" changeset="112594022" timestamp="2021-10-16T21:39:08Z" user="Shipwreck34" uid="10643883" lat="38.8425491" lon="-104.7045612"/>
 <node id="2389138264" visible="true" version="1" changeset="17007887" timestamp="2013-07-19T06:32:50Z" user="FrozenFlame22" uid="719784" lat="38.8410450" lon="-104.7086449"/>
 <node id="2389138266" visible="true" version="1" changeset="17007887" timestamp="2013-07-19T06:32:50Z" user="FrozenFlame22" uid="719784" lat="38.8421552" lon="-104.7016018"/>
 <node id="2389138271" visible="true" version="1" changeset="17007887" timestamp="2013-07-19T06:32:50Z" user="FrozenFlame22" uid="719784" lat="38.8440109" lon="-104.7058992"/>
 <node id="2389138314" visible="true" version="1" changeset="17007887" timestamp="2013-07-19T06:32:51Z" user="FrozenFlame22" uid="719784" lat="38.8421612" lon="-104.7054620"/>
 <node id="2389138316" visible="true" version="1" changeset="17007887" timestamp="2013-07-19T06:32:51Z" user="FrozenFlame22" uid="719784" lat="38.8427324" lon="-104.7062525"/>
 <node id="2389138350" visible="true" version="2" changeset="112594022" timestamp="2021-10-16T21:39:08Z" user="Shipwreck34" uid="10643883" lat="38.8428546" lon="-104.7047139"/>
 <node id="2389138468" visible="true" version="1" changeset="17007887" timestamp="2013-07-19T06:32:54Z" user="FrozenFlame22" uid="719784" lat="38.8432896" lon="-104.7061285"/>
 <node id="2389138485" visible="true" version="1" changeset="17007887" timestamp="2013-07-19T06:32:54Z" user="FrozenFlame22" uid="719784" lat="38.8417236" lon="-104.7020949"/>
 <node id="2389138488" visible="true" version="1" changeset="17007887" timestamp="2013-07-19T06:32:54Z" user="FrozenFlame22" uid="719784" lat="38.8418267" lon="-104.7051035"/>
 <node id="2389138497" visible="true" version="1" changeset="17007887" timestamp="2013-07-19T06:32:54Z" user="FrozenFlame22" uid="719784" lat="38.8455499" lon="-104.7029292"/>
 <node id="2389138499" visible="true" version="1" changeset="17007887" timestamp="2013-07-19T06:32:54Z" user="FrozenFlame22" uid="719784" lat="38.8456490" lon="-104.7031535"/>
 <node id="2389138512" visible="true" version="2" changeset="112594022" timestamp="2021-10-16T21:39:08Z" user="Shipwreck34" uid="10643883" lat="38.8426285" lon="-104.7044640"/>
 <node id="2389138522" visible="true" version="1" changeset="17007887" timestamp="2013-07-19T06:32:55Z" user="FrozenFlame22" uid="719784" lat="38.8411224" lon="-104.7076202"/>
 <node id="2389138578" visible="true" version="1" changeset="17007887" timestamp="2013-07-19T06:32:56Z" user="FrozenFlame22" uid="719784" lat="38.8425168" lon="-104.7062315"/>
 <node id="2389138582" visible="true" version="1" changeset="17007887" timestamp="2013-07-19T06:32:56Z" user="FrozenFlame22" uid="719784" lat="38.8438525" lon="-104.7043418"/>
 <node id="2389138627" visible="true" version="1" changeset="17007887" timestamp="2013-07-19T06:32:56Z" user="FrozenFlame22" uid="719784" lat="38.8443869" lon="-104.7071062"/>
 <node id="2389138633" visible="true" version="1" changeset="17007887" timestamp="2013-07-19T06:32:56Z" user="FrozenFlame22" uid="719784" lat="38.8451711" lon="-104.7074680"/>
 <node id="2389138637" visible="true" version="1" changeset="17007887" timestamp="2013-07-19T06:32:56Z" user="FrozenFlame22" uid="719784" lat="38.8448427" lon="-104.7076462"/>
 <node id="2389138643" visible="true" version="1" changeset="17007887" timestamp="2013-07-19T06:32:57Z" user="FrozenFlame22" uid="719784" lat="38.8424859" lon="-104.7052796"/>
 <node id="2389138667" visible="true" version="1" changeset="17007887" timestamp="2013-07-19T06:32:57Z" user="FrozenFlame22" uid="719784" lat="38.8450268" lon="-104.7019334"/>
 <node id="2389138673" visible="true" version="1" changeset="17007887" timestamp="2013-07-19T06:32:57Z" user="FrozenFlame22" uid="719784" lat="38.8431087" lon="-104.7056507"/>
 <node id="2389138716" visible="true" version="1" changeset="17007887" timestamp="2013-07-19T06:32:58Z" user="FrozenFlame22" uid="719784" lat="38.8407556" lon="-104.7027004"/>
 <node id="2389138798" visible="true" version="1" changeset="17007887" timestamp="2013-07-19T06:32:59Z" user="FrozenFlame22" uid="719784" lat="38.8438504" lon="-104.7062730"/>
 <node id="2389138803" visible="true" version="1" changeset="17007887" timestamp="2013-07-19T06:33:00Z" user="FrozenFlame22" uid="719784" lat="38.8419764" lon="-104.7071205"/>
 <node id="2389138806" visible="true" version="1" changeset="17007887" timestamp="2013-07-19T06:33:00Z" user="FrozenFlame22" uid="719784" lat="38.8427181" lon="-104.7062059"/>
 <node id="2389138810" visible="true" version="1" changeset="17007887" timestamp="2013-07-19T06:33:00Z" user="FrozenFlame22" uid="719784" lat="38.8441524" lon="-104.7083022"/>
 <node id="2389138813" visible="true" version="1" changeset="17007887" timestamp="2013-07-19T06:33:00Z" user="FrozenFlame22" uid="719784" lat="38.8433769" lon="-104.7015647"/>
 <node id="2389138814" visible="true" version="1" changeset="17007887" timestamp="2013-07-19T06:33:00Z" user="FrozenFlame22" uid="719784" lat="38.8395795" lon="-104.7038093"/>
 <node id="2389138843" visible="true" version="1" changeset="17007887" timestamp="2013-07-19T06:33:00Z" user="FrozenFlame22" uid="719784" lat="38.8455540" lon="-104.7030005"/>
 <node id="2389138849" visible="true" version="1" changeset="17007887" timestamp="2013-07-19T06:33:00Z" user="FrozenFlame22" uid="719784" lat="38.8459101" lon="-104.7037731"/>
 <node id="2389138884" visible="true" version="1" changeset="17007887" timestamp="2013-07-19T06:33:01Z" user="FrozenFlame22" uid="719784" lat="38.8452049" lon="-104.7041918"/>
 <node id="2389138898" visible="true" version="1" changeset="17007887" timestamp="2013-07-19T06:33:01Z" user="FrozenFlame22" uid="719784" lat="38.8453898" lon="-104.7023933"/>
 <node id="2389138916" visible="true" version="1" changeset="17007887" timestamp="2013-07-19T06:33:01Z" user="FrozenFlame22" uid="719784" lat="38.8393907" lon="-104.7055658"/>
 <node id="2389138919" visible="true" version="1" changeset="17007887" timestamp="2013-07-19T06:33:02Z" user="FrozenFlame22" uid="719784" lat="38.8394383" lon="-104.7045451"/>
 <node id="2389138924" visible="true" version="1" changeset="17007887" timestamp="2013-07-19T06:33:02Z" user="FrozenFlame22" uid="719784" lat="38.8432624" lon="-104.7066477"/>
 <node id="2389138933" visible="true" version="1" changeset="17007887" timestamp="2013-07-19T06:33:02Z" user="FrozenFlame22" uid="719784" lat="38.8430632" lon="-104.7062518"/>
 <node id="2389138939" visible="true" version="1" changeset="17007887" timestamp="2013-07-19T06:33:02Z" user="FrozenFlame22" uid="719784" lat="38.8454733" lon="-104.7025498"/>
 <node id="2389138951" visible="true" version="1" changeset="17007887" timestamp="2013-07-19T06:33:02Z" user="FrozenFlame22" uid="719784" lat="38.8432557" lon="-104.7065739"/>
 <node id="2389138957" visible="true" version="1" changeset="17007887" timestamp="2013-07-19T06:33:02Z" user="FrozenFlame22" uid="719784" lat="38.8409179" lon="-104.7027064"/>
 <node id="2389138961" visible="true" version="1" changeset="17007887" timestamp="2013-07-19T06:33:02Z" user="FrozenFlame22" uid="719784" lat="38.8399839" lon="-104.7068217"/>
 <node id="2389138963" visible="true" version="1" changeset="17007887" timestamp="2013-07-19T06:33:02Z" user="FrozenFlame22" uid="719784" lat="38.8440133" lon="-104.7062703"/>
 <node id="2389138966" visible="true" version="1" changeset="17007887" timestamp="2013-07-19T06:33:02Z" user="FrozenFlame22" uid="719784" lat="38.8413450" lon="-104.7055164"/>
 <node id="2389139002" visible="true" version="1" changeset="17007887" timestamp="2013-07-19T06:33:03Z" user="FrozenFlame22" uid="719784" lat="38.8452741" lon="-104.7023619"/>
 <node id="2389139031" visible="true" version="2" changeset="112594022" timestamp="2021-10-16T21:39:08Z" user="Shipwreck34" uid="10643883" lat="38.8426603" lon="-104.7047926"/>
 <node id="2389139061" visible="true" version="1" changeset="17007887" timestamp="2013-07-19T06:33:05Z" user="FrozenFlame22" uid="719784" lat="38.8438754" lon="-104.7045188"/>
 <node id="2389139068" visible="true" version="1" changeset="17007887" timestamp="2013-07-19T06:33:05Z" user="FrozenFlame22" uid="719784" lat="38.8440339" lon="-104.7050006"/>
 <node id="2389139069" visible="true" version="2" changeset="184370135" timestamp="2026-06-20T22:23:46Z" user="HopsAndSpokes" uid="5593540" lat="38.8448089" lon="-104.7017466">
  <tag k="crossing" v="traffic_signals"/>
  <tag k="highway" v="crossing"/>
 </node>
 <node id="2389139077" visible="true" version="1" changeset="17007887" timestamp="2013-07-19T06:33:05Z" user="FrozenFlame22" uid="719784" lat="38.8453477" lon="-104.7047843"/>
 <node id="2389139099" visible="true" version="1" changeset="17007887" timestamp="2013-07-19T06:33:06Z" user="FrozenFlame22" uid="719784" lat="38.8442996" lon="-104.7016132"/>
 <node id="2389139146" visible="true" version="1" changeset="17007887" timestamp="2013-07-19T06:33:06Z" user="FrozenFlame22" uid="719784" lat="38.8403589" lon="-104.7065783"/>
 <node id="2389139157" visible="true" version="1" changeset="17007887" timestamp="2013-07-19T06:33:07Z" user="FrozenFlame22" uid="719784" lat="38.8422943" lon="-104.7052683"/>
 <node id="2389139158" visible="true" version="1" changeset="17007887" timestamp="2013-07-19T06:33:07Z" user="FrozenFlame22" uid="719784" lat="38.8428372" lon="-104.7069998"/>
 <node id="2389139159" visible="true" version="1" changeset="17007887" timestamp="2013-07-19T06:33:07Z" user="FrozenFlame22" uid="719784" lat="38.8439587" lon="-104.7058858"/>
 <node id="2389139172" visible="true" version="2" changeset="112594022" timestamp="2021-10-16T21:39:08Z" user="Shipwreck34" uid="10643883" lat="38.8430405" lon="-104.7045339"/>
 <node id="2389139176" visible="true" version="1" changeset="17007887" timestamp="2013-07-19T06:33:07Z" user="FrozenFlame22" uid="719784" lat="38.8446037" lon="-104.7067638"/>
 <node id="2389139181" visible="true" version="1" changeset="17007887" timestamp="2013-07-19T06:33:07Z" user="FrozenFlame22" uid="719784" lat="38.8459665" lon="-104.7039367"/>
 <node id="2389139202" visible="true" version="1" changeset="17007887" timestamp="2013-07-19T06:33:08Z" user="FrozenFlame22" uid="719784" lat="38.8410473" lon="-104.7087707"/>
 <node id="2389139203" visible="true" version="1" changeset="17007887" timestamp="2013-07-19T06:33:08Z" user="FrozenFlame22" uid="719784" lat="38.8444512" lon="-104.7046273"/>
 <node id="2389139220" visible="true" version="1" changeset="17007887" timestamp="2013-07-19T06:33:08Z" user="FrozenFlame22" uid="719784" lat="38.8445369" lon="-104.7050601"/>
 <node id="2389139223" visible="true" version="1" changeset="17007887" timestamp="2013-07-19T06:33:08Z" user="FrozenFlame22" uid="719784" lat="38.8452025" lon="-104.7021206"/>
 <node id="2389139253" visible="true" version="1" changeset="17007887" timestamp="2013-07-19T06:33:09Z" user="FrozenFlame22" uid="719784" lat="38.8445540" lon="-104.7066117"/>
 <node id="2389139257" visible="true" version="1" changeset="17007887" timestamp="2013-07-19T06:33:09Z" user="FrozenFlame22" uid="719784" lat="38.8410573" lon="-104.7079175"/>
 <node id="2389139259" visible="true" version="1" changeset="17007887" timestamp="2013-07-19T06:33:09Z" user="FrozenFlame22" uid="719784" lat="38.8445150" lon="-104.7048181"/>
 <node id="2389139315" visible="true" version="2" changeset="112594022" timestamp="2021-10-16T21:39:08Z" user="Shipwreck34" uid="10643883" lat="38.8430353" lon="-104.7044401"/>
 <node id="2389139322" visible="true" version="1" changeset="17007887" timestamp="2013-07-19T06:33:10Z" user="FrozenFlame22" uid="719784" lat="38.8435973" lon="-104.7053064"/>
 <node id="2389139334" visible="true" version="1" changeset="17007887" timestamp="2013-07-19T06:33:11Z" user="FrozenFlame22" uid="719784" lat="38.8429479" lon="-104.7051572"/>
 <node id="2389139361" visible="true" version="1" changeset="17007887" timestamp="2013-07-19T06:33:11Z" user="FrozenFlame22" uid="719784" lat="38.8433490" lon="-104.7048138"/>
 <node id="2389139362" visible="true" version="1" changeset="17007887" timestamp="2013-07-19T06:33:11Z" user="FrozenFlame22" uid="719784" lat="38.8427306" lon="-104.7070033"/>
 <node id="2389139373" visible="true" version="1" changeset="17007887" timestamp="2013-07-19T06:33:11Z" user="FrozenFlame22" uid="719784" lat="38.8449952" lon="-104.7078903"/>
 <node id="2389139398" visible="true" version="1" changeset="17007887" timestamp="2013-07-19T06:33:12Z" user="FrozenFlame22" uid="719784" lat="38.8438488" lon="-104.7015635"/>
 <node id="2389139400" visible="true" version="1" changeset="17007887" timestamp="2013-07-19T06:33:12Z" user="FrozenFlame22" uid="719784" lat="38.8453576" lon="-104.7049304"/>
 <node id="2389139406" visible="true" version="1" changeset="17007887" timestamp="2013-07-19T06:33:12Z" user="FrozenFlame22" uid="719784" lat="38.8425714" lon="-104.7062473"/>
 <node id="2389139413" visible="true" version="1" changeset="17007887" timestamp="2013-07-19T06:33:12Z" user="FrozenFlame22" uid="719784" lat="38.8452820" lon="-104.7044114"/>
 <node id="2389139415" visible="true" version="1" changeset="17007887" timestamp="2013-07-19T06:33:12Z" user="FrozenFlame22" uid="719784" lat="38.8460250" lon="-104.7041406"/>
 <node id="2389139420" visible="true" version="1" changeset="17007887" timestamp="2013-07-19T06:33:12Z" user="FrozenFlame22" uid="719784" lat="38.8461334" lon="-104.7082783"/>
 <node id="2389139424" visible="true" version="1" changeset="17007887" timestamp="2013-07-19T06:33:13Z" user="FrozenFlame22" uid="719784" lat="38.8460731" lon="-104.7043471"/>
 <node id="2389139425" visible="true" version="1" changeset="17007887" timestamp="2013-07-19T06:33:13Z" user="FrozenFlame22" uid="719784" lat="38.8461438" lon="-104.7082461"/>
 <node id="2389139445" visible="true" version="2" changeset="112594022" timestamp="2021-10-16T21:39:08Z" user="Shipwreck34" uid="10643883" lat="38.8426070" lon="-104.7047535"/>
 <node id="2389139461" visible="true" version="1" changeset="17007887" timestamp="2013-07-19T06:33:13Z" user="FrozenFlame22" uid="719784" lat="38.8453318" lon="-104.7046556"/>
 <node id="2389139468" visible="true" version="2" changeset="112594022" timestamp="2021-10-16T21:39:08Z" user="Shipwreck34" uid="10643883" lat="38.8427439" lon="-104.7047822"/>
 <node id="2389139474" visible="true" version="1" changeset="17007887" timestamp="2013-07-19T06:33:14Z" user="FrozenFlame22" uid="719784" lat="38.8429127" lon="-104.7016004"/>
 <node id="2389139477" visible="true" version="1" changeset="17007887" timestamp="2013-07-19T06:33:14Z" user="FrozenFlame22" uid="719784" lat="38.8419723" lon="-104.7083195"/>
 <node id="2389139485" visible="true" version="1" changeset="17007887" timestamp="2013-07-19T06:33:14Z" user="FrozenFlame22" uid="719784" lat="38.8428351" lon="-104.7071232"/>
 <node id="2389139502" visible="true" version="1" changeset="17007887" timestamp="2013-07-19T06:33:15Z" user="FrozenFlame22" uid="719784" lat="38.8432796" lon="-104.7046520"/>
 <node id="2389139525" visible="true" version="1" changeset="17007887" timestamp="2013-07-19T06:33:15Z" user="FrozenFlame22" uid="719784" lat="38.8432675" lon="-104.7069623"/>
 <node id="2389139542" visible="true" version="1" changeset="17007887" timestamp="2013-07-19T06:33:15Z" user="FrozenFlame22" uid="719784" lat="38.8461104" lon="-104.7082944"/>
 <node id="2389139546" visible="true" version="2" changeset="112594022" timestamp="2021-10-16T21:39:08Z" user="Shipwreck34" uid="10643883" lat="38.8430040" lon="-104.7045983"/>
 <node id="2389139548" visible="true" version="1" changeset="17007887" timestamp="2013-07-19T06:33:15Z" user="FrozenFlame22" uid="719784" lat="38.8444648" lon="-104.7016637"/>
 <node id="2389139549" visible="true" version="1" changeset="17007887" timestamp="2013-07-19T06:33:15Z" user="FrozenFlame22" uid="719784" lat="38.8444917" lon="-104.7071930"/>
 <node id="2389139564" visible="true" version="1" changeset="17007887" timestamp="2013-07-19T06:33:16Z" user="FrozenFlame22" uid="719784" lat="38.8450975" lon="-104.7083087"/>
 <node id="2389139594" visible="true" version="1" changeset="17007887" timestamp="2013-07-19T06:33:16Z" user="FrozenFlame22" uid="719784" lat="38.8461358" lon="-104.7049962"/>
 <node id="2389139647" visible="true" version="1" changeset="17007887" timestamp="2013-07-19T06:33:18Z" user="FrozenFlame22" uid="719784" lat="38.8394659" lon="-104.7042742"/>
 <node id="2389139669" visible="true" version="1" changeset="17007887" timestamp="2013-07-19T06:33:18Z" user="FrozenFlame22" uid="719784" lat="38.8407565" lon="-104.7027292"/>
 <node id="2389139673" visible="true" version="1" changeset="17007887" timestamp="2013-07-19T06:33:18Z" user="FrozenFlame22" uid="719784" lat="38.8433887" lon="-104.7070910"/>
 <node id="2389139695" visible="true" version="1" changeset="17007887" timestamp="2013-07-19T06:33:19Z" user="FrozenFlame22" uid="719784" lat="38.8451192" lon="-104.7021493"/>
 <node id="2389139704" visible="true" version="1" changeset="17007887" timestamp="2013-07-19T06:33:19Z" user="FrozenFlame22" uid="719784" lat="38.8448199" lon="-104.7018515"/>
 <node id="2389139718" visible="true" version="1" changeset="17007887" timestamp="2013-07-19T06:33:19Z" user="FrozenFlame22" uid="719784" lat="38.8456302" lon="-104.7031348"/>
 <node id="2389139731" visible="true" version="1" changeset="17007887" timestamp="2013-07-19T06:33:20Z" user="FrozenFlame22" uid="719784" lat="38.8395969" lon="-104.7071335"/>
 <node id="2389139735" visible="true" version="1" changeset="17007887" timestamp="2013-07-19T06:33:20Z" user="FrozenFlame22" uid="719784" lat="38.8441195" lon="-104.7049711"/>
 <node id="2389139745" visible="true" version="1" changeset="17007887" timestamp="2013-07-19T06:33:20Z" user="FrozenFlame22" uid="719784" lat="38.8410869" lon="-104.7077563"/>
 <node id="2389139748" visible="true" version="1" changeset="17007887" timestamp="2013-07-19T06:33:20Z" user="FrozenFlame22" uid="719784" lat="38.8394131" lon="-104.7084012"/>
 <node id="2389139752" visible="true" version="1" changeset="17007887" timestamp="2013-07-19T06:33:20Z" user="FrozenFlame22" uid="719784" lat="38.8445739" lon="-104.7066925"/>
 <node id="2389139790" visible="true" version="1" changeset="17007887" timestamp="2013-07-19T06:33:21Z" user="FrozenFlame22" uid="719784" lat="38.8451171" lon="-104.7020217"/>
 <node id="2389139793" visible="true" version="1" changeset="17007887" timestamp="2013-07-19T06:33:21Z" user="FrozenFlame22" uid="719784" lat="38.8412021" lon="-104.7073698"/>
 <node id="2389139826" visible="true" version="2" changeset="112594022" timestamp="2021-10-16T21:39:08Z" user="Shipwreck34" uid="10643883" lat="38.8428907" lon="-104.7043252"/>
 <node id="2389139867" visible="true" version="1" changeset="17007887" timestamp="2013-07-19T06:33:22Z" user="FrozenFlame22" uid="719784" lat="38.8436590" lon="-104.7058728"/>
 <node id="2389139894" visible="true" version="1" changeset="17007887" timestamp="2013-07-19T06:33:22Z" user="FrozenFlame22" uid="719784" lat="38.8456052" lon="-104.7031294"/>
 <node id="2389139899" visible="true" version="1" changeset="17007887" timestamp="2013-07-19T06:33:22Z" user="FrozenFlame22" uid="719784" lat="38.8441338" lon="-104.7070337"/>
 <node id="2389139905" visible="true" version="2" changeset="112594022" timestamp="2021-10-16T21:39:08Z" user="Shipwreck34" uid="10643883" lat="38.8429847" lon="-104.7043548"/>
 <node id="2389139946" visible="true" version="1" changeset="17007887" timestamp="2013-07-19T06:33:23Z" user="FrozenFlame22" uid="719784" lat="38.8424615" lon="-104.7062004"/>
 <node id="2389139950" visible="true" version="1" changeset="17007887" timestamp="2013-07-19T06:33:23Z" user="FrozenFlame22" uid="719784" lat="38.8437895" lon="-104.7042252"/>
 <node id="2389139958" visible="true" version="1" changeset="17007887" timestamp="2013-07-19T06:33:23Z" user="FrozenFlame22" uid="719784" lat="38.8428727" lon="-104.7062059"/>
 <node id="2389139964" visible="true" version="1" changeset="17007887" timestamp="2013-07-19T06:33:23Z" user="FrozenFlame22" uid="719784" lat="38.8422439" lon="-104.7053766"/>
 <node id="2389139974" visible="true" version="1" changeset="17007887" timestamp="2013-07-19T06:33:24Z" user="FrozenFlame22" uid="719784" lat="38.8453084" lon="-104.7045233"/>
 <node id="2389139976" visible="true" version="1" changeset="17007887" timestamp="2013-07-19T06:33:24Z" user="FrozenFlame22" uid="719784" lat="38.8446455" lon="-104.7068345"/>
 <node id="2389139977" visible="true" version="1" changeset="17007887" timestamp="2013-07-19T06:33:24Z" user="FrozenFlame22" uid="719784" lat="38.8395558" lon="-104.7071936"/>
 <node id="2389140010" visible="true" version="1" changeset="17007887" timestamp="2013-07-19T06:33:24Z" user="FrozenFlame22" uid="719784" lat="38.8461044" lon="-104.7045590"/>
 <node id="2389140016" visible="true" version="1" changeset="17007887" timestamp="2013-07-19T06:33:25Z" user="FrozenFlame22" uid="719784" lat="38.8441342" lon="-104.7070874"/>
 <node id="2389140024" visible="true" version="1" changeset="17007887" timestamp="2013-07-19T06:33:25Z" user="FrozenFlame22" uid="719784" lat="38.8430943" lon="-104.7015861"/>
 <node id="2389140044" visible="true" version="1" changeset="17007887" timestamp="2013-07-19T06:33:25Z" user="FrozenFlame22" uid="719784" lat="38.8467513" lon="-104.6976983">
  <tag k="highway" v="turning_circle"/>
 </node>
 <node id="2389140058" visible="true" version="1" changeset="17007887" timestamp="2013-07-19T06:33:26Z" user="FrozenFlame22" uid="719784" lat="38.8408644" lon="-104.7086503"/>
 <node id="2389140098" visible="true" version="1" changeset="17007887" timestamp="2013-07-19T06:33:26Z" user="FrozenFlame22" uid="719784" lat="38.8433915" lon="-104.7047633"/>
 <node id="2389140103" visible="true" version="1" changeset="17007887" timestamp="2013-07-19T06:33:27Z" user="FrozenFlame22" uid="719784" lat="38.8461250" lon="-104.7047700"/>
 <node id="2440073439" visible="true" version="1" changeset="17599251" timestamp="2013-08-31T06:56:36Z" user="FrozenFlame22" uid="719784" lat="38.8445809" lon="-104.7088680"/>
 <node id="2440073452" visible="true" version="1" changeset="17599251" timestamp="2013-08-31T06:56:36Z" user="FrozenFlame22" uid="719784" lat="38.8429661" lon="-104.7084845"/>
 <node id="2440073453" visible="true" version="1" changeset="17599251" timestamp="2013-08-31T06:56:37Z" user="FrozenFlame22" uid="719784" lat="38.8426778" lon="-104.7093508"/>
 <node id="2440073454" visible="true" version="1" changeset="17599251" timestamp="2013-08-31T06:56:37Z" user="FrozenFlame22" uid="719784" lat="38.8446540" lon="-104.7087420"/>
 <node id="2440073456" visible="true" version="1" changeset="17599251" timestamp="2013-08-31T06:56:37Z" user="FrozenFlame22" uid="719784" lat="38.8433316" lon="-104.7086590"/>
 <node id="2440073457" visible="true" version="1" changeset="17599251" timestamp="2013-08-31T06:56:37Z" user="FrozenFlame22" uid="719784" lat="38.8428550" lon="-104.7093430"/>
 <node id="2440073458" visible="true" version="1" changeset="17599251" timestamp="2013-08-31T06:56:37Z" user="FrozenFlame22" uid="719784" lat="38.8429138" lon="-104.7090102"/>
 <node id="2440073459" visible="true" version="1" changeset="17599251" timestamp="2013-08-31T06:56:37Z" user="FrozenFlame22" uid="719784" lat="38.8433839" lon="-104.7097531"/>
 <node id="2440073462" visible="true" version="1" changeset="17599251" timestamp="2013-08-31T06:56:37Z" user="FrozenFlame22" uid="719784" lat="38.8436262" lon="-104.7096673"/>
 <node id="2440073463" visible="true" version="1" changeset="17599251" timestamp="2013-08-31T06:56:37Z" user="FrozenFlame22" uid="719784" lat="38.8443031" lon="-104.7086669"/>
 <node id="2440073468" visible="true" version="1" changeset="17599251" timestamp="2013-08-31T06:56:37Z" user="FrozenFlame22" uid="719784" lat="38.8432773" lon="-104.7096861"/>
 <node id="2440073469" visible="true" version="1" changeset="17599251" timestamp="2013-08-31T06:56:37Z" user="FrozenFlame22" uid="719784" lat="38.8447564" lon="-104.7086803"/>
 <node id="2440073471" visible="true" version="1" changeset="17599251" timestamp="2013-08-31T06:56:37Z" user="FrozenFlame22" uid="719784" lat="38.8426673" lon="-104.7090558"/>
 <node id="2440073475" visible="true" version="1" changeset="17599251" timestamp="2013-08-31T06:56:37Z" user="FrozenFlame22" uid="719784" lat="38.8432000" lon="-104.7100187"/>
 <node id="2440073478" visible="true" version="1" changeset="17599251" timestamp="2013-08-31T06:56:37Z" user="FrozenFlame22" uid="719784" lat="38.8428553" lon="-104.7088680"/>
 <node id="2440073479" visible="true" version="1" changeset="17599251" timestamp="2013-08-31T06:56:37Z" user="FrozenFlame22" uid="719784" lat="38.8441533" lon="-104.7106183"/>
 <node id="2440073480" visible="true" version="1" changeset="17599251" timestamp="2013-08-31T06:56:37Z" user="FrozenFlame22" uid="719784" lat="38.8430768" lon="-104.7089592"/>
 <node id="2440073481" visible="true" version="1" changeset="17599251" timestamp="2013-08-31T06:56:37Z" user="FrozenFlame22" uid="719784" lat="38.8436158" lon="-104.7097371"/>
 <node id="2440073482" visible="true" version="1" changeset="17599251" timestamp="2013-08-31T06:56:37Z" user="FrozenFlame22" uid="719784" lat="38.8436304" lon="-104.7097049"/>
 <node id="2440073486" visible="true" version="1" changeset="17599251" timestamp="2013-08-31T06:56:37Z" user="FrozenFlame22" uid="719784" lat="38.8433484" lon="-104.7097585"/>
 <node id="2440073488" visible="true" version="1" changeset="17599251" timestamp="2013-08-31T06:56:37Z" user="FrozenFlame22" uid="719784" lat="38.8447779" lon="-104.7086925"/>
 <node id="2440073490" visible="true" version="1" changeset="17599251" timestamp="2013-08-31T06:56:37Z" user="FrozenFlame22" uid="719784" lat="38.8431227" lon="-104.7099114"/>
 <node id="2440073493" visible="true" version="1" changeset="17599251" timestamp="2013-08-31T06:56:37Z" user="FrozenFlame22" uid="719784" lat="38.8437838" lon="-104.7096988"/>
 <node id="2440073497" visible="true" version="1" changeset="17599251" timestamp="2013-08-31T06:56:37Z" user="FrozenFlame22" uid="719784" lat="38.8421281" lon="-104.7104909"/>
 <node id="2440073499" visible="true" version="1" changeset="17599251" timestamp="2013-08-31T06:56:38Z" user="FrozenFlame22" uid="719784" lat="38.8435188" lon="-104.7096244"/>
 <node id="2440073500" visible="true" version="1" changeset="17599251" timestamp="2013-08-31T06:56:38Z" user="FrozenFlame22" uid="719784" lat="38.8421534" lon="-104.7105337"/>
 <node id="2440073501" visible="true" version="1" changeset="17599251" timestamp="2013-08-31T06:56:38Z" user="FrozenFlame22" uid="719784" lat="38.8429264" lon="-104.7084469"/>
 <node id="2440073506" visible="true" version="1" changeset="17599251" timestamp="2013-08-31T06:56:38Z" user="FrozenFlame22" uid="719784" lat="38.8429138" lon="-104.7089834"/>
 <node id="2440073507" visible="true" version="1" changeset="17599251" timestamp="2013-08-31T06:56:38Z" user="FrozenFlame22" uid="719784" lat="38.8435176" lon="-104.7094286"/>
 <node id="2440073508" visible="true" version="1" changeset="17599251" timestamp="2013-08-31T06:56:38Z" user="FrozenFlame22" uid="719784" lat="38.8419305" lon="-104.7106344"/>
 <node id="2440073509" visible="true" version="1" changeset="17599251" timestamp="2013-08-31T06:56:38Z" user="FrozenFlame22" uid="719784" lat="38.8440169" lon="-104.7095976"/>
 <node id="2440073511" visible="true" version="1" changeset="17599251" timestamp="2013-08-31T06:56:38Z" user="FrozenFlame22" uid="719784" lat="38.8428094" lon="-104.7100375"/>
 <node id="2440073512" visible="true" version="1" changeset="17599251" timestamp="2013-08-31T06:56:38Z" user="FrozenFlame22" uid="719784" lat="38.8431119" lon="-104.7088578"/>
 <node id="2440073513" visible="true" version="1" changeset="17599251" timestamp="2013-08-31T06:56:38Z" user="FrozenFlame22" uid="719784" lat="38.8427927" lon="-104.7099945"/>
 <node id="2440073515" visible="true" version="1" changeset="17599251" timestamp="2013-08-31T06:56:38Z" user="FrozenFlame22" uid="719784" lat="38.8430726" lon="-104.7085327"/>
 <node id="2440073516" visible="true" version="1" changeset="17599251" timestamp="2013-08-31T06:56:38Z" user="FrozenFlame22" uid="719784" lat="38.8439918" lon="-104.7096137"/>
 <node id="2440073517" visible="true" version="1" changeset="17599251" timestamp="2013-08-31T06:56:38Z" user="FrozenFlame22" uid="719784" lat="38.8420907" lon="-104.7105095"/>
 <node id="2440073518" visible="true" version="1" changeset="17599251" timestamp="2013-08-31T06:56:38Z" user="FrozenFlame22" uid="719784" lat="38.8428553" lon="-104.7089029"/>
 <node id="2440073519" visible="true" version="1" changeset="17599251" timestamp="2013-08-31T06:56:38Z" user="FrozenFlame22" uid="719784" lat="38.8429556" lon="-104.7087741"/>
 <node id="2440073521" visible="true" version="1" changeset="17599251" timestamp="2013-08-31T06:56:38Z" user="FrozenFlame22" uid="719784" lat="38.8427634" lon="-104.7090558"/>
 <node id="2440073522" visible="true" version="1" changeset="17599251" timestamp="2013-08-31T06:56:38Z" user="FrozenFlame22" uid="719784" lat="38.8421221" lon="-104.7105310"/>
 <node id="2440073523" visible="true" version="1" changeset="17599251" timestamp="2013-08-31T06:56:38Z" user="FrozenFlame22" uid="719784" lat="38.8427195" lon="-104.7099463"/>
 <node id="2440073524" visible="true" version="1" changeset="17599251" timestamp="2013-08-31T06:56:38Z" user="FrozenFlame22" uid="719784" lat="38.8432230" lon="-104.7097451"/>
 <node id="2440073528" visible="true" version="1" changeset="17599251" timestamp="2013-08-31T06:56:38Z" user="FrozenFlame22" uid="719784" lat="38.8446227" lon="-104.7087768"/>
 <node id="2440073530" visible="true" version="1" changeset="17599251" timestamp="2013-08-31T06:56:38Z" user="FrozenFlame22" uid="719784" lat="38.8445809" lon="-104.7088010"/>
 <node id="2440073533" visible="true" version="1" changeset="17599251" timestamp="2013-08-31T06:56:38Z" user="FrozenFlame22" uid="719784" lat="38.8428720" lon="-104.7089190"/>
 <node id="2440073534" visible="true" version="1" changeset="17599251" timestamp="2013-08-31T06:56:38Z" user="FrozenFlame22" uid="719784" lat="38.8430037" lon="-104.7083714">
  <tag k="highway" v="crossing"/>
 </node>
 <node id="2440073535" visible="true" version="1" changeset="17599251" timestamp="2013-08-31T06:56:38Z" user="FrozenFlame22" uid="719784" lat="38.8438330" lon="-104.7102762"/>
 <node id="2440073536" visible="true" version="1" changeset="17599251" timestamp="2013-08-31T06:56:38Z" user="FrozenFlame22" uid="719784" lat="38.8437536" lon="-104.7098236"/>
 <node id="2440073538" visible="true" version="1" changeset="17599251" timestamp="2013-08-31T06:56:38Z" user="FrozenFlame22" uid="719784" lat="38.8448680" lon="-104.7084718"/>
 <node id="2440073540" visible="true" version="1" changeset="17599251" timestamp="2013-08-31T06:56:38Z" user="FrozenFlame22" uid="719784" lat="38.8443281" lon="-104.7088381"/>
 <node id="2440073541" visible="true" version="1" changeset="17599251" timestamp="2013-08-31T06:56:38Z" user="FrozenFlame22" uid="719784" lat="38.8428198" lon="-104.7093294"/>
 <node id="2440073545" visible="true" version="1" changeset="17599251" timestamp="2013-08-31T06:56:38Z" user="FrozenFlame22" uid="719784" lat="38.8431541" lon="-104.7099758"/>
 <node id="2440073547" visible="true" version="1" changeset="17599251" timestamp="2013-08-31T06:56:39Z" user="FrozenFlame22" uid="719784" lat="38.8433901" lon="-104.7087044"/>
 <node id="2440073548" visible="true" version="1" changeset="17599251" timestamp="2013-08-31T06:56:39Z" user="FrozenFlame22" uid="719784" lat="38.8428950" lon="-104.7090719"/>
 <node id="2440073549" visible="true" version="1" changeset="17599251" timestamp="2013-08-31T06:56:39Z" user="FrozenFlame22" uid="719784" lat="38.8449053" lon="-104.7084323"/>
 <node id="2440073550" visible="true" version="1" changeset="17599251" timestamp="2013-08-31T06:56:39Z" user="FrozenFlame22" uid="719784" lat="38.8429285" lon="-104.7089834"/>
 <node id="2440073553" visible="true" version="1" changeset="17599251" timestamp="2013-08-31T06:56:39Z" user="FrozenFlame22" uid="719784" lat="38.8442675" lon="-104.7085408"/>
 <node id="2440073556" visible="true" version="1" changeset="17599251" timestamp="2013-08-31T06:56:39Z" user="FrozenFlame22" uid="719784" lat="38.8420803" lon="-104.7099060"/>
 <node id="2440073558" visible="true" version="1" changeset="17599251" timestamp="2013-08-31T06:56:39Z" user="FrozenFlame22" uid="719784" lat="38.8428679" lon="-104.7089378"/>
 <node id="2440073560" visible="true" version="1" changeset="17599251" timestamp="2013-08-31T06:56:39Z" user="FrozenFlame22" uid="719784" lat="38.8443281" lon="-104.7087393"/>
 <node id="2440073564" visible="true" version="1" changeset="17599251" timestamp="2013-08-31T06:56:39Z" user="FrozenFlame22" uid="719784" lat="38.8431186" lon="-104.7086373"/>
 <node id="2440073565" visible="true" version="1" changeset="17599251" timestamp="2013-08-31T06:56:39Z" user="FrozenFlame22" uid="719784" lat="38.8433088" lon="-104.7092325"/>
 <node id="2440073566" visible="true" version="1" changeset="17599251" timestamp="2013-08-31T06:56:39Z" user="FrozenFlame22" uid="719784" lat="38.8447647" lon="-104.7084737">
  <tag k="highway" v="crossing"/>
 </node>
 <node id="2440073572" visible="true" version="1" changeset="17599251" timestamp="2013-08-31T06:56:39Z" user="FrozenFlame22" uid="719784" lat="38.8425608" lon="-104.7092221"/>
 <node id="2440073573" visible="true" version="1" changeset="17599251" timestamp="2013-08-31T06:56:39Z" user="FrozenFlame22" uid="719784" lat="38.8430705" lon="-104.7084764">
  <tag k="highway" v="crossing"/>
 </node>
 <node id="2440073574" visible="true" version="1" changeset="17599251" timestamp="2013-08-31T06:56:39Z" user="FrozenFlame22" uid="719784" lat="38.8431410" lon="-104.7088749"/>
 <node id="2440073577" visible="true" version="1" changeset="17599251" timestamp="2013-08-31T06:56:39Z" user="FrozenFlame22" uid="719784" lat="38.8430956" lon="-104.7097880"/>
 <node id="2440073578" visible="true" version="1" changeset="17599251" timestamp="2013-08-31T06:56:39Z" user="FrozenFlame22" uid="719784" lat="38.8431102" lon="-104.7089941"/>
 <node id="2440073580" visible="true" version="1" changeset="17599251" timestamp="2013-08-31T06:56:39Z" user="FrozenFlame22" uid="719784" lat="38.8433860" lon="-104.7087634"/>
 <node id="2440073583" visible="true" version="1" changeset="17599251" timestamp="2013-08-31T06:56:39Z" user="FrozenFlame22" uid="719784" lat="38.8438080" lon="-104.7102091"/>
 <node id="2440073588" visible="true" version="1" changeset="17599251" timestamp="2013-08-31T06:56:39Z" user="FrozenFlame22" uid="719784" lat="38.8428177" lon="-104.7089834"/>
 <node id="2440073589" visible="true" version="1" changeset="17599251" timestamp="2013-08-31T06:56:39Z" user="FrozenFlame22" uid="719784" lat="38.8432418" lon="-104.7084469"/>
 <node id="2440073590" visible="true" version="1" changeset="17599251" timestamp="2013-08-31T06:56:39Z" user="FrozenFlame22" uid="719784" lat="38.8444437" lon="-104.7089205"/>
 <node id="2440073593" visible="true" version="1" changeset="17599251" timestamp="2013-08-31T06:56:39Z" user="FrozenFlame22" uid="719784" lat="38.8427989" lon="-104.7104425"/>
 <node id="2440073594" visible="true" version="1" changeset="17599251" timestamp="2013-08-31T06:56:40Z" user="FrozenFlame22" uid="719784" lat="38.8421367" lon="-104.7099489"/>
 <node id="2440073595" visible="true" version="1" changeset="17599251" timestamp="2013-08-31T06:56:40Z" user="FrozenFlame22" uid="719784" lat="38.8441485" lon="-104.7092650"/>
 <node id="2440073596" visible="true" version="1" changeset="17599251" timestamp="2013-08-31T06:56:40Z" user="FrozenFlame22" uid="719784" lat="38.8428094" lon="-104.7103969"/>
 <node id="2440073605" visible="true" version="1" changeset="17599251" timestamp="2013-08-31T06:56:40Z" user="FrozenFlame22" uid="719784" lat="38.8444514" lon="-104.7088975"/>
 <node id="2440073606" visible="true" version="1" changeset="17599251" timestamp="2013-08-31T06:56:40Z" user="FrozenFlame22" uid="719784" lat="38.8420949" lon="-104.7099739"/>
 <node id="2440073608" visible="true" version="1" changeset="17599251" timestamp="2013-08-31T06:56:40Z" user="FrozenFlame22" uid="719784" lat="38.8428908" lon="-104.7090182"/>
 <node id="2440073609" visible="true" version="1" changeset="17599251" timestamp="2013-08-31T06:56:40Z" user="FrozenFlame22" uid="719784" lat="38.8432397" lon="-104.7098792"/>
 <node id="2440073611" visible="true" version="1" changeset="17599251" timestamp="2013-08-31T06:56:40Z" user="FrozenFlame22" uid="719784" lat="38.8433776" lon="-104.7095815"/>
 <node id="2440073612" visible="true" version="1" changeset="17599251" timestamp="2013-08-31T06:56:40Z" user="FrozenFlame22" uid="719784" lat="38.8431938" lon="-104.7098202"/>
 <node id="2440073613" visible="true" version="1" changeset="17599251" timestamp="2013-08-31T06:56:40Z" user="FrozenFlame22" uid="719784" lat="38.8436137" lon="-104.7096378"/>
 <node id="2440073614" visible="true" version="1" changeset="17599251" timestamp="2013-08-31T06:56:40Z" user="FrozenFlame22" uid="719784" lat="38.8431833" lon="-104.7098873"/>
 <node id="2440073621" visible="true" version="1" changeset="17599251" timestamp="2013-08-31T06:56:40Z" user="FrozenFlame22" uid="719784" lat="38.8427530" lon="-104.7105095"/>
 <node id="2440073622" visible="true" version="1" changeset="17599251" timestamp="2013-08-31T06:56:40Z" user="FrozenFlame22" uid="719784" lat="38.8427780" lon="-104.7104800"/>
 <node id="2440073624" visible="true" version="1" changeset="17599251" timestamp="2013-08-31T06:56:40Z" user="FrozenFlame22" uid="719784" lat="38.8434382" lon="-104.7096137"/>
 <node id="2440073625" visible="true" version="1" changeset="17599251" timestamp="2013-08-31T06:56:40Z" user="FrozenFlame22" uid="719784" lat="38.8433546" lon="-104.7088278"/>
 <node id="2440073627" visible="true" version="1" changeset="17599251" timestamp="2013-08-31T06:56:40Z" user="FrozenFlame22" uid="719784" lat="38.8437474" lon="-104.7086534">
  <tag k="highway" v="crossing"/>
 </node>
 <node id="2440073631" visible="true" version="1" changeset="17599251" timestamp="2013-08-31T06:56:40Z" user="FrozenFlame22" uid="719784" lat="38.8429347" lon="-104.7087956"/>
 <node id="2440073632" visible="true" version="1" changeset="17599251" timestamp="2013-08-31T06:56:40Z" user="FrozenFlame22" uid="719784" lat="38.8429911" lon="-104.7085837"/>
 <node id="2440073635" visible="true" version="1" changeset="17599251" timestamp="2013-08-31T06:56:40Z" user="FrozenFlame22" uid="719784" lat="38.8435990" lon="-104.7098282"/>
 <node id="2440073639" visible="true" version="1" changeset="17599251" timestamp="2013-08-31T06:56:40Z" user="FrozenFlame22" uid="719784" lat="38.8427488" lon="-104.7090745"/>
 <node id="2440073640" visible="true" version="1" changeset="17599251" timestamp="2013-08-31T06:56:40Z" user="FrozenFlame22" uid="719784" lat="38.8429702" lon="-104.7089512"/>
 <node id="2440073647" visible="true" version="1" changeset="17599251" timestamp="2013-08-31T06:56:41Z" user="FrozenFlame22" uid="719784" lat="38.8430183" lon="-104.7089431"/>
 <node id="2440073655" visible="true" version="1" changeset="17599251" timestamp="2013-08-31T06:56:41Z" user="FrozenFlame22" uid="719784" lat="38.8421743" lon="-104.7095869"/>
 <node id="2440073663" visible="true" version="1" changeset="17599251" timestamp="2013-08-31T06:56:41Z" user="FrozenFlame22" uid="719784" lat="38.8420907" lon="-104.7097585"/>
 <node id="2440073667" visible="true" version="1" changeset="17599251" timestamp="2013-08-31T06:56:41Z" user="FrozenFlame22" uid="719784" lat="38.8423686" lon="-104.7094608"/>
 <node id="2440073668" visible="true" version="1" changeset="17599251" timestamp="2013-08-31T06:56:41Z" user="FrozenFlame22" uid="719784" lat="38.8430204" lon="-104.7086588"/>
 <node id="2440073669" visible="true" version="1" changeset="17599251" timestamp="2013-08-31T06:56:41Z" user="FrozenFlame22" uid="719784" lat="38.8437181" lon="-104.7089088"/>
 <node id="2440073670" visible="true" version="1" changeset="17599251" timestamp="2013-08-31T06:56:41Z" user="FrozenFlame22" uid="719784" lat="38.8429165" lon="-104.7086120"/>
 <node id="2440073671" visible="true" version="1" changeset="17599251" timestamp="2013-08-31T06:56:41Z" user="FrozenFlame22" uid="719784" lat="38.8430275" lon="-104.7091504"/>
 <node id="2440073673" visible="true" version="1" changeset="17599251" timestamp="2013-08-31T06:56:41Z" user="FrozenFlame22" uid="719784" lat="38.8436450" lon="-104.7100401"/>
 <node id="2440073674" visible="true" version="1" changeset="17599251" timestamp="2013-08-31T06:56:41Z" user="FrozenFlame22" uid="719784" lat="38.8442049" lon="-104.7090638"/>
 <node id="2440073682" visible="true" version="1" changeset="17599251" timestamp="2013-08-31T06:56:42Z" user="FrozenFlame22" uid="719784" lat="38.8447062" lon="-104.7087554"/>
 <node id="2440073683" visible="true" version="1" changeset="17599251" timestamp="2013-08-31T06:56:42Z" user="FrozenFlame22" uid="719784" lat="38.8432523" lon="-104.7098309"/>
 <node id="2440073684" visible="true" version="1" changeset="17599251" timestamp="2013-08-31T06:56:42Z" user="FrozenFlame22" uid="719784" lat="38.8435871" lon="-104.7098388"/>
 <node id="2440073685" visible="true" version="1" changeset="17599251" timestamp="2013-08-31T06:56:42Z" user="FrozenFlame22" uid="719784" lat="38.8420719" lon="-104.7098524"/>
 <node id="2440073687" visible="true" version="1" changeset="17599251" timestamp="2013-08-31T06:56:42Z" user="FrozenFlame22" uid="719784" lat="38.8420427" lon="-104.7100750"/>
 <node id="2440073688" visible="true" version="1" changeset="17599251" timestamp="2013-08-31T06:56:42Z" user="FrozenFlame22" uid="719784" lat="38.8460334" lon="-104.7084323"/>
 <node id="2440073692" visible="true" version="2" changeset="60150512" timestamp="2018-06-25T13:02:31Z" user="bhavana naga" uid="5677293" lat="38.8437474" lon="-104.7087661"/>
 <node id="2440073696" visible="true" version="1" changeset="17599251" timestamp="2013-08-31T06:56:42Z" user="FrozenFlame22" uid="719784" lat="38.8442487" lon="-104.7087580"/>
 <node id="2440073698" visible="true" version="1" changeset="17599251" timestamp="2013-08-31T06:56:42Z" user="FrozenFlame22" uid="719784" lat="38.8431206" lon="-104.7091523"/>
 <node id="2440073702" visible="true" version="2" changeset="60150502" timestamp="2018-06-25T13:02:13Z" user="bhavana naga" uid="5677293" lat="38.8431624" lon="-104.7094796">
  <tag k="highway" v="crossing"/>
 </node>
 <node id="2440073706" visible="true" version="1" changeset="17599251" timestamp="2013-08-31T06:56:42Z" user="FrozenFlame22" uid="719784" lat="38.8437473" lon="-104.7084440"/>
 <node id="2440073709" visible="true" version="1" changeset="17599251" timestamp="2013-08-31T06:56:42Z" user="FrozenFlame22" uid="719784" lat="38.8419347" lon="-104.7092235"/>
 <node id="2440073720" visible="true" version="1" changeset="17599251" timestamp="2013-08-31T06:56:42Z" user="FrozenFlame22" uid="719784" lat="38.8436680" lon="-104.7095091"/>
 <node id="2440073722" visible="true" version="1" changeset="17599251" timestamp="2013-08-31T06:56:42Z" user="FrozenFlame22" uid="719784" lat="38.8426694" lon="-104.7093267"/>
 <node id="2440073723" visible="true" version="1" changeset="17599251" timestamp="2013-08-31T06:56:42Z" user="FrozenFlame22" uid="719784" lat="38.8427822" lon="-104.7090450"/>
 <node id="2440073725" visible="true" version="1" changeset="17599251" timestamp="2013-08-31T06:56:42Z" user="FrozenFlame22" uid="719784" lat="38.8429254" lon="-104.7091013"/>
 <node id="2440073729" visible="true" version="1" changeset="17599251" timestamp="2013-08-31T06:56:42Z" user="FrozenFlame22" uid="719784" lat="38.8426924" lon="-104.7093669"/>
 <node id="2440073730" visible="true" version="1" changeset="17599251" timestamp="2013-08-31T06:56:43Z" user="FrozenFlame22" uid="719784" lat="38.8429556" lon="-104.7087902"/>
 <node id="2440073732" visible="true" version="1" changeset="17599251" timestamp="2013-08-31T06:56:43Z" user="FrozenFlame22" uid="719784" lat="38.8430183" lon="-104.7089592"/>
 <node id="2440073733" visible="true" version="1" changeset="17599251" timestamp="2013-08-31T06:56:43Z" user="FrozenFlame22" uid="719784" lat="38.8433108" lon="-104.7097746"/>
 <node id="2440073734" visible="true" version="1" changeset="17599251" timestamp="2013-08-31T06:56:43Z" user="FrozenFlame22" uid="719784" lat="38.8443371" lon="-104.7089473"/>
 <node id="2440073735" visible="true" version="1" changeset="17599251" timestamp="2013-08-31T06:56:43Z" user="FrozenFlame22" uid="719784" lat="38.8438080" lon="-104.7087715"/>
 <node id="2440073738" visible="true" version="1" changeset="17599251" timestamp="2013-08-31T06:56:43Z" user="FrozenFlame22" uid="719784" lat="38.8433233" lon="-104.7100428"/>
 <node id="2440073740" visible="true" version="1" changeset="17599251" timestamp="2013-08-31T06:56:43Z" user="FrozenFlame22" uid="719784" lat="38.8421265" lon="-104.7099787"/>
 <node id="2440073741" visible="true" version="1" changeset="17599251" timestamp="2013-08-31T06:56:43Z" user="FrozenFlame22" uid="719784" lat="38.8446895" lon="-104.7088224"/>
 <node id="2440073744" visible="true" version="1" changeset="17599251" timestamp="2013-08-31T06:56:43Z" user="FrozenFlame22" uid="719784" lat="38.8438414" lon="-104.7106859"/>
 <node id="2440073745" visible="true" version="1" changeset="17599251" timestamp="2013-08-31T06:56:43Z" user="FrozenFlame22" uid="719784" lat="38.8430935" lon="-104.7097317"/>
 <node id="2440073746" visible="true" version="1" changeset="17599251" timestamp="2013-08-31T06:56:43Z" user="FrozenFlame22" uid="719784" lat="38.8448002" lon="-104.7085435"/>
 <node id="2440073749" visible="true" version="1" changeset="17599251" timestamp="2013-08-31T06:56:43Z" user="FrozenFlame22" uid="719784" lat="38.8443219" lon="-104.7086990"/>
 <node id="2440073750" visible="true" version="1" changeset="17599251" timestamp="2013-08-31T06:56:43Z" user="FrozenFlame22" uid="719784" lat="38.8431419" lon="-104.7086615"/>
 <node id="2440073753" visible="true" version="1" changeset="17599251" timestamp="2013-08-31T06:56:43Z" user="FrozenFlame22" uid="719784" lat="38.8427365" lon="-104.7099755"/>
 <node id="2440073754" visible="true" version="1" changeset="17599251" timestamp="2013-08-31T06:56:43Z" user="FrozenFlame22" uid="719784" lat="38.8428219" lon="-104.7094313"/>
 <node id="2440073755" visible="true" version="1" changeset="17599251" timestamp="2013-08-31T06:56:43Z" user="FrozenFlame22" uid="719784" lat="38.8434131" lon="-104.7096700"/>
 <node id="2440073757" visible="true" version="1" changeset="17599251" timestamp="2013-08-31T06:56:43Z" user="FrozenFlame22" uid="719784" lat="38.8430872" lon="-104.7087554"/>
 <node id="2440073758" visible="true" version="1" changeset="17599251" timestamp="2013-08-31T06:56:43Z" user="FrozenFlame22" uid="719784" lat="38.8435844" lon="-104.7096244"/>
 <node id="2440073759" visible="true" version="1" changeset="17599251" timestamp="2013-08-31T06:56:43Z" user="FrozenFlame22" uid="719784" lat="38.8432021" lon="-104.7084818"/>
 <node id="2440073764" visible="true" version="1" changeset="17599251" timestamp="2013-08-31T06:56:43Z" user="FrozenFlame22" uid="719784" lat="38.8447340" lon="-104.7087703"/>
 <node id="2440073768" visible="true" version="1" changeset="17599251" timestamp="2013-08-31T06:56:43Z" user="FrozenFlame22" uid="719784" lat="38.8430705" lon="-104.7083710"/>
 <node id="2440073774" visible="true" version="1" changeset="17599251" timestamp="2013-08-31T06:56:43Z" user="FrozenFlame22" uid="719784" lat="38.8446164" lon="-104.7084389"/>
 <node id="2440073777" visible="true" version="1" changeset="17599251" timestamp="2013-08-31T06:56:43Z" user="FrozenFlame22" uid="719784" lat="38.8433463" lon="-104.7096673"/>
 <node id="2440073778" visible="true" version="1" changeset="17599251" timestamp="2013-08-31T06:56:43Z" user="FrozenFlame22" uid="719784" lat="38.8432042" lon="-104.7087259"/>
 <node id="2440073787" visible="true" version="1" changeset="17599251" timestamp="2013-08-31T06:56:44Z" user="FrozenFlame22" uid="719784" lat="38.8435844" lon="-104.7095359"/>
 <node id="2440073789" visible="true" version="1" changeset="17599251" timestamp="2013-08-31T06:56:44Z" user="FrozenFlame22" uid="719784" lat="38.8436304" lon="-104.7095252"/>
 <node id="2440073791" visible="true" version="1" changeset="17599251" timestamp="2013-08-31T06:56:44Z" user="FrozenFlame22" uid="719784" lat="38.8429571" lon="-104.7093920"/>
 <node id="2440073792" visible="true" version="1" changeset="17599251" timestamp="2013-08-31T06:56:44Z" user="FrozenFlame22" uid="719784" lat="38.8446749" lon="-104.7084711"/>
 <node id="2440073793" visible="true" version="1" changeset="17599251" timestamp="2013-08-31T06:56:44Z" user="FrozenFlame22" uid="719784" lat="38.8427216" lon="-104.7105203"/>
 <node id="2440073794" visible="true" version="1" changeset="17599251" timestamp="2013-08-31T06:56:44Z" user="FrozenFlame22" uid="719784" lat="38.8442717" lon="-104.7086508"/>
 <node id="2440073795" visible="true" version="1" changeset="17599251" timestamp="2013-08-31T06:56:44Z" user="FrozenFlame22" uid="719784" lat="38.8441694" lon="-104.7091443"/>
 <node id="2440073798" visible="true" version="1" changeset="17599251" timestamp="2013-08-31T06:56:44Z" user="FrozenFlame22" uid="719784" lat="38.8429207" lon="-104.7084269"/>
 <node id="2440073800" visible="true" version="1" changeset="17599251" timestamp="2013-08-31T06:56:44Z" user="FrozenFlame22" uid="719784" lat="38.8447271" lon="-104.7086213"/>
 <node id="2440073801" visible="true" version="1" changeset="17599251" timestamp="2013-08-31T06:56:44Z" user="FrozenFlame22" uid="719784" lat="38.8421325" lon="-104.7096512"/>
 <node id="2440073802" visible="true" version="1" changeset="17599251" timestamp="2013-08-31T06:56:44Z" user="FrozenFlame22" uid="719784" lat="38.8433880" lon="-104.7087500"/>
 <node id="2440073806" visible="true" version="1" changeset="17599251" timestamp="2013-08-31T06:56:44Z" user="FrozenFlame22" uid="719784" lat="38.8429305" lon="-104.7087768"/>
 <node id="2440073807" visible="true" version="1" changeset="17599251" timestamp="2013-08-31T06:56:44Z" user="FrozenFlame22" uid="719784" lat="38.8427592" lon="-104.7099624"/>
 <node id="2440073809" visible="true" version="1" changeset="17599251" timestamp="2013-08-31T06:56:44Z" user="FrozenFlame22" uid="719784" lat="38.8444806" lon="-104.7088358"/>
 <node id="2440073813" visible="true" version="1" changeset="17599251" timestamp="2013-08-31T06:56:44Z" user="FrozenFlame22" uid="719784" lat="38.8432523" lon="-104.7099650"/>
 <node id="2440073819" visible="true" version="1" changeset="17599251" timestamp="2013-08-31T06:56:44Z" user="FrozenFlame22" uid="719784" lat="38.8435182" lon="-104.7095332"/>
 <node id="2440073821" visible="true" version="1" changeset="17599251" timestamp="2013-08-31T06:56:44Z" user="FrozenFlame22" uid="719784" lat="38.8432794" lon="-104.7100106"/>
 <node id="2440073822" visible="true" version="1" changeset="17599251" timestamp="2013-08-31T06:56:44Z" user="FrozenFlame22" uid="719784" lat="38.8437474" lon="-104.7088466">
  <tag k="highway" v="crossing"/>
 </node>
 <node id="2440073828" visible="true" version="1" changeset="17599251" timestamp="2013-08-31T06:56:45Z" user="FrozenFlame22" uid="719784" lat="38.8447480" lon="-104.7085622"/>
 <node id="2440073830" visible="true" version="1" changeset="17599251" timestamp="2013-08-31T06:56:45Z" user="FrozenFlame22" uid="719784" lat="38.8448134" lon="-104.7086093"/>
 <node id="2440073831" visible="true" version="1" changeset="17599251" timestamp="2013-08-31T06:56:45Z" user="FrozenFlame22" uid="719784" lat="38.8446379" lon="-104.7088668"/>
 <node id="2440073832" visible="true" version="1" changeset="17599251" timestamp="2013-08-31T06:56:45Z" user="FrozenFlame22" uid="719784" lat="38.8433964" lon="-104.7088412"/>
 <node id="2440073833" visible="true" version="1" changeset="17599251" timestamp="2013-08-31T06:56:45Z" user="FrozenFlame22" uid="719784" lat="38.8428700" lon="-104.7088761"/>
 <node id="2440073834" visible="true" version="1" changeset="17599251" timestamp="2013-08-31T06:56:45Z" user="FrozenFlame22" uid="719784" lat="38.8420615" lon="-104.7100214"/>
 <node id="2440073835" visible="true" version="1" changeset="17599251" timestamp="2013-08-31T06:56:45Z" user="FrozenFlame22" uid="719784" lat="38.8431060" lon="-104.7098524"/>
 <node id="2440073836" visible="true" version="1" changeset="17599251" timestamp="2013-08-31T06:56:45Z" user="FrozenFlame22" uid="719784" lat="38.8436917" lon="-104.7090665"/>
 <node id="2440073838" visible="true" version="1" changeset="17599251" timestamp="2013-08-31T06:56:45Z" user="FrozenFlame22" uid="719784" lat="38.8428219" lon="-104.7093669"/>
 <node id="2440073839" visible="true" version="1" changeset="17599251" timestamp="2013-08-31T06:56:45Z" user="FrozenFlame22" uid="719784" lat="38.8428659" lon="-104.7088978"/>
 <node id="2440073843" visible="true" version="1" changeset="17599251" timestamp="2013-08-31T06:56:45Z" user="FrozenFlame22" uid="719784" lat="38.8437098" lon="-104.7087661"/>
 <node id="2440073844" visible="true" version="1" changeset="17599251" timestamp="2013-08-31T06:56:45Z" user="FrozenFlame22" uid="719784" lat="38.8439709" lon="-104.7096083"/>
 <node id="2440073848" visible="true" version="1" changeset="17599251" timestamp="2013-08-31T06:56:45Z" user="FrozenFlame22" uid="719784" lat="38.8442675" lon="-104.7089887"/>
 <node id="2440073849" visible="true" version="1" changeset="17599251" timestamp="2013-08-31T06:56:45Z" user="FrozenFlame22" uid="719784" lat="38.8429828" lon="-104.7089592"/>
 <node id="2440073852" visible="true" version="1" changeset="17599251" timestamp="2013-08-31T06:56:45Z" user="FrozenFlame22" uid="719784" lat="38.8448615" lon="-104.7084162"/>
 <node id="2440073853" visible="true" version="1" changeset="17599251" timestamp="2013-08-31T06:56:45Z" user="FrozenFlame22" uid="719784" lat="38.8437474" lon="-104.7089083"/>
 <node id="2440073854" visible="true" version="1" changeset="17599251" timestamp="2013-08-31T06:56:45Z" user="FrozenFlame22" uid="719784" lat="38.8431875" lon="-104.7099516"/>
 <node id="2440073855" visible="true" version="1" changeset="17599251" timestamp="2013-08-31T06:56:45Z" user="FrozenFlame22" uid="719784" lat="38.8442592" lon="-104.7087420"/>
 <node id="2440073856" visible="true" version="1" changeset="17599251" timestamp="2013-08-31T06:56:45Z" user="FrozenFlame22" uid="719784" lat="38.8435886" lon="-104.7097531"/>
 <node id="2440073857" visible="true" version="1" changeset="17599251" timestamp="2013-08-31T06:56:45Z" user="FrozenFlame22" uid="719784" lat="38.8434006" lon="-104.7089136"/>
 <node id="2440073858" visible="true" version="1" changeset="17599251" timestamp="2013-08-31T06:56:45Z" user="FrozenFlame22" uid="719784" lat="38.8445329" lon="-104.7088224"/>
 <node id="2440073861" visible="true" version="1" changeset="17599251" timestamp="2013-08-31T06:56:45Z" user="FrozenFlame22" uid="719784" lat="38.8438664" lon="-104.7098202"/>
 <node id="2440073862" visible="true" version="1" changeset="17599251" timestamp="2013-08-31T06:56:45Z" user="FrozenFlame22" uid="719784" lat="38.8446979" lon="-104.7086829"/>
 <node id="2440073863" visible="true" version="1" changeset="17599251" timestamp="2013-08-31T06:56:45Z" user="FrozenFlame22" uid="719784" lat="38.8431039" lon="-104.7088653"/>
 <node id="2440073864" visible="true" version="1" changeset="17599251" timestamp="2013-08-31T06:56:45Z" user="FrozenFlame22" uid="719784" lat="38.8434215" lon="-104.7097666"/>
 <node id="2440073865" visible="true" version="1" changeset="17599251" timestamp="2013-08-31T06:56:45Z" user="FrozenFlame22" uid="719784" lat="38.8428365" lon="-104.7094125"/>
 <node id="2440073867" visible="true" version="1" changeset="17599251" timestamp="2013-08-31T06:56:45Z" user="FrozenFlame22" uid="719784" lat="38.8423316" lon="-104.7093952"/>
 <node id="2440073870" visible="true" version="1" changeset="17599251" timestamp="2013-08-31T06:56:46Z" user="FrozenFlame22" uid="719784" lat="38.8432773" lon="-104.7097961"/>
 <node id="2440073871" visible="true" version="1" changeset="17599251" timestamp="2013-08-31T06:56:46Z" user="FrozenFlame22" uid="719784" lat="38.8420385" lon="-104.7104157"/>
 <node id="2440073872" visible="true" version="1" changeset="17599251" timestamp="2013-08-31T06:56:46Z" user="FrozenFlame22" uid="719784" lat="38.8437035" lon="-104.7094742"/>
 <node id="2440073874" visible="true" version="1" changeset="17599251" timestamp="2013-08-31T06:56:46Z" user="FrozenFlame22" uid="719784" lat="38.8427363" lon="-104.7089994"/>
 <node id="2440073876" visible="true" version="1" changeset="17599251" timestamp="2013-08-31T06:56:46Z" user="FrozenFlame22" uid="719784" lat="38.8420636" lon="-104.7104693"/>
 <node id="2440073881" visible="true" version="1" changeset="17599251" timestamp="2013-08-31T06:56:46Z" user="FrozenFlame22" uid="719784" lat="38.8436304" lon="-104.7098792"/>
 <node id="2440073882" visible="true" version="1" changeset="17599251" timestamp="2013-08-31T06:56:46Z" user="FrozenFlame22" uid="719784" lat="38.8427381" lon="-104.7104876"/>
 <node id="2440073885" visible="true" version="1" changeset="17599251" timestamp="2013-08-31T06:56:46Z" user="FrozenFlame22" uid="719784" lat="38.8433379" lon="-104.7086078"/>
 <node id="2440073886" visible="true" version="1" changeset="17599251" timestamp="2013-08-31T06:56:46Z" user="FrozenFlame22" uid="719784" lat="38.8445606" lon="-104.7089070"/>
 <node id="2440073887" visible="true" version="1" changeset="17599251" timestamp="2013-08-31T06:56:46Z" user="FrozenFlame22" uid="719784" lat="38.8440377" lon="-104.7095734"/>
 <node id="2440073888" visible="true" version="1" changeset="17599251" timestamp="2013-08-31T06:56:46Z" user="FrozenFlame22" uid="719784" lat="38.8429744" lon="-104.7085327"/>
 <node id="2440073894" visible="true" version="1" changeset="17599251" timestamp="2013-08-31T06:56:46Z" user="FrozenFlame22" uid="719784" lat="38.8433338" lon="-104.7085491"/>
 <node id="2440073895" visible="true" version="1" changeset="17599251" timestamp="2013-08-31T06:56:46Z" user="FrozenFlame22" uid="719784" lat="38.8435197" lon="-104.7097639"/>
 <node id="2440073896" visible="true" version="2" changeset="79325184" timestamp="2020-01-08T06:34:05Z" user="Bike 2 End" uid="2529030" lat="38.8432531" lon="-104.7092088"/>
 <node id="2440073897" visible="true" version="1" changeset="17599251" timestamp="2013-08-31T06:56:46Z" user="FrozenFlame22" uid="719784" lat="38.8438456" lon="-104.7103432"/>
 <node id="2440073905" visible="true" version="1" changeset="17599251" timestamp="2013-08-31T06:56:46Z" user="FrozenFlame22" uid="719784" lat="38.8437181" lon="-104.7090531"/>
 <node id="2440073906" visible="true" version="1" changeset="17599251" timestamp="2013-08-31T06:56:46Z" user="FrozenFlame22" uid="719784" lat="38.8446498" lon="-104.7088197"/>
 <node id="2440073914" visible="true" version="1" changeset="17599251" timestamp="2013-08-31T06:56:47Z" user="FrozenFlame22" uid="719784" lat="38.8435252" lon="-104.7098936"/>
 <node id="2440073919" visible="true" version="1" changeset="17599251" timestamp="2013-08-31T06:56:47Z" user="FrozenFlame22" uid="719784" lat="38.8434758" lon="-104.7097129"/>
 <node id="2440073920" visible="true" version="1" changeset="17599251" timestamp="2013-08-31T06:56:47Z" user="FrozenFlame22" uid="719784" lat="38.8431018" lon="-104.7096834"/>
 <node id="2440073921" visible="true" version="1" changeset="17599251" timestamp="2013-08-31T06:56:47Z" user="FrozenFlame22" uid="719784" lat="38.8434893" lon="-104.7094223"/>
 <node id="2440073922" visible="true" version="1" changeset="17599251" timestamp="2013-08-31T06:56:47Z" user="FrozenFlame22" uid="719784" lat="38.8430225" lon="-104.7094152"/>
 <node id="2440073923" visible="true" version="1" changeset="17599251" timestamp="2013-08-31T06:56:47Z" user="FrozenFlame22" uid="719784" lat="38.8445120" lon="-104.7088922"/>
 <node id="2440073924" visible="true" version="1" changeset="17599251" timestamp="2013-08-31T06:56:47Z" user="FrozenFlame22" uid="719784" lat="38.8430851" lon="-104.7085730"/>
 <node id="2440073925" visible="true" version="1" changeset="17599251" timestamp="2013-08-31T06:56:47Z" user="FrozenFlame22" uid="719784" lat="38.8447689" lon="-104.7083613"/>
 <node id="2440073926" visible="true" version="1" changeset="17599251" timestamp="2013-08-31T06:56:47Z" user="FrozenFlame22" uid="719784" lat="38.8429995" lon="-104.7089378"/>
 <node id="2440073927" visible="true" version="1" changeset="17599251" timestamp="2013-08-31T06:56:47Z" user="FrozenFlame22" uid="719784" lat="38.8431590" lon="-104.7088053"/>
 <node id="2440073928" visible="true" version="1" changeset="17599251" timestamp="2013-08-31T06:56:47Z" user="FrozenFlame22" uid="719784" lat="38.8441088" lon="-104.7093562"/>
 <node id="2440073930" visible="true" version="1" changeset="17599251" timestamp="2013-08-31T06:56:47Z" user="FrozenFlame22" uid="719784" lat="38.8432397" lon="-104.7099194"/>
 <node id="2440073931" visible="true" version="1" changeset="17599251" timestamp="2013-08-31T06:56:47Z" user="FrozenFlame22" uid="719784" lat="38.8447814" lon="-104.7086025"/>
 <node id="3074408455" visible="true" version="1" changeset="25403982" timestamp="2014-09-13T04:46:02Z" user="FrozenFlame22" uid="719784" lat="38.8455237" lon="-104.7158835"/>
 <node id="3074408530" visible="true" version="1" changeset="25403982" timestamp="2014-09-13T04:46:04Z" user="FrozenFlame22" uid="719784" lat="38.8458934" lon="-104.7169805"/>
 <node id="3074408554" visible="true" version="1" changeset="25403982" timestamp="2014-09-13T04:46:04Z" user="FrozenFlame22" uid="719784" lat="38.8458704" lon="-104.7169644"/>
 <node id="3074408557" visible="true" version="1" changeset="25403982" timestamp="2014-09-13T04:46:04Z" user="FrozenFlame22" uid="719784" lat="38.8449367" lon="-104.7164387"/>
 <node id="3074408577" visible="true" version="1" changeset="25403982" timestamp="2014-09-13T04:46:05Z" user="FrozenFlame22" uid="719784" lat="38.8449331" lon="-104.7161168"/>
 <node id="3074408601" visible="true" version="1" changeset="25403982" timestamp="2014-09-13T04:46:05Z" user="FrozenFlame22" uid="719784" lat="38.8451852" lon="-104.7175706"/>
 <node id="3074408602" visible="true" version="1" changeset="25403982" timestamp="2014-09-13T04:46:05Z" user="FrozenFlame22" uid="719784" lat="38.8455266" lon="-104.7161205"/>
 <node id="3074408609" visible="true" version="1" changeset="25403982" timestamp="2014-09-13T04:46:05Z" user="FrozenFlame22" uid="719784" lat="38.8449767" lon="-104.7165897"/>
 <node id="3074408661" visible="true" version="1" changeset="25403982" timestamp="2014-09-13T04:46:06Z" user="FrozenFlame22" uid="719784" lat="38.8450077" lon="-104.7167069">
  <tag k="barrier" v="gate"/>
 </node>
 <node id="3074408682" visible="true" version="1" changeset="25403982" timestamp="2014-09-13T04:46:07Z" user="FrozenFlame22" uid="719784" lat="38.8456592" lon="-104.7163479"/>
 <node id="3074408688" visible="true" version="1" changeset="25403982" timestamp="2014-09-13T04:46:07Z" user="FrozenFlame22" uid="719784" lat="38.8458599" lon="-104.7166479"/>
 <node id="3074408691" visible="true" version="1" changeset="25403982" timestamp="2014-09-13T04:46:07Z" user="FrozenFlame22" uid="719784" lat="38.8459999" lon="-104.7168947"/>
 <node id="3074408733" visible="true" version="1" changeset="25403982" timestamp="2014-09-13T04:46:07Z" user="FrozenFlame22" uid="719784" lat="38.8462096" lon="-104.7176538"/>
 <node id="3074408765" visible="true" version="1" changeset="25403982" timestamp="2014-09-13T04:46:08Z" user="FrozenFlame22" uid="719784" lat="38.8458453" lon="-104.7166023"/>
 <node id="3074408881" visible="true" version="1" changeset="25403982" timestamp="2014-09-13T04:46:10Z" user="FrozenFlame22" uid="719784" lat="38.8460960" lon="-104.7176484"/>
 <node id="3074408890" visible="true" version="2" changeset="160389454" timestamp="2024-12-19T11:21:37Z" user="rsitoni_Lyft" uid="18783541" lat="38.8457483" lon="-104.7175759">
  <tag k="access:delivery" v="no"/>
  <tag k="barrier" v="gate"/>
 </node>
 <node id="3074409016" visible="true" version="1" changeset="25403982" timestamp="2014-09-13T04:46:13Z" user="FrozenFlame22" uid="719784" lat="38.8459184" lon="-104.7169886"/>
 <node id="3074409020" visible="true" version="1" changeset="25403982" timestamp="2014-09-13T04:46:13Z" user="FrozenFlame22" uid="719784" lat="38.8459790" lon="-104.7169617"/>
 <node id="3074409042" visible="true" version="1" changeset="25403982" timestamp="2014-09-13T04:46:13Z" user="FrozenFlame22" uid="719784" lat="38.8459081" lon="-104.7176001"/>
 <node id="3074409051" visible="true" version="1" changeset="25403982" timestamp="2014-09-13T04:46:13Z" user="FrozenFlame22" uid="719784" lat="38.8449304" lon="-104.7158846"/>
 <node id="3074409060" visible="true" version="1" changeset="25403982" timestamp="2014-09-13T04:46:14Z" user="FrozenFlame22" uid="719784" lat="38.8456449" lon="-104.7175750"/>
 <node id="3074409076" visible="true" version="1" changeset="25403982" timestamp="2014-09-13T04:46:14Z" user="FrozenFlame22" uid="719784" lat="38.8449360" lon="-104.7163717"/>
 <node id="3074409078" visible="true" version="1" changeset="25403982" timestamp="2014-09-13T04:46:14Z" user="FrozenFlame22" uid="719784" lat="38.8457185" lon="-104.7161599"/>
 <node id="3074409095" visible="true" version="1" changeset="25403982" timestamp="2014-09-13T04:46:14Z" user="FrozenFlame22" uid="719784" lat="38.8450140" lon="-104.7173372"/>
 <node id="3074409099" visible="true" version="1" changeset="25403982" timestamp="2014-09-13T04:46:14Z" user="FrozenFlame22" uid="719784" lat="38.8450306" lon="-104.7174123"/>
 <node id="3074409104" visible="true" version="1" changeset="25403982" timestamp="2014-09-13T04:46:14Z" user="FrozenFlame22" uid="719784" lat="38.8451351" lon="-104.7175545"/>
 <node id="3074409131" visible="true" version="1" changeset="25403982" timestamp="2014-09-13T04:46:15Z" user="FrozenFlame22" uid="719784" lat="38.8458579" lon="-104.7169376"/>
 <node id="3074409132" visible="true" version="1" changeset="25403982" timestamp="2014-09-13T04:46:15Z" user="FrozenFlame22" uid="719784" lat="38.8459978" lon="-104.7165192"/>
 <node id="3074409133" visible="true" version="1" changeset="25403982" timestamp="2014-09-13T04:46:15Z" user="FrozenFlame22" uid="719784" lat="38.8459623" lon="-104.7169832"/>
 <node id="3074409145" visible="true" version="1" changeset="25403982" timestamp="2014-09-13T04:46:15Z" user="FrozenFlame22" uid="719784" lat="38.8449347" lon="-104.7162644"/>
 <node id="3074409160" visible="true" version="1" changeset="25403982" timestamp="2014-09-13T04:46:16Z" user="FrozenFlame22" uid="719784" lat="38.8450850" lon="-104.7175143"/>
 <node id="3074409168" visible="true" version="1" changeset="25403982" timestamp="2014-09-13T04:46:16Z" user="FrozenFlame22" uid="719784" lat="38.8459414" lon="-104.7169912"/>
 <node id="3074409200" visible="true" version="1" changeset="25403982" timestamp="2014-09-13T04:46:16Z" user="FrozenFlame22" uid="719784" lat="38.8450536" lon="-104.7174687"/>
 <node id="3074409207" visible="true" version="1" changeset="25403982" timestamp="2014-09-13T04:46:16Z" user="FrozenFlame22" uid="719784" lat="38.8450105" lon="-104.7167962"/>
 <node id="3074409222" visible="true" version="1" changeset="25403982" timestamp="2014-09-13T04:46:17Z" user="FrozenFlame22" uid="719784" lat="38.8459916" lon="-104.7169349"/>
 <node id="3074409243" visible="true" version="1" changeset="25403982" timestamp="2014-09-13T04:46:17Z" user="FrozenFlame22" uid="719784" lat="38.8456010" lon="-104.7162805"/>
 <node id="3074409248" visible="true" version="1" changeset="25403982" timestamp="2014-09-13T04:46:17Z" user="FrozenFlame22" uid="719784" lat="38.8456654" lon="-104.7161227"/>
 <node id="3074409253" visible="true" version="1" changeset="25403982" timestamp="2014-09-13T04:46:17Z" user="FrozenFlame22" uid="719784" lat="38.8456865" lon="-104.7161304"/>
 <node id="4162274698" visible="true" version="1" changeset="39055802" timestamp="2016-05-03T00:15:02Z" user="MountainAddict" uid="2679756" lat="38.8500715" lon="-104.7190366"/>
 <node id="4162274699" visible="true" version="1" changeset="39055802" timestamp="2016-05-03T00:15:03Z" user="MountainAddict" uid="2679756" lat="38.8500759" lon="-104.7183774"/>
 <node id="4522384843" visible="true" version="1" changeset="43955942" timestamp="2016-11-26T00:23:12Z" user="MountainAddict" uid="2679756" lat="38.8467275" lon="-104.7205376"/>
 <node id="4522384844" visible="true" version="1" changeset="43955942" timestamp="2016-11-26T00:23:12Z" user="MountainAddict" uid="2679756" lat="38.8500857" lon="-104.7155803"/>
 <node id="4522384845" visible="true" version="1" changeset="43955942" timestamp="2016-11-26T00:23:12Z" user="MountainAddict" uid="2679756" lat="38.8469649" lon="-104.7168683"/>
 <node id="4522384846" visible="true" version="1" changeset="43955942" timestamp="2016-11-26T00:23:12Z" user="MountainAddict" uid="2679756" lat="38.8464927" lon="-104.7152315"/>
 <node id="4522384848" visible="true" version="1" changeset="43955942" timestamp="2016-11-26T00:23:12Z" user="MountainAddict" uid="2679756" lat="38.8493332" lon="-104.7203774"/>
 <node id="4522384849" visible="true" version="1" changeset="43955942" timestamp="2016-11-26T00:23:12Z" user="MountainAddict" uid="2679756" lat="38.8489496" lon="-104.7152870"/>
 <node id="4522384850" visible="true" version="1" changeset="43955942" timestamp="2016-11-26T00:23:12Z" user="MountainAddict" uid="2679756" lat="38.8462099" lon="-104.7178279"/>
 <node id="4522384852" visible="true" version="1" changeset="43955942" timestamp="2016-11-26T00:23:12Z" user="MountainAddict" uid="2679756" lat="38.8482350" lon="-104.7152633"/>
 <node id="4522384853" visible="true" version="1" changeset="43955942" timestamp="2016-11-26T00:23:12Z" user="MountainAddict" uid="2679756" lat="38.8485634" lon="-104.7205054"/>
 <node id="4522384854" visible="true" version="1" changeset="43955942" timestamp="2016-11-26T00:23:12Z" user="MountainAddict" uid="2679756" lat="38.8494169" lon="-104.7152638"/>
 <node id="4522384855" visible="true" version="1" changeset="43955942" timestamp="2016-11-26T00:23:12Z" user="MountainAddict" uid="2679756" lat="38.8491872" lon="-104.7153152"/>
 <node id="4522384856" visible="true" version="1" changeset="43955942" timestamp="2016-11-26T00:23:12Z" user="MountainAddict" uid="2679756" lat="38.8463132" lon="-104.7152197"/>
 <node id="4522384857" visible="true" version="1" changeset="43955942" timestamp="2016-11-26T00:23:12Z" user="MountainAddict" uid="2679756" lat="38.8474277" lon="-104.7153215"/>
 <node id="4522384858" visible="true" version="1" changeset="43955942" timestamp="2016-11-26T00:23:12Z" user="MountainAddict" uid="2679756" lat="38.8463927" lon="-104.7196722"/>
 <node id="4522384859" visible="true" version="1" changeset="43955942" timestamp="2016-11-26T00:23:12Z" user="MountainAddict" uid="2679756" lat="38.8469720" lon="-104.7178998"/>
 <node id="4522384860" visible="true" version="1" changeset="43955942" timestamp="2016-11-26T00:23:12Z" user="MountainAddict" uid="2679756" lat="38.8471065" lon="-104.7152833"/>
 <node id="4522384861" visible="true" version="1" changeset="43955942" timestamp="2016-11-26T00:23:12Z" user="MountainAddict" uid="2679756" lat="38.8463123" lon="-104.7167835"/>
 <node id="4522384862" visible="true" version="1" changeset="43955942" timestamp="2016-11-26T00:23:12Z" user="MountainAddict" uid="2679756" lat="38.8462081" lon="-104.7168862"/>
 <node id="4522384864" visible="true" version="1" changeset="43955942" timestamp="2016-11-26T00:23:12Z" user="MountainAddict" uid="2679756" lat="38.8479070" lon="-104.7152574"/>
 <node id="4522384865" visible="true" version="1" changeset="43955942" timestamp="2016-11-26T00:23:12Z" user="MountainAddict" uid="2679756" lat="38.8463109" lon="-104.7179166"/>
 <node id="4522384867" visible="true" version="1" changeset="43955942" timestamp="2016-11-26T00:23:12Z" user="MountainAddict" uid="2679756" lat="38.8466323" lon="-104.7204792"/>
 <node id="4522384868" visible="true" version="1" changeset="43955942" timestamp="2016-11-26T00:23:12Z" user="MountainAddict" uid="2679756" lat="38.8500102" lon="-104.7151823"/>
 <node id="4522384869" visible="true" version="1" changeset="43955942" timestamp="2016-11-26T00:23:12Z" user="MountainAddict" uid="2679756" lat="38.8496615" lon="-104.7152315"/>
 <node id="4522384871" visible="true" version="1" changeset="43955942" timestamp="2016-11-26T00:23:12Z" user="MountainAddict" uid="2679756" lat="38.8472980" lon="-104.7205548"/>
 <node id="4522384872" visible="true" version="1" changeset="43955942" timestamp="2016-11-26T00:23:12Z" user="MountainAddict" uid="2679756" lat="38.8501397" lon="-104.7201100"/>
 <node id="4522384873" visible="true" version="1" changeset="43955942" timestamp="2016-11-26T00:23:12Z" user="MountainAddict" uid="2679756" lat="38.8486342" lon="-104.7152870"/>
 <node id="4522384874" visible="true" version="1" changeset="43955942" timestamp="2016-11-26T00:23:12Z" user="MountainAddict" uid="2679756" lat="38.8462777" lon="-104.7187605"/>
 <node id="4522384875" visible="true" version="1" changeset="43955942" timestamp="2016-11-26T00:23:12Z" user="MountainAddict" uid="2679756" lat="38.8471153" lon="-104.7205636"/>
 <node id="4522384876" visible="true" version="1" changeset="43955942" timestamp="2016-11-26T00:23:12Z" user="MountainAddict" uid="2679756" lat="38.8478868" lon="-104.7205147"/>
 <node id="4522384877" visible="true" version="1" changeset="43955942" timestamp="2016-11-26T00:23:12Z" user="MountainAddict" uid="2679756" lat="38.8465140" lon="-104.7203097"/>
 <node id="6670232818" visible="true" version="1" changeset="72900816" timestamp="2019-08-01T14:05:48Z" user="jangah1" uid="10086289" lat="38.8483953" lon="-104.7138583"/>
 <node id="6794030374" visible="true" version="1" changeset="74455864" timestamp="2019-09-13T21:42:19Z" user="Taywee" uid="10298311" lat="38.8467547" lon="-104.7094571"/>
 <node id="6794030375" visible="true" version="1" changeset="74455864" timestamp="2019-09-13T21:42:19Z" user="Taywee" uid="10298311" lat="38.8467598" lon="-104.7100282"/>
 <node id="6794030376" visible="true" version="1" changeset="74455864" timestamp="2019-09-13T21:42:19Z" user="Taywee" uid="10298311" lat="38.8467395" lon="-104.7100625"/>
 <node id="6794030377" visible="true" version="1" changeset="74455864" timestamp="2019-09-13T21:42:19Z" user="Taywee" uid="10298311" lat="38.8467013" lon="-104.7100853"/>
 <node id="6794030378" visible="true" version="1" changeset="74455864" timestamp="2019-09-13T21:42:19Z" user="Taywee" uid="10298311" lat="38.8463379" lon="-104.7100902"/>
 <node id="6794030379" visible="true" version="1" changeset="74455864" timestamp="2019-09-13T21:42:19Z" user="Taywee" uid="10298311" lat="38.8463315" lon="-104.7096953"/>
 <node id="6794030380" visible="true" version="1" changeset="74455864" timestamp="2019-09-13T21:42:19Z" user="Taywee" uid="10298311" lat="38.8465819" lon="-104.7096921"/>
 <node id="6794030381" visible="true" version="1" changeset="74455864" timestamp="2019-09-13T21:42:19Z" user="Taywee" uid="10298311" lat="38.8466187" lon="-104.7096203"/>
 <node id="6794030382" visible="true" version="1" changeset="74455864" timestamp="2019-09-13T21:42:19Z" user="Taywee" uid="10298311" lat="38.8466200" lon="-104.7095044"/>
 <node id="6794030383" visible="true" version="1" changeset="74455864" timestamp="2019-09-13T21:42:19Z" user="Taywee" uid="10298311" lat="38.8465920" lon="-104.7093527"/>
 <node id="6794030384" visible="true" version="1" changeset="74455864" timestamp="2019-09-13T21:42:19Z" user="Taywee" uid="10298311" lat="38.8465920" lon="-104.7091961"/>
 <node id="6794043985" visible="true" version="1" changeset="74455864" timestamp="2019-09-13T21:42:19Z" user="Taywee" uid="10298311" lat="38.8465590" lon="-104.7091944"/>
 <node id="6794043986" visible="true" version="1" changeset="74455864" timestamp="2019-09-13T21:42:19Z" user="Taywee" uid="10298311" lat="38.8465539" lon="-104.7090101"/>
 <node id="6794043987" visible="true" version="1" changeset="74455864" timestamp="2019-09-13T21:42:19Z" user="Taywee" uid="10298311" lat="38.8466494" lon="-104.7090091"/>
 <node id="6794043988" visible="true" version="1" changeset="74455864" timestamp="2019-09-13T21:42:19Z" user="Taywee" uid="10298311" lat="38.8467115" lon="-104.7091608"/>
 <node id="6794043989" visible="true" version="1" changeset="74455864" timestamp="2019-09-13T21:42:19Z" user="Taywee" uid="10298311" lat="38.8466594" lon="-104.7092189"/>
 <node id="6794043990" visible="true" version="1" changeset="74455864" timestamp="2019-09-13T21:42:19Z" user="Taywee" uid="10298311" lat="38.8466454" lon="-104.7093037"/>
 <node id="6794043991" visible="true" version="1" changeset="74455864" timestamp="2019-09-13T21:42:19Z" user="Taywee" uid="10298311" lat="38.8466607" lon="-104.7093788"/>
 <node id="6794043992" visible="true" version="1" changeset="74455864" timestamp="2019-09-13T21:42:19Z" user="Taywee" uid="10298311" lat="38.8467013" lon="-104.7094310"/>
 <node id="6950487833" visible="true" version="1" changeset="76683906" timestamp="2019-11-06T08:03:56Z" user="indukun" uid="10192116" lat="38.8412435" lon="-104.7107008"/>
 <node id="6950487834" visible="true" version="1" changeset="76683906" timestamp="2019-11-06T08:03:56Z" user="indukun" uid="10192116" lat="38.8412379" lon="-104.7105965">
  <tag k="barrier" v="gate"/>
 </node>
 <node id="6950487835" visible="true" version="1" changeset="76683906" timestamp="2019-11-06T08:03:56Z" user="indukun" uid="10192116" lat="38.8412435" lon="-104.7103482"/>
 <node id="6950487836" visible="true" version="1" changeset="76683906" timestamp="2019-11-06T08:03:56Z" user="indukun" uid="10192116" lat="38.8412234" lon="-104.7102229"/>
 <node id="6950487837" visible="true" version="1" changeset="76683906" timestamp="2019-11-06T08:03:56Z" user="indukun" uid="10192116" lat="38.8412189" lon="-104.7094039"/>
 <node id="6950487838" visible="true" version="1" changeset="76683906" timestamp="2019-11-06T08:03:56Z" user="indukun" uid="10192116" lat="38.8412536" lon="-104.7093650"/>
 <node id="6950487839" visible="true" version="1" changeset="76683906" timestamp="2019-11-06T08:03:56Z" user="indukun" uid="10192116" lat="38.8415618" lon="-104.7093771"/>
 <node id="6950487840" visible="true" version="1" changeset="76683906" timestamp="2019-11-06T08:03:56Z" user="indukun" uid="10192116" lat="38.8416150" lon="-104.7094040"/>
 <node id="6950487841" visible="true" version="1" changeset="76683906" timestamp="2019-11-06T08:03:56Z" user="indukun" uid="10192116" lat="38.8416306" lon="-104.7106986"/>
 <node id="6950487842" visible="true" version="1" changeset="76683906" timestamp="2019-11-06T08:03:56Z" user="indukun" uid="10192116" lat="38.8416292" lon="-104.7105859">
  <tag k="barrier" v="gate"/>
 </node>
 <node id="6950487843" visible="true" version="1" changeset="76683906" timestamp="2019-11-06T08:03:56Z" user="indukun" uid="10192116" lat="38.8420895" lon="-104.7083767"/>
 <node id="6950487844" visible="true" version="1" changeset="76683906" timestamp="2019-11-06T08:03:56Z" user="indukun" uid="10192116" lat="38.8420851" lon="-104.7081223"/>
 <node id="6950487845" visible="true" version="1" changeset="76683906" timestamp="2019-11-06T08:03:56Z" user="indukun" uid="10192116" lat="38.8420798" lon="-104.7077228"/>
 <node id="6950487846" visible="true" version="1" changeset="76683906" timestamp="2019-11-06T08:03:56Z" user="indukun" uid="10192116" lat="38.8420754" lon="-104.7074476"/>
 <node id="6950487847" visible="true" version="1" changeset="76683906" timestamp="2019-11-06T08:03:56Z" user="indukun" uid="10192116" lat="38.8420817" lon="-104.7072730"/>
 <node id="6950487848" visible="true" version="1" changeset="76683906" timestamp="2019-11-06T08:03:56Z" user="indukun" uid="10192116" lat="38.8420919" lon="-104.7072450"/>
 <node id="6950487849" visible="true" version="1" changeset="76683906" timestamp="2019-11-06T08:03:56Z" user="indukun" uid="10192116" lat="38.8427738" lon="-104.7072406"/>
 <node id="6950487850" visible="true" version="1" changeset="76683906" timestamp="2019-11-06T08:03:56Z" user="indukun" uid="10192116" lat="38.8431161" lon="-104.7083707"/>
 <node id="6950487851" visible="true" version="1" changeset="76683906" timestamp="2019-11-06T08:03:56Z" user="indukun" uid="10192116" lat="38.8431209" lon="-104.7081815"/>
 <node id="6950487852" visible="true" version="1" changeset="76683906" timestamp="2019-11-06T08:03:56Z" user="indukun" uid="10192116" lat="38.8431610" lon="-104.7081373"/>
 <node id="6950487853" visible="true" version="1" changeset="76683906" timestamp="2019-11-06T08:03:56Z" user="indukun" uid="10192116" lat="38.8431680" lon="-104.7080143"/>
 <node id="6950487854" visible="true" version="1" changeset="76683906" timestamp="2019-11-06T08:03:56Z" user="indukun" uid="10192116" lat="38.8431667" lon="-104.7075361"/>
 <node id="6950487855" visible="true" version="1" changeset="76683906" timestamp="2019-11-06T08:03:56Z" user="indukun" uid="10192116" lat="38.8431549" lon="-104.7074981"/>
 <node id="6950487856" visible="true" version="1" changeset="76683906" timestamp="2019-11-06T08:03:56Z" user="indukun" uid="10192116" lat="38.8431261" lon="-104.7074908"/>
 <node id="6950487857" visible="true" version="1" changeset="76683906" timestamp="2019-11-06T08:03:56Z" user="indukun" uid="10192116" lat="38.8430939" lon="-104.7074998"/>
 <node id="6950487858" visible="true" version="1" changeset="76683906" timestamp="2019-11-06T08:03:56Z" user="indukun" uid="10192116" lat="38.8430743" lon="-104.7075216"/>
 <node id="6950487859" visible="true" version="1" changeset="76683906" timestamp="2019-11-06T08:03:56Z" user="indukun" uid="10192116" lat="38.8430669" lon="-104.7081200"/>
 <node id="6950487860" visible="true" version="1" changeset="76683906" timestamp="2019-11-06T08:03:56Z" user="indukun" uid="10192116" lat="38.8430791" lon="-104.7081480"/>
 <node id="6950487861" visible="true" version="1" changeset="76683906" timestamp="2019-11-06T08:03:56Z" user="indukun" uid="10192116" lat="38.8430926" lon="-104.7081709"/>
 <node id="6951282532" visible="true" version="2" changeset="79593326" timestamp="2020-01-15T05:38:32Z" user="gohimans" uid="10145709" lat="38.8460445" lon="-104.7119239"/>
 <node id="6951282534" visible="true" version="1" changeset="76701756" timestamp="2019-11-06T13:11:25Z" user="buddhirv" uid="10145792" lat="38.8458461" lon="-104.7120220"/>
 <node id="6951282535" visible="true" version="1" changeset="76701756" timestamp="2019-11-06T13:11:25Z" user="buddhirv" uid="10145792" lat="38.8456305" lon="-104.7120710"/>
 <node id="6951282536" visible="true" version="1" changeset="76701756" timestamp="2019-11-06T13:11:25Z" user="buddhirv" uid="10145792" lat="38.8451636" lon="-104.7120624"/>
 <node id="6951282537" visible="true" version="1" changeset="76701756" timestamp="2019-11-06T13:11:25Z" user="buddhirv" uid="10145792" lat="38.8450244" lon="-104.7120192"/>
 <node id="6951282538" visible="true" version="1" changeset="76701756" timestamp="2019-11-06T13:11:25Z" user="buddhirv" uid="10145792" lat="38.8449705" lon="-104.7119067"/>
 <node id="6951282539" visible="true" version="1" changeset="76701756" timestamp="2019-11-06T13:11:25Z" user="buddhirv" uid="10145792" lat="38.8449817" lon="-104.7106793"/>
 <node id="6951282540" visible="true" version="1" changeset="76701756" timestamp="2019-11-06T13:11:25Z" user="buddhirv" uid="10145792" lat="38.8466691" lon="-104.7119034"/>
 <node id="6951282541" visible="true" version="1" changeset="76701756" timestamp="2019-11-06T13:11:25Z" user="buddhirv" uid="10145792" lat="38.8466792" lon="-104.7121175"/>
 <node id="6951282542" visible="true" version="1" changeset="76701756" timestamp="2019-11-06T13:11:25Z" user="buddhirv" uid="10145792" lat="38.8467022" lon="-104.7121740"/>
 <node id="6951282543" visible="true" version="2" changeset="103741083" timestamp="2021-04-28T04:17:03Z" user="rbhawa" uid="10480294" lat="38.8467030" lon="-104.7128706"/>
 <node id="6951282544" visible="true" version="1" changeset="76701756" timestamp="2019-11-06T13:11:25Z" user="buddhirv" uid="10145792" lat="38.8471938" lon="-104.7138625"/>
 <node id="6951282559" visible="true" version="1" changeset="76701756" timestamp="2019-11-06T13:11:25Z" user="buddhirv" uid="10145792" lat="38.8475342" lon="-104.7138613"/>
 <node id="6966740691" visible="true" version="1" changeset="76916957" timestamp="2019-11-11T15:04:59Z" user="buddhirv" uid="10145792" lat="38.8408943" lon="-104.7146706"/>
 <node id="6966740692" visible="true" version="1" changeset="76916957" timestamp="2019-11-11T15:04:59Z" user="buddhirv" uid="10145792" lat="38.8399173" lon="-104.7147441"/>
 <node id="6968213432" visible="true" version="1" changeset="76941741" timestamp="2019-11-12T06:38:02Z" user="buddhirv" uid="10145792" lat="38.8409202" lon="-104.7184919"/>
 <node id="6993774076" visible="true" version="2" changeset="81345409" timestamp="2020-02-22T13:03:25Z" user="maxerickson" uid="360392" lat="38.8416262" lon="-104.7132800">
  <tag k="addr:city" v="Colorado Springs"/>
  <tag k="addr:housenumber" v="611"/>
  <tag k="addr:postcode" v="80915"/>
  <tag k="addr:state" v="CO"/>
  <tag k="addr:street" v="Valley Street"/>
  <tag k="name" v="5 Star Moving and Storage"/>
  <tag k="office" v="moving_company"/>
  <tag k="website" v="https://5starmovingandstorage.com"/>
 </node>
 <node id="7025401228" visible="true" version="1" changeset="77805909" timestamp="2019-12-02T08:20:37Z" user="rppalagu" uid="10240916" lat="38.8438453" lon="-104.7117272"/>
 <node id="7025401229" visible="true" version="1" changeset="77805909" timestamp="2019-12-02T08:20:37Z" user="rppalagu" uid="10240916" lat="38.8434476" lon="-104.7116990"/>
 <node id="7025401230" visible="true" version="1" changeset="77805909" timestamp="2019-12-02T08:20:37Z" user="rppalagu" uid="10240916" lat="38.8434109" lon="-104.7116449"/>
 <node id="7025401231" visible="true" version="1" changeset="77805909" timestamp="2019-12-02T08:20:37Z" user="rppalagu" uid="10240916" lat="38.8433926" lon="-104.7115201"/>
 <node id="7025401232" visible="true" version="1" changeset="77805909" timestamp="2019-12-02T08:20:37Z" user="rppalagu" uid="10240916" lat="38.8433651" lon="-104.7111648"/>
 <node id="7025401233" visible="true" version="1" changeset="77805909" timestamp="2019-12-02T08:20:37Z" user="rppalagu" uid="10240916" lat="38.8433174" lon="-104.7110095">
  <tag k="barrier" v="gate"/>
 </node>
 <node id="7025401234" visible="true" version="1" changeset="77805909" timestamp="2019-12-02T08:20:37Z" user="rppalagu" uid="10240916" lat="38.8433119" lon="-104.7109177"/>
 <node id="7025401235" visible="true" version="1" changeset="77805909" timestamp="2019-12-02T08:20:37Z" user="rppalagu" uid="10240916" lat="38.8433101" lon="-104.7106890"/>
 <node id="7025401236" visible="true" version="1" changeset="77805909" timestamp="2019-12-02T08:20:37Z" user="rppalagu" uid="10240916" lat="38.8430575" lon="-104.7112199"/>
 <node id="7025401237" visible="true" version="1" changeset="77805909" timestamp="2019-12-02T08:20:37Z" user="rppalagu" uid="10240916" lat="38.8428250" lon="-104.7112120"/>
 <node id="7025401238" visible="true" version="1" changeset="77805909" timestamp="2019-12-02T08:20:37Z" user="rppalagu" uid="10240916" lat="38.8426818" lon="-104.7113822"/>
 <node id="7025401239" visible="true" version="1" changeset="77805909" timestamp="2019-12-02T08:20:37Z" user="rppalagu" uid="10240916" lat="38.8426747" lon="-104.7118408"/>
 <node id="7025401240" visible="true" version="1" changeset="77805909" timestamp="2019-12-02T08:20:37Z" user="rppalagu" uid="10240916" lat="38.8428277" lon="-104.7110720">
  <tag k="barrier" v="gate"/>
 </node>
 <node id="7025401241" visible="true" version="1" changeset="77805909" timestamp="2019-12-02T08:20:37Z" user="rppalagu" uid="10240916" lat="38.8428621" lon="-104.7110402"/>
 <node id="7025401242" visible="true" version="1" changeset="77805909" timestamp="2019-12-02T08:20:37Z" user="rppalagu" uid="10240916" lat="38.8428621" lon="-104.7109267"/>
 <node id="7025401243" visible="true" version="1" changeset="77805909" timestamp="2019-12-02T08:20:37Z" user="rppalagu" uid="10240916" lat="38.8428436" lon="-104.7109052"/>
 <node id="7025401244" visible="true" version="1" changeset="77805909" timestamp="2019-12-02T08:20:37Z" user="rppalagu" uid="10240916" lat="38.8428383" lon="-104.7106917"/>
 <node id="7025401245" visible="true" version="1" changeset="77805909" timestamp="2019-12-02T08:20:37Z" user="rppalagu" uid="10240916" lat="38.8428117" lon="-104.7110395"/>
 <node id="7025401246" visible="true" version="1" changeset="77805909" timestamp="2019-12-02T08:20:37Z" user="rppalagu" uid="10240916" lat="38.8428162" lon="-104.7109248"/>
 <node id="7025401247" visible="true" version="1" changeset="77805909" timestamp="2019-12-02T08:20:37Z" user="rppalagu" uid="10240916" lat="38.8440027" lon="-104.7083657"/>
 <node id="7025401248" visible="true" version="1" changeset="77805909" timestamp="2019-12-02T08:20:37Z" user="rppalagu" uid="10240916" lat="38.8439944" lon="-104.7072850"/>
 <node id="7025401249" visible="true" version="1" changeset="77805909" timestamp="2019-12-02T08:20:37Z" user="rppalagu" uid="10240916" lat="38.8439908" lon="-104.7072544"/>
 <node id="7025401250" visible="true" version="1" changeset="77805909" timestamp="2019-12-02T08:20:37Z" user="rppalagu" uid="10240916" lat="38.8439717" lon="-104.7072185"/>
 <node id="7025401251" visible="true" version="1" changeset="77805909" timestamp="2019-12-02T08:20:37Z" user="rppalagu" uid="10240916" lat="38.8439437" lon="-104.7072054"/>
 <node id="7025401252" visible="true" version="1" changeset="77805909" timestamp="2019-12-02T08:20:37Z" user="rppalagu" uid="10240916" lat="38.8434857" lon="-104.7072135"/>
 <node id="7026069727" visible="true" version="1" changeset="77822441" timestamp="2019-12-02T13:10:13Z" user="ssahithi" uid="10159506" lat="38.8462105" lon="-104.7146877"/>
 <node id="7026069728" visible="true" version="2" changeset="78134890" timestamp="2019-12-09T07:41:26Z" user="ssahithi" uid="10159506" lat="38.8452321" lon="-104.7146884"/>
 <node id="7026069729" visible="true" version="2" changeset="78134890" timestamp="2019-12-09T07:41:26Z" user="ssahithi" uid="10159506" lat="38.8451705" lon="-104.7146515"/>
 <node id="7026069730" visible="true" version="2" changeset="78134890" timestamp="2019-12-09T07:41:26Z" user="ssahithi" uid="10159506" lat="38.8451818" lon="-104.7141120"/>
 <node id="7026069731" visible="true" version="1" changeset="77822441" timestamp="2019-12-02T13:10:13Z" user="ssahithi" uid="10159506" lat="38.8452392" lon="-104.7140443"/>
 <node id="7026069732" visible="true" version="1" changeset="77822441" timestamp="2019-12-02T13:10:13Z" user="ssahithi" uid="10159506" lat="38.8459986" lon="-104.7140505"/>
 <node id="7026069733" visible="true" version="1" changeset="77822441" timestamp="2019-12-02T13:10:13Z" user="ssahithi" uid="10159506" lat="38.8460360" lon="-104.7140998"/>
 <node id="7026069734" visible="true" version="1" changeset="77822441" timestamp="2019-12-02T13:10:13Z" user="ssahithi" uid="10159506" lat="38.8460399" lon="-104.7146880"/>
 <node id="7030705581" visible="true" version="1" changeset="77913046" timestamp="2019-12-04T06:54:48Z" user="jhameena" uid="10192125" lat="38.8409192" lon="-104.7184439"/>
 <node id="7043210427" visible="true" version="1" changeset="78134890" timestamp="2019-12-09T07:41:26Z" user="ssahithi" uid="10159506" lat="38.8452022" lon="-104.7146785">
  <tag k="barrier" v="gate"/>
 </node>
 <node id="7043210428" visible="true" version="1" changeset="78134890" timestamp="2019-12-09T07:41:26Z" user="ssahithi" uid="10159506" lat="38.8454292" lon="-104.7140459">
  <tag k="barrier" v="gate"/>
 </node>
 <node id="7048145779" visible="true" version="1" changeset="78235161" timestamp="2019-12-11T03:16:45Z" user="bhardwk" uid="10114008" lat="38.8467584" lon="-104.7011270"/>
 <node id="7059268936" visible="true" version="1" changeset="78453904" timestamp="2019-12-16T06:03:59Z" user="veesams" uid="10145795" lat="38.8447611" lon="-104.7082098"/>
 <node id="7059268937" visible="true" version="1" changeset="78453904" timestamp="2019-12-16T06:03:59Z" user="veesams" uid="10145795" lat="38.8447475" lon="-104.7080931"/>
 <node id="7059268938" visible="true" version="1" changeset="78453904" timestamp="2019-12-16T06:03:59Z" user="veesams" uid="10145795" lat="38.8446974" lon="-104.7079724"/>
 <node id="7059268939" visible="true" version="1" changeset="78453904" timestamp="2019-12-16T06:03:59Z" user="veesams" uid="10145795" lat="38.8442806" lon="-104.7074387"/>
 <node id="7071713466" visible="true" version="1" changeset="78675892" timestamp="2019-12-20T09:26:36Z" user="leelamrs" uid="10240925" lat="38.8446883" lon="-104.7138776"/>
 <node id="7071713467" visible="true" version="1" changeset="78675892" timestamp="2019-12-20T09:26:36Z" user="leelamrs" uid="10240925" lat="38.8446907" lon="-104.7130351"/>
 <node id="7071713468" visible="true" version="1" changeset="78675892" timestamp="2019-12-20T09:26:36Z" user="leelamrs" uid="10240925" lat="38.8444383" lon="-104.7130381"/>
 <node id="7071713469" visible="true" version="1" changeset="78675892" timestamp="2019-12-20T09:26:36Z" user="leelamrs" uid="10240925" lat="38.8444218" lon="-104.7138796"/>
 <node id="7115831847" visible="true" version="1" changeset="79318408" timestamp="2020-01-08T03:26:01Z" user="boddushr" uid="10297538" lat="38.8462158" lon="-104.7091926"/>
 <node id="7115831848" visible="true" version="1" changeset="79318408" timestamp="2020-01-08T03:26:01Z" user="boddushr" uid="10297538" lat="38.8461164" lon="-104.7090884"/>
 <node id="7115831849" visible="true" version="1" changeset="79318408" timestamp="2020-01-08T03:26:01Z" user="boddushr" uid="10297538" lat="38.8460085" lon="-104.7090209"/>
 <node id="7115831850" visible="true" version="1" changeset="79318408" timestamp="2020-01-08T03:26:01Z" user="boddushr" uid="10297538" lat="38.8457153" lon="-104.7090257"/>
 <node id="7115831851" visible="true" version="1" changeset="79318408" timestamp="2020-01-08T03:26:01Z" user="boddushr" uid="10297538" lat="38.8457172" lon="-104.7083568"/>
 <node id="7115831852" visible="true" version="1" changeset="79318408" timestamp="2020-01-08T03:26:01Z" user="boddushr" uid="10297538" lat="38.8457163" lon="-104.7084299"/>
 <node id="7115831853" visible="true" version="1" changeset="79318408" timestamp="2020-01-08T03:26:01Z" user="boddushr" uid="10297538" lat="38.8460625" lon="-104.7090381"/>
 <node id="7115831854" visible="true" version="1" changeset="79318408" timestamp="2020-01-08T03:26:01Z" user="boddushr" uid="10297538" lat="38.8459753" lon="-104.7090215"/>
 <node id="7115831855" visible="true" version="1" changeset="79318408" timestamp="2020-01-08T03:26:01Z" user="boddushr" uid="10297538" lat="38.8459781" lon="-104.7088374"/>
 <node id="7115831856" visible="true" version="1" changeset="79318408" timestamp="2020-01-08T03:26:01Z" user="boddushr" uid="10297538" lat="38.8457156" lon="-104.7088410"/>
 <node id="7116090941" visible="true" version="1" changeset="79325121" timestamp="2020-01-08T06:32:28Z" user="Bike 2 End" uid="2529030" lat="38.8461689" lon="-104.7151410"/>
 <node id="7116090942" visible="true" version="1" changeset="79325121" timestamp="2020-01-08T06:32:28Z" user="Bike 2 End" uid="2529030" lat="38.8462489" lon="-104.7151434"/>
 <node id="7116096508" visible="true" version="1" changeset="79325184" timestamp="2020-01-08T06:34:05Z" user="Bike 2 End" uid="2529030" lat="38.8408571" lon="-104.7157033"/>
 <node id="7116096509" visible="true" version="1" changeset="79325184" timestamp="2020-01-08T06:34:05Z" user="Bike 2 End" uid="2529030" lat="38.8409370" lon="-104.7157073"/>
 <node id="7116096511" visible="true" version="2" changeset="152055948" timestamp="2024-05-30T22:01:53Z" user="Bike 2 End" uid="2529030" lat="38.8392497" lon="-104.7066347"/>
 <node id="7116128368" visible="true" version="1" changeset="79326793" timestamp="2020-01-08T07:17:53Z" user="vshnsa" uid="10480276" lat="38.8408989" lon="-104.7163996"/>
 <node id="7116128369" visible="true" version="1" changeset="79326793" timestamp="2020-01-08T07:17:53Z" user="vshnsa" uid="10480276" lat="38.8400979" lon="-104.7164014"/>
 <node id="7116128370" visible="true" version="1" changeset="79326793" timestamp="2020-01-08T07:17:53Z" user="vshnsa" uid="10480276" lat="38.8400953" lon="-104.7158618"/>
 <node id="7116128371" visible="true" version="1" changeset="79326793" timestamp="2020-01-08T07:17:53Z" user="vshnsa" uid="10480276" lat="38.8407567" lon="-104.7164000"/>
 <node id="7116128372" visible="true" version="1" changeset="79326793" timestamp="2020-01-08T07:17:53Z" user="vshnsa" uid="10480276" lat="38.8407567" lon="-104.7161605"/>
 <node id="7116128373" visible="true" version="1" changeset="79326793" timestamp="2020-01-08T07:17:53Z" user="vshnsa" uid="10480276" lat="38.8408983" lon="-104.7161578"/>
 <node id="7116128374" visible="true" version="1" changeset="79326793" timestamp="2020-01-08T07:17:53Z" user="vshnsa" uid="10480276" lat="38.8408998" lon="-104.7167561"/>
 <node id="7116128375" visible="true" version="1" changeset="79326793" timestamp="2020-01-08T07:17:53Z" user="vshnsa" uid="10480276" lat="38.8410882" lon="-104.7167455"/>
 <node id="7116128376" visible="true" version="1" changeset="79326793" timestamp="2020-01-08T07:17:53Z" user="vshnsa" uid="10480276" lat="38.8410813" lon="-104.7158918"/>
 <node id="7116128377" visible="true" version="1" changeset="79326793" timestamp="2020-01-08T07:17:53Z" user="vshnsa" uid="10480276" lat="38.8408950" lon="-104.7149287"/>
 <node id="7116128378" visible="true" version="1" changeset="79326793" timestamp="2020-01-08T07:17:53Z" user="vshnsa" uid="10480276" lat="38.8395791" lon="-104.7150130"/>
 <node id="7116128379" visible="true" version="1" changeset="79326793" timestamp="2020-01-08T07:17:53Z" user="vshnsa" uid="10480276" lat="38.8408964" lon="-104.7154500"/>
 <node id="7116128380" visible="true" version="1" changeset="79326793" timestamp="2020-01-08T07:17:53Z" user="vshnsa" uid="10480276" lat="38.8406898" lon="-104.7154385"/>
 <node id="7116128381" visible="true" version="1" changeset="79326793" timestamp="2020-01-08T07:17:53Z" user="vshnsa" uid="10480276" lat="38.8406832" lon="-104.7149242"/>
 <node id="7116128382" visible="true" version="1" changeset="79326793" timestamp="2020-01-08T07:17:53Z" user="vshnsa" uid="10480276" lat="38.8405015" lon="-104.7149365"/>
 <node id="7116128383" visible="true" version="1" changeset="79326793" timestamp="2020-01-08T07:17:53Z" user="vshnsa" uid="10480276" lat="38.8408949" lon="-104.7148980"/>
 <node id="7116128384" visible="true" version="1" changeset="79326793" timestamp="2020-01-08T07:17:53Z" user="vshnsa" uid="10480276" lat="38.8403568" lon="-104.7139171"/>
 <node id="7116148014" visible="true" version="1" changeset="79326548" timestamp="2020-01-08T07:11:54Z" user="vshnsa" uid="10480276" lat="38.8477269" lon="-104.7119014"/>
 <node id="7116148022" visible="true" version="1" changeset="79326548" timestamp="2020-01-08T07:11:54Z" user="vshnsa" uid="10480276" lat="38.8474014" lon="-104.7119020"/>
 <node id="7116148025" visible="true" version="1" changeset="79326548" timestamp="2020-01-08T07:11:54Z" user="vshnsa" uid="10480276" lat="38.8471615" lon="-104.7119025"/>
 <node id="7116148026" visible="true" version="1" changeset="79326548" timestamp="2020-01-08T07:11:54Z" user="vshnsa" uid="10480276" lat="38.8470065" lon="-104.7119028"/>
 <node id="7116148029" visible="true" version="1" changeset="79326548" timestamp="2020-01-08T07:11:54Z" user="vshnsa" uid="10480276" lat="38.8468424" lon="-104.7119031"/>
 <node id="7116148043" visible="true" version="1" changeset="79326548" timestamp="2020-01-08T07:11:54Z" user="vshnsa" uid="10480276" lat="38.8489713" lon="-104.7138563"/>
 <node id="7116148046" visible="true" version="1" changeset="79326548" timestamp="2020-01-08T07:11:54Z" user="vshnsa" uid="10480276" lat="38.8486966" lon="-104.7138572"/>
 <node id="7116148047" visible="true" version="1" changeset="79326548" timestamp="2020-01-08T07:11:54Z" user="vshnsa" uid="10480276" lat="38.8491676" lon="-104.7138556"/>
 <node id="7116148050" visible="true" version="1" changeset="79326548" timestamp="2020-01-08T07:11:54Z" user="vshnsa" uid="10480276" lat="38.8494704" lon="-104.7138545"/>
 <node id="7116148051" visible="true" version="1" changeset="79326548" timestamp="2020-01-08T07:11:54Z" user="vshnsa" uid="10480276" lat="38.8504975" lon="-104.7138509"/>
 <node id="7116148054" visible="true" version="1" changeset="79326548" timestamp="2020-01-08T07:11:54Z" user="vshnsa" uid="10480276" lat="38.8500052" lon="-104.7138527"/>
 <node id="7116148055" visible="true" version="1" changeset="79326548" timestamp="2020-01-08T07:11:54Z" user="vshnsa" uid="10480276" lat="38.8509163" lon="-104.7138495"/>
 <node id="7116148058" visible="true" version="1" changeset="79326548" timestamp="2020-01-08T07:11:54Z" user="vshnsa" uid="10480276" lat="38.8517719" lon="-104.7138465"/>
 <node id="7116148061" visible="true" version="1" changeset="79326548" timestamp="2020-01-08T07:11:54Z" user="vshnsa" uid="10480276" lat="38.8521356" lon="-104.7138452"/>
 <node id="7116148067" visible="true" version="1" changeset="79326548" timestamp="2020-01-08T07:11:54Z" user="vshnsa" uid="10480276" lat="38.8525135" lon="-104.7138439"/>
 <node id="7116161485" visible="true" version="1" changeset="79326793" timestamp="2020-01-08T07:17:53Z" user="vshnsa" uid="10480276" lat="38.8403612" lon="-104.7136995"/>
 <node id="7116161486" visible="true" version="1" changeset="79326793" timestamp="2020-01-08T07:17:53Z" user="vshnsa" uid="10480276" lat="38.8399621" lon="-104.7136942"/>
 <node id="7116161487" visible="true" version="1" changeset="79326793" timestamp="2020-01-08T07:17:53Z" user="vshnsa" uid="10480276" lat="38.8399565" lon="-104.7133543"/>
 <node id="7116161488" visible="true" version="1" changeset="79326793" timestamp="2020-01-08T07:17:53Z" user="vshnsa" uid="10480276" lat="38.8399975" lon="-104.7133088"/>
 <node id="7116161489" visible="true" version="1" changeset="79326793" timestamp="2020-01-08T07:17:53Z" user="vshnsa" uid="10480276" lat="38.8407544" lon="-104.7133136"/>
 <node id="7116161490" visible="true" version="1" changeset="79326793" timestamp="2020-01-08T07:17:53Z" user="vshnsa" uid="10480276" lat="38.8408888" lon="-104.7132035"/>
 <node id="7116161491" visible="true" version="1" changeset="79326793" timestamp="2020-01-08T07:17:53Z" user="vshnsa" uid="10480276" lat="38.8403611" lon="-104.7137024"/>
 <node id="7116161492" visible="true" version="1" changeset="79326793" timestamp="2020-01-08T07:17:53Z" user="vshnsa" uid="10480276" lat="38.8407587" lon="-104.7136910"/>
 <node id="7116161493" visible="true" version="1" changeset="79326793" timestamp="2020-01-08T07:17:53Z" user="vshnsa" uid="10480276" lat="38.8401967" lon="-104.7107096"/>
 <node id="7116161494" visible="true" version="1" changeset="79326793" timestamp="2020-01-08T07:17:53Z" user="vshnsa" uid="10480276" lat="38.8403211" lon="-104.7120615"/>
 <node id="7116161495" visible="true" version="1" changeset="79326793" timestamp="2020-01-08T07:17:53Z" user="vshnsa" uid="10480276" lat="38.8405980" lon="-104.7119817"/>
 <node id="7116161496" visible="true" version="1" changeset="79326793" timestamp="2020-01-08T07:17:53Z" user="vshnsa" uid="10480276" lat="38.8407919" lon="-104.7119493"/>
 <node id="7116161497" visible="true" version="1" changeset="79326793" timestamp="2020-01-08T07:17:53Z" user="vshnsa" uid="10480276" lat="38.8408825" lon="-104.7119414"/>
 <node id="7116161498" visible="true" version="1" changeset="79326793" timestamp="2020-01-08T07:17:53Z" user="vshnsa" uid="10480276" lat="38.8396973" lon="-104.7107146"/>
 <node id="7116313319" visible="true" version="1" changeset="79330952" timestamp="2020-01-08T09:00:39Z" user="vshnsa" uid="10480276" lat="38.8445826" lon="-104.7158853"/>
 <node id="7116313320" visible="true" version="1" changeset="79330952" timestamp="2020-01-08T09:00:39Z" user="vshnsa" uid="10480276" lat="38.8445764" lon="-104.7161476"/>
 <node id="7116313321" visible="true" version="1" changeset="79330952" timestamp="2020-01-08T09:00:39Z" user="vshnsa" uid="10480276" lat="38.8440435" lon="-104.7161546"/>
 <node id="7116313322" visible="true" version="1" changeset="79330952" timestamp="2020-01-08T09:00:39Z" user="vshnsa" uid="10480276" lat="38.8433584" lon="-104.7161462"/>
 <node id="7116313323" visible="true" version="1" changeset="79330952" timestamp="2020-01-08T09:00:39Z" user="vshnsa" uid="10480276" lat="38.8440460" lon="-104.7158863"/>
 <node id="7116313324" visible="true" version="1" changeset="79330952" timestamp="2020-01-08T09:00:39Z" user="vshnsa" uid="10480276" lat="38.8455482" lon="-104.7138711"/>
 <node id="7116313325" visible="true" version="1" changeset="79330952" timestamp="2020-01-08T09:00:39Z" user="vshnsa" uid="10480276" lat="38.8455415" lon="-104.7135554"/>
 <node id="7116313326" visible="true" version="1" changeset="79330952" timestamp="2020-01-08T09:00:39Z" user="vshnsa" uid="10480276" lat="38.8455058" lon="-104.7134322"/>
 <node id="7116313327" visible="true" version="1" changeset="79330952" timestamp="2020-01-08T09:00:39Z" user="vshnsa" uid="10480276" lat="38.8454970" lon="-104.7127592"/>
 <node id="7116313328" visible="true" version="1" changeset="79330952" timestamp="2020-01-08T09:00:39Z" user="vshnsa" uid="10480276" lat="38.8449928" lon="-104.7127686"/>
 <node id="7116313329" visible="true" version="1" changeset="79330952" timestamp="2020-01-08T09:00:39Z" user="vshnsa" uid="10480276" lat="38.8449818" lon="-104.7135589"/>
 <node id="7132412869" visible="true" version="1" changeset="79593326" timestamp="2020-01-15T05:38:32Z" user="gohimans" uid="10145709" lat="38.8460462" lon="-104.7111898"/>
 <node id="7132412870" visible="true" version="1" changeset="79593326" timestamp="2020-01-15T05:38:32Z" user="gohimans" uid="10145709" lat="38.8460206" lon="-104.7111048"/>
 <node id="7132412871" visible="true" version="1" changeset="79593326" timestamp="2020-01-15T05:38:32Z" user="gohimans" uid="10145709" lat="38.8459607" lon="-104.7110469"/>
 <node id="7132412872" visible="true" version="1" changeset="79593326" timestamp="2020-01-15T05:38:32Z" user="gohimans" uid="10145709" lat="38.8449765" lon="-104.7110285"/>
 <node id="7132412873" visible="true" version="1" changeset="79593326" timestamp="2020-01-15T05:38:32Z" user="gohimans" uid="10145709" lat="38.8442909" lon="-104.7106833"/>
 <node id="7132412874" visible="true" version="1" changeset="79593326" timestamp="2020-01-15T05:38:32Z" user="gohimans" uid="10145709" lat="38.8442934" lon="-104.7103540"/>
 <node id="7132412875" visible="true" version="1" changeset="79593326" timestamp="2020-01-15T05:38:32Z" user="gohimans" uid="10145709" lat="38.8442932" lon="-104.7097698"/>
 <node id="7132412876" visible="true" version="1" changeset="79593326" timestamp="2020-01-15T05:38:32Z" user="gohimans" uid="10145709" lat="38.8443144" lon="-104.7097183"/>
 <node id="7132412877" visible="true" version="1" changeset="79593326" timestamp="2020-01-15T05:38:32Z" user="gohimans" uid="10145709" lat="38.8443534" lon="-104.7096839"/>
 <node id="7132412878" visible="true" version="1" changeset="79593326" timestamp="2020-01-15T05:38:32Z" user="gohimans" uid="10145709" lat="38.8446567" lon="-104.7096839"/>
 <node id="7132412879" visible="true" version="1" changeset="79593326" timestamp="2020-01-15T05:38:32Z" user="gohimans" uid="10145709" lat="38.8446857" lon="-104.7097211"/>
 <node id="7132412880" visible="true" version="1" changeset="79593326" timestamp="2020-01-15T05:38:32Z" user="gohimans" uid="10145709" lat="38.8447113" lon="-104.7097970"/>
 <node id="7132412881" visible="true" version="1" changeset="79593326" timestamp="2020-01-15T05:38:32Z" user="gohimans" uid="10145709" lat="38.8447136" lon="-104.7103552"/>
 <node id="7132412882" visible="true" version="1" changeset="79593326" timestamp="2020-01-15T05:38:32Z" user="gohimans" uid="10145709" lat="38.8447146" lon="-104.7106808"/>
 <node id="7132412883" visible="true" version="1" changeset="79593326" timestamp="2020-01-15T05:38:32Z" user="gohimans" uid="10145709" lat="38.8402043" lon="-104.7081947"/>
 <node id="7132412884" visible="true" version="1" changeset="79593326" timestamp="2020-01-15T05:38:32Z" user="gohimans" uid="10145709" lat="38.8408825" lon="-104.7081814"/>
 <node id="7132480885" visible="true" version="1" changeset="79593326" timestamp="2020-01-15T05:38:32Z" user="gohimans" uid="10145709" lat="38.8405244" lon="-104.7083865"/>
 <node id="7132480886" visible="true" version="1" changeset="79593326" timestamp="2020-01-15T05:38:32Z" user="gohimans" uid="10145709" lat="38.8405275" lon="-104.7081847"/>
 <node id="7144675872" visible="true" version="1" changeset="79777643" timestamp="2020-01-20T06:00:04Z" user="vshnsa" uid="10480276" lat="38.8449774" lon="-104.7138754"/>
 <node id="7144675873" visible="true" version="1" changeset="79777643" timestamp="2020-01-20T06:00:04Z" user="vshnsa" uid="10480276" lat="38.8440084" lon="-104.7161542">
  <tag k="barrier" v="gate"/>
 </node>
 <node id="7152903546" visible="true" version="1" changeset="79948774" timestamp="2020-01-23T04:14:47Z" user="shkshar" uid="10127776" lat="38.8453427" lon="-104.7023178"/>
 <node id="7155260789" visible="true" version="1" changeset="80002317" timestamp="2020-01-24T02:02:30Z" user="sinreeya" uid="10127754" lat="38.8479663" lon="-104.7138598"/>
 <node id="7168509888" visible="true" version="1" changeset="80234856" timestamp="2020-01-29T06:22:48Z" user="borvikas" uid="10208974" lat="38.8408773" lon="-104.7108990"/>
 <node id="7168509889" visible="true" version="1" changeset="80234856" timestamp="2020-01-29T06:22:48Z" user="borvikas" uid="10208974" lat="38.8423902" lon="-104.7109081"/>
 <node id="7168509890" visible="true" version="1" changeset="80234856" timestamp="2020-01-29T06:22:48Z" user="borvikas" uid="10208974" lat="38.8423854" lon="-104.7119081"/>
 <node id="7168509891" visible="true" version="1" changeset="80234856" timestamp="2020-01-29T06:22:48Z" user="borvikas" uid="10208974" lat="38.8423592" lon="-104.7119631"/>
 <node id="7168509892" visible="true" version="1" changeset="80234856" timestamp="2020-01-29T06:22:48Z" user="borvikas" uid="10208974" lat="38.8423259" lon="-104.7119967"/>
 <node id="7168509893" visible="true" version="1" changeset="80234856" timestamp="2020-01-29T06:22:48Z" user="borvikas" uid="10208974" lat="38.8422759" lon="-104.7120090"/>
 <node id="7168509894" visible="true" version="1" changeset="80234856" timestamp="2020-01-29T06:22:48Z" user="borvikas" uid="10208974" lat="38.8411826" lon="-104.7120243"/>
 <node id="7168509895" visible="true" version="1" changeset="80234856" timestamp="2020-01-29T06:22:48Z" user="borvikas" uid="10208974" lat="38.8411350" lon="-104.7120090"/>
 <node id="7168509896" visible="true" version="1" changeset="80234856" timestamp="2020-01-29T06:22:48Z" user="borvikas" uid="10208974" lat="38.8411088" lon="-104.7119723"/>
 <node id="7168509897" visible="true" version="1" changeset="80234856" timestamp="2020-01-29T06:22:48Z" user="borvikas" uid="10208974" lat="38.8410945" lon="-104.7119111"/>
 <node id="7168509898" visible="true" version="1" changeset="80234856" timestamp="2020-01-29T06:22:48Z" user="borvikas" uid="10208974" lat="38.8410921" lon="-104.7109003"/>
 <node id="7168509899" visible="true" version="1" changeset="80234856" timestamp="2020-01-29T06:22:48Z" user="borvikas" uid="10208974" lat="38.8423926" lon="-104.7106942"/>
 <node id="7168509900" visible="true" version="1" changeset="80234856" timestamp="2020-01-29T06:22:48Z" user="borvikas" uid="10208974" lat="38.8423914" lon="-104.7108012">
  <tag k="barrier" v="gate"/>
 </node>
 <node id="7168509901" visible="true" version="1" changeset="80234856" timestamp="2020-01-29T06:22:48Z" user="borvikas" uid="10208974" lat="38.8409847" lon="-104.7108996">
  <tag k="barrier" v="gate"/>
 </node>
 <node id="7203253456" visible="true" version="1" changeset="80846401" timestamp="2020-02-11T11:11:02Z" user="duarisha" uid="10271424" lat="38.8512252" lon="-104.7138484"/>
 <node id="7229485382" visible="true" version="1" changeset="81252060" timestamp="2020-02-20T05:27:29Z" user="vaidhev" uid="10145809" lat="38.8395302" lon="-104.7083940"/>
 <node id="7281559661" visible="true" version="1" changeset="81991217" timestamp="2020-03-10T04:42:01Z" user="srygy" uid="10192136" lat="38.8454698" lon="-104.7146883"/>
 <node id="7281559662" visible="true" version="1" changeset="81991217" timestamp="2020-03-10T04:42:01Z" user="srygy" uid="10192136" lat="38.8454675" lon="-104.7154639"/>
 <node id="7281559663" visible="true" version="1" changeset="81991217" timestamp="2020-03-10T04:42:01Z" user="srygy" uid="10192136" lat="38.8454959" lon="-104.7155126"/>
 <node id="7281559664" visible="true" version="1" changeset="81991217" timestamp="2020-03-10T04:42:01Z" user="srygy" uid="10192136" lat="38.8458491" lon="-104.7155096"/>
 <node id="7281559665" visible="true" version="1" changeset="81991217" timestamp="2020-03-10T04:42:01Z" user="srygy" uid="10192136" lat="38.8458965" lon="-104.7154578"/>
 <node id="7281559666" visible="true" version="1" changeset="81991217" timestamp="2020-03-10T04:42:01Z" user="srygy" uid="10192136" lat="38.8459131" lon="-104.7153909"/>
 <node id="7281559667" visible="true" version="1" changeset="81991217" timestamp="2020-03-10T04:42:01Z" user="srygy" uid="10192136" lat="38.8459155" lon="-104.7146881"/>
 <node id="7284286910" visible="true" version="1" changeset="82044422" timestamp="2020-03-11T08:08:58Z" user="vissushm" uid="10086291" lat="38.8454610" lon="-104.7106756"/>
 <node id="7284286911" visible="true" version="1" changeset="82044422" timestamp="2020-03-11T08:08:58Z" user="vissushm" uid="10086291" lat="38.8454533" lon="-104.7097547"/>
 <node id="7284286912" visible="true" version="1" changeset="82044422" timestamp="2020-03-11T08:08:58Z" user="vissushm" uid="10086291" lat="38.8454565" lon="-104.7095961"/>
 <node id="7284286913" visible="true" version="1" changeset="82044422" timestamp="2020-03-11T08:08:58Z" user="vissushm" uid="10086291" lat="38.8454881" lon="-104.7095758"/>
 <node id="7284286914" visible="true" version="1" changeset="82044422" timestamp="2020-03-11T08:08:58Z" user="vissushm" uid="10086291" lat="38.8460106" lon="-104.7095514"/>
 <node id="7284286915" visible="true" version="1" changeset="82044422" timestamp="2020-03-11T08:08:58Z" user="vissushm" uid="10086291" lat="38.8460612" lon="-104.7096002"/>
 <node id="7284286916" visible="true" version="1" changeset="82044422" timestamp="2020-03-11T08:08:58Z" user="vissushm" uid="10086291" lat="38.8460454" lon="-104.7104092"/>
 <node id="7284286917" visible="true" version="1" changeset="82044422" timestamp="2020-03-11T08:08:58Z" user="vissushm" uid="10086291" lat="38.8460042" lon="-104.7104458"/>
 <node id="7284286918" visible="true" version="1" changeset="82044422" timestamp="2020-03-11T08:08:58Z" user="vissushm" uid="10086291" lat="38.8454640" lon="-104.7104265"/>
 <node id="7535775767" visible="true" version="1" changeset="85410568" timestamp="2020-05-19T03:31:23Z" user="saksudan" uid="10127751" lat="38.8481181" lon="-104.7138593"/>
 <node id="7535775772" visible="true" version="1" changeset="85410568" timestamp="2020-05-19T03:31:23Z" user="saksudan" uid="10127751" lat="38.8478624" lon="-104.7138602"/>
 <node id="8324318923" visible="true" version="1" changeset="97557366" timestamp="2021-01-15T11:43:29Z" user="abvincen" uid="10086294" lat="38.8532058" lon="-104.7138408"/>
 <node id="8324318931" visible="true" version="1" changeset="97557366" timestamp="2021-01-15T11:43:29Z" user="abvincen" uid="10086294" lat="38.8526348" lon="-104.7138426"/>
 <node id="8324318932" visible="true" version="1" changeset="97557366" timestamp="2021-01-15T11:43:29Z" user="abvincen" uid="10086294" lat="38.8529569" lon="-104.7138416"/>
 <node id="8334021911" visible="true" version="1" changeset="97696417" timestamp="2021-01-18T11:49:54Z" user="hyyenugu" uid="11640843" lat="38.8447502" lon="-104.7106799"/>
 <node id="8334021912" visible="true" version="1" changeset="97696417" timestamp="2021-01-18T11:49:54Z" user="hyyenugu" uid="11640843" lat="38.8447457" lon="-104.7108721"/>
 <node id="8334021913" visible="true" version="1" changeset="97696417" timestamp="2021-01-18T11:49:54Z" user="hyyenugu" uid="11640843" lat="38.8441053" lon="-104.7108749"/>
 <node id="8334021914" visible="true" version="1" changeset="97696417" timestamp="2021-01-18T11:49:54Z" user="hyyenugu" uid="11640843" lat="38.8441038" lon="-104.7106838"/>
 <node id="8334021915" visible="true" version="1" changeset="97696417" timestamp="2021-01-18T11:49:54Z" user="hyyenugu" uid="11640843" lat="38.8462101" lon="-104.7148137"/>
 <node id="8334021916" visible="true" version="1" changeset="97696417" timestamp="2021-01-18T11:49:54Z" user="hyyenugu" uid="11640843" lat="38.8463780" lon="-104.7147972"/>
 <node id="8334046517" visible="true" version="1" changeset="97696417" timestamp="2021-01-18T11:49:54Z" user="hyyenugu" uid="11640843" lat="38.8463858" lon="-104.7141484"/>
 <node id="8334046518" visible="true" version="1" changeset="97696417" timestamp="2021-01-18T11:49:54Z" user="hyyenugu" uid="11640843" lat="38.8464176" lon="-104.7140755"/>
 <node id="8334046519" visible="true" version="1" changeset="97696417" timestamp="2021-01-18T11:49:54Z" user="hyyenugu" uid="11640843" lat="38.8465424" lon="-104.7140225"/>
 <node id="8334046520" visible="true" version="1" changeset="97696417" timestamp="2021-01-18T11:49:54Z" user="hyyenugu" uid="11640843" lat="38.8466147" lon="-104.7140169"/>
 <node id="8334046521" visible="true" version="1" changeset="97696417" timestamp="2021-01-18T11:49:54Z" user="hyyenugu" uid="11640843" lat="38.8466199" lon="-104.7138643"/>
 <node id="8334046522" visible="true" version="1" changeset="97696417" timestamp="2021-01-18T11:49:54Z" user="hyyenugu" uid="11640843" lat="38.8463816" lon="-104.7146141"/>
 <node id="8334046523" visible="true" version="1" changeset="97696417" timestamp="2021-01-18T11:49:54Z" user="hyyenugu" uid="11640843" lat="38.8466714" lon="-104.7138641"/>
 <node id="8334046529" visible="true" version="1" changeset="97696417" timestamp="2021-01-18T11:49:54Z" user="hyyenugu" uid="11640843" lat="38.8466423" lon="-104.7119031"/>
 <node id="8334046534" visible="true" version="1" changeset="97696417" timestamp="2021-01-18T11:49:54Z" user="hyyenugu" uid="11640843" lat="38.8471386" lon="-104.7119020"/>
 <node id="8334046537" visible="true" version="1" changeset="97696417" timestamp="2021-01-18T11:49:54Z" user="hyyenugu" uid="11640843" lat="38.8468593" lon="-104.7119029"/>
 <node id="8334046538" visible="true" version="1" changeset="97696417" timestamp="2021-01-18T11:49:54Z" user="hyyenugu" uid="11640843" lat="38.8478292" lon="-104.7119008"/>
 <node id="8334046543" visible="true" version="1" changeset="97696417" timestamp="2021-01-18T11:49:54Z" user="hyyenugu" uid="11640843" lat="38.8480809" lon="-104.7119004"/>
 <node id="8334046548" visible="true" version="1" changeset="97696417" timestamp="2021-01-18T11:49:54Z" user="hyyenugu" uid="11640843" lat="38.8473018" lon="-104.7119020"/>
 <node id="8334046555" visible="true" version="1" changeset="97696417" timestamp="2021-01-18T11:49:54Z" user="hyyenugu" uid="11640843" lat="38.8476968" lon="-104.7119011"/>
 <node id="8334046556" visible="true" version="1" changeset="97696417" timestamp="2021-01-18T11:49:54Z" user="hyyenugu" uid="11640843" lat="38.8462154" lon="-104.7099237"/>
 <node id="8334046557" visible="true" version="1" changeset="97696417" timestamp="2021-01-18T11:49:54Z" user="hyyenugu" uid="11640843" lat="38.8463574" lon="-104.7099277"/>
 <node id="8334046558" visible="true" version="1" changeset="97696417" timestamp="2021-01-18T11:49:54Z" user="hyyenugu" uid="11640843" lat="38.8463574" lon="-104.7098120"/>
 <node id="8334046559" visible="true" version="1" changeset="97696417" timestamp="2021-01-18T11:49:54Z" user="hyyenugu" uid="11640843" lat="38.8466844" lon="-104.7098134"/>
 <node id="8334046560" visible="true" version="1" changeset="97696417" timestamp="2021-01-18T11:49:54Z" user="hyyenugu" uid="11640843" lat="38.8466876" lon="-104.7094796"/>
 <node id="8334046561" visible="true" version="1" changeset="97696417" timestamp="2021-01-18T11:49:54Z" user="hyyenugu" uid="11640843" lat="38.8466834" lon="-104.7100381"/>
 <node id="8334046562" visible="true" version="1" changeset="97696417" timestamp="2021-01-18T11:49:54Z" user="hyyenugu" uid="11640843" lat="38.8463606" lon="-104.7100341"/>
 <node id="8334094020" visible="true" version="1" changeset="97697414" timestamp="2021-01-18T12:05:17Z" user="avipsha" uid="11759504" lat="38.8436003" lon="-104.7138853"/>
 <node id="8334094021" visible="true" version="1" changeset="97697414" timestamp="2021-01-18T12:05:17Z" user="avipsha" uid="11759504" lat="38.8435506" lon="-104.7137951"/>
 <node id="8334094022" visible="true" version="1" changeset="97697414" timestamp="2021-01-18T12:05:17Z" user="avipsha" uid="11759504" lat="38.8435437" lon="-104.7136840"/>
 <node id="8334094023" visible="true" version="1" changeset="97697414" timestamp="2021-01-18T12:05:17Z" user="avipsha" uid="11759504" lat="38.8435350" lon="-104.7135644"/>
 <node id="8334094024" visible="true" version="1" changeset="97697414" timestamp="2021-01-18T12:05:17Z" user="avipsha" uid="11759504" lat="38.8428906" lon="-104.7138907"/>
 <node id="8334094025" visible="true" version="1" changeset="97697414" timestamp="2021-01-18T12:05:17Z" user="avipsha" uid="11759504" lat="38.8428629" lon="-104.7138192"/>
 <node id="8334094026" visible="true" version="1" changeset="97697414" timestamp="2021-01-18T12:05:17Z" user="avipsha" uid="11759504" lat="38.8428652" lon="-104.7137891"/>
 <node id="8334094027" visible="true" version="1" changeset="97697414" timestamp="2021-01-18T12:05:17Z" user="avipsha" uid="11759504" lat="38.8428753" lon="-104.7137310"/>
 <node id="8334094028" visible="true" version="1" changeset="97697414" timestamp="2021-01-18T12:05:17Z" user="avipsha" uid="11759504" lat="38.8429237" lon="-104.7136500"/>
 <node id="8334094029" visible="true" version="1" changeset="97697414" timestamp="2021-01-18T12:05:17Z" user="avipsha" uid="11759504" lat="38.8429260" lon="-104.7135734"/>
 <node id="8334094030" visible="true" version="1" changeset="97697414" timestamp="2021-01-18T12:05:17Z" user="avipsha" uid="11759504" lat="38.8445733" lon="-104.7165450"/>
 <node id="8334115123" visible="true" version="1" changeset="97698169" timestamp="2021-01-18T12:16:52Z" user="nadikoh" uid="11708178" lat="38.8497047" lon="-104.7138531"/>
 <node id="8334115126" visible="true" version="1" changeset="97698169" timestamp="2021-01-18T12:16:52Z" user="nadikoh" uid="11708178" lat="38.8506750" lon="-104.7138496"/>
 <node id="8403710359" visible="true" version="3" changeset="112594022" timestamp="2021-10-16T21:39:08Z" user="Shipwreck34" uid="10643883" lat="38.8419380" lon="-104.7033909"/>
 <node id="8403710360" visible="true" version="2" changeset="112594022" timestamp="2021-10-16T21:39:08Z" user="Shipwreck34" uid="10643883" lat="38.8419632" lon="-104.7032772"/>
 <node id="8403710361" visible="true" version="3" changeset="112594022" timestamp="2021-10-16T21:39:08Z" user="Shipwreck34" uid="10643883" lat="38.8419754" lon="-104.7031651"/>
 <node id="8403710362" visible="true" version="3" changeset="112594022" timestamp="2021-10-16T21:39:08Z" user="Shipwreck34" uid="10643883" lat="38.8419544" lon="-104.7031023"/>
 <node id="8403710363" visible="true" version="3" changeset="112594022" timestamp="2021-10-16T21:39:08Z" user="Shipwreck34" uid="10643883" lat="38.8419189" lon="-104.7031069"/>
 <node id="8403710364" visible="true" version="3" changeset="112594022" timestamp="2021-10-16T21:39:08Z" user="Shipwreck34" uid="10643883" lat="38.8418854" lon="-104.7031962"/>
 <node id="8403710365" visible="true" version="3" changeset="112594022" timestamp="2021-10-16T21:39:08Z" user="Shipwreck34" uid="10643883" lat="38.8418224" lon="-104.7032913"/>
 <node id="8403710366" visible="true" version="2" changeset="99011693" timestamp="2021-02-10T04:39:07Z" user="Sentinel_Falcon" uid="12623675" lat="38.8417844" lon="-104.7033433"/>
 <node id="8403710391" visible="true" version="2" changeset="112594022" timestamp="2021-10-16T21:39:08Z" user="Shipwreck34" uid="10643883" lat="38.8419147" lon="-104.7034247"/>
 <node id="8403710392" visible="true" version="1" changeset="98877043" timestamp="2021-02-08T04:36:55Z" user="Sentinel_Falcon" uid="12623675" lat="38.8418830" lon="-104.7034447"/>
 <node id="8403710393" visible="true" version="2" changeset="112594022" timestamp="2021-10-16T21:39:08Z" user="Shipwreck34" uid="10643883" lat="38.8418396" lon="-104.7034489"/>
 <node id="8403710394" visible="true" version="2" changeset="112594022" timestamp="2021-10-16T21:39:08Z" user="Shipwreck34" uid="10643883" lat="38.8418111" lon="-104.7034374"/>
 <node id="8403710395" visible="true" version="2" changeset="112594022" timestamp="2021-10-16T21:39:08Z" user="Shipwreck34" uid="10643883" lat="38.8417917" lon="-104.7034203"/>
 <node id="8403710396" visible="true" version="2" changeset="112594022" timestamp="2021-10-16T21:39:08Z" user="Shipwreck34" uid="10643883" lat="38.8417776" lon="-104.7033860"/>
 <node id="8403710397" visible="true" version="2" changeset="112594022" timestamp="2021-10-16T21:39:08Z" user="Shipwreck34" uid="10643883" lat="38.8429306" lon="-104.7023539"/>
 <node id="8403710398" visible="true" version="2" changeset="112632025" timestamp="2021-10-18T02:28:44Z" user="Shipwreck34" uid="10643883" lat="38.8420446" lon="-104.7030089"/>
 <node id="8403710399" visible="true" version="3" changeset="185679173" timestamp="2026-07-13T21:09:57Z" user="PizzaTreeIsland" uid="17308617" lat="38.8418884" lon="-104.7032986">
  <tag k="golf" v="pin"/>
 </node>
 <node id="8403735943" visible="true" version="2" changeset="112594022" timestamp="2021-10-16T21:39:08Z" user="Shipwreck34" uid="10643883" lat="38.8417101" lon="-104.7036590"/>
 <node id="8403735944" visible="true" version="2" changeset="112594022" timestamp="2021-10-16T21:39:08Z" user="Shipwreck34" uid="10643883" lat="38.8416563" lon="-104.7036837"/>
 <node id="8403735945" visible="true" version="3" changeset="112594022" timestamp="2021-10-16T21:39:08Z" user="Shipwreck34" uid="10643883" lat="38.8416165" lon="-104.7036806"/>
 <node id="8403735946" visible="true" version="2" changeset="112594022" timestamp="2021-10-16T21:39:08Z" user="Shipwreck34" uid="10643883" lat="38.8415667" lon="-104.7036827"/>
 <node id="8403735947" visible="true" version="2" changeset="112594022" timestamp="2021-10-16T21:39:08Z" user="Shipwreck34" uid="10643883" lat="38.8415299" lon="-104.7036626"/>
 <node id="8403735948" visible="true" version="2" changeset="112594022" timestamp="2021-10-16T21:39:08Z" user="Shipwreck34" uid="10643883" lat="38.8415414" lon="-104.7036043"/>
 <node id="8403735949" visible="true" version="2" changeset="112594022" timestamp="2021-10-16T21:39:08Z" user="Shipwreck34" uid="10643883" lat="38.8415731" lon="-104.7035713"/>
 <node id="8403735950" visible="true" version="2" changeset="112594022" timestamp="2021-10-16T21:39:08Z" user="Shipwreck34" uid="10643883" lat="38.8416281" lon="-104.7035413"/>
 <node id="8403735951" visible="true" version="2" changeset="112594022" timestamp="2021-10-16T21:39:08Z" user="Shipwreck34" uid="10643883" lat="38.8416646" lon="-104.7035361"/>
 <node id="8403735952" visible="true" version="2" changeset="112594022" timestamp="2021-10-16T21:39:08Z" user="Shipwreck34" uid="10643883" lat="38.8416907" lon="-104.7035564"/>
 <node id="8403735953" visible="true" version="2" changeset="112594022" timestamp="2021-10-16T21:39:08Z" user="Shipwreck34" uid="10643883" lat="38.8417106" lon="-104.7035897"/>
 <node id="8403735954" visible="true" version="2" changeset="112594022" timestamp="2021-10-16T21:39:08Z" user="Shipwreck34" uid="10643883" lat="38.8417196" lon="-104.7036320"/>
 <node id="8403735955" visible="true" version="3" changeset="112594022" timestamp="2021-10-16T21:39:08Z" user="Shipwreck34" uid="10643883" lat="38.8418676" lon="-104.7041527"/>
 <node id="8403735956" visible="true" version="3" changeset="112594022" timestamp="2021-10-16T21:39:08Z" user="Shipwreck34" uid="10643883" lat="38.8418763" lon="-104.7040570"/>
 <node id="8403735957" visible="true" version="3" changeset="112594022" timestamp="2021-10-16T21:39:08Z" user="Shipwreck34" uid="10643883" lat="38.8419087" lon="-104.7040173"/>
 <node id="8403735958" visible="true" version="3" changeset="112594022" timestamp="2021-10-16T21:39:08Z" user="Shipwreck34" uid="10643883" lat="38.8419550" lon="-104.7039722"/>
 <node id="8403735959" visible="true" version="3" changeset="112594022" timestamp="2021-10-16T21:39:08Z" user="Shipwreck34" uid="10643883" lat="38.8420206" lon="-104.7039575"/>
 <node id="8403735960" visible="true" version="3" changeset="112594022" timestamp="2021-10-16T21:39:08Z" user="Shipwreck34" uid="10643883" lat="38.8420825" lon="-104.7040049"/>
 <node id="8403735961" visible="true" version="2" changeset="99011693" timestamp="2021-02-10T04:39:07Z" user="Sentinel_Falcon" uid="12623675" lat="38.8421246" lon="-104.7040703"/>
 <node id="8403735962" visible="true" version="3" changeset="112594022" timestamp="2021-10-16T21:39:08Z" user="Shipwreck34" uid="10643883" lat="38.8421825" lon="-104.7041755"/>
 <node id="8403735963" visible="true" version="2" changeset="99011693" timestamp="2021-02-10T04:39:07Z" user="Sentinel_Falcon" uid="12623675" lat="38.8422198" lon="-104.7042614"/>
 <node id="8403735964" visible="true" version="2" changeset="99011693" timestamp="2021-02-10T04:39:07Z" user="Sentinel_Falcon" uid="12623675" lat="38.8422901" lon="-104.7043960"/>
 <node id="8403735965" visible="true" version="3" changeset="112594022" timestamp="2021-10-16T21:39:08Z" user="Shipwreck34" uid="10643883" lat="38.8423434" lon="-104.7044037"/>
 <node id="8403735966" visible="true" version="3" changeset="112594022" timestamp="2021-10-16T21:39:08Z" user="Shipwreck34" uid="10643883" lat="38.8423668" lon="-104.7044124"/>
 <node id="8403735967" visible="true" version="3" changeset="112594022" timestamp="2021-10-16T21:39:08Z" user="Shipwreck34" uid="10643883" lat="38.8423866" lon="-104.7044250"/>
 <node id="8403735968" visible="true" version="3" changeset="112594022" timestamp="2021-10-16T21:39:08Z" user="Shipwreck34" uid="10643883" lat="38.8424008" lon="-104.7044397"/>
 <node id="8403735969" visible="true" version="3" changeset="112594022" timestamp="2021-10-16T21:39:08Z" user="Shipwreck34" uid="10643883" lat="38.8424067" lon="-104.7044670"/>
 <node id="8403735970" visible="true" version="3" changeset="112594022" timestamp="2021-10-16T21:39:08Z" user="Shipwreck34" uid="10643883" lat="38.8424058" lon="-104.7044920"/>
 <node id="8403735971" visible="true" version="3" changeset="112594022" timestamp="2021-10-16T21:39:08Z" user="Shipwreck34" uid="10643883" lat="38.8424011" lon="-104.7045173"/>
 <node id="8403735972" visible="true" version="3" changeset="112594022" timestamp="2021-10-16T21:39:08Z" user="Shipwreck34" uid="10643883" lat="38.8423943" lon="-104.7045437"/>
 <node id="8403735973" visible="true" version="3" changeset="112594022" timestamp="2021-10-16T21:39:08Z" user="Shipwreck34" uid="10643883" lat="38.8423889" lon="-104.7045660"/>
 <node id="8403735974" visible="true" version="3" changeset="112594022" timestamp="2021-10-16T21:39:08Z" user="Shipwreck34" uid="10643883" lat="38.8423833" lon="-104.7045927"/>
 <node id="8403735975" visible="true" version="3" changeset="112594022" timestamp="2021-10-16T21:39:08Z" user="Shipwreck34" uid="10643883" lat="38.8423772" lon="-104.7046150"/>
 <node id="8403735976" visible="true" version="3" changeset="112594022" timestamp="2021-10-16T21:39:08Z" user="Shipwreck34" uid="10643883" lat="38.8423700" lon="-104.7046374"/>
 <node id="8403735977" visible="true" version="3" changeset="112594022" timestamp="2021-10-16T21:39:08Z" user="Shipwreck34" uid="10643883" lat="38.8423655" lon="-104.7046610"/>
 <node id="8403735978" visible="true" version="3" changeset="112594022" timestamp="2021-10-16T21:39:08Z" user="Shipwreck34" uid="10643883" lat="38.8423586" lon="-104.7046843"/>
 <node id="8403735979" visible="true" version="3" changeset="112594022" timestamp="2021-10-16T21:39:08Z" user="Shipwreck34" uid="10643883" lat="38.8423529" lon="-104.7046993"/>
 <node id="8403735980" visible="true" version="3" changeset="112594022" timestamp="2021-10-16T21:39:08Z" user="Shipwreck34" uid="10643883" lat="38.8423453" lon="-104.7047097"/>
 <node id="8403735982" visible="true" version="3" changeset="112594022" timestamp="2021-10-16T21:39:08Z" user="Shipwreck34" uid="10643883" lat="38.8423396" lon="-104.7047180"/>
 <node id="8403735983" visible="true" version="3" changeset="112594022" timestamp="2021-10-16T21:39:08Z" user="Shipwreck34" uid="10643883" lat="38.8423322" lon="-104.7047257"/>
 <node id="8403735984" visible="true" version="2" changeset="99011693" timestamp="2021-02-10T04:39:07Z" user="Sentinel_Falcon" uid="12623675" lat="38.8423235" lon="-104.7047335"/>
 <node id="8403735985" visible="true" version="2" changeset="99011693" timestamp="2021-02-10T04:39:07Z" user="Sentinel_Falcon" uid="12623675" lat="38.8423084" lon="-104.7047394"/>
 <node id="8403735986" visible="true" version="2" changeset="99011693" timestamp="2021-02-10T04:39:07Z" user="Sentinel_Falcon" uid="12623675" lat="38.8422900" lon="-104.7047454"/>
 <node id="8403735987" visible="true" version="3" changeset="112594022" timestamp="2021-10-16T21:39:08Z" user="Shipwreck34" uid="10643883" lat="38.8422708" lon="-104.7047443"/>
 <node id="8403735988" visible="true" version="2" changeset="99011693" timestamp="2021-02-10T04:39:07Z" user="Sentinel_Falcon" uid="12623675" lat="38.8422466" lon="-104.7047393"/>
 <node id="8403735989" visible="true" version="2" changeset="99011693" timestamp="2021-02-10T04:39:07Z" user="Sentinel_Falcon" uid="12623675" lat="38.8422257" lon="-104.7047266"/>
 <node id="8403735990" visible="true" version="2" changeset="112594022" timestamp="2021-10-16T21:39:08Z" user="Shipwreck34" uid="10643883" lat="38.8421809" lon="-104.7046847"/>
 <node id="8403735991" visible="true" version="2" changeset="112594022" timestamp="2021-10-16T21:39:08Z" user="Shipwreck34" uid="10643883" lat="38.8421253" lon="-104.7045717"/>
 <node id="8403735992" visible="true" version="1" changeset="98877672" timestamp="2021-02-08T04:47:19Z" user="Sentinel_Falcon" uid="12623675" lat="38.8421012" lon="-104.7045223"/>
 <node id="8403735993" visible="true" version="2" changeset="112594022" timestamp="2021-10-16T21:39:08Z" user="Shipwreck34" uid="10643883" lat="38.8420369" lon="-104.7044200"/>
 <node id="8403735994" visible="true" version="2" changeset="112594022" timestamp="2021-10-16T21:39:08Z" user="Shipwreck34" uid="10643883" lat="38.8420086" lon="-104.7043713"/>
 <node id="8403735995" visible="true" version="2" changeset="112594022" timestamp="2021-10-16T21:39:08Z" user="Shipwreck34" uid="10643883" lat="38.8419752" lon="-104.7043205"/>
 <node id="8403735996" visible="true" version="2" changeset="112594022" timestamp="2021-10-16T21:39:08Z" user="Shipwreck34" uid="10643883" lat="38.8419404" lon="-104.7042702"/>
 <node id="8403735997" visible="true" version="2" changeset="112594022" timestamp="2021-10-16T21:39:08Z" user="Shipwreck34" uid="10643883" lat="38.8419072" lon="-104.7042223"/>
 <node id="8403735998" visible="true" version="2" changeset="99011693" timestamp="2021-02-10T04:39:07Z" user="Sentinel_Falcon" uid="12623675" lat="38.8423335" lon="-104.7046553"/>
 <node id="8403735999" visible="true" version="2" changeset="112631798" timestamp="2021-10-18T02:09:42Z" user="Shipwreck34" uid="10643883" lat="38.8423170" lon="-104.7046826"/>
 <node id="8403736000" visible="true" version="2" changeset="99011693" timestamp="2021-02-10T04:39:07Z" user="Sentinel_Falcon" uid="12623675" lat="38.8422892" lon="-104.7046953"/>
 <node id="8403736001" visible="true" version="2" changeset="99011693" timestamp="2021-02-10T04:39:07Z" user="Sentinel_Falcon" uid="12623675" lat="38.8422541" lon="-104.7046989"/>
 <node id="8403736002" visible="true" version="2" changeset="99011693" timestamp="2021-02-10T04:39:07Z" user="Sentinel_Falcon" uid="12623675" lat="38.8422081" lon="-104.7046749"/>
 <node id="8403736003" visible="true" version="2" changeset="99011693" timestamp="2021-02-10T04:39:07Z" user="Sentinel_Falcon" uid="12623675" lat="38.8421939" lon="-104.7046187"/>
 <node id="8403736004" visible="true" version="2" changeset="99011693" timestamp="2021-02-10T04:39:07Z" user="Sentinel_Falcon" uid="12623675" lat="38.8422007" lon="-104.7045768"/>
 <node id="8403736005" visible="true" version="1" changeset="98877672" timestamp="2021-02-08T04:47:19Z" user="Sentinel_Falcon" uid="12623675" lat="38.8422332" lon="-104.7045309"/>
 <node id="8403736006" visible="true" version="3" changeset="112631798" timestamp="2021-10-18T02:09:42Z" user="Shipwreck34" uid="10643883" lat="38.8422525" lon="-104.7045034"/>
 <node id="8403736007" visible="true" version="2" changeset="99011693" timestamp="2021-02-10T04:39:07Z" user="Sentinel_Falcon" uid="12623675" lat="38.8422733" lon="-104.7044704"/>
 <node id="8403736008" visible="true" version="2" changeset="99011693" timestamp="2021-02-10T04:39:07Z" user="Sentinel_Falcon" uid="12623675" lat="38.8422917" lon="-104.7044455"/>
 <node id="8403736009" visible="true" version="2" changeset="99011693" timestamp="2021-02-10T04:39:07Z" user="Sentinel_Falcon" uid="12623675" lat="38.8423226" lon="-104.7044318"/>
 <node id="8403736010" visible="true" version="3" changeset="112631798" timestamp="2021-10-18T02:09:42Z" user="Shipwreck34" uid="10643883" lat="38.8423426" lon="-104.7044323"/>
 <node id="8403736011" visible="true" version="3" changeset="112631798" timestamp="2021-10-18T02:09:42Z" user="Shipwreck34" uid="10643883" lat="38.8423659" lon="-104.7044508"/>
 <node id="8403736012" visible="true" version="2" changeset="99011693" timestamp="2021-02-10T04:39:07Z" user="Sentinel_Falcon" uid="12623675" lat="38.8423753" lon="-104.7044838"/>
 <node id="8403736013" visible="true" version="3" changeset="112631798" timestamp="2021-10-18T02:09:42Z" user="Shipwreck34" uid="10643883" lat="38.8423702" lon="-104.7045268"/>
 <node id="8403736014" visible="true" version="3" changeset="112631798" timestamp="2021-10-18T02:09:42Z" user="Shipwreck34" uid="10643883" lat="38.8423627" lon="-104.7045587"/>
 <node id="8403736015" visible="true" version="2" changeset="99011693" timestamp="2021-02-10T04:39:07Z" user="Sentinel_Falcon" uid="12623675" lat="38.8423536" lon="-104.7045866"/>
 <node id="8403736016" visible="true" version="3" changeset="112631798" timestamp="2021-10-18T02:09:42Z" user="Shipwreck34" uid="10643883" lat="38.8423455" lon="-104.7046225"/>
 <node id="8403736017" visible="true" version="2" changeset="112594022" timestamp="2021-10-16T21:39:08Z" user="Shipwreck34" uid="10643883" lat="38.8416258" lon="-104.7036149"/>
 <node id="8403736018" visible="true" version="2" changeset="112632025" timestamp="2021-10-18T02:28:44Z" user="Shipwreck34" uid="10643883" lat="38.8421633" lon="-104.7043855"/>
 <node id="8403736019" visible="true" version="4" changeset="185679173" timestamp="2026-07-13T21:09:57Z" user="PizzaTreeIsland" uid="17308617" lat="38.8422868" lon="-104.7045722">
  <tag k="golf" v="pin"/>
 </node>
 <node id="8403744849" visible="true" version="3" changeset="112593641" timestamp="2021-10-16T21:19:58Z" user="Shipwreck34" uid="10643883" lat="38.8446970" lon="-104.7034117"/>
 <node id="8403744850" visible="true" version="3" changeset="112593641" timestamp="2021-10-16T21:19:58Z" user="Shipwreck34" uid="10643883" lat="38.8445778" lon="-104.7033977"/>
 <node id="8403744851" visible="true" version="2" changeset="112593641" timestamp="2021-10-16T21:19:58Z" user="Shipwreck34" uid="10643883" lat="38.8444775" lon="-104.7037088"/>
 <node id="8403744852" visible="true" version="2" changeset="112593641" timestamp="2021-10-16T21:19:58Z" user="Shipwreck34" uid="10643883" lat="38.8443393" lon="-104.7038044"/>
 <node id="8403744853" visible="true" version="2" changeset="112593641" timestamp="2021-10-16T21:19:58Z" user="Shipwreck34" uid="10643883" lat="38.8440816" lon="-104.7039822"/>
 <node id="8403744854" visible="true" version="2" changeset="112593641" timestamp="2021-10-16T21:19:58Z" user="Shipwreck34" uid="10643883" lat="38.8437826" lon="-104.7041840"/>
 <node id="8403744855" visible="true" version="2" changeset="112593641" timestamp="2021-10-16T21:19:58Z" user="Shipwreck34" uid="10643883" lat="38.8436004" lon="-104.7043171"/>
 <node id="8403744856" visible="true" version="2" changeset="112593641" timestamp="2021-10-16T21:19:58Z" user="Shipwreck34" uid="10643883" lat="38.8432876" lon="-104.7044990"/>
 <node id="8403744857" visible="true" version="2" changeset="112593641" timestamp="2021-10-16T21:19:58Z" user="Shipwreck34" uid="10643883" lat="38.8432769" lon="-104.7043474"/>
 <node id="8403744858" visible="true" version="2" changeset="112593641" timestamp="2021-10-16T21:19:58Z" user="Shipwreck34" uid="10643883" lat="38.8429848" lon="-104.7042102"/>
 <node id="8403744859" visible="true" version="2" changeset="112593641" timestamp="2021-10-16T21:19:58Z" user="Shipwreck34" uid="10643883" lat="38.8427833" lon="-104.7042695"/>
 <node id="8403744860" visible="true" version="2" changeset="112593641" timestamp="2021-10-16T21:19:58Z" user="Shipwreck34" uid="10643883" lat="38.8426348" lon="-104.7041908"/>
 <node id="8403744861" visible="true" version="2" changeset="112593641" timestamp="2021-10-16T21:19:58Z" user="Shipwreck34" uid="10643883" lat="38.8423877" lon="-104.7039606"/>
 <node id="8403744862" visible="true" version="2" changeset="112593641" timestamp="2021-10-16T21:19:58Z" user="Shipwreck34" uid="10643883" lat="38.8423228" lon="-104.7038780"/>
 <node id="8403744863" visible="true" version="2" changeset="112593641" timestamp="2021-10-16T21:19:58Z" user="Shipwreck34" uid="10643883" lat="38.8423350" lon="-104.7035706"/>
 <node id="8403744864" visible="true" version="2" changeset="112593641" timestamp="2021-10-16T21:19:58Z" user="Shipwreck34" uid="10643883" lat="38.8424601" lon="-104.7033257"/>
 <node id="8403744865" visible="true" version="2" changeset="112593641" timestamp="2021-10-16T21:19:58Z" user="Shipwreck34" uid="10643883" lat="38.8426370" lon="-104.7030943"/>
 <node id="8403744866" visible="true" version="2" changeset="112593641" timestamp="2021-10-16T21:19:58Z" user="Shipwreck34" uid="10643883" lat="38.8428749" lon="-104.7028530"/>
 <node id="8403744867" visible="true" version="2" changeset="112593641" timestamp="2021-10-16T21:19:58Z" user="Shipwreck34" uid="10643883" lat="38.8432232" lon="-104.7025843"/>
 <node id="8403744868" visible="true" version="2" changeset="112593641" timestamp="2021-10-16T21:19:58Z" user="Shipwreck34" uid="10643883" lat="38.8434643" lon="-104.7025125"/>
 <node id="8403744869" visible="true" version="2" changeset="112593641" timestamp="2021-10-16T21:19:58Z" user="Shipwreck34" uid="10643883" lat="38.8436370" lon="-104.7024264"/>
 <node id="8403744870" visible="true" version="2" changeset="112593641" timestamp="2021-10-16T21:19:58Z" user="Shipwreck34" uid="10643883" lat="38.8438022" lon="-104.7023442"/>
 <node id="8403744871" visible="true" version="2" changeset="112593641" timestamp="2021-10-16T21:19:58Z" user="Shipwreck34" uid="10643883" lat="38.8440231" lon="-104.7021658"/>
 <node id="8403744872" visible="true" version="2" changeset="112593641" timestamp="2021-10-16T21:19:58Z" user="Shipwreck34" uid="10643883" lat="38.8442381" lon="-104.7020012"/>
 <node id="8403744873" visible="true" version="3" changeset="112593641" timestamp="2021-10-16T21:19:58Z" user="Shipwreck34" uid="10643883" lat="38.8443117" lon="-104.7019532"/>
 <node id="8403744874" visible="true" version="3" changeset="112593641" timestamp="2021-10-16T21:19:58Z" user="Shipwreck34" uid="10643883" lat="38.8445152" lon="-104.7019122"/>
 <node id="8403744875" visible="true" version="3" changeset="112593641" timestamp="2021-10-16T21:19:58Z" user="Shipwreck34" uid="10643883" lat="38.8446948" lon="-104.7031128"/>
 <node id="8403758449" visible="true" version="2" changeset="112594022" timestamp="2021-10-16T21:39:08Z" user="Shipwreck34" uid="10643883" lat="38.8422363" lon="-104.7049554"/>
 <node id="8403758450" visible="true" version="2" changeset="112594022" timestamp="2021-10-16T21:39:08Z" user="Shipwreck34" uid="10643883" lat="38.8422048" lon="-104.7049433"/>
 <node id="8403758451" visible="true" version="3" changeset="112594022" timestamp="2021-10-16T21:39:08Z" user="Shipwreck34" uid="10643883" lat="38.8421785" lon="-104.7049085"/>
 <node id="8403758452" visible="true" version="2" changeset="112594022" timestamp="2021-10-16T21:39:08Z" user="Shipwreck34" uid="10643883" lat="38.8421747" lon="-104.7048758"/>
 <node id="8403758453" visible="true" version="2" changeset="112594022" timestamp="2021-10-16T21:39:08Z" user="Shipwreck34" uid="10643883" lat="38.8421895" lon="-104.7048269"/>
 <node id="8403758454" visible="true" version="2" changeset="112594022" timestamp="2021-10-16T21:39:08Z" user="Shipwreck34" uid="10643883" lat="38.8422174" lon="-104.7048128"/>
 <node id="8403758455" visible="true" version="2" changeset="112594022" timestamp="2021-10-16T21:39:08Z" user="Shipwreck34" uid="10643883" lat="38.8422537" lon="-104.7048261"/>
 <node id="8403758456" visible="true" version="2" changeset="112594022" timestamp="2021-10-16T21:39:08Z" user="Shipwreck34" uid="10643883" lat="38.8422753" lon="-104.7048425"/>
 <node id="8403758457" visible="true" version="2" changeset="112594022" timestamp="2021-10-16T21:39:08Z" user="Shipwreck34" uid="10643883" lat="38.8422933" lon="-104.7048677"/>
 <node id="8403758458" visible="true" version="2" changeset="112594022" timestamp="2021-10-16T21:39:08Z" user="Shipwreck34" uid="10643883" lat="38.8422977" lon="-104.7048922"/>
 <node id="8403758459" visible="true" version="2" changeset="112594022" timestamp="2021-10-16T21:39:08Z" user="Shipwreck34" uid="10643883" lat="38.8422899" lon="-104.7049261"/>
 <node id="8403758460" visible="true" version="2" changeset="112594022" timestamp="2021-10-16T21:39:08Z" user="Shipwreck34" uid="10643883" lat="38.8422733" lon="-104.7049430"/>
 <node id="8403758461" visible="true" version="1" changeset="98878653" timestamp="2021-02-08T05:04:08Z" user="Sentinel_Falcon" uid="12623675" lat="38.8422541" lon="-104.7049530"/>
 <node id="8403766455" visible="true" version="3" changeset="112594022" timestamp="2021-10-16T21:39:08Z" user="Shipwreck34" uid="10643883" lat="38.8423358" lon="-104.7051084"/>
 <node id="8403766456" visible="true" version="2" changeset="112631798" timestamp="2021-10-18T02:09:42Z" user="Shipwreck34" uid="10643883" lat="38.8407739" lon="-104.7037285"/>
 <node id="8403766457" visible="true" version="4" changeset="185679173" timestamp="2026-07-13T21:09:57Z" user="PizzaTreeIsland" uid="17308617" lat="38.8401460" lon="-104.7031286">
  <tag k="golf" v="pin"/>
 </node>
 <node id="8403778393" visible="true" version="2" changeset="112631798" timestamp="2021-10-18T02:09:42Z" user="Shipwreck34" uid="10643883" lat="38.8401093" lon="-104.7037008"/>
 <node id="8403778394" visible="true" version="2" changeset="112631798" timestamp="2021-10-18T02:09:42Z" user="Shipwreck34" uid="10643883" lat="38.8400736" lon="-104.7037120"/>
 <node id="8403778395" visible="true" version="2" changeset="112631798" timestamp="2021-10-18T02:09:42Z" user="Shipwreck34" uid="10643883" lat="38.8400358" lon="-104.7036740"/>
 <node id="8403778396" visible="true" version="2" changeset="112631798" timestamp="2021-10-18T02:09:42Z" user="Shipwreck34" uid="10643883" lat="38.8399941" lon="-104.7036256"/>
 <node id="8403778397" visible="true" version="2" changeset="112631798" timestamp="2021-10-18T02:09:42Z" user="Shipwreck34" uid="10643883" lat="38.8399455" lon="-104.7035860"/>
 <node id="8403778398" visible="true" version="2" changeset="112631798" timestamp="2021-10-18T02:09:42Z" user="Shipwreck34" uid="10643883" lat="38.8399113" lon="-104.7035598"/>
 <node id="8403778399" visible="true" version="3" changeset="112631798" timestamp="2021-10-18T02:09:42Z" user="Shipwreck34" uid="10643883" lat="38.8398866" lon="-104.7035072"/>
 <node id="8403778400" visible="true" version="3" changeset="112631798" timestamp="2021-10-18T02:09:42Z" user="Shipwreck34" uid="10643883" lat="38.8399065" lon="-104.7034434"/>
 <node id="8403778401" visible="true" version="3" changeset="112631798" timestamp="2021-10-18T02:09:42Z" user="Shipwreck34" uid="10643883" lat="38.8399507" lon="-104.7034465"/>
 <node id="8403778402" visible="true" version="2" changeset="112631798" timestamp="2021-10-18T02:09:42Z" user="Shipwreck34" uid="10643883" lat="38.8399829" lon="-104.7034767"/>
 <node id="8403778403" visible="true" version="2" changeset="112631798" timestamp="2021-10-18T02:09:42Z" user="Shipwreck34" uid="10643883" lat="38.8400095" lon="-104.7035101"/>
 <node id="8403778404" visible="true" version="2" changeset="112631798" timestamp="2021-10-18T02:09:42Z" user="Shipwreck34" uid="10643883" lat="38.8400446" lon="-104.7035543"/>
 <node id="8403778405" visible="true" version="2" changeset="112631798" timestamp="2021-10-18T02:09:42Z" user="Shipwreck34" uid="10643883" lat="38.8400783" lon="-104.7035978"/>
 <node id="8403778406" visible="true" version="3" changeset="112631798" timestamp="2021-10-18T02:09:42Z" user="Shipwreck34" uid="10643883" lat="38.8401075" lon="-104.7036402"/>
 <node id="8403778407" visible="true" version="3" changeset="112631798" timestamp="2021-10-18T02:09:42Z" user="Shipwreck34" uid="10643883" lat="38.8402293" lon="-104.7040296"/>
 <node id="8403778408" visible="true" version="3" changeset="112631798" timestamp="2021-10-18T02:09:42Z" user="Shipwreck34" uid="10643883" lat="38.8402479" lon="-104.7039611"/>
 <node id="8403778409" visible="true" version="3" changeset="112631798" timestamp="2021-10-18T02:09:42Z" user="Shipwreck34" uid="10643883" lat="38.8402817" lon="-104.7039216"/>
 <node id="8403778410" visible="true" version="2" changeset="112631798" timestamp="2021-10-18T02:09:42Z" user="Shipwreck34" uid="10643883" lat="38.8403452" lon="-104.7039225"/>
 <node id="8403778411" visible="true" version="3" changeset="112631798" timestamp="2021-10-18T02:09:42Z" user="Shipwreck34" uid="10643883" lat="38.8403818" lon="-104.7040006"/>
 <node id="8403778412" visible="true" version="3" changeset="112631798" timestamp="2021-10-18T02:09:42Z" user="Shipwreck34" uid="10643883" lat="38.8404244" lon="-104.7040636"/>
 <node id="8403778413" visible="true" version="3" changeset="112631798" timestamp="2021-10-18T02:09:42Z" user="Shipwreck34" uid="10643883" lat="38.8404830" lon="-104.7041299"/>
 <node id="8403778414" visible="true" version="3" changeset="112631798" timestamp="2021-10-18T02:09:42Z" user="Shipwreck34" uid="10643883" lat="38.8405664" lon="-104.7042256"/>
 <node id="8403778415" visible="true" version="2" changeset="99011693" timestamp="2021-02-10T04:39:07Z" user="Sentinel_Falcon" uid="12623675" lat="38.8406302" lon="-104.7043039"/>
 <node id="8403778416" visible="true" version="3" changeset="112631798" timestamp="2021-10-18T02:09:42Z" user="Shipwreck34" uid="10643883" lat="38.8406883" lon="-104.7043860"/>
 <node id="8403791117" visible="true" version="3" changeset="112631798" timestamp="2021-10-18T02:09:42Z" user="Shipwreck34" uid="10643883" lat="38.8407459" lon="-104.7044870"/>
 <node id="8403791118" visible="true" version="3" changeset="112631798" timestamp="2021-10-18T02:09:42Z" user="Shipwreck34" uid="10643883" lat="38.8408434" lon="-104.7045575"/>
 <node id="8403791119" visible="true" version="3" changeset="112631798" timestamp="2021-10-18T02:09:42Z" user="Shipwreck34" uid="10643883" lat="38.8409073" lon="-104.7045639"/>
 <node id="8403791120" visible="true" version="3" changeset="112631798" timestamp="2021-10-18T02:09:42Z" user="Shipwreck34" uid="10643883" lat="38.8409493" lon="-104.7046062"/>
 <node id="8403791121" visible="true" version="3" changeset="112631798" timestamp="2021-10-18T02:09:42Z" user="Shipwreck34" uid="10643883" lat="38.8409620" lon="-104.7046914"/>
 <node id="8403791122" visible="true" version="2" changeset="99011693" timestamp="2021-02-10T04:39:07Z" user="Sentinel_Falcon" uid="12623675" lat="38.8409469" lon="-104.7047853"/>
 <node id="8403791123" visible="true" version="3" changeset="112631798" timestamp="2021-10-18T02:09:42Z" user="Shipwreck34" uid="10643883" lat="38.8409294" lon="-104.7048389"/>
 <node id="8403791124" visible="true" version="3" changeset="112631798" timestamp="2021-10-18T02:09:42Z" user="Shipwreck34" uid="10643883" lat="38.8408872" lon="-104.7048785"/>
 <node id="8403791125" visible="true" version="2" changeset="112631798" timestamp="2021-10-18T02:09:42Z" user="Shipwreck34" uid="10643883" lat="38.8408218" lon="-104.7048753"/>
 <node id="8403791126" visible="true" version="3" changeset="112631798" timestamp="2021-10-18T02:09:42Z" user="Shipwreck34" uid="10643883" lat="38.8407695" lon="-104.7048140"/>
 <node id="8403791127" visible="true" version="2" changeset="99011693" timestamp="2021-02-10T04:39:07Z" user="Sentinel_Falcon" uid="12623675" lat="38.8407045" lon="-104.7047060"/>
 <node id="8403791128" visible="true" version="2" changeset="112631798" timestamp="2021-10-18T02:09:42Z" user="Shipwreck34" uid="10643883" lat="38.8406515" lon="-104.7046266"/>
 <node id="8403791129" visible="true" version="2" changeset="99011693" timestamp="2021-02-10T04:39:07Z" user="Sentinel_Falcon" uid="12623675" lat="38.8404237" lon="-104.7043339"/>
 <node id="8403791130" visible="true" version="2" changeset="99011693" timestamp="2021-02-10T04:39:07Z" user="Sentinel_Falcon" uid="12623675" lat="38.8403494" lon="-104.7042351"/>
 <node id="8403791131" visible="true" version="2" changeset="99011693" timestamp="2021-02-10T04:39:07Z" user="Sentinel_Falcon" uid="12623675" lat="38.8402884" lon="-104.7041584"/>
 <node id="8403791132" visible="true" version="3" changeset="112631798" timestamp="2021-10-18T02:09:42Z" user="Shipwreck34" uid="10643883" lat="38.8402462" lon="-104.7040910"/>
 <node id="8403791133" visible="true" version="3" changeset="112631798" timestamp="2021-10-18T02:09:42Z" user="Shipwreck34" uid="10643883" lat="38.8411941" lon="-104.7050491"/>
 <node id="8403791134" visible="true" version="3" changeset="112631798" timestamp="2021-10-18T02:09:42Z" user="Shipwreck34" uid="10643883" lat="38.8411992" lon="-104.7049487"/>
 <node id="8403791135" visible="true" version="3" changeset="112631798" timestamp="2021-10-18T02:09:42Z" user="Shipwreck34" uid="10643883" lat="38.8412322" lon="-104.7049177"/>
 <node id="8403791136" visible="true" version="3" changeset="112631798" timestamp="2021-10-18T02:09:42Z" user="Shipwreck34" uid="10643883" lat="38.8413110" lon="-104.7049374"/>
 <node id="8403791137" visible="true" version="3" changeset="112631798" timestamp="2021-10-18T02:09:42Z" user="Shipwreck34" uid="10643883" lat="38.8413489" lon="-104.7050047"/>
 <node id="8403791138" visible="true" version="3" changeset="112631798" timestamp="2021-10-18T02:09:42Z" user="Shipwreck34" uid="10643883" lat="38.8413735" lon="-104.7050554"/>
 <node id="8403791139" visible="true" version="3" changeset="112631798" timestamp="2021-10-18T02:09:42Z" user="Shipwreck34" uid="10643883" lat="38.8414295" lon="-104.7051120"/>
 <node id="8403791140" visible="true" version="3" changeset="112631798" timestamp="2021-10-18T02:09:42Z" user="Shipwreck34" uid="10643883" lat="38.8414811" lon="-104.7051883"/>
 <node id="8403791141" visible="true" version="3" changeset="112631798" timestamp="2021-10-18T02:09:42Z" user="Shipwreck34" uid="10643883" lat="38.8415008" lon="-104.7052784"/>
 <node id="8403791142" visible="true" version="3" changeset="112631798" timestamp="2021-10-18T02:09:42Z" user="Shipwreck34" uid="10643883" lat="38.8414833" lon="-104.7053440"/>
 <node id="8403791143" visible="true" version="3" changeset="112631798" timestamp="2021-10-18T02:09:42Z" user="Shipwreck34" uid="10643883" lat="38.8414586" lon="-104.7053904"/>
 <node id="8403791144" visible="true" version="3" changeset="112631798" timestamp="2021-10-18T02:09:42Z" user="Shipwreck34" uid="10643883" lat="38.8414392" lon="-104.7054133"/>
 <node id="8403791145" visible="true" version="3" changeset="112631798" timestamp="2021-10-18T02:09:42Z" user="Shipwreck34" uid="10643883" lat="38.8413717" lon="-104.7054657"/>
 <node id="8403791146" visible="true" version="3" changeset="112631798" timestamp="2021-10-18T02:09:42Z" user="Shipwreck34" uid="10643883" lat="38.8413275" lon="-104.7055070"/>
 <node id="8403791147" visible="true" version="3" changeset="112631798" timestamp="2021-10-18T02:09:42Z" user="Shipwreck34" uid="10643883" lat="38.8412942" lon="-104.7055333"/>
 <node id="8403791148" visible="true" version="3" changeset="112631798" timestamp="2021-10-18T02:09:42Z" user="Shipwreck34" uid="10643883" lat="38.8412180" lon="-104.7055510"/>
 <node id="8403791149" visible="true" version="1" changeset="98879420" timestamp="2021-02-08T05:15:23Z" user="Sentinel_Falcon" uid="12623675" lat="38.8411549" lon="-104.7055067"/>
 <node id="8403791151" visible="true" version="2" changeset="99011693" timestamp="2021-02-10T04:39:07Z" user="Sentinel_Falcon" uid="12623675" lat="38.8411717" lon="-104.7053274"/>
 <node id="8403791152" visible="true" version="2" changeset="99011693" timestamp="2021-02-10T04:39:07Z" user="Sentinel_Falcon" uid="12623675" lat="38.8412009" lon="-104.7052494"/>
 <node id="8403791153" visible="true" version="2" changeset="99011693" timestamp="2021-02-10T04:39:07Z" user="Sentinel_Falcon" uid="12623675" lat="38.8412135" lon="-104.7051808"/>
 <node id="8403791154" visible="true" version="2" changeset="99011693" timestamp="2021-02-10T04:39:07Z" user="Sentinel_Falcon" uid="12623675" lat="38.8412159" lon="-104.7051176"/>
 <node id="8403791165" visible="true" version="3" changeset="112631798" timestamp="2021-10-18T02:09:42Z" user="Shipwreck34" uid="10643883" lat="38.8411249" lon="-104.7052715"/>
 <node id="8403791166" visible="true" version="2" changeset="99011693" timestamp="2021-02-10T04:39:07Z" user="Sentinel_Falcon" uid="12623675" lat="38.8411105" lon="-104.7052953"/>
 <node id="8403791167" visible="true" version="3" changeset="112631798" timestamp="2021-10-18T02:09:42Z" user="Shipwreck34" uid="10643883" lat="38.8410845" lon="-104.7053079"/>
 <node id="8403791168" visible="true" version="3" changeset="112631798" timestamp="2021-10-18T02:09:42Z" user="Shipwreck34" uid="10643883" lat="38.8410616" lon="-104.7052777"/>
 <node id="8403791169" visible="true" version="3" changeset="112631798" timestamp="2021-10-18T02:09:42Z" user="Shipwreck34" uid="10643883" lat="38.8410640" lon="-104.7052252"/>
 <node id="8403791170" visible="true" version="3" changeset="112631798" timestamp="2021-10-18T02:09:42Z" user="Shipwreck34" uid="10643883" lat="38.8410665" lon="-104.7051937"/>
 <node id="8403791171" visible="true" version="2" changeset="99011693" timestamp="2021-02-10T04:39:07Z" user="Sentinel_Falcon" uid="12623675" lat="38.8410775" lon="-104.7051688"/>
 <node id="8403791172" visible="true" version="2" changeset="112631798" timestamp="2021-10-18T02:09:42Z" user="Shipwreck34" uid="10643883" lat="38.8410929" lon="-104.7051560"/>
 <node id="8403791173" visible="true" version="3" changeset="112631798" timestamp="2021-10-18T02:09:42Z" user="Shipwreck34" uid="10643883" lat="38.8411179" lon="-104.7051648"/>
 <node id="8403791174" visible="true" version="3" changeset="112631798" timestamp="2021-10-18T02:09:42Z" user="Shipwreck34" uid="10643883" lat="38.8411292" lon="-104.7051923"/>
 <node id="8403791175" visible="true" version="3" changeset="112631798" timestamp="2021-10-18T02:09:42Z" user="Shipwreck34" uid="10643883" lat="38.8411299" lon="-104.7052320"/>
 <node id="8403791194" visible="true" version="2" changeset="112631798" timestamp="2021-10-18T02:09:42Z" user="Shipwreck34" uid="10643883" lat="38.8399314" lon="-104.7034969"/>
 <node id="8403791196" visible="true" version="3" changeset="112632025" timestamp="2021-10-18T02:28:44Z" user="Shipwreck34" uid="10643883" lat="38.8408463" lon="-104.7047145"/>
 <node id="8403791198" visible="true" version="4" changeset="185679173" timestamp="2026-07-13T21:09:57Z" user="PizzaTreeIsland" uid="17308617" lat="38.8413080" lon="-104.7053589">
  <tag k="golf" v="pin"/>
 </node>
 <node id="8403791282" visible="true" version="1" changeset="98879420" timestamp="2021-02-08T05:15:23Z" user="Sentinel_Falcon" uid="12623675" lat="38.8408658" lon="-104.7057106"/>
 <node id="8403791283" visible="true" version="2" changeset="99011693" timestamp="2021-02-10T04:39:07Z" user="Sentinel_Falcon" uid="12623675" lat="38.8408244" lon="-104.7057298"/>
 <node id="8403791284" visible="true" version="2" changeset="99011693" timestamp="2021-02-10T04:39:07Z" user="Sentinel_Falcon" uid="12623675" lat="38.8407809" lon="-104.7057285"/>
 <node id="8403791285" visible="true" version="2" changeset="99011693" timestamp="2021-02-10T04:39:07Z" user="Sentinel_Falcon" uid="12623675" lat="38.8407513" lon="-104.7056840"/>
 <node id="8403791286" visible="true" version="2" changeset="99011693" timestamp="2021-02-10T04:39:07Z" user="Sentinel_Falcon" uid="12623675" lat="38.8407514" lon="-104.7056480"/>
 <node id="8403791287" visible="true" version="2" changeset="99011693" timestamp="2021-02-10T04:39:07Z" user="Sentinel_Falcon" uid="12623675" lat="38.8407881" lon="-104.7055936"/>
 <node id="8403791288" visible="true" version="1" changeset="98879420" timestamp="2021-02-08T05:15:23Z" user="Sentinel_Falcon" uid="12623675" lat="38.8408407" lon="-104.7055904"/>
 <node id="8403791289" visible="true" version="2" changeset="99011693" timestamp="2021-02-10T04:39:07Z" user="Sentinel_Falcon" uid="12623675" lat="38.8408692" lon="-104.7056178"/>
 <node id="8403791290" visible="true" version="1" changeset="98879420" timestamp="2021-02-08T05:15:23Z" user="Sentinel_Falcon" uid="12623675" lat="38.8408808" lon="-104.7056676"/>
 <node id="8403791291" visible="true" version="2" changeset="99011693" timestamp="2021-02-10T04:39:07Z" user="Sentinel_Falcon" uid="12623675" lat="38.8402850" lon="-104.7053704"/>
 <node id="8403791292" visible="true" version="2" changeset="99011693" timestamp="2021-02-10T04:39:07Z" user="Sentinel_Falcon" uid="12623675" lat="38.8402817" lon="-104.7053839"/>
 <node id="8403791293" visible="true" version="2" changeset="99011693" timestamp="2021-02-10T04:39:07Z" user="Sentinel_Falcon" uid="12623675" lat="38.8402748" lon="-104.7053982"/>
 <node id="8403791294" visible="true" version="2" changeset="99011693" timestamp="2021-02-10T04:39:07Z" user="Sentinel_Falcon" uid="12623675" lat="38.8402601" lon="-104.7054153"/>
 <node id="8403791295" visible="true" version="2" changeset="99011693" timestamp="2021-02-10T04:39:07Z" user="Sentinel_Falcon" uid="12623675" lat="38.8401355" lon="-104.7054676"/>
 <node id="8403791296" visible="true" version="2" changeset="99011693" timestamp="2021-02-10T04:39:07Z" user="Sentinel_Falcon" uid="12623675" lat="38.8400360" lon="-104.7054807"/>
 <node id="8403791297" visible="true" version="2" changeset="99011693" timestamp="2021-02-10T04:39:07Z" user="Sentinel_Falcon" uid="12623675" lat="38.8399023" lon="-104.7054818"/>
 <node id="8403791298" visible="true" version="2" changeset="99011693" timestamp="2021-02-10T04:39:07Z" user="Sentinel_Falcon" uid="12623675" lat="38.8397944" lon="-104.7055093"/>
 <node id="8403791299" visible="true" version="2" changeset="99011693" timestamp="2021-02-10T04:39:07Z" user="Sentinel_Falcon" uid="12623675" lat="38.8397715" lon="-104.7055145"/>
 <node id="8403791300" visible="true" version="3" changeset="112632025" timestamp="2021-10-18T02:28:44Z" user="Shipwreck34" uid="10643883" lat="38.8397494" lon="-104.7055160"/>
 <node id="8403791301" visible="true" version="2" changeset="99011693" timestamp="2021-02-10T04:39:07Z" user="Sentinel_Falcon" uid="12623675" lat="38.8397301" lon="-104.7055140"/>
 <node id="8403791303" visible="true" version="3" changeset="112632025" timestamp="2021-10-18T02:28:44Z" user="Shipwreck34" uid="10643883" lat="38.8396976" lon="-104.7055043"/>
 <node id="8403791306" visible="true" version="3" changeset="112632025" timestamp="2021-10-18T02:28:44Z" user="Shipwreck34" uid="10643883" lat="38.8396654" lon="-104.7054710"/>
 <node id="8403791307" visible="true" version="3" changeset="112632025" timestamp="2021-10-18T02:28:44Z" user="Shipwreck34" uid="10643883" lat="38.8396370" lon="-104.7053870"/>
 <node id="8403791308" visible="true" version="2" changeset="99011693" timestamp="2021-02-10T04:39:07Z" user="Sentinel_Falcon" uid="12623675" lat="38.8396407" lon="-104.7052993"/>
 <node id="8403791309" visible="true" version="2" changeset="99011693" timestamp="2021-02-10T04:39:07Z" user="Sentinel_Falcon" uid="12623675" lat="38.8396672" lon="-104.7052307"/>
 <node id="8403791310" visible="true" version="2" changeset="99011693" timestamp="2021-02-10T04:39:07Z" user="Sentinel_Falcon" uid="12623675" lat="38.8397548" lon="-104.7052155"/>
 <node id="8403791311" visible="true" version="2" changeset="99011693" timestamp="2021-02-10T04:39:07Z" user="Sentinel_Falcon" uid="12623675" lat="38.8398477" lon="-104.7052103"/>
 <node id="8403791312" visible="true" version="2" changeset="99011693" timestamp="2021-02-10T04:39:07Z" user="Sentinel_Falcon" uid="12623675" lat="38.8399485" lon="-104.7051718"/>
 <node id="8403791313" visible="true" version="2" changeset="99011693" timestamp="2021-02-10T04:39:07Z" user="Sentinel_Falcon" uid="12623675" lat="38.8400164" lon="-104.7051503"/>
 <node id="8403791314" visible="true" version="2" changeset="99011693" timestamp="2021-02-10T04:39:07Z" user="Sentinel_Falcon" uid="12623675" lat="38.8401152" lon="-104.7051498"/>
 <node id="8403791315" visible="true" version="2" changeset="99011693" timestamp="2021-02-10T04:39:07Z" user="Sentinel_Falcon" uid="12623675" lat="38.8402458" lon="-104.7052380"/>
 <node id="8403791317" visible="true" version="2" changeset="99011693" timestamp="2021-02-10T04:39:07Z" user="Sentinel_Falcon" uid="12623675" lat="38.8402679" lon="-104.7052734"/>
 <node id="8403791319" visible="true" version="2" changeset="99011693" timestamp="2021-02-10T04:39:07Z" user="Sentinel_Falcon" uid="12623675" lat="38.8402792" lon="-104.7052995"/>
 <node id="8403791320" visible="true" version="2" changeset="99011693" timestamp="2021-02-10T04:39:07Z" user="Sentinel_Falcon" uid="12623675" lat="38.8402850" lon="-104.7053286"/>
 <node id="8403791321" visible="true" version="2" changeset="99011693" timestamp="2021-02-10T04:39:07Z" user="Sentinel_Falcon" uid="12623675" lat="38.8402858" lon="-104.7053510"/>
 <node id="8403791338" visible="true" version="2" changeset="112631798" timestamp="2021-10-18T02:09:42Z" user="Shipwreck34" uid="10643883" lat="38.8410196" lon="-104.7056236"/>
 <node id="8403791339" visible="true" version="2" changeset="112632025" timestamp="2021-10-18T02:28:44Z" user="Shipwreck34" uid="10643883" lat="38.8400269" lon="-104.7053207"/>
 <node id="8403791340" visible="true" version="3" changeset="185679173" timestamp="2026-07-13T21:09:57Z" user="PizzaTreeIsland" uid="17308617" lat="38.8397626" lon="-104.7053642">
  <tag k="golf" v="pin"/>
 </node>
 <node id="8403791342" visible="true" version="2" changeset="99011693" timestamp="2021-02-10T04:39:07Z" user="Sentinel_Falcon" uid="12623675" lat="38.8404798" lon="-104.7050217"/>
 <node id="8403791343" visible="true" version="2" changeset="99011693" timestamp="2021-02-10T04:39:07Z" user="Sentinel_Falcon" uid="12623675" lat="38.8404430" lon="-104.7050455"/>
 <node id="8403791344" visible="true" version="2" changeset="99011693" timestamp="2021-02-10T04:39:07Z" user="Sentinel_Falcon" uid="12623675" lat="38.8403920" lon="-104.7050378"/>
 <node id="8403791345" visible="true" version="3" changeset="112632025" timestamp="2021-10-18T02:28:44Z" user="Shipwreck34" uid="10643883" lat="38.8403631" lon="-104.7050065"/>
 <node id="8403791346" visible="true" version="1" changeset="98879570" timestamp="2021-02-08T05:17:56Z" user="Sentinel_Falcon" uid="12623675" lat="38.8403327" lon="-104.7049638"/>
 <node id="8403791347" visible="true" version="2" changeset="112632025" timestamp="2021-10-18T02:28:44Z" user="Shipwreck34" uid="10643883" lat="38.8403172" lon="-104.7049144"/>
 <node id="8403791348" visible="true" version="3" changeset="112632025" timestamp="2021-10-18T02:28:44Z" user="Shipwreck34" uid="10643883" lat="38.8403239" lon="-104.7048677"/>
 <node id="8403791349" visible="true" version="3" changeset="112632025" timestamp="2021-10-18T02:28:44Z" user="Shipwreck34" uid="10643883" lat="38.8403701" lon="-104.7048337"/>
 <node id="8403791350" visible="true" version="2" changeset="99011693" timestamp="2021-02-10T04:39:07Z" user="Sentinel_Falcon" uid="12623675" lat="38.8404091" lon="-104.7048532"/>
 <node id="8403791351" visible="true" version="2" changeset="99011693" timestamp="2021-02-10T04:39:07Z" user="Sentinel_Falcon" uid="12623675" lat="38.8404350" lon="-104.7048800"/>
 <node id="8403791352" visible="true" version="3" changeset="112632025" timestamp="2021-10-18T02:28:44Z" user="Shipwreck34" uid="10643883" lat="38.8404612" lon="-104.7049060"/>
 <node id="8403791353" visible="true" version="2" changeset="99011693" timestamp="2021-02-10T04:39:07Z" user="Sentinel_Falcon" uid="12623675" lat="38.8404923" lon="-104.7049387"/>
 <node id="8403791354" visible="true" version="2" changeset="99011693" timestamp="2021-02-10T04:39:07Z" user="Sentinel_Falcon" uid="12623675" lat="38.8405007" lon="-104.7049863"/>
 <node id="8403791355" visible="true" version="2" changeset="99011693" timestamp="2021-02-10T04:39:07Z" user="Sentinel_Falcon" uid="12623675" lat="38.8402545" lon="-104.7047870"/>
 <node id="8403791356" visible="true" version="2" changeset="99011693" timestamp="2021-02-10T04:39:07Z" user="Sentinel_Falcon" uid="12623675" lat="38.8402374" lon="-104.7048128"/>
 <node id="8403791357" visible="true" version="2" changeset="99011693" timestamp="2021-02-10T04:39:07Z" user="Sentinel_Falcon" uid="12623675" lat="38.8401998" lon="-104.7048181"/>
 <node id="8403791358" visible="true" version="2" changeset="112632025" timestamp="2021-10-18T02:28:44Z" user="Shipwreck34" uid="10643883" lat="38.8401690" lon="-104.7047982"/>
 <node id="8403791359" visible="true" version="2" changeset="99011693" timestamp="2021-02-10T04:39:07Z" user="Sentinel_Falcon" uid="12623675" lat="38.8401212" lon="-104.7047371"/>
 <node id="8403791360" visible="true" version="2" changeset="99011693" timestamp="2021-02-10T04:39:07Z" user="Sentinel_Falcon" uid="12623675" lat="38.8400949" lon="-104.7046943"/>
 <node id="8403791361" visible="true" version="2" changeset="99011693" timestamp="2021-02-10T04:39:07Z" user="Sentinel_Falcon" uid="12623675" lat="38.8400063" lon="-104.7045655"/>
 <node id="8403791362" visible="true" version="3" changeset="112632025" timestamp="2021-10-18T02:28:44Z" user="Shipwreck34" uid="10643883" lat="38.8399261" lon="-104.7044560"/>
 <node id="8403791363" visible="true" version="2" changeset="99011693" timestamp="2021-02-10T04:39:07Z" user="Sentinel_Falcon" uid="12623675" lat="38.8398752" lon="-104.7043896"/>
 <node id="8403791364" visible="true" version="3" changeset="112632025" timestamp="2021-10-18T02:28:44Z" user="Shipwreck34" uid="10643883" lat="38.8398112" lon="-104.7043315"/>
 <node id="8403791365" visible="true" version="3" changeset="112632025" timestamp="2021-10-18T02:28:44Z" user="Shipwreck34" uid="10643883" lat="38.8397280" lon="-104.7043345"/>
 <node id="8403791366" visible="true" version="3" changeset="112632025" timestamp="2021-10-18T02:28:44Z" user="Shipwreck34" uid="10643883" lat="38.8396845" lon="-104.7043281"/>
 <node id="8403791367" visible="true" version="3" changeset="112632025" timestamp="2021-10-18T02:28:44Z" user="Shipwreck34" uid="10643883" lat="38.8396440" lon="-104.7042748"/>
 <node id="8403791368" visible="true" version="3" changeset="112632025" timestamp="2021-10-18T02:28:44Z" user="Shipwreck34" uid="10643883" lat="38.8396281" lon="-104.7042068"/>
 <node id="8403791369" visible="true" version="3" changeset="112632025" timestamp="2021-10-18T02:28:44Z" user="Shipwreck34" uid="10643883" lat="38.8396429" lon="-104.7041031"/>
 <node id="8403791370" visible="true" version="2" changeset="112632025" timestamp="2021-10-18T02:28:44Z" user="Shipwreck34" uid="10643883" lat="38.8396601" lon="-104.7040453"/>
 <node id="8403791371" visible="true" version="3" changeset="112632025" timestamp="2021-10-18T02:28:44Z" user="Shipwreck34" uid="10643883" lat="38.8396740" lon="-104.7039845"/>
 <node id="8403791372" visible="true" version="2" changeset="99011693" timestamp="2021-02-10T04:39:07Z" user="Sentinel_Falcon" uid="12623675" lat="38.8396867" lon="-104.7039283"/>
 <node id="8403791373" visible="true" version="3" changeset="112632025" timestamp="2021-10-18T02:28:44Z" user="Shipwreck34" uid="10643883" lat="38.8397036" lon="-104.7038942"/>
 <node id="8403791374" visible="true" version="3" changeset="112632025" timestamp="2021-10-18T02:28:44Z" user="Shipwreck34" uid="10643883" lat="38.8397341" lon="-104.7038662"/>
 <node id="8403791375" visible="true" version="3" changeset="112632025" timestamp="2021-10-18T02:28:44Z" user="Shipwreck34" uid="10643883" lat="38.8397671" lon="-104.7038618"/>
 <node id="8403791376" visible="true" version="2" changeset="99011693" timestamp="2021-02-10T04:39:07Z" user="Sentinel_Falcon" uid="12623675" lat="38.8398099" lon="-104.7038920"/>
 <node id="8403791377" visible="true" version="2" changeset="99011693" timestamp="2021-02-10T04:39:07Z" user="Sentinel_Falcon" uid="12623675" lat="38.8398342" lon="-104.7039312"/>
 <node id="8403791378" visible="true" version="2" changeset="99011693" timestamp="2021-02-10T04:39:07Z" user="Sentinel_Falcon" uid="12623675" lat="38.8398459" lon="-104.7039799"/>
 <node id="8403791379" visible="true" version="2" changeset="99011693" timestamp="2021-02-10T04:39:07Z" user="Sentinel_Falcon" uid="12623675" lat="38.8398597" lon="-104.7040369"/>
 <node id="8403791380" visible="true" version="2" changeset="99011693" timestamp="2021-02-10T04:39:07Z" user="Sentinel_Falcon" uid="12623675" lat="38.8398822" lon="-104.7040826"/>
 <node id="8403791381" visible="true" version="2" changeset="99011693" timestamp="2021-02-10T04:39:07Z" user="Sentinel_Falcon" uid="12623675" lat="38.8399503" lon="-104.7041845"/>
 <node id="8403791382" visible="true" version="2" changeset="112632025" timestamp="2021-10-18T02:28:44Z" user="Shipwreck34" uid="10643883" lat="38.8399878" lon="-104.7042435"/>
 <node id="8403791383" visible="true" version="2" changeset="99011693" timestamp="2021-02-10T04:39:07Z" user="Sentinel_Falcon" uid="12623675" lat="38.8400180" lon="-104.7043060"/>
 <node id="8403791384" visible="true" version="2" changeset="99011693" timestamp="2021-02-10T04:39:07Z" user="Sentinel_Falcon" uid="12623675" lat="38.8400603" lon="-104.7043746"/>
 <node id="8403791385" visible="true" version="2" changeset="99011693" timestamp="2021-02-10T04:39:07Z" user="Sentinel_Falcon" uid="12623675" lat="38.8401029" lon="-104.7044330"/>
 <node id="8403791386" visible="true" version="2" changeset="99011693" timestamp="2021-02-10T04:39:07Z" user="Sentinel_Falcon" uid="12623675" lat="38.8401522" lon="-104.7044964"/>
 <node id="8403791387" visible="true" version="2" changeset="99011693" timestamp="2021-02-10T04:39:07Z" user="Sentinel_Falcon" uid="12623675" lat="38.8401998" lon="-104.7045608"/>
 <node id="8403791388" visible="true" version="2" changeset="99011693" timestamp="2021-02-10T04:39:07Z" user="Sentinel_Falcon" uid="12623675" lat="38.8402337" lon="-104.7046052"/>
 <node id="8403791389" visible="true" version="2" changeset="99011693" timestamp="2021-02-10T04:39:07Z" user="Sentinel_Falcon" uid="12623675" lat="38.8402641" lon="-104.7046652"/>
 <node id="8403791390" visible="true" version="2" changeset="99011693" timestamp="2021-02-10T04:39:07Z" user="Sentinel_Falcon" uid="12623675" lat="38.8402704" lon="-104.7047154"/>
 <node id="8403791391" visible="true" version="2" changeset="99011693" timestamp="2021-02-10T04:39:07Z" user="Sentinel_Falcon" uid="12623675" lat="38.8402687" lon="-104.7047539"/>
 <node id="8403791405" visible="true" version="2" changeset="112631798" timestamp="2021-10-18T02:09:42Z" user="Shipwreck34" uid="10643883" lat="38.8404018" lon="-104.7049393"/>
 <node id="8403791406" visible="true" version="2" changeset="99011693" timestamp="2021-02-10T04:39:07Z" user="Sentinel_Falcon" uid="12623675" lat="38.8398877" lon="-104.7042591"/>
 <node id="8403791407" visible="true" version="4" changeset="185679173" timestamp="2026-07-13T21:09:57Z" user="PizzaTreeIsland" uid="17308617" lat="38.8397376" lon="-104.7040943">
  <tag k="golf" v="pin"/>
 </node>
 <node id="8403805818" visible="true" version="2" changeset="99011693" timestamp="2021-02-10T04:39:07Z" user="Sentinel_Falcon" uid="12623675" lat="38.8404630" lon="-104.7029164"/>
 <node id="8403805819" visible="true" version="1" changeset="98879931" timestamp="2021-02-08T05:23:29Z" user="Sentinel_Falcon" uid="12623675" lat="38.8404346" lon="-104.7029232"/>
 <node id="8403805820" visible="true" version="2" changeset="99011693" timestamp="2021-02-10T04:39:07Z" user="Sentinel_Falcon" uid="12623675" lat="38.8403962" lon="-104.7029018"/>
 <node id="8403805821" visible="true" version="3" changeset="112632025" timestamp="2021-10-18T02:28:44Z" user="Shipwreck34" uid="10643883" lat="38.8403815" lon="-104.7028644"/>
 <node id="8403805822" visible="true" version="3" changeset="112632025" timestamp="2021-10-18T02:28:44Z" user="Shipwreck34" uid="10643883" lat="38.8403978" lon="-104.7028255"/>
 <node id="8403805823" visible="true" version="3" changeset="112632025" timestamp="2021-10-18T02:28:44Z" user="Shipwreck34" uid="10643883" lat="38.8404377" lon="-104.7028187"/>
 <node id="8403805824" visible="true" version="3" changeset="112632025" timestamp="2021-10-18T02:28:44Z" user="Shipwreck34" uid="10643883" lat="38.8404670" lon="-104.7028342"/>
 <node id="8403805825" visible="true" version="3" changeset="112632025" timestamp="2021-10-18T02:28:44Z" user="Shipwreck34" uid="10643883" lat="38.8404805" lon="-104.7028859"/>
 <node id="8403805826" visible="true" version="2" changeset="99011693" timestamp="2021-02-10T04:39:07Z" user="Sentinel_Falcon" uid="12623675" lat="38.8402566" lon="-104.7028805"/>
 <node id="8403805827" visible="true" version="3" changeset="112632025" timestamp="2021-10-18T02:28:44Z" user="Shipwreck34" uid="10643883" lat="38.8402319" lon="-104.7028872"/>
 <node id="8403805828" visible="true" version="3" changeset="112632025" timestamp="2021-10-18T02:28:44Z" user="Shipwreck34" uid="10643883" lat="38.8401937" lon="-104.7028857"/>
 <node id="8403805829" visible="true" version="2" changeset="99011693" timestamp="2021-02-10T04:39:07Z" user="Sentinel_Falcon" uid="12623675" lat="38.8401693" lon="-104.7028653"/>
 <node id="8403805830" visible="true" version="3" changeset="112632025" timestamp="2021-10-18T02:28:44Z" user="Shipwreck34" uid="10643883" lat="38.8401729" lon="-104.7028211"/>
 <node id="8403805831" visible="true" version="3" changeset="112632025" timestamp="2021-10-18T02:28:44Z" user="Shipwreck34" uid="10643883" lat="38.8402073" lon="-104.7028067"/>
 <node id="8403805832" visible="true" version="2" changeset="112632025" timestamp="2021-10-18T02:28:44Z" user="Shipwreck34" uid="10643883" lat="38.8402348" lon="-104.7028068"/>
 <node id="8403805833" visible="true" version="2" changeset="99011693" timestamp="2021-02-10T04:39:07Z" user="Sentinel_Falcon" uid="12623675" lat="38.8402629" lon="-104.7028160"/>
 <node id="8403805834" visible="true" version="2" changeset="112632025" timestamp="2021-10-18T02:28:44Z" user="Shipwreck34" uid="10643883" lat="38.8402725" lon="-104.7028573"/>
 <node id="8403805835" visible="true" version="2" changeset="99011693" timestamp="2021-02-10T04:39:07Z" user="Sentinel_Falcon" uid="12623675" lat="38.8407597" lon="-104.7031163"/>
 <node id="8403805836" visible="true" version="3" changeset="112632025" timestamp="2021-10-18T02:28:44Z" user="Shipwreck34" uid="10643883" lat="38.8407236" lon="-104.7030181"/>
 <node id="8403805837" visible="true" version="3" changeset="112632025" timestamp="2021-10-18T02:28:44Z" user="Shipwreck34" uid="10643883" lat="38.8408361" lon="-104.7029703"/>
 <node id="8403805838" visible="true" version="3" changeset="112632025" timestamp="2021-10-18T02:28:44Z" user="Shipwreck34" uid="10643883" lat="38.8408935" lon="-104.7029925"/>
 <node id="8403805839" visible="true" version="2" changeset="112632025" timestamp="2021-10-18T02:28:44Z" user="Shipwreck34" uid="10643883" lat="38.8409434" lon="-104.7029790"/>
 <node id="8403805840" visible="true" version="3" changeset="112632025" timestamp="2021-10-18T02:28:44Z" user="Shipwreck34" uid="10643883" lat="38.8409971" lon="-104.7029690"/>
 <node id="8403805841" visible="true" version="3" changeset="112632025" timestamp="2021-10-18T02:28:44Z" user="Shipwreck34" uid="10643883" lat="38.8410530" lon="-104.7029987"/>
 <node id="8403805842" visible="true" version="3" changeset="112632025" timestamp="2021-10-18T02:28:44Z" user="Shipwreck34" uid="10643883" lat="38.8411356" lon="-104.7030410"/>
 <node id="8403805843" visible="true" version="3" changeset="112632025" timestamp="2021-10-18T02:28:44Z" user="Shipwreck34" uid="10643883" lat="38.8412059" lon="-104.7030116"/>
 <node id="8403805844" visible="true" version="3" changeset="112632025" timestamp="2021-10-18T02:28:44Z" user="Shipwreck34" uid="10643883" lat="38.8413031" lon="-104.7030305"/>
 <node id="8403805845" visible="true" version="3" changeset="112632025" timestamp="2021-10-18T02:28:44Z" user="Shipwreck34" uid="10643883" lat="38.8413689" lon="-104.7030765"/>
 <node id="8403805846" visible="true" version="3" changeset="112632025" timestamp="2021-10-18T02:28:44Z" user="Shipwreck34" uid="10643883" lat="38.8415088" lon="-104.7031031"/>
 <node id="8403805847" visible="true" version="3" changeset="112632025" timestamp="2021-10-18T02:28:44Z" user="Shipwreck34" uid="10643883" lat="38.8415612" lon="-104.7030853"/>
 <node id="8403805848" visible="true" version="3" changeset="112632025" timestamp="2021-10-18T02:28:44Z" user="Shipwreck34" uid="10643883" lat="38.8416139" lon="-104.7031092"/>
 <node id="8403805849" visible="true" version="2" changeset="99011693" timestamp="2021-02-10T04:39:07Z" user="Sentinel_Falcon" uid="12623675" lat="38.8416438" lon="-104.7031766"/>
 <node id="8403805850" visible="true" version="3" changeset="112632025" timestamp="2021-10-18T02:28:44Z" user="Shipwreck34" uid="10643883" lat="38.8416395" lon="-104.7032575"/>
 <node id="8403805851" visible="true" version="3" changeset="112632025" timestamp="2021-10-18T02:28:44Z" user="Shipwreck34" uid="10643883" lat="38.8416039" lon="-104.7033285"/>
 <node id="8403805852" visible="true" version="3" changeset="112632025" timestamp="2021-10-18T02:28:44Z" user="Shipwreck34" uid="10643883" lat="38.8415358" lon="-104.7033658"/>
 <node id="8403805853" visible="true" version="3" changeset="112632025" timestamp="2021-10-18T02:28:44Z" user="Shipwreck34" uid="10643883" lat="38.8414822" lon="-104.7033814"/>
 <node id="8403805854" visible="true" version="2" changeset="99011693" timestamp="2021-02-10T04:39:07Z" user="Sentinel_Falcon" uid="12623675" lat="38.8413998" lon="-104.7033983"/>
 <node id="8403805855" visible="true" version="3" changeset="112632025" timestamp="2021-10-18T02:28:44Z" user="Shipwreck34" uid="10643883" lat="38.8413310" lon="-104.7034127"/>
 <node id="8403805856" visible="true" version="2" changeset="99011693" timestamp="2021-02-10T04:39:07Z" user="Sentinel_Falcon" uid="12623675" lat="38.8412686" lon="-104.7034235"/>
 <node id="8403805857" visible="true" version="2" changeset="99011693" timestamp="2021-02-10T04:39:07Z" user="Sentinel_Falcon" uid="12623675" lat="38.8412134" lon="-104.7034261"/>
 <node id="8403805858" visible="true" version="3" changeset="112632025" timestamp="2021-10-18T02:28:44Z" user="Shipwreck34" uid="10643883" lat="38.8411060" lon="-104.7033305"/>
 <node id="8403805859" visible="true" version="2" changeset="99011693" timestamp="2021-02-10T04:39:07Z" user="Sentinel_Falcon" uid="12623675" lat="38.8410146" lon="-104.7032756"/>
 <node id="8403805860" visible="true" version="2" changeset="99011693" timestamp="2021-02-10T04:39:07Z" user="Sentinel_Falcon" uid="12623675" lat="38.8409344" lon="-104.7032229"/>
 <node id="8403805861" visible="true" version="2" changeset="99011693" timestamp="2021-02-10T04:39:07Z" user="Sentinel_Falcon" uid="12623675" lat="38.8408566" lon="-104.7031743"/>
 <node id="8403805880" visible="true" version="3" changeset="112632025" timestamp="2021-10-18T02:28:44Z" user="Shipwreck34" uid="10643883" lat="38.8402209" lon="-104.7028446"/>
 <node id="8403805881" visible="true" version="2" changeset="112632025" timestamp="2021-10-18T02:28:44Z" user="Shipwreck34" uid="10643883" lat="38.8412024" lon="-104.7032052"/>
 <node id="8403805882" visible="true" version="4" changeset="185679173" timestamp="2026-07-13T21:09:57Z" user="PizzaTreeIsland" uid="17308617" lat="38.8414531" lon="-104.7032367">
  <tag k="golf" v="pin"/>
 </node>
 <node id="8403805883" visible="true" version="2" changeset="99011693" timestamp="2021-02-10T04:39:07Z" user="Sentinel_Falcon" uid="12623675" lat="38.8417905" lon="-104.7027950"/>
 <node id="8403805884" visible="true" version="1" changeset="98879931" timestamp="2021-02-08T05:23:29Z" user="Sentinel_Falcon" uid="12623675" lat="38.8417432" lon="-104.7028460"/>
 <node id="8403805885" visible="true" version="2" changeset="99011693" timestamp="2021-02-10T04:39:07Z" user="Sentinel_Falcon" uid="12623675" lat="38.8416622" lon="-104.7028908"/>
 <node id="8403805886" visible="true" version="2" changeset="99011693" timestamp="2021-02-10T04:39:07Z" user="Sentinel_Falcon" uid="12623675" lat="38.8416217" lon="-104.7029076"/>
 <node id="8403805887" visible="true" version="3" changeset="112632025" timestamp="2021-10-18T02:28:44Z" user="Shipwreck34" uid="10643883" lat="38.8415660" lon="-104.7029307"/>
 <node id="8403805888" visible="true" version="2" changeset="99011693" timestamp="2021-02-10T04:39:07Z" user="Sentinel_Falcon" uid="12623675" lat="38.8415197" lon="-104.7029014"/>
 <node id="8403805889" visible="true" version="3" changeset="112632025" timestamp="2021-10-18T02:28:44Z" user="Shipwreck34" uid="10643883" lat="38.8415186" lon="-104.7028503"/>
 <node id="8403805890" visible="true" version="3" changeset="112632025" timestamp="2021-10-18T02:28:44Z" user="Shipwreck34" uid="10643883" lat="38.8415623" lon="-104.7028176"/>
 <node id="8403805891" visible="true" version="2" changeset="99011693" timestamp="2021-02-10T04:39:07Z" user="Sentinel_Falcon" uid="12623675" lat="38.8416267" lon="-104.7028053"/>
 <node id="8403805892" visible="true" version="2" changeset="99011693" timestamp="2021-02-10T04:39:07Z" user="Sentinel_Falcon" uid="12623675" lat="38.8416784" lon="-104.7027898"/>
 <node id="8403805893" visible="true" version="2" changeset="99011693" timestamp="2021-02-10T04:39:07Z" user="Sentinel_Falcon" uid="12623675" lat="38.8417169" lon="-104.7027613"/>
 <node id="8403805894" visible="true" version="3" changeset="112632025" timestamp="2021-10-18T02:28:44Z" user="Shipwreck34" uid="10643883" lat="38.8417473" lon="-104.7027100"/>
 <node id="8403805895" visible="true" version="2" changeset="99011693" timestamp="2021-02-10T04:39:07Z" user="Sentinel_Falcon" uid="12623675" lat="38.8417600" lon="-104.7026607"/>
 <node id="8403805896" visible="true" version="3" changeset="112632025" timestamp="2021-10-18T02:28:44Z" user="Shipwreck34" uid="10643883" lat="38.8418239" lon="-104.7026208"/>
 <node id="8403805897" visible="true" version="3" changeset="112632025" timestamp="2021-10-18T02:28:44Z" user="Shipwreck34" uid="10643883" lat="38.8418461" lon="-104.7026953"/>
 <node id="8403805898" visible="true" version="2" changeset="99011693" timestamp="2021-02-10T04:39:07Z" user="Sentinel_Falcon" uid="12623675" lat="38.8418143" lon="-104.7027637"/>
 <node id="8403806053" visible="true" version="2" changeset="112594022" timestamp="2021-10-16T21:39:08Z" user="Shipwreck34" uid="10643883" lat="38.8415698" lon="-104.7028698"/>
 <node id="8403806054" visible="true" version="3" changeset="112632025" timestamp="2021-10-18T02:28:44Z" user="Shipwreck34" uid="10643883" lat="38.8425546" lon="-104.7022066"/>
 <node id="8403806055" visible="true" version="4" changeset="185679173" timestamp="2026-07-13T21:09:57Z" user="PizzaTreeIsland" uid="17308617" lat="38.8428098" lon="-104.7020825">
  <tag k="golf" v="pin"/>
 </node>
 <node id="8410598557" visible="true" version="2" changeset="112594022" timestamp="2021-10-16T21:39:08Z" user="Shipwreck34" uid="10643883" lat="38.8418028" lon="-104.7033148"/>
 <node id="8410598558" visible="true" version="1" changeset="99011693" timestamp="2021-02-10T04:39:07Z" user="Sentinel_Falcon" uid="12623675" lat="38.8418584" lon="-104.7032576"/>
 <node id="8410598559" visible="true" version="2" changeset="112594022" timestamp="2021-10-16T21:39:08Z" user="Shipwreck34" uid="10643883" lat="38.8418744" lon="-104.7032256"/>
 <node id="8410598560" visible="true" version="2" changeset="112594022" timestamp="2021-10-16T21:39:08Z" user="Shipwreck34" uid="10643883" lat="38.8418991" lon="-104.7031467"/>
 <node id="8410598561" visible="true" version="2" changeset="112594022" timestamp="2021-10-16T21:39:08Z" user="Shipwreck34" uid="10643883" lat="38.8419381" lon="-104.7030984"/>
 <node id="8410598562" visible="true" version="2" changeset="112594022" timestamp="2021-10-16T21:39:08Z" user="Shipwreck34" uid="10643883" lat="38.8419690" lon="-104.7031228"/>
 <node id="8410598567" visible="true" version="1" changeset="99011693" timestamp="2021-02-10T04:39:07Z" user="Sentinel_Falcon" uid="12623675" lat="38.8422570" lon="-104.7043469"/>
 <node id="8410598570" visible="true" version="1" changeset="99011693" timestamp="2021-02-10T04:39:07Z" user="Sentinel_Falcon" uid="12623675" lat="38.8398885" lon="-104.7034657"/>
 <node id="8410598571" visible="true" version="2" changeset="112631798" timestamp="2021-10-18T02:09:42Z" user="Shipwreck34" uid="10643883" lat="38.8401169" lon="-104.7036729"/>
 <node id="8410598572" visible="true" version="2" changeset="112631798" timestamp="2021-10-18T02:09:42Z" user="Shipwreck34" uid="10643883" lat="38.8407853" lon="-104.7045368"/>
 <node id="8410598573" visible="true" version="2" changeset="112631798" timestamp="2021-10-18T02:09:42Z" user="Shipwreck34" uid="10643883" lat="38.8408129" lon="-104.7045520"/>
 <node id="8410598574" visible="true" version="2" changeset="112631798" timestamp="2021-10-18T02:09:42Z" user="Shipwreck34" uid="10643883" lat="38.8408747" lon="-104.7045577"/>
 <node id="8410598575" visible="true" version="2" changeset="112631798" timestamp="2021-10-18T02:09:42Z" user="Shipwreck34" uid="10643883" lat="38.8407385" lon="-104.7047596"/>
 <node id="8410598576" visible="true" version="1" changeset="99011693" timestamp="2021-02-10T04:39:07Z" user="Sentinel_Falcon" uid="12623675" lat="38.8405323" lon="-104.7044763"/>
 <node id="8410598577" visible="true" version="2" changeset="112631798" timestamp="2021-10-18T02:09:42Z" user="Shipwreck34" uid="10643883" lat="38.8411872" lon="-104.7049977"/>
 <node id="8410598578" visible="true" version="2" changeset="112631798" timestamp="2021-10-18T02:09:42Z" user="Shipwreck34" uid="10643883" lat="38.8412756" lon="-104.7049134"/>
 <node id="8410598579" visible="true" version="2" changeset="112631798" timestamp="2021-10-18T02:09:42Z" user="Shipwreck34" uid="10643883" lat="38.8414967" lon="-104.7052354"/>
 <node id="8410598580" visible="true" version="2" changeset="112631798" timestamp="2021-10-18T02:09:42Z" user="Shipwreck34" uid="10643883" lat="38.8414658" lon="-104.7051437"/>
 <node id="8410598581" visible="true" version="2" changeset="112631798" timestamp="2021-10-18T02:09:42Z" user="Shipwreck34" uid="10643883" lat="38.8414081" lon="-104.7054400"/>
 <node id="8410598582" visible="true" version="1" changeset="99011693" timestamp="2021-02-10T04:39:07Z" user="Sentinel_Falcon" uid="12623675" lat="38.8412573" lon="-104.7055502"/>
 <node id="8410598583" visible="true" version="2" changeset="112631798" timestamp="2021-10-18T02:09:42Z" user="Shipwreck34" uid="10643883" lat="38.8411816" lon="-104.7055413"/>
 <node id="8410598584" visible="true" version="1" changeset="99011693" timestamp="2021-02-10T04:39:07Z" user="Sentinel_Falcon" uid="12623675" lat="38.8411449" lon="-104.7054644"/>
 <node id="8410598585" visible="true" version="1" changeset="99011693" timestamp="2021-02-10T04:39:07Z" user="Sentinel_Falcon" uid="12623675" lat="38.8411905" lon="-104.7052894"/>
 <node id="8410598586" visible="true" version="1" changeset="99011693" timestamp="2021-02-10T04:39:07Z" user="Sentinel_Falcon" uid="12623675" lat="38.8411516" lon="-104.7053905"/>
 <node id="8410601639" visible="true" version="2" changeset="112631798" timestamp="2021-10-18T02:09:42Z" user="Shipwreck34" uid="10643883" lat="38.8410642" lon="-104.7052482"/>
 <node id="8410601640" visible="true" version="2" changeset="112631798" timestamp="2021-10-18T02:09:42Z" user="Shipwreck34" uid="10643883" lat="38.8410646" lon="-104.7052377"/>
 <node id="8410601641" visible="true" version="2" changeset="112631798" timestamp="2021-10-18T02:09:42Z" user="Shipwreck34" uid="10643883" lat="38.8410638" lon="-104.7052087"/>
 <node id="8410601642" visible="true" version="2" changeset="112631798" timestamp="2021-10-18T02:09:42Z" user="Shipwreck34" uid="10643883" lat="38.8410705" lon="-104.7051786"/>
 <node id="8410601643" visible="true" version="1" changeset="99011693" timestamp="2021-02-10T04:39:07Z" user="Sentinel_Falcon" uid="12623675" lat="38.8410830" lon="-104.7051592"/>
 <node id="8410601644" visible="true" version="2" changeset="112631798" timestamp="2021-10-18T02:09:42Z" user="Shipwreck34" uid="10643883" lat="38.8411053" lon="-104.7051581"/>
 <node id="8410601645" visible="true" version="2" changeset="112631798" timestamp="2021-10-18T02:09:42Z" user="Shipwreck34" uid="10643883" lat="38.8410617" lon="-104.7052624"/>
 <node id="8410601646" visible="true" version="2" changeset="112631798" timestamp="2021-10-18T02:09:42Z" user="Shipwreck34" uid="10643883" lat="38.8410686" lon="-104.7052953"/>
 <node id="8410601647" visible="true" version="1" changeset="99011693" timestamp="2021-02-10T04:39:07Z" user="Sentinel_Falcon" uid="12623675" lat="38.8410993" lon="-104.7053049"/>
 <node id="8410601648" visible="true" version="2" changeset="112631798" timestamp="2021-10-18T02:09:42Z" user="Shipwreck34" uid="10643883" lat="38.8411293" lon="-104.7052535"/>
 <node id="8410601649" visible="true" version="2" changeset="112631798" timestamp="2021-10-18T02:09:42Z" user="Shipwreck34" uid="10643883" lat="38.8411312" lon="-104.7052135"/>
 <node id="8410601650" visible="true" version="2" changeset="112631798" timestamp="2021-10-18T02:09:42Z" user="Shipwreck34" uid="10643883" lat="38.8411311" lon="-104.7052018"/>
 <node id="8410601651" visible="true" version="2" changeset="112631798" timestamp="2021-10-18T02:09:42Z" user="Shipwreck34" uid="10643883" lat="38.8411244" lon="-104.7051781"/>
 <node id="8410601652" visible="true" version="1" changeset="99011693" timestamp="2021-02-10T04:39:07Z" user="Sentinel_Falcon" uid="12623675" lat="38.8401869" lon="-104.7051851"/>
 <node id="8410601653" visible="true" version="1" changeset="99011693" timestamp="2021-02-10T04:39:07Z" user="Sentinel_Falcon" uid="12623675" lat="38.8402176" lon="-104.7052072"/>
 <node id="8410601654" visible="true" version="1" changeset="99011693" timestamp="2021-02-10T04:39:07Z" user="Sentinel_Falcon" uid="12623675" lat="38.8401508" lon="-104.7051621"/>
 <node id="8410601655" visible="true" version="1" changeset="99011693" timestamp="2021-02-10T04:39:07Z" user="Sentinel_Falcon" uid="12623675" lat="38.8400647" lon="-104.7051438"/>
 <node id="8410601656" visible="true" version="1" changeset="99011693" timestamp="2021-02-10T04:39:07Z" user="Sentinel_Falcon" uid="12623675" lat="38.8399847" lon="-104.7051603"/>
 <node id="8410601657" visible="true" version="1" changeset="99011693" timestamp="2021-02-10T04:39:07Z" user="Sentinel_Falcon" uid="12623675" lat="38.8398981" lon="-104.7051881"/>
 <node id="8410601658" visible="true" version="1" changeset="99011693" timestamp="2021-02-10T04:39:07Z" user="Sentinel_Falcon" uid="12623675" lat="38.8398023" lon="-104.7052204"/>
 <node id="8410601659" visible="true" version="2" changeset="112632025" timestamp="2021-10-18T02:28:44Z" user="Shipwreck34" uid="10643883" lat="38.8397154" lon="-104.7052060"/>
 <node id="8410601660" visible="true" version="2" changeset="112632025" timestamp="2021-10-18T02:28:44Z" user="Shipwreck34" uid="10643883" lat="38.8396872" lon="-104.7052110"/>
 <node id="8410601661" visible="true" version="1" changeset="99011693" timestamp="2021-02-10T04:39:07Z" user="Sentinel_Falcon" uid="12623675" lat="38.8396498" lon="-104.7052607"/>
 <node id="8410601662" visible="true" version="1" changeset="99011693" timestamp="2021-02-10T04:39:07Z" user="Sentinel_Falcon" uid="12623675" lat="38.8396342" lon="-104.7053422"/>
 <node id="8410601663" visible="true" version="2" changeset="112632025" timestamp="2021-10-18T02:28:44Z" user="Shipwreck34" uid="10643883" lat="38.8396447" lon="-104.7054303"/>
 <node id="8410601664" visible="true" version="1" changeset="99011693" timestamp="2021-02-10T04:39:07Z" user="Sentinel_Falcon" uid="12623675" lat="38.8398475" lon="-104.7054907"/>
 <node id="8410601665" visible="true" version="1" changeset="99011693" timestamp="2021-02-10T04:39:07Z" user="Sentinel_Falcon" uid="12623675" lat="38.8402036" lon="-104.7054527"/>
 <node id="8410601666" visible="true" version="1" changeset="99011693" timestamp="2021-02-10T04:39:07Z" user="Sentinel_Falcon" uid="12623675" lat="38.8402352" lon="-104.7054372"/>
 <node id="8410601667" visible="true" version="1" changeset="99011693" timestamp="2021-02-10T04:39:07Z" user="Sentinel_Falcon" uid="12623675" lat="38.8400845" lon="-104.7054774"/>
 <node id="8410601668" visible="true" version="1" changeset="99011693" timestamp="2021-02-10T04:39:07Z" user="Sentinel_Falcon" uid="12623675" lat="38.8401700" lon="-104.7054623"/>
 <node id="8410601669" visible="true" version="1" changeset="99011693" timestamp="2021-02-10T04:39:07Z" user="Sentinel_Falcon" uid="12623675" lat="38.8407647" lon="-104.7056163"/>
 <node id="8410601670" visible="true" version="1" changeset="99011693" timestamp="2021-02-10T04:39:07Z" user="Sentinel_Falcon" uid="12623675" lat="38.8407628" lon="-104.7057116"/>
 <node id="8410601671" visible="true" version="2" changeset="112631798" timestamp="2021-10-18T02:09:42Z" user="Shipwreck34" uid="10643883" lat="38.8408793" lon="-104.7056419"/>
 <node id="8410601672" visible="true" version="1" changeset="99011693" timestamp="2021-02-10T04:39:07Z" user="Sentinel_Falcon" uid="12623675" lat="38.8408766" lon="-104.7056906"/>
 <node id="8410601673" visible="true" version="2" changeset="112631798" timestamp="2021-10-18T02:09:42Z" user="Shipwreck34" uid="10643883" lat="38.8408451" lon="-104.7057228"/>
 <node id="8410601674" visible="true" version="2" changeset="112631798" timestamp="2021-10-18T02:09:42Z" user="Shipwreck34" uid="10643883" lat="38.8408151" lon="-104.7055855"/>
 <node id="8410601684" visible="true" version="2" changeset="112632025" timestamp="2021-10-18T02:28:44Z" user="Shipwreck34" uid="10643883" lat="38.8403415" lon="-104.7048463"/>
 <node id="8410601685" visible="true" version="1" changeset="99011693" timestamp="2021-02-10T04:39:07Z" user="Sentinel_Falcon" uid="12623675" lat="38.8403893" lon="-104.7048399"/>
 <node id="8410601686" visible="true" version="1" changeset="99011693" timestamp="2021-02-10T04:39:07Z" user="Sentinel_Falcon" uid="12623675" lat="38.8405015" lon="-104.7049598"/>
 <node id="8410601687" visible="true" version="1" changeset="99011693" timestamp="2021-02-10T04:39:07Z" user="Sentinel_Falcon" uid="12623675" lat="38.8404923" lon="-104.7050083"/>
 <node id="8410601688" visible="true" version="1" changeset="99011693" timestamp="2021-02-10T04:39:07Z" user="Sentinel_Falcon" uid="12623675" lat="38.8404639" lon="-104.7050358"/>
 <node id="8410601689" visible="true" version="1" changeset="99011693" timestamp="2021-02-10T04:39:07Z" user="Sentinel_Falcon" uid="12623675" lat="38.8404175" lon="-104.7050465"/>
 <node id="8410601690" visible="true" version="1" changeset="99011693" timestamp="2021-02-10T04:39:07Z" user="Sentinel_Falcon" uid="12623675" lat="38.8403483" lon="-104.7049867"/>
 <node id="8410601691" visible="true" version="1" changeset="99011693" timestamp="2021-02-10T04:39:07Z" user="Sentinel_Falcon" uid="12623675" lat="38.8404785" lon="-104.7049230"/>
 <node id="8410601692" visible="true" version="1" changeset="99011693" timestamp="2021-02-10T04:39:07Z" user="Sentinel_Falcon" uid="12623675" lat="38.8402493" lon="-104.7048037"/>
 <node id="8410601693" visible="true" version="1" changeset="99011693" timestamp="2021-02-10T04:39:07Z" user="Sentinel_Falcon" uid="12623675" lat="38.8402198" lon="-104.7048208"/>
 <node id="8410601694" visible="true" version="1" changeset="99011693" timestamp="2021-02-10T04:39:07Z" user="Sentinel_Falcon" uid="12623675" lat="38.8402715" lon="-104.7046903"/>
 <node id="8410601695" visible="true" version="1" changeset="99011693" timestamp="2021-02-10T04:39:07Z" user="Sentinel_Falcon" uid="12623675" lat="38.8402531" lon="-104.7046341"/>
 <node id="8410601696" visible="true" version="1" changeset="99011693" timestamp="2021-02-10T04:39:07Z" user="Sentinel_Falcon" uid="12623675" lat="38.8402205" lon="-104.7045808"/>
 <node id="8410601697" visible="true" version="1" changeset="99011693" timestamp="2021-02-10T04:39:07Z" user="Sentinel_Falcon" uid="12623675" lat="38.8401467" lon="-104.7047720"/>
 <node id="8410601698" visible="true" version="1" changeset="99011693" timestamp="2021-02-10T04:39:07Z" user="Sentinel_Falcon" uid="12623675" lat="38.8400563" lon="-104.7046307"/>
 <node id="8410601699" visible="true" version="2" changeset="112632025" timestamp="2021-10-18T02:28:44Z" user="Shipwreck34" uid="10643883" lat="38.8397656" lon="-104.7043288"/>
 <node id="8410601700" visible="true" version="2" changeset="112632025" timestamp="2021-10-18T02:28:44Z" user="Shipwreck34" uid="10643883" lat="38.8398475" lon="-104.7043569"/>
 <node id="8410601701" visible="true" version="1" changeset="99011693" timestamp="2021-02-10T04:39:07Z" user="Sentinel_Falcon" uid="12623675" lat="38.8398971" lon="-104.7044195"/>
 <node id="8410601702" visible="true" version="2" changeset="112632025" timestamp="2021-10-18T02:28:44Z" user="Shipwreck34" uid="10643883" lat="38.8399661" lon="-104.7045099"/>
 <node id="8410601715" visible="true" version="2" changeset="112632025" timestamp="2021-10-18T02:28:44Z" user="Shipwreck34" uid="10643883" lat="38.8402709" lon="-104.7028331"/>
 <node id="8410601716" visible="true" version="1" changeset="99011693" timestamp="2021-02-10T04:39:07Z" user="Sentinel_Falcon" uid="12623675" lat="38.8401804" lon="-104.7028809"/>
 <node id="8410601717" visible="true" version="1" changeset="99011693" timestamp="2021-02-10T04:39:07Z" user="Sentinel_Falcon" uid="12623675" lat="38.8401649" lon="-104.7028427"/>
 <node id="8410601718" visible="true" version="2" changeset="112632025" timestamp="2021-10-18T02:28:44Z" user="Shipwreck34" uid="10643883" lat="38.8401891" lon="-104.7028101"/>
 <node id="8410601719" visible="true" version="2" changeset="112632025" timestamp="2021-10-18T02:28:44Z" user="Shipwreck34" uid="10643883" lat="38.8402104" lon="-104.7028871"/>
 <node id="8410601720" visible="true" version="1" changeset="99011693" timestamp="2021-02-10T04:39:07Z" user="Sentinel_Falcon" uid="12623675" lat="38.8404743" lon="-104.7029046"/>
 <node id="8410601721" visible="true" version="2" changeset="112632025" timestamp="2021-10-18T02:28:44Z" user="Shipwreck34" uid="10643883" lat="38.8404796" lon="-104.7028576"/>
 <node id="8410601722" visible="true" version="2" changeset="112632025" timestamp="2021-10-18T02:28:44Z" user="Shipwreck34" uid="10643883" lat="38.8404531" lon="-104.7028233"/>
 <node id="8410601723" visible="true" version="2" changeset="112632025" timestamp="2021-10-18T02:28:44Z" user="Shipwreck34" uid="10643883" lat="38.8404161" lon="-104.7028174"/>
 <node id="8410601724" visible="true" version="2" changeset="112632025" timestamp="2021-10-18T02:28:44Z" user="Shipwreck34" uid="10643883" lat="38.8403847" lon="-104.7028403"/>
 <node id="8410601725" visible="true" version="1" changeset="99011693" timestamp="2021-02-10T04:39:07Z" user="Sentinel_Falcon" uid="12623675" lat="38.8403862" lon="-104.7028858"/>
 <node id="8410601726" visible="true" version="1" changeset="99011693" timestamp="2021-02-10T04:39:07Z" user="Sentinel_Falcon" uid="12623675" lat="38.8404141" lon="-104.7029167"/>
 <node id="8410601734" visible="true" version="2" changeset="112632025" timestamp="2021-10-18T02:28:44Z" user="Shipwreck34" uid="10643883" lat="38.8412521" lon="-104.7030173"/>
 <node id="8410601735" visible="true" version="2" changeset="112632025" timestamp="2021-10-18T02:28:44Z" user="Shipwreck34" uid="10643883" lat="38.8414233" lon="-104.7031082"/>
 <node id="8410601736" visible="true" version="2" changeset="112632025" timestamp="2021-10-18T02:28:44Z" user="Shipwreck34" uid="10643883" lat="38.8414670" lon="-104.7031161"/>
 <node id="8410601737" visible="true" version="2" changeset="112632025" timestamp="2021-10-18T02:28:44Z" user="Shipwreck34" uid="10643883" lat="38.8416249" lon="-104.7032973"/>
 <node id="8410601738" visible="true" version="2" changeset="112632025" timestamp="2021-10-18T02:28:44Z" user="Shipwreck34" uid="10643883" lat="38.8416455" lon="-104.7032174"/>
 <node id="8410601739" visible="true" version="2" changeset="112632025" timestamp="2021-10-18T02:28:44Z" user="Shipwreck34" uid="10643883" lat="38.8415933" lon="-104.7030883"/>
 <node id="8410601740" visible="true" version="2" changeset="112632025" timestamp="2021-10-18T02:28:44Z" user="Shipwreck34" uid="10643883" lat="38.8416337" lon="-104.7031407"/>
 <node id="8410601741" visible="true" version="1" changeset="99011693" timestamp="2021-02-10T04:39:07Z" user="Sentinel_Falcon" uid="12623675" lat="38.8415807" lon="-104.7033508"/>
 <node id="8410601742" visible="true" version="2" changeset="112632025" timestamp="2021-10-18T02:28:44Z" user="Shipwreck34" uid="10643883" lat="38.8414416" lon="-104.7033892"/>
 <node id="8410601743" visible="true" version="2" changeset="112632025" timestamp="2021-10-18T02:28:44Z" user="Shipwreck34" uid="10643883" lat="38.8413628" lon="-104.7034065"/>
 <node id="8410601744" visible="true" version="2" changeset="112632025" timestamp="2021-10-18T02:28:44Z" user="Shipwreck34" uid="10643883" lat="38.8411587" lon="-104.7033899"/>
 <node id="8410601745" visible="true" version="2" changeset="112632025" timestamp="2021-10-18T02:28:44Z" user="Shipwreck34" uid="10643883" lat="38.8411797" lon="-104.7034154"/>
 <node id="8410601746" visible="true" version="2" changeset="112632025" timestamp="2021-10-18T02:28:44Z" user="Shipwreck34" uid="10643883" lat="38.8411375" lon="-104.7033535"/>
 <node id="8410601747" visible="true" version="2" changeset="112632025" timestamp="2021-10-18T02:28:44Z" user="Shipwreck34" uid="10643883" lat="38.8411718" lon="-104.7030246"/>
 <node id="8410601748" visible="true" version="2" changeset="112632025" timestamp="2021-10-18T02:28:44Z" user="Shipwreck34" uid="10643883" lat="38.8410868" lon="-104.7030392"/>
 <node id="8410601749" visible="true" version="2" changeset="112632025" timestamp="2021-10-18T02:28:44Z" user="Shipwreck34" uid="10643883" lat="38.8407596" lon="-104.7029513"/>
 <node id="8410601750" visible="true" version="2" changeset="112632025" timestamp="2021-10-18T02:28:44Z" user="Shipwreck34" uid="10643883" lat="38.8407283" lon="-104.7030805"/>
 <node id="8410601751" visible="true" version="2" changeset="112632025" timestamp="2021-10-18T02:28:44Z" user="Shipwreck34" uid="10643883" lat="38.8418444" lon="-104.7026498"/>
 <node id="8410601752" visible="true" version="1" changeset="99011693" timestamp="2021-02-10T04:39:07Z" user="Sentinel_Falcon" uid="12623675" lat="38.8417838" lon="-104.7026211"/>
 <node id="8410601753" visible="true" version="1" changeset="99011693" timestamp="2021-02-10T04:39:07Z" user="Sentinel_Falcon" uid="12623675" lat="38.8418024" lon="-104.7026147"/>
 <node id="8410601754" visible="true" version="1" changeset="99011693" timestamp="2021-02-10T04:39:07Z" user="Sentinel_Falcon" uid="12623675" lat="38.8417698" lon="-104.7026377"/>
 <node id="8410601755" visible="true" version="2" changeset="112632025" timestamp="2021-10-18T02:28:44Z" user="Shipwreck34" uid="10643883" lat="38.8418337" lon="-104.7027313"/>
 <node id="8410601756" visible="true" version="2" changeset="112632025" timestamp="2021-10-18T02:28:44Z" user="Shipwreck34" uid="10643883" lat="38.8417358" lon="-104.7027395"/>
 <node id="8410601757" visible="true" version="2" changeset="112632025" timestamp="2021-10-18T02:28:44Z" user="Shipwreck34" uid="10643883" lat="38.8417027" lon="-104.7027752"/>
 <node id="8410601758" visible="true" version="1" changeset="99011693" timestamp="2021-02-10T04:39:07Z" user="Sentinel_Falcon" uid="12623675" lat="38.8416559" lon="-104.7027986"/>
 <node id="8410601759" visible="true" version="2" changeset="112632025" timestamp="2021-10-18T02:28:44Z" user="Shipwreck34" uid="10643883" lat="38.8415413" lon="-104.7029260"/>
 <node id="8410601760" visible="true" version="1" changeset="99011693" timestamp="2021-02-10T04:39:07Z" user="Sentinel_Falcon" uid="12623675" lat="38.8415126" lon="-104.7028776"/>
 <node id="8410601761" visible="true" version="2" changeset="112632025" timestamp="2021-10-18T02:28:44Z" user="Shipwreck34" uid="10643883" lat="38.8415375" lon="-104.7028283"/>
 <node id="8410601762" visible="true" version="1" changeset="99011693" timestamp="2021-02-10T04:39:07Z" user="Sentinel_Falcon" uid="12623675" lat="38.8415937" lon="-104.7029212"/>
 <node id="8674684835" visible="true" version="1" changeset="103738884" timestamp="2021-04-28T03:14:10Z" user="shreeush" uid="10159528" lat="38.8441114" lon="-104.7138813"/>
 <node id="8674684836" visible="true" version="1" changeset="103738884" timestamp="2021-04-28T03:14:10Z" user="shreeush" uid="10159528" lat="38.8441149" lon="-104.7137630"/>
 <node id="8674684837" visible="true" version="1" changeset="103738884" timestamp="2021-04-28T03:14:10Z" user="shreeush" uid="10159528" lat="38.8441313" lon="-104.7137130"/>
 <node id="8674684838" visible="true" version="1" changeset="103738884" timestamp="2021-04-28T03:14:10Z" user="shreeush" uid="10159528" lat="38.8441918" lon="-104.7136459"/>
 <node id="8674684839" visible="true" version="1" changeset="103738884" timestamp="2021-04-28T03:14:10Z" user="shreeush" uid="10159528" lat="38.8442138" lon="-104.7136071"/>
 <node id="8674684840" visible="true" version="1" changeset="103738884" timestamp="2021-04-28T03:14:10Z" user="shreeush" uid="10159528" lat="38.8442271" lon="-104.7135650"/>
 <node id="8674684841" visible="true" version="1" changeset="103738884" timestamp="2021-04-28T03:14:10Z" user="shreeush" uid="10159528" lat="38.8442389" lon="-104.7134874"/>
 <node id="8674684842" visible="true" version="1" changeset="103738884" timestamp="2021-04-28T03:14:10Z" user="shreeush" uid="10159528" lat="38.8442415" lon="-104.7133394"/>
 <node id="8674684843" visible="true" version="1" changeset="103738884" timestamp="2021-04-28T03:14:10Z" user="shreeush" uid="10159528" lat="38.8442312" lon="-104.7131598"/>
 <node id="8674684844" visible="true" version="1" changeset="103738884" timestamp="2021-04-28T03:14:10Z" user="shreeush" uid="10159528" lat="38.8442195" lon="-104.7130533"/>
 <node id="8674684845" visible="true" version="1" changeset="103738884" timestamp="2021-04-28T03:14:10Z" user="shreeush" uid="10159528" lat="38.8441969" lon="-104.7128375"/>
 <node id="8674684846" visible="true" version="1" changeset="103738884" timestamp="2021-04-28T03:14:10Z" user="shreeush" uid="10159528" lat="38.8441790" lon="-104.7127803"/>
 <node id="8674684847" visible="true" version="1" changeset="103738884" timestamp="2021-04-28T03:14:10Z" user="shreeush" uid="10159528" lat="38.8441452" lon="-104.7127553"/>
 <node id="8674684848" visible="true" version="1" changeset="103738884" timestamp="2021-04-28T03:14:10Z" user="shreeush" uid="10159528" lat="38.8440991" lon="-104.7127467"/>
 <node id="8674684849" visible="true" version="1" changeset="103738884" timestamp="2021-04-28T03:14:10Z" user="shreeush" uid="10159528" lat="38.8440571" lon="-104.7126987"/>
 <node id="8674684850" visible="true" version="1" changeset="103738884" timestamp="2021-04-28T03:14:10Z" user="shreeush" uid="10159528" lat="38.8440140" lon="-104.7126599"/>
 <node id="8674684851" visible="true" version="1" changeset="103738884" timestamp="2021-04-28T03:14:10Z" user="shreeush" uid="10159528" lat="38.8439633" lon="-104.7126540"/>
 <node id="8674684852" visible="true" version="1" changeset="103738884" timestamp="2021-04-28T03:14:10Z" user="shreeush" uid="10159528" lat="38.8439059" lon="-104.7126592"/>
 <node id="8674684853" visible="true" version="1" changeset="103738884" timestamp="2021-04-28T03:14:10Z" user="shreeush" uid="10159528" lat="38.8438634" lon="-104.7127013"/>
 <node id="8674684854" visible="true" version="1" changeset="103738884" timestamp="2021-04-28T03:14:10Z" user="shreeush" uid="10159528" lat="38.8438475" lon="-104.7127730"/>
 <node id="8674684855" visible="true" version="1" changeset="103738884" timestamp="2021-04-28T03:14:10Z" user="shreeush" uid="10159528" lat="38.8438255" lon="-104.7127961"/>
 <node id="8674684856" visible="true" version="1" changeset="103738884" timestamp="2021-04-28T03:14:10Z" user="shreeush" uid="10159528" lat="38.8437999" lon="-104.7128250"/>
 <node id="8674684857" visible="true" version="1" changeset="103738884" timestamp="2021-04-28T03:14:10Z" user="shreeush" uid="10159528" lat="38.8437947" lon="-104.7129118"/>
 <node id="8674684858" visible="true" version="1" changeset="103738884" timestamp="2021-04-28T03:14:10Z" user="shreeush" uid="10159528" lat="38.8437927" lon="-104.7132052"/>
 <node id="8674684859" visible="true" version="1" changeset="103738884" timestamp="2021-04-28T03:14:10Z" user="shreeush" uid="10159528" lat="38.8437445" lon="-104.7134723"/>
 <node id="8674684860" visible="true" version="1" changeset="103738884" timestamp="2021-04-28T03:14:10Z" user="shreeush" uid="10159528" lat="38.8437425" lon="-104.7135223">
  <tag k="barrier" v="gate"/>
 </node>
 <node id="8674684861" visible="true" version="1" changeset="103738884" timestamp="2021-04-28T03:14:10Z" user="shreeush" uid="10159528" lat="38.8437317" lon="-104.7138840"/>
 <node id="8674684862" visible="true" version="1" changeset="103738884" timestamp="2021-04-28T03:14:10Z" user="shreeush" uid="10159528" lat="38.8423929" lon="-104.7138940"/>
 <node id="8674684863" visible="true" version="1" changeset="103738884" timestamp="2021-04-28T03:14:10Z" user="shreeush" uid="10159528" lat="38.8423920" lon="-104.7137127"/>
 <node id="8674684864" visible="true" version="1" changeset="103738884" timestamp="2021-04-28T03:14:10Z" user="shreeush" uid="10159528" lat="38.8424143" lon="-104.7136554"/>
 <node id="8674684865" visible="true" version="1" changeset="103738884" timestamp="2021-04-28T03:14:10Z" user="shreeush" uid="10159528" lat="38.8424464" lon="-104.7136325"/>
 <node id="8674684866" visible="true" version="1" changeset="103738884" timestamp="2021-04-28T03:14:10Z" user="shreeush" uid="10159528" lat="38.8426952" lon="-104.7136394"/>
 <node id="8674684867" visible="true" version="1" changeset="103738884" timestamp="2021-04-28T03:14:10Z" user="shreeush" uid="10159528" lat="38.8427330" lon="-104.7136650"/>
 <node id="8674684868" visible="true" version="1" changeset="103738884" timestamp="2021-04-28T03:14:10Z" user="shreeush" uid="10159528" lat="38.8427455" lon="-104.7136993"/>
 <node id="8674684869" visible="true" version="1" changeset="103738884" timestamp="2021-04-28T03:14:10Z" user="shreeush" uid="10159528" lat="38.8427602" lon="-104.7137343"/>
 <node id="8674684870" visible="true" version="1" changeset="103738884" timestamp="2021-04-28T03:14:10Z" user="shreeush" uid="10159528" lat="38.8427981" lon="-104.7137612"/>
 <node id="8674684871" visible="true" version="1" changeset="103738884" timestamp="2021-04-28T03:14:10Z" user="shreeush" uid="10159528" lat="38.8408916" lon="-104.7137563"/>
 <node id="8674684875" visible="true" version="2" changeset="185704641" timestamp="2026-07-14T09:18:29Z" user="Abaluni_Lyft" uid="23086916" lat="38.8410369" lon="-104.7139053"/>
 <node id="8674684876" visible="true" version="1" changeset="103738884" timestamp="2021-04-28T03:14:10Z" user="shreeush" uid="10159528" lat="38.8410315" lon="-104.7134851">
  <tag k="barrier" v="gate"/>
 </node>
 <node id="8674684877" visible="true" version="2" changeset="185704641" timestamp="2026-07-14T09:18:29Z" user="Abaluni_Lyft" uid="23086916" lat="38.8410423" lon="-104.7129767"/>
 <node id="8674684878" visible="true" version="2" changeset="185704641" timestamp="2026-07-14T09:18:29Z" user="Abaluni_Lyft" uid="23086916" lat="38.8411172" lon="-104.7128899"/>
 <node id="8674684880" visible="true" version="1" changeset="103738884" timestamp="2021-04-28T03:14:10Z" user="shreeush" uid="10159528" lat="38.8422402" lon="-104.7128608"/>
 <node id="8674684881" visible="true" version="1" changeset="103738884" timestamp="2021-04-28T03:14:10Z" user="shreeush" uid="10159528" lat="38.8422730" lon="-104.7129016"/>
 <node id="8674684883" visible="true" version="1" changeset="103738884" timestamp="2021-04-28T03:14:10Z" user="shreeush" uid="10159528" lat="38.8422699" lon="-104.7129952">
  <tag k="barrier" v="gate"/>
 </node>
 <node id="8674684884" visible="true" version="1" changeset="103738884" timestamp="2021-04-28T03:14:10Z" user="shreeush" uid="10159528" lat="38.8422774" lon="-104.7138949"/>
 <node id="8674764650" visible="true" version="1" changeset="103739976" timestamp="2021-04-28T03:50:25Z" user="amitbish" uid="10130514" lat="38.8421561" lon="-104.7083756"/>
 <node id="8674764651" visible="true" version="1" changeset="103739976" timestamp="2021-04-28T03:50:25Z" user="amitbish" uid="10130514" lat="38.8421856" lon="-104.7084916"/>
 <node id="8674764652" visible="true" version="1" changeset="103739976" timestamp="2021-04-28T03:50:25Z" user="amitbish" uid="10130514" lat="38.8422409" lon="-104.7085917"/>
 <node id="8674764653" visible="true" version="1" changeset="103739976" timestamp="2021-04-28T03:50:25Z" user="amitbish" uid="10130514" lat="38.8423017" lon="-104.7086390"/>
 <node id="8674764654" visible="true" version="1" changeset="103739976" timestamp="2021-04-28T03:50:25Z" user="amitbish" uid="10130514" lat="38.8423502" lon="-104.7086437"/>
 <node id="8674764655" visible="true" version="1" changeset="103739976" timestamp="2021-04-28T03:50:25Z" user="amitbish" uid="10130514" lat="38.8424669" lon="-104.7085807"/>
 <node id="8674764656" visible="true" version="1" changeset="103739976" timestamp="2021-04-28T03:50:25Z" user="amitbish" uid="10130514" lat="38.8425160" lon="-104.7085515"/>
 <node id="8674764657" visible="true" version="1" changeset="103739976" timestamp="2021-04-28T03:50:25Z" user="amitbish" uid="10130514" lat="38.8426038" lon="-104.7085247"/>
 <node id="8674764658" visible="true" version="1" changeset="103739976" timestamp="2021-04-28T03:50:25Z" user="amitbish" uid="10130514" lat="38.8427052" lon="-104.7085570"/>
 <node id="8674764659" visible="true" version="1" changeset="103739976" timestamp="2021-04-28T03:50:25Z" user="amitbish" uid="10130514" lat="38.8428292" lon="-104.7085617"/>
 <node id="8674764660" visible="true" version="1" changeset="103739976" timestamp="2021-04-28T03:50:25Z" user="amitbish" uid="10130514" lat="38.8428642" lon="-104.7085554"/>
 <node id="8674764661" visible="true" version="1" changeset="103739976" timestamp="2021-04-28T03:50:25Z" user="amitbish" uid="10130514" lat="38.8428808" lon="-104.7085215"/>
 <node id="8674764662" visible="true" version="1" changeset="103739976" timestamp="2021-04-28T03:50:25Z" user="amitbish" uid="10130514" lat="38.8428814" lon="-104.7083717"/>
 <node id="8674808283" visible="true" version="1" changeset="103741083" timestamp="2021-04-28T04:17:03Z" user="rbhawa" uid="10480294" lat="38.8466792" lon="-104.7129148"/>
 <node id="8674808284" visible="true" version="1" changeset="103741083" timestamp="2021-04-28T04:17:03Z" user="rbhawa" uid="10480294" lat="38.8466281" lon="-104.7129566"/>
 <node id="8674808285" visible="true" version="1" changeset="103741083" timestamp="2021-04-28T04:17:03Z" user="rbhawa" uid="10480294" lat="38.8465314" lon="-104.7129614"/>
 <node id="8674808286" visible="true" version="1" changeset="103741083" timestamp="2021-04-28T04:17:03Z" user="rbhawa" uid="10480294" lat="38.8464495" lon="-104.7129280"/>
 <node id="8674808287" visible="true" version="1" changeset="103741083" timestamp="2021-04-28T04:17:03Z" user="rbhawa" uid="10480294" lat="38.8464189" lon="-104.7128456"/>
 <node id="8674808288" visible="true" version="1" changeset="103741083" timestamp="2021-04-28T04:17:03Z" user="rbhawa" uid="10480294" lat="38.8464226" lon="-104.7122941"/>
 <node id="8674808289" visible="true" version="1" changeset="103741083" timestamp="2021-04-28T04:17:03Z" user="rbhawa" uid="10480294" lat="38.8464254" lon="-104.7121902"/>
 <node id="8674808290" visible="true" version="1" changeset="103741083" timestamp="2021-04-28T04:17:03Z" user="rbhawa" uid="10480294" lat="38.8464449" lon="-104.7121425"/>
 <node id="8674808291" visible="true" version="1" changeset="103741083" timestamp="2021-04-28T04:17:03Z" user="rbhawa" uid="10480294" lat="38.8464849" lon="-104.7121210"/>
 <node id="8674808301" visible="true" version="1" changeset="103741083" timestamp="2021-04-28T04:17:03Z" user="rbhawa" uid="10480294" lat="38.8479527" lon="-104.7119000"/>
 <node id="8676164239" visible="true" version="1" changeset="103773572" timestamp="2021-04-28T11:46:41Z" user="rojganes" uid="9218359" lat="38.8454631" lon="-104.7025299"/>
 <node id="8676164244" visible="true" version="1" changeset="103773572" timestamp="2021-04-28T11:46:41Z" user="rojganes" uid="9218359" lat="38.8451766" lon="-104.7020900"/>
 <node id="8676213861" visible="true" version="1" changeset="103775043" timestamp="2021-04-28T12:04:58Z" user="limmmoh" uid="10145710" lat="38.8449811" lon="-104.7104837"/>
 <node id="8676213862" visible="true" version="1" changeset="103775043" timestamp="2021-04-28T12:04:58Z" user="limmmoh" uid="10145710" lat="38.8449806" lon="-104.7103791"/>
 <node id="8676213863" visible="true" version="1" changeset="103775043" timestamp="2021-04-28T12:04:58Z" user="limmmoh" uid="10145710" lat="38.8450003" lon="-104.7103552"/>
 <node id="8676213864" visible="true" version="1" changeset="103775043" timestamp="2021-04-28T12:04:58Z" user="limmmoh" uid="10145710" lat="38.8450219" lon="-104.7103527"/>
 <node id="8676213865" visible="true" version="1" changeset="103775043" timestamp="2021-04-28T12:04:58Z" user="limmmoh" uid="10145710" lat="38.8452661" lon="-104.7103539"/>
 <node id="9090112125" visible="true" version="1" changeset="111173572" timestamp="2021-09-14T04:48:48Z" user="nsripz" uid="10327365" lat="38.8466808" lon="-104.7146133"/>
 <node id="9090112126" visible="true" version="1" changeset="111173572" timestamp="2021-09-14T04:48:48Z" user="nsripz" uid="10327365" lat="38.8466952" lon="-104.7146372"/>
 <node id="9090112127" visible="true" version="1" changeset="111173572" timestamp="2021-09-14T04:48:48Z" user="nsripz" uid="10327365" lat="38.8466997" lon="-104.7148290"/>
 <node id="9090112128" visible="true" version="1" changeset="111173572" timestamp="2021-09-14T04:48:48Z" user="nsripz" uid="10327365" lat="38.8466445" lon="-104.7148570"/>
 <node id="9090112129" visible="true" version="1" changeset="111173572" timestamp="2021-09-14T04:48:48Z" user="nsripz" uid="10327365" lat="38.8465171" lon="-104.7148404"/>
 <node id="9090112130" visible="true" version="1" changeset="111173572" timestamp="2021-09-14T04:48:48Z" user="nsripz" uid="10327365" lat="38.8464054" lon="-104.7148229"/>
 <node id="9090620326" visible="true" version="1" changeset="111184473" timestamp="2021-09-14T09:20:21Z" user="ramyazka" uid="13872483" lat="38.8422865" lon="-104.7060556"/>
 <node id="9090620327" visible="true" version="1" changeset="111184473" timestamp="2021-09-14T09:20:21Z" user="ramyazka" uid="13872483" lat="38.8421494" lon="-104.7063400"/>
 <node id="9090620328" visible="true" version="1" changeset="111184473" timestamp="2021-09-14T09:20:21Z" user="ramyazka" uid="13872483" lat="38.8421332" lon="-104.7064202"/>
 <node id="9090620329" visible="true" version="1" changeset="111184473" timestamp="2021-09-14T09:20:21Z" user="ramyazka" uid="13872483" lat="38.8421365" lon="-104.7069942"/>
 <node id="9090620330" visible="true" version="1" changeset="111184473" timestamp="2021-09-14T09:20:21Z" user="ramyazka" uid="13872483" lat="38.8419695" lon="-104.7069818"/>
 <node id="9090620331" visible="true" version="1" changeset="111184473" timestamp="2021-09-14T09:20:21Z" user="ramyazka" uid="13872483" lat="38.8419695" lon="-104.7067705"/>
 <node id="9090620332" visible="true" version="1" changeset="111184473" timestamp="2021-09-14T09:20:21Z" user="ramyazka" uid="13872483" lat="38.8419574" lon="-104.7064691"/>
 <node id="9090620333" visible="true" version="1" changeset="111184473" timestamp="2021-09-14T09:20:21Z" user="ramyazka" uid="13872483" lat="38.8419792" lon="-104.7062693"/>
 <node id="9090620334" visible="true" version="1" changeset="111184473" timestamp="2021-09-14T09:20:21Z" user="ramyazka" uid="13872483" lat="38.8421408" lon="-104.7059353"/>
 <node id="9090620335" visible="true" version="1" changeset="111184473" timestamp="2021-09-14T09:20:21Z" user="ramyazka" uid="13872483" lat="38.8420862" lon="-104.7081736"/>
 <node id="9090620336" visible="true" version="1" changeset="111184473" timestamp="2021-09-14T09:20:21Z" user="ramyazka" uid="13872483" lat="38.8421999" lon="-104.7081699"/>
 <node id="9090620337" visible="true" version="1" changeset="111184473" timestamp="2021-09-14T09:20:21Z" user="ramyazka" uid="13872483" lat="38.8421963" lon="-104.7074903"/>
 <node id="9090620338" visible="true" version="1" changeset="111184473" timestamp="2021-09-14T09:20:21Z" user="ramyazka" uid="13872483" lat="38.8420761" lon="-104.7074895"/>
 <node id="9090620339" visible="true" version="1" changeset="111184473" timestamp="2021-09-14T09:20:21Z" user="ramyazka" uid="13872483" lat="38.8416901" lon="-104.7083785"/>
 <node id="9090620340" visible="true" version="1" changeset="111184473" timestamp="2021-09-14T09:20:21Z" user="ramyazka" uid="13872483" lat="38.8416936" lon="-104.7082580"/>
 <node id="9090620341" visible="true" version="1" changeset="111184473" timestamp="2021-09-14T09:20:21Z" user="ramyazka" uid="13872483" lat="38.8416771" lon="-104.7081989"/>
 <node id="9090620342" visible="true" version="1" changeset="111184473" timestamp="2021-09-14T09:20:21Z" user="ramyazka" uid="13872483" lat="38.8416319" lon="-104.7081568"/>
 <node id="9090620343" visible="true" version="1" changeset="111184473" timestamp="2021-09-14T09:20:21Z" user="ramyazka" uid="13872483" lat="38.8413587" lon="-104.7081650"/>
 <node id="9090620344" visible="true" version="1" changeset="111184473" timestamp="2021-09-14T09:20:21Z" user="ramyazka" uid="13872483" lat="38.8413087" lon="-104.7081989"/>
 <node id="9090620345" visible="true" version="1" changeset="111184473" timestamp="2021-09-14T09:20:21Z" user="ramyazka" uid="13872483" lat="38.8412575" lon="-104.7082502"/>
 <node id="9090620346" visible="true" version="1" changeset="111184473" timestamp="2021-09-14T09:20:21Z" user="ramyazka" uid="13872483" lat="38.8412425" lon="-104.7083814"/>
 <node id="9090620347" visible="true" version="1" changeset="111184473" timestamp="2021-09-14T09:20:21Z" user="ramyazka" uid="13872483" lat="38.8413349" lon="-104.7070942"/>
 <node id="9090620348" visible="true" version="1" changeset="111184473" timestamp="2021-09-14T09:20:21Z" user="ramyazka" uid="13872483" lat="38.8416055" lon="-104.7071118">
  <tag k="barrier" v="gate"/>
 </node>
 <node id="9090620349" visible="true" version="1" changeset="111184473" timestamp="2021-09-14T09:20:21Z" user="ramyazka" uid="13872483" lat="38.8418423" lon="-104.7071500"/>
 <node id="9090620350" visible="true" version="1" changeset="111184473" timestamp="2021-09-14T09:20:21Z" user="ramyazka" uid="13872483" lat="38.8418860" lon="-104.7071918"/>
 <node id="9090620351" visible="true" version="1" changeset="111184473" timestamp="2021-09-14T09:20:21Z" user="ramyazka" uid="13872483" lat="38.8418727" lon="-104.7080053">
  <tag k="barrier" v="gate"/>
 </node>
 <node id="9090620352" visible="true" version="1" changeset="111184473" timestamp="2021-09-14T09:20:21Z" user="ramyazka" uid="13872483" lat="38.8418690" lon="-104.7083774"/>
 <node id="9090620353" visible="true" version="1" changeset="111184473" timestamp="2021-09-14T09:20:21Z" user="ramyazka" uid="13872483" lat="38.8416559" lon="-104.7081706"/>
 <node id="9177095483" visible="true" version="1" changeset="112593641" timestamp="2021-10-16T21:19:58Z" user="Shipwreck34" uid="10643883" lat="38.8447097" lon="-104.7032499"/>
 <node id="9177095484" visible="true" version="1" changeset="112593641" timestamp="2021-10-16T21:19:58Z" user="Shipwreck34" uid="10643883" lat="38.8448586" lon="-104.7030266"/>
 <node id="9177095485" visible="true" version="1" changeset="112593641" timestamp="2021-10-16T21:19:58Z" user="Shipwreck34" uid="10643883" lat="38.8447641" lon="-104.7024278"/>
 <node id="9177095486" visible="true" version="1" changeset="112593641" timestamp="2021-10-16T21:19:58Z" user="Shipwreck34" uid="10643883" lat="38.8448568" lon="-104.7027467"/>
 <node id="9177095487" visible="true" version="1" changeset="112593641" timestamp="2021-10-16T21:19:58Z" user="Shipwreck34" uid="10643883" lat="38.8448832" lon="-104.7028937"/>
 <node id="9177095488" visible="true" version="1" changeset="112593641" timestamp="2021-10-16T21:19:58Z" user="Shipwreck34" uid="10643883" lat="38.8448771" lon="-104.7029619"/>
 <node id="9177095489" visible="true" version="1" changeset="112593641" timestamp="2021-10-16T21:19:58Z" user="Shipwreck34" uid="10643883" lat="38.8446514" lon="-104.7021373"/>
 <node id="9177095490" visible="true" version="1" changeset="112593641" timestamp="2021-10-16T21:19:58Z" user="Shipwreck34" uid="10643883" lat="38.8445854" lon="-104.7019734"/>
 <node id="9177095491" visible="true" version="1" changeset="112593641" timestamp="2021-10-16T21:19:58Z" user="Shipwreck34" uid="10643883" lat="38.8445531" lon="-104.7019225"/>
 <node id="9177095492" visible="true" version="1" changeset="112593641" timestamp="2021-10-16T21:19:58Z" user="Shipwreck34" uid="10643883" lat="38.8445403" lon="-104.7019085"/>
 <node id="9177095493" visible="true" version="1" changeset="112593641" timestamp="2021-10-16T21:19:58Z" user="Shipwreck34" uid="10643883" lat="38.8445587" lon="-104.7035608"/>
 <node id="9177095494" visible="true" version="1" changeset="112593641" timestamp="2021-10-16T21:19:58Z" user="Shipwreck34" uid="10643883" lat="38.8445436" lon="-104.7036507"/>
 <node id="9177095495" visible="true" version="1" changeset="112593641" timestamp="2021-10-16T21:19:58Z" user="Shipwreck34" uid="10643883" lat="38.8431677" lon="-104.7041775"/>
 <node id="9177095496" visible="true" version="1" changeset="112593641" timestamp="2021-10-16T21:19:58Z" user="Shipwreck34" uid="10643883" lat="38.8432382" lon="-104.7042359"/>
 <node id="9177095497" visible="true" version="1" changeset="112593641" timestamp="2021-10-16T21:19:58Z" user="Shipwreck34" uid="10643883" lat="38.8423168" lon="-104.7037132"/>
 <node id="9177095498" visible="true" version="1" changeset="112593641" timestamp="2021-10-16T21:19:58Z" user="Shipwreck34" uid="10643883" lat="38.8424034" lon="-104.7034353"/>
 <node id="9177095499" visible="true" version="1" changeset="112593641" timestamp="2021-10-16T21:19:58Z" user="Shipwreck34" uid="10643883" lat="38.8425225" lon="-104.7040518"/>
 <node id="9177095500" visible="true" version="1" changeset="112593641" timestamp="2021-10-16T21:19:58Z" user="Shipwreck34" uid="10643883" lat="38.8425729" lon="-104.7041049"/>
 <node id="9177095501" visible="true" version="1" changeset="112593641" timestamp="2021-10-16T21:19:58Z" user="Shipwreck34" uid="10643883" lat="38.8427028" lon="-104.7042469"/>
 <node id="9177095502" visible="true" version="1" changeset="112593641" timestamp="2021-10-16T21:19:58Z" user="Shipwreck34" uid="10643883" lat="38.8428957" lon="-104.7042394"/>
 <node id="9177095503" visible="true" version="1" changeset="112593641" timestamp="2021-10-16T21:19:58Z" user="Shipwreck34" uid="10643883" lat="38.8430762" lon="-104.7041854"/>
 <node id="9177095504" visible="true" version="1" changeset="112593641" timestamp="2021-10-16T21:19:58Z" user="Shipwreck34" uid="10643883" lat="38.8428067" lon="-104.7036656"/>
 <node id="9177095505" visible="true" version="1" changeset="112593641" timestamp="2021-10-16T21:19:58Z" user="Shipwreck34" uid="10643883" lat="38.8427917" lon="-104.7036346"/>
 <node id="9177095506" visible="true" version="1" changeset="112593641" timestamp="2021-10-16T21:19:58Z" user="Shipwreck34" uid="10643883" lat="38.8427644" lon="-104.7036154"/>
 <node id="9177095507" visible="true" version="1" changeset="112593641" timestamp="2021-10-16T21:19:58Z" user="Shipwreck34" uid="10643883" lat="38.8427376" lon="-104.7036130"/>
 <node id="9177095508" visible="true" version="1" changeset="112593641" timestamp="2021-10-16T21:19:58Z" user="Shipwreck34" uid="10643883" lat="38.8427157" lon="-104.7036276"/>
 <node id="9177095509" visible="true" version="1" changeset="112593641" timestamp="2021-10-16T21:19:58Z" user="Shipwreck34" uid="10643883" lat="38.8427021" lon="-104.7036591"/>
 <node id="9177095510" visible="true" version="1" changeset="112593641" timestamp="2021-10-16T21:19:58Z" user="Shipwreck34" uid="10643883" lat="38.8427007" lon="-104.7036895"/>
 <node id="9177095511" visible="true" version="1" changeset="112593641" timestamp="2021-10-16T21:19:58Z" user="Shipwreck34" uid="10643883" lat="38.8427153" lon="-104.7037164"/>
 <node id="9177095512" visible="true" version="1" changeset="112593641" timestamp="2021-10-16T21:19:58Z" user="Shipwreck34" uid="10643883" lat="38.8427403" lon="-104.7037344"/>
 <node id="9177095513" visible="true" version="1" changeset="112593641" timestamp="2021-10-16T21:19:58Z" user="Shipwreck34" uid="10643883" lat="38.8427698" lon="-104.7037315"/>
 <node id="9177095514" visible="true" version="1" changeset="112593641" timestamp="2021-10-16T21:19:58Z" user="Shipwreck34" uid="10643883" lat="38.8427912" lon="-104.7037175"/>
 <node id="9177095515" visible="true" version="1" changeset="112593641" timestamp="2021-10-16T21:19:58Z" user="Shipwreck34" uid="10643883" lat="38.8428021" lon="-104.7036977"/>
 <node id="9177095516" visible="true" version="1" changeset="112593641" timestamp="2021-10-16T21:19:58Z" user="Shipwreck34" uid="10643883" lat="38.8422785" lon="-104.7037331"/>
 <node id="9177116617" visible="true" version="1" changeset="112593641" timestamp="2021-10-16T21:19:58Z" user="Shipwreck34" uid="10643883" lat="38.8422926" lon="-104.7037141"/>
 <node id="9177116618" visible="true" version="1" changeset="112593641" timestamp="2021-10-16T21:19:58Z" user="Shipwreck34" uid="10643883" lat="38.8422998" lon="-104.7036796"/>
 <node id="9177116619" visible="true" version="1" changeset="112593641" timestamp="2021-10-16T21:19:58Z" user="Shipwreck34" uid="10643883" lat="38.8422988" lon="-104.7036309"/>
 <node id="9177116620" visible="true" version="1" changeset="112593641" timestamp="2021-10-16T21:19:58Z" user="Shipwreck34" uid="10643883" lat="38.8422964" lon="-104.7035827"/>
 <node id="9177116621" visible="true" version="1" changeset="112593641" timestamp="2021-10-16T21:19:58Z" user="Shipwreck34" uid="10643883" lat="38.8422936" lon="-104.7035464"/>
 <node id="9177116622" visible="true" version="1" changeset="112593641" timestamp="2021-10-16T21:19:58Z" user="Shipwreck34" uid="10643883" lat="38.8422451" lon="-104.7035522"/>
 <node id="9177116623" visible="true" version="1" changeset="112593641" timestamp="2021-10-16T21:19:58Z" user="Shipwreck34" uid="10643883" lat="38.8422461" lon="-104.7035924"/>
 <node id="9177116624" visible="true" version="1" changeset="112593641" timestamp="2021-10-16T21:19:58Z" user="Shipwreck34" uid="10643883" lat="38.8422499" lon="-104.7036358"/>
 <node id="9177116625" visible="true" version="1" changeset="112593641" timestamp="2021-10-16T21:19:58Z" user="Shipwreck34" uid="10643883" lat="38.8422547" lon="-104.7036774"/>
 <node id="9177116626" visible="true" version="1" changeset="112593641" timestamp="2021-10-16T21:19:58Z" user="Shipwreck34" uid="10643883" lat="38.8422578" lon="-104.7037030"/>
 <node id="9177116627" visible="true" version="1" changeset="112593641" timestamp="2021-10-16T21:19:58Z" user="Shipwreck34" uid="10643883" lat="38.8422664" lon="-104.7037216"/>
 <node id="9177116628" visible="true" version="1" changeset="112593641" timestamp="2021-10-16T21:19:58Z" user="Shipwreck34" uid="10643883" lat="38.8430086" lon="-104.7027472"/>
 <node id="9177116629" visible="true" version="1" changeset="112593641" timestamp="2021-10-16T21:19:58Z" user="Shipwreck34" uid="10643883" lat="38.8432931" lon="-104.7025944"/>
 <node id="9177116630" visible="true" version="1" changeset="112593641" timestamp="2021-10-16T21:19:58Z" user="Shipwreck34" uid="10643883" lat="38.8425256" lon="-104.7031985"/>
 <node id="9177116631" visible="true" version="1" changeset="112593641" timestamp="2021-10-16T21:19:58Z" user="Shipwreck34" uid="10643883" lat="38.8423532" lon="-104.7039238"/>
 <node id="9177116632" visible="true" version="1" changeset="112593641" timestamp="2021-10-16T21:19:58Z" user="Shipwreck34" uid="10643883" lat="38.8423133" lon="-104.7038014"/>
 <node id="9177116633" visible="true" version="1" changeset="112593641" timestamp="2021-10-16T21:19:58Z" user="Shipwreck34" uid="10643883" lat="38.8423228" lon="-104.7036410"/>
 <node id="9177116634" visible="true" version="1" changeset="112593641" timestamp="2021-10-16T21:19:58Z" user="Shipwreck34" uid="10643883" lat="38.8435350" lon="-104.7034536"/>
 <node id="9177116635" visible="true" version="1" changeset="112593641" timestamp="2021-10-16T21:19:58Z" user="Shipwreck34" uid="10643883" lat="38.8435233" lon="-104.7034178"/>
 <node id="9177116636" visible="true" version="1" changeset="112593641" timestamp="2021-10-16T21:19:58Z" user="Shipwreck34" uid="10643883" lat="38.8434971" lon="-104.7033979"/>
 <node id="9177116637" visible="true" version="1" changeset="112593641" timestamp="2021-10-16T21:19:58Z" user="Shipwreck34" uid="10643883" lat="38.8434661" lon="-104.7033992"/>
 <node id="9177116638" visible="true" version="1" changeset="112593641" timestamp="2021-10-16T21:19:58Z" user="Shipwreck34" uid="10643883" lat="38.8434420" lon="-104.7034156"/>
 <node id="9177116639" visible="true" version="1" changeset="112593641" timestamp="2021-10-16T21:19:58Z" user="Shipwreck34" uid="10643883" lat="38.8434251" lon="-104.7034474"/>
 <node id="9177116640" visible="true" version="1" changeset="112593641" timestamp="2021-10-16T21:19:58Z" user="Shipwreck34" uid="10643883" lat="38.8434186" lon="-104.7034797"/>
 <node id="9177116641" visible="true" version="1" changeset="112593641" timestamp="2021-10-16T21:19:58Z" user="Shipwreck34" uid="10643883" lat="38.8434296" lon="-104.7035164"/>
 <node id="9177116642" visible="true" version="1" changeset="112593641" timestamp="2021-10-16T21:19:58Z" user="Shipwreck34" uid="10643883" lat="38.8434510" lon="-104.7035368"/>
 <node id="9177116643" visible="true" version="1" changeset="112593641" timestamp="2021-10-16T21:19:58Z" user="Shipwreck34" uid="10643883" lat="38.8434789" lon="-104.7035412"/>
 <node id="9177116644" visible="true" version="1" changeset="112593641" timestamp="2021-10-16T21:19:58Z" user="Shipwreck34" uid="10643883" lat="38.8435040" lon="-104.7035328"/>
 <node id="9177116645" visible="true" version="1" changeset="112593641" timestamp="2021-10-16T21:19:58Z" user="Shipwreck34" uid="10643883" lat="38.8435233" lon="-104.7035071"/>
 <node id="9177116646" visible="true" version="1" changeset="112593641" timestamp="2021-10-16T21:19:58Z" user="Shipwreck34" uid="10643883" lat="38.8435326" lon="-104.7034855"/>
 <node id="9177116647" visible="true" version="1" changeset="112593641" timestamp="2021-10-16T21:19:58Z" user="Shipwreck34" uid="10643883" lat="38.8440373" lon="-104.7028802"/>
 <node id="9177116648" visible="true" version="1" changeset="112593641" timestamp="2021-10-16T21:19:58Z" user="Shipwreck34" uid="10643883" lat="38.8440242" lon="-104.7028338"/>
 <node id="9177116649" visible="true" version="1" changeset="112593641" timestamp="2021-10-16T21:19:58Z" user="Shipwreck34" uid="10643883" lat="38.8439970" lon="-104.7028143"/>
 <node id="9177116650" visible="true" version="1" changeset="112593641" timestamp="2021-10-16T21:19:58Z" user="Shipwreck34" uid="10643883" lat="38.8439691" lon="-104.7028134"/>
 <node id="9177116651" visible="true" version="1" changeset="112593641" timestamp="2021-10-16T21:19:58Z" user="Shipwreck34" uid="10643883" lat="38.8439439" lon="-104.7028346"/>
 <node id="9177116652" visible="true" version="1" changeset="112593641" timestamp="2021-10-16T21:19:58Z" user="Shipwreck34" uid="10643883" lat="38.8439298" lon="-104.7028683"/>
 <node id="9177116653" visible="true" version="1" changeset="112593641" timestamp="2021-10-16T21:19:58Z" user="Shipwreck34" uid="10643883" lat="38.8439408" lon="-104.7029218"/>
 <node id="9177116654" visible="true" version="1" changeset="112593641" timestamp="2021-10-16T21:19:58Z" user="Shipwreck34" uid="10643883" lat="38.8439684" lon="-104.7029510"/>
 <node id="9177116655" visible="true" version="1" changeset="112593641" timestamp="2021-10-16T21:19:58Z" user="Shipwreck34" uid="10643883" lat="38.8439980" lon="-104.7029634"/>
 <node id="9177116656" visible="true" version="1" changeset="112593641" timestamp="2021-10-16T21:19:58Z" user="Shipwreck34" uid="10643883" lat="38.8440228" lon="-104.7029539"/>
 <node id="9177116657" visible="true" version="1" changeset="112593641" timestamp="2021-10-16T21:19:58Z" user="Shipwreck34" uid="10643883" lat="38.8440352" lon="-104.7029240"/>
 <node id="9177116673" visible="true" version="1" changeset="112593641" timestamp="2021-10-16T21:19:58Z" user="Shipwreck34" uid="10643883" lat="38.8449792" lon="-104.7026990"/>
 <node id="9177116674" visible="true" version="1" changeset="112593641" timestamp="2021-10-16T21:19:58Z" user="Shipwreck34" uid="10643883" lat="38.8450336" lon="-104.7028975"/>
 <node id="9177116675" visible="true" version="1" changeset="112593641" timestamp="2021-10-16T21:19:58Z" user="Shipwreck34" uid="10643883" lat="38.8450257" lon="-104.7029585"/>
 <node id="9177116676" visible="true" version="1" changeset="112593641" timestamp="2021-10-16T21:19:58Z" user="Shipwreck34" uid="10643883" lat="38.8449949" lon="-104.7030028"/>
 <node id="9177116677" visible="true" version="1" changeset="112593641" timestamp="2021-10-16T21:19:58Z" user="Shipwreck34" uid="10643883" lat="38.8449557" lon="-104.7030195"/>
 <node id="9177116678" visible="true" version="1" changeset="112593641" timestamp="2021-10-16T21:19:58Z" user="Shipwreck34" uid="10643883" lat="38.8449129" lon="-104.7030329"/>
 <node id="9177116679" visible="true" version="1" changeset="112593641" timestamp="2021-10-16T21:19:58Z" user="Shipwreck34" uid="10643883" lat="38.8448743" lon="-104.7030396"/>
 <node id="9177116680" visible="true" version="1" changeset="112593641" timestamp="2021-10-16T21:19:58Z" user="Shipwreck34" uid="10643883" lat="38.8448304" lon="-104.7030551"/>
 <node id="9177116681" visible="true" version="1" changeset="112593641" timestamp="2021-10-16T21:19:58Z" user="Shipwreck34" uid="10643883" lat="38.8447594" lon="-104.7031040"/>
 <node id="9177116682" visible="true" version="1" changeset="112593641" timestamp="2021-10-16T21:19:58Z" user="Shipwreck34" uid="10643883" lat="38.8447087" lon="-104.7031422"/>
 <node id="9177116683" visible="true" version="1" changeset="112593641" timestamp="2021-10-16T21:19:58Z" user="Shipwreck34" uid="10643883" lat="38.8449035" lon="-104.7028546"/>
 <node id="9177116684" visible="true" version="1" changeset="112593641" timestamp="2021-10-16T21:19:58Z" user="Shipwreck34" uid="10643883" lat="38.8449385" lon="-104.7029189"/>
 <node id="9177116685" visible="true" version="1" changeset="112593641" timestamp="2021-10-16T21:19:58Z" user="Shipwreck34" uid="10643883" lat="38.8449521" lon="-104.7029894"/>
 <node id="9177116686" visible="true" version="1" changeset="112593641" timestamp="2021-10-16T21:19:58Z" user="Shipwreck34" uid="10643883" lat="38.8449438" lon="-104.7030233"/>
 <node id="9177116687" visible="true" version="1" changeset="112593641" timestamp="2021-10-16T21:19:58Z" user="Shipwreck34" uid="10643883" lat="38.8448570" lon="-104.7029873"/>
 <node id="9177125302" visible="true" version="1" changeset="112594022" timestamp="2021-10-16T21:39:08Z" user="Shipwreck34" uid="10643883" lat="38.8427021" lon="-104.7048069"/>
 <node id="9177125303" visible="true" version="1" changeset="112594022" timestamp="2021-10-16T21:39:08Z" user="Shipwreck34" uid="10643883" lat="38.8426264" lon="-104.7047838"/>
 <node id="9177125304" visible="true" version="1" changeset="112594022" timestamp="2021-10-16T21:39:08Z" user="Shipwreck34" uid="10643883" lat="38.8427570" lon="-104.7043892"/>
 <node id="9177125305" visible="true" version="1" changeset="112594022" timestamp="2021-10-16T21:39:08Z" user="Shipwreck34" uid="10643883" lat="38.8429408" lon="-104.7043313"/>
 <node id="9177130351" visible="true" version="1" changeset="112594022" timestamp="2021-10-16T21:39:08Z" user="Shipwreck34" uid="10643883" lat="38.8426065" lon="-104.7026496"/>
 <node id="9177130352" visible="true" version="1" changeset="112594022" timestamp="2021-10-16T21:39:08Z" user="Shipwreck34" uid="10643883" lat="38.8425793" lon="-104.7026114"/>
 <node id="9177130353" visible="true" version="1" changeset="112594022" timestamp="2021-10-16T21:39:08Z" user="Shipwreck34" uid="10643883" lat="38.8425318" lon="-104.7025953"/>
 <node id="9177130354" visible="true" version="1" changeset="112594022" timestamp="2021-10-16T21:39:08Z" user="Shipwreck34" uid="10643883" lat="38.8424770" lon="-104.7026127"/>
 <node id="9177130355" visible="true" version="1" changeset="112594022" timestamp="2021-10-16T21:39:08Z" user="Shipwreck34" uid="10643883" lat="38.8423939" lon="-104.7026677"/>
 <node id="9177130356" visible="true" version="1" changeset="112594022" timestamp="2021-10-16T21:39:08Z" user="Shipwreck34" uid="10643883" lat="38.8422529" lon="-104.7027549"/>
 <node id="9177130357" visible="true" version="1" changeset="112594022" timestamp="2021-10-16T21:39:08Z" user="Shipwreck34" uid="10643883" lat="38.8421683" lon="-104.7028031"/>
 <node id="9177130358" visible="true" version="1" changeset="112594022" timestamp="2021-10-16T21:39:08Z" user="Shipwreck34" uid="10643883" lat="38.8421046" lon="-104.7028293"/>
 <node id="9177130359" visible="true" version="1" changeset="112594022" timestamp="2021-10-16T21:39:08Z" user="Shipwreck34" uid="10643883" lat="38.8420456" lon="-104.7028501"/>
 <node id="9177130360" visible="true" version="1" changeset="112594022" timestamp="2021-10-16T21:39:08Z" user="Shipwreck34" uid="10643883" lat="38.8419960" lon="-104.7028715"/>
 <node id="9177130361" visible="true" version="1" changeset="112594022" timestamp="2021-10-16T21:39:08Z" user="Shipwreck34" uid="10643883" lat="38.8419678" lon="-104.7029104"/>
 <node id="9177130362" visible="true" version="1" changeset="112594022" timestamp="2021-10-16T21:39:08Z" user="Shipwreck34" uid="10643883" lat="38.8419479" lon="-104.7029486"/>
 <node id="9177130363" visible="true" version="1" changeset="112594022" timestamp="2021-10-16T21:39:08Z" user="Shipwreck34" uid="10643883" lat="38.8419197" lon="-104.7029936"/>
 <node id="9177130364" visible="true" version="1" changeset="112594022" timestamp="2021-10-16T21:39:08Z" user="Shipwreck34" uid="10643883" lat="38.8419004" lon="-104.7030251"/>
 <node id="9177130365" visible="true" version="1" changeset="112594022" timestamp="2021-10-16T21:39:08Z" user="Shipwreck34" uid="10643883" lat="38.8418805" lon="-104.7030794"/>
 <node id="9177130366" visible="true" version="1" changeset="112594022" timestamp="2021-10-16T21:39:08Z" user="Shipwreck34" uid="10643883" lat="38.8418570" lon="-104.7031639"/>
 <node id="9177130367" visible="true" version="1" changeset="112594022" timestamp="2021-10-16T21:39:08Z" user="Shipwreck34" uid="10643883" lat="38.8418377" lon="-104.7032108"/>
 <node id="9177130368" visible="true" version="1" changeset="112594022" timestamp="2021-10-16T21:39:08Z" user="Shipwreck34" uid="10643883" lat="38.8418194" lon="-104.7032417"/>
 <node id="9177130369" visible="true" version="1" changeset="112594022" timestamp="2021-10-16T21:39:08Z" user="Shipwreck34" uid="10643883" lat="38.8417813" lon="-104.7032692"/>
 <node id="9177130370" visible="true" version="1" changeset="112594022" timestamp="2021-10-16T21:39:08Z" user="Shipwreck34" uid="10643883" lat="38.8417578" lon="-104.7033020"/>
 <node id="9177130371" visible="true" version="1" changeset="112594022" timestamp="2021-10-16T21:39:08Z" user="Shipwreck34" uid="10643883" lat="38.8417421" lon="-104.7033510"/>
 <node id="9177130372" visible="true" version="1" changeset="112594022" timestamp="2021-10-16T21:39:08Z" user="Shipwreck34" uid="10643883" lat="38.8417441" lon="-104.7034114"/>
 <node id="9177130373" visible="true" version="1" changeset="112594022" timestamp="2021-10-16T21:39:08Z" user="Shipwreck34" uid="10643883" lat="38.8417648" lon="-104.7034643"/>
 <node id="9177130374" visible="true" version="1" changeset="112594022" timestamp="2021-10-16T21:39:08Z" user="Shipwreck34" uid="10643883" lat="38.8418017" lon="-104.7034998"/>
 <node id="9177130375" visible="true" version="1" changeset="112594022" timestamp="2021-10-16T21:39:08Z" user="Shipwreck34" uid="10643883" lat="38.8418565" lon="-104.7034985"/>
 <node id="9177130376" visible="true" version="1" changeset="112594022" timestamp="2021-10-16T21:39:08Z" user="Shipwreck34" uid="10643883" lat="38.8419098" lon="-104.7034804"/>
 <node id="9177130377" visible="true" version="1" changeset="112594022" timestamp="2021-10-16T21:39:08Z" user="Shipwreck34" uid="10643883" lat="38.8419495" lon="-104.7034462"/>
 <node id="9177130378" visible="true" version="1" changeset="112594022" timestamp="2021-10-16T21:39:08Z" user="Shipwreck34" uid="10643883" lat="38.8419719" lon="-104.7033939"/>
 <node id="9177130379" visible="true" version="1" changeset="112594022" timestamp="2021-10-16T21:39:08Z" user="Shipwreck34" uid="10643883" lat="38.8419892" lon="-104.7032732"/>
 <node id="9177130380" visible="true" version="1" changeset="112594022" timestamp="2021-10-16T21:39:08Z" user="Shipwreck34" uid="10643883" lat="38.8420017" lon="-104.7032219"/>
 <node id="9177130381" visible="true" version="1" changeset="112594022" timestamp="2021-10-16T21:39:08Z" user="Shipwreck34" uid="10643883" lat="38.8420146" lon="-104.7031840"/>
 <node id="9177130382" visible="true" version="1" changeset="112594022" timestamp="2021-10-16T21:39:08Z" user="Shipwreck34" uid="10643883" lat="38.8420505" lon="-104.7031448"/>
 <node id="9177130383" visible="true" version="1" changeset="112594022" timestamp="2021-10-16T21:39:08Z" user="Shipwreck34" uid="10643883" lat="38.8421208" lon="-104.7030993"/>
 <node id="9177130384" visible="true" version="1" changeset="112594022" timestamp="2021-10-16T21:39:08Z" user="Shipwreck34" uid="10643883" lat="38.8422024" lon="-104.7030465"/>
 <node id="9177130385" visible="true" version="1" changeset="112594022" timestamp="2021-10-16T21:39:08Z" user="Shipwreck34" uid="10643883" lat="38.8422824" lon="-104.7029923"/>
 <node id="9177130386" visible="true" version="1" changeset="112594022" timestamp="2021-10-16T21:39:08Z" user="Shipwreck34" uid="10643883" lat="38.8424098" lon="-104.7028998"/>
 <node id="9177130387" visible="true" version="1" changeset="112594022" timestamp="2021-10-16T21:39:08Z" user="Shipwreck34" uid="10643883" lat="38.8424913" lon="-104.7028408"/>
 <node id="9177130388" visible="true" version="1" changeset="112594022" timestamp="2021-10-16T21:39:08Z" user="Shipwreck34" uid="10643883" lat="38.8425727" lon="-104.7027737"/>
 <node id="9177130389" visible="true" version="1" changeset="112594022" timestamp="2021-10-16T21:39:08Z" user="Shipwreck34" uid="10643883" lat="38.8425989" lon="-104.7027368"/>
 <node id="9177130390" visible="true" version="1" changeset="112594022" timestamp="2021-10-16T21:39:08Z" user="Shipwreck34" uid="10643883" lat="38.8426103" lon="-104.7026966"/>
 <node id="9177130391" visible="true" version="1" changeset="112594022" timestamp="2021-10-16T21:39:08Z" user="Shipwreck34" uid="10643883" lat="38.8419731" lon="-104.7031413"/>
 <node id="9177130392" visible="true" version="1" changeset="112594022" timestamp="2021-10-16T21:39:08Z" user="Shipwreck34" uid="10643883" lat="38.8419083" lon="-104.7031259"/>
 <node id="9177130393" visible="true" version="1" changeset="112594022" timestamp="2021-10-16T21:39:08Z" user="Shipwreck34" uid="10643883" lat="38.8417769" lon="-104.7033636"/>
 <node id="9177130394" visible="true" version="1" changeset="112594022" timestamp="2021-10-16T21:39:08Z" user="Shipwreck34" uid="10643883" lat="38.8417817" lon="-104.7034067"/>
 <node id="9177130395" visible="true" version="1" changeset="112594022" timestamp="2021-10-16T21:39:08Z" user="Shipwreck34" uid="10643883" lat="38.8418643" lon="-104.7034508"/>
 <node id="9177130396" visible="true" version="1" changeset="112594022" timestamp="2021-10-16T21:39:08Z" user="Shipwreck34" uid="10643883" lat="38.8419270" lon="-104.7034095"/>
 <node id="9177130397" visible="true" version="1" changeset="112594022" timestamp="2021-10-16T21:39:08Z" user="Shipwreck34" uid="10643883" lat="38.8419513" lon="-104.7033349"/>
 <node id="9177130398" visible="true" version="1" changeset="112594022" timestamp="2021-10-16T21:39:08Z" user="Shipwreck34" uid="10643883" lat="38.8419709" lon="-104.7032209"/>
 <node id="9177130399" visible="true" version="1" changeset="112594022" timestamp="2021-10-16T21:39:08Z" user="Shipwreck34" uid="10643883" lat="38.8417413" lon="-104.7033822"/>
 <node id="9177130400" visible="true" version="1" changeset="112594022" timestamp="2021-10-16T21:39:08Z" user="Shipwreck34" uid="10643883" lat="38.8417803" lon="-104.7034857"/>
 <node id="9177130401" visible="true" version="1" changeset="112594022" timestamp="2021-10-16T21:39:08Z" user="Shipwreck34" uid="10643883" lat="38.8417516" lon="-104.7034394"/>
 <node id="9177130402" visible="true" version="1" changeset="112594022" timestamp="2021-10-16T21:39:08Z" user="Shipwreck34" uid="10643883" lat="38.8418286" lon="-104.7035021"/>
 <node id="9177130403" visible="true" version="1" changeset="112594022" timestamp="2021-10-16T21:39:08Z" user="Shipwreck34" uid="10643883" lat="38.8415285" lon="-104.7036333"/>
 <node id="9177130404" visible="true" version="1" changeset="112594022" timestamp="2021-10-16T21:39:08Z" user="Shipwreck34" uid="10643883" lat="38.8416001" lon="-104.7035523"/>
 <node id="9177130405" visible="true" version="1" changeset="112594022" timestamp="2021-10-16T21:39:08Z" user="Shipwreck34" uid="10643883" lat="38.8416464" lon="-104.7035340"/>
 <node id="9177130406" visible="true" version="1" changeset="112594022" timestamp="2021-10-16T21:39:08Z" user="Shipwreck34" uid="10643883" lat="38.8416785" lon="-104.7035415"/>
 <node id="9177130407" visible="true" version="1" changeset="112594022" timestamp="2021-10-16T21:39:08Z" user="Shipwreck34" uid="10643883" lat="38.8417172" lon="-104.7036105"/>
 <node id="9177130408" visible="true" version="1" changeset="112594022" timestamp="2021-10-16T21:39:08Z" user="Shipwreck34" uid="10643883" lat="38.8416858" lon="-104.7036801"/>
 <node id="9177130409" visible="true" version="1" changeset="112594022" timestamp="2021-10-16T21:39:08Z" user="Shipwreck34" uid="10643883" lat="38.8415457" lon="-104.7036817"/>
 <node id="9177130410" visible="true" version="1" changeset="112594022" timestamp="2021-10-16T21:39:08Z" user="Shipwreck34" uid="10643883" lat="38.8415354" lon="-104.7036759"/>
 <node id="9177130411" visible="true" version="1" changeset="112594022" timestamp="2021-10-16T21:39:08Z" user="Shipwreck34" uid="10643883" lat="38.8417074" lon="-104.7038154"/>
 <node id="9177130412" visible="true" version="1" changeset="112594022" timestamp="2021-10-16T21:39:08Z" user="Shipwreck34" uid="10643883" lat="38.8418286" lon="-104.7040654"/>
 <node id="9177130414" visible="true" version="1" changeset="112594022" timestamp="2021-10-16T21:39:08Z" user="Shipwreck34" uid="10643883" lat="38.8423447" lon="-104.7051406"/>
 <node id="9177130415" visible="true" version="1" changeset="112594022" timestamp="2021-10-16T21:39:08Z" user="Shipwreck34" uid="10643883" lat="38.8423664" lon="-104.7051216"/>
 <node id="9177130416" visible="true" version="1" changeset="112594022" timestamp="2021-10-16T21:39:08Z" user="Shipwreck34" uid="10643883" lat="38.8423736" lon="-104.7051013"/>
 <node id="9177130417" visible="true" version="1" changeset="112594022" timestamp="2021-10-16T21:39:08Z" user="Shipwreck34" uid="10643883" lat="38.8423708" lon="-104.7050783"/>
 <node id="9177130418" visible="true" version="1" changeset="112594022" timestamp="2021-10-16T21:39:08Z" user="Shipwreck34" uid="10643883" lat="38.8423567" lon="-104.7050628"/>
 <node id="9177130419" visible="true" version="1" changeset="112594022" timestamp="2021-10-16T21:39:08Z" user="Shipwreck34" uid="10643883" lat="38.8423364" lon="-104.7050632"/>
 <node id="9177130420" visible="true" version="1" changeset="112594022" timestamp="2021-10-16T21:39:08Z" user="Shipwreck34" uid="10643883" lat="38.8423181" lon="-104.7050760"/>
 <node id="9177130421" visible="true" version="1" changeset="112594022" timestamp="2021-10-16T21:39:08Z" user="Shipwreck34" uid="10643883" lat="38.8423016" lon="-104.7050915"/>
 <node id="9177130422" visible="true" version="1" changeset="112594022" timestamp="2021-10-16T21:39:08Z" user="Shipwreck34" uid="10643883" lat="38.8422919" lon="-104.7051052"/>
 <node id="9177130423" visible="true" version="1" changeset="112594022" timestamp="2021-10-16T21:39:08Z" user="Shipwreck34" uid="10643883" lat="38.8422895" lon="-104.7051260"/>
 <node id="9177130424" visible="true" version="1" changeset="112594022" timestamp="2021-10-16T21:39:08Z" user="Shipwreck34" uid="10643883" lat="38.8422971" lon="-104.7051420"/>
 <node id="9177130425" visible="true" version="1" changeset="112594022" timestamp="2021-10-16T21:39:08Z" user="Shipwreck34" uid="10643883" lat="38.8423088" lon="-104.7051513"/>
 <node id="9177130426" visible="true" version="1" changeset="112594022" timestamp="2021-10-16T21:39:08Z" user="Shipwreck34" uid="10643883" lat="38.8423285" lon="-104.7051490"/>
 <node id="9177130427" visible="true" version="1" changeset="112594022" timestamp="2021-10-16T21:39:08Z" user="Shipwreck34" uid="10643883" lat="38.8421773" lon="-104.7048508"/>
 <node id="9177130428" visible="true" version="1" changeset="112594022" timestamp="2021-10-16T21:39:08Z" user="Shipwreck34" uid="10643883" lat="38.8422355" lon="-104.7048169"/>
 <node id="9177130429" visible="true" version="1" changeset="112594022" timestamp="2021-10-16T21:39:08Z" user="Shipwreck34" uid="10643883" lat="38.8422016" lon="-104.7048173"/>
 <node id="9177130430" visible="true" version="1" changeset="112594022" timestamp="2021-10-16T21:39:08Z" user="Shipwreck34" uid="10643883" lat="38.8422877" lon="-104.7048546"/>
 <node id="9177130431" visible="true" version="1" changeset="112594022" timestamp="2021-10-16T21:39:08Z" user="Shipwreck34" uid="10643883" lat="38.8421916" lon="-104.7049315"/>
 <node id="9177130432" visible="true" version="1" changeset="112594022" timestamp="2021-10-16T21:39:08Z" user="Shipwreck34" uid="10643883" lat="38.8422203" lon="-104.7049543"/>
 <node id="9177130433" visible="true" version="1" changeset="112594022" timestamp="2021-10-16T21:39:08Z" user="Shipwreck34" uid="10643883" lat="38.8416755" lon="-104.7045496"/>
 <node id="9177130434" visible="true" version="1" changeset="112594022" timestamp="2021-10-16T21:39:08Z" user="Shipwreck34" uid="10643883" lat="38.8416977" lon="-104.7045054"/>
 <node id="9177130435" visible="true" version="1" changeset="112594022" timestamp="2021-10-16T21:39:08Z" user="Shipwreck34" uid="10643883" lat="38.8417155" lon="-104.7044657"/>
 <node id="9177130436" visible="true" version="1" changeset="112594022" timestamp="2021-10-16T21:39:08Z" user="Shipwreck34" uid="10643883" lat="38.8417159" lon="-104.7044363"/>
 <node id="9177130437" visible="true" version="1" changeset="112594022" timestamp="2021-10-16T21:39:08Z" user="Shipwreck34" uid="10643883" lat="38.8417020" lon="-104.7044241"/>
 <node id="9177130438" visible="true" version="1" changeset="112594022" timestamp="2021-10-16T21:39:08Z" user="Shipwreck34" uid="10643883" lat="38.8416826" lon="-104.7044231"/>
 <node id="9177130439" visible="true" version="1" changeset="112594022" timestamp="2021-10-16T21:39:08Z" user="Shipwreck34" uid="10643883" lat="38.8416538" lon="-104.7044414"/>
 <node id="9177130440" visible="true" version="1" changeset="112594022" timestamp="2021-10-16T21:39:08Z" user="Shipwreck34" uid="10643883" lat="38.8416324" lon="-104.7044541"/>
 <node id="9177130441" visible="true" version="1" changeset="112594022" timestamp="2021-10-16T21:39:08Z" user="Shipwreck34" uid="10643883" lat="38.8415904" lon="-104.7044835"/>
 <node id="9177130442" visible="true" version="1" changeset="112594022" timestamp="2021-10-16T21:39:08Z" user="Shipwreck34" uid="10643883" lat="38.8415778" lon="-104.7045059"/>
 <node id="9177130443" visible="true" version="1" changeset="112594022" timestamp="2021-10-16T21:39:08Z" user="Shipwreck34" uid="10643883" lat="38.8415762" lon="-104.7045288"/>
 <node id="9177130444" visible="true" version="1" changeset="112594022" timestamp="2021-10-16T21:39:08Z" user="Shipwreck34" uid="10643883" lat="38.8415833" lon="-104.7045506"/>
 <node id="9177130445" visible="true" version="1" changeset="112594022" timestamp="2021-10-16T21:39:08Z" user="Shipwreck34" uid="10643883" lat="38.8416023" lon="-104.7045694"/>
 <node id="9177130446" visible="true" version="1" changeset="112594022" timestamp="2021-10-16T21:39:08Z" user="Shipwreck34" uid="10643883" lat="38.8416233" lon="-104.7045786"/>
 <node id="9177130447" visible="true" version="1" changeset="112594022" timestamp="2021-10-16T21:39:08Z" user="Shipwreck34" uid="10643883" lat="38.8416403" lon="-104.7045796"/>
 <node id="9177130448" visible="true" version="1" changeset="112594022" timestamp="2021-10-16T21:39:08Z" user="Shipwreck34" uid="10643883" lat="38.8416601" lon="-104.7045679"/>
 <node id="9177130449" visible="true" version="1" changeset="112594022" timestamp="2021-10-16T21:39:08Z" user="Shipwreck34" uid="10643883" lat="38.8416933" lon="-104.7043052"/>
 <node id="9177130450" visible="true" version="1" changeset="112594022" timestamp="2021-10-16T21:39:08Z" user="Shipwreck34" uid="10643883" lat="38.8416842" lon="-104.7042452"/>
 <node id="9177130451" visible="true" version="1" changeset="112594022" timestamp="2021-10-16T21:39:08Z" user="Shipwreck34" uid="10643883" lat="38.8416613" lon="-104.7042045"/>
 <node id="9177130452" visible="true" version="1" changeset="112594022" timestamp="2021-10-16T21:39:08Z" user="Shipwreck34" uid="10643883" lat="38.8416253" lon="-104.7041827"/>
 <node id="9177130453" visible="true" version="1" changeset="112594022" timestamp="2021-10-16T21:39:08Z" user="Shipwreck34" uid="10643883" lat="38.8415758" lon="-104.7041878"/>
 <node id="9177130454" visible="true" version="1" changeset="112594022" timestamp="2021-10-16T21:39:08Z" user="Shipwreck34" uid="10643883" lat="38.8415057" lon="-104.7042096"/>
 <node id="9177130455" visible="true" version="1" changeset="112594022" timestamp="2021-10-16T21:39:08Z" user="Shipwreck34" uid="10643883" lat="38.8414531" lon="-104.7042340"/>
 <node id="9177130456" visible="true" version="1" changeset="112594022" timestamp="2021-10-16T21:39:08Z" user="Shipwreck34" uid="10643883" lat="38.8414277" lon="-104.7042574"/>
 <node id="9177130457" visible="true" version="1" changeset="112594022" timestamp="2021-10-16T21:39:08Z" user="Shipwreck34" uid="10643883" lat="38.8414111" lon="-104.7042935"/>
 <node id="9177130458" visible="true" version="1" changeset="112594022" timestamp="2021-10-16T21:39:08Z" user="Shipwreck34" uid="10643883" lat="38.8414016" lon="-104.7043494"/>
 <node id="9177130459" visible="true" version="1" changeset="112594022" timestamp="2021-10-16T21:39:08Z" user="Shipwreck34" uid="10643883" lat="38.8414048" lon="-104.7043951"/>
 <node id="9177130460" visible="true" version="1" changeset="112594022" timestamp="2021-10-16T21:39:08Z" user="Shipwreck34" uid="10643883" lat="38.8414190" lon="-104.7044302"/>
 <node id="9177130461" visible="true" version="1" changeset="112594022" timestamp="2021-10-16T21:39:08Z" user="Shipwreck34" uid="10643883" lat="38.8414646" lon="-104.7044556"/>
 <node id="9177130462" visible="true" version="1" changeset="112594022" timestamp="2021-10-16T21:39:08Z" user="Shipwreck34" uid="10643883" lat="38.8415200" lon="-104.7044617"/>
 <node id="9177130463" visible="true" version="1" changeset="112594022" timestamp="2021-10-16T21:39:08Z" user="Shipwreck34" uid="10643883" lat="38.8415623" lon="-104.7044576"/>
 <node id="9177130464" visible="true" version="1" changeset="112594022" timestamp="2021-10-16T21:39:08Z" user="Shipwreck34" uid="10643883" lat="38.8416205" lon="-104.7044251"/>
 <node id="9177130465" visible="true" version="1" changeset="112594022" timestamp="2021-10-16T21:39:08Z" user="Shipwreck34" uid="10643883" lat="38.8416577" lon="-104.7044002"/>
 <node id="9177130466" visible="true" version="1" changeset="112594022" timestamp="2021-10-16T21:39:08Z" user="Shipwreck34" uid="10643883" lat="38.8416815" lon="-104.7043783"/>
 <node id="9177130467" visible="true" version="1" changeset="112594022" timestamp="2021-10-16T21:39:08Z" user="Shipwreck34" uid="10643883" lat="38.8416921" lon="-104.7043473"/>
 <node id="9177130469" visible="true" version="1" changeset="112594022" timestamp="2021-10-16T21:39:08Z" user="Shipwreck34" uid="10643883" lat="38.8419869" lon="-104.7039561"/>
 <node id="9177130470" visible="true" version="1" changeset="112594022" timestamp="2021-10-16T21:39:08Z" user="Shipwreck34" uid="10643883" lat="38.8420542" lon="-104.7039759"/>
 <node id="9177130471" visible="true" version="1" changeset="112594022" timestamp="2021-10-16T21:39:08Z" user="Shipwreck34" uid="10643883" lat="38.8422717" lon="-104.7043768"/>
 <node id="9177130472" visible="true" version="1" changeset="112594022" timestamp="2021-10-16T21:39:08Z" user="Shipwreck34" uid="10643883" lat="38.8423170" lon="-104.7044032"/>
 <node id="9177130473" visible="true" version="1" changeset="112594022" timestamp="2021-10-16T21:39:08Z" user="Shipwreck34" uid="10643883" lat="38.8421996" lon="-104.7047070"/>
 <node id="9177130474" visible="true" version="1" changeset="112594022" timestamp="2021-10-16T21:39:08Z" user="Shipwreck34" uid="10643883" lat="38.8421510" lon="-104.7046298"/>
 <node id="9177130475" visible="true" version="1" changeset="112594022" timestamp="2021-10-16T21:39:08Z" user="Shipwreck34" uid="10643883" lat="38.8418602" lon="-104.7041011"/>
 <node id="9179072464" visible="true" version="1" changeset="112631798" timestamp="2021-10-18T02:09:42Z" user="Shipwreck34" uid="10643883" lat="38.8421980" lon="-104.7046475"/>
 <node id="9179072465" visible="true" version="1" changeset="112631798" timestamp="2021-10-18T02:09:42Z" user="Shipwreck34" uid="10643883" lat="38.8422290" lon="-104.7046912"/>
 <node id="9179072466" visible="true" version="1" changeset="112631798" timestamp="2021-10-18T02:09:42Z" user="Shipwreck34" uid="10643883" lat="38.8422733" lon="-104.7046998"/>
 <node id="9179072467" visible="true" version="1" changeset="112631798" timestamp="2021-10-18T02:09:42Z" user="Shipwreck34" uid="10643883" lat="38.8423722" lon="-104.7044659"/>
 <node id="9179072468" visible="true" version="1" changeset="112631798" timestamp="2021-10-18T02:09:42Z" user="Shipwreck34" uid="10643883" lat="38.8423552" lon="-104.7044397"/>
 <node id="9179072469" visible="true" version="1" changeset="112631798" timestamp="2021-10-18T02:09:42Z" user="Shipwreck34" uid="10643883" lat="38.8423066" lon="-104.7044353"/>
 <node id="9179072470" visible="true" version="1" changeset="112631798" timestamp="2021-10-18T02:09:42Z" user="Shipwreck34" uid="10643883" lat="38.8423269" lon="-104.7046700"/>
 <node id="9179072471" visible="true" version="1" changeset="112631798" timestamp="2021-10-18T02:09:42Z" user="Shipwreck34" uid="10643883" lat="38.8413542" lon="-104.7042929"/>
 <node id="9179072472" visible="true" version="1" changeset="112631798" timestamp="2021-10-18T02:09:42Z" user="Shipwreck34" uid="10643883" lat="38.8411761" lon="-104.7041130"/>
 <node id="9179072473" visible="true" version="1" changeset="112631798" timestamp="2021-10-18T02:09:42Z" user="Shipwreck34" uid="10643883" lat="38.8402213" lon="-104.7032495"/>
 <node id="9179072474" visible="true" version="1" changeset="112631798" timestamp="2021-10-18T02:09:42Z" user="Shipwreck34" uid="10643883" lat="38.8402388" lon="-104.7032519"/>
 <node id="9179072475" visible="true" version="1" changeset="112631798" timestamp="2021-10-18T02:09:42Z" user="Shipwreck34" uid="10643883" lat="38.8402586" lon="-104.7032479"/>
 <node id="9179072476" visible="true" version="1" changeset="112631798" timestamp="2021-10-18T02:09:42Z" user="Shipwreck34" uid="10643883" lat="38.8402688" lon="-104.7032425"/>
 <node id="9179072477" visible="true" version="1" changeset="112631798" timestamp="2021-10-18T02:09:42Z" user="Shipwreck34" uid="10643883" lat="38.8402800" lon="-104.7032257"/>
 <node id="9179072478" visible="true" version="1" changeset="112631798" timestamp="2021-10-18T02:09:42Z" user="Shipwreck34" uid="10643883" lat="38.8402837" lon="-104.7032066"/>
 <node id="9179072479" visible="true" version="1" changeset="112631798" timestamp="2021-10-18T02:09:42Z" user="Shipwreck34" uid="10643883" lat="38.8402839" lon="-104.7031865"/>
 <node id="9179072480" visible="true" version="1" changeset="112631798" timestamp="2021-10-18T02:09:42Z" user="Shipwreck34" uid="10643883" lat="38.8402740" lon="-104.7031664"/>
 <node id="9179072481" visible="true" version="1" changeset="112631798" timestamp="2021-10-18T02:09:42Z" user="Shipwreck34" uid="10643883" lat="38.8402565" lon="-104.7031399"/>
 <node id="9179072482" visible="true" version="1" changeset="112631798" timestamp="2021-10-18T02:09:42Z" user="Shipwreck34" uid="10643883" lat="38.8402223" lon="-104.7031044"/>
 <node id="9179072483" visible="true" version="1" changeset="112631798" timestamp="2021-10-18T02:09:42Z" user="Shipwreck34" uid="10643883" lat="38.8402004" lon="-104.7030842"/>
 <node id="9179072484" visible="true" version="1" changeset="112631798" timestamp="2021-10-18T02:09:42Z" user="Shipwreck34" uid="10643883" lat="38.8401816" lon="-104.7030588"/>
 <node id="9179072485" visible="true" version="1" changeset="112631798" timestamp="2021-10-18T02:09:42Z" user="Shipwreck34" uid="10643883" lat="38.8401630" lon="-104.7030283"/>
 <node id="9179072486" visible="true" version="1" changeset="112631798" timestamp="2021-10-18T02:09:42Z" user="Shipwreck34" uid="10643883" lat="38.8401427" lon="-104.7030068"/>
 <node id="9179072487" visible="true" version="1" changeset="112631798" timestamp="2021-10-18T02:09:42Z" user="Shipwreck34" uid="10643883" lat="38.8401145" lon="-104.7029934"/>
 <node id="9179072488" visible="true" version="1" changeset="112631798" timestamp="2021-10-18T02:09:42Z" user="Shipwreck34" uid="10643883" lat="38.8400967" lon="-104.7029961"/>
 <node id="9179072489" visible="true" version="1" changeset="112631798" timestamp="2021-10-18T02:09:42Z" user="Shipwreck34" uid="10643883" lat="38.8400690" lon="-104.7030068"/>
 <node id="9179072490" visible="true" version="1" changeset="112631798" timestamp="2021-10-18T02:09:42Z" user="Shipwreck34" uid="10643883" lat="38.8400473" lon="-104.7030313"/>
 <node id="9179072491" visible="true" version="1" changeset="112631798" timestamp="2021-10-18T02:09:42Z" user="Shipwreck34" uid="10643883" lat="38.8400364" lon="-104.7030524"/>
 <node id="9179072492" visible="true" version="1" changeset="112631798" timestamp="2021-10-18T02:09:42Z" user="Shipwreck34" uid="10643883" lat="38.8400267" lon="-104.7030836"/>
 <node id="9179072493" visible="true" version="1" changeset="112631798" timestamp="2021-10-18T02:09:42Z" user="Shipwreck34" uid="10643883" lat="38.8400267" lon="-104.7031127"/>
 <node id="9179072494" visible="true" version="1" changeset="112631798" timestamp="2021-10-18T02:09:42Z" user="Shipwreck34" uid="10643883" lat="38.8400366" lon="-104.7031453"/>
 <node id="9179072495" visible="true" version="1" changeset="112631798" timestamp="2021-10-18T02:09:42Z" user="Shipwreck34" uid="10643883" lat="38.8400544" lon="-104.7031724"/>
 <node id="9179072496" visible="true" version="1" changeset="112631798" timestamp="2021-10-18T02:09:42Z" user="Shipwreck34" uid="10643883" lat="38.8400784" lon="-104.7031939"/>
 <node id="9179072497" visible="true" version="1" changeset="112631798" timestamp="2021-10-18T02:09:42Z" user="Shipwreck34" uid="10643883" lat="38.8401087" lon="-104.7032086"/>
 <node id="9179072498" visible="true" version="1" changeset="112631798" timestamp="2021-10-18T02:09:42Z" user="Shipwreck34" uid="10643883" lat="38.8401442" lon="-104.7032167"/>
 <node id="9179072499" visible="true" version="1" changeset="112631798" timestamp="2021-10-18T02:09:42Z" user="Shipwreck34" uid="10643883" lat="38.8401839" lon="-104.7032351"/>
 <node id="9179072500" visible="true" version="1" changeset="112631798" timestamp="2021-10-18T02:09:42Z" user="Shipwreck34" uid="10643883" lat="38.8402040" lon="-104.7032438"/>
 <node id="9179072501" visible="true" version="1" changeset="112631798" timestamp="2021-10-18T02:09:42Z" user="Shipwreck34" uid="10643883" lat="38.8400582" lon="-104.7030164"/>
 <node id="9179072502" visible="true" version="1" changeset="112631798" timestamp="2021-10-18T02:09:42Z" user="Shipwreck34" uid="10643883" lat="38.8400821" lon="-104.7029987"/>
 <node id="9179072503" visible="true" version="1" changeset="112631798" timestamp="2021-10-18T02:09:42Z" user="Shipwreck34" uid="10643883" lat="38.8401319" lon="-104.7029986"/>
 <node id="9179072504" visible="true" version="1" changeset="112631798" timestamp="2021-10-18T02:09:42Z" user="Shipwreck34" uid="10643883" lat="38.8402213" lon="-104.7030269"/>
 <node id="9179072505" visible="true" version="1" changeset="112631798" timestamp="2021-10-18T02:09:42Z" user="Shipwreck34" uid="10643883" lat="38.8402043" lon="-104.7029991"/>
 <node id="9179072506" visible="true" version="1" changeset="112631798" timestamp="2021-10-18T02:09:42Z" user="Shipwreck34" uid="10643883" lat="38.8401821" lon="-104.7029726"/>
 <node id="9179072507" visible="true" version="1" changeset="112631798" timestamp="2021-10-18T02:09:42Z" user="Shipwreck34" uid="10643883" lat="38.8401398" lon="-104.7029528"/>
 <node id="9179072508" visible="true" version="1" changeset="112631798" timestamp="2021-10-18T02:09:42Z" user="Shipwreck34" uid="10643883" lat="38.8401006" lon="-104.7029535"/>
 <node id="9179072509" visible="true" version="1" changeset="112631798" timestamp="2021-10-18T02:09:42Z" user="Shipwreck34" uid="10643883" lat="38.8400622" lon="-104.7029709"/>
 <node id="9179072510" visible="true" version="1" changeset="112631798" timestamp="2021-10-18T02:09:42Z" user="Shipwreck34" uid="10643883" lat="38.8400353" lon="-104.7029977"/>
 <node id="9179072511" visible="true" version="1" changeset="112631798" timestamp="2021-10-18T02:09:42Z" user="Shipwreck34" uid="10643883" lat="38.8400089" lon="-104.7030440"/>
 <node id="9179072512" visible="true" version="1" changeset="112631798" timestamp="2021-10-18T02:09:42Z" user="Shipwreck34" uid="10643883" lat="38.8400001" lon="-104.7030950"/>
 <node id="9179072513" visible="true" version="1" changeset="112631798" timestamp="2021-10-18T02:09:42Z" user="Shipwreck34" uid="10643883" lat="38.8400095" lon="-104.7031604"/>
 <node id="9179072514" visible="true" version="1" changeset="112631798" timestamp="2021-10-18T02:09:42Z" user="Shipwreck34" uid="10643883" lat="38.8400311" lon="-104.7032049"/>
 <node id="9179072515" visible="true" version="1" changeset="112631798" timestamp="2021-10-18T02:09:42Z" user="Shipwreck34" uid="10643883" lat="38.8400721" lon="-104.7032405"/>
 <node id="9179072516" visible="true" version="1" changeset="112631798" timestamp="2021-10-18T02:09:42Z" user="Shipwreck34" uid="10643883" lat="38.8401218" lon="-104.7032613"/>
 <node id="9179072988" visible="true" version="1" changeset="112631533" timestamp="2021-10-18T01:47:40Z" user="Shipwreck34" uid="10643883" lat="38.8440703" lon="-104.7017272"/>
 <node id="9179072989" visible="true" version="1" changeset="112631533" timestamp="2021-10-18T01:47:40Z" user="Shipwreck34" uid="10643883" lat="38.8439759" lon="-104.7017749"/>
 <node id="9179072990" visible="true" version="1" changeset="112631533" timestamp="2021-10-18T01:47:40Z" user="Shipwreck34" uid="10643883" lat="38.8437864" lon="-104.7017608"/>
 <node id="9179072991" visible="true" version="1" changeset="112631533" timestamp="2021-10-18T01:47:40Z" user="Shipwreck34" uid="10643883" lat="38.8437099" lon="-104.7017705"/>
 <node id="9179072992" visible="true" version="1" changeset="112631533" timestamp="2021-10-18T01:47:40Z" user="Shipwreck34" uid="10643883" lat="38.8436458" lon="-104.7018006"/>
 <node id="9179072993" visible="true" version="1" changeset="112631533" timestamp="2021-10-18T01:47:40Z" user="Shipwreck34" uid="10643883" lat="38.8436065" lon="-104.7018537"/>
 <node id="9179072994" visible="true" version="1" changeset="112631533" timestamp="2021-10-18T01:47:40Z" user="Shipwreck34" uid="10643883" lat="38.8435570" lon="-104.7019312"/>
 <node id="9179072995" visible="true" version="1" changeset="112631533" timestamp="2021-10-18T01:47:40Z" user="Shipwreck34" uid="10643883" lat="38.8435342" lon="-104.7020351"/>
 <node id="9179072996" visible="true" version="1" changeset="112631533" timestamp="2021-10-18T01:47:40Z" user="Shipwreck34" uid="10643883" lat="38.8434979" lon="-104.7020946"/>
 <node id="9179072997" visible="true" version="1" changeset="112631533" timestamp="2021-10-18T01:47:40Z" user="Shipwreck34" uid="10643883" lat="38.8434356" lon="-104.7021927"/>
 <node id="9179072998" visible="true" version="1" changeset="112631533" timestamp="2021-10-18T01:47:40Z" user="Shipwreck34" uid="10643883" lat="38.8433596" lon="-104.7022989"/>
 <node id="9179072999" visible="true" version="1" changeset="112631533" timestamp="2021-10-18T01:47:40Z" user="Shipwreck34" uid="10643883" lat="38.8432928" lon="-104.7023935"/>
 <node id="9179073000" visible="true" version="1" changeset="112631533" timestamp="2021-10-18T01:47:40Z" user="Shipwreck34" uid="10643883" lat="38.8432223" lon="-104.7024635"/>
 <node id="9179073001" visible="true" version="1" changeset="112631533" timestamp="2021-10-18T01:47:40Z" user="Shipwreck34" uid="10643883" lat="38.8431510" lon="-104.7025260"/>
 <node id="9179073002" visible="true" version="1" changeset="112631533" timestamp="2021-10-18T01:47:40Z" user="Shipwreck34" uid="10643883" lat="38.8430096" lon="-104.7026258"/>
 <node id="9179073003" visible="true" version="1" changeset="112631533" timestamp="2021-10-18T01:47:40Z" user="Shipwreck34" uid="10643883" lat="38.8429450" lon="-104.7026468"/>
 <node id="9179073004" visible="true" version="1" changeset="112631533" timestamp="2021-10-18T01:47:40Z" user="Shipwreck34" uid="10643883" lat="38.8428659" lon="-104.7027186"/>
 <node id="9179073005" visible="true" version="1" changeset="112631533" timestamp="2021-10-18T01:47:40Z" user="Shipwreck34" uid="10643883" lat="38.8427754" lon="-104.7027677"/>
 <node id="9179073006" visible="true" version="1" changeset="112631533" timestamp="2021-10-18T01:47:40Z" user="Shipwreck34" uid="10643883" lat="38.8427122" lon="-104.7028097"/>
 <node id="9179073007" visible="true" version="1" changeset="112631533" timestamp="2021-10-18T01:47:40Z" user="Shipwreck34" uid="10643883" lat="38.8426558" lon="-104.7028669"/>
 <node id="9179073008" visible="true" version="1" changeset="112631533" timestamp="2021-10-18T01:47:40Z" user="Shipwreck34" uid="10643883" lat="38.8426026" lon="-104.7029416"/>
 <node id="9179073009" visible="true" version="1" changeset="112631533" timestamp="2021-10-18T01:47:40Z" user="Shipwreck34" uid="10643883" lat="38.8425649" lon="-104.7030047"/>
 <node id="9179073010" visible="true" version="1" changeset="112631533" timestamp="2021-10-18T01:47:40Z" user="Shipwreck34" uid="10643883" lat="38.8425267" lon="-104.7030642"/>
 <node id="9179073011" visible="true" version="1" changeset="112631533" timestamp="2021-10-18T01:47:40Z" user="Shipwreck34" uid="10643883" lat="38.8424735" lon="-104.7031027"/>
 <node id="9179073012" visible="true" version="1" changeset="112631533" timestamp="2021-10-18T01:47:40Z" user="Shipwreck34" uid="10643883" lat="38.8424285" lon="-104.7031494"/>
 <node id="9179073013" visible="true" version="1" changeset="112631533" timestamp="2021-10-18T01:47:40Z" user="Shipwreck34" uid="10643883" lat="38.8423953" lon="-104.7032160"/>
 <node id="9179073014" visible="true" version="1" changeset="112631533" timestamp="2021-10-18T01:47:40Z" user="Shipwreck34" uid="10643883" lat="38.8423553" lon="-104.7033129"/>
 <node id="9179073015" visible="true" version="1" changeset="112631533" timestamp="2021-10-18T01:47:40Z" user="Shipwreck34" uid="10643883" lat="38.8423089" lon="-104.7033847"/>
 <node id="9179073016" visible="true" version="1" changeset="112631533" timestamp="2021-10-18T01:47:40Z" user="Shipwreck34" uid="10643883" lat="38.8422512" lon="-104.7034080"/>
 <node id="9179076417" visible="true" version="1" changeset="112631533" timestamp="2021-10-18T01:47:40Z" user="Shipwreck34" uid="10643883" lat="38.8421771" lon="-104.7034501"/>
 <node id="9179076418" visible="true" version="1" changeset="112631533" timestamp="2021-10-18T01:47:40Z" user="Shipwreck34" uid="10643883" lat="38.8421252" lon="-104.7034927"/>
 <node id="9179076419" visible="true" version="1" changeset="112631533" timestamp="2021-10-18T01:47:40Z" user="Shipwreck34" uid="10643883" lat="38.8420820" lon="-104.7035534"/>
 <node id="9179076420" visible="true" version="1" changeset="112631533" timestamp="2021-10-18T01:47:40Z" user="Shipwreck34" uid="10643883" lat="38.8420293" lon="-104.7035837"/>
 <node id="9179076421" visible="true" version="1" changeset="112631533" timestamp="2021-10-18T01:47:40Z" user="Shipwreck34" uid="10643883" lat="38.8419788" lon="-104.7035797"/>
 <node id="9179076422" visible="true" version="1" changeset="112631533" timestamp="2021-10-18T01:47:40Z" user="Shipwreck34" uid="10643883" lat="38.8419506" lon="-104.7035948"/>
 <node id="9179076423" visible="true" version="1" changeset="112631533" timestamp="2021-10-18T01:47:40Z" user="Shipwreck34" uid="10643883" lat="38.8419147" lon="-104.7036153"/>
 <node id="9179076424" visible="true" version="1" changeset="112631533" timestamp="2021-10-18T01:47:40Z" user="Shipwreck34" uid="10643883" lat="38.8418947" lon="-104.7036503"/>
 <node id="9179076425" visible="true" version="1" changeset="112631533" timestamp="2021-10-18T01:47:40Z" user="Shipwreck34" uid="10643883" lat="38.8419174" lon="-104.7036917"/>
 <node id="9179076426" visible="true" version="1" changeset="112631533" timestamp="2021-10-18T01:47:40Z" user="Shipwreck34" uid="10643883" lat="38.8419138" lon="-104.7037326"/>
 <node id="9179076427" visible="true" version="1" changeset="112631533" timestamp="2021-10-18T01:47:40Z" user="Shipwreck34" uid="10643883" lat="38.8418897" lon="-104.7037980"/>
 <node id="9179076428" visible="true" version="1" changeset="112631533" timestamp="2021-10-18T01:47:40Z" user="Shipwreck34" uid="10643883" lat="38.8418502" lon="-104.7038499"/>
 <node id="9179076429" visible="true" version="1" changeset="112631533" timestamp="2021-10-18T01:47:40Z" user="Shipwreck34" uid="10643883" lat="38.8417810" lon="-104.7039182"/>
 <node id="9179076430" visible="true" version="1" changeset="112631533" timestamp="2021-10-18T01:47:40Z" user="Shipwreck34" uid="10643883" lat="38.8416624" lon="-104.7040076"/>
 <node id="9179076431" visible="true" version="1" changeset="112631533" timestamp="2021-10-18T01:47:40Z" user="Shipwreck34" uid="10643883" lat="38.8415455" lon="-104.7040817"/>
 <node id="9179076432" visible="true" version="1" changeset="112631533" timestamp="2021-10-18T01:47:40Z" user="Shipwreck34" uid="10643883" lat="38.8414259" lon="-104.7041202"/>
 <node id="9179076433" visible="true" version="1" changeset="112631533" timestamp="2021-10-18T01:47:40Z" user="Shipwreck34" uid="10643883" lat="38.8413232" lon="-104.7041482"/>
 <node id="9179076434" visible="true" version="1" changeset="112631533" timestamp="2021-10-18T01:47:40Z" user="Shipwreck34" uid="10643883" lat="38.8412886" lon="-104.7041926"/>
 <node id="9179076435" visible="true" version="1" changeset="112631533" timestamp="2021-10-18T01:47:40Z" user="Shipwreck34" uid="10643883" lat="38.8412491" lon="-104.7042370"/>
 <node id="9179076436" visible="true" version="1" changeset="112631533" timestamp="2021-10-18T01:47:40Z" user="Shipwreck34" uid="10643883" lat="38.8412127" lon="-104.7043216"/>
 <node id="9179076437" visible="true" version="1" changeset="112631533" timestamp="2021-10-18T01:47:40Z" user="Shipwreck34" uid="10643883" lat="38.8411922" lon="-104.7044138"/>
 <node id="9179076438" visible="true" version="1" changeset="112631533" timestamp="2021-10-18T01:47:40Z" user="Shipwreck34" uid="10643883" lat="38.8411604" lon="-104.7045452"/>
 <node id="9179076439" visible="true" version="1" changeset="112631533" timestamp="2021-10-18T01:47:40Z" user="Shipwreck34" uid="10643883" lat="38.8411104" lon="-104.7046911"/>
 <node id="9179076440" visible="true" version="1" changeset="112631533" timestamp="2021-10-18T01:47:40Z" user="Shipwreck34" uid="10643883" lat="38.8410799" lon="-104.7048090"/>
 <node id="9179076441" visible="true" version="1" changeset="112631533" timestamp="2021-10-18T01:47:40Z" user="Shipwreck34" uid="10643883" lat="38.8410568" lon="-104.7049731"/>
 <node id="9179076442" visible="true" version="1" changeset="112631533" timestamp="2021-10-18T01:47:40Z" user="Shipwreck34" uid="10643883" lat="38.8410258" lon="-104.7050723"/>
 <node id="9179076443" visible="true" version="1" changeset="112631533" timestamp="2021-10-18T01:47:40Z" user="Shipwreck34" uid="10643883" lat="38.8409949" lon="-104.7051710"/>
 <node id="9179076444" visible="true" version="1" changeset="112631533" timestamp="2021-10-18T01:47:40Z" user="Shipwreck34" uid="10643883" lat="38.8409267" lon="-104.7052270"/>
 <node id="9179076445" visible="true" version="1" changeset="112631533" timestamp="2021-10-18T01:47:40Z" user="Shipwreck34" uid="10643883" lat="38.8408399" lon="-104.7052930"/>
 <node id="9179076446" visible="true" version="1" changeset="112631533" timestamp="2021-10-18T01:47:40Z" user="Shipwreck34" uid="10643883" lat="38.8407239" lon="-104.7053613"/>
 <node id="9179076447" visible="true" version="1" changeset="112631533" timestamp="2021-10-18T01:47:40Z" user="Shipwreck34" uid="10643883" lat="38.8406225" lon="-104.7054272"/>
 <node id="9179076448" visible="true" version="1" changeset="112631533" timestamp="2021-10-18T01:47:40Z" user="Shipwreck34" uid="10643883" lat="38.8403929" lon="-104.7055247"/>
 <node id="9179076449" visible="true" version="1" changeset="112631533" timestamp="2021-10-18T01:47:40Z" user="Shipwreck34" uid="10643883" lat="38.8402483" lon="-104.7056152"/>
 <node id="9179076450" visible="true" version="1" changeset="112631533" timestamp="2021-10-18T01:47:40Z" user="Shipwreck34" uid="10643883" lat="38.8401497" lon="-104.7056625"/>
 <node id="9179076451" visible="true" version="1" changeset="112631533" timestamp="2021-10-18T01:47:40Z" user="Shipwreck34" uid="10643883" lat="38.8400460" lon="-104.7057512"/>
 <node id="9179076452" visible="true" version="1" changeset="112631533" timestamp="2021-10-18T01:47:40Z" user="Shipwreck34" uid="10643883" lat="38.8398982" lon="-104.7058394"/>
 <node id="9179076453" visible="true" version="1" changeset="112631533" timestamp="2021-10-18T01:47:40Z" user="Shipwreck34" uid="10643883" lat="38.8396935" lon="-104.7058595"/>
 <node id="9179076454" visible="true" version="1" changeset="112631533" timestamp="2021-10-18T01:47:40Z" user="Shipwreck34" uid="10643883" lat="38.8396094" lon="-104.7058776"/>
 <node id="9179076455" visible="true" version="1" changeset="112631533" timestamp="2021-10-18T01:47:40Z" user="Shipwreck34" uid="10643883" lat="38.8395244" lon="-104.7059698"/>
 <node id="9179076456" visible="true" version="1" changeset="112631533" timestamp="2021-10-18T01:47:40Z" user="Shipwreck34" uid="10643883" lat="38.8394407" lon="-104.7061665"/>
 <node id="9179076457" visible="true" version="1" changeset="112631533" timestamp="2021-10-18T01:47:40Z" user="Shipwreck34" uid="10643883" lat="38.8393307" lon="-104.7064642"/>
 <node id="9179077593" visible="true" version="1" changeset="112632072" timestamp="2021-10-18T02:33:09Z" user="Shipwreck34" uid="10643883" lat="38.8422588" lon="-104.7040940"/>
 <node id="9179077594" visible="true" version="1" changeset="112632072" timestamp="2021-10-18T02:33:09Z" user="Shipwreck34" uid="10643883" lat="38.8423248" lon="-104.7040478"/>
 <node id="9179077595" visible="true" version="1" changeset="112632072" timestamp="2021-10-18T02:33:09Z" user="Shipwreck34" uid="10643883" lat="38.8423884" lon="-104.7040239"/>
 <node id="9179077596" visible="true" version="1" changeset="112632072" timestamp="2021-10-18T02:33:09Z" user="Shipwreck34" uid="10643883" lat="38.8424424" lon="-104.7040277"/>
 <node id="9179077597" visible="true" version="1" changeset="112632072" timestamp="2021-10-18T02:33:09Z" user="Shipwreck34" uid="10643883" lat="38.8425120" lon="-104.7040624"/>
 <node id="9179077598" visible="true" version="1" changeset="112632072" timestamp="2021-10-18T02:33:09Z" user="Shipwreck34" uid="10643883" lat="38.8425654" lon="-104.7041248"/>
 <node id="9179077599" visible="true" version="1" changeset="112632072" timestamp="2021-10-18T02:33:09Z" user="Shipwreck34" uid="10643883" lat="38.8426128" lon="-104.7041933"/>
 <node id="9179077600" visible="true" version="1" changeset="112632072" timestamp="2021-10-18T02:33:09Z" user="Shipwreck34" uid="10643883" lat="38.8426698" lon="-104.7042619"/>
 <node id="9179077601" visible="true" version="1" changeset="112632072" timestamp="2021-10-18T02:33:09Z" user="Shipwreck34" uid="10643883" lat="38.8427454" lon="-104.7042989"/>
 <node id="9179077602" visible="true" version="1" changeset="112632072" timestamp="2021-10-18T02:33:09Z" user="Shipwreck34" uid="10643883" lat="38.8428330" lon="-104.7042796"/>
 <node id="9179077603" visible="true" version="1" changeset="112632072" timestamp="2021-10-18T02:33:09Z" user="Shipwreck34" uid="10643883" lat="38.8428960" lon="-104.7042634"/>
 <node id="9179077604" visible="true" version="1" changeset="112632072" timestamp="2021-10-18T02:33:09Z" user="Shipwreck34" uid="10643883" lat="38.8429649" lon="-104.7042511"/>
 <node id="9179077605" visible="true" version="1" changeset="112632072" timestamp="2021-10-18T02:33:09Z" user="Shipwreck34" uid="10643883" lat="38.8430261" lon="-104.7042711"/>
 <node id="9179077606" visible="true" version="1" changeset="112632072" timestamp="2021-10-18T02:33:09Z" user="Shipwreck34" uid="10643883" lat="38.8430867" lon="-104.7043174"/>
 <node id="9179077607" visible="true" version="1" changeset="112632072" timestamp="2021-10-18T02:33:09Z" user="Shipwreck34" uid="10643883" lat="38.8431089" lon="-104.7043898"/>
 <node id="9179077608" visible="true" version="1" changeset="112632072" timestamp="2021-10-18T02:33:09Z" user="Shipwreck34" uid="10643883" lat="38.8431395" lon="-104.7044622"/>
 <node id="9179077609" visible="true" version="1" changeset="112632072" timestamp="2021-10-18T02:33:09Z" user="Shipwreck34" uid="10643883" lat="38.8431845" lon="-104.7044984"/>
 <node id="9179077610" visible="true" version="1" changeset="112632072" timestamp="2021-10-18T02:33:09Z" user="Shipwreck34" uid="10643883" lat="38.8432499" lon="-104.7044984"/>
 <node id="9179077611" visible="true" version="1" changeset="112632072" timestamp="2021-10-18T02:33:09Z" user="Shipwreck34" uid="10643883" lat="38.8433159" lon="-104.7044629"/>
 <node id="9179077612" visible="true" version="1" changeset="112632072" timestamp="2021-10-18T02:33:09Z" user="Shipwreck34" uid="10643883" lat="38.8434557" lon="-104.7043667"/>
 <node id="9179077613" visible="true" version="1" changeset="112632072" timestamp="2021-10-18T02:33:09Z" user="Shipwreck34" uid="10643883" lat="38.8436321" lon="-104.7042488"/>
 <node id="9179077614" visible="true" version="1" changeset="112632072" timestamp="2021-10-18T02:33:09Z" user="Shipwreck34" uid="10643883" lat="38.8438384" lon="-104.7041025"/>
 <node id="9179077615" visible="true" version="1" changeset="112632072" timestamp="2021-10-18T02:33:09Z" user="Shipwreck34" uid="10643883" lat="38.8439986" lon="-104.7039931"/>
 <node id="9179077616" visible="true" version="1" changeset="112632072" timestamp="2021-10-18T02:33:09Z" user="Shipwreck34" uid="10643883" lat="38.8441858" lon="-104.7038629"/>
 <node id="9179091617" visible="true" version="1" changeset="112631798" timestamp="2021-10-18T02:09:42Z" user="Shipwreck34" uid="10643883" lat="38.8401526" lon="-104.7032760"/>
 <node id="9179091618" visible="true" version="1" changeset="112631798" timestamp="2021-10-18T02:09:42Z" user="Shipwreck34" uid="10643883" lat="38.8401735" lon="-104.7032951"/>
 <node id="9179091619" visible="true" version="1" changeset="112631798" timestamp="2021-10-18T02:09:42Z" user="Shipwreck34" uid="10643883" lat="38.8401857" lon="-104.7033313"/>
 <node id="9179091620" visible="true" version="1" changeset="112631798" timestamp="2021-10-18T02:09:42Z" user="Shipwreck34" uid="10643883" lat="38.8402022" lon="-104.7033927"/>
 <node id="9179091621" visible="true" version="1" changeset="112631798" timestamp="2021-10-18T02:09:42Z" user="Shipwreck34" uid="10643883" lat="38.8402408" lon="-104.7034400"/>
 <node id="9179091622" visible="true" version="1" changeset="112631798" timestamp="2021-10-18T02:09:42Z" user="Shipwreck34" uid="10643883" lat="38.8403278" lon="-104.7035000"/>
 <node id="9179091623" visible="true" version="1" changeset="112631798" timestamp="2021-10-18T02:09:42Z" user="Shipwreck34" uid="10643883" lat="38.8403944" lon="-104.7035466"/>
 <node id="9179091624" visible="true" version="1" changeset="112631798" timestamp="2021-10-18T02:09:42Z" user="Shipwreck34" uid="10643883" lat="38.8404320" lon="-104.7035771"/>
 <node id="9179091625" visible="true" version="1" changeset="112631798" timestamp="2021-10-18T02:09:42Z" user="Shipwreck34" uid="10643883" lat="38.8404926" lon="-104.7036415"/>
 <node id="9179091626" visible="true" version="1" changeset="112631798" timestamp="2021-10-18T02:09:42Z" user="Shipwreck34" uid="10643883" lat="38.8405673" lon="-104.7037045"/>
 <node id="9179091627" visible="true" version="1" changeset="112631798" timestamp="2021-10-18T02:09:42Z" user="Shipwreck34" uid="10643883" lat="38.8406370" lon="-104.7037568"/>
 <node id="9179091628" visible="true" version="1" changeset="112631798" timestamp="2021-10-18T02:09:42Z" user="Shipwreck34" uid="10643883" lat="38.8407023" lon="-104.7038138"/>
 <node id="9179091629" visible="true" version="1" changeset="112631798" timestamp="2021-10-18T02:09:42Z" user="Shipwreck34" uid="10643883" lat="38.8407582" lon="-104.7038742"/>
 <node id="9179091630" visible="true" version="1" changeset="112631798" timestamp="2021-10-18T02:09:42Z" user="Shipwreck34" uid="10643883" lat="38.8408078" lon="-104.7039298"/>
 <node id="9179091631" visible="true" version="1" changeset="112631798" timestamp="2021-10-18T02:09:42Z" user="Shipwreck34" uid="10643883" lat="38.8408665" lon="-104.7039972"/>
 <node id="9179091632" visible="true" version="1" changeset="112631798" timestamp="2021-10-18T02:09:42Z" user="Shipwreck34" uid="10643883" lat="38.8409284" lon="-104.7040663"/>
 <node id="9179091633" visible="true" version="1" changeset="112631798" timestamp="2021-10-18T02:09:42Z" user="Shipwreck34" uid="10643883" lat="38.8409689" lon="-104.7041001"/>
 <node id="9179091634" visible="true" version="1" changeset="112631798" timestamp="2021-10-18T02:09:42Z" user="Shipwreck34" uid="10643883" lat="38.8410094" lon="-104.7041192"/>
 <node id="9179091635" visible="true" version="1" changeset="112631798" timestamp="2021-10-18T02:09:42Z" user="Shipwreck34" uid="10643883" lat="38.8410556" lon="-104.7041142"/>
 <node id="9179091636" visible="true" version="1" changeset="112631798" timestamp="2021-10-18T02:09:42Z" user="Shipwreck34" uid="10643883" lat="38.8410911" lon="-104.7040800"/>
 <node id="9179091637" visible="true" version="1" changeset="112631798" timestamp="2021-10-18T02:09:42Z" user="Shipwreck34" uid="10643883" lat="38.8411125" lon="-104.7040411"/>
 <node id="9179091638" visible="true" version="1" changeset="112631798" timestamp="2021-10-18T02:09:42Z" user="Shipwreck34" uid="10643883" lat="38.8411311" lon="-104.7039938"/>
 <node id="9179091639" visible="true" version="1" changeset="112631798" timestamp="2021-10-18T02:09:42Z" user="Shipwreck34" uid="10643883" lat="38.8411360" lon="-104.7039536"/>
 <node id="9179091640" visible="true" version="1" changeset="112631798" timestamp="2021-10-18T02:09:42Z" user="Shipwreck34" uid="10643883" lat="38.8411259" lon="-104.7039114"/>
 <node id="9179091641" visible="true" version="1" changeset="112631798" timestamp="2021-10-18T02:09:42Z" user="Shipwreck34" uid="10643883" lat="38.8411016" lon="-104.7038671"/>
 <node id="9179091642" visible="true" version="1" changeset="112631798" timestamp="2021-10-18T02:09:42Z" user="Shipwreck34" uid="10643883" lat="38.8410642" lon="-104.7038279"/>
 <node id="9179091643" visible="true" version="1" changeset="112631798" timestamp="2021-10-18T02:09:42Z" user="Shipwreck34" uid="10643883" lat="38.8410151" lon="-104.7037913"/>
 <node id="9179091644" visible="true" version="1" changeset="112631798" timestamp="2021-10-18T02:09:42Z" user="Shipwreck34" uid="10643883" lat="38.8409543" lon="-104.7037427"/>
 <node id="9179091645" visible="true" version="1" changeset="112631798" timestamp="2021-10-18T02:09:42Z" user="Shipwreck34" uid="10643883" lat="38.8408898" lon="-104.7036934"/>
 <node id="9179091646" visible="true" version="1" changeset="112631798" timestamp="2021-10-18T02:09:42Z" user="Shipwreck34" uid="10643883" lat="38.8408188" lon="-104.7036338"/>
 <node id="9179091647" visible="true" version="1" changeset="112631798" timestamp="2021-10-18T02:09:42Z" user="Shipwreck34" uid="10643883" lat="38.8407490" lon="-104.7035734"/>
 <node id="9179091648" visible="true" version="1" changeset="112631798" timestamp="2021-10-18T02:09:42Z" user="Shipwreck34" uid="10643883" lat="38.8406986" lon="-104.7035248"/>
 <node id="9179091649" visible="true" version="1" changeset="112631798" timestamp="2021-10-18T02:09:42Z" user="Shipwreck34" uid="10643883" lat="38.8406367" lon="-104.7034701"/>
 <node id="9179091650" visible="true" version="1" changeset="112631798" timestamp="2021-10-18T02:09:42Z" user="Shipwreck34" uid="10643883" lat="38.8405581" lon="-104.7034024"/>
 <node id="9179091651" visible="true" version="1" changeset="112631798" timestamp="2021-10-18T02:09:42Z" user="Shipwreck34" uid="10643883" lat="38.8404879" lon="-104.7033370"/>
 <node id="9179091652" visible="true" version="1" changeset="112631798" timestamp="2021-10-18T02:09:42Z" user="Shipwreck34" uid="10643883" lat="38.8404302" lon="-104.7032787"/>
 <node id="9179091653" visible="true" version="1" changeset="112631798" timestamp="2021-10-18T02:09:42Z" user="Shipwreck34" uid="10643883" lat="38.8403847" lon="-104.7032391"/>
 <node id="9179091654" visible="true" version="1" changeset="112631798" timestamp="2021-10-18T02:09:42Z" user="Shipwreck34" uid="10643883" lat="38.8403309" lon="-104.7031858"/>
 <node id="9179091655" visible="true" version="1" changeset="112631798" timestamp="2021-10-18T02:09:42Z" user="Shipwreck34" uid="10643883" lat="38.8402884" lon="-104.7031298"/>
 <node id="9179091656" visible="true" version="1" changeset="112631798" timestamp="2021-10-18T02:09:42Z" user="Shipwreck34" uid="10643883" lat="38.8402521" lon="-104.7030718"/>
 <node id="9179091657" visible="true" version="1" changeset="112631798" timestamp="2021-10-18T02:09:42Z" user="Shipwreck34" uid="10643883" lat="38.8398941" lon="-104.7035363"/>
 <node id="9179091658" visible="true" version="1" changeset="112631798" timestamp="2021-10-18T02:09:42Z" user="Shipwreck34" uid="10643883" lat="38.8400149" lon="-104.7036519"/>
 <node id="9179091659" visible="true" version="1" changeset="112631798" timestamp="2021-10-18T02:09:42Z" user="Shipwreck34" uid="10643883" lat="38.8400531" lon="-104.7036951"/>
 <node id="9179091660" visible="true" version="1" changeset="112631798" timestamp="2021-10-18T02:09:42Z" user="Shipwreck34" uid="10643883" lat="38.8400940" lon="-104.7037123"/>
 <node id="9179091661" visible="true" version="1" changeset="112631798" timestamp="2021-10-18T02:09:42Z" user="Shipwreck34" uid="10643883" lat="38.8399272" lon="-104.7034368"/>
 <node id="9179091662" visible="true" version="1" changeset="112631798" timestamp="2021-10-18T02:09:42Z" user="Shipwreck34" uid="10643883" lat="38.8403119" lon="-104.7039116"/>
 <node id="9179091663" visible="true" version="1" changeset="112631798" timestamp="2021-10-18T02:09:42Z" user="Shipwreck34" uid="10643883" lat="38.8402322" lon="-104.7040613"/>
 <node id="9179091664" visible="true" version="1" changeset="112631798" timestamp="2021-10-18T02:09:42Z" user="Shipwreck34" uid="10643883" lat="38.8402327" lon="-104.7039948"/>
 <node id="9179091665" visible="true" version="1" changeset="112631798" timestamp="2021-10-18T02:09:42Z" user="Shipwreck34" uid="10643883" lat="38.8402640" lon="-104.7039368"/>
 <node id="9179091666" visible="true" version="1" changeset="112631798" timestamp="2021-10-18T02:09:42Z" user="Shipwreck34" uid="10643883" lat="38.8407929" lon="-104.7048496"/>
 <node id="9179091667" visible="true" version="1" changeset="112631798" timestamp="2021-10-18T02:09:42Z" user="Shipwreck34" uid="10643883" lat="38.8408550" lon="-104.7048836"/>
 <node id="9179091668" visible="true" version="1" changeset="112631798" timestamp="2021-10-18T02:09:42Z" user="Shipwreck34" uid="10643883" lat="38.8409107" lon="-104.7048622"/>
 <node id="9179091670" visible="true" version="1" changeset="112631798" timestamp="2021-10-18T02:09:42Z" user="Shipwreck34" uid="10643883" lat="38.8409402" lon="-104.7048108"/>
 <node id="9179091671" visible="true" version="1" changeset="112631798" timestamp="2021-10-18T02:09:42Z" user="Shipwreck34" uid="10643883" lat="38.8409568" lon="-104.7047392"/>
 <node id="9179091672" visible="true" version="1" changeset="112631798" timestamp="2021-10-18T02:09:42Z" user="Shipwreck34" uid="10643883" lat="38.8409609" lon="-104.7046494"/>
 <node id="9179091673" visible="true" version="1" changeset="112631798" timestamp="2021-10-18T02:09:42Z" user="Shipwreck34" uid="10643883" lat="38.8409304" lon="-104.7045811"/>
 <node id="9179091674" visible="true" version="1" changeset="112631798" timestamp="2021-10-18T02:09:42Z" user="Shipwreck34" uid="10643883" lat="38.8409546" lon="-104.7046264"/>
 <node id="9179091675" visible="true" version="1" changeset="112631798" timestamp="2021-10-18T02:09:42Z" user="Shipwreck34" uid="10643883" lat="38.8405257" lon="-104.7041799"/>
 <node id="9179091676" visible="true" version="1" changeset="112631798" timestamp="2021-10-18T02:09:42Z" user="Shipwreck34" uid="10643883" lat="38.8403639" lon="-104.7039540"/>
 <node id="9179091677" visible="true" version="1" changeset="112631798" timestamp="2021-10-18T02:09:42Z" user="Shipwreck34" uid="10643883" lat="38.8411766" lon="-104.7049108"/>
 <node id="9179091678" visible="true" version="1" changeset="112631798" timestamp="2021-10-18T02:09:42Z" user="Shipwreck34" uid="10643883" lat="38.8409738" lon="-104.7047934"/>
 <node id="9179091679" visible="true" version="1" changeset="112631798" timestamp="2021-10-18T02:09:42Z" user="Shipwreck34" uid="10643883" lat="38.8411177" lon="-104.7052850"/>
 <node id="9179091680" visible="true" version="1" changeset="112631798" timestamp="2021-10-18T02:09:42Z" user="Shipwreck34" uid="10643883" lat="38.8411000" lon="-104.7054522"/>
 <node id="9179091681" visible="true" version="1" changeset="112631798" timestamp="2021-10-18T02:09:42Z" user="Shipwreck34" uid="10643883" lat="38.8411097" lon="-104.7054435"/>
 <node id="9179091682" visible="true" version="1" changeset="112631798" timestamp="2021-10-18T02:09:42Z" user="Shipwreck34" uid="10643883" lat="38.8411201" lon="-104.7054351"/>
 <node id="9179091683" visible="true" version="1" changeset="112631798" timestamp="2021-10-18T02:09:42Z" user="Shipwreck34" uid="10643883" lat="38.8411275" lon="-104.7054242"/>
 <node id="9179091684" visible="true" version="1" changeset="112631798" timestamp="2021-10-18T02:09:42Z" user="Shipwreck34" uid="10643883" lat="38.8411316" lon="-104.7054105"/>
 <node id="9179091685" visible="true" version="1" changeset="112631798" timestamp="2021-10-18T02:09:42Z" user="Shipwreck34" uid="10643883" lat="38.8411277" lon="-104.7053937"/>
 <node id="9179091686" visible="true" version="1" changeset="112631798" timestamp="2021-10-18T02:09:42Z" user="Shipwreck34" uid="10643883" lat="38.8411211" lon="-104.7053810"/>
 <node id="9179091687" visible="true" version="1" changeset="112631798" timestamp="2021-10-18T02:09:42Z" user="Shipwreck34" uid="10643883" lat="38.8411099" lon="-104.7053749"/>
 <node id="9179091688" visible="true" version="1" changeset="112631798" timestamp="2021-10-18T02:09:42Z" user="Shipwreck34" uid="10643883" lat="38.8410950" lon="-104.7053742"/>
 <node id="9179091689" visible="true" version="1" changeset="112631798" timestamp="2021-10-18T02:09:42Z" user="Shipwreck34" uid="10643883" lat="38.8410863" lon="-104.7053797"/>
 <node id="9179091690" visible="true" version="1" changeset="112631798" timestamp="2021-10-18T02:09:42Z" user="Shipwreck34" uid="10643883" lat="38.8410818" lon="-104.7053950"/>
 <node id="9179091691" visible="true" version="1" changeset="112631798" timestamp="2021-10-18T02:09:42Z" user="Shipwreck34" uid="10643883" lat="38.8410713" lon="-104.7054135"/>
 <node id="9179091692" visible="true" version="1" changeset="112631798" timestamp="2021-10-18T02:09:42Z" user="Shipwreck34" uid="10643883" lat="38.8410562" lon="-104.7054467"/>
 <node id="9179091693" visible="true" version="1" changeset="112631798" timestamp="2021-10-18T02:09:42Z" user="Shipwreck34" uid="10643883" lat="38.8410441" lon="-104.7054748"/>
 <node id="9179091694" visible="true" version="1" changeset="112631798" timestamp="2021-10-18T02:09:42Z" user="Shipwreck34" uid="10643883" lat="38.8410376" lon="-104.7054931"/>
 <node id="9179091695" visible="true" version="1" changeset="112631798" timestamp="2021-10-18T02:09:42Z" user="Shipwreck34" uid="10643883" lat="38.8410410" lon="-104.7055078"/>
 <node id="9179091696" visible="true" version="1" changeset="112631798" timestamp="2021-10-18T02:09:42Z" user="Shipwreck34" uid="10643883" lat="38.8410463" lon="-104.7055187"/>
 <node id="9179091697" visible="true" version="1" changeset="112631798" timestamp="2021-10-18T02:09:42Z" user="Shipwreck34" uid="10643883" lat="38.8410618" lon="-104.7055195"/>
 <node id="9179091698" visible="true" version="1" changeset="112631798" timestamp="2021-10-18T02:09:42Z" user="Shipwreck34" uid="10643883" lat="38.8410721" lon="-104.7055139"/>
 <node id="9179091699" visible="true" version="1" changeset="112631798" timestamp="2021-10-18T02:09:42Z" user="Shipwreck34" uid="10643883" lat="38.8410821" lon="-104.7055037"/>
 <node id="9179091700" visible="true" version="1" changeset="112631798" timestamp="2021-10-18T02:09:42Z" user="Shipwreck34" uid="10643883" lat="38.8410881" lon="-104.7054893"/>
 <node id="9179091701" visible="true" version="1" changeset="112631798" timestamp="2021-10-18T02:09:42Z" user="Shipwreck34" uid="10643883" lat="38.8410901" lon="-104.7054753"/>
 <node id="9179091702" visible="true" version="1" changeset="112631798" timestamp="2021-10-18T02:09:42Z" user="Shipwreck34" uid="10643883" lat="38.8410940" lon="-104.7054616"/>
 <node id="9179091703" visible="true" version="1" changeset="112631798" timestamp="2021-10-18T02:09:42Z" user="Shipwreck34" uid="10643883" lat="38.8410655" lon="-104.7054332"/>
 <node id="9179091704" visible="true" version="1" changeset="112631798" timestamp="2021-10-18T02:09:42Z" user="Shipwreck34" uid="10643883" lat="38.8410500" lon="-104.7054615"/>
 <node id="9179091705" visible="true" version="1" changeset="112631798" timestamp="2021-10-18T02:09:42Z" user="Shipwreck34" uid="10643883" lat="38.8412184" lon="-104.7051498"/>
 <node id="9179091706" visible="true" version="1" changeset="112631798" timestamp="2021-10-18T02:09:42Z" user="Shipwreck34" uid="10643883" lat="38.8412128" lon="-104.7049265"/>
 <node id="9179091707" visible="true" version="1" changeset="112631798" timestamp="2021-10-18T02:09:42Z" user="Shipwreck34" uid="10643883" lat="38.8412533" lon="-104.7049125"/>
 <node id="9179091708" visible="true" version="1" changeset="112631798" timestamp="2021-10-18T02:09:42Z" user="Shipwreck34" uid="10643883" lat="38.8412951" lon="-104.7049210"/>
 <node id="9179091709" visible="true" version="1" changeset="112631798" timestamp="2021-10-18T02:09:42Z" user="Shipwreck34" uid="10643883" lat="38.8413323" lon="-104.7049677"/>
 <node id="9179091710" visible="true" version="1" changeset="112631798" timestamp="2021-10-18T02:09:42Z" user="Shipwreck34" uid="10643883" lat="38.8414039" lon="-104.7050954"/>
 <node id="9179091711" visible="true" version="1" changeset="112631798" timestamp="2021-10-18T02:09:42Z" user="Shipwreck34" uid="10643883" lat="38.8414949" lon="-104.7053132"/>
 <node id="9179091712" visible="true" version="1" changeset="112631798" timestamp="2021-10-18T02:09:42Z" user="Shipwreck34" uid="10643883" lat="38.8411654" lon="-104.7055267"/>
 <node id="9179091713" visible="true" version="1" changeset="112631798" timestamp="2021-10-18T02:09:42Z" user="Shipwreck34" uid="10643883" lat="38.8413468" lon="-104.7054142"/>
 <node id="9179091714" visible="true" version="1" changeset="112631798" timestamp="2021-10-18T02:09:42Z" user="Shipwreck34" uid="10643883" lat="38.8413832" lon="-104.7053869"/>
 <node id="9179091715" visible="true" version="1" changeset="112631798" timestamp="2021-10-18T02:09:42Z" user="Shipwreck34" uid="10643883" lat="38.8414148" lon="-104.7053637"/>
 <node id="9179091716" visible="true" version="1" changeset="112631798" timestamp="2021-10-18T02:09:42Z" user="Shipwreck34" uid="10643883" lat="38.8414342" lon="-104.7053443"/>
 <node id="9179091717" visible="true" version="1" changeset="112631798" timestamp="2021-10-18T02:09:42Z" user="Shipwreck34" uid="10643883" lat="38.8414514" lon="-104.7053177"/>
 <node id="9179091718" visible="true" version="1" changeset="112631798" timestamp="2021-10-18T02:09:42Z" user="Shipwreck34" uid="10643883" lat="38.8414565" lon="-104.7052841"/>
 <node id="9179091719" visible="true" version="1" changeset="112631798" timestamp="2021-10-18T02:09:42Z" user="Shipwreck34" uid="10643883" lat="38.8414524" lon="-104.7052579"/>
 <node id="9179091720" visible="true" version="1" changeset="112631798" timestamp="2021-10-18T02:09:42Z" user="Shipwreck34" uid="10643883" lat="38.8414407" lon="-104.7052379"/>
 <node id="9179091721" visible="true" version="1" changeset="112631798" timestamp="2021-10-18T02:09:42Z" user="Shipwreck34" uid="10643883" lat="38.8414165" lon="-104.7052295"/>
 <node id="9179091722" visible="true" version="1" changeset="112631798" timestamp="2021-10-18T02:09:42Z" user="Shipwreck34" uid="10643883" lat="38.8413894" lon="-104.7052346"/>
 <node id="9179091723" visible="true" version="1" changeset="112631798" timestamp="2021-10-18T02:09:42Z" user="Shipwreck34" uid="10643883" lat="38.8413597" lon="-104.7052463"/>
 <node id="9179091724" visible="true" version="1" changeset="112631798" timestamp="2021-10-18T02:09:42Z" user="Shipwreck34" uid="10643883" lat="38.8413374" lon="-104.7052582"/>
 <node id="9179091725" visible="true" version="1" changeset="112631798" timestamp="2021-10-18T02:09:42Z" user="Shipwreck34" uid="10643883" lat="38.8413251" lon="-104.7052648"/>
 <node id="9179091726" visible="true" version="1" changeset="112631798" timestamp="2021-10-18T02:09:42Z" user="Shipwreck34" uid="10643883" lat="38.8413027" lon="-104.7052722"/>
 <node id="9179091727" visible="true" version="1" changeset="112631798" timestamp="2021-10-18T02:09:42Z" user="Shipwreck34" uid="10643883" lat="38.8412772" lon="-104.7052795"/>
 <node id="9179091728" visible="true" version="1" changeset="112631798" timestamp="2021-10-18T02:09:42Z" user="Shipwreck34" uid="10643883" lat="38.8412550" lon="-104.7052879"/>
 <node id="9179091729" visible="true" version="1" changeset="112631798" timestamp="2021-10-18T02:09:42Z" user="Shipwreck34" uid="10643883" lat="38.8412323" lon="-104.7053034"/>
 <node id="9179091730" visible="true" version="1" changeset="112631798" timestamp="2021-10-18T02:09:42Z" user="Shipwreck34" uid="10643883" lat="38.8412107" lon="-104.7053266"/>
 <node id="9179091731" visible="true" version="1" changeset="112631798" timestamp="2021-10-18T02:09:42Z" user="Shipwreck34" uid="10643883" lat="38.8411925" lon="-104.7053563"/>
 <node id="9179091732" visible="true" version="1" changeset="112631798" timestamp="2021-10-18T02:09:42Z" user="Shipwreck34" uid="10643883" lat="38.8411798" lon="-104.7053939"/>
 <node id="9179091733" visible="true" version="1" changeset="112631798" timestamp="2021-10-18T02:09:42Z" user="Shipwreck34" uid="10643883" lat="38.8411767" lon="-104.7054282"/>
 <node id="9179091734" visible="true" version="1" changeset="112631798" timestamp="2021-10-18T02:09:42Z" user="Shipwreck34" uid="10643883" lat="38.8411838" lon="-104.7054594"/>
 <node id="9179091735" visible="true" version="1" changeset="112631798" timestamp="2021-10-18T02:09:42Z" user="Shipwreck34" uid="10643883" lat="38.8411967" lon="-104.7054849"/>
 <node id="9179091736" visible="true" version="1" changeset="112631798" timestamp="2021-10-18T02:09:42Z" user="Shipwreck34" uid="10643883" lat="38.8412192" lon="-104.7054993"/>
 <node id="9179091737" visible="true" version="1" changeset="112631798" timestamp="2021-10-18T02:09:42Z" user="Shipwreck34" uid="10643883" lat="38.8412448" lon="-104.7054991"/>
 <node id="9179091738" visible="true" version="1" changeset="112631798" timestamp="2021-10-18T02:09:42Z" user="Shipwreck34" uid="10643883" lat="38.8412701" lon="-104.7054899"/>
 <node id="9179091739" visible="true" version="1" changeset="112631798" timestamp="2021-10-18T02:09:42Z" user="Shipwreck34" uid="10643883" lat="38.8412946" lon="-104.7054660"/>
 <node id="9179091740" visible="true" version="1" changeset="112631798" timestamp="2021-10-18T02:09:42Z" user="Shipwreck34" uid="10643883" lat="38.8413178" lon="-104.7054422"/>
 <node id="9179091741" visible="true" version="1" changeset="112631798" timestamp="2021-10-18T02:09:42Z" user="Shipwreck34" uid="10643883" lat="38.8410242" lon="-104.7056717"/>
 <node id="9179091742" visible="true" version="1" changeset="112631798" timestamp="2021-10-18T02:09:42Z" user="Shipwreck34" uid="10643883" lat="38.8410455" lon="-104.7056640"/>
 <node id="9179091743" visible="true" version="1" changeset="112631798" timestamp="2021-10-18T02:09:42Z" user="Shipwreck34" uid="10643883" lat="38.8410652" lon="-104.7056445"/>
 <node id="9179091744" visible="true" version="1" changeset="112631798" timestamp="2021-10-18T02:09:42Z" user="Shipwreck34" uid="10643883" lat="38.8410727" lon="-104.7056222"/>
 <node id="9179091745" visible="true" version="1" changeset="112631798" timestamp="2021-10-18T02:09:42Z" user="Shipwreck34" uid="10643883" lat="38.8410652" lon="-104.7055934"/>
 <node id="9179091746" visible="true" version="1" changeset="112631798" timestamp="2021-10-18T02:09:42Z" user="Shipwreck34" uid="10643883" lat="38.8410502" lon="-104.7055795"/>
 <node id="9179091747" visible="true" version="1" changeset="112631798" timestamp="2021-10-18T02:09:42Z" user="Shipwreck34" uid="10643883" lat="38.8410304" lon="-104.7055722"/>
 <node id="9179091748" visible="true" version="1" changeset="112631798" timestamp="2021-10-18T02:09:42Z" user="Shipwreck34" uid="10643883" lat="38.8410081" lon="-104.7055748"/>
 <node id="9179091749" visible="true" version="1" changeset="112631798" timestamp="2021-10-18T02:09:42Z" user="Shipwreck34" uid="10643883" lat="38.8409881" lon="-104.7055850"/>
 <node id="9179091750" visible="true" version="1" changeset="112631798" timestamp="2021-10-18T02:09:42Z" user="Shipwreck34" uid="10643883" lat="38.8409730" lon="-104.7056000"/>
 <node id="9179091751" visible="true" version="1" changeset="112631798" timestamp="2021-10-18T02:09:42Z" user="Shipwreck34" uid="10643883" lat="38.8409651" lon="-104.7056255"/>
 <node id="9179091752" visible="true" version="1" changeset="112631798" timestamp="2021-10-18T02:09:42Z" user="Shipwreck34" uid="10643883" lat="38.8409694" lon="-104.7056487"/>
 <node id="9179091753" visible="true" version="1" changeset="112631798" timestamp="2021-10-18T02:09:42Z" user="Shipwreck34" uid="10643883" lat="38.8409833" lon="-104.7056677"/>
 <node id="9179091754" visible="true" version="1" changeset="112631798" timestamp="2021-10-18T02:09:42Z" user="Shipwreck34" uid="10643883" lat="38.8410045" lon="-104.7056744"/>
 <node id="9179091755" visible="true" version="1" changeset="112631798" timestamp="2021-10-18T02:09:42Z" user="Shipwreck34" uid="10643883" lat="38.8408031" lon="-104.7057332"/>
 <node id="9179091756" visible="true" version="1" changeset="112631798" timestamp="2021-10-18T02:09:42Z" user="Shipwreck34" uid="10643883" lat="38.8406278" lon="-104.7055353"/>
 <node id="9179091757" visible="true" version="1" changeset="112631798" timestamp="2021-10-18T02:09:42Z" user="Shipwreck34" uid="10643883" lat="38.8405573" lon="-104.7053450"/>
 <node id="9179091758" visible="true" version="1" changeset="112631798" timestamp="2021-10-18T02:09:42Z" user="Shipwreck34" uid="10643883" lat="38.8443649" lon="-104.7030817"/>
 <node id="9179091759" visible="true" version="1" changeset="112631798" timestamp="2021-10-18T02:09:42Z" user="Shipwreck34" uid="10643883" lat="38.8443294" lon="-104.7029201"/>
 <node id="9179091760" visible="true" version="1" changeset="112631798" timestamp="2021-10-18T02:09:42Z" user="Shipwreck34" uid="10643883" lat="38.8442887" lon="-104.7027625"/>
 <node id="9179091761" visible="true" version="1" changeset="112631798" timestamp="2021-10-18T02:09:42Z" user="Shipwreck34" uid="10643883" lat="38.8442599" lon="-104.7026519"/>
 <node id="9179091762" visible="true" version="1" changeset="112631798" timestamp="2021-10-18T02:09:42Z" user="Shipwreck34" uid="10643883" lat="38.8442411" lon="-104.7026009"/>
 <node id="9179091763" visible="true" version="1" changeset="112631798" timestamp="2021-10-18T02:09:42Z" user="Shipwreck34" uid="10643883" lat="38.8442123" lon="-104.7025733"/>
 <node id="9179091764" visible="true" version="1" changeset="112631798" timestamp="2021-10-18T02:09:42Z" user="Shipwreck34" uid="10643883" lat="38.8441672" lon="-104.7025662"/>
 <node id="9179091765" visible="true" version="1" changeset="112631798" timestamp="2021-10-18T02:09:42Z" user="Shipwreck34" uid="10643883" lat="38.8441031" lon="-104.7025919"/>
 <node id="9179091766" visible="true" version="1" changeset="112631798" timestamp="2021-10-18T02:09:42Z" user="Shipwreck34" uid="10643883" lat="38.8439608" lon="-104.7026569"/>
 <node id="9179091767" visible="true" version="1" changeset="112631798" timestamp="2021-10-18T02:09:42Z" user="Shipwreck34" uid="10643883" lat="38.8437565" lon="-104.7027618"/>
 <node id="9179091768" visible="true" version="1" changeset="112631798" timestamp="2021-10-18T02:09:42Z" user="Shipwreck34" uid="10643883" lat="38.8436081" lon="-104.7028322"/>
 <node id="9179091769" visible="true" version="1" changeset="112631798" timestamp="2021-10-18T02:09:42Z" user="Shipwreck34" uid="10643883" lat="38.8434551" lon="-104.7029223"/>
 <node id="9179091770" visible="true" version="1" changeset="112631798" timestamp="2021-10-18T02:09:42Z" user="Shipwreck34" uid="10643883" lat="38.8432901" lon="-104.7030240"/>
 <node id="9179091771" visible="true" version="1" changeset="112631798" timestamp="2021-10-18T02:09:42Z" user="Shipwreck34" uid="10643883" lat="38.8431390" lon="-104.7031380"/>
 <node id="9179091772" visible="true" version="1" changeset="112631798" timestamp="2021-10-18T02:09:42Z" user="Shipwreck34" uid="10643883" lat="38.8430238" lon="-104.7032351"/>
 <node id="9179091773" visible="true" version="1" changeset="112631798" timestamp="2021-10-18T02:09:42Z" user="Shipwreck34" uid="10643883" lat="38.8429284" lon="-104.7033229"/>
 <node id="9179091774" visible="true" version="1" changeset="112631798" timestamp="2021-10-18T02:09:42Z" user="Shipwreck34" uid="10643883" lat="38.8428726" lon="-104.7034007"/>
 <node id="9179091775" visible="true" version="1" changeset="112631798" timestamp="2021-10-18T02:09:42Z" user="Shipwreck34" uid="10643883" lat="38.8428510" lon="-104.7034631"/>
 <node id="9179091776" visible="true" version="1" changeset="112631798" timestamp="2021-10-18T02:09:42Z" user="Shipwreck34" uid="10643883" lat="38.8428516" lon="-104.7035532"/>
 <node id="9179091777" visible="true" version="1" changeset="112631798" timestamp="2021-10-18T02:09:42Z" user="Shipwreck34" uid="10643883" lat="38.8428714" lon="-104.7036333"/>
 <node id="9179091778" visible="true" version="1" changeset="112631798" timestamp="2021-10-18T02:09:42Z" user="Shipwreck34" uid="10643883" lat="38.8429146" lon="-104.7037119"/>
 <node id="9179091779" visible="true" version="1" changeset="112631798" timestamp="2021-10-18T02:09:42Z" user="Shipwreck34" uid="10643883" lat="38.8429710" lon="-104.7037889"/>
 <node id="9179091780" visible="true" version="1" changeset="112631798" timestamp="2021-10-18T02:09:42Z" user="Shipwreck34" uid="10643883" lat="38.8430388" lon="-104.7038420"/>
 <node id="9179091781" visible="true" version="1" changeset="112631798" timestamp="2021-10-18T02:09:42Z" user="Shipwreck34" uid="10643883" lat="38.8431294" lon="-104.7038713"/>
 <node id="9179091782" visible="true" version="1" changeset="112631798" timestamp="2021-10-18T02:09:42Z" user="Shipwreck34" uid="10643883" lat="38.8431989" lon="-104.7038836"/>
 <node id="9179091783" visible="true" version="1" changeset="112631798" timestamp="2021-10-18T02:09:42Z" user="Shipwreck34" uid="10643883" lat="38.8432871" lon="-104.7038559"/>
 <node id="9179091784" visible="true" version="1" changeset="112631798" timestamp="2021-10-18T02:09:42Z" user="Shipwreck34" uid="10643883" lat="38.8433861" lon="-104.7037935"/>
 <node id="9179091785" visible="true" version="1" changeset="112631798" timestamp="2021-10-18T02:09:42Z" user="Shipwreck34" uid="10643883" lat="38.8434995" lon="-104.7037257"/>
 <node id="9179091786" visible="true" version="1" changeset="112631798" timestamp="2021-10-18T02:09:42Z" user="Shipwreck34" uid="10643883" lat="38.8436711" lon="-104.7036264"/>
 <node id="9179091787" visible="true" version="1" changeset="112631798" timestamp="2021-10-18T02:09:42Z" user="Shipwreck34" uid="10643883" lat="38.8438127" lon="-104.7035355"/>
 <node id="9179091788" visible="true" version="1" changeset="112631798" timestamp="2021-10-18T02:09:42Z" user="Shipwreck34" uid="10643883" lat="38.8439507" lon="-104.7034554"/>
 <node id="9179091789" visible="true" version="1" changeset="112631798" timestamp="2021-10-18T02:09:42Z" user="Shipwreck34" uid="10643883" lat="38.8440604" lon="-104.7033891"/>
 <node id="9179091790" visible="true" version="1" changeset="112631798" timestamp="2021-10-18T02:09:42Z" user="Shipwreck34" uid="10643883" lat="38.8441288" lon="-104.7033606"/>
 <node id="9179091791" visible="true" version="1" changeset="112631798" timestamp="2021-10-18T02:09:42Z" user="Shipwreck34" uid="10643883" lat="38.8442080" lon="-104.7033506"/>
 <node id="9179091792" visible="true" version="1" changeset="112631798" timestamp="2021-10-18T02:09:42Z" user="Shipwreck34" uid="10643883" lat="38.8442836" lon="-104.7033190"/>
 <node id="9179091793" visible="true" version="1" changeset="112631798" timestamp="2021-10-18T02:09:42Z" user="Shipwreck34" uid="10643883" lat="38.8443406" lon="-104.7032774"/>
 <node id="9179091794" visible="true" version="1" changeset="112631798" timestamp="2021-10-18T02:09:42Z" user="Shipwreck34" uid="10643883" lat="38.8443652" lon="-104.7032150"/>
 <node id="9179091795" visible="true" version="1" changeset="112631798" timestamp="2021-10-18T02:09:42Z" user="Shipwreck34" uid="10643883" lat="38.8443748" lon="-104.7031557"/>
 <node id="9179091796" visible="true" version="1" changeset="112631798" timestamp="2021-10-18T02:09:42Z" user="Shipwreck34" uid="10643883" lat="38.8441039" lon="-104.7028478"/>
 <node id="9179091797" visible="true" version="1" changeset="112631798" timestamp="2021-10-18T02:09:42Z" user="Shipwreck34" uid="10643883" lat="38.8440757" lon="-104.7027753"/>
 <node id="9179091798" visible="true" version="1" changeset="112631798" timestamp="2021-10-18T02:09:42Z" user="Shipwreck34" uid="10643883" lat="38.8440198" lon="-104.7027358"/>
 <node id="9179091799" visible="true" version="1" changeset="112631798" timestamp="2021-10-18T02:09:42Z" user="Shipwreck34" uid="10643883" lat="38.8439733" lon="-104.7027304"/>
 <node id="9179091800" visible="true" version="1" changeset="112631798" timestamp="2021-10-18T02:09:42Z" user="Shipwreck34" uid="10643883" lat="38.8439190" lon="-104.7027472"/>
 <node id="9179091801" visible="true" version="1" changeset="112631798" timestamp="2021-10-18T02:09:42Z" user="Shipwreck34" uid="10643883" lat="38.8438741" lon="-104.7027908"/>
 <node id="9179091802" visible="true" version="1" changeset="112631798" timestamp="2021-10-18T02:09:42Z" user="Shipwreck34" uid="10643883" lat="38.8438527" lon="-104.7028639"/>
 <node id="9179091803" visible="true" version="1" changeset="112631798" timestamp="2021-10-18T02:09:42Z" user="Shipwreck34" uid="10643883" lat="38.8438527" lon="-104.7029222"/>
 <node id="9179091804" visible="true" version="2" changeset="112632072" timestamp="2021-10-18T02:33:09Z" user="Shipwreck34" uid="10643883" lat="38.8438743" lon="-104.7029887"/>
 <node id="9179091805" visible="true" version="1" changeset="112631798" timestamp="2021-10-18T02:09:42Z" user="Shipwreck34" uid="10643883" lat="38.8439112" lon="-104.7030214"/>
 <node id="9179091806" visible="true" version="1" changeset="112631798" timestamp="2021-10-18T02:09:42Z" user="Shipwreck34" uid="10643883" lat="38.8439754" lon="-104.7030550"/>
 <node id="9179091807" visible="true" version="1" changeset="112631798" timestamp="2021-10-18T02:09:42Z" user="Shipwreck34" uid="10643883" lat="38.8440282" lon="-104.7030503"/>
 <node id="9179091808" visible="true" version="1" changeset="112631798" timestamp="2021-10-18T02:09:42Z" user="Shipwreck34" uid="10643883" lat="38.8440788" lon="-104.7030141"/>
 <node id="9179091809" visible="true" version="1" changeset="112631798" timestamp="2021-10-18T02:09:42Z" user="Shipwreck34" uid="10643883" lat="38.8441070" lon="-104.7029524"/>
 <node id="9179091810" visible="true" version="1" changeset="112631798" timestamp="2021-10-18T02:09:42Z" user="Shipwreck34" uid="10643883" lat="38.8441122" lon="-104.7029028"/>
 <node id="9179091811" visible="true" version="1" changeset="112631798" timestamp="2021-10-18T02:09:42Z" user="Shipwreck34" uid="10643883" lat="38.8435962" lon="-104.7033969"/>
 <node id="9179091812" visible="true" version="1" changeset="112631798" timestamp="2021-10-18T02:09:42Z" user="Shipwreck34" uid="10643883" lat="38.8435759" lon="-104.7033520"/>
 <node id="9179091813" visible="true" version="1" changeset="112631798" timestamp="2021-10-18T02:09:42Z" user="Shipwreck34" uid="10643883" lat="38.8435378" lon="-104.7033212"/>
 <node id="9179091814" visible="true" version="1" changeset="112631798" timestamp="2021-10-18T02:09:42Z" user="Shipwreck34" uid="10643883" lat="38.8434923" lon="-104.7033037"/>
 <node id="9179091815" visible="true" version="1" changeset="112631798" timestamp="2021-10-18T02:09:42Z" user="Shipwreck34" uid="10643883" lat="38.8434276" lon="-104.7033272"/>
 <node id="9179091816" visible="true" version="1" changeset="112631798" timestamp="2021-10-18T02:09:42Z" user="Shipwreck34" uid="10643883" lat="38.8433962" lon="-104.7033614"/>
 <node id="9179091817" visible="true" version="1" changeset="112631798" timestamp="2021-10-18T02:09:42Z" user="Shipwreck34" uid="10643883" lat="38.8433696" lon="-104.7034104"/>
 <node id="9179091818" visible="true" version="1" changeset="112631798" timestamp="2021-10-18T02:09:42Z" user="Shipwreck34" uid="10643883" lat="38.8433570" lon="-104.7034761"/>
 <node id="9179091819" visible="true" version="1" changeset="112631798" timestamp="2021-10-18T02:09:42Z" user="Shipwreck34" uid="10643883" lat="38.8433659" lon="-104.7035351"/>
 <node id="9179091820" visible="true" version="1" changeset="112631798" timestamp="2021-10-18T02:09:42Z" user="Shipwreck34" uid="10643883" lat="38.8433905" lon="-104.7035807"/>
 <node id="9179091821" visible="true" version="1" changeset="112631798" timestamp="2021-10-18T02:09:42Z" user="Shipwreck34" uid="10643883" lat="38.8434401" lon="-104.7036102"/>
 <node id="9179091822" visible="true" version="1" changeset="112631798" timestamp="2021-10-18T02:09:42Z" user="Shipwreck34" uid="10643883" lat="38.8434902" lon="-104.7036048"/>
 <node id="9179091823" visible="true" version="1" changeset="112631798" timestamp="2021-10-18T02:09:42Z" user="Shipwreck34" uid="10643883" lat="38.8435414" lon="-104.7035854"/>
 <node id="9179091824" visible="true" version="1" changeset="112631798" timestamp="2021-10-18T02:09:42Z" user="Shipwreck34" uid="10643883" lat="38.8435686" lon="-104.7035532"/>
 <node id="9179091825" visible="true" version="1" changeset="112631798" timestamp="2021-10-18T02:09:42Z" user="Shipwreck34" uid="10643883" lat="38.8435879" lon="-104.7035083"/>
 <node id="9179091826" visible="true" version="1" changeset="112631798" timestamp="2021-10-18T02:09:42Z" user="Shipwreck34" uid="10643883" lat="38.8436030" lon="-104.7034546"/>
 <node id="9179091827" visible="true" version="1" changeset="112631798" timestamp="2021-10-18T02:09:42Z" user="Shipwreck34" uid="10643883" lat="38.8446032" lon="-104.7028337"/>
 <node id="9179091828" visible="true" version="1" changeset="112631798" timestamp="2021-10-18T02:09:42Z" user="Shipwreck34" uid="10643883" lat="38.8445723" lon="-104.7027222"/>
 <node id="9179091829" visible="true" version="1" changeset="112631798" timestamp="2021-10-18T02:09:42Z" user="Shipwreck34" uid="10643883" lat="38.8445286" lon="-104.7025581"/>
 <node id="9179091830" visible="true" version="1" changeset="112631798" timestamp="2021-10-18T02:09:42Z" user="Shipwreck34" uid="10643883" lat="38.8444941" lon="-104.7024385"/>
 <node id="9179091831" visible="true" version="1" changeset="112631798" timestamp="2021-10-18T02:09:42Z" user="Shipwreck34" uid="10643883" lat="38.8444581" lon="-104.7023270"/>
 <node id="9179091832" visible="true" version="1" changeset="112631798" timestamp="2021-10-18T02:09:42Z" user="Shipwreck34" uid="10643883" lat="38.8444331" lon="-104.7022931"/>
 <node id="9179091833" visible="true" version="1" changeset="112631798" timestamp="2021-10-18T02:09:42Z" user="Shipwreck34" uid="10643883" lat="38.8443945" lon="-104.7022820"/>
 <node id="9179091834" visible="true" version="1" changeset="112631798" timestamp="2021-10-18T02:09:42Z" user="Shipwreck34" uid="10643883" lat="38.8443690" lon="-104.7022925"/>
 <node id="9179091835" visible="true" version="1" changeset="112631798" timestamp="2021-10-18T02:09:42Z" user="Shipwreck34" uid="10643883" lat="38.8443504" lon="-104.7023130"/>
 <node id="9179091836" visible="true" version="1" changeset="112631798" timestamp="2021-10-18T02:09:42Z" user="Shipwreck34" uid="10643883" lat="38.8443399" lon="-104.7023410"/>
 <node id="9179091837" visible="true" version="1" changeset="112631798" timestamp="2021-10-18T02:09:42Z" user="Shipwreck34" uid="10643883" lat="38.8443368" lon="-104.7023713"/>
 <node id="9179091838" visible="true" version="1" changeset="112631798" timestamp="2021-10-18T02:09:42Z" user="Shipwreck34" uid="10643883" lat="38.8443568" lon="-104.7024513"/>
 <node id="9179091839" visible="true" version="1" changeset="112631798" timestamp="2021-10-18T02:09:42Z" user="Shipwreck34" uid="10643883" lat="38.8444031" lon="-104.7026253"/>
 <node id="9179091840" visible="true" version="1" changeset="112631798" timestamp="2021-10-18T02:09:42Z" user="Shipwreck34" uid="10643883" lat="38.8444381" lon="-104.7027578"/>
 <node id="9179091841" visible="true" version="1" changeset="112631798" timestamp="2021-10-18T02:09:42Z" user="Shipwreck34" uid="10643883" lat="38.8444627" lon="-104.7028757"/>
 <node id="9179091842" visible="true" version="1" changeset="112631798" timestamp="2021-10-18T02:09:42Z" user="Shipwreck34" uid="10643883" lat="38.8444836" lon="-104.7029767"/>
 <node id="9179091843" visible="true" version="1" changeset="112631798" timestamp="2021-10-18T02:09:42Z" user="Shipwreck34" uid="10643883" lat="38.8445000" lon="-104.7030496"/>
 <node id="9179091844" visible="true" version="1" changeset="112631798" timestamp="2021-10-18T02:09:42Z" user="Shipwreck34" uid="10643883" lat="38.8445295" lon="-104.7030853"/>
 <node id="9179091845" visible="true" version="1" changeset="112631798" timestamp="2021-10-18T02:09:42Z" user="Shipwreck34" uid="10643883" lat="38.8445814" lon="-104.7030882"/>
 <node id="9179091846" visible="true" version="1" changeset="112631798" timestamp="2021-10-18T02:09:42Z" user="Shipwreck34" uid="10643883" lat="38.8446068" lon="-104.7030602"/>
 <node id="9179091847" visible="true" version="1" changeset="112631798" timestamp="2021-10-18T02:09:42Z" user="Shipwreck34" uid="10643883" lat="38.8446236" lon="-104.7030187"/>
 <node id="9179091848" visible="true" version="1" changeset="112631798" timestamp="2021-10-18T02:09:42Z" user="Shipwreck34" uid="10643883" lat="38.8446314" lon="-104.7029697"/>
 <node id="9179091849" visible="true" version="1" changeset="112631798" timestamp="2021-10-18T02:09:42Z" user="Shipwreck34" uid="10643883" lat="38.8446223" lon="-104.7029101"/>
 <node id="9179091850" visible="true" version="1" changeset="112631798" timestamp="2021-10-18T02:09:42Z" user="Shipwreck34" uid="10643883" lat="38.8446305" lon="-104.7026597"/>
 <node id="9179091851" visible="true" version="1" changeset="112631798" timestamp="2021-10-18T02:09:42Z" user="Shipwreck34" uid="10643883" lat="38.8446532" lon="-104.7027473"/>
 <node id="9179091852" visible="true" version="1" changeset="112631798" timestamp="2021-10-18T02:09:42Z" user="Shipwreck34" uid="10643883" lat="38.8446773" lon="-104.7028658"/>
 <node id="9179091853" visible="true" version="1" changeset="112631798" timestamp="2021-10-18T02:09:42Z" user="Shipwreck34" uid="10643883" lat="38.8446923" lon="-104.7029644"/>
 <node id="9179091854" visible="true" version="1" changeset="112631798" timestamp="2021-10-18T02:09:42Z" user="Shipwreck34" uid="10643883" lat="38.8447164" lon="-104.7030222"/>
 <node id="9179091855" visible="true" version="1" changeset="112631798" timestamp="2021-10-18T02:09:42Z" user="Shipwreck34" uid="10643883" lat="38.8447541" lon="-104.7030415"/>
 <node id="9179091856" visible="true" version="1" changeset="112631798" timestamp="2021-10-18T02:09:42Z" user="Shipwreck34" uid="10643883" lat="38.8448046" lon="-104.7030251"/>
 <node id="9179091857" visible="true" version="1" changeset="112631798" timestamp="2021-10-18T02:09:42Z" user="Shipwreck34" uid="10643883" lat="38.8448496" lon="-104.7029802"/>
 <node id="9179091858" visible="true" version="1" changeset="112631798" timestamp="2021-10-18T02:09:42Z" user="Shipwreck34" uid="10643883" lat="38.8448687" lon="-104.7029247"/>
 <node id="9179091859" visible="true" version="1" changeset="112631798" timestamp="2021-10-18T02:09:42Z" user="Shipwreck34" uid="10643883" lat="38.8448739" lon="-104.7028777"/>
 <node id="9179091860" visible="true" version="1" changeset="112631798" timestamp="2021-10-18T02:09:42Z" user="Shipwreck34" uid="10643883" lat="38.8448667" lon="-104.7028014"/>
 <node id="9179091861" visible="true" version="1" changeset="112631798" timestamp="2021-10-18T02:09:42Z" user="Shipwreck34" uid="10643883" lat="38.8444095" lon="-104.7019583"/>
 <node id="9179091862" visible="true" version="1" changeset="112631798" timestamp="2021-10-18T02:09:42Z" user="Shipwreck34" uid="10643883" lat="38.8443333" lon="-104.7019813"/>
 <node id="9179091863" visible="true" version="1" changeset="112631798" timestamp="2021-10-18T02:09:42Z" user="Shipwreck34" uid="10643883" lat="38.8442988" lon="-104.7019962"/>
 <node id="9179091864" visible="true" version="1" changeset="112631798" timestamp="2021-10-18T02:09:42Z" user="Shipwreck34" uid="10643883" lat="38.8442601" lon="-104.7020245"/>
 <node id="9179091865" visible="true" version="1" changeset="112631798" timestamp="2021-10-18T02:09:42Z" user="Shipwreck34" uid="10643883" lat="38.8442408" lon="-104.7020508"/>
 <node id="9179091866" visible="true" version="1" changeset="112631798" timestamp="2021-10-18T02:09:42Z" user="Shipwreck34" uid="10643883" lat="38.8442354" lon="-104.7020911"/>
 <node id="9179091867" visible="true" version="1" changeset="112631798" timestamp="2021-10-18T02:09:42Z" user="Shipwreck34" uid="10643883" lat="38.8442410" lon="-104.7021369"/>
 <node id="9179091868" visible="true" version="1" changeset="112631798" timestamp="2021-10-18T02:09:42Z" user="Shipwreck34" uid="10643883" lat="38.8442583" lon="-104.7021752"/>
 <node id="9179091869" visible="true" version="1" changeset="112631798" timestamp="2021-10-18T02:09:42Z" user="Shipwreck34" uid="10643883" lat="38.8442936" lon="-104.7022055"/>
 <node id="9179091870" visible="true" version="1" changeset="112631798" timestamp="2021-10-18T02:09:42Z" user="Shipwreck34" uid="10643883" lat="38.8443338" lon="-104.7022131"/>
 <node id="9179091871" visible="true" version="1" changeset="112631798" timestamp="2021-10-18T02:09:42Z" user="Shipwreck34" uid="10643883" lat="38.8443695" lon="-104.7021895"/>
 <node id="9179091872" visible="true" version="1" changeset="112631798" timestamp="2021-10-18T02:09:42Z" user="Shipwreck34" uid="10643883" lat="38.8444111" lon="-104.7021597"/>
 <node id="9179091873" visible="true" version="1" changeset="112631798" timestamp="2021-10-18T02:09:42Z" user="Shipwreck34" uid="10643883" lat="38.8444302" lon="-104.7021492"/>
 <node id="9179091874" visible="true" version="1" changeset="112631798" timestamp="2021-10-18T02:09:42Z" user="Shipwreck34" uid="10643883" lat="38.8444563" lon="-104.7021527"/>
 <node id="9179091875" visible="true" version="1" changeset="112631798" timestamp="2021-10-18T02:09:42Z" user="Shipwreck34" uid="10643883" lat="38.8444720" lon="-104.7021679"/>
 <node id="9179091876" visible="true" version="1" changeset="112631798" timestamp="2021-10-18T02:09:42Z" user="Shipwreck34" uid="10643883" lat="38.8444954" lon="-104.7022169"/>
 <node id="9179091877" visible="true" version="1" changeset="112631798" timestamp="2021-10-18T02:09:42Z" user="Shipwreck34" uid="10643883" lat="38.8445247" lon="-104.7022957"/>
 <node id="9179091878" visible="true" version="1" changeset="112631798" timestamp="2021-10-18T02:09:42Z" user="Shipwreck34" uid="10643883" lat="38.8445711" lon="-104.7024370"/>
 <node id="9179091879" visible="true" version="1" changeset="112631798" timestamp="2021-10-18T02:09:42Z" user="Shipwreck34" uid="10643883" lat="38.8446036" lon="-104.7025531"/>
 <node id="9179098302" visible="true" version="1" changeset="112632025" timestamp="2021-10-18T02:28:44Z" user="Shipwreck34" uid="10643883" lat="38.8403549" lon="-104.7048376"/>
 <node id="9179098303" visible="true" version="1" changeset="112632025" timestamp="2021-10-18T02:28:44Z" user="Shipwreck34" uid="10643883" lat="38.8403324" lon="-104.7048557"/>
 <node id="9179098304" visible="true" version="1" changeset="112632025" timestamp="2021-10-18T02:28:44Z" user="Shipwreck34" uid="10643883" lat="38.8403175" lon="-104.7048906"/>
 <node id="9179098305" visible="true" version="1" changeset="112632025" timestamp="2021-10-18T02:28:44Z" user="Shipwreck34" uid="10643883" lat="38.8403227" lon="-104.7049405"/>
 <node id="9179098306" visible="true" version="1" changeset="112632025" timestamp="2021-10-18T02:28:44Z" user="Shipwreck34" uid="10643883" lat="38.8397479" lon="-104.7038590"/>
 <node id="9179098307" visible="true" version="1" changeset="112632025" timestamp="2021-10-18T02:28:44Z" user="Shipwreck34" uid="10643883" lat="38.8397214" lon="-104.7038727"/>
 <node id="9179098308" visible="true" version="1" changeset="112632025" timestamp="2021-10-18T02:28:44Z" user="Shipwreck34" uid="10643883" lat="38.8396316" lon="-104.7041538"/>
 <node id="9179098309" visible="true" version="1" changeset="112632025" timestamp="2021-10-18T02:28:44Z" user="Shipwreck34" uid="10643883" lat="38.8396331" lon="-104.7042428"/>
 <node id="9179098310" visible="true" version="1" changeset="112632025" timestamp="2021-10-18T02:28:44Z" user="Shipwreck34" uid="10643883" lat="38.8396622" lon="-104.7043059"/>
 <node id="9179098311" visible="true" version="1" changeset="112632025" timestamp="2021-10-18T02:28:44Z" user="Shipwreck34" uid="10643883" lat="38.8397906" lon="-104.7043259"/>
 <node id="9179098312" visible="true" version="1" changeset="112632025" timestamp="2021-10-18T02:28:44Z" user="Shipwreck34" uid="10643883" lat="38.8398288" lon="-104.7043431"/>
 <node id="9179105626" visible="true" version="1" changeset="112632025" timestamp="2021-10-18T02:28:44Z" user="Shipwreck34" uid="10643883" lat="38.8402506" lon="-104.7028096"/>
 <node id="9179105627" visible="true" version="1" changeset="112632025" timestamp="2021-10-18T02:28:44Z" user="Shipwreck34" uid="10643883" lat="38.8402661" lon="-104.7028722"/>
 <node id="9179105628" visible="true" version="1" changeset="112632025" timestamp="2021-10-18T02:28:44Z" user="Shipwreck34" uid="10643883" lat="38.8402446" lon="-104.7028854"/>
 <node id="9179105629" visible="true" version="1" changeset="112632025" timestamp="2021-10-18T02:28:44Z" user="Shipwreck34" uid="10643883" lat="38.8404815" lon="-104.7028713"/>
 <node id="9179105630" visible="true" version="1" changeset="112632025" timestamp="2021-10-18T02:28:44Z" user="Shipwreck34" uid="10643883" lat="38.8404507" lon="-104.7029232"/>
 <node id="9179105631" visible="true" version="1" changeset="112632025" timestamp="2021-10-18T02:28:44Z" user="Shipwreck34" uid="10643883" lat="38.8404043" lon="-104.7029085"/>
 <node id="9179105632" visible="true" version="1" changeset="112632025" timestamp="2021-10-18T02:28:44Z" user="Shipwreck34" uid="10643883" lat="38.8403909" lon="-104.7028943"/>
 <node id="9179105633" visible="true" version="1" changeset="112632025" timestamp="2021-10-18T02:28:44Z" user="Shipwreck34" uid="10643883" lat="38.8403830" lon="-104.7028755"/>
 <node id="9179105634" visible="true" version="1" changeset="112632025" timestamp="2021-10-18T02:28:44Z" user="Shipwreck34" uid="10643883" lat="38.8403819" lon="-104.7028522"/>
 <node id="9179105635" visible="true" version="1" changeset="112632025" timestamp="2021-10-18T02:28:44Z" user="Shipwreck34" uid="10643883" lat="38.8407778" lon="-104.7029470"/>
 <node id="9179105636" visible="true" version="1" changeset="112632025" timestamp="2021-10-18T02:28:44Z" user="Shipwreck34" uid="10643883" lat="38.8407364" lon="-104.7029790"/>
 <node id="9179105637" visible="true" version="1" changeset="112632025" timestamp="2021-10-18T02:28:44Z" user="Shipwreck34" uid="10643883" lat="38.8407446" lon="-104.7029631"/>
 <node id="9179105638" visible="true" version="1" changeset="112632025" timestamp="2021-10-18T02:28:44Z" user="Shipwreck34" uid="10643883" lat="38.8407229" lon="-104.7030510"/>
 <node id="9179105639" visible="true" version="1" changeset="112632025" timestamp="2021-10-18T02:28:44Z" user="Shipwreck34" uid="10643883" lat="38.8407222" lon="-104.7030357"/>
 <node id="9179105640" visible="true" version="1" changeset="112632025" timestamp="2021-10-18T02:28:44Z" user="Shipwreck34" uid="10643883" lat="38.8407423" lon="-104.7031019"/>
 <node id="9179105641" visible="true" version="1" changeset="112632025" timestamp="2021-10-18T02:28:44Z" user="Shipwreck34" uid="10643883" lat="38.8407503" lon="-104.7031099"/>
 <node id="9179105642" visible="true" version="1" changeset="112632025" timestamp="2021-10-18T02:28:44Z" user="Shipwreck34" uid="10643883" lat="38.8411213" lon="-104.7033414"/>
 <node id="9179105643" visible="true" version="1" changeset="112632025" timestamp="2021-10-18T02:28:44Z" user="Shipwreck34" uid="10643883" lat="38.8411500" lon="-104.7033729"/>
 <node id="9179105644" visible="true" version="1" changeset="112632025" timestamp="2021-10-18T02:28:44Z" user="Shipwreck34" uid="10643883" lat="38.8411678" lon="-104.7034048"/>
 <node id="9179105645" visible="true" version="1" changeset="112632025" timestamp="2021-10-18T02:28:44Z" user="Shipwreck34" uid="10643883" lat="38.8411968" lon="-104.7034244"/>
 <node id="9179105646" visible="true" version="1" changeset="112632025" timestamp="2021-10-18T02:28:44Z" user="Shipwreck34" uid="10643883" lat="38.8415349" lon="-104.7030894"/>
 <node id="9179105647" visible="true" version="1" changeset="112632025" timestamp="2021-10-18T02:28:44Z" user="Shipwreck34" uid="10643883" lat="38.8414889" lon="-104.7031123"/>
 <node id="9179105648" visible="true" version="1" changeset="112632025" timestamp="2021-10-18T02:28:44Z" user="Shipwreck34" uid="10643883" lat="38.8414439" lon="-104.7031156"/>
 <node id="9179105649" visible="true" version="1" changeset="112632025" timestamp="2021-10-18T02:28:44Z" user="Shipwreck34" uid="10643883" lat="38.8412788" lon="-104.7030222"/>
 <node id="9179105650" visible="true" version="1" changeset="112632025" timestamp="2021-10-18T02:28:44Z" user="Shipwreck34" uid="10643883" lat="38.8412308" lon="-104.7030129"/>
 <node id="9179105651" visible="true" version="1" changeset="112632025" timestamp="2021-10-18T02:28:44Z" user="Shipwreck34" uid="10643883" lat="38.8411901" lon="-104.7030156"/>
 <node id="9179105652" visible="true" version="1" changeset="112632025" timestamp="2021-10-18T02:28:44Z" user="Shipwreck34" uid="10643883" lat="38.8411112" lon="-104.7030447"/>
 <node id="9179105653" visible="true" version="1" changeset="112632025" timestamp="2021-10-18T02:28:44Z" user="Shipwreck34" uid="10643883" lat="38.8410671" lon="-104.7030239"/>
 <node id="9179105654" visible="true" version="1" changeset="112632025" timestamp="2021-10-18T02:28:44Z" user="Shipwreck34" uid="10643883" lat="38.8410274" lon="-104.7029786"/>
 <node id="9179105655" visible="true" version="1" changeset="112632025" timestamp="2021-10-18T02:28:44Z" user="Shipwreck34" uid="10643883" lat="38.8409694" lon="-104.7029682"/>
 <node id="9179105656" visible="true" version="1" changeset="112632025" timestamp="2021-10-18T02:28:44Z" user="Shipwreck34" uid="10643883" lat="38.8409187" lon="-104.7029887"/>
 <node id="9179105657" visible="true" version="1" changeset="112632025" timestamp="2021-10-18T02:28:44Z" user="Shipwreck34" uid="10643883" lat="38.8408641" lon="-104.7029843"/>
 <node id="9179105658" visible="true" version="1" changeset="112632025" timestamp="2021-10-18T02:28:44Z" user="Shipwreck34" uid="10643883" lat="38.8408050" lon="-104.7029548"/>
 <node id="9179105659" visible="true" version="1" changeset="112632025" timestamp="2021-10-18T02:28:44Z" user="Shipwreck34" uid="10643883" lat="38.8407291" lon="-104.7029966"/>
 <node id="9179105660" visible="true" version="1" changeset="112632025" timestamp="2021-10-18T02:28:44Z" user="Shipwreck34" uid="10643883" lat="38.8413519" lon="-104.7031675"/>
 <node id="9179105661" visible="true" version="1" changeset="112632025" timestamp="2021-10-18T02:28:44Z" user="Shipwreck34" uid="10643883" lat="38.8413402" lon="-104.7031805"/>
 <node id="9179105662" visible="true" version="1" changeset="112632025" timestamp="2021-10-18T02:28:44Z" user="Shipwreck34" uid="10643883" lat="38.8413283" lon="-104.7031973"/>
 <node id="9179105663" visible="true" version="1" changeset="112632025" timestamp="2021-10-18T02:28:44Z" user="Shipwreck34" uid="10643883" lat="38.8413199" lon="-104.7032124"/>
 <node id="9179105664" visible="true" version="1" changeset="112632025" timestamp="2021-10-18T02:28:44Z" user="Shipwreck34" uid="10643883" lat="38.8413137" lon="-104.7032303"/>
 <node id="9179105665" visible="true" version="1" changeset="112632025" timestamp="2021-10-18T02:28:44Z" user="Shipwreck34" uid="10643883" lat="38.8413095" lon="-104.7032538"/>
 <node id="9179105666" visible="true" version="1" changeset="112632025" timestamp="2021-10-18T02:28:44Z" user="Shipwreck34" uid="10643883" lat="38.8413106" lon="-104.7032712"/>
 <node id="9179105667" visible="true" version="1" changeset="112632025" timestamp="2021-10-18T02:28:44Z" user="Shipwreck34" uid="10643883" lat="38.8413164" lon="-104.7032907"/>
 <node id="9179105668" visible="true" version="1" changeset="112632025" timestamp="2021-10-18T02:28:44Z" user="Shipwreck34" uid="10643883" lat="38.8413285" lon="-104.7033086"/>
 <node id="9179105669" visible="true" version="1" changeset="112632025" timestamp="2021-10-18T02:28:44Z" user="Shipwreck34" uid="10643883" lat="38.8413414" lon="-104.7033228"/>
 <node id="9179105670" visible="true" version="1" changeset="112632025" timestamp="2021-10-18T02:28:44Z" user="Shipwreck34" uid="10643883" lat="38.8413561" lon="-104.7033310"/>
 <node id="9179105671" visible="true" version="1" changeset="112632025" timestamp="2021-10-18T02:28:44Z" user="Shipwreck34" uid="10643883" lat="38.8413745" lon="-104.7033365"/>
 <node id="9179105672" visible="true" version="1" changeset="112632025" timestamp="2021-10-18T02:28:44Z" user="Shipwreck34" uid="10643883" lat="38.8413876" lon="-104.7033378"/>
 <node id="9179105673" visible="true" version="1" changeset="112632025" timestamp="2021-10-18T02:28:44Z" user="Shipwreck34" uid="10643883" lat="38.8414046" lon="-104.7033340"/>
 <node id="9179105674" visible="true" version="1" changeset="112632025" timestamp="2021-10-18T02:28:44Z" user="Shipwreck34" uid="10643883" lat="38.8414276" lon="-104.7033276"/>
 <node id="9179105675" visible="true" version="1" changeset="112632025" timestamp="2021-10-18T02:28:44Z" user="Shipwreck34" uid="10643883" lat="38.8414527" lon="-104.7033237"/>
 <node id="9179105676" visible="true" version="1" changeset="112632025" timestamp="2021-10-18T02:28:44Z" user="Shipwreck34" uid="10643883" lat="38.8414801" lon="-104.7033212"/>
 <node id="9179105677" visible="true" version="1" changeset="112632025" timestamp="2021-10-18T02:28:44Z" user="Shipwreck34" uid="10643883" lat="38.8415070" lon="-104.7033164"/>
 <node id="9179105678" visible="true" version="1" changeset="112632025" timestamp="2021-10-18T02:28:44Z" user="Shipwreck34" uid="10643883" lat="38.8415352" lon="-104.7033088"/>
 <node id="9179105679" visible="true" version="1" changeset="112632025" timestamp="2021-10-18T02:28:44Z" user="Shipwreck34" uid="10643883" lat="38.8415619" lon="-104.7032982"/>
 <node id="9179105680" visible="true" version="1" changeset="112632025" timestamp="2021-10-18T02:28:44Z" user="Shipwreck34" uid="10643883" lat="38.8415778" lon="-104.7032869"/>
 <node id="9179105681" visible="true" version="1" changeset="112632025" timestamp="2021-10-18T02:28:44Z" user="Shipwreck34" uid="10643883" lat="38.8415916" lon="-104.7032684"/>
 <node id="9179105682" visible="true" version="1" changeset="112632025" timestamp="2021-10-18T02:28:44Z" user="Shipwreck34" uid="10643883" lat="38.8416005" lon="-104.7032427"/>
 <node id="9179105683" visible="true" version="1" changeset="112632025" timestamp="2021-10-18T02:28:44Z" user="Shipwreck34" uid="10643883" lat="38.8416024" lon="-104.7032168"/>
 <node id="9179105684" visible="true" version="1" changeset="112632025" timestamp="2021-10-18T02:28:44Z" user="Shipwreck34" uid="10643883" lat="38.8415983" lon="-104.7031916"/>
 <node id="9179105685" visible="true" version="1" changeset="112632025" timestamp="2021-10-18T02:28:44Z" user="Shipwreck34" uid="10643883" lat="38.8415892" lon="-104.7031681"/>
 <node id="9179105686" visible="true" version="1" changeset="112632025" timestamp="2021-10-18T02:28:44Z" user="Shipwreck34" uid="10643883" lat="38.8415762" lon="-104.7031518"/>
 <node id="9179105687" visible="true" version="1" changeset="112632025" timestamp="2021-10-18T02:28:44Z" user="Shipwreck34" uid="10643883" lat="38.8415566" lon="-104.7031434"/>
 <node id="9179105688" visible="true" version="1" changeset="112632025" timestamp="2021-10-18T02:28:44Z" user="Shipwreck34" uid="10643883" lat="38.8415308" lon="-104.7031451"/>
 <node id="9179105689" visible="true" version="1" changeset="112632025" timestamp="2021-10-18T02:28:44Z" user="Shipwreck34" uid="10643883" lat="38.8415099" lon="-104.7031509"/>
 <node id="9179105690" visible="true" version="1" changeset="112632025" timestamp="2021-10-18T02:28:44Z" user="Shipwreck34" uid="10643883" lat="38.8414908" lon="-104.7031575"/>
 <node id="9179105691" visible="true" version="1" changeset="112632025" timestamp="2021-10-18T02:28:44Z" user="Shipwreck34" uid="10643883" lat="38.8414748" lon="-104.7031597"/>
 <node id="9179105692" visible="true" version="1" changeset="112632025" timestamp="2021-10-18T02:28:44Z" user="Shipwreck34" uid="10643883" lat="38.8414491" lon="-104.7031575"/>
 <node id="9179105693" visible="true" version="1" changeset="112632025" timestamp="2021-10-18T02:28:44Z" user="Shipwreck34" uid="10643883" lat="38.8414308" lon="-104.7031535"/>
 <node id="9179105694" visible="true" version="1" changeset="112632025" timestamp="2021-10-18T02:28:44Z" user="Shipwreck34" uid="10643883" lat="38.8414112" lon="-104.7031489"/>
 <node id="9179105695" visible="true" version="1" changeset="112632025" timestamp="2021-10-18T02:28:44Z" user="Shipwreck34" uid="10643883" lat="38.8413900" lon="-104.7031489"/>
 <node id="9179105696" visible="true" version="1" changeset="112632025" timestamp="2021-10-18T02:28:44Z" user="Shipwreck34" uid="10643883" lat="38.8413738" lon="-104.7031511"/>
 <node id="9179105697" visible="true" version="1" changeset="112632025" timestamp="2021-10-18T02:28:44Z" user="Shipwreck34" uid="10643883" lat="38.8413629" lon="-104.7031573"/>
 <node id="9179105698" visible="true" version="1" changeset="112632025" timestamp="2021-10-18T02:28:44Z" user="Shipwreck34" uid="10643883" lat="38.8415271" lon="-104.7029168"/>
 <node id="9179105699" visible="true" version="1" changeset="112632025" timestamp="2021-10-18T02:28:44Z" user="Shipwreck34" uid="10643883" lat="38.8417684" lon="-104.7028205"/>
 <node id="9179105700" visible="true" version="1" changeset="112632025" timestamp="2021-10-18T02:28:44Z" user="Shipwreck34" uid="10643883" lat="38.8417521" lon="-104.7026840"/>
 <node id="9179105701" visible="true" version="1" changeset="112632025" timestamp="2021-10-18T02:28:44Z" user="Shipwreck34" uid="10643883" lat="38.8418359" lon="-104.7026308"/>
 <node id="9179105702" visible="true" version="1" changeset="112632025" timestamp="2021-10-18T02:28:44Z" user="Shipwreck34" uid="10643883" lat="38.8418469" lon="-104.7026713"/>
 <node id="9179111517" visible="true" version="1" changeset="112632072" timestamp="2021-10-18T02:33:09Z" user="Shipwreck34" uid="10643883" lat="38.8443310" lon="-104.7037689"/>
 <node id="9179111518" visible="true" version="1" changeset="112632072" timestamp="2021-10-18T02:33:09Z" user="Shipwreck34" uid="10643883" lat="38.8444222" lon="-104.7037035"/>
 <node id="9179111519" visible="true" version="1" changeset="112632072" timestamp="2021-10-18T02:33:09Z" user="Shipwreck34" uid="10643883" lat="38.8445026" lon="-104.7036418"/>
 <node id="9179111520" visible="true" version="1" changeset="112632072" timestamp="2021-10-18T02:33:09Z" user="Shipwreck34" uid="10643883" lat="38.8445332" lon="-104.7035972"/>
 <node id="9179111521" visible="true" version="1" changeset="112632072" timestamp="2021-10-18T02:33:09Z" user="Shipwreck34" uid="10643883" lat="38.8445536" lon="-104.7035417"/>
 <node id="9179111522" visible="true" version="1" changeset="112632072" timestamp="2021-10-18T02:33:09Z" user="Shipwreck34" uid="10643883" lat="38.8445644" lon="-104.7034462"/>
 <node id="9179111523" visible="true" version="1" changeset="112632072" timestamp="2021-10-18T02:33:09Z" user="Shipwreck34" uid="10643883" lat="38.8446843" lon="-104.7035586"/>
 <node id="9179111524" visible="true" version="1" changeset="112632072" timestamp="2021-10-18T02:33:09Z" user="Shipwreck34" uid="10643883" lat="38.8446969" lon="-104.7034516"/>
 <node id="9179111525" visible="true" version="1" changeset="112632072" timestamp="2021-10-18T02:33:09Z" user="Shipwreck34" uid="10643883" lat="38.8446117" lon="-104.7034354"/>
 <node id="9179111526" visible="true" version="1" changeset="112632072" timestamp="2021-10-18T02:33:09Z" user="Shipwreck34" uid="10643883" lat="38.8446003" lon="-104.7035479"/>
 <node id="9179111527" visible="true" version="1" changeset="112632072" timestamp="2021-10-18T02:33:09Z" user="Shipwreck34" uid="10643883" lat="38.8446453" lon="-104.7034049"/>
 <node id="9179111528" visible="true" version="1" changeset="112632072" timestamp="2021-10-18T02:33:09Z" user="Shipwreck34" uid="10643883" lat="38.8446562" lon="-104.7032875"/>
 <node id="9179111529" visible="true" version="1" changeset="112632072" timestamp="2021-10-18T02:33:09Z" user="Shipwreck34" uid="10643883" lat="38.8446588" lon="-104.7032117"/>
 <node id="9179111530" visible="true" version="1" changeset="112632072" timestamp="2021-10-18T02:33:09Z" user="Shipwreck34" uid="10643883" lat="38.8446536" lon="-104.7031356"/>
 <node id="9179111531" visible="true" version="1" changeset="112632072" timestamp="2021-10-18T02:33:09Z" user="Shipwreck34" uid="10643883" lat="38.8446968" lon="-104.7031307"/>
 <node id="9453190529" visible="true" version="4" changeset="184061103" timestamp="2026-06-13T15:34:49Z" user="brendan77" uid="193835" lat="38.8462512" lon="-104.7205437">
  <tag k="crossing:island" v="no"/>
  <tag k="crossing:signals" v="yes"/>
  <tag k="highway" v="crossing"/>
  <tag k="tactile_paving" v="yes"/>
 </node>
 <node id="9453190532" visible="true" version="3" changeset="184061108" timestamp="2026-06-13T15:34:52Z" user="brendan77" uid="193835" lat="38.8460179" lon="-104.7204366">
  <tag k="barrier" v="kerb"/>
  <tag k="kerb" v="lowered"/>
  <tag k="tactile_paving" v="yes"/>
 </node>
 <node id="9453190534" visible="true" version="1" changeset="116670967" timestamp="2022-01-27T15:10:03Z" user="HopsAndSpokes" uid="5593540" lat="38.8460024" lon="-104.7203974"/>
 <node id="9453190535" visible="true" version="1" changeset="116670967" timestamp="2022-01-27T15:10:03Z" user="HopsAndSpokes" uid="5593540" lat="38.8460492" lon="-104.7203265"/>
 <node id="9453190536" visible="true" version="1" changeset="116670967" timestamp="2022-01-27T15:10:03Z" user="HopsAndSpokes" uid="5593540" lat="38.8460960" lon="-104.7201771"/>
 <node id="9453190537" visible="true" version="1" changeset="116670967" timestamp="2022-01-27T15:10:03Z" user="HopsAndSpokes" uid="5593540" lat="38.8461140" lon="-104.7198967"/>
 <node id="9453190538" visible="true" version="1" changeset="116670967" timestamp="2022-01-27T15:10:03Z" user="HopsAndSpokes" uid="5593540" lat="38.8461092" lon="-104.7194546"/>
 <node id="9453190539" visible="true" version="1" changeset="116670967" timestamp="2022-01-27T15:10:03Z" user="HopsAndSpokes" uid="5593540" lat="38.8461092" lon="-104.7192081"/>
 <node id="9453190540" visible="true" version="1" changeset="116670967" timestamp="2022-01-27T15:10:03Z" user="HopsAndSpokes" uid="5593540" lat="38.8461020" lon="-104.7177184"/>
 <node id="9453190541" visible="true" version="1" changeset="116670967" timestamp="2022-01-27T15:10:03Z" user="HopsAndSpokes" uid="5593540" lat="38.8461188" lon="-104.7175397"/>
 <node id="9453190542" visible="true" version="1" changeset="116670967" timestamp="2022-01-27T15:10:03Z" user="HopsAndSpokes" uid="5593540" lat="38.8461176" lon="-104.7162626"/>
 <node id="9453190543" visible="true" version="1" changeset="116670967" timestamp="2022-01-27T15:10:03Z" user="HopsAndSpokes" uid="5593540" lat="38.8461128" lon="-104.7159715"/>
 <node id="9453190544" visible="true" version="1" changeset="116670967" timestamp="2022-01-27T15:10:03Z" user="HopsAndSpokes" uid="5593540" lat="38.8461085" lon="-104.7176486">
  <tag k="highway" v="crossing"/>
 </node>
 <node id="9453190545" visible="true" version="1" changeset="116670967" timestamp="2022-01-27T15:10:03Z" user="HopsAndSpokes" uid="5593540" lat="38.8461092" lon="-104.7193833">
  <tag k="highway" v="crossing"/>
 </node>
 <node id="9882346664" visible="true" version="1" changeset="123497836" timestamp="2022-07-12T04:40:06Z" user="raayadav" uid="13713172" lat="38.8455900" lon="-104.7135463"/>
 <node id="9882346665" visible="true" version="1" changeset="123497836" timestamp="2022-07-12T04:40:06Z" user="raayadav" uid="13713172" lat="38.8459710" lon="-104.7135549"/>
 <node id="9882346666" visible="true" version="1" changeset="123497836" timestamp="2022-07-12T04:40:06Z" user="raayadav" uid="13713172" lat="38.8455749" lon="-104.7134276"/>
 <node id="9882346667" visible="true" version="1" changeset="123497836" timestamp="2022-07-12T04:40:06Z" user="raayadav" uid="13713172" lat="38.8455909" lon="-104.7132584"/>
 <node id="9882346668" visible="true" version="1" changeset="123497836" timestamp="2022-07-12T04:40:06Z" user="raayadav" uid="13713172" lat="38.8456058" lon="-104.7129356"/>
 <node id="9882346669" visible="true" version="1" changeset="123497836" timestamp="2022-07-12T04:40:06Z" user="raayadav" uid="13713172" lat="38.8456499" lon="-104.7127559"/>
 <node id="9882346670" visible="true" version="1" changeset="123497836" timestamp="2022-07-12T04:40:06Z" user="raayadav" uid="13713172" lat="38.8457023" lon="-104.7126950"/>
 <node id="9882346671" visible="true" version="1" changeset="123497836" timestamp="2022-07-12T04:40:06Z" user="raayadav" uid="13713172" lat="38.8458390" lon="-104.7127021"/>
 <node id="9882346672" visible="true" version="1" changeset="123497836" timestamp="2022-07-12T04:40:06Z" user="raayadav" uid="13713172" lat="38.8487990" lon="-104.7138566"/>
 <node id="9882346678" visible="true" version="1" changeset="123497836" timestamp="2022-07-12T04:40:06Z" user="raayadav" uid="13713172" lat="38.8484380" lon="-104.7138579"/>
 <node id="10842927787" visible="true" version="1" changeset="135387010" timestamp="2023-04-26T13:22:58Z" user="mpatsevich_lyft" uid="12896788" lat="38.8400968" lon="-104.7161697"/>
 <node id="10842927788" visible="true" version="1" changeset="135387010" timestamp="2023-04-26T13:22:58Z" user="mpatsevich_lyft" uid="12896788" lat="38.8406875" lon="-104.7161610"/>
 <node id="10842927789" visible="true" version="1" changeset="135387010" timestamp="2023-04-26T13:22:58Z" user="mpatsevich_lyft" uid="12896788" lat="38.8406879" lon="-104.7158325"/>
 <node id="11027765577" visible="true" version="1" changeset="138147874" timestamp="2023-07-05T12:51:20Z" user="lrysiukevich_lyft" uid="14116631" lat="38.8484927" lon="-104.7158825"/>
 <node id="11027765579" visible="true" version="1" changeset="138147874" timestamp="2023-07-05T12:51:20Z" user="lrysiukevich_lyft" uid="14116631" lat="38.8481150" lon="-104.7158910"/>
 <node id="11027765585" visible="true" version="1" changeset="138147874" timestamp="2023-07-05T12:51:20Z" user="lrysiukevich_lyft" uid="14116631" lat="38.8497105" lon="-104.7158851"/>
 <node id="11946125809" visible="true" version="1" changeset="152055948" timestamp="2024-05-30T22:01:53Z" user="Bike 2 End" uid="2529030" lat="38.8440852" lon="-104.7015396"/>
 <node id="11946125811" visible="true" version="1" changeset="152055948" timestamp="2024-05-30T22:01:53Z" user="Bike 2 End" uid="2529030" lat="38.8410683" lon="-104.7048916"/>
 <node id="11946125812" visible="true" version="1" changeset="152055948" timestamp="2024-05-30T22:01:53Z" user="Bike 2 End" uid="2529030" lat="38.8405624" lon="-104.7054527"/>
 <node id="12104728328" visible="true" version="1" changeset="155117904" timestamp="2024-08-11T18:59:12Z" user="rerobins" uid="614696" lat="38.8465523" lon="-104.7047225"/>
 <node id="12104728329" visible="true" version="1" changeset="155117904" timestamp="2024-08-11T18:59:12Z" user="rerobins" uid="614696" lat="38.8465544" lon="-104.7048093"/>
 <node id="12104728330" visible="true" version="1" changeset="155117904" timestamp="2024-08-11T18:59:12Z" user="rerobins" uid="614696" lat="38.8465805" lon="-104.7048083"/>
 <node id="12104728331" visible="true" version="1" changeset="155117904" timestamp="2024-08-11T18:59:12Z" user="rerobins" uid="614696" lat="38.8465829" lon="-104.7049063"/>
 <node id="12104728332" visible="true" version="1" changeset="155117904" timestamp="2024-08-11T18:59:12Z" user="rerobins" uid="614696" lat="38.8464681" lon="-104.7049110"/>
 <node id="12104728333" visible="true" version="1" changeset="155117904" timestamp="2024-08-11T18:59:12Z" user="rerobins" uid="614696" lat="38.8464661" lon="-104.7048290"/>
 <node id="12104728334" visible="true" version="1" changeset="155117904" timestamp="2024-08-11T18:59:12Z" user="rerobins" uid="614696" lat="38.8464056" lon="-104.7048315"/>
 <node id="12104728335" visible="true" version="1" changeset="155117904" timestamp="2024-08-11T18:59:12Z" user="rerobins" uid="614696" lat="38.8464031" lon="-104.7047285"/>
 <node id="12104728336" visible="true" version="1" changeset="155117904" timestamp="2024-08-11T18:59:12Z" user="rerobins" uid="614696" lat="38.8463935" lon="-104.7045137"/>
 <node id="12104728337" visible="true" version="1" changeset="155117904" timestamp="2024-08-11T18:59:12Z" user="rerobins" uid="614696" lat="38.8464737" lon="-104.7045088"/>
 <node id="12104728338" visible="true" version="1" changeset="155117904" timestamp="2024-08-11T18:59:12Z" user="rerobins" uid="614696" lat="38.8464801" lon="-104.7046812"/>
 <node id="12104728339" visible="true" version="1" changeset="155117904" timestamp="2024-08-11T18:59:12Z" user="rerobins" uid="614696" lat="38.8463999" lon="-104.7046861"/>
 <node id="12104728340" visible="true" version="1" changeset="155117904" timestamp="2024-08-11T18:59:12Z" user="rerobins" uid="614696" lat="38.8463365" lon="-104.7043695"/>
 <node id="12104728341" visible="true" version="1" changeset="155117904" timestamp="2024-08-11T18:59:12Z" user="rerobins" uid="614696" lat="38.8463095" lon="-104.7042307"/>
 <node id="12104728342" visible="true" version="1" changeset="155117904" timestamp="2024-08-11T18:59:12Z" user="rerobins" uid="614696" lat="38.8463861" lon="-104.7042061"/>
 <node id="12104728343" visible="true" version="1" changeset="155117904" timestamp="2024-08-11T18:59:12Z" user="rerobins" uid="614696" lat="38.8464132" lon="-104.7043449"/>
 <node id="12104728344" visible="true" version="1" changeset="155117904" timestamp="2024-08-11T18:59:12Z" user="rerobins" uid="614696" lat="38.8462620" lon="-104.7039885"/>
 <node id="12104728345" visible="true" version="1" changeset="155117904" timestamp="2024-08-11T18:59:12Z" user="rerobins" uid="614696" lat="38.8463426" lon="-104.7039686"/>
 <node id="12104728346" visible="true" version="1" changeset="155117904" timestamp="2024-08-11T18:59:12Z" user="rerobins" uid="614696" lat="38.8463704" lon="-104.7041549"/>
 <node id="12104728347" visible="true" version="1" changeset="155117904" timestamp="2024-08-11T18:59:12Z" user="rerobins" uid="614696" lat="38.8462898" lon="-104.7041747"/>
 <node id="12104728366" visible="true" version="1" changeset="155117904" timestamp="2024-08-11T18:59:12Z" user="rerobins" uid="614696" lat="38.8464425" lon="-104.7034791"/>
 <node id="12104728367" visible="true" version="1" changeset="155117904" timestamp="2024-08-11T18:59:12Z" user="rerobins" uid="614696" lat="38.8464055" lon="-104.7033647"/>
 <node id="12104728368" visible="true" version="1" changeset="155117904" timestamp="2024-08-11T18:59:12Z" user="rerobins" uid="614696" lat="38.8465399" lon="-104.7032930"/>
 <node id="12104728369" visible="true" version="1" changeset="155117904" timestamp="2024-08-11T18:59:12Z" user="rerobins" uid="614696" lat="38.8465769" lon="-104.7034073"/>
 <node id="12104728370" visible="true" version="1" changeset="155117904" timestamp="2024-08-11T18:59:12Z" user="rerobins" uid="614696" lat="38.8463571" lon="-104.7032803"/>
 <node id="12104728371" visible="true" version="1" changeset="155117904" timestamp="2024-08-11T18:59:12Z" user="rerobins" uid="614696" lat="38.8463016" lon="-104.7031322"/>
 <node id="12104728372" visible="true" version="1" changeset="155117904" timestamp="2024-08-11T18:59:12Z" user="rerobins" uid="614696" lat="38.8463942" lon="-104.7030750"/>
 <node id="12104728373" visible="true" version="1" changeset="155117904" timestamp="2024-08-11T18:59:12Z" user="rerobins" uid="614696" lat="38.8464497" lon="-104.7032231"/>
 <node id="12104728374" visible="true" version="1" changeset="155117904" timestamp="2024-08-11T18:59:12Z" user="rerobins" uid="614696" lat="38.8463328" lon="-104.7028217"/>
 <node id="12104728375" visible="true" version="1" changeset="155117904" timestamp="2024-08-11T18:59:12Z" user="rerobins" uid="614696" lat="38.8463744" lon="-104.7029220"/>
 <node id="12104728376" visible="true" version="1" changeset="155117904" timestamp="2024-08-11T18:59:12Z" user="rerobins" uid="614696" lat="38.8462215" lon="-104.7030266"/>
 <node id="12104728377" visible="true" version="1" changeset="155117904" timestamp="2024-08-11T18:59:12Z" user="rerobins" uid="614696" lat="38.8461799" lon="-104.7029264"/>
 <node id="12104730883" visible="true" version="1" changeset="155118837" timestamp="2024-08-11T19:28:49Z" user="rerobins" uid="614696" lat="38.8443140" lon="-104.7052227"/>
 <node id="12104730884" visible="true" version="1" changeset="155118837" timestamp="2024-08-11T19:28:49Z" user="rerobins" uid="614696" lat="38.8443152" lon="-104.7050457"/>
 <node id="12104730885" visible="true" version="1" changeset="155118837" timestamp="2024-08-11T19:28:49Z" user="rerobins" uid="614696" lat="38.8443956" lon="-104.7050467"/>
 <node id="12104730886" visible="true" version="1" changeset="155118837" timestamp="2024-08-11T19:28:49Z" user="rerobins" uid="614696" lat="38.8443944" lon="-104.7052237"/>
 <node id="12104730887" visible="true" version="1" changeset="155118837" timestamp="2024-08-11T19:28:49Z" user="rerobins" uid="614696" lat="38.8445769" lon="-104.7042989"/>
 <node id="12104730888" visible="true" version="1" changeset="155118837" timestamp="2024-08-11T19:28:49Z" user="rerobins" uid="614696" lat="38.8445856" lon="-104.7043282"/>
 <node id="12104730889" visible="true" version="1" changeset="155118837" timestamp="2024-08-11T19:28:49Z" user="rerobins" uid="614696" lat="38.8446294" lon="-104.7043069"/>
 <node id="12104730890" visible="true" version="1" changeset="155118837" timestamp="2024-08-11T19:28:49Z" user="rerobins" uid="614696" lat="38.8446571" lon="-104.7044008"/>
 <node id="12104730891" visible="true" version="1" changeset="155118837" timestamp="2024-08-11T19:28:49Z" user="rerobins" uid="614696" lat="38.8446242" lon="-104.7044168"/>
 <node id="12104730892" visible="true" version="1" changeset="155118837" timestamp="2024-08-11T19:28:49Z" user="rerobins" uid="614696" lat="38.8446335" lon="-104.7044484"/>
 <node id="12104730893" visible="true" version="1" changeset="155118837" timestamp="2024-08-11T19:28:49Z" user="rerobins" uid="614696" lat="38.8445513" lon="-104.7044883"/>
 <node id="12104730894" visible="true" version="1" changeset="155118837" timestamp="2024-08-11T19:28:49Z" user="rerobins" uid="614696" lat="38.8445057" lon="-104.7043335"/>
 <node id="12104730895" visible="true" version="1" changeset="155118837" timestamp="2024-08-11T19:28:49Z" user="rerobins" uid="614696" lat="38.8448742" lon="-104.7041469"/>
 <node id="12104730896" visible="true" version="1" changeset="155118837" timestamp="2024-08-11T19:28:49Z" user="rerobins" uid="614696" lat="38.8449162" lon="-104.7041232"/>
 <node id="12104730897" visible="true" version="1" changeset="155118837" timestamp="2024-08-11T19:28:49Z" user="rerobins" uid="614696" lat="38.8448903" lon="-104.7040479"/>
 <node id="12104730898" visible="true" version="1" changeset="155118837" timestamp="2024-08-11T19:28:49Z" user="rerobins" uid="614696" lat="38.8449646" lon="-104.7040057"/>
 <node id="12104730899" visible="true" version="1" changeset="155118837" timestamp="2024-08-11T19:28:49Z" user="rerobins" uid="614696" lat="38.8450318" lon="-104.7042010"/>
 <node id="12104730900" visible="true" version="1" changeset="155118837" timestamp="2024-08-11T19:28:49Z" user="rerobins" uid="614696" lat="38.8449802" lon="-104.7042303"/>
 <node id="12104735263" visible="true" version="1" changeset="155119000" timestamp="2024-08-11T19:32:57Z" user="rerobins" uid="614696" lat="38.8428508" lon="-104.7063625"/>
 <node id="12104735264" visible="true" version="1" changeset="155119000" timestamp="2024-08-11T19:32:57Z" user="rerobins" uid="614696" lat="38.8430159" lon="-104.7063629"/>
 <node id="12104735265" visible="true" version="1" changeset="155119000" timestamp="2024-08-11T19:32:57Z" user="rerobins" uid="614696" lat="38.8430154" lon="-104.7066299"/>
 <node id="12104735266" visible="true" version="1" changeset="155119000" timestamp="2024-08-11T19:32:57Z" user="rerobins" uid="614696" lat="38.8430405" lon="-104.7066299"/>
 <node id="12104735267" visible="true" version="1" changeset="155119000" timestamp="2024-08-11T19:32:57Z" user="rerobins" uid="614696" lat="38.8430400" lon="-104.7069062"/>
 <node id="12104735268" visible="true" version="1" changeset="155119000" timestamp="2024-08-11T19:32:57Z" user="rerobins" uid="614696" lat="38.8428834" lon="-104.7069058"/>
 <node id="12104735269" visible="true" version="1" changeset="155119000" timestamp="2024-08-11T19:32:57Z" user="rerobins" uid="614696" lat="38.8428835" lon="-104.7068012"/>
 <node id="12104735270" visible="true" version="1" changeset="155119000" timestamp="2024-08-11T19:32:57Z" user="rerobins" uid="614696" lat="38.8428721" lon="-104.7068012"/>
 <node id="12104735271" visible="true" version="1" changeset="155119000" timestamp="2024-08-11T19:32:57Z" user="rerobins" uid="614696" lat="38.8428722" lon="-104.7067556"/>
 <node id="12104735272" visible="true" version="1" changeset="155119000" timestamp="2024-08-11T19:32:57Z" user="rerobins" uid="614696" lat="38.8428367" lon="-104.7067555"/>
 <node id="12104735273" visible="true" version="1" changeset="155119000" timestamp="2024-08-11T19:32:57Z" user="rerobins" uid="614696" lat="38.8428369" lon="-104.7066535"/>
 <node id="12104735274" visible="true" version="1" changeset="155119000" timestamp="2024-08-11T19:32:57Z" user="rerobins" uid="614696" lat="38.8428504" lon="-104.7066536"/>
 <node id="12104735275" visible="true" version="1" changeset="155119000" timestamp="2024-08-11T19:32:57Z" user="rerobins" uid="614696" lat="38.8428972" lon="-104.7081265"/>
 <node id="12104735276" visible="true" version="1" changeset="155119000" timestamp="2024-08-11T19:32:57Z" user="rerobins" uid="614696" lat="38.8428429" lon="-104.7081269"/>
 <node id="12104735277" visible="true" version="1" changeset="155119000" timestamp="2024-08-11T19:32:57Z" user="rerobins" uid="614696" lat="38.8428431" lon="-104.7081725"/>
 <node id="12104735278" visible="true" version="1" changeset="155119000" timestamp="2024-08-11T19:32:57Z" user="rerobins" uid="614696" lat="38.8427942" lon="-104.7081728"/>
 <node id="12104735279" visible="true" version="1" changeset="155119000" timestamp="2024-08-11T19:32:57Z" user="rerobins" uid="614696" lat="38.8427940" lon="-104.7081245"/>
 <node id="12104735280" visible="true" version="1" changeset="155119000" timestamp="2024-08-11T19:32:57Z" user="rerobins" uid="614696" lat="38.8427480" lon="-104.7081248"/>
 <node id="12104735281" visible="true" version="1" changeset="155119000" timestamp="2024-08-11T19:32:57Z" user="rerobins" uid="614696" lat="38.8427471" lon="-104.7078861"/>
 <node id="12104735282" visible="true" version="1" changeset="155119000" timestamp="2024-08-11T19:32:57Z" user="rerobins" uid="614696" lat="38.8428169" lon="-104.7078856"/>
 <node id="12104735283" visible="true" version="1" changeset="155119000" timestamp="2024-08-11T19:32:57Z" user="rerobins" uid="614696" lat="38.8428162" lon="-104.7076886"/>
 <node id="12104735284" visible="true" version="1" changeset="155119000" timestamp="2024-08-11T19:32:57Z" user="rerobins" uid="614696" lat="38.8428663" lon="-104.7076883"/>
 <node id="12104735285" visible="true" version="1" changeset="155119000" timestamp="2024-08-11T19:32:57Z" user="rerobins" uid="614696" lat="38.8428662" lon="-104.7076412"/>
 <node id="12104735286" visible="true" version="1" changeset="155119000" timestamp="2024-08-11T19:32:57Z" user="rerobins" uid="614696" lat="38.8429142" lon="-104.7076409"/>
 <node id="12104735287" visible="true" version="1" changeset="155119000" timestamp="2024-08-11T19:32:57Z" user="rerobins" uid="614696" lat="38.8429144" lon="-104.7076865"/>
 <node id="12104735288" visible="true" version="1" changeset="155119000" timestamp="2024-08-11T19:32:57Z" user="rerobins" uid="614696" lat="38.8429603" lon="-104.7076863"/>
 <node id="12104735289" visible="true" version="1" changeset="155119000" timestamp="2024-08-11T19:32:57Z" user="rerobins" uid="614696" lat="38.8429613" lon="-104.7079277"/>
 <node id="12104735290" visible="true" version="1" changeset="155119000" timestamp="2024-08-11T19:32:57Z" user="rerobins" uid="614696" lat="38.8428965" lon="-104.7079281"/>
 <node id="12104735291" visible="true" version="1" changeset="155119000" timestamp="2024-08-11T19:32:57Z" user="rerobins" uid="614696" lat="38.8423841" lon="-104.7075677"/>
 <node id="12104735292" visible="true" version="1" changeset="155119000" timestamp="2024-08-11T19:32:57Z" user="rerobins" uid="614696" lat="38.8423845" lon="-104.7075018"/>
 <node id="12104735293" visible="true" version="1" changeset="155119000" timestamp="2024-08-11T19:32:57Z" user="rerobins" uid="614696" lat="38.8423481" lon="-104.7075014"/>
 <node id="12104735294" visible="true" version="1" changeset="155119000" timestamp="2024-08-11T19:32:57Z" user="rerobins" uid="614696" lat="38.8423485" lon="-104.7074344"/>
 <node id="12104735295" visible="true" version="1" changeset="155119000" timestamp="2024-08-11T19:32:57Z" user="rerobins" uid="614696" lat="38.8423841" lon="-104.7074348"/>
 <node id="12104735296" visible="true" version="1" changeset="155119000" timestamp="2024-08-11T19:32:57Z" user="rerobins" uid="614696" lat="38.8423844" lon="-104.7073838"/>
 <node id="12104735297" visible="true" version="1" changeset="155119000" timestamp="2024-08-11T19:32:57Z" user="rerobins" uid="614696" lat="38.8425817" lon="-104.7073859"/>
 <node id="12104735298" visible="true" version="1" changeset="155119000" timestamp="2024-08-11T19:32:57Z" user="rerobins" uid="614696" lat="38.8425812" lon="-104.7074598"/>
 <node id="12104735299" visible="true" version="1" changeset="155119000" timestamp="2024-08-11T19:32:57Z" user="rerobins" uid="614696" lat="38.8427274" lon="-104.7074614"/>
 <node id="12104735300" visible="true" version="1" changeset="155119000" timestamp="2024-08-11T19:32:57Z" user="rerobins" uid="614696" lat="38.8427270" lon="-104.7075257"/>
 <node id="12104754831" visible="true" version="1" changeset="155118648" timestamp="2024-08-11T19:23:14Z" user="rerobins" uid="614696" lat="38.8464188" lon="-104.7103499"/>
 <node id="12104754832" visible="true" version="1" changeset="155118648" timestamp="2024-08-11T19:23:14Z" user="rerobins" uid="614696" lat="38.8465086" lon="-104.7103468"/>
 <node id="12104754833" visible="true" version="1" changeset="155118648" timestamp="2024-08-11T19:23:14Z" user="rerobins" uid="614696" lat="38.8465126" lon="-104.7105371"/>
 <node id="12104754834" visible="true" version="1" changeset="155118648" timestamp="2024-08-11T19:23:14Z" user="rerobins" uid="614696" lat="38.8464228" lon="-104.7105402"/>
 <node id="12104754923" visible="true" version="1" changeset="155118648" timestamp="2024-08-11T19:23:14Z" user="rerobins" uid="614696" lat="38.8464846" lon="-104.7086949"/>
 <node id="12104754924" visible="true" version="1" changeset="155118648" timestamp="2024-08-11T19:23:14Z" user="rerobins" uid="614696" lat="38.8465118" lon="-104.7086959"/>
 <node id="12104754925" visible="true" version="1" changeset="155118648" timestamp="2024-08-11T19:23:14Z" user="rerobins" uid="614696" lat="38.8465106" lon="-104.7087468"/>
 <node id="12104754926" visible="true" version="1" changeset="155118648" timestamp="2024-08-11T19:23:14Z" user="rerobins" uid="614696" lat="38.8464029" lon="-104.7087428"/>
 <node id="12104754927" visible="true" version="1" changeset="155118648" timestamp="2024-08-11T19:23:14Z" user="rerobins" uid="614696" lat="38.8464076" lon="-104.7085338"/>
 <node id="12104754928" visible="true" version="1" changeset="155118648" timestamp="2024-08-11T19:23:14Z" user="rerobins" uid="614696" lat="38.8464882" lon="-104.7085367"/>
 <node id="12104758853" visible="true" version="1" changeset="155118739" timestamp="2024-08-11T19:26:02Z" user="rerobins" uid="614696" lat="38.8465276" lon="-104.7081616"/>
 <node id="12104758854" visible="true" version="1" changeset="155118739" timestamp="2024-08-11T19:26:02Z" user="rerobins" uid="614696" lat="38.8464140" lon="-104.7081587"/>
 <node id="12104758855" visible="true" version="1" changeset="155118739" timestamp="2024-08-11T19:26:02Z" user="rerobins" uid="614696" lat="38.8464155" lon="-104.7080610"/>
 <node id="12104758856" visible="true" version="1" changeset="155118739" timestamp="2024-08-11T19:26:02Z" user="rerobins" uid="614696" lat="38.8464456" lon="-104.7080618"/>
 <node id="12104758857" visible="true" version="1" changeset="155118739" timestamp="2024-08-11T19:26:02Z" user="rerobins" uid="614696" lat="38.8464471" lon="-104.7079718"/>
 <node id="12104758858" visible="true" version="1" changeset="155118739" timestamp="2024-08-11T19:26:02Z" user="rerobins" uid="614696" lat="38.8465306" lon="-104.7079740"/>
 <node id="12104758859" visible="true" version="1" changeset="155118739" timestamp="2024-08-11T19:26:02Z" user="rerobins" uid="614696" lat="38.8465041" lon="-104.7078835"/>
 <node id="12104758860" visible="true" version="1" changeset="155118739" timestamp="2024-08-11T19:26:02Z" user="rerobins" uid="614696" lat="38.8464092" lon="-104.7078815"/>
 <node id="12104758861" visible="true" version="1" changeset="155118739" timestamp="2024-08-11T19:26:02Z" user="rerobins" uid="614696" lat="38.8464113" lon="-104.7077168"/>
 <node id="12104758862" visible="true" version="1" changeset="155118739" timestamp="2024-08-11T19:26:02Z" user="rerobins" uid="614696" lat="38.8465062" lon="-104.7077188"/>
 <node id="12104758863" visible="true" version="1" changeset="155118739" timestamp="2024-08-11T19:26:02Z" user="rerobins" uid="614696" lat="38.8464876" lon="-104.7076793"/>
 <node id="12104758864" visible="true" version="1" changeset="155118739" timestamp="2024-08-11T19:26:02Z" user="rerobins" uid="614696" lat="38.8463966" lon="-104.7076777"/>
 <node id="12104758865" visible="true" version="1" changeset="155118739" timestamp="2024-08-11T19:26:02Z" user="rerobins" uid="614696" lat="38.8463989" lon="-104.7074620"/>
 <node id="12104758866" visible="true" version="1" changeset="155118739" timestamp="2024-08-11T19:26:02Z" user="rerobins" uid="614696" lat="38.8464899" lon="-104.7074636"/>
 <node id="12104758895" visible="true" version="1" changeset="155118739" timestamp="2024-08-11T19:26:02Z" user="rerobins" uid="614696" lat="38.8464015" lon="-104.7074170"/>
 <node id="12104758896" visible="true" version="1" changeset="155118739" timestamp="2024-08-11T19:26:02Z" user="rerobins" uid="614696" lat="38.8464010" lon="-104.7072265"/>
 <node id="12104758897" visible="true" version="1" changeset="155118739" timestamp="2024-08-11T19:26:02Z" user="rerobins" uid="614696" lat="38.8464773" lon="-104.7072261"/>
 <node id="12104758898" visible="true" version="1" changeset="155118739" timestamp="2024-08-11T19:26:02Z" user="rerobins" uid="614696" lat="38.8464779" lon="-104.7074166"/>
 <node id="12104758899" visible="true" version="1" changeset="155118739" timestamp="2024-08-11T19:26:02Z" user="rerobins" uid="614696" lat="38.8464755" lon="-104.7069892"/>
 <node id="12104758900" visible="true" version="1" changeset="155118739" timestamp="2024-08-11T19:26:02Z" user="rerobins" uid="614696" lat="38.8464749" lon="-104.7071797"/>
 <node id="12104760601" visible="true" version="1" changeset="155118739" timestamp="2024-08-11T19:26:02Z" user="rerobins" uid="614696" lat="38.8463997" lon="-104.7071793"/>
 <node id="12104760602" visible="true" version="1" changeset="155118739" timestamp="2024-08-11T19:26:02Z" user="rerobins" uid="614696" lat="38.8464003" lon="-104.7069888"/>
 <node id="12104760611" visible="true" version="1" changeset="155118739" timestamp="2024-08-11T19:26:02Z" user="rerobins" uid="614696" lat="38.8464761" lon="-104.7069302"/>
 <node id="12104760612" visible="true" version="1" changeset="155118739" timestamp="2024-08-11T19:26:02Z" user="rerobins" uid="614696" lat="38.8463999" lon="-104.7069320"/>
 <node id="12104760613" visible="true" version="1" changeset="155118739" timestamp="2024-08-11T19:26:02Z" user="rerobins" uid="614696" lat="38.8463971" lon="-104.7067406"/>
 <node id="12104760614" visible="true" version="1" changeset="155118739" timestamp="2024-08-11T19:26:02Z" user="rerobins" uid="614696" lat="38.8464732" lon="-104.7067387"/>
 <node id="12104760615" visible="true" version="1" changeset="155118739" timestamp="2024-08-11T19:26:02Z" user="rerobins" uid="614696" lat="38.8464735" lon="-104.7065109"/>
 <node id="12104760616" visible="true" version="1" changeset="155118739" timestamp="2024-08-11T19:26:02Z" user="rerobins" uid="614696" lat="38.8464767" lon="-104.7066894"/>
 <node id="12104760617" visible="true" version="1" changeset="155118739" timestamp="2024-08-11T19:26:02Z" user="rerobins" uid="614696" lat="38.8463994" lon="-104.7066917"/>
 <node id="12104760618" visible="true" version="1" changeset="155118739" timestamp="2024-08-11T19:26:02Z" user="rerobins" uid="614696" lat="38.8463962" lon="-104.7065132"/>
 <node id="12104760641" visible="true" version="1" changeset="155118739" timestamp="2024-08-11T19:26:02Z" user="rerobins" uid="614696" lat="38.8463949" lon="-104.7062636"/>
 <node id="12104760642" visible="true" version="1" changeset="155118739" timestamp="2024-08-11T19:26:02Z" user="rerobins" uid="614696" lat="38.8465035" lon="-104.7062609"/>
 <node id="12104760643" visible="true" version="1" changeset="155118739" timestamp="2024-08-11T19:26:02Z" user="rerobins" uid="614696" lat="38.8465055" lon="-104.7063923"/>
 <node id="12104760644" visible="true" version="1" changeset="155118739" timestamp="2024-08-11T19:26:02Z" user="rerobins" uid="614696" lat="38.8463969" lon="-104.7063950"/>
 <node id="12104760645" visible="true" version="1" changeset="155118739" timestamp="2024-08-11T19:26:02Z" user="rerobins" uid="614696" lat="38.8464198" lon="-104.7059981"/>
 <node id="12104760646" visible="true" version="1" changeset="155118739" timestamp="2024-08-11T19:26:02Z" user="rerobins" uid="614696" lat="38.8464982" lon="-104.7060001"/>
 <node id="12104760647" visible="true" version="1" changeset="155118739" timestamp="2024-08-11T19:26:02Z" user="rerobins" uid="614696" lat="38.8464956" lon="-104.7061690"/>
 <node id="12104760648" visible="true" version="1" changeset="155118739" timestamp="2024-08-11T19:26:02Z" user="rerobins" uid="614696" lat="38.8464172" lon="-104.7061670"/>
 <node id="12104760671" visible="true" version="1" changeset="155118739" timestamp="2024-08-11T19:26:02Z" user="rerobins" uid="614696" lat="38.8465895" lon="-104.7057515"/>
 <node id="12104760672" visible="true" version="1" changeset="155118739" timestamp="2024-08-11T19:26:02Z" user="rerobins" uid="614696" lat="38.8465863" lon="-104.7059231"/>
 <node id="12104760673" visible="true" version="1" changeset="155118739" timestamp="2024-08-11T19:26:02Z" user="rerobins" uid="614696" lat="38.8465164" lon="-104.7059210"/>
 <node id="12104760674" visible="true" version="1" changeset="155118739" timestamp="2024-08-11T19:26:02Z" user="rerobins" uid="614696" lat="38.8465159" lon="-104.7059505"/>
 <node id="12104760675" visible="true" version="1" changeset="155118739" timestamp="2024-08-11T19:26:02Z" user="rerobins" uid="614696" lat="38.8464282" lon="-104.7059478"/>
 <node id="12104760676" visible="true" version="1" changeset="155118739" timestamp="2024-08-11T19:26:02Z" user="rerobins" uid="614696" lat="38.8464297" lon="-104.7058674"/>
 <node id="12104760677" visible="true" version="1" changeset="155118739" timestamp="2024-08-11T19:26:02Z" user="rerobins" uid="614696" lat="38.8464944" lon="-104.7058694"/>
 <node id="12104760678" visible="true" version="1" changeset="155118739" timestamp="2024-08-11T19:26:02Z" user="rerobins" uid="614696" lat="38.8464966" lon="-104.7057487"/>
 <node id="12104760679" visible="true" version="1" changeset="155118739" timestamp="2024-08-11T19:26:02Z" user="rerobins" uid="614696" lat="38.8463964" lon="-104.7055054"/>
 <node id="12104760680" visible="true" version="1" changeset="155118739" timestamp="2024-08-11T19:26:02Z" user="rerobins" uid="614696" lat="38.8464882" lon="-104.7055082"/>
 <node id="12104760681" visible="true" version="1" changeset="155118739" timestamp="2024-08-11T19:26:02Z" user="rerobins" uid="614696" lat="38.8464849" lon="-104.7056878"/>
 <node id="12104760682" visible="true" version="1" changeset="155118739" timestamp="2024-08-11T19:26:02Z" user="rerobins" uid="614696" lat="38.8463930" lon="-104.7056850"/>
 <node id="12104760683" visible="true" version="1" changeset="155118739" timestamp="2024-08-11T19:26:02Z" user="rerobins" uid="614696" lat="38.8465426" lon="-104.7052857"/>
 <node id="12104760684" visible="true" version="1" changeset="155118739" timestamp="2024-08-11T19:26:02Z" user="rerobins" uid="614696" lat="38.8465450" lon="-104.7054155"/>
 <node id="12104760685" visible="true" version="1" changeset="155118739" timestamp="2024-08-11T19:26:02Z" user="rerobins" uid="614696" lat="38.8463988" lon="-104.7054200"/>
 <node id="12104760686" visible="true" version="1" changeset="155118739" timestamp="2024-08-11T19:26:02Z" user="rerobins" uid="614696" lat="38.8463964" lon="-104.7052902"/>
 <node id="12104760687" visible="true" version="1" changeset="155118739" timestamp="2024-08-11T19:26:02Z" user="rerobins" uid="614696" lat="38.8462353" lon="-104.7039277"/>
 <node id="12104760688" visible="true" version="1" changeset="155118739" timestamp="2024-08-11T19:26:02Z" user="rerobins" uid="614696" lat="38.8461830" lon="-104.7037554"/>
 <node id="12104760689" visible="true" version="1" changeset="155118739" timestamp="2024-08-11T19:26:02Z" user="rerobins" uid="614696" lat="38.8462565" lon="-104.7037186"/>
 <node id="12104760690" visible="true" version="1" changeset="155118739" timestamp="2024-08-11T19:26:02Z" user="rerobins" uid="614696" lat="38.8463088" lon="-104.7038909"/>
 <node id="12104760691" visible="true" version="1" changeset="155118739" timestamp="2024-08-11T19:26:02Z" user="rerobins" uid="614696" lat="38.8461713" lon="-104.7034748"/>
 <node id="12104760692" visible="true" version="1" changeset="155118739" timestamp="2024-08-11T19:26:02Z" user="rerobins" uid="614696" lat="38.8462400" lon="-104.7036878"/>
 <node id="12104760693" visible="true" version="1" changeset="155118739" timestamp="2024-08-11T19:26:02Z" user="rerobins" uid="614696" lat="38.8461661" lon="-104.7037271"/>
 <node id="12104760694" visible="true" version="1" changeset="155118739" timestamp="2024-08-11T19:26:02Z" user="rerobins" uid="614696" lat="38.8460974" lon="-104.7035142"/>
 <node id="12104760695" visible="true" version="1" changeset="155118739" timestamp="2024-08-11T19:26:02Z" user="rerobins" uid="614696" lat="38.8460772" lon="-104.7032570"/>
 <node id="12104760696" visible="true" version="1" changeset="155118739" timestamp="2024-08-11T19:26:02Z" user="rerobins" uid="614696" lat="38.8461253" lon="-104.7034278"/>
 <node id="12104760697" visible="true" version="1" changeset="155118739" timestamp="2024-08-11T19:26:02Z" user="rerobins" uid="614696" lat="38.8460505" lon="-104.7034625"/>
 <node id="12104760698" visible="true" version="1" changeset="155118739" timestamp="2024-08-11T19:26:02Z" user="rerobins" uid="614696" lat="38.8460024" lon="-104.7032917"/>
 <node id="12104760699" visible="true" version="1" changeset="155118739" timestamp="2024-08-11T19:26:02Z" user="rerobins" uid="614696" lat="38.8459776" lon="-104.7032687"/>
 <node id="12104760700" visible="true" version="1" changeset="155118739" timestamp="2024-08-11T19:26:02Z" user="rerobins" uid="614696" lat="38.8459151" lon="-104.7031003"/>
 <node id="12104760701" visible="true" version="1" changeset="155118739" timestamp="2024-08-11T19:26:02Z" user="rerobins" uid="614696" lat="38.8459859" lon="-104.7030570"/>
 <node id="12104760702" visible="true" version="1" changeset="155118739" timestamp="2024-08-11T19:26:02Z" user="rerobins" uid="614696" lat="38.8460483" lon="-104.7032254"/>
 <node id="12104760703" visible="true" version="1" changeset="155118739" timestamp="2024-08-11T19:26:02Z" user="rerobins" uid="614696" lat="38.8455674" lon="-104.7034676"/>
 <node id="12104760704" visible="true" version="1" changeset="155118739" timestamp="2024-08-11T19:26:02Z" user="rerobins" uid="614696" lat="38.8455260" lon="-104.7033235"/>
 <node id="12104760705" visible="true" version="1" changeset="155118739" timestamp="2024-08-11T19:26:02Z" user="rerobins" uid="614696" lat="38.8456033" lon="-104.7032870"/>
 <node id="12104760706" visible="true" version="1" changeset="155118739" timestamp="2024-08-11T19:26:02Z" user="rerobins" uid="614696" lat="38.8456433" lon="-104.7034263"/>
 <node id="12104760707" visible="true" version="1" changeset="155118739" timestamp="2024-08-11T19:26:02Z" user="rerobins" uid="614696" lat="38.8456028" lon="-104.7034454"/>
 <node id="12104760708" visible="true" version="1" changeset="155118739" timestamp="2024-08-11T19:26:02Z" user="rerobins" uid="614696" lat="38.8456041" lon="-104.7034502"/>
 <node id="12104760709" visible="true" version="1" changeset="155118739" timestamp="2024-08-11T19:26:02Z" user="rerobins" uid="614696" lat="38.8456963" lon="-104.7035085"/>
 <node id="12104760710" visible="true" version="1" changeset="155118739" timestamp="2024-08-11T19:26:02Z" user="rerobins" uid="614696" lat="38.8457567" lon="-104.7036781"/>
 <node id="12104760711" visible="true" version="1" changeset="155118739" timestamp="2024-08-11T19:26:02Z" user="rerobins" uid="614696" lat="38.8456842" lon="-104.7037207"/>
 <node id="12104760712" visible="true" version="1" changeset="155118739" timestamp="2024-08-11T19:26:02Z" user="rerobins" uid="614696" lat="38.8456238" lon="-104.7035511"/>
 <node id="12104760713" visible="true" version="1" changeset="155118739" timestamp="2024-08-11T19:26:02Z" user="rerobins" uid="614696" lat="38.8457638" lon="-104.7039341"/>
 <node id="12104760714" visible="true" version="1" changeset="155118739" timestamp="2024-08-11T19:26:02Z" user="rerobins" uid="614696" lat="38.8457073" lon="-104.7037591"/>
 <node id="12104760715" visible="true" version="1" changeset="155118739" timestamp="2024-08-11T19:26:02Z" user="rerobins" uid="614696" lat="38.8457787" lon="-104.7037212"/>
 <node id="12104760716" visible="true" version="1" changeset="155118739" timestamp="2024-08-11T19:26:02Z" user="rerobins" uid="614696" lat="38.8458351" lon="-104.7038962"/>
 <node id="12104760717" visible="true" version="1" changeset="155118739" timestamp="2024-08-11T19:26:02Z" user="rerobins" uid="614696" lat="38.8452493" lon="-104.7036955"/>
 <node id="12104760718" visible="true" version="1" changeset="155118739" timestamp="2024-08-11T19:26:02Z" user="rerobins" uid="614696" lat="38.8451751" lon="-104.7037405"/>
 <node id="12104760719" visible="true" version="1" changeset="155118739" timestamp="2024-08-11T19:26:02Z" user="rerobins" uid="614696" lat="38.8451247" lon="-104.7036036"/>
 <node id="12104760720" visible="true" version="1" changeset="155118739" timestamp="2024-08-11T19:26:02Z" user="rerobins" uid="614696" lat="38.8452347" lon="-104.7035368"/>
 <node id="12104760721" visible="true" version="1" changeset="155118739" timestamp="2024-08-11T19:26:02Z" user="rerobins" uid="614696" lat="38.8452577" lon="-104.7035992"/>
 <node id="12104760722" visible="true" version="1" changeset="155118739" timestamp="2024-08-11T19:26:02Z" user="rerobins" uid="614696" lat="38.8452218" lon="-104.7036210"/>
 <node id="12104760723" visible="true" version="1" changeset="155118739" timestamp="2024-08-11T19:26:02Z" user="rerobins" uid="614696" lat="38.8452796" lon="-104.7039839"/>
 <node id="12104760724" visible="true" version="1" changeset="155118739" timestamp="2024-08-11T19:26:02Z" user="rerobins" uid="614696" lat="38.8452264" lon="-104.7038191"/>
 <node id="12104760725" visible="true" version="1" changeset="155118739" timestamp="2024-08-11T19:26:02Z" user="rerobins" uid="614696" lat="38.8453013" lon="-104.7037793"/>
 <node id="12104760726" visible="true" version="1" changeset="155118739" timestamp="2024-08-11T19:26:02Z" user="rerobins" uid="614696" lat="38.8453545" lon="-104.7039441"/>
 <node id="12104760727" visible="true" version="1" changeset="155118739" timestamp="2024-08-11T19:26:02Z" user="rerobins" uid="614696" lat="38.8453709" lon="-104.7041981"/>
 <node id="12104760728" visible="true" version="1" changeset="155118739" timestamp="2024-08-11T19:26:02Z" user="rerobins" uid="614696" lat="38.8453083" lon="-104.7040371"/>
 <node id="12104760729" visible="true" version="1" changeset="155118739" timestamp="2024-08-11T19:26:02Z" user="rerobins" uid="614696" lat="38.8453802" lon="-104.7039910"/>
 <node id="12104760730" visible="true" version="1" changeset="155118739" timestamp="2024-08-11T19:26:02Z" user="rerobins" uid="614696" lat="38.8454428" lon="-104.7041520"/>
 <node id="12104760731" visible="true" version="1" changeset="155118739" timestamp="2024-08-11T19:26:02Z" user="rerobins" uid="614696" lat="38.8457863" lon="-104.7039957"/>
 <node id="12104760732" visible="true" version="1" changeset="155118739" timestamp="2024-08-11T19:26:02Z" user="rerobins" uid="614696" lat="38.8458635" lon="-104.7039591"/>
 <node id="12104760733" visible="true" version="1" changeset="155118739" timestamp="2024-08-11T19:26:02Z" user="rerobins" uid="614696" lat="38.8459155" lon="-104.7041394"/>
 <node id="12104760734" visible="true" version="1" changeset="155118739" timestamp="2024-08-11T19:26:02Z" user="rerobins" uid="614696" lat="38.8458383" lon="-104.7041760"/>
 <node id="12104760735" visible="true" version="1" changeset="155118739" timestamp="2024-08-11T19:26:02Z" user="rerobins" uid="614696" lat="38.8453931" lon="-104.7042638"/>
 <node id="12104760736" visible="true" version="1" changeset="155118739" timestamp="2024-08-11T19:26:02Z" user="rerobins" uid="614696" lat="38.8454676" lon="-104.7042235"/>
 <node id="12104760737" visible="true" version="1" changeset="155118739" timestamp="2024-08-11T19:26:02Z" user="rerobins" uid="614696" lat="38.8455229" lon="-104.7043921"/>
 <node id="12104760738" visible="true" version="1" changeset="155118739" timestamp="2024-08-11T19:26:02Z" user="rerobins" uid="614696" lat="38.8454483" lon="-104.7044324"/>
 <node id="12104760739" visible="true" version="1" changeset="155118739" timestamp="2024-08-11T19:26:02Z" user="rerobins" uid="614696" lat="38.8454799" lon="-104.7046784"/>
 <node id="12104760740" visible="true" version="1" changeset="155118739" timestamp="2024-08-11T19:26:02Z" user="rerobins" uid="614696" lat="38.8454696" lon="-104.7045158"/>
 <node id="12104760741" visible="true" version="1" changeset="155118739" timestamp="2024-08-11T19:26:02Z" user="rerobins" uid="614696" lat="38.8455567" lon="-104.7045067"/>
 <node id="12104760742" visible="true" version="1" changeset="155118739" timestamp="2024-08-11T19:26:02Z" user="rerobins" uid="614696" lat="38.8455671" lon="-104.7046692"/>
 <node id="12104760743" visible="true" version="1" changeset="155118739" timestamp="2024-08-11T19:26:02Z" user="rerobins" uid="614696" lat="38.8455116" lon="-104.7049189"/>
 <node id="12104760744" visible="true" version="1" changeset="155118739" timestamp="2024-08-11T19:26:02Z" user="rerobins" uid="614696" lat="38.8455106" lon="-104.7048157"/>
 <node id="12104760745" visible="true" version="1" changeset="155118739" timestamp="2024-08-11T19:26:02Z" user="rerobins" uid="614696" lat="38.8456589" lon="-104.7048134"/>
 <node id="12104760746" visible="true" version="1" changeset="155118739" timestamp="2024-08-11T19:26:02Z" user="rerobins" uid="614696" lat="38.8456599" lon="-104.7049165"/>
 <node id="12104760747" visible="true" version="1" changeset="155118739" timestamp="2024-08-11T19:26:02Z" user="rerobins" uid="614696" lat="38.8458345" lon="-104.7042980"/>
 <node id="12104760748" visible="true" version="1" changeset="155118739" timestamp="2024-08-11T19:26:02Z" user="rerobins" uid="614696" lat="38.8458658" lon="-104.7042875"/>
 <node id="12104760749" visible="true" version="1" changeset="155118739" timestamp="2024-08-11T19:26:02Z" user="rerobins" uid="614696" lat="38.8458516" lon="-104.7042172"/>
 <node id="12104760750" visible="true" version="1" changeset="155118739" timestamp="2024-08-11T19:26:02Z" user="rerobins" uid="614696" lat="38.8459319" lon="-104.7041905"/>
 <node id="12104760751" visible="true" version="1" changeset="155118739" timestamp="2024-08-11T19:26:02Z" user="rerobins" uid="614696" lat="38.8459662" lon="-104.7043603"/>
 <node id="12104760752" visible="true" version="1" changeset="155118739" timestamp="2024-08-11T19:26:02Z" user="rerobins" uid="614696" lat="38.8458928" lon="-104.7043847"/>
 <node id="12104760753" visible="true" version="1" changeset="155118739" timestamp="2024-08-11T19:26:02Z" user="rerobins" uid="614696" lat="38.8458864" lon="-104.7043531"/>
 <node id="12104760754" visible="true" version="1" changeset="155118739" timestamp="2024-08-11T19:26:02Z" user="rerobins" uid="614696" lat="38.8458482" lon="-104.7043658"/>
 <node id="12104760755" visible="true" version="1" changeset="155118739" timestamp="2024-08-11T19:26:02Z" user="rerobins" uid="614696" lat="38.8459275" lon="-104.7046530"/>
 <node id="12104760756" visible="true" version="1" changeset="155118739" timestamp="2024-08-11T19:26:02Z" user="rerobins" uid="614696" lat="38.8459020" lon="-104.7044906"/>
 <node id="12104760757" visible="true" version="1" changeset="155118739" timestamp="2024-08-11T19:26:02Z" user="rerobins" uid="614696" lat="38.8459803" lon="-104.7044703"/>
 <node id="12104760758" visible="true" version="1" changeset="155118739" timestamp="2024-08-11T19:26:02Z" user="rerobins" uid="614696" lat="38.8460058" lon="-104.7046327"/>
 <node id="12104760759" visible="true" version="1" changeset="155118739" timestamp="2024-08-11T19:26:02Z" user="rerobins" uid="614696" lat="38.8460386" lon="-104.7047843"/>
 <node id="12104760760" visible="true" version="1" changeset="155118739" timestamp="2024-08-11T19:26:02Z" user="rerobins" uid="614696" lat="38.8460396" lon="-104.7049157"/>
 <node id="12104760761" visible="true" version="1" changeset="155118739" timestamp="2024-08-11T19:26:02Z" user="rerobins" uid="614696" lat="38.8458944" lon="-104.7049175"/>
 <node id="12104760762" visible="true" version="1" changeset="155118739" timestamp="2024-08-11T19:26:02Z" user="rerobins" uid="614696" lat="38.8458936" lon="-104.7048129"/>
 <node id="12104760763" visible="true" version="1" changeset="155118739" timestamp="2024-08-11T19:26:02Z" user="rerobins" uid="614696" lat="38.8459479" lon="-104.7048123"/>
 <node id="12104760764" visible="true" version="1" changeset="155118739" timestamp="2024-08-11T19:26:02Z" user="rerobins" uid="614696" lat="38.8459477" lon="-104.7047854"/>
 <node id="12104760765" visible="true" version="1" changeset="155118739" timestamp="2024-08-11T19:26:02Z" user="rerobins" uid="614696" lat="38.8447661" lon="-104.7039683"/>
 <node id="12104760766" visible="true" version="1" changeset="155118739" timestamp="2024-08-11T19:26:02Z" user="rerobins" uid="614696" lat="38.8447292" lon="-104.7038796"/>
 <node id="12104760767" visible="true" version="1" changeset="155118739" timestamp="2024-08-11T19:26:02Z" user="rerobins" uid="614696" lat="38.8448601" lon="-104.7037898"/>
 <node id="12104760768" visible="true" version="1" changeset="155118739" timestamp="2024-08-11T19:26:02Z" user="rerobins" uid="614696" lat="38.8448970" lon="-104.7038786"/>
 <node id="12104760769" visible="true" version="1" changeset="155118739" timestamp="2024-08-11T19:26:02Z" user="rerobins" uid="614696" lat="38.8445310" lon="-104.7040161"/>
 <node id="12104760770" visible="true" version="1" changeset="155118739" timestamp="2024-08-11T19:26:02Z" user="rerobins" uid="614696" lat="38.8445626" lon="-104.7041048"/>
 <node id="12104760771" visible="true" version="1" changeset="155118739" timestamp="2024-08-11T19:26:02Z" user="rerobins" uid="614696" lat="38.8444279" lon="-104.7041840"/>
 <node id="12104760772" visible="true" version="1" changeset="155118739" timestamp="2024-08-11T19:26:02Z" user="rerobins" uid="614696" lat="38.8443963" lon="-104.7040953"/>
 <node id="12104760773" visible="true" version="1" changeset="155118739" timestamp="2024-08-11T19:26:02Z" user="rerobins" uid="614696" lat="38.8441297" lon="-104.7044382"/>
 <node id="12104760774" visible="true" version="1" changeset="155118739" timestamp="2024-08-11T19:26:02Z" user="rerobins" uid="614696" lat="38.8441234" lon="-104.7044189"/>
 <node id="12104760775" visible="true" version="1" changeset="155118739" timestamp="2024-08-11T19:26:02Z" user="rerobins" uid="614696" lat="38.8440401" lon="-104.7044641"/>
 <node id="12104760776" visible="true" version="1" changeset="155118739" timestamp="2024-08-11T19:26:02Z" user="rerobins" uid="614696" lat="38.8440082" lon="-104.7043674"/>
 <node id="12104760777" visible="true" version="1" changeset="155118739" timestamp="2024-08-11T19:26:02Z" user="rerobins" uid="614696" lat="38.8441473" lon="-104.7042918"/>
 <node id="12104760778" visible="true" version="1" changeset="155118739" timestamp="2024-08-11T19:26:02Z" user="rerobins" uid="614696" lat="38.8441856" lon="-104.7044078"/>
 <node id="12104760779" visible="true" version="1" changeset="155118739" timestamp="2024-08-11T19:26:02Z" user="rerobins" uid="614696" lat="38.8442240" lon="-104.7047172"/>
 <node id="12104760780" visible="true" version="1" changeset="155118739" timestamp="2024-08-11T19:26:02Z" user="rerobins" uid="614696" lat="38.8441720" lon="-104.7045541"/>
 <node id="12104760781" visible="true" version="1" changeset="155118739" timestamp="2024-08-11T19:26:02Z" user="rerobins" uid="614696" lat="38.8442454" lon="-104.7045155"/>
 <node id="12104760782" visible="true" version="1" changeset="155118739" timestamp="2024-08-11T19:26:02Z" user="rerobins" uid="614696" lat="38.8442974" lon="-104.7046787"/>
 <node id="12104760783" visible="true" version="1" changeset="155118739" timestamp="2024-08-11T19:26:02Z" user="rerobins" uid="614696" lat="38.8442982" lon="-104.7049897"/>
 <node id="12104760784" visible="true" version="1" changeset="155118739" timestamp="2024-08-11T19:26:02Z" user="rerobins" uid="614696" lat="38.8442560" lon="-104.7048058"/>
 <node id="12104760785" visible="true" version="1" changeset="155118739" timestamp="2024-08-11T19:26:02Z" user="rerobins" uid="614696" lat="38.8443320" lon="-104.7047771"/>
 <node id="12104760786" visible="true" version="1" changeset="155118739" timestamp="2024-08-11T19:26:02Z" user="rerobins" uid="614696" lat="38.8443742" lon="-104.7049610"/>
 <node id="12104766401" visible="true" version="1" changeset="155118837" timestamp="2024-08-11T19:28:49Z" user="rerobins" uid="614696" lat="38.8449701" lon="-104.7042011"/>
 <node id="12104766402" visible="true" version="1" changeset="155118837" timestamp="2024-08-11T19:28:49Z" user="rerobins" uid="614696" lat="38.8449054" lon="-104.7042378"/>
 <node id="12104766403" visible="true" version="1" changeset="155118837" timestamp="2024-08-11T19:28:49Z" user="rerobins" uid="614696" lat="38.8450337" lon="-104.7044037"/>
 <node id="12104766404" visible="true" version="1" changeset="155118837" timestamp="2024-08-11T19:28:49Z" user="rerobins" uid="614696" lat="38.8450090" lon="-104.7044187"/>
 <node id="12104766405" visible="true" version="1" changeset="155118837" timestamp="2024-08-11T19:28:49Z" user="rerobins" uid="614696" lat="38.8449735" lon="-104.7043221"/>
 <node id="12104766406" visible="true" version="1" changeset="155118837" timestamp="2024-08-11T19:28:49Z" user="rerobins" uid="614696" lat="38.8450701" lon="-104.7042637"/>
 <node id="12104766407" visible="true" version="1" changeset="155118837" timestamp="2024-08-11T19:28:49Z" user="rerobins" uid="614696" lat="38.8451208" lon="-104.7044019"/>
 <node id="12104766408" visible="true" version="1" changeset="155118837" timestamp="2024-08-11T19:28:49Z" user="rerobins" uid="614696" lat="38.8450491" lon="-104.7044454"/>
 <node id="12104766409" visible="true" version="1" changeset="155118837" timestamp="2024-08-11T19:28:49Z" user="rerobins" uid="614696" lat="38.8451588" lon="-104.7045242"/>
 <node id="12104766410" visible="true" version="1" changeset="155118837" timestamp="2024-08-11T19:28:49Z" user="rerobins" uid="614696" lat="38.8451902" lon="-104.7046987"/>
 <node id="12104766411" visible="true" version="1" changeset="155118837" timestamp="2024-08-11T19:28:49Z" user="rerobins" uid="614696" lat="38.8450850" lon="-104.7047299"/>
 <node id="12104766412" visible="true" version="1" changeset="155118837" timestamp="2024-08-11T19:28:49Z" user="rerobins" uid="614696" lat="38.8450734" lon="-104.7046648"/>
 <node id="12104766413" visible="true" version="1" changeset="155118837" timestamp="2024-08-11T19:28:49Z" user="rerobins" uid="614696" lat="38.8450972" lon="-104.7046578"/>
 <node id="12104766414" visible="true" version="1" changeset="155118837" timestamp="2024-08-11T19:28:49Z" user="rerobins" uid="614696" lat="38.8450775" lon="-104.7045483"/>
 <node id="12104766415" visible="true" version="1" changeset="155118837" timestamp="2024-08-11T19:28:49Z" user="rerobins" uid="614696" lat="38.8447050" lon="-104.7045420"/>
 <node id="12104766416" visible="true" version="1" changeset="155118837" timestamp="2024-08-11T19:28:49Z" user="rerobins" uid="614696" lat="38.8447159" lon="-104.7045887"/>
 <node id="12104766417" visible="true" version="1" changeset="155118837" timestamp="2024-08-11T19:28:49Z" user="rerobins" uid="614696" lat="38.8447351" lon="-104.7045814"/>
 <node id="12104766418" visible="true" version="1" changeset="155118837" timestamp="2024-08-11T19:28:49Z" user="rerobins" uid="614696" lat="38.8447574" lon="-104.7046774"/>
 <node id="12104766419" visible="true" version="1" changeset="155118837" timestamp="2024-08-11T19:28:49Z" user="rerobins" uid="614696" lat="38.8446405" lon="-104.7047223"/>
 <node id="12104766420" visible="true" version="1" changeset="155118837" timestamp="2024-08-11T19:28:49Z" user="rerobins" uid="614696" lat="38.8446015" lon="-104.7045549"/>
 <node id="12104766421" visible="true" version="1" changeset="155118837" timestamp="2024-08-11T19:28:49Z" user="rerobins" uid="614696" lat="38.8446686" lon="-104.7045291"/>
 <node id="12104766422" visible="true" version="1" changeset="155118837" timestamp="2024-08-11T19:28:49Z" user="rerobins" uid="614696" lat="38.8446743" lon="-104.7045537"/>
 <node id="12104766423" visible="true" version="1" changeset="155118837" timestamp="2024-08-11T19:28:49Z" user="rerobins" uid="614696" lat="38.8451284" lon="-104.7047842"/>
 <node id="12104766424" visible="true" version="1" changeset="155118837" timestamp="2024-08-11T19:28:49Z" user="rerobins" uid="614696" lat="38.8452098" lon="-104.7047823"/>
 <node id="12104766425" visible="true" version="1" changeset="155118837" timestamp="2024-08-11T19:28:49Z" user="rerobins" uid="614696" lat="38.8452123" lon="-104.7049632"/>
 <node id="12104766426" visible="true" version="1" changeset="155118837" timestamp="2024-08-11T19:28:49Z" user="rerobins" uid="614696" lat="38.8451308" lon="-104.7049651"/>
 <node id="12104766427" visible="true" version="1" changeset="155118837" timestamp="2024-08-11T19:28:49Z" user="rerobins" uid="614696" lat="38.8452102" lon="-104.7050287"/>
 <node id="12104766428" visible="true" version="1" changeset="155118837" timestamp="2024-08-11T19:28:49Z" user="rerobins" uid="614696" lat="38.8452115" lon="-104.7052177"/>
 <node id="12104766429" visible="true" version="1" changeset="155118837" timestamp="2024-08-11T19:28:49Z" user="rerobins" uid="614696" lat="38.8451300" lon="-104.7052186"/>
 <node id="12104766430" visible="true" version="1" changeset="155118837" timestamp="2024-08-11T19:28:49Z" user="rerobins" uid="614696" lat="38.8451288" lon="-104.7050296"/>
 <node id="12104766431" visible="true" version="1" changeset="155118837" timestamp="2024-08-11T19:28:49Z" user="rerobins" uid="614696" lat="38.8451951" lon="-104.7052814"/>
 <node id="12104766432" visible="true" version="1" changeset="155118837" timestamp="2024-08-11T19:28:49Z" user="rerobins" uid="614696" lat="38.8451940" lon="-104.7054195"/>
 <node id="12104766433" visible="true" version="1" changeset="155118837" timestamp="2024-08-11T19:28:49Z" user="rerobins" uid="614696" lat="38.8452504" lon="-104.7054202"/>
 <node id="12104766434" visible="true" version="1" changeset="155118837" timestamp="2024-08-11T19:28:49Z" user="rerobins" uid="614696" lat="38.8452498" lon="-104.7054926"/>
 <node id="12104766435" visible="true" version="1" changeset="155118837" timestamp="2024-08-11T19:28:49Z" user="rerobins" uid="614696" lat="38.8451965" lon="-104.7054919"/>
 <node id="12104766436" visible="true" version="1" changeset="155118837" timestamp="2024-08-11T19:28:49Z" user="rerobins" uid="614696" lat="38.8451967" lon="-104.7054665"/>
 <node id="12104766437" visible="true" version="1" changeset="155118837" timestamp="2024-08-11T19:28:49Z" user="rerobins" uid="614696" lat="38.8451111" lon="-104.7054654"/>
 <node id="12104766438" visible="true" version="1" changeset="155118837" timestamp="2024-08-11T19:28:49Z" user="rerobins" uid="614696" lat="38.8451125" lon="-104.7052804"/>
 <node id="12104766439" visible="true" version="1" changeset="155118837" timestamp="2024-08-11T19:28:49Z" user="rerobins" uid="614696" lat="38.8446688" lon="-104.7047915"/>
 <node id="12104766440" visible="true" version="1" changeset="155118837" timestamp="2024-08-11T19:28:49Z" user="rerobins" uid="614696" lat="38.8447496" lon="-104.7047825"/>
 <node id="12104766441" visible="true" version="1" changeset="155118837" timestamp="2024-08-11T19:28:49Z" user="rerobins" uid="614696" lat="38.8447619" lon="-104.7049636"/>
 <node id="12104766442" visible="true" version="1" changeset="155118837" timestamp="2024-08-11T19:28:49Z" user="rerobins" uid="614696" lat="38.8446810" lon="-104.7049726"/>
 <node id="12104766443" visible="true" version="1" changeset="155118837" timestamp="2024-08-11T19:28:49Z" user="rerobins" uid="614696" lat="38.8446857" lon="-104.7052243"/>
 <node id="12104766444" visible="true" version="1" changeset="155118837" timestamp="2024-08-11T19:28:49Z" user="rerobins" uid="614696" lat="38.8446879" lon="-104.7050365"/>
 <node id="12104766445" visible="true" version="1" changeset="155118837" timestamp="2024-08-11T19:28:49Z" user="rerobins" uid="614696" lat="38.8447693" lon="-104.7050381"/>
 <node id="12104766446" visible="true" version="1" changeset="155118837" timestamp="2024-08-11T19:28:49Z" user="rerobins" uid="614696" lat="38.8447671" lon="-104.7052258"/>
 <node id="12104766447" visible="true" version="1" changeset="155118837" timestamp="2024-08-11T19:28:49Z" user="rerobins" uid="614696" lat="38.8447648" lon="-104.7052919"/>
 <node id="12104766448" visible="true" version="1" changeset="155118837" timestamp="2024-08-11T19:28:49Z" user="rerobins" uid="614696" lat="38.8447677" lon="-104.7054715"/>
 <node id="12104766449" visible="true" version="1" changeset="155118837" timestamp="2024-08-11T19:28:49Z" user="rerobins" uid="614696" lat="38.8446883" lon="-104.7054736"/>
 <node id="12104766450" visible="true" version="1" changeset="155118837" timestamp="2024-08-11T19:28:49Z" user="rerobins" uid="614696" lat="38.8446854" lon="-104.7052940"/>
 <node id="12104766451" visible="true" version="1" changeset="155118837" timestamp="2024-08-11T19:28:49Z" user="rerobins" uid="614696" lat="38.8443152" lon="-104.7054147"/>
 <node id="12104766452" visible="true" version="1" changeset="155118837" timestamp="2024-08-11T19:28:49Z" user="rerobins" uid="614696" lat="38.8443132" lon="-104.7052793"/>
 <node id="12104766453" visible="true" version="1" changeset="155118837" timestamp="2024-08-11T19:28:49Z" user="rerobins" uid="614696" lat="38.8443915" lon="-104.7052774"/>
 <node id="12104766454" visible="true" version="1" changeset="155118837" timestamp="2024-08-11T19:28:49Z" user="rerobins" uid="614696" lat="38.8443935" lon="-104.7054128"/>
 <node id="12104766455" visible="true" version="1" changeset="155118837" timestamp="2024-08-11T19:28:49Z" user="rerobins" uid="614696" lat="38.8443181" lon="-104.7055262"/>
 <node id="12104766456" visible="true" version="1" changeset="155118837" timestamp="2024-08-11T19:28:49Z" user="rerobins" uid="614696" lat="38.8443996" lon="-104.7055276"/>
 <node id="12104766457" visible="true" version="1" changeset="155118837" timestamp="2024-08-11T19:28:49Z" user="rerobins" uid="614696" lat="38.8443977" lon="-104.7057126"/>
 <node id="12104766458" visible="true" version="1" changeset="155118837" timestamp="2024-08-11T19:28:49Z" user="rerobins" uid="614696" lat="38.8443163" lon="-104.7057113"/>
 <node id="12104766459" visible="true" version="1" changeset="155118837" timestamp="2024-08-11T19:28:49Z" user="rerobins" uid="614696" lat="38.8447152" lon="-104.7055084"/>
 <node id="12104766460" visible="true" version="1" changeset="155118837" timestamp="2024-08-11T19:28:49Z" user="rerobins" uid="614696" lat="38.8448070" lon="-104.7055053"/>
 <node id="12104766461" visible="true" version="1" changeset="155118837" timestamp="2024-08-11T19:28:49Z" user="rerobins" uid="614696" lat="38.8448116" lon="-104.7057291"/>
 <node id="12104766462" visible="true" version="1" changeset="155118837" timestamp="2024-08-11T19:28:49Z" user="rerobins" uid="614696" lat="38.8447197" lon="-104.7057322"/>
 <node id="12104766463" visible="true" version="1" changeset="155118837" timestamp="2024-08-11T19:28:49Z" user="rerobins" uid="614696" lat="38.8450498" lon="-104.7057240"/>
 <node id="12104766464" visible="true" version="1" changeset="155118837" timestamp="2024-08-11T19:28:49Z" user="rerobins" uid="614696" lat="38.8450480" lon="-104.7055148"/>
 <node id="12104766465" visible="true" version="1" changeset="155118837" timestamp="2024-08-11T19:28:49Z" user="rerobins" uid="614696" lat="38.8451347" lon="-104.7055136"/>
 <node id="12104766466" visible="true" version="1" changeset="155118837" timestamp="2024-08-11T19:28:49Z" user="rerobins" uid="614696" lat="38.8451357" lon="-104.7056330"/>
 <node id="12104766467" visible="true" version="1" changeset="155118837" timestamp="2024-08-11T19:28:49Z" user="rerobins" uid="614696" lat="38.8451890" lon="-104.7056323"/>
 <node id="12104766468" visible="true" version="1" changeset="155118837" timestamp="2024-08-11T19:28:49Z" user="rerobins" uid="614696" lat="38.8451898" lon="-104.7057220"/>
 <node id="12104766469" visible="true" version="1" changeset="155118837" timestamp="2024-08-11T19:28:49Z" user="rerobins" uid="614696" lat="38.8442661" lon="-104.7058118"/>
 <node id="12104766470" visible="true" version="1" changeset="155118837" timestamp="2024-08-11T19:28:49Z" user="rerobins" uid="614696" lat="38.8443184" lon="-104.7058110"/>
 <node id="12104766471" visible="true" version="1" changeset="155118837" timestamp="2024-08-11T19:28:49Z" user="rerobins" uid="614696" lat="38.8443180" lon="-104.7057735"/>
 <node id="12104766472" visible="true" version="1" changeset="155118837" timestamp="2024-08-11T19:28:49Z" user="rerobins" uid="614696" lat="38.8443953" lon="-104.7057724"/>
 <node id="12104766473" visible="true" version="1" changeset="155118837" timestamp="2024-08-11T19:28:49Z" user="rerobins" uid="614696" lat="38.8443969" lon="-104.7059507"/>
 <node id="12104766474" visible="true" version="1" changeset="155118837" timestamp="2024-08-11T19:28:49Z" user="rerobins" uid="614696" lat="38.8443154" lon="-104.7059518"/>
 <node id="12104766475" visible="true" version="1" changeset="155118837" timestamp="2024-08-11T19:28:49Z" user="rerobins" uid="614696" lat="38.8443148" lon="-104.7058835"/>
 <node id="12104766476" visible="true" version="1" changeset="155118837" timestamp="2024-08-11T19:28:49Z" user="rerobins" uid="614696" lat="38.8442668" lon="-104.7058842"/>
 <node id="12104766477" visible="true" version="1" changeset="155118837" timestamp="2024-08-11T19:28:49Z" user="rerobins" uid="614696" lat="38.8447699" lon="-104.7059598"/>
 <node id="12104766478" visible="true" version="1" changeset="155118837" timestamp="2024-08-11T19:28:49Z" user="rerobins" uid="614696" lat="38.8446885" lon="-104.7059582"/>
 <node id="12104766479" visible="true" version="1" changeset="155118837" timestamp="2024-08-11T19:28:49Z" user="rerobins" uid="614696" lat="38.8446907" lon="-104.7057745"/>
 <node id="12104766480" visible="true" version="1" changeset="155118837" timestamp="2024-08-11T19:28:49Z" user="rerobins" uid="614696" lat="38.8447700" lon="-104.7057760"/>
 <node id="12104766481" visible="true" version="1" changeset="155118837" timestamp="2024-08-11T19:28:49Z" user="rerobins" uid="614696" lat="38.8447694" lon="-104.7058257"/>
 <node id="12104766482" visible="true" version="1" changeset="155118837" timestamp="2024-08-11T19:28:49Z" user="rerobins" uid="614696" lat="38.8447966" lon="-104.7058262"/>
 <node id="12104766483" visible="true" version="1" changeset="155118837" timestamp="2024-08-11T19:28:49Z" user="rerobins" uid="614696" lat="38.8447957" lon="-104.7058986"/>
 <node id="12104766484" visible="true" version="1" changeset="155118837" timestamp="2024-08-11T19:28:49Z" user="rerobins" uid="614696" lat="38.8447707" lon="-104.7058981"/>
 <node id="12104766485" visible="true" version="1" changeset="155118837" timestamp="2024-08-11T19:28:49Z" user="rerobins" uid="614696" lat="38.8451054" lon="-104.7057566"/>
 <node id="12104766486" visible="true" version="1" changeset="155118837" timestamp="2024-08-11T19:28:49Z" user="rerobins" uid="614696" lat="38.8451858" lon="-104.7057574"/>
 <node id="12104766487" visible="true" version="1" changeset="155118837" timestamp="2024-08-11T19:28:49Z" user="rerobins" uid="614696" lat="38.8451845" lon="-104.7059693"/>
 <node id="12104766488" visible="true" version="1" changeset="155118837" timestamp="2024-08-11T19:28:49Z" user="rerobins" uid="614696" lat="38.8451040" lon="-104.7059684"/>
 <node id="12104766489" visible="true" version="1" changeset="155118837" timestamp="2024-08-11T19:28:49Z" user="rerobins" uid="614696" lat="38.8451916" lon="-104.7060032"/>
 <node id="12104766490" visible="true" version="1" changeset="155118837" timestamp="2024-08-11T19:28:49Z" user="rerobins" uid="614696" lat="38.8451949" lon="-104.7062150"/>
 <node id="12104766491" visible="true" version="1" changeset="155118837" timestamp="2024-08-11T19:28:49Z" user="rerobins" uid="614696" lat="38.8451165" lon="-104.7062170"/>
 <node id="12104766492" visible="true" version="1" changeset="155118837" timestamp="2024-08-11T19:28:49Z" user="rerobins" uid="614696" lat="38.8451132" lon="-104.7060052"/>
 <node id="12104766493" visible="true" version="1" changeset="155118837" timestamp="2024-08-11T19:28:49Z" user="rerobins" uid="614696" lat="38.8451939" lon="-104.7062610"/>
 <node id="12104766494" visible="true" version="1" changeset="155118837" timestamp="2024-08-11T19:28:49Z" user="rerobins" uid="614696" lat="38.8451912" lon="-104.7064326"/>
 <node id="12104766495" visible="true" version="1" changeset="155118837" timestamp="2024-08-11T19:28:49Z" user="rerobins" uid="614696" lat="38.8451140" lon="-104.7064306"/>
 <node id="12104766496" visible="true" version="1" changeset="155118837" timestamp="2024-08-11T19:28:49Z" user="rerobins" uid="614696" lat="38.8451166" lon="-104.7062590"/>
 <node id="12104766497" visible="true" version="1" changeset="155118837" timestamp="2024-08-11T19:28:49Z" user="rerobins" uid="614696" lat="38.8451983" lon="-104.7065080"/>
 <node id="12104766498" visible="true" version="1" changeset="155118837" timestamp="2024-08-11T19:28:49Z" user="rerobins" uid="614696" lat="38.8452022" lon="-104.7066837"/>
 <node id="12104766499" visible="true" version="1" changeset="155118837" timestamp="2024-08-11T19:28:49Z" user="rerobins" uid="614696" lat="38.8451219" lon="-104.7066866"/>
 <node id="12104766500" visible="true" version="1" changeset="155118837" timestamp="2024-08-11T19:28:49Z" user="rerobins" uid="614696" lat="38.8451180" lon="-104.7065109"/>
 <node id="12104766501" visible="true" version="1" changeset="155118837" timestamp="2024-08-11T19:28:49Z" user="rerobins" uid="614696" lat="38.8451203" lon="-104.7069230"/>
 <node id="12104766502" visible="true" version="1" changeset="155118837" timestamp="2024-08-11T19:28:49Z" user="rerobins" uid="614696" lat="38.8451172" lon="-104.7067421"/>
 <node id="12104766503" visible="true" version="1" changeset="155118837" timestamp="2024-08-11T19:28:49Z" user="rerobins" uid="614696" lat="38.8451954" lon="-104.7067399"/>
 <node id="12104766504" visible="true" version="1" changeset="155118837" timestamp="2024-08-11T19:28:49Z" user="rerobins" uid="614696" lat="38.8451985" lon="-104.7069207"/>
 <node id="12104766505" visible="true" version="1" changeset="155118837" timestamp="2024-08-11T19:28:49Z" user="rerobins" uid="614696" lat="38.8450658" lon="-104.7069805"/>
 <node id="12104766506" visible="true" version="1" changeset="155118837" timestamp="2024-08-11T19:28:49Z" user="rerobins" uid="614696" lat="38.8452173" lon="-104.7069843"/>
 <node id="12104766507" visible="true" version="1" changeset="155118837" timestamp="2024-08-11T19:28:49Z" user="rerobins" uid="614696" lat="38.8452145" lon="-104.7071627"/>
 <node id="12104766508" visible="true" version="1" changeset="155118837" timestamp="2024-08-11T19:28:49Z" user="rerobins" uid="614696" lat="38.8451184" lon="-104.7071603"/>
 <node id="12104766509" visible="true" version="1" changeset="155118837" timestamp="2024-08-11T19:28:49Z" user="rerobins" uid="614696" lat="38.8451197" lon="-104.7070784"/>
 <node id="12104766510" visible="true" version="1" changeset="155118837" timestamp="2024-08-11T19:28:49Z" user="rerobins" uid="614696" lat="38.8450643" lon="-104.7070770"/>
 <node id="12104766511" visible="true" version="1" changeset="155118837" timestamp="2024-08-11T19:28:49Z" user="rerobins" uid="614696" lat="38.8446901" lon="-104.7060080"/>
 <node id="12104766512" visible="true" version="1" changeset="155118837" timestamp="2024-08-11T19:28:49Z" user="rerobins" uid="614696" lat="38.8447695" lon="-104.7060056"/>
 <node id="12104766513" visible="true" version="1" changeset="155118837" timestamp="2024-08-11T19:28:49Z" user="rerobins" uid="614696" lat="38.8447734" lon="-104.7062201"/>
 <node id="12104766514" visible="true" version="1" changeset="155118837" timestamp="2024-08-11T19:28:49Z" user="rerobins" uid="614696" lat="38.8446940" lon="-104.7062225"/>
 <node id="12104766515" visible="true" version="1" changeset="155118837" timestamp="2024-08-11T19:28:49Z" user="rerobins" uid="614696" lat="38.8446958" lon="-104.7062503"/>
 <node id="12104766516" visible="true" version="1" changeset="155118837" timestamp="2024-08-11T19:28:49Z" user="rerobins" uid="614696" lat="38.8447773" lon="-104.7062519"/>
 <node id="12104766517" visible="true" version="1" changeset="155118837" timestamp="2024-08-11T19:28:49Z" user="rerobins" uid="614696" lat="38.8447748" lon="-104.7064637"/>
 <node id="12104766518" visible="true" version="1" changeset="155118837" timestamp="2024-08-11T19:28:49Z" user="rerobins" uid="614696" lat="38.8446934" lon="-104.7064622"/>
 <node id="12104766519" visible="true" version="1" changeset="155118837" timestamp="2024-08-11T19:28:49Z" user="rerobins" uid="614696" lat="38.8447851" lon="-104.7065681"/>
 <node id="12104766520" visible="true" version="1" changeset="155118837" timestamp="2024-08-11T19:28:49Z" user="rerobins" uid="614696" lat="38.8448179" lon="-104.7066076"/>
 <node id="12104766521" visible="true" version="1" changeset="155118837" timestamp="2024-08-11T19:28:49Z" user="rerobins" uid="614696" lat="38.8448284" lon="-104.7065932"/>
 <node id="12104766522" visible="true" version="1" changeset="155118837" timestamp="2024-08-11T19:28:49Z" user="rerobins" uid="614696" lat="38.8449132" lon="-104.7066949"/>
 <node id="12104766523" visible="true" version="1" changeset="155118837" timestamp="2024-08-11T19:28:49Z" user="rerobins" uid="614696" lat="38.8448398" lon="-104.7067959"/>
 <node id="12104766524" visible="true" version="1" changeset="155118837" timestamp="2024-08-11T19:28:49Z" user="rerobins" uid="614696" lat="38.8447220" lon="-104.7066548"/>
 <node id="12104766525" visible="true" version="1" changeset="155118837" timestamp="2024-08-11T19:28:49Z" user="rerobins" uid="614696" lat="38.8443162" lon="-104.7061875"/>
 <node id="12104766526" visible="true" version="1" changeset="155118837" timestamp="2024-08-11T19:28:49Z" user="rerobins" uid="614696" lat="38.8443156" lon="-104.7061271"/>
 <node id="12104766527" visible="true" version="1" changeset="155118837" timestamp="2024-08-11T19:28:49Z" user="rerobins" uid="614696" lat="38.8442811" lon="-104.7061276"/>
 <node id="12104766528" visible="true" version="1" changeset="155118837" timestamp="2024-08-11T19:28:49Z" user="rerobins" uid="614696" lat="38.8442804" lon="-104.7060539"/>
 <node id="12104766529" visible="true" version="1" changeset="155118837" timestamp="2024-08-11T19:28:49Z" user="rerobins" uid="614696" lat="38.8443159" lon="-104.7060533"/>
 <node id="12104766530" visible="true" version="1" changeset="155118837" timestamp="2024-08-11T19:28:49Z" user="rerobins" uid="614696" lat="38.8443156" lon="-104.7060171"/>
 <node id="12104766531" visible="true" version="1" changeset="155118837" timestamp="2024-08-11T19:28:49Z" user="rerobins" uid="614696" lat="38.8443971" lon="-104.7060158"/>
 <node id="12104766532" visible="true" version="1" changeset="155118837" timestamp="2024-08-11T19:28:49Z" user="rerobins" uid="614696" lat="38.8443987" lon="-104.7061862"/>
 <node id="12104766533" visible="true" version="1" changeset="155118837" timestamp="2024-08-11T19:28:49Z" user="rerobins" uid="614696" lat="38.8444005" lon="-104.7064513"/>
 <node id="12104766534" visible="true" version="1" changeset="155118837" timestamp="2024-08-11T19:28:49Z" user="rerobins" uid="614696" lat="38.8443181" lon="-104.7064532"/>
 <node id="12104766535" visible="true" version="1" changeset="155118837" timestamp="2024-08-11T19:28:49Z" user="rerobins" uid="614696" lat="38.8443155" lon="-104.7062722"/>
 <node id="12104766536" visible="true" version="1" changeset="155118837" timestamp="2024-08-11T19:28:49Z" user="rerobins" uid="614696" lat="38.8443980" lon="-104.7062703"/>
 <node id="12104766537" visible="true" version="1" changeset="155118837" timestamp="2024-08-11T19:28:49Z" user="rerobins" uid="614696" lat="38.8444002" lon="-104.7066740"/>
 <node id="12104766538" visible="true" version="1" changeset="155118837" timestamp="2024-08-11T19:28:49Z" user="rerobins" uid="614696" lat="38.8443209" lon="-104.7066760"/>
 <node id="12104766539" visible="true" version="1" changeset="155118837" timestamp="2024-08-11T19:28:49Z" user="rerobins" uid="614696" lat="38.8443182" lon="-104.7065071"/>
 <node id="12104766540" visible="true" version="1" changeset="155118837" timestamp="2024-08-11T19:28:49Z" user="rerobins" uid="614696" lat="38.8443976" lon="-104.7065051"/>
 <node id="12104766541" visible="true" version="1" changeset="155118837" timestamp="2024-08-11T19:28:49Z" user="rerobins" uid="614696" lat="38.8451678" lon="-104.7081330"/>
 <node id="12104766542" visible="true" version="1" changeset="155118837" timestamp="2024-08-11T19:28:49Z" user="rerobins" uid="614696" lat="38.8450908" lon="-104.7077914"/>
 <node id="12104766543" visible="true" version="1" changeset="155118837" timestamp="2024-08-11T19:28:49Z" user="rerobins" uid="614696" lat="38.8450793" lon="-104.7077957"/>
 <node id="12104766544" visible="true" version="1" changeset="155118837" timestamp="2024-08-11T19:28:49Z" user="rerobins" uid="614696" lat="38.8450514" lon="-104.7076719"/>
 <node id="12104766545" visible="true" version="1" changeset="155118837" timestamp="2024-08-11T19:28:49Z" user="rerobins" uid="614696" lat="38.8451180" lon="-104.7076472"/>
 <node id="12104766546" visible="true" version="1" changeset="155118837" timestamp="2024-08-11T19:28:49Z" user="rerobins" uid="614696" lat="38.8451704" lon="-104.7078799"/>
 <node id="12104766547" visible="true" version="1" changeset="155118837" timestamp="2024-08-11T19:28:49Z" user="rerobins" uid="614696" lat="38.8451762" lon="-104.7078777"/>
 <node id="12104766548" visible="true" version="1" changeset="155118837" timestamp="2024-08-11T19:28:49Z" user="rerobins" uid="614696" lat="38.8452024" lon="-104.7079940"/>
 <node id="12104766549" visible="true" version="1" changeset="155118837" timestamp="2024-08-11T19:28:49Z" user="rerobins" uid="614696" lat="38.8451909" lon="-104.7079983"/>
 <node id="12104766550" visible="true" version="1" changeset="155118837" timestamp="2024-08-11T19:28:49Z" user="rerobins" uid="614696" lat="38.8452171" lon="-104.7081147"/>
 <node id="12104766551" visible="true" version="1" changeset="155118837" timestamp="2024-08-11T19:28:49Z" user="rerobins" uid="614696" lat="38.8448117" lon="-104.7074057"/>
 <node id="12104766552" visible="true" version="1" changeset="155118837" timestamp="2024-08-11T19:28:49Z" user="rerobins" uid="614696" lat="38.8446699" lon="-104.7072387"/>
 <node id="12104766553" visible="true" version="1" changeset="155118837" timestamp="2024-08-11T19:28:49Z" user="rerobins" uid="614696" lat="38.8447095" lon="-104.7071834"/>
 <node id="12104766554" visible="true" version="1" changeset="155118837" timestamp="2024-08-11T19:28:49Z" user="rerobins" uid="614696" lat="38.8448512" lon="-104.7073504"/>
 <node id="12104766555" visible="true" version="1" changeset="155118837" timestamp="2024-08-11T19:28:49Z" user="rerobins" uid="614696" lat="38.8448044" lon="-104.7074240"/>
 <node id="12104766556" visible="true" version="1" changeset="155118837" timestamp="2024-08-11T19:28:49Z" user="rerobins" uid="614696" lat="38.8448480" lon="-104.7073733"/>
 <node id="12104766557" visible="true" version="1" changeset="155118837" timestamp="2024-08-11T19:28:49Z" user="rerobins" uid="614696" lat="38.8449680" lon="-104.7075432"/>
 <node id="12104766558" visible="true" version="1" changeset="155118837" timestamp="2024-08-11T19:28:49Z" user="rerobins" uid="614696" lat="38.8449245" lon="-104.7075939"/>
 <node id="12104766559" visible="true" version="1" changeset="155118837" timestamp="2024-08-11T19:28:49Z" user="rerobins" uid="614696" lat="38.8445828" lon="-104.7070852"/>
 <node id="12104766560" visible="true" version="1" changeset="155118837" timestamp="2024-08-11T19:28:49Z" user="rerobins" uid="614696" lat="38.8446016" lon="-104.7070246"/>
 <node id="12104766561" visible="true" version="1" changeset="155118837" timestamp="2024-08-11T19:28:49Z" user="rerobins" uid="614696" lat="38.8445170" lon="-104.7069814"/>
 <node id="12104766562" visible="true" version="1" changeset="155118837" timestamp="2024-08-11T19:28:49Z" user="rerobins" uid="614696" lat="38.8445290" lon="-104.7069427"/>
 <node id="12104766563" visible="true" version="1" changeset="155118837" timestamp="2024-08-11T19:28:49Z" user="rerobins" uid="614696" lat="38.8444468" lon="-104.7069006"/>
 <node id="12104766564" visible="true" version="1" changeset="155118837" timestamp="2024-08-11T19:28:49Z" user="rerobins" uid="614696" lat="38.8444501" lon="-104.7068899"/>
 <node id="12104766565" visible="true" version="1" changeset="155118837" timestamp="2024-08-11T19:28:49Z" user="rerobins" uid="614696" lat="38.8443557" lon="-104.7068416"/>
 <node id="12104766566" visible="true" version="1" changeset="155118837" timestamp="2024-08-11T19:28:49Z" user="rerobins" uid="614696" lat="38.8443496" lon="-104.7068613"/>
 <node id="12104766567" visible="true" version="1" changeset="155118837" timestamp="2024-08-11T19:28:49Z" user="rerobins" uid="614696" lat="38.8442566" lon="-104.7068138"/>
 <node id="12104766568" visible="true" version="1" changeset="155118837" timestamp="2024-08-11T19:28:49Z" user="rerobins" uid="614696" lat="38.8442343" lon="-104.7068857"/>
 <node id="12104766569" visible="true" version="1" changeset="155118837" timestamp="2024-08-11T19:28:49Z" user="rerobins" uid="614696" lat="38.8443285" lon="-104.7069339"/>
 <node id="12104766570" visible="true" version="1" changeset="155118837" timestamp="2024-08-11T19:28:49Z" user="rerobins" uid="614696" lat="38.8443377" lon="-104.7069041"/>
 <node id="12104766571" visible="true" version="1" changeset="155118837" timestamp="2024-08-11T19:28:49Z" user="rerobins" uid="614696" lat="38.8444272" lon="-104.7069499"/>
 <node id="12104766572" visible="true" version="1" changeset="155118837" timestamp="2024-08-11T19:28:49Z" user="rerobins" uid="614696" lat="38.8444190" lon="-104.7069762"/>
 <node id="12104766573" visible="true" version="1" changeset="155118837" timestamp="2024-08-11T19:28:49Z" user="rerobins" uid="614696" lat="38.8444980" lon="-104.7070165"/>
 <node id="12104766574" visible="true" version="1" changeset="155118837" timestamp="2024-08-11T19:28:49Z" user="rerobins" uid="614696" lat="38.8444912" lon="-104.7070384"/>
 <node id="12104766575" visible="true" version="1" changeset="155118837" timestamp="2024-08-11T19:28:49Z" user="rerobins" uid="614696" lat="38.8443817" lon="-104.7071394"/>
 <node id="12104766576" visible="true" version="1" changeset="155118837" timestamp="2024-08-11T19:28:49Z" user="rerobins" uid="614696" lat="38.8443912" lon="-104.7072711"/>
 <node id="12104766577" visible="true" version="1" changeset="155118837" timestamp="2024-08-11T19:28:49Z" user="rerobins" uid="614696" lat="38.8442524" lon="-104.7072876"/>
 <node id="12104766578" visible="true" version="1" changeset="155118837" timestamp="2024-08-11T19:28:49Z" user="rerobins" uid="614696" lat="38.8442429" lon="-104.7071559"/>
 <node id="12104766579" visible="true" version="1" changeset="155118837" timestamp="2024-08-11T19:28:49Z" user="rerobins" uid="614696" lat="38.8444282" lon="-104.7073616"/>
 <node id="12104766580" visible="true" version="1" changeset="155118837" timestamp="2024-08-11T19:28:49Z" user="rerobins" uid="614696" lat="38.8444992" lon="-104.7072677"/>
 <node id="12104766581" visible="true" version="1" changeset="155118837" timestamp="2024-08-11T19:28:49Z" user="rerobins" uid="614696" lat="38.8445993" lon="-104.7073923"/>
 <node id="12104766582" visible="true" version="1" changeset="155118837" timestamp="2024-08-11T19:28:49Z" user="rerobins" uid="614696" lat="38.8445283" lon="-104.7074863"/>
 <node id="12104766583" visible="true" version="1" changeset="155118837" timestamp="2024-08-11T19:28:49Z" user="rerobins" uid="614696" lat="38.8446636" lon="-104.7074692"/>
 <node id="12104766584" visible="true" version="1" changeset="155118837" timestamp="2024-08-11T19:28:49Z" user="rerobins" uid="614696" lat="38.8447578" lon="-104.7076000"/>
 <node id="12104766585" visible="true" version="1" changeset="155118837" timestamp="2024-08-11T19:28:49Z" user="rerobins" uid="614696" lat="38.8446829" lon="-104.7076890"/>
 <node id="12104766586" visible="true" version="1" changeset="155118837" timestamp="2024-08-11T19:28:49Z" user="rerobins" uid="614696" lat="38.8445887" lon="-104.7075582"/>
 <node id="12104766587" visible="true" version="1" changeset="155118837" timestamp="2024-08-11T19:28:49Z" user="rerobins" uid="614696" lat="38.8447549" lon="-104.7077532"/>
 <node id="12104766588" visible="true" version="1" changeset="155118837" timestamp="2024-08-11T19:28:49Z" user="rerobins" uid="614696" lat="38.8448278" lon="-104.7076648"/>
 <node id="12104766589" visible="true" version="1" changeset="155118837" timestamp="2024-08-11T19:28:49Z" user="rerobins" uid="614696" lat="38.8449238" lon="-104.7077954"/>
 <node id="12104766590" visible="true" version="1" changeset="155118837" timestamp="2024-08-11T19:28:49Z" user="rerobins" uid="614696" lat="38.8448508" lon="-104.7078837"/>
 <node id="12104766591" visible="true" version="1" changeset="155118837" timestamp="2024-08-11T19:28:49Z" user="rerobins" uid="614696" lat="38.8449833" lon="-104.7079605"/>
 <node id="12104766592" visible="true" version="1" changeset="155118837" timestamp="2024-08-11T19:28:49Z" user="rerobins" uid="614696" lat="38.8450133" lon="-104.7081343"/>
 <node id="12104766593" visible="true" version="1" changeset="155118837" timestamp="2024-08-11T19:28:49Z" user="rerobins" uid="614696" lat="38.8449129" lon="-104.7081629"/>
 <node id="12104766594" visible="true" version="1" changeset="155118837" timestamp="2024-08-11T19:28:49Z" user="rerobins" uid="614696" lat="38.8448829" lon="-104.7079891"/>
 <node id="12104766595" visible="true" version="1" changeset="155118837" timestamp="2024-08-11T19:28:49Z" user="rerobins" uid="614696" lat="38.8445230" lon="-104.7079524"/>
 <node id="12104766596" visible="true" version="1" changeset="155118837" timestamp="2024-08-11T19:28:49Z" user="rerobins" uid="614696" lat="38.8446225" lon="-104.7080749"/>
 <node id="12104766597" visible="true" version="1" changeset="155118837" timestamp="2024-08-11T19:28:49Z" user="rerobins" uid="614696" lat="38.8445515" lon="-104.7081698"/>
 <node id="12104766598" visible="true" version="1" changeset="155118837" timestamp="2024-08-11T19:28:49Z" user="rerobins" uid="614696" lat="38.8444520" lon="-104.7080473"/>
 <node id="12104766599" visible="true" version="1" changeset="155118837" timestamp="2024-08-11T19:28:49Z" user="rerobins" uid="614696" lat="38.8444825" lon="-104.7079010"/>
 <node id="12104766600" visible="true" version="1" changeset="155118837" timestamp="2024-08-11T19:28:49Z" user="rerobins" uid="614696" lat="38.8444115" lon="-104.7079954"/>
 <node id="12104766601" visible="true" version="1" changeset="155118837" timestamp="2024-08-11T19:28:49Z" user="rerobins" uid="614696" lat="38.8443120" lon="-104.7078721"/>
 <node id="12104766602" visible="true" version="1" changeset="155118837" timestamp="2024-08-11T19:28:49Z" user="rerobins" uid="614696" lat="38.8443830" lon="-104.7077777"/>
 <node id="12104766603" visible="true" version="1" changeset="155118837" timestamp="2024-08-11T19:28:49Z" user="rerobins" uid="614696" lat="38.8443475" lon="-104.7080750"/>
 <node id="12104766604" visible="true" version="1" changeset="155118837" timestamp="2024-08-11T19:28:49Z" user="rerobins" uid="614696" lat="38.8442793" lon="-104.7081703"/>
 <node id="12104766605" visible="true" version="1" changeset="155118837" timestamp="2024-08-11T19:28:49Z" user="rerobins" uid="614696" lat="38.8441761" lon="-104.7080487"/>
 <node id="12104766606" visible="true" version="1" changeset="155118837" timestamp="2024-08-11T19:28:49Z" user="rerobins" uid="614696" lat="38.8442443" lon="-104.7079534"/>
 <node id="12104766607" visible="true" version="1" changeset="155118837" timestamp="2024-08-11T19:28:49Z" user="rerobins" uid="614696" lat="38.8441775" lon="-104.7076857"/>
 <node id="12104766608" visible="true" version="1" changeset="155118837" timestamp="2024-08-11T19:28:49Z" user="rerobins" uid="614696" lat="38.8442475" lon="-104.7076000"/>
 <node id="12104766609" visible="true" version="1" changeset="155118837" timestamp="2024-08-11T19:28:49Z" user="rerobins" uid="614696" lat="38.8443445" lon="-104.7077306"/>
 <node id="12104766610" visible="true" version="1" changeset="155118837" timestamp="2024-08-11T19:28:49Z" user="rerobins" uid="614696" lat="38.8442745" lon="-104.7078163"/>
 <node id="12104766611" visible="true" version="1" changeset="155118837" timestamp="2024-08-11T19:28:49Z" user="rerobins" uid="614696" lat="38.8439107" lon="-104.7069112"/>
 <node id="12104766612" visible="true" version="1" changeset="155118837" timestamp="2024-08-11T19:28:49Z" user="rerobins" uid="614696" lat="38.8439053" lon="-104.7066432"/>
 <node id="12104766613" visible="true" version="1" changeset="155118837" timestamp="2024-08-11T19:28:49Z" user="rerobins" uid="614696" lat="38.8438886" lon="-104.7066437"/>
 <node id="12104766614" visible="true" version="1" changeset="155118837" timestamp="2024-08-11T19:28:49Z" user="rerobins" uid="614696" lat="38.8438831" lon="-104.7063663"/>
 <node id="12104766615" visible="true" version="1" changeset="155118837" timestamp="2024-08-11T19:28:49Z" user="rerobins" uid="614696" lat="38.8440146" lon="-104.7063620"/>
 <node id="12104766616" visible="true" version="1" changeset="155118837" timestamp="2024-08-11T19:28:49Z" user="rerobins" uid="614696" lat="38.8440154" lon="-104.7064022"/>
 <node id="12104766617" visible="true" version="1" changeset="155118837" timestamp="2024-08-11T19:28:49Z" user="rerobins" uid="614696" lat="38.8440467" lon="-104.7064012"/>
 <node id="12104766618" visible="true" version="1" changeset="155118837" timestamp="2024-08-11T19:28:49Z" user="rerobins" uid="614696" lat="38.8440510" lon="-104.7066169"/>
 <node id="12104766619" visible="true" version="1" changeset="155118837" timestamp="2024-08-11T19:28:49Z" user="rerobins" uid="614696" lat="38.8440395" lon="-104.7066173"/>
 <node id="12104766620" visible="true" version="1" changeset="155118837" timestamp="2024-08-11T19:28:49Z" user="rerobins" uid="614696" lat="38.8440406" lon="-104.7066723"/>
 <node id="12104766621" visible="true" version="1" changeset="155118837" timestamp="2024-08-11T19:28:49Z" user="rerobins" uid="614696" lat="38.8440698" lon="-104.7066713"/>
 <node id="12104766622" visible="true" version="1" changeset="155118837" timestamp="2024-08-11T19:28:49Z" user="rerobins" uid="614696" lat="38.8440738" lon="-104.7068710"/>
 <node id="12104766623" visible="true" version="1" changeset="155118837" timestamp="2024-08-11T19:28:49Z" user="rerobins" uid="614696" lat="38.8440383" lon="-104.7068722"/>
 <node id="12104766624" visible="true" version="1" changeset="155118837" timestamp="2024-08-11T19:28:49Z" user="rerobins" uid="614696" lat="38.8440390" lon="-104.7069070"/>
 <node id="12104766625" visible="true" version="1" changeset="155118837" timestamp="2024-08-11T19:28:49Z" user="rerobins" uid="614696" lat="38.8438802" lon="-104.7052497"/>
 <node id="12104766626" visible="true" version="1" changeset="155118837" timestamp="2024-08-11T19:28:49Z" user="rerobins" uid="614696" lat="38.8440129" lon="-104.7052515"/>
 <node id="12104766627" visible="true" version="1" changeset="155118837" timestamp="2024-08-11T19:28:49Z" user="rerobins" uid="614696" lat="38.8440126" lon="-104.7052864"/>
 <node id="12104766628" visible="true" version="1" changeset="155118837" timestamp="2024-08-11T19:28:49Z" user="rerobins" uid="614696" lat="38.8440471" lon="-104.7052868"/>
 <node id="12104766629" visible="true" version="1" changeset="155118837" timestamp="2024-08-11T19:28:49Z" user="rerobins" uid="614696" lat="38.8440454" lon="-104.7054933"/>
 <node id="12104766630" visible="true" version="1" changeset="155118837" timestamp="2024-08-11T19:28:49Z" user="rerobins" uid="614696" lat="38.8440297" lon="-104.7054931"/>
 <node id="12104766631" visible="true" version="1" changeset="155118837" timestamp="2024-08-11T19:28:49Z" user="rerobins" uid="614696" lat="38.8440292" lon="-104.7055521"/>
 <node id="12104766632" visible="true" version="1" changeset="155118837" timestamp="2024-08-11T19:28:49Z" user="rerobins" uid="614696" lat="38.8440710" lon="-104.7055527"/>
 <node id="12104766633" visible="true" version="1" changeset="155118837" timestamp="2024-08-11T19:28:49Z" user="rerobins" uid="614696" lat="38.8440694" lon="-104.7057565"/>
 <node id="12104766634" visible="true" version="1" changeset="155118837" timestamp="2024-08-11T19:28:49Z" user="rerobins" uid="614696" lat="38.8440360" lon="-104.7057561"/>
 <node id="12104766635" visible="true" version="1" changeset="155118837" timestamp="2024-08-11T19:28:49Z" user="rerobins" uid="614696" lat="38.8440357" lon="-104.7057936"/>
 <node id="12104766636" visible="true" version="1" changeset="155118837" timestamp="2024-08-11T19:28:49Z" user="rerobins" uid="614696" lat="38.8439020" lon="-104.7057918"/>
 <node id="12104766637" visible="true" version="1" changeset="155118837" timestamp="2024-08-11T19:28:49Z" user="rerobins" uid="614696" lat="38.8439041" lon="-104.7055263"/>
 <node id="12104766638" visible="true" version="1" changeset="155118837" timestamp="2024-08-11T19:28:49Z" user="rerobins" uid="614696" lat="38.8438780" lon="-104.7055260"/>
 <node id="12104766639" visible="true" version="1" changeset="155118837" timestamp="2024-08-11T19:28:49Z" user="rerobins" uid="614696" lat="38.8434865" lon="-104.7061097"/>
 <node id="12104766640" visible="true" version="1" changeset="155118837" timestamp="2024-08-11T19:28:49Z" user="rerobins" uid="614696" lat="38.8436387" lon="-104.7060369"/>
 <node id="12104766641" visible="true" version="1" changeset="155118837" timestamp="2024-08-11T19:28:49Z" user="rerobins" uid="614696" lat="38.8437013" lon="-104.7062524"/>
 <node id="12104766642" visible="true" version="1" changeset="155118837" timestamp="2024-08-11T19:28:49Z" user="rerobins" uid="614696" lat="38.8437105" lon="-104.7062480"/>
 <node id="12104766643" visible="true" version="1" changeset="155118837" timestamp="2024-08-11T19:28:49Z" user="rerobins" uid="614696" lat="38.8437829" lon="-104.7064977"/>
 <node id="12104766644" visible="true" version="1" changeset="155118837" timestamp="2024-08-11T19:28:49Z" user="rerobins" uid="614696" lat="38.8437654" lon="-104.7065061"/>
 <node id="12104766645" visible="true" version="1" changeset="155118837" timestamp="2024-08-11T19:28:49Z" user="rerobins" uid="614696" lat="38.8437787" lon="-104.7065520"/>
 <node id="12104766646" visible="true" version="1" changeset="155118837" timestamp="2024-08-11T19:28:49Z" user="rerobins" uid="614696" lat="38.8436466" lon="-104.7066151"/>
 <node id="12104766647" visible="true" version="1" changeset="155118837" timestamp="2024-08-11T19:28:49Z" user="rerobins" uid="614696" lat="38.8435698" lon="-104.7063502"/>
 <node id="12104766648" visible="true" version="1" changeset="155118837" timestamp="2024-08-11T19:28:49Z" user="rerobins" uid="614696" lat="38.8435579" lon="-104.7063559"/>
 <node id="12104766649" visible="true" version="1" changeset="155118837" timestamp="2024-08-11T19:28:49Z" user="rerobins" uid="614696" lat="38.8434163" lon="-104.7067955"/>
 <node id="12104766650" visible="true" version="1" changeset="155118837" timestamp="2024-08-11T19:28:49Z" user="rerobins" uid="614696" lat="38.8436347" lon="-104.7067911"/>
 <node id="12104766651" visible="true" version="1" changeset="155118837" timestamp="2024-08-11T19:28:49Z" user="rerobins" uid="614696" lat="38.8436351" lon="-104.7068259"/>
 <node id="12104766652" visible="true" version="1" changeset="155118837" timestamp="2024-08-11T19:28:49Z" user="rerobins" uid="614696" lat="38.8438428" lon="-104.7068218"/>
 <node id="12104766653" visible="true" version="1" changeset="155118837" timestamp="2024-08-11T19:28:49Z" user="rerobins" uid="614696" lat="38.8438453" lon="-104.7070256"/>
 <node id="12104766654" visible="true" version="1" changeset="155118837" timestamp="2024-08-11T19:28:49Z" user="rerobins" uid="614696" lat="38.8436271" lon="-104.7070300"/>
 <node id="12104766655" visible="true" version="1" changeset="155118837" timestamp="2024-08-11T19:28:49Z" user="rerobins" uid="614696" lat="38.8436268" lon="-104.7070031"/>
 <node id="12104766656" visible="true" version="1" changeset="155118837" timestamp="2024-08-11T19:28:49Z" user="rerobins" uid="614696" lat="38.8434189" lon="-104.7070073"/>
 <node id="12104766657" visible="true" version="1" changeset="155118837" timestamp="2024-08-11T19:28:49Z" user="rerobins" uid="614696" lat="38.8436992" lon="-104.7078319"/>
 <node id="12104766658" visible="true" version="1" changeset="155118837" timestamp="2024-08-11T19:28:49Z" user="rerobins" uid="614696" lat="38.8437577" lon="-104.7078334"/>
 <node id="12104766659" visible="true" version="1" changeset="155118837" timestamp="2024-08-11T19:28:49Z" user="rerobins" uid="614696" lat="38.8437607" lon="-104.7076457"/>
 <node id="12104766660" visible="true" version="1" changeset="155118837" timestamp="2024-08-11T19:28:49Z" user="rerobins" uid="614696" lat="38.8438129" lon="-104.7076471"/>
 <node id="12104766661" visible="true" version="1" changeset="155118837" timestamp="2024-08-11T19:28:49Z" user="rerobins" uid="614696" lat="38.8438137" lon="-104.7075989"/>
 <node id="12104766662" visible="true" version="1" changeset="155118837" timestamp="2024-08-11T19:28:49Z" user="rerobins" uid="614696" lat="38.8438680" lon="-104.7076003"/>
 <node id="12104766663" visible="true" version="1" changeset="155118837" timestamp="2024-08-11T19:28:49Z" user="rerobins" uid="614696" lat="38.8438673" lon="-104.7076432"/>
 <node id="12104766664" visible="true" version="1" changeset="155118837" timestamp="2024-08-11T19:28:49Z" user="rerobins" uid="614696" lat="38.8439061" lon="-104.7076442"/>
 <node id="12104766665" visible="true" version="1" changeset="155118837" timestamp="2024-08-11T19:28:49Z" user="rerobins" uid="614696" lat="38.8439043" lon="-104.7077528"/>
 <node id="12104766666" visible="true" version="1" changeset="155118837" timestamp="2024-08-11T19:28:49Z" user="rerobins" uid="614696" lat="38.8439094" lon="-104.7077530"/>
 <node id="12104766667" visible="true" version="1" changeset="155118837" timestamp="2024-08-11T19:28:49Z" user="rerobins" uid="614696" lat="38.8439071" lon="-104.7078991"/>
 <node id="12104766668" visible="true" version="1" changeset="155118837" timestamp="2024-08-11T19:28:49Z" user="rerobins" uid="614696" lat="38.8438444" lon="-104.7078974"/>
 <node id="12104766669" visible="true" version="1" changeset="155118837" timestamp="2024-08-11T19:28:49Z" user="rerobins" uid="614696" lat="38.8438414" lon="-104.7080878"/>
 <node id="12104766670" visible="true" version="1" changeset="155118837" timestamp="2024-08-11T19:28:49Z" user="rerobins" uid="614696" lat="38.8437903" lon="-104.7080864"/>
 <node id="12104766671" visible="true" version="1" changeset="155118837" timestamp="2024-08-11T19:28:49Z" user="rerobins" uid="614696" lat="38.8437896" lon="-104.7081320"/>
 <node id="12104766672" visible="true" version="1" changeset="155118837" timestamp="2024-08-11T19:28:49Z" user="rerobins" uid="614696" lat="38.8437362" lon="-104.7081306"/>
 <node id="12104766673" visible="true" version="1" changeset="155118837" timestamp="2024-08-11T19:28:49Z" user="rerobins" uid="614696" lat="38.8437369" lon="-104.7080850"/>
 <node id="12104766674" visible="true" version="1" changeset="155118837" timestamp="2024-08-11T19:28:49Z" user="rerobins" uid="614696" lat="38.8436952" lon="-104.7080839"/>
 <node id="12104766675" visible="true" version="1" changeset="155118837" timestamp="2024-08-11T19:28:49Z" user="rerobins" uid="614696" lat="38.8436073" lon="-104.7073329"/>
 <node id="12104766676" visible="true" version="1" changeset="155118837" timestamp="2024-08-11T19:28:49Z" user="rerobins" uid="614696" lat="38.8436426" lon="-104.7073582"/>
 <node id="12104766677" visible="true" version="1" changeset="155118837" timestamp="2024-08-11T19:28:49Z" user="rerobins" uid="614696" lat="38.8437017" lon="-104.7073577"/>
 <node id="12104766678" visible="true" version="1" changeset="155118837" timestamp="2024-08-11T19:28:49Z" user="rerobins" uid="614696" lat="38.8436943" lon="-104.7073524"/>
 <node id="12104766679" visible="true" version="1" changeset="155118837" timestamp="2024-08-11T19:28:49Z" user="rerobins" uid="614696" lat="38.8437766" lon="-104.7073517"/>
 <node id="12104766680" visible="true" version="1" changeset="155118837" timestamp="2024-08-11T19:28:49Z" user="rerobins" uid="614696" lat="38.8437769" lon="-104.7074054"/>
 <node id="12104766681" visible="true" version="1" changeset="155118837" timestamp="2024-08-11T19:28:49Z" user="rerobins" uid="614696" lat="38.8438145" lon="-104.7074051"/>
 <node id="12104766682" visible="true" version="1" changeset="155118837" timestamp="2024-08-11T19:28:49Z" user="rerobins" uid="614696" lat="38.8438148" lon="-104.7074694"/>
 <node id="12104766683" visible="true" version="1" changeset="155118837" timestamp="2024-08-11T19:28:49Z" user="rerobins" uid="614696" lat="38.8437793" lon="-104.7074697"/>
 <node id="12104766684" visible="true" version="1" changeset="155118837" timestamp="2024-08-11T19:28:49Z" user="rerobins" uid="614696" lat="38.8437797" lon="-104.7075475"/>
 <node id="12104766685" visible="true" version="1" changeset="155118837" timestamp="2024-08-11T19:28:49Z" user="rerobins" uid="614696" lat="38.8437497" lon="-104.7075478"/>
 <node id="12104766686" visible="true" version="1" changeset="155118837" timestamp="2024-08-11T19:28:49Z" user="rerobins" uid="614696" lat="38.8437312" lon="-104.7075345"/>
 <node id="12104766687" visible="true" version="1" changeset="155118837" timestamp="2024-08-11T19:28:49Z" user="rerobins" uid="614696" lat="38.8436334" lon="-104.7075353"/>
 <node id="12104766688" visible="true" version="1" changeset="155118837" timestamp="2024-08-11T19:28:49Z" user="rerobins" uid="614696" lat="38.8436336" lon="-104.7075649"/>
 <node id="12104766689" visible="true" version="1" changeset="155118837" timestamp="2024-08-11T19:28:49Z" user="rerobins" uid="614696" lat="38.8436028" lon="-104.7076355"/>
 <node id="12104766690" visible="true" version="1" changeset="155118837" timestamp="2024-08-11T19:28:49Z" user="rerobins" uid="614696" lat="38.8435724" lon="-104.7076136"/>
 <node id="12104766691" visible="true" version="1" changeset="155118837" timestamp="2024-08-11T19:28:49Z" user="rerobins" uid="614696" lat="38.8435096" lon="-104.7076141"/>
 <node id="12104766692" visible="true" version="1" changeset="155118837" timestamp="2024-08-11T19:28:49Z" user="rerobins" uid="614696" lat="38.8435170" lon="-104.7076194"/>
 <node id="12104766693" visible="true" version="1" changeset="155118837" timestamp="2024-08-11T19:28:49Z" user="rerobins" uid="614696" lat="38.8434354" lon="-104.7076201"/>
 <node id="12104766694" visible="true" version="1" changeset="155118837" timestamp="2024-08-11T19:28:49Z" user="rerobins" uid="614696" lat="38.8434352" lon="-104.7075718"/>
 <node id="12104766695" visible="true" version="1" changeset="155118837" timestamp="2024-08-11T19:28:49Z" user="rerobins" uid="614696" lat="38.8433996" lon="-104.7075721"/>
 <node id="12104766696" visible="true" version="1" changeset="155118837" timestamp="2024-08-11T19:28:49Z" user="rerobins" uid="614696" lat="38.8433993" lon="-104.7075011"/>
 <node id="12104766697" visible="true" version="1" changeset="155118837" timestamp="2024-08-11T19:28:49Z" user="rerobins" uid="614696" lat="38.8434348" lon="-104.7075008"/>
 <node id="12104766698" visible="true" version="1" changeset="155118837" timestamp="2024-08-11T19:28:49Z" user="rerobins" uid="614696" lat="38.8434344" lon="-104.7074270"/>
 <node id="12104766699" visible="true" version="1" changeset="155118837" timestamp="2024-08-11T19:28:49Z" user="rerobins" uid="614696" lat="38.8435786" lon="-104.7074258"/>
 <node id="12104766700" visible="true" version="1" changeset="155118837" timestamp="2024-08-11T19:28:49Z" user="rerobins" uid="614696" lat="38.8435783" lon="-104.7073775"/>
 <node id="12104766701" visible="true" version="1" changeset="155118837" timestamp="2024-08-11T19:28:49Z" user="rerobins" uid="614696" lat="38.8436076" lon="-104.7073773"/>
 <node id="12104766702" visible="true" version="1" changeset="155118837" timestamp="2024-08-11T19:28:49Z" user="rerobins" uid="614696" lat="38.8435001" lon="-104.7078598"/>
 <node id="12104766703" visible="true" version="1" changeset="155118837" timestamp="2024-08-11T19:28:49Z" user="rerobins" uid="614696" lat="38.8434559" lon="-104.7079050"/>
 <node id="12104766704" visible="true" version="1" changeset="155118837" timestamp="2024-08-11T19:28:49Z" user="rerobins" uid="614696" lat="38.8435475" lon="-104.7080528"/>
 <node id="12104766705" visible="true" version="1" changeset="155118837" timestamp="2024-08-11T19:28:49Z" user="rerobins" uid="614696" lat="38.8435078" lon="-104.7080933"/>
 <node id="12104766706" visible="true" version="1" changeset="155118837" timestamp="2024-08-11T19:28:49Z" user="rerobins" uid="614696" lat="38.8435307" lon="-104.7081303"/>
 <node id="12104766707" visible="true" version="1" changeset="155118837" timestamp="2024-08-11T19:28:49Z" user="rerobins" uid="614696" lat="38.8434923" lon="-104.7081695"/>
 <node id="12104766708" visible="true" version="1" changeset="155118837" timestamp="2024-08-11T19:28:49Z" user="rerobins" uid="614696" lat="38.8434710" lon="-104.7081350"/>
 <node id="12104766709" visible="true" version="1" changeset="155118837" timestamp="2024-08-11T19:28:49Z" user="rerobins" uid="614696" lat="38.8434364" lon="-104.7081703"/>
 <node id="12104766710" visible="true" version="1" changeset="155118837" timestamp="2024-08-11T19:28:49Z" user="rerobins" uid="614696" lat="38.8433123" lon="-104.7079699"/>
 <node id="12104766711" visible="true" version="1" changeset="155118837" timestamp="2024-08-11T19:28:49Z" user="rerobins" uid="614696" lat="38.8433545" lon="-104.7079267"/>
 <node id="12104766712" visible="true" version="1" changeset="155118837" timestamp="2024-08-11T19:28:49Z" user="rerobins" uid="614696" lat="38.8432639" lon="-104.7077805"/>
 <node id="12104766713" visible="true" version="1" changeset="155118837" timestamp="2024-08-11T19:28:49Z" user="rerobins" uid="614696" lat="38.8433048" lon="-104.7077387"/>
 <node id="12104766714" visible="true" version="1" changeset="155118837" timestamp="2024-08-11T19:28:49Z" user="rerobins" uid="614696" lat="38.8432824" lon="-104.7077026"/>
 <node id="12104766715" visible="true" version="1" changeset="155118837" timestamp="2024-08-11T19:28:49Z" user="rerobins" uid="614696" lat="38.8433234" lon="-104.7076608"/>
 <node id="12104766716" visible="true" version="1" changeset="155118837" timestamp="2024-08-11T19:28:49Z" user="rerobins" uid="614696" lat="38.8433443" lon="-104.7076945"/>
 <node id="12104766717" visible="true" version="1" changeset="155118837" timestamp="2024-08-11T19:28:49Z" user="rerobins" uid="614696" lat="38.8433770" lon="-104.7076611"/>
 <node id="12104766718" visible="true" version="1" changeset="155118837" timestamp="2024-08-11T19:28:49Z" user="rerobins" uid="614696" lat="38.8429763" lon="-104.7071106"/>
 <node id="12104766719" visible="true" version="1" changeset="155118837" timestamp="2024-08-11T19:28:49Z" user="rerobins" uid="614696" lat="38.8430599" lon="-104.7071111"/>
 <node id="12104766720" visible="true" version="1" changeset="155118837" timestamp="2024-08-11T19:28:49Z" user="rerobins" uid="614696" lat="38.8430595" lon="-104.7072089"/>
 <node id="12104766721" visible="true" version="1" changeset="155118837" timestamp="2024-08-11T19:28:49Z" user="rerobins" uid="614696" lat="38.8431108" lon="-104.7072092"/>
 <node id="12104766722" visible="true" version="1" changeset="155118837" timestamp="2024-08-11T19:28:49Z" user="rerobins" uid="614696" lat="38.8431109" lon="-104.7071838"/>
 <node id="12104766723" visible="true" version="1" changeset="155118837" timestamp="2024-08-11T19:28:49Z" user="rerobins" uid="614696" lat="38.8431599" lon="-104.7071841"/>
 <node id="12104766724" visible="true" version="1" changeset="155118837" timestamp="2024-08-11T19:28:49Z" user="rerobins" uid="614696" lat="38.8431594" lon="-104.7073075"/>
 <node id="12104766725" visible="true" version="1" changeset="155118837" timestamp="2024-08-11T19:28:49Z" user="rerobins" uid="614696" lat="38.8430508" lon="-104.7073068"/>
 <node id="12104766726" visible="true" version="1" changeset="155118837" timestamp="2024-08-11T19:28:49Z" user="rerobins" uid="614696" lat="38.8430507" lon="-104.7073242"/>
 <node id="12104766727" visible="true" version="1" changeset="155118837" timestamp="2024-08-11T19:28:49Z" user="rerobins" uid="614696" lat="38.8430048" lon="-104.7073239"/>
 <node id="12104766728" visible="true" version="1" changeset="155118837" timestamp="2024-08-11T19:28:49Z" user="rerobins" uid="614696" lat="38.8430052" lon="-104.7072139"/>
 <node id="12104766729" visible="true" version="1" changeset="155118837" timestamp="2024-08-11T19:28:49Z" user="rerobins" uid="614696" lat="38.8429759" lon="-104.7072137"/>
 <node id="12104772701" visible="true" version="1" changeset="155119000" timestamp="2024-08-11T19:32:57Z" user="rerobins" uid="614696" lat="38.8427646" lon="-104.7075261"/>
 <node id="12104772702" visible="true" version="1" changeset="155119000" timestamp="2024-08-11T19:32:57Z" user="rerobins" uid="614696" lat="38.8427642" lon="-104.7075890"/>
 <node id="12104772703" visible="true" version="1" changeset="155119000" timestamp="2024-08-11T19:32:57Z" user="rerobins" uid="614696" lat="38.8427287" lon="-104.7075887"/>
 <node id="12104772704" visible="true" version="1" changeset="155119000" timestamp="2024-08-11T19:32:57Z" user="rerobins" uid="614696" lat="38.8427283" lon="-104.7076504"/>
 <node id="12104772705" visible="true" version="1" changeset="155119000" timestamp="2024-08-11T19:32:57Z" user="rerobins" uid="614696" lat="38.8425435" lon="-104.7076484"/>
 <node id="12104772706" visible="true" version="1" changeset="155119000" timestamp="2024-08-11T19:32:57Z" user="rerobins" uid="614696" lat="38.8425441" lon="-104.7075694"/>
 <node id="12104772707" visible="true" version="1" changeset="155119000" timestamp="2024-08-11T19:32:57Z" user="rerobins" uid="614696" lat="38.8423531" lon="-104.7079087"/>
 <node id="12104772708" visible="true" version="1" changeset="155119000" timestamp="2024-08-11T19:32:57Z" user="rerobins" uid="614696" lat="38.8423535" lon="-104.7078668"/>
 <node id="12104772709" visible="true" version="1" changeset="155119000" timestamp="2024-08-11T19:32:57Z" user="rerobins" uid="614696" lat="38.8423636" lon="-104.7078387"/>
 <node id="12104772710" visible="true" version="1" changeset="155119000" timestamp="2024-08-11T19:32:57Z" user="rerobins" uid="614696" lat="38.8423474" lon="-104.7078290"/>
 <node id="12104772711" visible="true" version="1" changeset="155119000" timestamp="2024-08-11T19:32:57Z" user="rerobins" uid="614696" lat="38.8423584" lon="-104.7077985"/>
 <node id="12104772712" visible="true" version="1" changeset="155119000" timestamp="2024-08-11T19:32:57Z" user="rerobins" uid="614696" lat="38.8423596" lon="-104.7076904"/>
 <node id="12104772713" visible="true" version="1" changeset="155119000" timestamp="2024-08-11T19:32:57Z" user="rerobins" uid="614696" lat="38.8424013" lon="-104.7076912"/>
 <node id="12104772714" visible="true" version="1" changeset="155119000" timestamp="2024-08-11T19:32:57Z" user="rerobins" uid="614696" lat="38.8424018" lon="-104.7076456"/>
 <node id="12104772715" visible="true" version="1" changeset="155119000" timestamp="2024-08-11T19:32:57Z" user="rerobins" uid="614696" lat="38.8424499" lon="-104.7076464"/>
 <node id="12104772716" visible="true" version="1" changeset="155119000" timestamp="2024-08-11T19:32:57Z" user="rerobins" uid="614696" lat="38.8424494" lon="-104.7076893"/>
 <node id="12104772717" visible="true" version="1" changeset="155119000" timestamp="2024-08-11T19:32:57Z" user="rerobins" uid="614696" lat="38.8425100" lon="-104.7076904"/>
 <node id="12104772718" visible="true" version="1" changeset="155119000" timestamp="2024-08-11T19:32:57Z" user="rerobins" uid="614696" lat="38.8425096" lon="-104.7077294"/>
 <node id="12104772719" visible="true" version="1" changeset="155119000" timestamp="2024-08-11T19:32:57Z" user="rerobins" uid="614696" lat="38.8425010" lon="-104.7077533"/>
 <node id="12104772720" visible="true" version="1" changeset="155119000" timestamp="2024-08-11T19:32:57Z" user="rerobins" uid="614696" lat="38.8424997" lon="-104.7078753"/>
 <node id="12104772721" visible="true" version="1" changeset="155119000" timestamp="2024-08-11T19:32:57Z" user="rerobins" uid="614696" lat="38.8425456" lon="-104.7078761"/>
 <node id="12104772722" visible="true" version="1" changeset="155119000" timestamp="2024-08-11T19:32:57Z" user="rerobins" uid="614696" lat="38.8425453" lon="-104.7079029"/>
 <node id="12104772723" visible="true" version="1" changeset="155119000" timestamp="2024-08-11T19:32:57Z" user="rerobins" uid="614696" lat="38.8425746" lon="-104.7079034"/>
 <node id="12104772724" visible="true" version="1" changeset="155119000" timestamp="2024-08-11T19:32:57Z" user="rerobins" uid="614696" lat="38.8425735" lon="-104.7080076"/>
 <node id="12104772725" visible="true" version="1" changeset="155119000" timestamp="2024-08-11T19:32:57Z" user="rerobins" uid="614696" lat="38.8425524" lon="-104.7080661"/>
 <node id="12104772726" visible="true" version="1" changeset="155119000" timestamp="2024-08-11T19:32:57Z" user="rerobins" uid="614696" lat="38.8425748" lon="-104.7080794"/>
 <node id="12104772727" visible="true" version="1" changeset="155119000" timestamp="2024-08-11T19:32:57Z" user="rerobins" uid="614696" lat="38.8425743" lon="-104.7081260"/>
 <node id="12104772728" visible="true" version="1" changeset="155119000" timestamp="2024-08-11T19:32:57Z" user="rerobins" uid="614696" lat="38.8425263" lon="-104.7081252"/>
 <node id="12104772729" visible="true" version="1" changeset="155119000" timestamp="2024-08-11T19:32:57Z" user="rerobins" uid="614696" lat="38.8425257" lon="-104.7081761"/>
 <node id="12104772730" visible="true" version="1" changeset="155119000" timestamp="2024-08-11T19:32:57Z" user="rerobins" uid="614696" lat="38.8424777" lon="-104.7081753"/>
 <node id="12104772731" visible="true" version="1" changeset="155119000" timestamp="2024-08-11T19:32:57Z" user="rerobins" uid="614696" lat="38.8424782" lon="-104.7081297"/>
 <node id="12104772732" visible="true" version="1" changeset="155119000" timestamp="2024-08-11T19:32:57Z" user="rerobins" uid="614696" lat="38.8424067" lon="-104.7081285"/>
 <node id="12104772733" visible="true" version="1" changeset="155119000" timestamp="2024-08-11T19:32:57Z" user="rerobins" uid="614696" lat="38.8424244" lon="-104.7080792"/>
 <node id="12104772734" visible="true" version="1" changeset="155119000" timestamp="2024-08-11T19:32:57Z" user="rerobins" uid="614696" lat="38.8424258" lon="-104.7079437"/>
 <node id="12104772735" visible="true" version="1" changeset="155119000" timestamp="2024-08-11T19:32:57Z" user="rerobins" uid="614696" lat="38.8424116" lon="-104.7079435"/>
 <node id="12104772736" visible="true" version="1" changeset="155119000" timestamp="2024-08-11T19:32:57Z" user="rerobins" uid="614696" lat="38.8435368" lon="-104.7055276"/>
 <node id="12104772737" visible="true" version="1" changeset="155119000" timestamp="2024-08-11T19:32:57Z" user="rerobins" uid="614696" lat="38.8435684" lon="-104.7056130"/>
 <node id="12104772738" visible="true" version="1" changeset="155119000" timestamp="2024-08-11T19:32:57Z" user="rerobins" uid="614696" lat="38.8435965" lon="-104.7055958"/>
 <node id="12104772739" visible="true" version="1" changeset="155119000" timestamp="2024-08-11T19:32:57Z" user="rerobins" uid="614696" lat="38.8436188" lon="-104.7056560"/>
 <node id="12104772740" visible="true" version="1" changeset="155119000" timestamp="2024-08-11T19:32:57Z" user="rerobins" uid="614696" lat="38.8435957" lon="-104.7056701"/>
 <node id="12104772741" visible="true" version="1" changeset="155119000" timestamp="2024-08-11T19:32:57Z" user="rerobins" uid="614696" lat="38.8436111" lon="-104.7057117"/>
 <node id="12104772742" visible="true" version="1" changeset="155119000" timestamp="2024-08-11T19:32:57Z" user="rerobins" uid="614696" lat="38.8434236" lon="-104.7058260"/>
 <node id="12104772743" visible="true" version="1" changeset="155119000" timestamp="2024-08-11T19:32:57Z" user="rerobins" uid="614696" lat="38.8434369" lon="-104.7058620"/>
 <node id="12104772744" visible="true" version="1" changeset="155119000" timestamp="2024-08-11T19:32:57Z" user="rerobins" uid="614696" lat="38.8432647" lon="-104.7059670"/>
 <node id="12104772745" visible="true" version="1" changeset="155119000" timestamp="2024-08-11T19:32:57Z" user="rerobins" uid="614696" lat="38.8431959" lon="-104.7057809"/>
 <node id="12104772746" visible="true" version="1" changeset="155119000" timestamp="2024-08-11T19:32:57Z" user="rerobins" uid="614696" lat="38.8433715" lon="-104.7056739"/>
 <node id="12104772747" visible="true" version="1" changeset="155119000" timestamp="2024-08-11T19:32:57Z" user="rerobins" uid="614696" lat="38.8433578" lon="-104.7056367"/>
 <node id="12104772748" visible="true" version="1" changeset="155119000" timestamp="2024-08-11T19:32:57Z" user="rerobins" uid="614696" lat="38.8430160" lon="-104.7052789"/>
 <node id="12104772749" visible="true" version="1" changeset="155119000" timestamp="2024-08-11T19:32:57Z" user="rerobins" uid="614696" lat="38.8433975" lon="-104.7050428"/>
 <node id="12104772750" visible="true" version="1" changeset="155119000" timestamp="2024-08-11T19:32:57Z" user="rerobins" uid="614696" lat="38.8434686" lon="-104.7052322"/>
 <node id="12104772751" visible="true" version="1" changeset="155119000" timestamp="2024-08-11T19:32:57Z" user="rerobins" uid="614696" lat="38.8430871" lon="-104.7054682"/>
 <node id="12104772752" visible="true" version="1" changeset="155119000" timestamp="2024-08-11T19:32:57Z" user="rerobins" uid="614696" lat="38.8439299" lon="-104.7046597"/>
 <node id="12104772753" visible="true" version="1" changeset="155119000" timestamp="2024-08-11T19:32:57Z" user="rerobins" uid="614696" lat="38.8439973" lon="-104.7048462"/>
 <node id="12104772754" visible="true" version="1" changeset="155119000" timestamp="2024-08-11T19:32:57Z" user="rerobins" uid="614696" lat="38.8437875" lon="-104.7049711"/>
 <node id="12104772755" visible="true" version="1" changeset="155119000" timestamp="2024-08-11T19:32:57Z" user="rerobins" uid="614696" lat="38.8438026" lon="-104.7050130"/>
 <node id="12104772756" visible="true" version="1" changeset="155119000" timestamp="2024-08-11T19:32:57Z" user="rerobins" uid="614696" lat="38.8436289" lon="-104.7051164"/>
 <node id="12104772757" visible="true" version="1" changeset="155119000" timestamp="2024-08-11T19:32:57Z" user="rerobins" uid="614696" lat="38.8435596" lon="-104.7049243"/>
 <node id="12104772758" visible="true" version="1" changeset="155119000" timestamp="2024-08-11T19:32:57Z" user="rerobins" uid="614696" lat="38.8437410" lon="-104.7048164"/>
 <node id="12104772759" visible="true" version="1" changeset="155119000" timestamp="2024-08-11T19:32:57Z" user="rerobins" uid="614696" lat="38.8437278" lon="-104.7047799"/>
 <node id="12104772760" visible="true" version="1" changeset="155119000" timestamp="2024-08-11T19:32:57Z" user="rerobins" uid="614696" lat="38.8457147" lon="-104.7080507"/>
 <node id="12104772761" visible="true" version="1" changeset="155119000" timestamp="2024-08-11T19:32:57Z" user="rerobins" uid="614696" lat="38.8457134" lon="-104.7081595"/>
 <node id="12104772762" visible="true" version="1" changeset="155119000" timestamp="2024-08-11T19:32:57Z" user="rerobins" uid="614696" lat="38.8455484" lon="-104.7081561"/>
 <node id="12104772763" visible="true" version="1" changeset="155119000" timestamp="2024-08-11T19:32:57Z" user="rerobins" uid="614696" lat="38.8455497" lon="-104.7080474"/>
 <node id="12104772764" visible="true" version="1" changeset="155119000" timestamp="2024-08-11T19:32:57Z" user="rerobins" uid="614696" lat="38.8458554" lon="-104.7080561"/>
 <node id="12104772765" visible="true" version="1" changeset="155119000" timestamp="2024-08-11T19:32:57Z" user="rerobins" uid="614696" lat="38.8459911" lon="-104.7080586"/>
 <node id="12104772766" visible="true" version="1" changeset="155119000" timestamp="2024-08-11T19:32:57Z" user="rerobins" uid="614696" lat="38.8459900" lon="-104.7081632"/>
 <node id="12104772767" visible="true" version="1" changeset="155119000" timestamp="2024-08-11T19:32:57Z" user="rerobins" uid="614696" lat="38.8458542" lon="-104.7081607"/>
 <node id="12104772768" visible="true" version="1" changeset="155119000" timestamp="2024-08-11T19:32:57Z" user="rerobins" uid="614696" lat="38.8460197" lon="-104.7077198"/>
 <node id="12104772769" visible="true" version="1" changeset="155119000" timestamp="2024-08-11T19:32:57Z" user="rerobins" uid="614696" lat="38.8460156" lon="-104.7079304"/>
 <node id="12104772770" visible="true" version="1" changeset="155119000" timestamp="2024-08-11T19:32:57Z" user="rerobins" uid="614696" lat="38.8459342" lon="-104.7079278"/>
 <node id="12104772771" visible="true" version="1" changeset="155119000" timestamp="2024-08-11T19:32:57Z" user="rerobins" uid="614696" lat="38.8459383" lon="-104.7077172"/>
 <node id="12104772772" visible="true" version="1" changeset="155119000" timestamp="2024-08-11T19:32:57Z" user="rerobins" uid="614696" lat="38.8455576" lon="-104.7079194"/>
 <node id="12104772773" visible="true" version="1" changeset="155119000" timestamp="2024-08-11T19:32:57Z" user="rerobins" uid="614696" lat="38.8455535" lon="-104.7077050"/>
 <node id="12104772774" visible="true" version="1" changeset="155119000" timestamp="2024-08-11T19:32:57Z" user="rerobins" uid="614696" lat="38.8456328" lon="-104.7077025"/>
 <node id="12104772775" visible="true" version="1" changeset="155119000" timestamp="2024-08-11T19:32:57Z" user="rerobins" uid="614696" lat="38.8456370" lon="-104.7079169"/>
 <node id="12104772776" visible="true" version="1" changeset="155119000" timestamp="2024-08-11T19:32:57Z" user="rerobins" uid="614696" lat="38.8459453" lon="-104.7076650"/>
 <node id="12104772777" visible="true" version="1" changeset="155119000" timestamp="2024-08-11T19:32:57Z" user="rerobins" uid="614696" lat="38.8459459" lon="-104.7075899"/>
 <node id="12104772778" visible="true" version="1" changeset="155119000" timestamp="2024-08-11T19:32:57Z" user="rerobins" uid="614696" lat="38.8459125" lon="-104.7075894"/>
 <node id="12104772779" visible="true" version="1" changeset="155119000" timestamp="2024-08-11T19:32:57Z" user="rerobins" uid="614696" lat="38.8459134" lon="-104.7074887"/>
 <node id="12104772780" visible="true" version="1" changeset="155119000" timestamp="2024-08-11T19:32:57Z" user="rerobins" uid="614696" lat="38.8460271" lon="-104.7074903"/>
 <node id="12104772781" visible="true" version="1" changeset="155119000" timestamp="2024-08-11T19:32:57Z" user="rerobins" uid="614696" lat="38.8460256" lon="-104.7076661"/>
 <node id="12104772782" visible="true" version="1" changeset="155119000" timestamp="2024-08-11T19:32:57Z" user="rerobins" uid="614696" lat="38.8455499" lon="-104.7076895"/>
 <node id="12104772783" visible="true" version="1" changeset="155119000" timestamp="2024-08-11T19:32:57Z" user="rerobins" uid="614696" lat="38.8455525" lon="-104.7074750"/>
 <node id="12104772784" visible="true" version="1" changeset="155119000" timestamp="2024-08-11T19:32:57Z" user="rerobins" uid="614696" lat="38.8456352" lon="-104.7074766"/>
 <node id="12104772785" visible="true" version="1" changeset="155119000" timestamp="2024-08-11T19:32:57Z" user="rerobins" uid="614696" lat="38.8456347" lon="-104.7075168"/>
 <node id="12104772786" visible="true" version="1" changeset="155119000" timestamp="2024-08-11T19:32:57Z" user="rerobins" uid="614696" lat="38.8456556" lon="-104.7075173"/>
 <node id="12104772787" visible="true" version="1" changeset="155119000" timestamp="2024-08-11T19:32:57Z" user="rerobins" uid="614696" lat="38.8456548" lon="-104.7075789"/>
 <node id="12104772788" visible="true" version="1" changeset="155119000" timestamp="2024-08-11T19:32:57Z" user="rerobins" uid="614696" lat="38.8456328" lon="-104.7075785"/>
 <node id="12104772789" visible="true" version="1" changeset="155119000" timestamp="2024-08-11T19:32:57Z" user="rerobins" uid="614696" lat="38.8456314" lon="-104.7076911"/>
 <node id="12104772790" visible="true" version="1" changeset="155119000" timestamp="2024-08-11T19:32:57Z" user="rerobins" uid="614696" lat="38.8459286" lon="-104.7074393"/>
 <node id="12104772791" visible="true" version="1" changeset="155119000" timestamp="2024-08-11T19:32:57Z" user="rerobins" uid="614696" lat="38.8459294" lon="-104.7072918"/>
 <node id="12104772792" visible="true" version="1" changeset="155119000" timestamp="2024-08-11T19:32:57Z" user="rerobins" uid="614696" lat="38.8458730" lon="-104.7072913"/>
 <node id="12104772793" visible="true" version="1" changeset="155119000" timestamp="2024-08-11T19:32:57Z" user="rerobins" uid="614696" lat="38.8458733" lon="-104.7072243"/>
 <node id="12104772794" visible="true" version="1" changeset="155119000" timestamp="2024-08-11T19:32:57Z" user="rerobins" uid="614696" lat="38.8459402" lon="-104.7072249"/>
 <node id="12104772795" visible="true" version="1" changeset="155119000" timestamp="2024-08-11T19:32:57Z" user="rerobins" uid="614696" lat="38.8459400" lon="-104.7072609"/>
 <node id="12104772796" visible="true" version="1" changeset="155119000" timestamp="2024-08-11T19:32:57Z" user="rerobins" uid="614696" lat="38.8460173" lon="-104.7072616"/>
 <node id="12104772797" visible="true" version="1" changeset="155119000" timestamp="2024-08-11T19:32:57Z" user="rerobins" uid="614696" lat="38.8460163" lon="-104.7074401"/>
 <node id="12104772798" visible="true" version="1" changeset="155119000" timestamp="2024-08-11T19:32:57Z" user="rerobins" uid="614696" lat="38.8456234" lon="-104.7074182"/>
 <node id="12104772799" visible="true" version="1" changeset="155119000" timestamp="2024-08-11T19:32:57Z" user="rerobins" uid="614696" lat="38.8455461" lon="-104.7074173"/>
 <node id="12104772800" visible="true" version="1" changeset="155119000" timestamp="2024-08-11T19:32:57Z" user="rerobins" uid="614696" lat="38.8455471" lon="-104.7072564"/>
 <node id="12104772801" visible="true" version="1" changeset="155119000" timestamp="2024-08-11T19:32:57Z" user="rerobins" uid="614696" lat="38.8456515" lon="-104.7072575"/>
 <node id="12104772802" visible="true" version="1" changeset="155119000" timestamp="2024-08-11T19:32:57Z" user="rerobins" uid="614696" lat="38.8456510" lon="-104.7073353"/>
 <node id="12104772803" visible="true" version="1" changeset="155119000" timestamp="2024-08-11T19:32:57Z" user="rerobins" uid="614696" lat="38.8456239" lon="-104.7073350"/>
 <node id="12104772804" visible="true" version="1" changeset="155119000" timestamp="2024-08-11T19:32:57Z" user="rerobins" uid="614696" lat="38.8460132" lon="-104.7071850"/>
 <node id="12104772805" visible="true" version="1" changeset="155119000" timestamp="2024-08-11T19:32:57Z" user="rerobins" uid="614696" lat="38.8459338" lon="-104.7071873"/>
 <node id="12104772806" visible="true" version="1" changeset="155119000" timestamp="2024-08-11T19:32:57Z" user="rerobins" uid="614696" lat="38.8459302" lon="-104.7069848"/>
 <node id="12104772807" visible="true" version="1" changeset="155119000" timestamp="2024-08-11T19:32:57Z" user="rerobins" uid="614696" lat="38.8460096" lon="-104.7069824"/>
 <node id="12104772808" visible="true" version="1" changeset="155119000" timestamp="2024-08-11T19:32:57Z" user="rerobins" uid="614696" lat="38.8456255" lon="-104.7069993"/>
 <node id="12104772809" visible="true" version="1" changeset="155119000" timestamp="2024-08-11T19:32:57Z" user="rerobins" uid="614696" lat="38.8456266" lon="-104.7071790"/>
 <node id="12104772810" visible="true" version="1" changeset="155119000" timestamp="2024-08-11T19:32:57Z" user="rerobins" uid="614696" lat="38.8455452" lon="-104.7071799"/>
 <node id="12104772811" visible="true" version="1" changeset="155119000" timestamp="2024-08-11T19:32:57Z" user="rerobins" uid="614696" lat="38.8455440" lon="-104.7070002"/>
 <node id="12104772812" visible="true" version="1" changeset="155119000" timestamp="2024-08-11T19:32:57Z" user="rerobins" uid="614696" lat="38.8459367" lon="-104.7069287"/>
 <node id="12104772813" visible="true" version="1" changeset="155119000" timestamp="2024-08-11T19:32:57Z" user="rerobins" uid="614696" lat="38.8459398" lon="-104.7067479"/>
 <node id="12104772814" visible="true" version="1" changeset="155119000" timestamp="2024-08-11T19:32:57Z" user="rerobins" uid="614696" lat="38.8460212" lon="-104.7067501"/>
 <node id="12104772815" visible="true" version="1" changeset="155119000" timestamp="2024-08-11T19:32:57Z" user="rerobins" uid="614696" lat="38.8460182" lon="-104.7069309"/>
 <node id="12104772816" visible="true" version="1" changeset="155119000" timestamp="2024-08-11T19:32:57Z" user="rerobins" uid="614696" lat="38.8456848" lon="-104.7067420"/>
 <node id="12104772817" visible="true" version="1" changeset="155119000" timestamp="2024-08-11T19:32:57Z" user="rerobins" uid="614696" lat="38.8456882" lon="-104.7069457"/>
 <node id="12104772818" visible="true" version="1" changeset="155119000" timestamp="2024-08-11T19:32:57Z" user="rerobins" uid="614696" lat="38.8455462" lon="-104.7069496"/>
 <node id="12104772819" visible="true" version="1" changeset="155119000" timestamp="2024-08-11T19:32:57Z" user="rerobins" uid="614696" lat="38.8455447" lon="-104.7068611"/>
 <node id="12104772820" visible="true" version="1" changeset="155119000" timestamp="2024-08-11T19:32:57Z" user="rerobins" uid="614696" lat="38.8456032" lon="-104.7068595"/>
 <node id="12104772821" visible="true" version="1" changeset="155119000" timestamp="2024-08-11T19:32:57Z" user="rerobins" uid="614696" lat="38.8456013" lon="-104.7067442"/>
 <node id="12104772822" visible="true" version="1" changeset="155119000" timestamp="2024-08-11T19:32:57Z" user="rerobins" uid="614696" lat="38.8455446" lon="-104.7066883"/>
 <node id="12104772823" visible="true" version="1" changeset="155119000" timestamp="2024-08-11T19:32:57Z" user="rerobins" uid="614696" lat="38.8455416" lon="-104.7065087"/>
 <node id="12104772824" visible="true" version="1" changeset="155119000" timestamp="2024-08-11T19:32:57Z" user="rerobins" uid="614696" lat="38.8456188" lon="-104.7065065"/>
 <node id="12104772825" visible="true" version="1" changeset="155119000" timestamp="2024-08-11T19:32:57Z" user="rerobins" uid="614696" lat="38.8456219" lon="-104.7066862"/>
 <node id="12104772826" visible="true" version="1" changeset="155119000" timestamp="2024-08-11T19:32:57Z" user="rerobins" uid="614696" lat="38.8459427" lon="-104.7065663"/>
 <node id="12104772827" visible="true" version="1" changeset="155119000" timestamp="2024-08-11T19:32:57Z" user="rerobins" uid="614696" lat="38.8459156" lon="-104.7065652"/>
 <node id="12104772828" visible="true" version="1" changeset="155119000" timestamp="2024-08-11T19:32:57Z" user="rerobins" uid="614696" lat="38.8459173" lon="-104.7064914"/>
 <node id="12104772829" visible="true" version="1" changeset="155119000" timestamp="2024-08-11T19:32:57Z" user="rerobins" uid="614696" lat="38.8460249" lon="-104.7064955"/>
 <node id="12104772830" visible="true" version="1" changeset="155119000" timestamp="2024-08-11T19:32:57Z" user="rerobins" uid="614696" lat="38.8460201" lon="-104.7067007"/>
 <node id="12104772831" visible="true" version="1" changeset="155119000" timestamp="2024-08-11T19:32:57Z" user="rerobins" uid="614696" lat="38.8459396" lon="-104.7066976"/>
 <node id="12104772832" visible="true" version="1" changeset="155119000" timestamp="2024-08-11T19:32:57Z" user="rerobins" uid="614696" lat="38.8460216" lon="-104.7062726"/>
 <node id="12104772833" visible="true" version="1" changeset="155119000" timestamp="2024-08-11T19:32:57Z" user="rerobins" uid="614696" lat="38.8460226" lon="-104.7064281"/>
 <node id="12104772834" visible="true" version="1" changeset="155119000" timestamp="2024-08-11T19:32:57Z" user="rerobins" uid="614696" lat="38.8459391" lon="-104.7064290"/>
 <node id="12104772835" visible="true" version="1" changeset="155119000" timestamp="2024-08-11T19:32:57Z" user="rerobins" uid="614696" lat="38.8459380" lon="-104.7062735"/>
 <node id="12104772836" visible="true" version="1" changeset="155119000" timestamp="2024-08-11T19:32:57Z" user="rerobins" uid="614696" lat="38.8456311" lon="-104.7062469"/>
 <node id="12104772837" visible="true" version="1" changeset="155119000" timestamp="2024-08-11T19:32:57Z" user="rerobins" uid="614696" lat="38.8456284" lon="-104.7064587"/>
 <node id="12104772838" visible="true" version="1" changeset="155119000" timestamp="2024-08-11T19:32:57Z" user="rerobins" uid="614696" lat="38.8455386" lon="-104.7064568"/>
 <node id="12104772839" visible="true" version="1" changeset="155119000" timestamp="2024-08-11T19:32:57Z" user="rerobins" uid="614696" lat="38.8455413" lon="-104.7062449"/>
 <node id="12104772840" visible="true" version="1" changeset="155119000" timestamp="2024-08-11T19:32:57Z" user="rerobins" uid="614696" lat="38.8460142" lon="-104.7060114"/>
 <node id="12104772841" visible="true" version="1" changeset="155119000" timestamp="2024-08-11T19:32:57Z" user="rerobins" uid="614696" lat="38.8460166" lon="-104.7061911"/>
 <node id="12104772842" visible="true" version="1" changeset="155119000" timestamp="2024-08-11T19:32:57Z" user="rerobins" uid="614696" lat="38.8459164" lon="-104.7061933"/>
 <node id="12104772843" visible="true" version="1" changeset="155119000" timestamp="2024-08-11T19:32:57Z" user="rerobins" uid="614696" lat="38.8459154" lon="-104.7061236"/>
 <node id="12104772844" visible="true" version="1" changeset="155119000" timestamp="2024-08-11T19:32:57Z" user="rerobins" uid="614696" lat="38.8459342" lon="-104.7061232"/>
 <node id="12104772845" visible="true" version="1" changeset="155119000" timestamp="2024-08-11T19:32:57Z" user="rerobins" uid="614696" lat="38.8459327" lon="-104.7060133"/>
 <node id="12104772846" visible="true" version="1" changeset="155119000" timestamp="2024-08-11T19:32:57Z" user="rerobins" uid="614696" lat="38.8455335" lon="-104.7061968"/>
 <node id="12104772847" visible="true" version="1" changeset="155119000" timestamp="2024-08-11T19:32:57Z" user="rerobins" uid="614696" lat="38.8455355" lon="-104.7060118"/>
 <node id="12104772848" visible="true" version="1" changeset="155119000" timestamp="2024-08-11T19:32:57Z" user="rerobins" uid="614696" lat="38.8456212" lon="-104.7060134"/>
 <node id="12104772849" visible="true" version="1" changeset="155119000" timestamp="2024-08-11T19:32:57Z" user="rerobins" uid="614696" lat="38.8456191" lon="-104.7061984"/>
 <node id="12104772850" visible="true" version="1" changeset="155119000" timestamp="2024-08-11T19:32:57Z" user="rerobins" uid="614696" lat="38.8460082" lon="-104.7059609"/>
 <node id="12104772851" visible="true" version="1" changeset="155119000" timestamp="2024-08-11T19:32:57Z" user="rerobins" uid="614696" lat="38.8459279" lon="-104.7059587"/>
 <node id="12104772852" visible="true" version="1" changeset="155119000" timestamp="2024-08-11T19:32:57Z" user="rerobins" uid="614696" lat="38.8459314" lon="-104.7057469"/>
 <node id="12104772853" visible="true" version="1" changeset="155119000" timestamp="2024-08-11T19:32:57Z" user="rerobins" uid="614696" lat="38.8460117" lon="-104.7057491"/>
 <node id="12104772854" visible="true" version="1" changeset="155119000" timestamp="2024-08-11T19:32:57Z" user="rerobins" uid="614696" lat="38.8460242" lon="-104.7055114"/>
 <node id="12104772855" visible="true" version="1" changeset="155119000" timestamp="2024-08-11T19:32:57Z" user="rerobins" uid="614696" lat="38.8460272" lon="-104.7056803"/>
 <node id="12104772856" visible="true" version="1" changeset="155119000" timestamp="2024-08-11T19:32:57Z" user="rerobins" uid="614696" lat="38.8459468" lon="-104.7056826"/>
 <node id="12104772857" visible="true" version="1" changeset="155119000" timestamp="2024-08-11T19:32:57Z" user="rerobins" uid="614696" lat="38.8459438" lon="-104.7055137"/>
 <node id="12104772858" visible="true" version="1" changeset="155119000" timestamp="2024-08-11T19:32:57Z" user="rerobins" uid="614696" lat="38.8457808" lon="-104.7053020"/>
 <node id="12104772859" visible="true" version="1" changeset="155119000" timestamp="2024-08-11T19:32:57Z" user="rerobins" uid="614696" lat="38.8460043" lon="-104.7052975"/>
 <node id="12104772860" visible="true" version="1" changeset="155119000" timestamp="2024-08-11T19:32:57Z" user="rerobins" uid="614696" lat="38.8460056" lon="-104.7054021"/>
 <node id="12104772861" visible="true" version="1" changeset="155119000" timestamp="2024-08-11T19:32:57Z" user="rerobins" uid="614696" lat="38.8457821" lon="-104.7054066"/>
 <node id="12104772862" visible="true" version="1" changeset="155119000" timestamp="2024-08-11T19:32:57Z" user="rerobins" uid="614696" lat="38.8457381" lon="-104.7052905"/>
 <node id="12104772863" visible="true" version="1" changeset="155119000" timestamp="2024-08-11T19:32:57Z" user="rerobins" uid="614696" lat="38.8457409" lon="-104.7053962"/>
 <node id="12104772864" visible="true" version="1" changeset="155119000" timestamp="2024-08-11T19:32:57Z" user="rerobins" uid="614696" lat="38.8455970" lon="-104.7054026"/>
 <node id="12104772865" visible="true" version="1" changeset="155119000" timestamp="2024-08-11T19:32:57Z" user="rerobins" uid="614696" lat="38.8455941" lon="-104.7052969"/>
 <node id="12104772866" visible="true" version="1" changeset="155119000" timestamp="2024-08-11T19:32:57Z" user="rerobins" uid="614696" lat="38.8456251" lon="-104.7055111"/>
 <node id="12104772867" visible="true" version="1" changeset="155119000" timestamp="2024-08-11T19:32:57Z" user="rerobins" uid="614696" lat="38.8456273" lon="-104.7057229"/>
 <node id="12104772868" visible="true" version="1" changeset="155119000" timestamp="2024-08-11T19:32:57Z" user="rerobins" uid="614696" lat="38.8455479" lon="-104.7057243"/>
 <node id="12104772869" visible="true" version="1" changeset="155119000" timestamp="2024-08-11T19:32:57Z" user="rerobins" uid="614696" lat="38.8455457" lon="-104.7055124"/>
 <node id="12104772870" visible="true" version="1" changeset="155119000" timestamp="2024-08-11T19:32:57Z" user="rerobins" uid="614696" lat="38.8456844" lon="-104.7057604"/>
 <node id="12104772871" visible="true" version="1" changeset="155119000" timestamp="2024-08-11T19:32:57Z" user="rerobins" uid="614696" lat="38.8456853" lon="-104.7059267"/>
 <node id="12104772872" visible="true" version="1" changeset="155119000" timestamp="2024-08-11T19:32:57Z" user="rerobins" uid="614696" lat="38.8456112" lon="-104.7059274"/>
 <node id="12104772873" visible="true" version="1" changeset="155119000" timestamp="2024-08-11T19:32:57Z" user="rerobins" uid="614696" lat="38.8456114" lon="-104.7059596"/>
 <node id="12104772874" visible="true" version="1" changeset="155119000" timestamp="2024-08-11T19:32:57Z" user="rerobins" uid="614696" lat="38.8455413" lon="-104.7059602"/>
 <node id="12104772875" visible="true" version="1" changeset="155119000" timestamp="2024-08-11T19:32:57Z" user="rerobins" uid="614696" lat="38.8455409" lon="-104.7058782"/>
 <node id="12104772876" visible="true" version="1" changeset="155119000" timestamp="2024-08-11T19:32:57Z" user="rerobins" uid="614696" lat="38.8455973" lon="-104.7058777"/>
 <node id="12104772877" visible="true" version="1" changeset="155119000" timestamp="2024-08-11T19:32:57Z" user="rerobins" uid="614696" lat="38.8455967" lon="-104.7057612"/>
 <node id="12614341479" visible="true" version="1" changeset="162874614" timestamp="2025-02-24T03:10:29Z" user="Vegabond78" uid="22488066" lat="38.8508614" lon="-104.6983977">
  <tag k="bus" v="yes"/>
  <tag k="highway" v="bus_stop"/>
  <tag k="name" v="Peterson/Mascalero"/>
  <tag k="public_transport" v="platform"/>
  <tag k="ref" v="1624"/>
 </node>
 <node id="12614341486" visible="true" version="1" changeset="162874614" timestamp="2025-02-24T03:10:29Z" user="Vegabond78" uid="22488066" lat="38.8461100" lon="-104.7086136">
  <tag k="bus" v="yes"/>
  <tag k="highway" v="bus_stop"/>
  <tag k="name" v="Galley/Hathaway"/>
  <tag k="public_transport" v="platform"/>
 </node>
 <node id="12614341487" visible="true" version="1" changeset="162874614" timestamp="2025-02-24T03:10:29Z" user="Vegabond78" uid="22488066" lat="38.8463113" lon="-104.7092090">
  <tag k="bus" v="yes"/>
  <tag k="highway" v="bus_stop"/>
  <tag k="name" v="Galley/Hathaway"/>
  <tag k="public_transport" v="platform"/>
  <tag k="ref" v="2309"/>
 </node>
 <node id="12614341488" visible="true" version="1" changeset="162874614" timestamp="2025-02-24T03:10:29Z" user="Vegabond78" uid="22488066" lat="38.8463182" lon="-104.7122900">
  <tag k="bus" v="yes"/>
  <tag k="highway" v="bus_stop"/>
  <tag k="name" v="Galley/Ford"/>
  <tag k="public_transport" v="platform"/>
  <tag k="ref" v="2080"/>
 </node>
 <node id="12614341489" visible="true" version="1" changeset="162874614" timestamp="2025-02-24T03:10:29Z" user="Vegabond78" uid="22488066" lat="38.8461302" lon="-104.7140531">
  <tag k="bus" v="yes"/>
  <tag k="highway" v="bus_stop"/>
  <tag k="name" v="Galley/Valley"/>
  <tag k="public_transport" v="platform"/>
 </node>
 <node id="12614341490" visible="true" version="1" changeset="162874614" timestamp="2025-02-24T03:10:29Z" user="Vegabond78" uid="22488066" lat="38.8463134" lon="-104.7149722">
  <tag k="bus" v="yes"/>
  <tag k="highway" v="bus_stop"/>
  <tag k="name" v="Galley/Valley"/>
  <tag k="public_transport" v="platform"/>
  <tag k="ref" v="1650"/>
 </node>
 <node id="12614341492" visible="true" version="1" changeset="162874614" timestamp="2025-02-24T03:10:29Z" user="Vegabond78" uid="22488066" lat="38.8461186" lon="-104.7173433">
  <tag k="bus" v="yes"/>
  <tag k="highway" v="bus_stop"/>
  <tag k="name" v="5910 Galley"/>
  <tag k="public_transport" v="platform"/>
  <tag k="ref" v="0153"/>
 </node>
 <node id="13366725673" visible="true" version="1" changeset="175753949" timestamp="2025-12-10T11:15:02Z" user="tkotnala_lyft" uid="21672285" lat="38.8416946" lon="-104.7158888"/>
 <node id="13366725674" visible="true" version="1" changeset="175753949" timestamp="2025-12-10T11:15:02Z" user="tkotnala_lyft" uid="21672285" lat="38.8417368" lon="-104.7162141">
  <tag k="barrier" v="gate"/>
 </node>
 <node id="13366725675" visible="true" version="1" changeset="175753949" timestamp="2025-12-10T11:15:02Z" user="tkotnala_lyft" uid="21672285" lat="38.8417347" lon="-104.7167425"/>
 <node id="13366725676" visible="true" version="1" changeset="175753949" timestamp="2025-12-10T11:15:02Z" user="tkotnala_lyft" uid="21672285" lat="38.8417092" lon="-104.7160670"/>
 <node id="13926157249" visible="true" version="1" changeset="183922803" timestamp="2026-06-10T12:57:44Z" user="Abaluni_Lyft" uid="23086916" lat="38.8423891" lon="-104.7111419"/>
 <node id="13926157250" visible="true" version="1" changeset="183922803" timestamp="2026-06-10T12:57:44Z" user="Abaluni_Lyft" uid="23086916" lat="38.8410926" lon="-104.7111035"/>
 <node id="13954616090" visible="true" version="1" changeset="184369921" timestamp="2026-06-20T22:13:56Z" user="HopsAndSpokes" uid="5593540" lat="38.8461103" lon="-104.7157883"/>
 <node id="13954616091" visible="true" version="1" changeset="184369921" timestamp="2026-06-20T22:13:56Z" user="HopsAndSpokes" uid="5593540" lat="38.8461116" lon="-104.7158824">
  <tag k="crossing" v="unmarked"/>
  <tag k="crossing:markings" v="no"/>
  <tag k="highway" v="crossing"/>
 </node>
 <node id="13954616092" visible="true" version="1" changeset="184369921" timestamp="2026-06-20T22:13:56Z" user="HopsAndSpokes" uid="5593540" lat="38.8463127" lon="-104.7168936"/>
 <node id="13954616093" visible="true" version="1" changeset="184369921" timestamp="2026-06-20T22:13:56Z" user="HopsAndSpokes" uid="5593540" lat="38.8463143" lon="-104.7161298"/>
 <node id="13954616094" visible="true" version="1" changeset="184369921" timestamp="2026-06-20T22:13:56Z" user="HopsAndSpokes" uid="5593540" lat="38.8463474" lon="-104.7160644"/>
 <node id="13954616095" visible="true" version="1" changeset="184369921" timestamp="2026-06-20T22:13:56Z" user="HopsAndSpokes" uid="5593540" lat="38.8463460" lon="-104.7159989"/>
 <node id="13954616096" visible="true" version="1" changeset="184369921" timestamp="2026-06-20T22:13:56Z" user="HopsAndSpokes" uid="5593540" lat="38.8463446" lon="-104.7157883"/>
 <node id="13954616097" visible="true" version="1" changeset="184369921" timestamp="2026-06-20T22:13:56Z" user="HopsAndSpokes" uid="5593540" lat="38.8463452" lon="-104.7158828">
  <tag k="crossing" v="uncontrolled"/>
  <tag k="crossing:markings" v="yes"/>
  <tag k="highway" v="crossing"/>
 </node>
 <node id="13954616098" visible="true" version="1" changeset="184369921" timestamp="2026-06-20T22:13:56Z" user="HopsAndSpokes" uid="5593540" lat="38.8463170" lon="-104.7156343"/>
 <node id="13954616099" visible="true" version="1" changeset="184369921" timestamp="2026-06-20T22:13:56Z" user="HopsAndSpokes" uid="5593540" lat="38.8463074" lon="-104.7152981"/>
 <node id="13954616100" visible="true" version="1" changeset="184369921" timestamp="2026-06-20T22:13:56Z" user="HopsAndSpokes" uid="5593540" lat="38.8461095" lon="-104.7157354"/>
 <node id="13954652289" visible="true" version="1" changeset="184370135" timestamp="2026-06-20T22:23:46Z" user="HopsAndSpokes" uid="5593540" lat="38.8449711" lon="-104.7017192"/>
 <node id="13954652290" visible="true" version="1" changeset="184370135" timestamp="2026-06-20T22:23:46Z" user="HopsAndSpokes" uid="5593540" lat="38.8452291" lon="-104.7019700"/>
 <node id="13954652291" visible="true" version="1" changeset="184370135" timestamp="2026-06-20T22:23:46Z" user="HopsAndSpokes" uid="5593540" lat="38.8454829" lon="-104.7023415"/>
 <node id="13954652292" visible="true" version="1" changeset="184370135" timestamp="2026-06-20T22:23:46Z" user="HopsAndSpokes" uid="5593540" lat="38.8457159" lon="-104.7028619"/>
 <node id="13954652293" visible="true" version="1" changeset="184370135" timestamp="2026-06-20T22:23:46Z" user="HopsAndSpokes" uid="5593540" lat="38.8458099" lon="-104.7031274"/>
 <node id="13954652294" visible="true" version="1" changeset="184370135" timestamp="2026-06-20T22:23:46Z" user="HopsAndSpokes" uid="5593540" lat="38.8461107" lon="-104.7038556"/>
 <node id="13954652295" visible="true" version="1" changeset="184370135" timestamp="2026-06-20T22:23:46Z" user="HopsAndSpokes" uid="5593540" lat="38.8462110" lon="-104.7041909"/>
 <node id="13954652296" visible="true" version="1" changeset="184370135" timestamp="2026-06-20T22:23:46Z" user="HopsAndSpokes" uid="5593540" lat="38.8462778" lon="-104.7046455"/>
 <node id="13954652297" visible="true" version="1" changeset="184370135" timestamp="2026-06-20T22:23:46Z" user="HopsAndSpokes" uid="5593540" lat="38.8462883" lon="-104.7049929"/>
 <node id="13954652298" visible="true" version="1" changeset="184370135" timestamp="2026-06-20T22:23:46Z" user="HopsAndSpokes" uid="5593540" lat="38.8462945" lon="-104.7053188"/>
 <node id="13954652299" visible="true" version="1" changeset="184370135" timestamp="2026-06-20T22:23:46Z" user="HopsAndSpokes" uid="5593540" lat="38.8454135" lon="-104.7022399">
  <tag k="highway" v="crossing"/>
 </node>
 <node id="13954652300" visible="true" version="1" changeset="184370135" timestamp="2026-06-20T22:23:46Z" user="HopsAndSpokes" uid="5593540" lat="38.8457464" lon="-104.7029481">
  <tag k="highway" v="crossing"/>
 </node>
 <node id="13954652901" visible="true" version="1" changeset="184369921" timestamp="2026-06-20T22:13:56Z" user="HopsAndSpokes" uid="5593540" lat="38.8461263" lon="-104.7156999"/>
 <node id="13954652902" visible="true" version="1" changeset="184369921" timestamp="2026-06-20T22:13:56Z" user="HopsAndSpokes" uid="5593540" lat="38.8461287" lon="-104.7149050"/>
 <node id="13954652903" visible="true" version="1" changeset="184369921" timestamp="2026-06-20T22:13:56Z" user="HopsAndSpokes" uid="5593540" lat="38.8461071" lon="-104.7148711"/>
 <node id="13954652904" visible="true" version="1" changeset="184369921" timestamp="2026-06-20T22:13:56Z" user="HopsAndSpokes" uid="5593540" lat="38.8461131" lon="-104.7147602"/>
 <node id="13954652905" visible="true" version="1" changeset="184369921" timestamp="2026-06-20T22:13:56Z" user="HopsAndSpokes" uid="5593540" lat="38.8461167" lon="-104.7139283"/>
 <node id="13954652906" visible="true" version="1" changeset="184369921" timestamp="2026-06-20T22:13:56Z" user="HopsAndSpokes" uid="5593540" lat="38.8461134" lon="-104.7146879">
  <tag k="highway" v="crossing"/>
 </node>
 <node id="13954652907" visible="true" version="1" changeset="184369921" timestamp="2026-06-20T22:13:56Z" user="HopsAndSpokes" uid="5593540" lat="38.8461143" lon="-104.7137728"/>
 <node id="13954652908" visible="true" version="1" changeset="184369921" timestamp="2026-06-20T22:13:56Z" user="HopsAndSpokes" uid="5593540" lat="38.8461157" lon="-104.7138667">
  <tag k="crossing" v="uncontrolled"/>
  <tag k="crossing:markings" v="yes"/>
  <tag k="highway" v="crossing"/>
 </node>
 <node id="13954652909" visible="true" version="1" changeset="184369921" timestamp="2026-06-20T22:13:56Z" user="HopsAndSpokes" uid="5593540" lat="38.8461179" lon="-104.7120350"/>
 <node id="13954652910" visible="true" version="1" changeset="184369921" timestamp="2026-06-20T22:13:56Z" user="HopsAndSpokes" uid="5593540" lat="38.8461322" lon="-104.7118856"/>
 <node id="13954652911" visible="true" version="1" changeset="184369921" timestamp="2026-06-20T22:13:56Z" user="HopsAndSpokes" uid="5593540" lat="38.8461299" lon="-104.7107579"/>
 <node id="13954652912" visible="true" version="1" changeset="184369921" timestamp="2026-06-20T22:13:56Z" user="HopsAndSpokes" uid="5593540" lat="38.8461295" lon="-104.7119143">
  <tag k="highway" v="crossing"/>
 </node>
 <node id="13954652913" visible="true" version="1" changeset="184369921" timestamp="2026-06-20T22:13:56Z" user="HopsAndSpokes" uid="5593540" lat="38.8461299" lon="-104.7105762"/>
 <node id="13954652914" visible="true" version="1" changeset="184369921" timestamp="2026-06-20T22:13:56Z" user="HopsAndSpokes" uid="5593540" lat="38.8461299" lon="-104.7106726">
  <tag k="crossing" v="uncontrolled"/>
  <tag k="crossing:markings" v="yes"/>
  <tag k="highway" v="crossing"/>
 </node>
 <node id="13954652915" visible="true" version="1" changeset="184369921" timestamp="2026-06-20T22:13:56Z" user="HopsAndSpokes" uid="5593540" lat="38.8461102" lon="-104.7092892"/>
 <node id="13954652916" visible="true" version="1" changeset="184369921" timestamp="2026-06-20T22:13:56Z" user="HopsAndSpokes" uid="5593540" lat="38.8460936" lon="-104.7092096"/>
 <node id="13954652917" visible="true" version="1" changeset="184369921" timestamp="2026-06-20T22:13:56Z" user="HopsAndSpokes" uid="5593540" lat="38.8460964" lon="-104.7090150"/>
 <node id="13954652918" visible="true" version="1" changeset="184369921" timestamp="2026-06-20T22:13:56Z" user="HopsAndSpokes" uid="5593540" lat="38.8461006" lon="-104.7084368"/>
 <node id="13954652919" visible="true" version="1" changeset="184369921" timestamp="2026-06-20T22:13:56Z" user="HopsAndSpokes" uid="5593540" lat="38.8460956" lon="-104.7090690">
  <tag k="highway" v="crossing"/>
 </node>
 <node id="13954652920" visible="true" version="1" changeset="184369921" timestamp="2026-06-20T22:13:56Z" user="HopsAndSpokes" uid="5593540" lat="38.8475491" lon="-104.7119015"/>
 <node id="13954652921" visible="true" version="1" changeset="184369921" timestamp="2026-06-20T22:13:56Z" user="HopsAndSpokes" uid="5593540" lat="38.8461281" lon="-104.7151023"/>
 <node id="13954652922" visible="true" version="1" changeset="184369921" timestamp="2026-06-20T22:13:56Z" user="HopsAndSpokes" uid="5593540" lat="38.8461278" lon="-104.7151772"/>
 <node id="13954652932" visible="true" version="2" changeset="184492125" timestamp="2026-06-23T20:17:51Z" user="HopsAndSpokes" uid="5593540" lat="38.8448547" lon="-104.7016345"/>
 <node id="13954652935" visible="true" version="1" changeset="184369921" timestamp="2026-06-20T22:13:56Z" user="HopsAndSpokes" uid="5593540" lat="38.8447708" lon="-104.7018419"/>
 <node id="13954652937" visible="true" version="1" changeset="184369921" timestamp="2026-06-20T22:13:56Z" user="HopsAndSpokes" uid="5593540" lat="38.8450982" lon="-104.7021501"/>
 <node id="13954652938" visible="true" version="1" changeset="184369921" timestamp="2026-06-20T22:13:56Z" user="HopsAndSpokes" uid="5593540" lat="38.8451818" lon="-104.7022856"/>
 <node id="13954652939" visible="true" version="1" changeset="184369921" timestamp="2026-06-20T22:13:56Z" user="HopsAndSpokes" uid="5593540" lat="38.8453491" lon="-104.7025401"/>
 <node id="13954652940" visible="true" version="1" changeset="184369921" timestamp="2026-06-20T22:13:56Z" user="HopsAndSpokes" uid="5593540" lat="38.8454110" lon="-104.7026638"/>
 <node id="13954652941" visible="true" version="1" changeset="184369921" timestamp="2026-06-20T22:13:56Z" user="HopsAndSpokes" uid="5593540" lat="38.8455637" lon="-104.7029791"/>
 <node id="13954652942" visible="true" version="1" changeset="184369921" timestamp="2026-06-20T22:13:56Z" user="HopsAndSpokes" uid="5593540" lat="38.8456765" lon="-104.7032523"/>
 <node id="13954652943" visible="true" version="1" changeset="184369921" timestamp="2026-06-20T22:13:56Z" user="HopsAndSpokes" uid="5593540" lat="38.8459547" lon="-104.7039294"/>
 <node id="13954652944" visible="true" version="1" changeset="184369921" timestamp="2026-06-20T22:13:56Z" user="HopsAndSpokes" uid="5593540" lat="38.8460947" lon="-104.7044828"/>
 <node id="13954652945" visible="true" version="1" changeset="184369921" timestamp="2026-06-20T22:13:56Z" user="HopsAndSpokes" uid="5593540" lat="38.8461329" lon="-104.7049615"/>
 <node id="13954652946" visible="true" version="1" changeset="184369921" timestamp="2026-06-20T22:13:56Z" user="HopsAndSpokes" uid="5593540" lat="38.8461311" lon="-104.7052580"/>
 <node id="13954652947" visible="true" version="1" changeset="184369921" timestamp="2026-06-20T22:13:56Z" user="HopsAndSpokes" uid="5593540" lat="38.8461420" lon="-104.7082211"/>
 <node id="13954652948" visible="true" version="1" changeset="184369921" timestamp="2026-06-20T22:13:56Z" user="HopsAndSpokes" uid="5593540" lat="38.8461311" lon="-104.7082678"/>
 <node id="13954652949" visible="true" version="1" changeset="184369921" timestamp="2026-06-20T22:13:56Z" user="HopsAndSpokes" uid="5593540" lat="38.8451243" lon="-104.7021925">
  <tag k="highway" v="crossing"/>
 </node>
 <node id="13954652950" visible="true" version="1" changeset="184369921" timestamp="2026-06-20T22:13:56Z" user="HopsAndSpokes" uid="5593540" lat="38.8453763" lon="-104.7025945">
  <tag k="highway" v="crossing"/>
 </node>
 <node id="13954652951" visible="true" version="1" changeset="184369921" timestamp="2026-06-20T22:13:56Z" user="HopsAndSpokes" uid="5593540" lat="38.8455943" lon="-104.7030533">
  <tag k="highway" v="crossing"/>
 </node>
 <node id="13954652952" visible="true" version="1" changeset="184369921" timestamp="2026-06-20T22:13:56Z" user="HopsAndSpokes" uid="5593540" lat="38.8461321" lon="-104.7051006">
  <tag k="highway" v="crossing"/>
 </node>
 <node id="13954652953" visible="true" version="1" changeset="184369921" timestamp="2026-06-20T22:13:56Z" user="HopsAndSpokes" uid="5593540" lat="38.8463057" lon="-104.7082655"/>
 <node id="13954652954" visible="true" version="1" changeset="184369921" timestamp="2026-06-20T22:13:56Z" user="HopsAndSpokes" uid="5593540" lat="38.8461005" lon="-104.7084616"/>
 <node id="13954652955" visible="true" version="1" changeset="184369921" timestamp="2026-06-20T22:13:56Z" user="HopsAndSpokes" uid="5593540" lat="38.8463229" lon="-104.7084514"/>
 <node id="13954652956" visible="true" version="1" changeset="184369921" timestamp="2026-06-20T22:13:56Z" user="HopsAndSpokes" uid="5593540" lat="38.8461153" lon="-104.7083556">
  <tag k="crossing" v="traffic_signals"/>
  <tag k="highway" v="crossing"/>
 </node>
 <node id="13954652957" visible="true" version="1" changeset="184369921" timestamp="2026-06-20T22:13:56Z" user="HopsAndSpokes" uid="5593540" lat="38.8463140" lon="-104.7083548">
  <tag k="crossing" v="traffic_signals"/>
  <tag k="highway" v="crossing"/>
 </node>
 <node id="13954668001" visible="true" version="1" changeset="184370135" timestamp="2026-06-20T22:23:46Z" user="HopsAndSpokes" uid="5593540" lat="38.8462903" lon="-104.7050993">
  <tag k="highway" v="crossing"/>
 </node>
 <node id="13954668002" visible="true" version="1" changeset="184370135" timestamp="2026-06-20T22:23:46Z" user="HopsAndSpokes" uid="5593540" lat="38.8463238" lon="-104.7105933"/>
 <node id="13954668003" visible="true" version="1" changeset="184370135" timestamp="2026-06-20T22:23:46Z" user="HopsAndSpokes" uid="5593540" lat="38.8463235" lon="-104.7099267">
  <tag k="highway" v="crossing"/>
 </node>
 <node id="13954668004" visible="true" version="1" changeset="184370135" timestamp="2026-06-20T22:23:46Z" user="HopsAndSpokes" uid="5593540" lat="38.8463236" lon="-104.7101892">
  <tag k="highway" v="crossing"/>
 </node>
 <way id="7677068" visible="true" version="27" changeset="185704641" timestamp="2026-07-14T09:18:29Z" user="Abaluni_Lyft" uid="23086916">
  <nd ref="429265849"/>
  <nd ref="582425858"/>
  <nd ref="2340181641"/>
  <nd ref="2340181987"/>
  <nd ref="7116128384"/>
  <nd ref="582425859"/>
  <nd ref="55745567"/>
  <nd ref="8674684875"/>
  <nd ref="8674684884"/>
  <nd ref="8674684862"/>
  <nd ref="8334094024"/>
  <nd ref="8334094020"/>
  <nd ref="8674684861"/>
  <nd ref="8674684835"/>
  <nd ref="7071713469"/>
  <nd ref="7071713466"/>
  <nd ref="7144675872"/>
  <nd ref="7116313324"/>
  <nd ref="13954652908"/>
  <nd ref="55745570"/>
  <nd ref="8334046521"/>
  <nd ref="8334046523"/>
  <nd ref="6951282544"/>
  <nd ref="6951282559"/>
  <nd ref="7535775772"/>
  <nd ref="7155260789"/>
  <nd ref="7535775767"/>
  <nd ref="6670232818"/>
  <nd ref="9882346678"/>
  <nd ref="7116148046"/>
  <nd ref="9882346672"/>
  <nd ref="7116148043"/>
  <nd ref="7116148047"/>
  <nd ref="7116148050"/>
  <nd ref="8334115123"/>
  <nd ref="7116148054"/>
  <nd ref="7116148051"/>
  <nd ref="8334115126"/>
  <nd ref="7116148055"/>
  <nd ref="7203253456"/>
  <nd ref="7116148058"/>
  <nd ref="7116148061"/>
  <nd ref="7116148067"/>
  <nd ref="8324318931"/>
  <nd ref="8324318932"/>
  <nd ref="8324318923"/>
  <nd ref="55740140"/>
  <tag k="highway" v="unclassified"/>
  <tag k="name" v="Valley Street"/>
  <tag k="tiger:cfcc" v="A41"/>
  <tag k="tiger:county" v="El Paso, CO"/>
 </way>
 <way id="7677257" visible="true" version="13" changeset="103738884" timestamp="2021-04-28T03:14:10Z" user="shreeush" uid="10159528">
  <nd ref="55746712"/>
  <nd ref="6968213432"/>
  <nd ref="7030705581"/>
  <nd ref="55746715"/>
  <nd ref="7116128374"/>
  <nd ref="7116128368"/>
  <nd ref="7116128373"/>
  <nd ref="55746717"/>
  <nd ref="7116128379"/>
  <nd ref="7116128377"/>
  <nd ref="7116128383"/>
  <nd ref="6966740691"/>
  <nd ref="55745567"/>
  <nd ref="8674684871"/>
  <nd ref="7116161490"/>
  <nd ref="7116161497"/>
  <nd ref="7168509888"/>
  <nd ref="55746719"/>
  <tag k="highway" v="unclassified"/>
  <tag k="name" v="Terminal Avenue"/>
  <tag k="tiger:cfcc" v="A41"/>
  <tag k="tiger:county" v="El Paso, CO"/>
 </way>
 <way id="7680069" visible="true" version="7" changeset="49232733" timestamp="2017-06-04T03:36:26Z" user="TheDutchMan13" uid="1330847">
  <nd ref="55765107"/>
  <nd ref="55765109"/>
  <nd ref="55765111"/>
  <nd ref="2389139400"/>
  <nd ref="2389139077"/>
  <nd ref="2389139461"/>
  <nd ref="2389139974"/>
  <nd ref="2389139413"/>
  <nd ref="425949752"/>
  <nd ref="2389138884"/>
  <nd ref="55765112"/>
  <tag k="highway" v="residential"/>
  <tag k="name" v="Mission Road"/>
  <tag k="tiger:cfcc" v="A41"/>
  <tag k="tiger:county" v="El Paso, CO"/>
 </way>
 <way id="7680142" visible="true" version="10" changeset="184369921" timestamp="2026-06-20T22:13:56Z" user="HopsAndSpokes" uid="5593540">
  <nd ref="55746717"/>
  <nd ref="7116128376"/>
  <nd ref="13366725673"/>
  <nd ref="7116313323"/>
  <nd ref="7116313319"/>
  <nd ref="3074409051"/>
  <nd ref="3074408455"/>
  <nd ref="13954616091"/>
  <nd ref="55765887"/>
  <tag k="highway" v="unclassified"/>
  <tag k="name" v="Paonia Street"/>
  <tag k="tiger:cfcc" v="A41"/>
  <tag k="tiger:county" v="El Paso, CO"/>
 </way>
 <way id="7683309" visible="true" version="8" changeset="184370135" timestamp="2026-06-20T22:23:46Z" user="HopsAndSpokes" uid="5593540">
  <nd ref="55793142"/>
  <nd ref="13954668004"/>
  <nd ref="55793143"/>
  <nd ref="2341269373"/>
  <nd ref="2341269636"/>
  <nd ref="2341269564"/>
  <nd ref="2341269482"/>
  <nd ref="2341269491"/>
  <nd ref="55793145"/>
  <nd ref="55793147"/>
  <tag k="highway" v="residential"/>
  <tag k="name" v="Galley Court"/>
  <tag k="oneway" v="no"/>
  <tag k="surface" v="asphalt"/>
  <tag k="tiger:cfcc" v="A41"/>
  <tag k="tiger:county" v="El Paso, CO"/>
  <tag k="tiger:name_base" v="Galley"/>
  <tag k="tiger:name_type" v="Ct"/>
  <tag k="tiger:reviewed" v="no"/>
 </way>
 <way id="7684337" visible="true" version="11" changeset="184370135" timestamp="2026-06-20T22:23:46Z" user="HopsAndSpokes" uid="5593540">
  <nd ref="55765111"/>
  <nd ref="13954652952"/>
  <nd ref="55802109"/>
  <nd ref="13954668001"/>
  <nd ref="55802110"/>
  <nd ref="2341459610"/>
  <nd ref="2341459922"/>
  <nd ref="2341458971"/>
  <nd ref="447574119"/>
  <nd ref="2341459808"/>
  <nd ref="2341459140"/>
  <nd ref="2341458975"/>
  <nd ref="447574120"/>
  <nd ref="2341459901"/>
  <nd ref="2341459035"/>
  <nd ref="2341459171"/>
  <nd ref="55802112"/>
  <nd ref="2341459471"/>
  <nd ref="618486808"/>
  <nd ref="2341459967"/>
  <nd ref="2341459230"/>
  <nd ref="2341459818"/>
  <nd ref="55802113"/>
  <nd ref="2341459269"/>
  <nd ref="2341459534"/>
  <nd ref="2341459110"/>
  <nd ref="55802115"/>
  <tag k="highway" v="residential"/>
  <tag k="name" v="Cree Drive"/>
  <tag k="tiger:cfcc" v="A41"/>
  <tag k="tiger:county" v="El Paso, CO"/>
 </way>
 <way id="7688654" visible="true" version="5" changeset="17007887" timestamp="2013-07-19T06:34:10Z" user="FrozenFlame22" uid="719784">
  <nd ref="55814049"/>
  <nd ref="2389140098"/>
  <nd ref="2389138160"/>
  <tag k="highway" v="residential"/>
  <tag k="name" v="Great Western Drive"/>
  <tag k="oneway" v="yes"/>
  <tag k="tiger:cfcc" v="A41"/>
  <tag k="tiger:county" v="El Paso, CO"/>
 </way>
 <way id="7688655" visible="true" version="7" changeset="111184473" timestamp="2021-09-14T09:20:21Z" user="ramyazka" uid="13872483">
  <nd ref="55834530"/>
  <nd ref="2389139867"/>
  <nd ref="2389138468"/>
  <nd ref="55834535"/>
  <nd ref="2389138933"/>
  <nd ref="2389138316"/>
  <nd ref="55834537"/>
  <nd ref="2389139406"/>
  <nd ref="2389138578"/>
  <nd ref="2389139946"/>
  <nd ref="9090620326"/>
  <nd ref="9090620334"/>
  <nd ref="55814047"/>
  <tag k="highway" v="residential"/>
  <tag k="name" v="Great Western Drive"/>
  <tag k="tiger:cfcc" v="A41"/>
  <tag k="tiger:county" v="El Paso, CO"/>
 </way>
 <way id="7690245" visible="true" version="30" changeset="184369921" timestamp="2026-06-20T22:13:56Z" user="HopsAndSpokes" uid="5593540">
  <nd ref="55696395"/>
  <nd ref="2389139748"/>
  <nd ref="1905135584"/>
  <nd ref="7229485382"/>
  <nd ref="7132480885"/>
  <nd ref="55814044"/>
  <nd ref="9090620346"/>
  <nd ref="9090620339"/>
  <nd ref="9090620352"/>
  <nd ref="6950487843"/>
  <nd ref="8674764650"/>
  <nd ref="8674764662"/>
  <nd ref="2440073534"/>
  <nd ref="2440073768"/>
  <nd ref="6950487850"/>
  <nd ref="7025401247"/>
  <nd ref="2440073925"/>
  <nd ref="55765107"/>
  <nd ref="7115831851"/>
  <nd ref="13954652956"/>
  <nd ref="55827807"/>
  <nd ref="13954652957"/>
  <nd ref="55830147"/>
  <nd ref="2341459903"/>
  <nd ref="2341459752"/>
  <nd ref="447574239"/>
  <nd ref="2341459024"/>
  <nd ref="55812796"/>
  <nd ref="2341459040"/>
  <nd ref="2341459601"/>
  <nd ref="2341459699"/>
  <nd ref="55845584"/>
  <nd ref="988536887"/>
  <nd ref="2341459326"/>
  <nd ref="2341459046"/>
  <nd ref="2341460045"/>
  <nd ref="2341459417"/>
  <nd ref="447574240"/>
  <nd ref="55845585"/>
  <nd ref="2341459302"/>
  <nd ref="2341459440"/>
  <nd ref="2341459425"/>
  <nd ref="988536926"/>
  <nd ref="2341459044"/>
  <nd ref="2341459807"/>
  <nd ref="2341459570"/>
  <nd ref="2341459205"/>
  <nd ref="2341460003"/>
  <nd ref="2341459612"/>
  <nd ref="55845587"/>
  <nd ref="55757645"/>
  <nd ref="2341459590"/>
  <nd ref="2341459796"/>
  <nd ref="2341460044"/>
  <nd ref="55845589"/>
  <nd ref="55845590"/>
  <nd ref="55740150"/>
  <nd ref="2340181828"/>
  <nd ref="2340182379"/>
  <nd ref="55845592"/>
  <nd ref="2340181361"/>
  <nd ref="2340181752"/>
  <nd ref="55752984"/>
  <tag k="highway" v="tertiary"/>
  <tag k="maxspeed" v="30 mph"/>
  <tag k="name" v="Hathaway Drive"/>
  <tag k="oneway" v="no"/>
  <tag k="surface" v="asphalt"/>
  <tag k="tiger:cfcc" v="A41"/>
  <tag k="tiger:county" v="El Paso, CO"/>
 </way>
 <way id="7691167" visible="true" version="7" changeset="49232733" timestamp="2017-06-04T03:46:18Z" user="TheDutchMan13" uid="1330847">
  <nd ref="55765109"/>
  <nd ref="2389138633"/>
  <nd ref="2389139976"/>
  <nd ref="2389139176"/>
  <nd ref="2389139752"/>
  <nd ref="2389139253"/>
  <nd ref="55851792"/>
  <nd ref="2389139220"/>
  <nd ref="551090689"/>
  <nd ref="2389139259"/>
  <nd ref="425950019"/>
  <nd ref="2389139203"/>
  <nd ref="55814051"/>
  <tag k="highway" v="residential"/>
  <tag k="name" v="Dale Road"/>
  <tag k="tiger:cfcc" v="A41"/>
  <tag k="tiger:county" v="El Paso, CO"/>
 </way>
 <way id="7692200" visible="true" version="16" changeset="184369921" timestamp="2026-06-20T22:13:56Z" user="HopsAndSpokes" uid="5593540">
  <nd ref="55696392"/>
  <nd ref="7116161498"/>
  <nd ref="7116161493"/>
  <nd ref="55746719"/>
  <nd ref="6950487833"/>
  <nd ref="6950487841"/>
  <nd ref="7168509899"/>
  <nd ref="7025401244"/>
  <nd ref="7025401235"/>
  <nd ref="2440073744"/>
  <nd ref="8334021914"/>
  <nd ref="7132412873"/>
  <nd ref="7132412882"/>
  <nd ref="8334021911"/>
  <nd ref="6951282539"/>
  <nd ref="7284286910"/>
  <nd ref="13954652914"/>
  <nd ref="55827805"/>
  <tag k="highway" v="unclassified"/>
  <tag k="name" v="Ford Street"/>
  <tag k="tiger:cfcc" v="A41"/>
  <tag k="tiger:county" v="El Paso, CO"/>
 </way>
 <way id="36327178" visible="true" version="8" changeset="99007722" timestamp="2021-02-10T02:54:54Z" user="Sentinel_Falcon" uid="12623675">
  <nd ref="423736784"/>
  <nd ref="2389139977"/>
  <nd ref="2389139731"/>
  <nd ref="2389138220"/>
  <nd ref="2389138961"/>
  <nd ref="2389139146"/>
  <nd ref="2389138232"/>
  <nd ref="2389138966"/>
  <nd ref="2389138488"/>
  <nd ref="608957036"/>
  <nd ref="608957037"/>
  <nd ref="2389139157"/>
  <nd ref="2389139950"/>
  <nd ref="608957038"/>
  <nd ref="2389138843"/>
  <nd ref="2389138230"/>
  <nd ref="2389138497"/>
  <nd ref="608957039"/>
  <nd ref="2389139002"/>
  <nd ref="2389139695"/>
  <nd ref="608957040"/>
  <nd ref="2389139704"/>
  <nd ref="608957041"/>
  <nd ref="2389139548"/>
  <nd ref="2389139099"/>
  <nd ref="608957035"/>
  <nd ref="2389139398"/>
  <nd ref="2389138813"/>
  <nd ref="2389140024"/>
  <nd ref="2389139474"/>
  <nd ref="2389138266"/>
  <nd ref="608957042"/>
  <nd ref="2389138485"/>
  <nd ref="423736780"/>
  <nd ref="2389138957"/>
  <nd ref="2389138716"/>
  <nd ref="2389139669"/>
  <nd ref="423736781"/>
  <nd ref="2389138814"/>
  <nd ref="423736782"/>
  <nd ref="2389139647"/>
  <nd ref="2389138919"/>
  <nd ref="2389138916"/>
  <nd ref="423736784"/>
  <tag k="addr:city" v="Colorado Springs"/>
  <tag k="addr:housenumber" v="6865"/>
  <tag k="addr:postcode" v="80915"/>
  <tag k="addr:state" v="CO"/>
  <tag k="addr:street" v="Galley Rd"/>
  <tag k="leisure" v="golf_course"/>
  <tag k="name" v="World Golf &amp; Sand Creek G.C."/>
 </way>
 <way id="103479634" visible="true" version="13" changeset="184370135" timestamp="2026-06-20T22:23:46Z" user="HopsAndSpokes" uid="5593540">
  <nd ref="55814044"/>
  <nd ref="2389139257"/>
  <nd ref="2389139745"/>
  <nd ref="2389138522"/>
  <nd ref="55814045"/>
  <nd ref="2389139793"/>
  <nd ref="9090620347"/>
  <nd ref="55814047"/>
  <nd ref="2389138130"/>
  <nd ref="551090824"/>
  <nd ref="2389138314"/>
  <nd ref="2389139964"/>
  <nd ref="425950473"/>
  <nd ref="2389139502"/>
  <nd ref="55814049"/>
  <nd ref="55814051"/>
  <nd ref="55765112"/>
  <nd ref="13954652951"/>
  <nd ref="55814055"/>
  <nd ref="13954652300"/>
  <nd ref="2341459969"/>
  <nd ref="2341458980"/>
  <nd ref="55814057"/>
  <nd ref="2341459618"/>
  <nd ref="2341459902"/>
  <nd ref="2341459823"/>
  <nd ref="452669467"/>
  <nd ref="2341459148"/>
  <nd ref="2341458976"/>
  <nd ref="551090830"/>
  <nd ref="2341459845"/>
  <nd ref="55763165"/>
  <nd ref="7048145779"/>
  <nd ref="55750201"/>
  <nd ref="55779472"/>
  <nd ref="2389140044"/>
  <nd ref="55814033"/>
  <tag k="highway" v="residential"/>
  <tag k="maxspeed" v="30 mph"/>
  <tag k="name" v="Western Drive"/>
  <tag k="name_1" v="A Street"/>
  <tag k="tiger:cfcc" v="A41"/>
  <tag k="tiger:county" v="El Paso, CO"/>
  <tag k="tiger:name_base" v="Western"/>
  <tag k="tiger:name_base_1" v="A"/>
  <tag k="tiger:name_type" v="Dr"/>
  <tag k="tiger:name_type_1" v="St"/>
  <tag k="tiger:reviewed" v="no"/>
 </way>
 <way id="223929678" visible="true" version="10" changeset="184370135" timestamp="2026-06-20T22:23:46Z" user="HopsAndSpokes" uid="5593540">
  <nd ref="55827805"/>
  <nd ref="55793142"/>
  <nd ref="8334046556"/>
  <nd ref="7115831847"/>
  <nd ref="2341459985"/>
  <nd ref="55827807"/>
  <nd ref="2341460083"/>
  <nd ref="55802109"/>
  <nd ref="2341459112"/>
  <nd ref="2341459074"/>
  <nd ref="425949563"/>
  <nd ref="2341459984"/>
  <nd ref="2341459828"/>
  <nd ref="2341459756"/>
  <nd ref="2341459670"/>
  <nd ref="864242116"/>
  <nd ref="55814055"/>
  <nd ref="2389138939"/>
  <nd ref="8676164239"/>
  <nd ref="2389138898"/>
  <nd ref="7152903546"/>
  <nd ref="1973188506"/>
  <nd ref="2389139223"/>
  <nd ref="8676164244"/>
  <nd ref="2389139790"/>
  <nd ref="2389138667"/>
  <nd ref="518897084"/>
  <nd ref="2389139069"/>
  <nd ref="55750206"/>
  <tag k="highway" v="secondary"/>
  <tag k="maxspeed" v="30 mph"/>
  <tag k="name" v="Galley Road"/>
  <tag k="tiger:cfcc" v="A41"/>
 </way>
 <way id="225202957" visible="true" version="1" changeset="16506208" timestamp="2013-06-11T07:22:37Z" user="FrozenFlame22" uid="719784">
  <nd ref="2340182008"/>
  <nd ref="2340181921"/>
  <nd ref="2340182390"/>
  <nd ref="2340181381"/>
  <nd ref="2340182008"/>
  <tag k="building" v="yes"/>
  <tag k="source" v="Bing"/>
 </way>
 <way id="225202958" visible="true" version="1" changeset="16506208" timestamp="2013-06-11T07:22:38Z" user="FrozenFlame22" uid="719784">
  <nd ref="2340182225"/>
  <nd ref="2340181406"/>
  <nd ref="2340182216"/>
  <nd ref="2340181331"/>
  <nd ref="2340182225"/>
  <tag k="building" v="yes"/>
  <tag k="source" v="Bing"/>
 </way>
 <way id="225202970" visible="true" version="1" changeset="16506208" timestamp="2013-06-11T07:22:38Z" user="FrozenFlame22" uid="719784">
  <nd ref="2340181294"/>
  <nd ref="2340181028"/>
  <nd ref="2340180973"/>
  <nd ref="2340180974"/>
  <nd ref="2340181398"/>
  <nd ref="2340181375"/>
  <nd ref="2340181294"/>
  <tag k="building" v="yes"/>
  <tag k="source" v="Bing"/>
 </way>
 <way id="225202971" visible="true" version="1" changeset="16506208" timestamp="2013-06-11T07:22:38Z" user="FrozenFlame22" uid="719784">
  <nd ref="2340181673"/>
  <nd ref="2340181492"/>
  <nd ref="2340181472"/>
  <nd ref="2340182006"/>
  <nd ref="2340181902"/>
  <nd ref="2340181893"/>
  <nd ref="2340181673"/>
  <tag k="building" v="yes"/>
  <tag k="source" v="Bing"/>
 </way>
 <way id="225202979" visible="true" version="1" changeset="16506208" timestamp="2013-06-11T07:22:39Z" user="FrozenFlame22" uid="719784">
  <nd ref="2340182164"/>
  <nd ref="2340181021"/>
  <nd ref="2340181096"/>
  <nd ref="2340181460"/>
  <nd ref="2340182164"/>
  <tag k="building" v="yes"/>
  <tag k="source" v="Bing"/>
 </way>
 <way id="225202981" visible="true" version="1" changeset="16506208" timestamp="2013-06-11T07:22:39Z" user="FrozenFlame22" uid="719784">
  <nd ref="2340182308"/>
  <nd ref="2340181449"/>
  <nd ref="2340181174"/>
  <nd ref="2340182086"/>
  <nd ref="2340182044"/>
  <nd ref="2340182374"/>
  <nd ref="2340182308"/>
  <tag k="building" v="yes"/>
  <tag k="source" v="Bing"/>
 </way>
 <way id="225202987" visible="true" version="1" changeset="16506208" timestamp="2013-06-11T07:22:40Z" user="FrozenFlame22" uid="719784">
  <nd ref="2340181770"/>
  <nd ref="2340181455"/>
  <nd ref="2340182397"/>
  <nd ref="2340181927"/>
  <nd ref="2340181770"/>
  <tag k="building" v="yes"/>
  <tag k="source" v="Bing"/>
 </way>
 <way id="225202990" visible="true" version="1" changeset="16506208" timestamp="2013-06-11T07:22:40Z" user="FrozenFlame22" uid="719784">
  <nd ref="2340180964"/>
  <nd ref="2340181988"/>
  <nd ref="2340182156"/>
  <nd ref="2340182314"/>
  <nd ref="2340180964"/>
  <tag k="building" v="yes"/>
  <tag k="source" v="Bing"/>
 </way>
 <way id="225202991" visible="true" version="1" changeset="16506208" timestamp="2013-06-11T07:22:40Z" user="FrozenFlame22" uid="719784">
  <nd ref="2340181198"/>
  <nd ref="2340182426"/>
  <nd ref="2340181369"/>
  <nd ref="2340181193"/>
  <nd ref="2340181198"/>
  <tag k="building" v="yes"/>
  <tag k="source" v="Bing"/>
 </way>
 <way id="225202993" visible="true" version="1" changeset="16506208" timestamp="2013-06-11T07:22:40Z" user="FrozenFlame22" uid="719784">
  <nd ref="2340182363"/>
  <nd ref="2340182249"/>
  <nd ref="2340180962"/>
  <nd ref="2340181892"/>
  <nd ref="2340182363"/>
  <tag k="building" v="yes"/>
  <tag k="source" v="Bing"/>
 </way>
 <way id="225202998" visible="true" version="1" changeset="16506208" timestamp="2013-06-11T07:22:41Z" user="FrozenFlame22" uid="719784">
  <nd ref="2340182083"/>
  <nd ref="2340181083"/>
  <nd ref="2340181254"/>
  <nd ref="2340181204"/>
  <nd ref="2340182083"/>
  <tag k="building" v="yes"/>
  <tag k="source" v="Bing"/>
 </way>
 <way id="225203004" visible="true" version="1" changeset="16506208" timestamp="2013-06-11T07:22:41Z" user="FrozenFlame22" uid="719784">
  <nd ref="2340181163"/>
  <nd ref="2340182021"/>
  <nd ref="2340181047"/>
  <nd ref="2340181963"/>
  <nd ref="2340181163"/>
  <tag k="building" v="yes"/>
  <tag k="source" v="Bing"/>
 </way>
 <way id="225203006" visible="true" version="1" changeset="16506208" timestamp="2013-06-11T07:22:41Z" user="FrozenFlame22" uid="719784">
  <nd ref="2340181934"/>
  <nd ref="2340181957"/>
  <nd ref="2340181119"/>
  <nd ref="2340181102"/>
  <nd ref="2340181880"/>
  <nd ref="2340181875"/>
  <nd ref="2340181934"/>
  <tag k="building" v="yes"/>
  <tag k="source" v="Bing"/>
 </way>
 <way id="225203007" visible="true" version="1" changeset="16506208" timestamp="2013-06-11T07:22:41Z" user="FrozenFlame22" uid="719784">
  <nd ref="2340181440"/>
  <nd ref="2340181850"/>
  <nd ref="2340181171"/>
  <nd ref="2340182175"/>
  <nd ref="2340182064"/>
  <nd ref="2340181529"/>
  <nd ref="2340180959"/>
  <nd ref="2340182162"/>
  <nd ref="2340181440"/>
  <tag k="building" v="yes"/>
  <tag k="source" v="Bing"/>
 </way>
 <way id="225203008" visible="true" version="1" changeset="16506208" timestamp="2013-06-11T07:22:42Z" user="FrozenFlame22" uid="719784">
  <nd ref="2340180988"/>
  <nd ref="2340181560"/>
  <nd ref="2340182125"/>
  <nd ref="2340181583"/>
  <nd ref="2340180988"/>
  <tag k="building" v="yes"/>
  <tag k="source" v="Bing"/>
 </way>
 <way id="225203010" visible="true" version="2" changeset="17599251" timestamp="2013-08-31T06:56:58Z" user="FrozenFlame22" uid="719784">
  <nd ref="2340181552"/>
  <nd ref="2340181213"/>
  <nd ref="2340182159"/>
  <nd ref="2340181303"/>
  <nd ref="2340182137"/>
  <nd ref="2340182251"/>
  <nd ref="2340181635"/>
  <nd ref="2340181354"/>
  <nd ref="2340181984"/>
  <nd ref="2340181797"/>
  <nd ref="2340181798"/>
  <nd ref="2440073836"/>
  <nd ref="2340181348"/>
  <nd ref="2340182134"/>
  <nd ref="2340181874"/>
  <nd ref="2340181951"/>
  <nd ref="2340181942"/>
  <nd ref="2340181039"/>
  <nd ref="2340181519"/>
  <nd ref="2340182424"/>
  <nd ref="2340181282"/>
  <nd ref="2340182135"/>
  <nd ref="2340182110"/>
  <nd ref="2340182087"/>
  <nd ref="2340181719"/>
  <nd ref="2340181429"/>
  <nd ref="2340181871"/>
  <nd ref="2340181029"/>
  <nd ref="2340180961"/>
  <nd ref="2440073565"/>
  <nd ref="2340181725"/>
  <nd ref="2340181552"/>
  <tag k="building" v="yes"/>
  <tag k="source" v="Bing"/>
 </way>
 <way id="225203013" visible="true" version="1" changeset="16506208" timestamp="2013-06-11T07:22:42Z" user="FrozenFlame22" uid="719784">
  <nd ref="2340182027"/>
  <nd ref="2340181117"/>
  <nd ref="2340181710"/>
  <nd ref="2340181708"/>
  <nd ref="2340181700"/>
  <nd ref="2340181089"/>
  <nd ref="2340180966"/>
  <nd ref="2340180957"/>
  <nd ref="2340182027"/>
  <tag k="building" v="yes"/>
  <tag k="source" v="Bing"/>
 </way>
 <way id="225203021" visible="true" version="1" changeset="16506208" timestamp="2013-06-11T07:22:43Z" user="FrozenFlame22" uid="719784">
  <nd ref="2340181299"/>
  <nd ref="2340181287"/>
  <nd ref="2340182023"/>
  <nd ref="2340181122"/>
  <nd ref="2340181299"/>
  <tag k="building" v="yes"/>
  <tag k="source" v="Bing"/>
 </way>
 <way id="225203029" visible="true" version="1" changeset="16506208" timestamp="2013-06-11T07:22:43Z" user="FrozenFlame22" uid="719784">
  <nd ref="2340181809"/>
  <nd ref="2340182079"/>
  <nd ref="2340181069"/>
  <nd ref="2340181617"/>
  <nd ref="2340181809"/>
  <tag k="building" v="yes"/>
  <tag k="source" v="Bing"/>
 </way>
 <way id="225203030" visible="true" version="1" changeset="16506208" timestamp="2013-06-11T07:22:43Z" user="FrozenFlame22" uid="719784">
  <nd ref="2340181385"/>
  <nd ref="2340182245"/>
  <nd ref="2340181146"/>
  <nd ref="2340181740"/>
  <nd ref="2340181385"/>
  <tag k="building" v="yes"/>
  <tag k="source" v="Bing"/>
 </way>
 <way id="225203032" visible="true" version="1" changeset="16506208" timestamp="2013-06-11T07:22:43Z" user="FrozenFlame22" uid="719784">
  <nd ref="2340181775"/>
  <nd ref="2340182167"/>
  <nd ref="2340181094"/>
  <nd ref="2340181843"/>
  <nd ref="2340181775"/>
  <tag k="building" v="yes"/>
  <tag k="source" v="Bing"/>
 </way>
 <way id="225203036" visible="true" version="1" changeset="16506208" timestamp="2013-06-11T07:22:44Z" user="FrozenFlame22" uid="719784">
  <nd ref="2340181379"/>
  <nd ref="2340181215"/>
  <nd ref="2340181501"/>
  <nd ref="2340181239"/>
  <nd ref="2340182420"/>
  <nd ref="2340181757"/>
  <nd ref="2340181379"/>
  <tag k="building" v="yes"/>
  <tag k="source" v="Bing"/>
 </way>
 <way id="225203044" visible="true" version="3" changeset="77436744" timestamp="2019-11-22T16:20:19Z" user="SandyDDenver" uid="10484615">
  <nd ref="2340181167"/>
  <nd ref="2340181107"/>
  <nd ref="2340181031"/>
  <nd ref="2340182331"/>
  <nd ref="2340181167"/>
  <tag k="addr:city" v="Colorado Springs"/>
  <tag k="addr:housenumber" v="611"/>
  <tag k="addr:postcode" v="80915"/>
  <tag k="addr:state" v="CO"/>
  <tag k="addr:street" v="Valley Street"/>
  <tag k="building" v="yes"/>
  <tag k="source" v="Bing"/>
 </way>
 <way id="225203053" visible="true" version="2" changeset="176068669" timestamp="2025-12-17T21:46:43Z" user="PizzaTreeIsland" uid="17308617">
  <nd ref="2340181544"/>
  <nd ref="2340181783"/>
  <nd ref="2340181670"/>
  <nd ref="2340182310"/>
  <nd ref="2340181337"/>
  <nd ref="2340182000"/>
  <nd ref="2340181544"/>
  <tag k="building" v="yes"/>
  <tag k="roof:colour" v="brown"/>
  <tag k="source" v="Bing"/>
 </way>
 <way id="225203054" visible="true" version="1" changeset="16506208" timestamp="2013-06-11T07:22:45Z" user="FrozenFlame22" uid="719784">
  <nd ref="2340181830"/>
  <nd ref="2340182237"/>
  <nd ref="2340182133"/>
  <nd ref="2340182098"/>
  <nd ref="2340181830"/>
  <tag k="building" v="yes"/>
  <tag k="source" v="Bing"/>
 </way>
 <way id="225203055" visible="true" version="2" changeset="17599251" timestamp="2013-08-31T06:56:59Z" user="FrozenFlame22" uid="719784">
  <nd ref="2340182242"/>
  <nd ref="2340181621"/>
  <nd ref="2340181048"/>
  <nd ref="2340182450"/>
  <nd ref="2440073493"/>
  <nd ref="2340182242"/>
  <tag k="building" v="yes"/>
  <tag k="source" v="Bing"/>
 </way>
 <way id="225203059" visible="true" version="1" changeset="16506208" timestamp="2013-06-11T07:22:45Z" user="FrozenFlame22" uid="719784">
  <nd ref="2340181602"/>
  <nd ref="2340182022"/>
  <nd ref="2340180982"/>
  <nd ref="2340181622"/>
  <nd ref="2340181308"/>
  <nd ref="2340181469"/>
  <nd ref="2340182417"/>
  <nd ref="2340181032"/>
  <nd ref="2340181018"/>
  <nd ref="2340182344"/>
  <nd ref="2340181602"/>
  <tag k="building" v="yes"/>
  <tag k="source" v="Bing"/>
 </way>
 <way id="225203061" visible="true" version="1" changeset="16506208" timestamp="2013-06-11T07:22:45Z" user="FrozenFlame22" uid="719784">
  <nd ref="2340181517"/>
  <nd ref="2340182058"/>
  <nd ref="2340182121"/>
  <nd ref="2340182209"/>
  <nd ref="2340181517"/>
  <tag k="building" v="yes"/>
  <tag k="source" v="Bing"/>
 </way>
 <way id="225203064" visible="true" version="1" changeset="16506208" timestamp="2013-06-11T07:22:46Z" user="FrozenFlame22" uid="719784">
  <nd ref="2340181205"/>
  <nd ref="2340181078"/>
  <nd ref="2340181806"/>
  <nd ref="2340181194"/>
  <nd ref="2340181205"/>
  <tag k="building" v="yes"/>
  <tag k="source" v="Bing"/>
 </way>
 <way id="225203077" visible="true" version="1" changeset="16506208" timestamp="2013-06-11T07:22:46Z" user="FrozenFlame22" uid="719784">
  <nd ref="2340182172"/>
  <nd ref="2340181475"/>
  <nd ref="2340181639"/>
  <nd ref="2340180979"/>
  <nd ref="2340182172"/>
  <tag k="building" v="yes"/>
  <tag k="source" v="Bing"/>
 </way>
 <way id="225203085" visible="true" version="1" changeset="16506208" timestamp="2013-06-11T07:22:47Z" user="FrozenFlame22" uid="719784">
  <nd ref="2340182055"/>
  <nd ref="2340181467"/>
  <nd ref="2340182120"/>
  <nd ref="2340182071"/>
  <nd ref="2340182055"/>
  <tag k="building" v="yes"/>
  <tag k="source" v="Bing"/>
 </way>
 <way id="225203091" visible="true" version="1" changeset="16506208" timestamp="2013-06-11T07:22:48Z" user="FrozenFlame22" uid="719784">
  <nd ref="2340181099"/>
  <nd ref="2340181523"/>
  <nd ref="2340182335"/>
  <nd ref="2340181841"/>
  <nd ref="2340181896"/>
  <nd ref="2340181216"/>
  <nd ref="2340181897"/>
  <nd ref="2340181864"/>
  <nd ref="2340182188"/>
  <nd ref="2340182179"/>
  <nd ref="2340182076"/>
  <nd ref="2340182015"/>
  <nd ref="2340182127"/>
  <nd ref="2340182018"/>
  <nd ref="2340182423"/>
  <nd ref="2340181832"/>
  <nd ref="2340182422"/>
  <nd ref="2340181823"/>
  <nd ref="2340182440"/>
  <nd ref="2340182442"/>
  <nd ref="2340181882"/>
  <nd ref="2340181985"/>
  <nd ref="2340182082"/>
  <nd ref="2340182267"/>
  <nd ref="2340181099"/>
  <tag k="building" v="yes"/>
  <tag k="source" v="Bing"/>
 </way>
 <way id="225203093" visible="true" version="1" changeset="16506208" timestamp="2013-06-11T07:22:48Z" user="FrozenFlame22" uid="719784">
  <nd ref="2340182039"/>
  <nd ref="2340181954"/>
  <nd ref="2340180968"/>
  <nd ref="2340181619"/>
  <nd ref="2340182039"/>
  <tag k="building" v="yes"/>
  <tag k="source" v="Bing"/>
 </way>
 <way id="225203096" visible="true" version="1" changeset="16506208" timestamp="2013-06-11T07:22:48Z" user="FrozenFlame22" uid="719784">
  <nd ref="2340182292"/>
  <nd ref="2340181580"/>
  <nd ref="2340181305"/>
  <nd ref="2340181234"/>
  <nd ref="2340182292"/>
  <tag k="building" v="yes"/>
  <tag k="source" v="Bing"/>
 </way>
 <way id="225203109" visible="true" version="1" changeset="16506208" timestamp="2013-06-11T07:22:49Z" user="FrozenFlame22" uid="719784">
  <nd ref="2340181618"/>
  <nd ref="2340182332"/>
  <nd ref="2340181940"/>
  <nd ref="2340180991"/>
  <nd ref="2340181618"/>
  <tag k="building" v="yes"/>
  <tag k="source" v="Bing"/>
 </way>
 <way id="225203112" visible="true" version="1" changeset="16506208" timestamp="2013-06-11T07:22:49Z" user="FrozenFlame22" uid="719784">
  <nd ref="2340182425"/>
  <nd ref="2340181425"/>
  <nd ref="2340181623"/>
  <nd ref="2340182010"/>
  <nd ref="2340182425"/>
  <tag k="building" v="yes"/>
  <tag k="source" v="Bing"/>
 </way>
 <way id="225203116" visible="true" version="1" changeset="16506208" timestamp="2013-06-11T07:22:50Z" user="FrozenFlame22" uid="719784">
  <nd ref="2340181417"/>
  <nd ref="2340182180"/>
  <nd ref="2340181566"/>
  <nd ref="2340181468"/>
  <nd ref="2340181417"/>
  <tag k="building" v="yes"/>
  <tag k="source" v="Bing"/>
 </way>
 <way id="225203119" visible="true" version="1" changeset="16506208" timestamp="2013-06-11T07:22:50Z" user="FrozenFlame22" uid="719784">
  <nd ref="2340182234"/>
  <nd ref="2340181461"/>
  <nd ref="2340182197"/>
  <nd ref="2340181772"/>
  <nd ref="2340182234"/>
  <tag k="building" v="yes"/>
  <tag k="source" v="Bing"/>
 </way>
 <way id="225203121" visible="true" version="1" changeset="16506208" timestamp="2013-06-11T07:22:50Z" user="FrozenFlame22" uid="719784">
  <nd ref="2340182035"/>
  <nd ref="2340181579"/>
  <nd ref="2340181707"/>
  <nd ref="2340181084"/>
  <nd ref="2340182176"/>
  <nd ref="2340181235"/>
  <nd ref="2340181672"/>
  <nd ref="2340181801"/>
  <nd ref="2340181296"/>
  <nd ref="2340181611"/>
  <nd ref="2340182322"/>
  <nd ref="2340181638"/>
  <nd ref="2340181938"/>
  <nd ref="2340181150"/>
  <nd ref="2340181655"/>
  <nd ref="2340182166"/>
  <nd ref="2340181642"/>
  <nd ref="2340182035"/>
  <tag k="building" v="yes"/>
  <tag k="source" v="Bing"/>
 </way>
 <way id="225203122" visible="true" version="1" changeset="16506208" timestamp="2013-06-11T07:22:50Z" user="FrozenFlame22" uid="719784">
  <nd ref="2340181265"/>
  <nd ref="2340181576"/>
  <nd ref="2340181359"/>
  <nd ref="2340181023"/>
  <nd ref="2340181344"/>
  <nd ref="2340182123"/>
  <nd ref="2340182290"/>
  <nd ref="2340182232"/>
  <nd ref="2340181265"/>
  <tag k="building" v="yes"/>
  <tag k="source" v="Bing"/>
 </way>
 <way id="225203124" visible="true" version="1" changeset="16506208" timestamp="2013-06-11T07:22:50Z" user="FrozenFlame22" uid="719784">
  <nd ref="2340182029"/>
  <nd ref="2340181605"/>
  <nd ref="2340182454"/>
  <nd ref="2340182437"/>
  <nd ref="2340181463"/>
  <nd ref="2340181862"/>
  <nd ref="2340182183"/>
  <nd ref="2340181515"/>
  <nd ref="2340182029"/>
  <tag k="building" v="yes"/>
  <tag k="source" v="Bing"/>
 </way>
 <way id="225203130" visible="true" version="1" changeset="16506208" timestamp="2013-06-11T07:22:51Z" user="FrozenFlame22" uid="719784">
  <nd ref="2340181848"/>
  <nd ref="2340182359"/>
  <nd ref="2340181548"/>
  <nd ref="2340181689"/>
  <nd ref="2340181848"/>
  <tag k="building" v="yes"/>
  <tag k="source" v="Bing"/>
 </way>
 <way id="225203145" visible="true" version="1" changeset="16506208" timestamp="2013-06-11T07:22:52Z" user="FrozenFlame22" uid="719784">
  <nd ref="2340181917"/>
  <nd ref="2340181113"/>
  <nd ref="2340181735"/>
  <nd ref="2340181382"/>
  <nd ref="2340181917"/>
  <tag k="building" v="yes"/>
  <tag k="source" v="Bing"/>
 </way>
 <way id="225203173" visible="true" version="1" changeset="16506208" timestamp="2013-06-11T07:22:53Z" user="FrozenFlame22" uid="719784">
  <nd ref="2340182036"/>
  <nd ref="2340181056"/>
  <nd ref="2340182016"/>
  <nd ref="2340181950"/>
  <nd ref="2340182036"/>
  <tag k="building" v="yes"/>
  <tag k="source" v="Bing"/>
 </way>
 <way id="225203175" visible="true" version="1" changeset="16506208" timestamp="2013-06-11T07:22:53Z" user="FrozenFlame22" uid="719784">
  <nd ref="2340181632"/>
  <nd ref="2340180955"/>
  <nd ref="2340181559"/>
  <nd ref="2340181384"/>
  <nd ref="2340181104"/>
  <nd ref="2340181149"/>
  <nd ref="2340181640"/>
  <nd ref="2340181281"/>
  <nd ref="2340181632"/>
  <tag k="building" v="yes"/>
  <tag k="source" v="Bing"/>
 </way>
 <way id="225203185" visible="true" version="1" changeset="16506208" timestamp="2013-06-11T07:22:54Z" user="FrozenFlame22" uid="719784">
  <nd ref="2340182303"/>
  <nd ref="2340181438"/>
  <nd ref="2340181301"/>
  <nd ref="2340181268"/>
  <nd ref="2340181333"/>
  <nd ref="2340181916"/>
  <nd ref="2340181065"/>
  <nd ref="2340181589"/>
  <nd ref="2340182303"/>
  <tag k="building" v="yes"/>
  <tag k="source" v="Bing"/>
 </way>
 <way id="225203200" visible="true" version="1" changeset="16506208" timestamp="2013-06-11T07:22:55Z" user="FrozenFlame22" uid="719784">
  <nd ref="2340181317"/>
  <nd ref="2340181656"/>
  <nd ref="2340180965"/>
  <nd ref="2340180951"/>
  <nd ref="2340181999"/>
  <nd ref="2340181433"/>
  <nd ref="2340181317"/>
  <tag k="building" v="yes"/>
  <tag k="source" v="Bing"/>
 </way>
 <way id="225203206" visible="true" version="1" changeset="16506208" timestamp="2013-06-11T07:22:55Z" user="FrozenFlame22" uid="719784">
  <nd ref="2340181068"/>
  <nd ref="2340181480"/>
  <nd ref="2340182161"/>
  <nd ref="2340181975"/>
  <nd ref="2340181615"/>
  <nd ref="2340180954"/>
  <nd ref="2340181223"/>
  <nd ref="2340181059"/>
  <nd ref="2340181068"/>
  <tag k="building" v="yes"/>
  <tag k="source" v="Bing"/>
 </way>
 <way id="225203208" visible="true" version="1" changeset="16506208" timestamp="2013-06-11T07:22:55Z" user="FrozenFlame22" uid="719784">
  <nd ref="2340181730"/>
  <nd ref="2340181435"/>
  <nd ref="2340181575"/>
  <nd ref="2340181800"/>
  <nd ref="2340181730"/>
  <tag k="building" v="yes"/>
  <tag k="source" v="Bing"/>
 </way>
 <way id="225203215" visible="true" version="1" changeset="16506208" timestamp="2013-06-11T07:22:55Z" user="FrozenFlame22" uid="719784">
  <nd ref="2340181269"/>
  <nd ref="2340181518"/>
  <nd ref="2340181383"/>
  <nd ref="2340181321"/>
  <nd ref="2340181269"/>
  <tag k="building" v="yes"/>
  <tag k="source" v="Bing"/>
 </way>
 <way id="225203217" visible="true" version="1" changeset="16506208" timestamp="2013-06-11T07:22:55Z" user="FrozenFlame22" uid="719784">
  <nd ref="2340181793"/>
  <nd ref="2340181366"/>
  <nd ref="2340181387"/>
  <nd ref="2340181846"/>
  <nd ref="2340181845"/>
  <nd ref="2340181831"/>
  <nd ref="2340181133"/>
  <nd ref="2340181208"/>
  <nd ref="2340181793"/>
  <tag k="building" v="yes"/>
  <tag k="source" v="Bing"/>
 </way>
 <way id="225203221" visible="true" version="1" changeset="16506208" timestamp="2013-06-11T07:22:55Z" user="FrozenFlame22" uid="719784">
  <nd ref="2340181057"/>
  <nd ref="2340182233"/>
  <nd ref="2340181496"/>
  <nd ref="2340181982"/>
  <nd ref="2340181057"/>
  <tag k="building" v="yes"/>
  <tag k="source" v="Bing"/>
 </way>
 <way id="225203231" visible="true" version="1" changeset="16506208" timestamp="2013-06-11T07:22:56Z" user="FrozenFlame22" uid="719784">
  <nd ref="2340181911"/>
  <nd ref="2340181109"/>
  <nd ref="2340181842"/>
  <nd ref="2340181457"/>
  <nd ref="2340181911"/>
  <tag k="building" v="yes"/>
  <tag k="source" v="Bing"/>
 </way>
 <way id="225203245" visible="true" version="1" changeset="16506208" timestamp="2013-06-11T07:22:56Z" user="FrozenFlame22" uid="719784">
  <nd ref="2340181598"/>
  <nd ref="2340181678"/>
  <nd ref="2340181739"/>
  <nd ref="2340181718"/>
  <nd ref="2340181598"/>
  <tag k="building" v="yes"/>
  <tag k="source" v="Bing"/>
 </way>
 <way id="225337848" visible="true" version="2" changeset="79325121" timestamp="2020-01-08T06:32:28Z" user="Bike 2 End" uid="2529030">
  <nd ref="2085206346"/>
  <nd ref="2085205692"/>
  <nd ref="2085205576"/>
  <nd ref="2085206450"/>
  <nd ref="2085207310"/>
  <nd ref="2085206567"/>
  <nd ref="2085205665"/>
  <nd ref="2085205556"/>
  <nd ref="2085205990"/>
  <nd ref="2085206416"/>
  <nd ref="2085206653"/>
  <nd ref="2085205435"/>
  <nd ref="2085206374"/>
  <nd ref="2085206949"/>
  <nd ref="2085207143"/>
  <nd ref="2085206164"/>
  <nd ref="2085205463"/>
  <nd ref="2085206079"/>
  <nd ref="7116090942"/>
  <tag k="waterway" v="drain"/>
 </way>
 <way id="225358468" visible="true" version="3" changeset="162874614" timestamp="2025-02-24T03:10:29Z" user="Vegabond78" uid="22488066">
  <nd ref="2341459084"/>
  <nd ref="2341459293"/>
  <nd ref="2341460050"/>
  <nd ref="2341459008"/>
  <nd ref="2341459587"/>
  <nd ref="2341459585"/>
  <nd ref="2341459096"/>
  <nd ref="2341459933"/>
  <nd ref="2341459941"/>
  <nd ref="2341459965"/>
  <nd ref="2341459765"/>
  <nd ref="2341459939"/>
  <nd ref="2341459606"/>
  <nd ref="2341459147"/>
  <nd ref="2341459253"/>
  <nd ref="2341459169"/>
  <nd ref="2341459282"/>
  <nd ref="2341459905"/>
  <nd ref="2341459747"/>
  <nd ref="2341459468"/>
  <nd ref="2341460048"/>
  <nd ref="2341459435"/>
  <nd ref="2341459484"/>
  <nd ref="2341459920"/>
  <nd ref="2341459088"/>
  <nd ref="2341459005"/>
  <nd ref="2341459014"/>
  <nd ref="2341459691"/>
  <nd ref="2341459227"/>
  <nd ref="2341459676"/>
  <nd ref="2341459892"/>
  <nd ref="2341459158"/>
  <nd ref="2341459298"/>
  <nd ref="2341460090"/>
  <nd ref="6794043988"/>
  <nd ref="6794043987"/>
  <nd ref="2341460030"/>
  <nd ref="2341459775"/>
  <nd ref="2341459898"/>
  <nd ref="2341459798"/>
  <nd ref="2341459173"/>
  <nd ref="2341459603"/>
  <nd ref="2341459576"/>
  <nd ref="2341459081"/>
  <nd ref="2341459422"/>
  <nd ref="2341458973"/>
  <nd ref="2341458999"/>
  <nd ref="2341459853"/>
  <nd ref="2341459557"/>
  <nd ref="2341459490"/>
  <nd ref="2341460065"/>
  <nd ref="2341458989"/>
  <nd ref="2341459554"/>
  <nd ref="2341459696"/>
  <nd ref="2341459150"/>
  <nd ref="2341459634"/>
  <nd ref="2341459850"/>
  <nd ref="2341459528"/>
  <nd ref="2341459064"/>
  <nd ref="2341459513"/>
  <nd ref="2341459479"/>
  <nd ref="2341459925"/>
  <nd ref="2341459582"/>
  <nd ref="2341460051"/>
  <nd ref="2341459219"/>
  <nd ref="2341459667"/>
  <nd ref="2341459552"/>
  <nd ref="2341458981"/>
  <nd ref="2341459120"/>
  <nd ref="2341459388"/>
  <nd ref="2341459016"/>
  <nd ref="2341459272"/>
  <nd ref="2341459000"/>
  <nd ref="2341459754"/>
  <nd ref="2341459694"/>
  <nd ref="2341459108"/>
  <nd ref="2341459119"/>
  <nd ref="2341459524"/>
  <nd ref="2341459307"/>
  <nd ref="2341458978"/>
  <nd ref="2341459314"/>
  <nd ref="2341459949"/>
  <nd ref="2341459200"/>
  <nd ref="2341459203"/>
  <nd ref="2341460005"/>
  <nd ref="2341459639"/>
  <nd ref="2341459911"/>
  <nd ref="2341460001"/>
  <nd ref="2341459292"/>
  <nd ref="2341459909"/>
  <nd ref="2341459926"/>
  <nd ref="2341459982"/>
  <nd ref="2341459674"/>
  <nd ref="2341460035"/>
  <nd ref="2341459123"/>
  <nd ref="2341460029"/>
  <nd ref="2341459946"/>
  <nd ref="2341460079"/>
  <nd ref="2341459728"/>
  <nd ref="2341459936"/>
  <nd ref="2341460063"/>
  <nd ref="2341459713"/>
  <nd ref="2341459830"/>
  <nd ref="2341459063"/>
  <nd ref="2341459061"/>
  <nd ref="2341459593"/>
  <nd ref="2341459716"/>
  <nd ref="2341459181"/>
  <nd ref="12614341479"/>
  <nd ref="2341459999"/>
  <nd ref="2341460010"/>
  <nd ref="2341459280"/>
  <nd ref="2341459309"/>
  <nd ref="2341459893"/>
  <nd ref="2341459352"/>
  <nd ref="2341459493"/>
  <nd ref="2341459208"/>
  <nd ref="2341459210"/>
  <nd ref="2341459241"/>
  <nd ref="2341459263"/>
  <nd ref="2341459243"/>
  <nd ref="2341459562"/>
  <nd ref="2341459002"/>
  <nd ref="2341459741"/>
  <nd ref="2341459521"/>
  <nd ref="2341459598"/>
  <nd ref="2341459339"/>
  <nd ref="2341459048"/>
  <nd ref="2341459084"/>
  <tag k="landuse" v="residential"/>
 </way>
 <way id="225358469" visible="true" version="1" changeset="16518241" timestamp="2013-06-12T02:01:36Z" user="FrozenFlame22" uid="719784">
  <nd ref="2341459758"/>
  <nd ref="2341458972"/>
  <nd ref="2341459052"/>
  <nd ref="2341459188"/>
  <nd ref="2341460019"/>
  <nd ref="2341459368"/>
  <nd ref="2341459358"/>
  <nd ref="2341460059"/>
  <nd ref="2341459031"/>
  <nd ref="2341459200"/>
  <nd ref="2341459203"/>
  <nd ref="2341460005"/>
  <nd ref="2341460021"/>
  <nd ref="2341459094"/>
  <nd ref="2341458994"/>
  <nd ref="2341459004"/>
  <nd ref="2341459292"/>
  <nd ref="2341459909"/>
  <nd ref="2341459256"/>
  <nd ref="2341459011"/>
  <nd ref="2341460025"/>
  <nd ref="2341460035"/>
  <nd ref="2341459123"/>
  <nd ref="2341459250"/>
  <nd ref="2341459803"/>
  <nd ref="2341459341"/>
  <nd ref="2341459286"/>
  <nd ref="2341459843"/>
  <nd ref="2341459955"/>
  <nd ref="2341459853"/>
  <nd ref="2341459557"/>
  <nd ref="2341459490"/>
  <nd ref="2341460065"/>
  <nd ref="2341458989"/>
  <nd ref="2341459554"/>
  <nd ref="2341459696"/>
  <nd ref="2341459150"/>
  <nd ref="2341459634"/>
  <nd ref="2341459758"/>
  <tag k="landuse" v="residential"/>
 </way>
 <way id="229630864" visible="true" version="9" changeset="116670967" timestamp="2022-01-27T15:10:03Z" user="HopsAndSpokes" uid="5593540">
  <nd ref="429285958"/>
  <nd ref="9453190529"/>
  <nd ref="538088502"/>
  <nd ref="2380830638"/>
  <nd ref="55827801"/>
  <nd ref="2380830580"/>
  <nd ref="4522384850"/>
  <nd ref="3074408733"/>
  <nd ref="4522384862"/>
  <nd ref="55765887"/>
  <nd ref="8334021915"/>
  <nd ref="7026069727"/>
  <nd ref="55745570"/>
  <nd ref="55827804"/>
  <nd ref="55827805"/>
  <tag k="highway" v="secondary"/>
  <tag k="maxspeed" v="40 mph"/>
  <tag k="name" v="Galley Road"/>
  <tag k="oneway" v="no"/>
  <tag k="tiger:cfcc" v="A41"/>
 </way>
 <way id="230404263" visible="true" version="1" changeset="17007887" timestamp="2013-07-19T06:33:27Z" user="FrozenFlame22" uid="719784">
  <nd ref="2389138160"/>
  <nd ref="2389139322"/>
  <nd ref="55834530"/>
  <nd ref="55834532"/>
  <nd ref="2389138163"/>
  <nd ref="2389139159"/>
  <nd ref="2389138271"/>
  <nd ref="2389138963"/>
  <nd ref="2389138798"/>
  <nd ref="2389139867"/>
  <tag k="highway" v="residential"/>
  <tag k="name" v="Great Western Drive"/>
  <tag k="tiger:cfcc" v="A41"/>
  <tag k="tiger:county" v="El Paso, CO"/>
 </way>
 <way id="230404285" visible="true" version="1" changeset="17007887" timestamp="2013-07-19T06:33:29Z" user="FrozenFlame22" uid="719784">
  <nd ref="2389138160"/>
  <nd ref="2389139361"/>
  <nd ref="2389139502"/>
  <tag k="highway" v="residential"/>
  <tag k="name" v="Great Western Drive"/>
  <tag k="oneway" v="yes"/>
  <tag k="tiger:cfcc" v="A41"/>
  <tag k="tiger:county" v="El Paso, CO"/>
 </way>
 <way id="230404286" visible="true" version="1" changeset="17007887" timestamp="2013-07-19T06:33:29Z" user="FrozenFlame22" uid="719784">
  <nd ref="2389139894"/>
  <nd ref="2389138582"/>
  <nd ref="2389139735"/>
  <nd ref="2389139899"/>
  <nd ref="2389138200"/>
  <nd ref="2389138627"/>
  <nd ref="2389139549"/>
  <nd ref="2389138637"/>
  <nd ref="2389139373"/>
  <nd ref="2389139564"/>
  <nd ref="2389139542"/>
  <nd ref="2389139420"/>
  <nd ref="2389139425"/>
  <nd ref="2389139594"/>
  <nd ref="2389140103"/>
  <nd ref="2389140010"/>
  <nd ref="2389139424"/>
  <nd ref="2389139415"/>
  <nd ref="2389139181"/>
  <nd ref="2389138849"/>
  <nd ref="2389138499"/>
  <nd ref="2389139718"/>
  <nd ref="2389139894"/>
  <tag k="landuse" v="residential"/>
 </way>
 <way id="230404287" visible="true" version="1" changeset="17007887" timestamp="2013-07-19T06:33:29Z" user="FrozenFlame22" uid="719784">
  <nd ref="2389139362"/>
  <nd ref="2389139158"/>
  <nd ref="2389138235"/>
  <nd ref="2389139673"/>
  <nd ref="2389140016"/>
  <nd ref="2389139899"/>
  <nd ref="2389139735"/>
  <nd ref="2389138582"/>
  <nd ref="2389138643"/>
  <nd ref="2389139958"/>
  <nd ref="2389138806"/>
  <nd ref="2389139362"/>
  <tag k="landuse" v="residential"/>
 </way>
 <way id="230404313" visible="true" version="3" changeset="112594022" timestamp="2021-10-16T21:39:08Z" user="Shipwreck34" uid="10643883">
  <nd ref="2389139031"/>
  <nd ref="9177125303"/>
  <nd ref="2389139445"/>
  <nd ref="2389138188"/>
  <nd ref="2389138237"/>
  <nd ref="2389138512"/>
  <nd ref="9177125304"/>
  <nd ref="2389139826"/>
  <nd ref="9177125305"/>
  <nd ref="2389139905"/>
  <nd ref="2389139315"/>
  <nd ref="2389139172"/>
  <nd ref="2389139546"/>
  <nd ref="2389138350"/>
  <nd ref="2389139468"/>
  <nd ref="9177125302"/>
  <nd ref="2389139031"/>
  <tag k="golf" v="water_hazard"/>
  <tag k="natural" v="water"/>
 </way>
 <way id="230404316" visible="true" version="1" changeset="17007887" timestamp="2013-07-19T06:33:32Z" user="FrozenFlame22" uid="719784">
  <nd ref="2389140058"/>
  <nd ref="2389138264"/>
  <nd ref="2389139202"/>
  <nd ref="2389138142"/>
  <nd ref="2389140058"/>
  <tag k="building" v="yes"/>
  <tag k="source" v="Bing"/>
 </way>
 <way id="230404321" visible="true" version="1" changeset="17007887" timestamp="2013-07-19T06:33:32Z" user="FrozenFlame22" uid="719784">
  <nd ref="2389139334"/>
  <nd ref="2389138160"/>
  <nd ref="2389139061"/>
  <tag k="highway" v="residential"/>
 </way>
 <way id="230404324" visible="true" version="1" changeset="17007887" timestamp="2013-07-19T06:33:32Z" user="FrozenFlame22" uid="719784">
  <nd ref="2389139525"/>
  <nd ref="2389138924"/>
  <nd ref="2389138951"/>
  <nd ref="55834535"/>
  <tag k="highway" v="residential"/>
  <tag k="tiger:cfcc" v="A41"/>
  <tag k="tiger:county" v="El Paso, CO"/>
 </way>
 <way id="230404334" visible="true" version="1" changeset="17007887" timestamp="2013-07-19T06:33:33Z" user="FrozenFlame22" uid="719784">
  <nd ref="2389138673"/>
  <nd ref="2389139322"/>
  <nd ref="2389139068"/>
  <tag k="highway" v="residential"/>
 </way>
 <way id="230404358" visible="true" version="1" changeset="17007887" timestamp="2013-07-19T06:33:35Z" user="FrozenFlame22" uid="719784">
  <nd ref="2389139477"/>
  <nd ref="2389138803"/>
  <nd ref="2389139485"/>
  <nd ref="2389139158"/>
  <nd ref="2389138235"/>
  <nd ref="2389139673"/>
  <nd ref="2389140016"/>
  <nd ref="2389138810"/>
  <nd ref="2389139477"/>
  <tag k="landuse" v="residential"/>
 </way>
 <way id="230404362" visible="true" version="1" changeset="17007887" timestamp="2013-07-19T06:33:35Z" user="FrozenFlame22" uid="719784">
  <nd ref="2389138810"/>
  <nd ref="2389139564"/>
  <nd ref="2389139373"/>
  <nd ref="2389138637"/>
  <nd ref="2389139549"/>
  <nd ref="2389138627"/>
  <nd ref="2389138200"/>
  <nd ref="2389139899"/>
  <nd ref="2389140016"/>
  <nd ref="2389138810"/>
  <tag k="landuse" v="residential"/>
 </way>
 <way id="230404377" visible="true" version="1" changeset="17007887" timestamp="2013-07-19T06:33:36Z" user="FrozenFlame22" uid="719784">
  <nd ref="2389138236"/>
  <nd ref="2389138316"/>
  <tag k="highway" v="residential"/>
  <tag k="tiger:cfcc" v="A41"/>
  <tag k="tiger:county" v="El Paso, CO"/>
 </way>
 <way id="230404384" visible="true" version="1" changeset="17007887" timestamp="2013-07-19T06:33:37Z" user="FrozenFlame22" uid="719784">
  <nd ref="2389138924"/>
  <nd ref="2389138167"/>
  <nd ref="2389138468"/>
  <tag k="highway" v="residential"/>
  <tag k="tiger:cfcc" v="A41"/>
  <tag k="tiger:county" v="El Paso, CO"/>
 </way>
 <way id="235923610" visible="true" version="1" changeset="17599251" timestamp="2013-08-31T06:56:47Z" user="FrozenFlame22" uid="719784">
  <nd ref="2440073928"/>
  <nd ref="2440073887"/>
  <nd ref="2440073509"/>
  <nd ref="2440073516"/>
  <nd ref="2440073844"/>
  <nd ref="2440073872"/>
  <nd ref="2440073720"/>
  <nd ref="2440073789"/>
  <nd ref="2440073787"/>
  <nd ref="2440073819"/>
  <tag k="highway" v="footway"/>
 </way>
 <way id="235923611" visible="true" version="1" changeset="17599251" timestamp="2013-08-31T06:56:47Z" user="FrozenFlame22" uid="719784">
  <nd ref="2440073624"/>
  <nd ref="2440073921"/>
  <nd ref="2440073507"/>
  <tag k="highway" v="footway"/>
 </way>
 <way id="235923613" visible="true" version="1" changeset="17599251" timestamp="2013-08-31T06:56:47Z" user="FrozenFlame22" uid="719784">
  <nd ref="2440073493"/>
  <nd ref="2440073536"/>
  <tag k="highway" v="footway"/>
 </way>
 <way id="235923617" visible="true" version="2" changeset="60150502" timestamp="2018-06-25T13:02:13Z" user="bhavana naga" uid="5677293">
  <nd ref="2440073896"/>
  <nd ref="2440073702"/>
  <nd ref="2440073920"/>
  <nd ref="2440073745"/>
  <nd ref="2440073577"/>
  <nd ref="2440073835"/>
  <nd ref="2440073490"/>
  <nd ref="2440073545"/>
  <nd ref="2440073475"/>
  <nd ref="2440073821"/>
  <tag k="highway" v="service"/>
 </way>
 <way id="235923618" visible="true" version="1" changeset="17599251" timestamp="2013-08-31T06:56:47Z" user="FrozenFlame22" uid="719784">
  <nd ref="2440073722"/>
  <nd ref="2440073639"/>
  <nd ref="2440073521"/>
  <nd ref="2440073723"/>
  <nd ref="2440073548"/>
  <nd ref="2440073541"/>
  <nd ref="2440073838"/>
  <nd ref="2440073865"/>
  <nd ref="2440073754"/>
  <nd ref="2440073729"/>
  <nd ref="2440073453"/>
  <nd ref="2440073722"/>
  <tag k="leisure" v="playground"/>
 </way>
 <way id="235923621" visible="true" version="1" changeset="17599251" timestamp="2013-08-31T06:56:48Z" user="FrozenFlame22" uid="719784">
  <nd ref="2440073507"/>
  <nd ref="2440073819"/>
  <nd ref="2440073499"/>
  <nd ref="2440073895"/>
  <tag k="highway" v="footway"/>
 </way>
 <way id="235923623" visible="true" version="1" changeset="17599251" timestamp="2013-08-31T06:56:48Z" user="FrozenFlame22" uid="719784">
  <nd ref="2440073456"/>
  <nd ref="2440073750"/>
  <tag k="highway" v="service"/>
 </way>
 <way id="235923637" visible="true" version="1" changeset="17599251" timestamp="2013-08-31T06:56:49Z" user="FrozenFlame22" uid="719784">
  <nd ref="2440073540"/>
  <nd ref="2440073560"/>
  <nd ref="2440073749"/>
  <nd ref="2440073463"/>
  <nd ref="2440073794"/>
  <tag k="highway" v="service"/>
 </way>
 <way id="235923641" visible="true" version="1" changeset="17599251" timestamp="2013-08-31T06:56:49Z" user="FrozenFlame22" uid="719784">
  <nd ref="2440073882"/>
  <nd ref="2440073753"/>
  <nd ref="2440073740"/>
  <nd ref="2440073497"/>
  <nd ref="2440073882"/>
  <tag k="leisure" v="pitch"/>
  <tag k="sport" v="soccer"/>
 </way>
 <way id="235923643" visible="true" version="6" changeset="149195906" timestamp="2024-03-26T21:11:58Z" user="TheDutchMan13" uid="1330847">
  <nd ref="2440073479"/>
  <nd ref="2440073595"/>
  <nd ref="2440073795"/>
  <nd ref="2440073674"/>
  <nd ref="2440073848"/>
  <nd ref="2440073734"/>
  <nd ref="2440073590"/>
  <nd ref="2440073886"/>
  <nd ref="2440073831"/>
  <nd ref="2440073741"/>
  <nd ref="2440073764"/>
  <nd ref="2440073488"/>
  <nd ref="2440073830"/>
  <nd ref="2440073852"/>
  <nd ref="2440073798"/>
  <nd ref="2440073670"/>
  <nd ref="2440073867"/>
  <nd ref="2440073709"/>
  <nd ref="2440073508"/>
  <nd ref="2440073479"/>
  <tag k="addr:housenumber" v="830"/>
  <tag k="addr:postcode" v="80915"/>
  <tag k="addr:state" v="CO"/>
  <tag k="addr:street" v="Hathaway Drive"/>
  <tag k="alt_name" v="McAuliffe Elementary School"/>
  <tag k="amenity" v="school"/>
  <tag k="name" v="Christa McAuliffe Elementary at Cimarron Hills"/>
  <tag k="operator" v="Colorado Springs School District 11"/>
  <tag k="operator:short" v="D11"/>
  <tag k="operator:type" v="public"/>
  <tag k="operator:wikidata" v="Q5148934"/>
  <tag k="phone" v="+1-719-228-0900"/>
  <tag k="source" v="Bing"/>
  <tag k="start_date" v="2007"/>
  <tag k="website" v="https://mcauliffe.d11.org/"/>
 </way>
 <way id="235923644" visible="true" version="1" changeset="17599251" timestamp="2013-08-31T06:56:49Z" user="FrozenFlame22" uid="719784">
  <nd ref="2440073794"/>
  <nd ref="2440073627"/>
  <nd ref="2440073456"/>
  <tag k="highway" v="service"/>
  <tag k="service" v="parking_aisle"/>
 </way>
 <way id="235923652" visible="true" version="1" changeset="17599251" timestamp="2013-08-31T06:56:50Z" user="FrozenFlame22" uid="719784">
  <nd ref="2440073696"/>
  <nd ref="2440073735"/>
  <nd ref="2440073692"/>
  <nd ref="2440073843"/>
  <nd ref="2440073580"/>
  <tag k="highway" v="footway"/>
 </way>
 <way id="235923654" visible="true" version="2" changeset="99985445" timestamp="2021-02-25T15:05:31Z" user="HopsAndSpokes" uid="5593540">
  <nd ref="2440073594"/>
  <nd ref="2440073523"/>
  <nd ref="2440073807"/>
  <nd ref="2440073513"/>
  <nd ref="2440073511"/>
  <nd ref="2440073596"/>
  <nd ref="2440073593"/>
  <nd ref="2440073622"/>
  <nd ref="2440073621"/>
  <nd ref="2440073793"/>
  <nd ref="2440073500"/>
  <nd ref="2440073522"/>
  <nd ref="2440073517"/>
  <nd ref="2440073876"/>
  <nd ref="2440073871"/>
  <nd ref="2440073687"/>
  <nd ref="2440073834"/>
  <nd ref="2440073606"/>
  <nd ref="2440073594"/>
  <tag k="leisure" v="track"/>
  <tag k="sport" v="running"/>
 </way>
 <way id="235923660" visible="true" version="1" changeset="17599251" timestamp="2013-08-31T06:56:51Z" user="FrozenFlame22" uid="719784">
  <nd ref="2440073927"/>
  <nd ref="2440073574"/>
  <nd ref="2440073578"/>
  <nd ref="2440073732"/>
  <nd ref="2440073849"/>
  <nd ref="2440073458"/>
  <nd ref="2440073558"/>
  <nd ref="2440073518"/>
  <nd ref="2440073478"/>
  <nd ref="2440073806"/>
  <nd ref="2440073519"/>
  <nd ref="2440073512"/>
  <nd ref="2440073574"/>
  <tag k="highway" v="footway"/>
 </way>
 <way id="235923665" visible="true" version="1" changeset="17599251" timestamp="2013-08-31T06:56:51Z" user="FrozenFlame22" uid="719784">
  <nd ref="2440073861"/>
  <nd ref="2440073536"/>
  <nd ref="2440073635"/>
  <nd ref="2440073684"/>
  <nd ref="2440073914"/>
  <tag k="highway" v="service"/>
 </way>
 <way id="235923669" visible="true" version="1" changeset="17599251" timestamp="2013-08-31T06:56:51Z" user="FrozenFlame22" uid="719784">
  <nd ref="2440073836"/>
  <nd ref="2440073905"/>
  <nd ref="2440073669"/>
  <tag k="highway" v="footway"/>
 </way>
 <way id="235923679" visible="true" version="3" changeset="184369921" timestamp="2026-06-20T22:13:56Z" user="HopsAndSpokes" uid="5593540">
  <nd ref="13954652918"/>
  <nd ref="2440073688"/>
  <nd ref="7115831852"/>
  <nd ref="2440073549"/>
  <nd ref="2440073538"/>
  <nd ref="2440073746"/>
  <nd ref="2440073931"/>
  <nd ref="2440073469"/>
  <nd ref="2440073682"/>
  <nd ref="2440073906"/>
  <nd ref="2440073439"/>
  <nd ref="2440073923"/>
  <nd ref="2440073605"/>
  <nd ref="2440073853"/>
  <nd ref="2440073669"/>
  <nd ref="2440073857"/>
  <nd ref="2440073927"/>
  <nd ref="2440073757"/>
  <nd ref="2440073668"/>
  <nd ref="2440073632"/>
  <nd ref="2440073888"/>
  <nd ref="2440073452"/>
  <nd ref="2440073534"/>
  <tag k="highway" v="footway"/>
 </way>
 <way id="235923682" visible="true" version="2" changeset="60150512" timestamp="2018-06-25T13:02:31Z" user="bhavana naga" uid="5677293">
  <nd ref="2440073853"/>
  <nd ref="2440073822"/>
  <nd ref="2440073692"/>
  <nd ref="2440073627"/>
  <nd ref="2440073706"/>
  <tag k="highway" v="footway"/>
 </way>
 <way id="235923683" visible="true" version="1" changeset="17599251" timestamp="2013-08-31T06:56:52Z" user="FrozenFlame22" uid="719784">
  <nd ref="2440073895"/>
  <nd ref="2440073856"/>
  <nd ref="2440073481"/>
  <nd ref="2440073482"/>
  <nd ref="2440073462"/>
  <nd ref="2440073613"/>
  <nd ref="2440073758"/>
  <nd ref="2440073499"/>
  <nd ref="2440073624"/>
  <nd ref="2440073611"/>
  <nd ref="2440073702"/>
  <nd ref="2440073922"/>
  <tag k="highway" v="footway"/>
 </way>
 <way id="235923685" visible="true" version="1" changeset="17599251" timestamp="2013-08-31T06:56:52Z" user="FrozenFlame22" uid="719784">
  <nd ref="2440073501"/>
  <nd ref="2440073452"/>
  <nd ref="2440073573"/>
  <nd ref="2440073759"/>
  <nd ref="2440073589"/>
  <nd ref="2440073706"/>
  <nd ref="2440073774"/>
  <nd ref="2440073792"/>
  <nd ref="2440073566"/>
  <nd ref="2440073538"/>
  <tag k="highway" v="footway"/>
 </way>
 <way id="235923688" visible="true" version="1" changeset="17599251" timestamp="2013-08-31T06:56:53Z" user="FrozenFlame22" uid="719784">
  <nd ref="2440073894"/>
  <nd ref="2440073553"/>
  <nd ref="2440073855"/>
  <nd ref="2440073802"/>
  <nd ref="2440073547"/>
  <nd ref="2440073885"/>
  <nd ref="2440073894"/>
  <tag k="amenity" v="parking"/>
 </way>
 <way id="235923696" visible="true" version="1" changeset="17599251" timestamp="2013-08-31T06:56:53Z" user="FrozenFlame22" uid="719784">
  <nd ref="2440073854"/>
  <nd ref="2440073614"/>
  <nd ref="2440073612"/>
  <nd ref="2440073524"/>
  <nd ref="2440073468"/>
  <nd ref="2440073777"/>
  <nd ref="2440073755"/>
  <nd ref="2440073919"/>
  <nd ref="2440073895"/>
  <nd ref="2440073684"/>
  <nd ref="2440073881"/>
  <tag k="highway" v="footway"/>
 </way>
 <way id="235923697" visible="true" version="1" changeset="17599251" timestamp="2013-08-31T06:56:53Z" user="FrozenFlame22" uid="719784">
  <nd ref="2440073673"/>
  <nd ref="2440073738"/>
  <nd ref="2440073821"/>
  <nd ref="2440073813"/>
  <nd ref="2440073930"/>
  <nd ref="2440073609"/>
  <nd ref="2440073683"/>
  <nd ref="2440073870"/>
  <nd ref="2440073733"/>
  <nd ref="2440073486"/>
  <nd ref="2440073459"/>
  <nd ref="2440073864"/>
  <nd ref="2440073914"/>
  <nd ref="2440073673"/>
  <nd ref="2440073583"/>
  <nd ref="2440073535"/>
  <nd ref="2440073897"/>
  <nd ref="2440073744"/>
  <tag k="highway" v="service"/>
 </way>
 <way id="235923709" visible="true" version="1" changeset="17599251" timestamp="2013-08-31T06:56:54Z" user="FrozenFlame22" uid="719784">
  <nd ref="2440073458"/>
  <nd ref="2440073608"/>
  <nd ref="2440073588"/>
  <nd ref="2440073874"/>
  <nd ref="2440073471"/>
  <nd ref="2440073572"/>
  <nd ref="2440073667"/>
  <nd ref="2440073655"/>
  <nd ref="2440073801"/>
  <nd ref="2440073663"/>
  <nd ref="2440073685"/>
  <nd ref="2440073556"/>
  <nd ref="2440073606"/>
  <tag k="highway" v="footway"/>
 </way>
 <way id="235923713" visible="true" version="1" changeset="17599251" timestamp="2013-08-31T06:56:55Z" user="FrozenFlame22" uid="719784">
  <nd ref="2440073925"/>
  <nd ref="2440073566"/>
  <nd ref="2440073828"/>
  <nd ref="2440073800"/>
  <nd ref="2440073862"/>
  <nd ref="2440073454"/>
  <nd ref="2440073528"/>
  <nd ref="2440073530"/>
  <nd ref="2440073858"/>
  <nd ref="2440073809"/>
  <nd ref="2440073540"/>
  <nd ref="2440073822"/>
  <nd ref="2440073832"/>
  <nd ref="2440073625"/>
  <nd ref="2440073778"/>
  <nd ref="2440073750"/>
  <nd ref="2440073564"/>
  <nd ref="2440073924"/>
  <nd ref="2440073515"/>
  <nd ref="2440073573"/>
  <nd ref="2440073768"/>
  <tag k="highway" v="service"/>
  <tag k="oneway" v="yes"/>
 </way>
 <way id="235923715" visible="true" version="1" changeset="17599251" timestamp="2013-08-31T06:56:55Z" user="FrozenFlame22" uid="719784">
  <nd ref="2440073457"/>
  <nd ref="2440073725"/>
  <nd ref="2440073671"/>
  <nd ref="2440073791"/>
  <nd ref="2440073457"/>
  <tag k="leisure" v="pitch"/>
  <tag k="sport" v="basketball"/>
 </way>
 <way id="235923718" visible="true" version="1" changeset="17599251" timestamp="2013-08-31T06:56:55Z" user="FrozenFlame22" uid="719784">
  <nd ref="2440073833"/>
  <nd ref="2440073631"/>
  <nd ref="2440073730"/>
  <nd ref="2440073863"/>
  <nd ref="2440073480"/>
  <nd ref="2440073647"/>
  <nd ref="2440073926"/>
  <nd ref="2440073640"/>
  <nd ref="2440073550"/>
  <nd ref="2440073506"/>
  <nd ref="2440073533"/>
  <nd ref="2440073839"/>
  <nd ref="2440073833"/>
  <tag k="leisure" v="playground"/>
 </way>
 <way id="235923719" visible="true" version="2" changeset="79325184" timestamp="2020-01-08T06:34:05Z" user="Bike 2 End" uid="2529030">
  <nd ref="2440073698"/>
  <nd ref="2440073896"/>
  <nd ref="2440073565"/>
  <tag k="highway" v="footway"/>
 </way>
 <way id="303128465" visible="true" version="2" changeset="116670967" timestamp="2022-01-27T15:10:03Z" user="HopsAndSpokes" uid="5593540">
  <nd ref="3074409051"/>
  <nd ref="3074408577"/>
  <nd ref="3074409145"/>
  <nd ref="3074409076"/>
  <nd ref="3074408557"/>
  <nd ref="3074408609"/>
  <nd ref="3074408661"/>
  <nd ref="3074409207"/>
  <nd ref="3074409095"/>
  <nd ref="3074409099"/>
  <nd ref="3074409200"/>
  <nd ref="3074409160"/>
  <nd ref="3074409104"/>
  <nd ref="3074408601"/>
  <nd ref="3074409060"/>
  <nd ref="3074408890"/>
  <nd ref="3074409042"/>
  <nd ref="3074408881"/>
  <nd ref="9453190544"/>
  <nd ref="3074408733"/>
  <tag k="highway" v="service"/>
  <tag k="service" v="driveway"/>
 </way>
 <way id="303128519" visible="true" version="1" changeset="25403982" timestamp="2014-09-13T04:46:22Z" user="FrozenFlame22" uid="719784">
  <nd ref="3074409243"/>
  <nd ref="3074409078"/>
  <tag k="highway" v="service"/>
  <tag k="service" v="driveway"/>
 </way>
 <way id="303128545" visible="true" version="1" changeset="25403982" timestamp="2014-09-13T04:46:24Z" user="FrozenFlame22" uid="719784">
  <nd ref="3074408455"/>
  <nd ref="3074408602"/>
  <tag k="highway" v="service"/>
  <tag k="oneway" v="yes"/>
  <tag k="service" v="driveway"/>
 </way>
 <way id="303128549" visible="true" version="1" changeset="25403982" timestamp="2014-09-13T04:46:24Z" user="FrozenFlame22" uid="719784">
  <nd ref="3074409078"/>
  <nd ref="3074409132"/>
  <nd ref="3074408691"/>
  <nd ref="3074409222"/>
  <nd ref="3074409020"/>
  <nd ref="3074409133"/>
  <nd ref="3074409168"/>
  <nd ref="3074409016"/>
  <nd ref="3074408530"/>
  <nd ref="3074408554"/>
  <nd ref="3074409131"/>
  <nd ref="3074408688"/>
  <nd ref="3074408765"/>
  <nd ref="3074408682"/>
  <tag k="highway" v="service"/>
  <tag k="oneway" v="yes"/>
  <tag k="service" v="parking_aisle"/>
 </way>
 <way id="303128607" visible="true" version="1" changeset="25403982" timestamp="2014-09-13T04:46:28Z" user="FrozenFlame22" uid="719784">
  <nd ref="3074408602"/>
  <nd ref="3074409248"/>
  <nd ref="3074409253"/>
  <nd ref="3074409078"/>
  <tag k="highway" v="service"/>
  <tag k="oneway" v="yes"/>
  <tag k="service" v="driveway"/>
 </way>
 <way id="303128652" visible="true" version="1" changeset="25403982" timestamp="2014-09-13T04:46:31Z" user="FrozenFlame22" uid="719784">
  <nd ref="3074408602"/>
  <nd ref="3074408577"/>
  <tag k="highway" v="service"/>
  <tag k="oneway" v="yes"/>
  <tag k="service" v="driveway"/>
 </way>
 <way id="455844645" visible="true" version="2" changeset="81140223" timestamp="2020-02-17T23:48:12Z" user="CrazyMonkeyBen" uid="10727981">
  <nd ref="4522384865"/>
  <nd ref="4522384874"/>
  <nd ref="4522384858"/>
  <nd ref="4522384877"/>
  <nd ref="4522384867"/>
  <nd ref="4522384843"/>
  <nd ref="4522384875"/>
  <nd ref="4522384871"/>
  <nd ref="4522384876"/>
  <nd ref="4522384853"/>
  <nd ref="4522384848"/>
  <nd ref="4522384872"/>
  <nd ref="4162274698"/>
  <nd ref="4162274699"/>
  <nd ref="4522384844"/>
  <nd ref="4522384868"/>
  <nd ref="4522384869"/>
  <nd ref="4522384854"/>
  <nd ref="4522384855"/>
  <nd ref="4522384849"/>
  <nd ref="4522384873"/>
  <nd ref="4522384852"/>
  <nd ref="4522384864"/>
  <nd ref="4522384857"/>
  <nd ref="4522384860"/>
  <nd ref="4522384846"/>
  <nd ref="4522384856"/>
  <nd ref="4522384861"/>
  <nd ref="4522384845"/>
  <nd ref="4522384859"/>
  <nd ref="4522384865"/>
  <tag k="natural" v="grassland"/>
 </way>
 <way id="724444881" visible="true" version="1" changeset="74455864" timestamp="2019-09-13T21:42:19Z" user="Taywee" uid="10298311">
  <nd ref="6794030374"/>
  <nd ref="6794030375"/>
  <nd ref="6794030376"/>
  <nd ref="6794030377"/>
  <nd ref="6794030378"/>
  <nd ref="6794030379"/>
  <nd ref="6794030380"/>
  <nd ref="6794030381"/>
  <nd ref="6794030382"/>
  <nd ref="6794030383"/>
  <nd ref="6794030384"/>
  <nd ref="6794043985"/>
  <nd ref="6794043986"/>
  <nd ref="6794043987"/>
  <nd ref="6794043988"/>
  <nd ref="6794043989"/>
  <nd ref="6794043990"/>
  <nd ref="6794043991"/>
  <nd ref="6794043992"/>
  <nd ref="6794030374"/>
  <tag k="amenity" v="parking"/>
 </way>
 <way id="742413285" visible="true" version="1" changeset="76683906" timestamp="2019-11-06T08:03:56Z" user="indukun" uid="10192116">
  <nd ref="6950487833"/>
  <nd ref="6950487834"/>
  <nd ref="6950487835"/>
  <nd ref="6950487836"/>
  <nd ref="6950487837"/>
  <nd ref="6950487838"/>
  <nd ref="6950487839"/>
  <nd ref="6950487840"/>
  <nd ref="6950487842"/>
  <nd ref="6950487841"/>
  <tag k="access" v="private"/>
  <tag k="highway" v="service"/>
 </way>
 <way id="742413286" visible="true" version="2" changeset="111184473" timestamp="2021-09-14T09:20:21Z" user="ramyazka" uid="13872483">
  <nd ref="6950487843"/>
  <nd ref="9090620335"/>
  <nd ref="6950487844"/>
  <nd ref="6950487845"/>
  <nd ref="9090620338"/>
  <nd ref="6950487846"/>
  <nd ref="6950487847"/>
  <nd ref="6950487848"/>
  <nd ref="6950487849"/>
  <tag k="highway" v="service"/>
 </way>
 <way id="742413287" visible="true" version="1" changeset="76683906" timestamp="2019-11-06T08:03:56Z" user="indukun" uid="10192116">
  <nd ref="6950487850"/>
  <nd ref="6950487851"/>
  <nd ref="6950487852"/>
  <nd ref="6950487853"/>
  <nd ref="6950487854"/>
  <nd ref="6950487855"/>
  <nd ref="6950487856"/>
  <nd ref="6950487857"/>
  <nd ref="6950487858"/>
  <nd ref="6950487859"/>
  <nd ref="6950487860"/>
  <nd ref="6950487861"/>
  <nd ref="6950487851"/>
  <tag k="access" v="private"/>
  <tag k="highway" v="service"/>
 </way>
 <way id="742500580" visible="true" version="4" changeset="184370135" timestamp="2026-06-20T22:23:46Z" user="HopsAndSpokes" uid="5593540">
  <nd ref="13954652912"/>
  <nd ref="6951282532"/>
  <nd ref="6951282534"/>
  <nd ref="6951282535"/>
  <nd ref="6951282536"/>
  <nd ref="6951282537"/>
  <nd ref="6951282538"/>
  <nd ref="7132412872"/>
  <nd ref="6951282539"/>
  <tag k="highway" v="service"/>
 </way>
 <way id="742500581" visible="true" version="2" changeset="103741083" timestamp="2021-04-28T04:17:03Z" user="rbhawa" uid="10480294">
  <nd ref="6951282540"/>
  <nd ref="6951282541"/>
  <nd ref="6951282542"/>
  <nd ref="6951282543"/>
  <nd ref="8674808283"/>
  <nd ref="8674808284"/>
  <nd ref="8674808285"/>
  <nd ref="8674808286"/>
  <nd ref="8674808287"/>
  <nd ref="8674808288"/>
  <nd ref="8674808289"/>
  <nd ref="8674808290"/>
  <nd ref="8674808291"/>
  <nd ref="6951282541"/>
  <tag k="access" v="customers"/>
  <tag k="highway" v="service"/>
 </way>
 <way id="744363175" visible="true" version="1" changeset="76916957" timestamp="2019-11-11T15:04:59Z" user="buddhirv" uid="10145792">
  <nd ref="6966740691"/>
  <nd ref="6966740692"/>
  <tag k="highway" v="service"/>
 </way>
 <way id="751497346" visible="true" version="1" changeset="77805909" timestamp="2019-12-02T08:20:37Z" user="rppalagu" uid="10240916">
  <nd ref="2440073744"/>
  <nd ref="7025401228"/>
  <nd ref="7025401229"/>
  <nd ref="7025401230"/>
  <nd ref="7025401231"/>
  <nd ref="7025401232"/>
  <nd ref="7025401233"/>
  <nd ref="7025401234"/>
  <nd ref="7025401235"/>
  <tag k="access" v="private"/>
  <tag k="highway" v="service"/>
 </way>
 <way id="751497347" visible="true" version="1" changeset="77805909" timestamp="2019-12-02T08:20:37Z" user="rppalagu" uid="10240916">
  <nd ref="7025401236"/>
  <nd ref="7025401237"/>
  <nd ref="7025401238"/>
  <nd ref="7025401239"/>
  <tag k="access" v="private"/>
  <tag k="highway" v="service"/>
 </way>
 <way id="751497348" visible="true" version="1" changeset="77805909" timestamp="2019-12-02T08:20:37Z" user="rppalagu" uid="10240916">
  <nd ref="7025401237"/>
  <nd ref="7025401240"/>
  <tag k="access" v="private"/>
  <tag k="highway" v="service"/>
 </way>
 <way id="751497349" visible="true" version="1" changeset="77805909" timestamp="2019-12-02T08:20:37Z" user="rppalagu" uid="10240916">
  <nd ref="7025401240"/>
  <nd ref="7025401245"/>
  <nd ref="7025401246"/>
  <nd ref="7025401243"/>
  <tag k="highway" v="service"/>
  <tag k="oneway" v="yes"/>
 </way>
 <way id="751497350" visible="true" version="1" changeset="77805909" timestamp="2019-12-02T08:20:37Z" user="rppalagu" uid="10240916">
  <nd ref="7025401243"/>
  <nd ref="7025401244"/>
  <tag k="highway" v="service"/>
 </way>
 <way id="751497351" visible="true" version="2" changeset="94896958" timestamp="2020-11-27T12:35:38Z" user="siddhaam" uid="10192119">
  <nd ref="7025401243"/>
  <nd ref="7025401242"/>
  <nd ref="7025401241"/>
  <nd ref="7025401240"/>
  <tag k="highway" v="service"/>
  <tag k="oneway" v="yes"/>
 </way>
 <way id="751497352" visible="true" version="2" changeset="99792386" timestamp="2021-02-23T05:55:37Z" user="yadathot" uid="9632260">
  <nd ref="7025401247"/>
  <nd ref="7025401248"/>
  <nd ref="7025401249"/>
  <nd ref="7025401250"/>
  <nd ref="7025401251"/>
  <nd ref="7025401252"/>
  <tag k="access" v="private"/>
  <tag k="highway" v="service"/>
 </way>
 <way id="751570313" visible="true" version="4" changeset="184369921" timestamp="2026-06-20T22:13:56Z" user="HopsAndSpokes" uid="5593540">
  <nd ref="7026069727"/>
  <nd ref="13954652906"/>
  <nd ref="7026069734"/>
  <nd ref="7281559667"/>
  <nd ref="7281559661"/>
  <nd ref="7026069728"/>
  <tag k="highway" v="service"/>
 </way>
 <way id="753841031" visible="true" version="1" changeset="78134890" timestamp="2019-12-09T07:41:26Z" user="ssahithi" uid="10159506">
  <nd ref="7026069728"/>
  <nd ref="7043210427"/>
  <nd ref="7026069729"/>
  <nd ref="7026069730"/>
  <nd ref="7026069731"/>
  <nd ref="7043210428"/>
  <nd ref="7026069732"/>
  <nd ref="7026069733"/>
  <nd ref="7026069734"/>
  <tag k="access" v="private"/>
  <tag k="highway" v="service"/>
 </way>
 <way id="755806520" visible="true" version="1" changeset="78453904" timestamp="2019-12-16T06:03:59Z" user="veesams" uid="10145795">
  <nd ref="2440073925"/>
  <nd ref="7059268936"/>
  <nd ref="7059268937"/>
  <nd ref="7059268938"/>
  <nd ref="7059268939"/>
  <tag k="highway" v="service"/>
 </way>
 <way id="757254612" visible="true" version="1" changeset="78675892" timestamp="2019-12-20T09:26:36Z" user="leelamrs" uid="10240925">
  <nd ref="7071713466"/>
  <nd ref="7071713467"/>
  <nd ref="7071713468"/>
  <nd ref="7071713469"/>
  <tag k="highway" v="service"/>
 </way>
 <way id="761613572" visible="true" version="2" changeset="184369921" timestamp="2026-06-20T22:13:56Z" user="HopsAndSpokes" uid="5593540">
  <nd ref="7115831847"/>
  <nd ref="7115831848"/>
  <nd ref="13954652919"/>
  <nd ref="7115831853"/>
  <nd ref="7115831849"/>
  <nd ref="7115831854"/>
  <nd ref="7115831850"/>
  <nd ref="7115831856"/>
  <nd ref="7115831852"/>
  <nd ref="7115831851"/>
  <tag k="highway" v="service"/>
 </way>
 <way id="761613573" visible="true" version="1" changeset="79318408" timestamp="2020-01-08T03:26:01Z" user="boddushr" uid="10297538">
  <nd ref="7115831854"/>
  <nd ref="7115831855"/>
  <nd ref="7115831856"/>
  <tag k="highway" v="service"/>
 </way>
 <way id="761635403" visible="true" version="2" changeset="79325184" timestamp="2020-01-08T06:34:05Z" user="Bike 2 End" uid="2529030">
  <nd ref="7116090941"/>
  <nd ref="2085206313"/>
  <nd ref="2085206440"/>
  <nd ref="2085206242"/>
  <nd ref="2085206250"/>
  <nd ref="2085206295"/>
  <nd ref="2085206296"/>
  <nd ref="2085205634"/>
  <nd ref="2085206324"/>
  <nd ref="2085206582"/>
  <nd ref="7116096509"/>
  <tag k="waterway" v="drain"/>
 </way>
 <way id="761635404" visible="true" version="1" changeset="79325121" timestamp="2020-01-08T06:32:28Z" user="Bike 2 End" uid="2529030">
  <nd ref="7116090942"/>
  <nd ref="7116090941"/>
  <tag k="layer" v="-1"/>
  <tag k="tunnel" v="culvert"/>
  <tag k="waterway" v="drain"/>
 </way>
 <way id="761635705" visible="true" version="1" changeset="79325184" timestamp="2020-01-08T06:34:05Z" user="Bike 2 End" uid="2529030">
  <nd ref="7116096508"/>
  <nd ref="2085206134"/>
  <nd ref="2085206399"/>
  <nd ref="2085206769"/>
  <tag k="waterway" v="drain"/>
 </way>
 <way id="761635706" visible="true" version="1" changeset="79325184" timestamp="2020-01-08T06:34:05Z" user="Bike 2 End" uid="2529030">
  <nd ref="7116096509"/>
  <nd ref="7116096508"/>
  <tag k="layer" v="-1"/>
  <tag k="tunnel" v="culvert"/>
  <tag k="waterway" v="drain"/>
 </way>
 <way id="761644692" visible="true" version="2" changeset="135387010" timestamp="2023-04-26T13:22:58Z" user="mpatsevich_lyft" uid="12896788">
  <nd ref="7116128368"/>
  <nd ref="7116128371"/>
  <nd ref="7116128369"/>
  <nd ref="10842927787"/>
  <nd ref="7116128370"/>
  <tag k="highway" v="service"/>
 </way>
 <way id="761644693" visible="true" version="1" changeset="79326793" timestamp="2020-01-08T07:17:53Z" user="vshnsa" uid="10480276">
  <nd ref="7116128371"/>
  <nd ref="7116128372"/>
  <nd ref="7116128373"/>
  <tag k="highway" v="service"/>
 </way>
 <way id="761644694" visible="true" version="1" changeset="79326793" timestamp="2020-01-08T07:17:53Z" user="vshnsa" uid="10480276">
  <nd ref="7116128374"/>
  <nd ref="7116128375"/>
  <nd ref="7116128376"/>
  <tag k="highway" v="service"/>
 </way>
 <way id="761644695" visible="true" version="1" changeset="79326793" timestamp="2020-01-08T07:17:53Z" user="vshnsa" uid="10480276">
  <nd ref="7116128377"/>
  <nd ref="7116128381"/>
  <nd ref="7116128382"/>
  <nd ref="7116128378"/>
  <tag k="highway" v="service"/>
 </way>
 <way id="761644696" visible="true" version="1" changeset="79326793" timestamp="2020-01-08T07:17:53Z" user="vshnsa" uid="10480276">
  <nd ref="7116128379"/>
  <nd ref="7116128380"/>
  <nd ref="7116128381"/>
  <tag k="highway" v="service"/>
 </way>
 <way id="761644697" visible="true" version="1" changeset="79326793" timestamp="2020-01-08T07:17:53Z" user="vshnsa" uid="10480276">
  <nd ref="7116128384"/>
  <nd ref="7116161491"/>
  <nd ref="7116161485"/>
  <nd ref="7116161486"/>
  <nd ref="7116161487"/>
  <nd ref="7116161488"/>
  <nd ref="7116161489"/>
  <nd ref="7116161490"/>
  <tag k="highway" v="service"/>
 </way>
 <way id="761644698" visible="true" version="1" changeset="79326793" timestamp="2020-01-08T07:17:53Z" user="vshnsa" uid="10480276">
  <nd ref="7116161491"/>
  <nd ref="7116161492"/>
  <nd ref="7116161489"/>
  <tag k="highway" v="service"/>
 </way>
 <way id="761644699" visible="true" version="1" changeset="79326793" timestamp="2020-01-08T07:17:53Z" user="vshnsa" uid="10480276">
  <nd ref="7116161493"/>
  <nd ref="7116161494"/>
  <nd ref="7116161495"/>
  <nd ref="7116161496"/>
  <nd ref="7116161497"/>
  <tag k="highway" v="service"/>
 </way>
 <way id="761662058" visible="true" version="2" changeset="79777643" timestamp="2020-01-20T06:00:04Z" user="vshnsa" uid="10480276">
  <nd ref="7116313319"/>
  <nd ref="7116313320"/>
  <nd ref="7116313321"/>
  <nd ref="7144675873"/>
  <tag k="highway" v="service"/>
 </way>
 <way id="761662059" visible="true" version="1" changeset="79330952" timestamp="2020-01-08T09:00:39Z" user="vshnsa" uid="10480276">
  <nd ref="7116313321"/>
  <nd ref="7116313323"/>
  <tag k="highway" v="service"/>
 </way>
 <way id="761662060" visible="true" version="1" changeset="79330952" timestamp="2020-01-08T09:00:39Z" user="vshnsa" uid="10480276">
  <nd ref="7116313324"/>
  <nd ref="7116313325"/>
  <nd ref="7116313326"/>
  <nd ref="7116313327"/>
  <nd ref="7116313328"/>
  <nd ref="7116313329"/>
  <nd ref="7116313325"/>
  <tag k="highway" v="service"/>
 </way>
 <way id="763289954" visible="true" version="1" changeset="79593326" timestamp="2020-01-15T05:38:32Z" user="gohimans" uid="10145709">
  <nd ref="6951282532"/>
  <nd ref="7132412869"/>
  <nd ref="7132412870"/>
  <nd ref="7132412871"/>
  <nd ref="7132412872"/>
  <tag k="highway" v="service"/>
 </way>
 <way id="763289955" visible="true" version="1" changeset="79593326" timestamp="2020-01-15T05:38:32Z" user="gohimans" uid="10145709">
  <nd ref="7132412873"/>
  <nd ref="7132412874"/>
  <tag k="highway" v="service"/>
  <tag k="oneway" v="yes"/>
 </way>
 <way id="763289956" visible="true" version="1" changeset="79593326" timestamp="2020-01-15T05:38:32Z" user="gohimans" uid="10145709">
  <nd ref="7132412874"/>
  <nd ref="7132412875"/>
  <nd ref="7132412876"/>
  <nd ref="7132412877"/>
  <nd ref="7132412878"/>
  <nd ref="7132412879"/>
  <nd ref="7132412880"/>
  <nd ref="7132412881"/>
  <nd ref="7132412874"/>
  <tag k="highway" v="service"/>
 </way>
 <way id="763289957" visible="true" version="1" changeset="79593326" timestamp="2020-01-15T05:38:32Z" user="gohimans" uid="10145709">
  <nd ref="7132412881"/>
  <nd ref="7132412882"/>
  <tag k="highway" v="service"/>
  <tag k="oneway" v="yes"/>
 </way>
 <way id="763289958" visible="true" version="1" changeset="79593326" timestamp="2020-01-15T05:38:32Z" user="gohimans" uid="10145709">
  <nd ref="7132412883"/>
  <nd ref="7132480886"/>
  <nd ref="7132412884"/>
  <tag k="highway" v="service"/>
 </way>
 <way id="763289959" visible="true" version="1" changeset="79593326" timestamp="2020-01-15T05:38:32Z" user="gohimans" uid="10145709">
  <nd ref="7132480885"/>
  <nd ref="7132480886"/>
  <tag k="highway" v="service"/>
 </way>
 <way id="764862095" visible="true" version="1" changeset="79777643" timestamp="2020-01-20T06:00:04Z" user="vshnsa" uid="10480276">
  <nd ref="7144675872"/>
  <nd ref="7116313329"/>
  <tag k="highway" v="service"/>
 </way>
 <way id="764862096" visible="true" version="1" changeset="79777643" timestamp="2020-01-20T06:00:04Z" user="vshnsa" uid="10480276">
  <nd ref="7144675873"/>
  <nd ref="7116313322"/>
  <tag k="access" v="private"/>
  <tag k="highway" v="service"/>
 </way>
 <way id="767771276" visible="true" version="2" changeset="183922803" timestamp="2026-06-10T12:57:44Z" user="Abaluni_Lyft" uid="23086916">
  <nd ref="7168509888"/>
  <nd ref="7168509901"/>
  <nd ref="7168509898"/>
  <nd ref="7168509889"/>
  <nd ref="13926157249"/>
  <nd ref="7168509890"/>
  <nd ref="7168509891"/>
  <nd ref="7168509892"/>
  <nd ref="7168509893"/>
  <nd ref="7168509894"/>
  <nd ref="7168509895"/>
  <nd ref="7168509896"/>
  <nd ref="7168509897"/>
  <nd ref="13926157250"/>
  <nd ref="7168509898"/>
  <tag k="access" v="private"/>
  <tag k="highway" v="service"/>
 </way>
 <way id="767771277" visible="true" version="1" changeset="80234856" timestamp="2020-01-29T06:22:48Z" user="borvikas" uid="10208974">
  <nd ref="7168509889"/>
  <nd ref="7168509900"/>
  <nd ref="7168509899"/>
  <tag k="access" v="private"/>
  <tag k="highway" v="service"/>
 </way>
 <way id="779802976" visible="true" version="1" changeset="81991217" timestamp="2020-03-10T04:42:01Z" user="srygy" uid="10192136">
  <nd ref="7281559661"/>
  <nd ref="7281559662"/>
  <nd ref="7281559663"/>
  <nd ref="7281559664"/>
  <nd ref="7281559665"/>
  <nd ref="7281559666"/>
  <nd ref="7281559667"/>
  <tag k="access" v="customers"/>
  <tag k="highway" v="service"/>
 </way>
 <way id="780121400" visible="true" version="1" changeset="82044422" timestamp="2020-03-11T08:08:58Z" user="vissushm" uid="10086291">
  <nd ref="7284286910"/>
  <nd ref="7284286918"/>
  <nd ref="7284286911"/>
  <nd ref="7284286912"/>
  <nd ref="7284286913"/>
  <nd ref="7284286914"/>
  <nd ref="7284286915"/>
  <nd ref="7284286916"/>
  <nd ref="7284286917"/>
  <nd ref="7284286918"/>
  <tag k="highway" v="service"/>
 </way>
 <way id="896543868" visible="true" version="1" changeset="97696417" timestamp="2021-01-18T11:49:54Z" user="hyyenugu" uid="11640843">
  <nd ref="8334021911"/>
  <nd ref="8334021912"/>
  <nd ref="8334021913"/>
  <nd ref="8334021914"/>
  <tag k="highway" v="service"/>
 </way>
 <way id="896543869" visible="true" version="1" changeset="97696417" timestamp="2021-01-18T11:49:54Z" user="hyyenugu" uid="11640843">
  <nd ref="8334021915"/>
  <nd ref="8334021916"/>
  <nd ref="8334046522"/>
  <tag k="highway" v="service"/>
 </way>
 <way id="896543870" visible="true" version="1" changeset="97696417" timestamp="2021-01-18T11:49:54Z" user="hyyenugu" uid="11640843">
  <nd ref="8334046522"/>
  <nd ref="8334046517"/>
  <nd ref="8334046518"/>
  <nd ref="8334046519"/>
  <nd ref="8334046520"/>
  <nd ref="8334046521"/>
  <tag k="highway" v="service"/>
  <tag k="oneway" v="yes"/>
 </way>
 <way id="896543877" visible="true" version="2" changeset="184370135" timestamp="2026-06-20T22:23:46Z" user="HopsAndSpokes" uid="5593540">
  <nd ref="8334046556"/>
  <nd ref="13954668003"/>
  <nd ref="8334046557"/>
  <nd ref="8334046558"/>
  <nd ref="8334046559"/>
  <nd ref="8334046560"/>
  <nd ref="55793147"/>
  <tag k="highway" v="service"/>
 </way>
 <way id="896543878" visible="true" version="1" changeset="97696417" timestamp="2021-01-18T11:49:54Z" user="hyyenugu" uid="11640843">
  <nd ref="8334046559"/>
  <nd ref="8334046561"/>
  <nd ref="8334046562"/>
  <nd ref="8334046557"/>
  <tag k="highway" v="service"/>
 </way>
 <way id="896548815" visible="true" version="1" changeset="97697414" timestamp="2021-01-18T12:05:17Z" user="avipsha" uid="11759504">
  <nd ref="8334094020"/>
  <nd ref="8334094021"/>
  <nd ref="8334094022"/>
  <nd ref="8334094023"/>
  <tag k="highway" v="service"/>
 </way>
 <way id="896548816" visible="true" version="1" changeset="97697414" timestamp="2021-01-18T12:05:17Z" user="avipsha" uid="11759504">
  <nd ref="8334094024"/>
  <nd ref="8334094025"/>
  <nd ref="8334094026"/>
  <nd ref="8334094027"/>
  <nd ref="8334094028"/>
  <nd ref="8334094029"/>
  <tag k="access" v="private"/>
  <tag k="highway" v="service"/>
 </way>
 <way id="896548817" visible="true" version="1" changeset="97697414" timestamp="2021-01-18T12:05:17Z" user="avipsha" uid="11759504">
  <nd ref="7116313320"/>
  <nd ref="8334094030"/>
  <tag k="highway" v="service"/>
 </way>
 <way id="904907489" visible="true" version="5" changeset="152195591" timestamp="2024-06-03T11:12:52Z" user="PizzaTreeIsland" uid="17308617">
  <nd ref="8403710391"/>
  <nd ref="8403710392"/>
  <nd ref="9177130395"/>
  <nd ref="8403710393"/>
  <nd ref="8403710394"/>
  <nd ref="8403710395"/>
  <nd ref="9177130394"/>
  <nd ref="8403710396"/>
  <nd ref="9177130393"/>
  <nd ref="8403710366"/>
  <nd ref="8410598557"/>
  <nd ref="8403710365"/>
  <nd ref="8410598558"/>
  <nd ref="8410598559"/>
  <nd ref="8403710364"/>
  <nd ref="8410598560"/>
  <nd ref="9177130392"/>
  <nd ref="8403710363"/>
  <nd ref="8410598561"/>
  <nd ref="8403710362"/>
  <nd ref="8410598562"/>
  <nd ref="9177130391"/>
  <nd ref="8403710361"/>
  <nd ref="9177130398"/>
  <nd ref="8403710360"/>
  <nd ref="9177130397"/>
  <nd ref="8403710359"/>
  <nd ref="9177130396"/>
  <nd ref="8403710391"/>
  <tag k="golf" v="green"/>
  <tag k="landuse" v="grass"/>
 </way>
 <way id="904907490" visible="true" version="3" changeset="118997486" timestamp="2022-03-27T22:00:21Z" user="Spaghetti Monster🍝" uid="8758904">
  <nd ref="8403710397"/>
  <nd ref="8403710398"/>
  <nd ref="8403710399"/>
  <tag k="golf" v="hole"/>
  <tag k="handicap" v="5"/>
  <tag k="par" v="3"/>
  <tag k="ref" v="2"/>
 </way>
 <way id="904909485" visible="true" version="2" changeset="112594022" timestamp="2021-10-16T21:39:08Z" user="Shipwreck34" uid="10643883">
  <nd ref="8403735943"/>
  <nd ref="9177130408"/>
  <nd ref="8403735944"/>
  <nd ref="8403735945"/>
  <nd ref="8403735946"/>
  <nd ref="9177130409"/>
  <nd ref="9177130410"/>
  <nd ref="8403735947"/>
  <nd ref="9177130403"/>
  <nd ref="8403735948"/>
  <nd ref="8403735949"/>
  <nd ref="9177130404"/>
  <nd ref="8403735950"/>
  <nd ref="9177130405"/>
  <nd ref="8403735951"/>
  <nd ref="9177130406"/>
  <nd ref="8403735952"/>
  <nd ref="8403735953"/>
  <nd ref="9177130407"/>
  <nd ref="8403735954"/>
  <nd ref="8403735943"/>
  <tag k="golf" v="tee"/>
  <tag k="landuse" v="grass"/>
 </way>
 <way id="904909486" visible="true" version="4" changeset="123203672" timestamp="2022-07-04T18:42:49Z" user="b-jazz" uid="5800005">
  <nd ref="8403735955"/>
  <nd ref="9177130475"/>
  <nd ref="8403735956"/>
  <nd ref="8403735957"/>
  <nd ref="8403735958"/>
  <nd ref="9177130469"/>
  <nd ref="8403735959"/>
  <nd ref="9177130470"/>
  <nd ref="8403735960"/>
  <nd ref="8403735961"/>
  <nd ref="8403735962"/>
  <nd ref="8403735963"/>
  <nd ref="8410598567"/>
  <nd ref="9177130471"/>
  <nd ref="8403735964"/>
  <nd ref="9177130472"/>
  <nd ref="8403735965"/>
  <nd ref="8403735966"/>
  <nd ref="8403735967"/>
  <nd ref="8403735968"/>
  <nd ref="8403735969"/>
  <nd ref="8403735970"/>
  <nd ref="8403735971"/>
  <nd ref="8403735972"/>
  <nd ref="8403735973"/>
  <nd ref="8403735974"/>
  <nd ref="8403735975"/>
  <nd ref="8403735976"/>
  <nd ref="8403735977"/>
  <nd ref="8403735978"/>
  <nd ref="8403735979"/>
  <nd ref="8403735980"/>
  <nd ref="8403735982"/>
  <nd ref="8403735983"/>
  <nd ref="8403735984"/>
  <nd ref="8403735985"/>
  <nd ref="8403735986"/>
  <nd ref="8403735987"/>
  <nd ref="8403735988"/>
  <nd ref="8403735989"/>
  <nd ref="9177130473"/>
  <nd ref="8403735990"/>
  <nd ref="9177130474"/>
  <nd ref="8403735991"/>
  <nd ref="8403735992"/>
  <nd ref="8403735993"/>
  <nd ref="8403735994"/>
  <nd ref="8403735995"/>
  <nd ref="8403735996"/>
  <nd ref="8403735997"/>
  <nd ref="8403735955"/>
 </way>
 <way id="904909487" visible="true" version="4" changeset="152195591" timestamp="2024-06-03T11:12:52Z" user="PizzaTreeIsland" uid="17308617">
  <nd ref="8403735998"/>
  <nd ref="9179072470"/>
  <nd ref="8403735999"/>
  <nd ref="8403736000"/>
  <nd ref="9179072466"/>
  <nd ref="8403736001"/>
  <nd ref="9179072465"/>
  <nd ref="8403736002"/>
  <nd ref="9179072464"/>
  <nd ref="8403736003"/>
  <nd ref="8403736004"/>
  <nd ref="8403736005"/>
  <nd ref="8403736006"/>
  <nd ref="8403736007"/>
  <nd ref="8403736008"/>
  <nd ref="9179072469"/>
  <nd ref="8403736009"/>
  <nd ref="8403736010"/>
  <nd ref="9179072468"/>
  <nd ref="8403736011"/>
  <nd ref="9179072467"/>
  <nd ref="8403736012"/>
  <nd ref="8403736013"/>
  <nd ref="8403736014"/>
  <nd ref="8403736015"/>
  <nd ref="8403736016"/>
  <nd ref="8403735998"/>
  <tag k="golf" v="green"/>
  <tag k="landuse" v="grass"/>
 </way>
 <way id="904909488" visible="true" version="5" changeset="118997486" timestamp="2022-03-27T22:00:21Z" user="Spaghetti Monster🍝" uid="8758904">
  <nd ref="8403736017"/>
  <nd ref="8403736018"/>
  <nd ref="8403736019"/>
  <tag k="golf" v="hole"/>
  <tag k="handicap" v="8"/>
  <tag k="par" v="3"/>
  <tag k="ref" v="3"/>
 </way>
 <way id="904911214" visible="true" version="5" changeset="152195591" timestamp="2024-06-03T11:12:52Z" user="PizzaTreeIsland" uid="17308617">
  <nd ref="8403744849"/>
  <nd ref="9179111527"/>
  <nd ref="8403744850"/>
  <nd ref="9177095493"/>
  <nd ref="9177095494"/>
  <nd ref="8403744851"/>
  <nd ref="8403744852"/>
  <nd ref="8403744853"/>
  <nd ref="8403744854"/>
  <nd ref="8403744855"/>
  <nd ref="8403744856"/>
  <nd ref="8403744857"/>
  <nd ref="9177095496"/>
  <nd ref="9177095495"/>
  <nd ref="9177095503"/>
  <nd ref="8403744858"/>
  <nd ref="9177095502"/>
  <nd ref="8403744859"/>
  <nd ref="9177095501"/>
  <nd ref="8403744860"/>
  <nd ref="9177095500"/>
  <nd ref="9177095499"/>
  <nd ref="8403744861"/>
  <nd ref="9177116631"/>
  <nd ref="8403744862"/>
  <nd ref="9177116632"/>
  <nd ref="9177095497"/>
  <nd ref="9177116633"/>
  <nd ref="8403744863"/>
  <nd ref="9177095498"/>
  <nd ref="8403744864"/>
  <nd ref="9177116630"/>
  <nd ref="8403744865"/>
  <nd ref="8403744866"/>
  <nd ref="9177116628"/>
  <nd ref="8403744867"/>
  <nd ref="9177116629"/>
  <nd ref="8403744868"/>
  <nd ref="8403744869"/>
  <nd ref="8403744870"/>
  <nd ref="8403744871"/>
  <nd ref="8403744872"/>
  <nd ref="8403744873"/>
  <nd ref="8403744874"/>
  <nd ref="9177095492"/>
  <nd ref="9177095491"/>
  <nd ref="9177095490"/>
  <nd ref="9177095489"/>
  <nd ref="9177095485"/>
  <nd ref="9177095486"/>
  <nd ref="9179091860"/>
  <nd ref="9177095487"/>
  <nd ref="9177095488"/>
  <nd ref="9177095484"/>
  <nd ref="8403744875"/>
  <nd ref="9179111531"/>
  <nd ref="9177095483"/>
  <nd ref="8403744849"/>
  <tag k="golf" v="driving_range"/>
  <tag k="landuse" v="grass"/>
 </way>
 <way id="904913739" visible="true" version="2" changeset="112594022" timestamp="2021-10-16T21:39:08Z" user="Shipwreck34" uid="10643883">
  <nd ref="8403758449"/>
  <nd ref="9177130432"/>
  <nd ref="8403758450"/>
  <nd ref="9177130431"/>
  <nd ref="8403758451"/>
  <nd ref="8403758452"/>
  <nd ref="9177130427"/>
  <nd ref="8403758453"/>
  <nd ref="9177130429"/>
  <nd ref="8403758454"/>
  <nd ref="9177130428"/>
  <nd ref="8403758455"/>
  <nd ref="8403758456"/>
  <nd ref="9177130430"/>
  <nd ref="8403758457"/>
  <nd ref="8403758458"/>
  <nd ref="8403758459"/>
  <nd ref="8403758460"/>
  <nd ref="8403758461"/>
  <nd ref="8403758449"/>
  <tag k="golf" v="tee"/>
  <tag k="landuse" v="grass"/>
 </way>
 <way id="904913743" visible="true" version="3" changeset="118997486" timestamp="2022-03-27T22:00:21Z" user="Spaghetti Monster🍝" uid="8758904">
  <nd ref="8403766455"/>
  <nd ref="8403766456"/>
  <nd ref="8403766457"/>
  <tag k="golf" v="hole"/>
  <tag k="handicap" v="1"/>
  <tag k="par" v="4"/>
  <tag k="ref" v="4"/>
 </way>
 <way id="904916071" visible="true" version="3" changeset="112631798" timestamp="2021-10-18T02:09:42Z" user="Shipwreck34" uid="10643883">
  <nd ref="8403778393"/>
  <nd ref="9179091660"/>
  <nd ref="8403778394"/>
  <nd ref="9179091659"/>
  <nd ref="8403778395"/>
  <nd ref="9179091658"/>
  <nd ref="8403778396"/>
  <nd ref="8403778397"/>
  <nd ref="8403778398"/>
  <nd ref="9179091657"/>
  <nd ref="8403778399"/>
  <nd ref="8410598570"/>
  <nd ref="8403778400"/>
  <nd ref="9179091661"/>
  <nd ref="8403778401"/>
  <nd ref="8403778402"/>
  <nd ref="8403778403"/>
  <nd ref="8403778404"/>
  <nd ref="8403778405"/>
  <nd ref="8403778406"/>
  <nd ref="8410598571"/>
  <nd ref="8403778393"/>
  <tag k="golf" v="tee"/>
  <tag k="landuse" v="grass"/>
 </way>
 <way id="904916072" visible="true" version="3" changeset="112631798" timestamp="2021-10-18T02:09:42Z" user="Shipwreck34" uid="10643883">
  <nd ref="8403778407"/>
  <nd ref="9179091664"/>
  <nd ref="8403778408"/>
  <nd ref="9179091665"/>
  <nd ref="8403778409"/>
  <nd ref="9179091662"/>
  <nd ref="8403778410"/>
  <nd ref="9179091676"/>
  <nd ref="8403778411"/>
  <nd ref="8403778412"/>
  <nd ref="8403778413"/>
  <nd ref="9179091675"/>
  <nd ref="8403778414"/>
  <nd ref="8403778415"/>
  <nd ref="8403778416"/>
  <nd ref="8403791117"/>
  <nd ref="8410598572"/>
  <nd ref="8410598573"/>
  <nd ref="8403791118"/>
  <nd ref="8410598574"/>
  <nd ref="8403791119"/>
  <nd ref="9179091673"/>
  <nd ref="8403791120"/>
  <nd ref="9179091674"/>
  <nd ref="9179091672"/>
  <nd ref="8403791121"/>
  <nd ref="9179091671"/>
  <nd ref="8403791122"/>
  <nd ref="9179091670"/>
  <nd ref="8403791123"/>
  <nd ref="9179091668"/>
  <nd ref="8403791124"/>
  <nd ref="9179091667"/>
  <nd ref="8403791125"/>
  <nd ref="9179091666"/>
  <nd ref="8403791126"/>
  <nd ref="8410598575"/>
  <nd ref="8403791127"/>
  <nd ref="8403791128"/>
  <nd ref="8410598576"/>
  <nd ref="8403791129"/>
  <nd ref="8403791130"/>
  <nd ref="8403791131"/>
  <nd ref="8403791132"/>
  <nd ref="9179091663"/>
  <nd ref="8403778407"/>
  <tag k="golf" v="fairway"/>
  <tag k="landuse" v="grass"/>
 </way>
 <way id="904916075" visible="true" version="3" changeset="112631798" timestamp="2021-10-18T02:09:42Z" user="Shipwreck34" uid="10643883">
  <nd ref="8403791165"/>
  <nd ref="9179091679"/>
  <nd ref="8403791166"/>
  <nd ref="8410601647"/>
  <nd ref="8403791167"/>
  <nd ref="8410601646"/>
  <nd ref="8403791168"/>
  <nd ref="8410601645"/>
  <nd ref="8410601639"/>
  <nd ref="8410601640"/>
  <nd ref="8403791169"/>
  <nd ref="8410601641"/>
  <nd ref="8403791170"/>
  <nd ref="8410601642"/>
  <nd ref="8403791171"/>
  <nd ref="8410601643"/>
  <nd ref="8403791172"/>
  <nd ref="8410601644"/>
  <nd ref="8403791173"/>
  <nd ref="8410601651"/>
  <nd ref="8403791174"/>
  <nd ref="8410601650"/>
  <nd ref="8410601649"/>
  <nd ref="8403791175"/>
  <nd ref="8410601648"/>
  <nd ref="8403791165"/>
  <tag k="golf" v="bunker"/>
  <tag k="natural" v="sand"/>
 </way>
 <way id="904916077" visible="true" version="5" changeset="118997486" timestamp="2022-03-27T22:00:21Z" user="Spaghetti Monster🍝" uid="8758904">
  <nd ref="8403791194"/>
  <nd ref="8403791196"/>
  <nd ref="8403791198"/>
  <tag k="golf" v="hole"/>
  <tag k="handicap" v="2"/>
  <tag k="par" v="4"/>
  <tag k="ref" v="5"/>
 </way>
 <way id="904916081" visible="true" version="3" changeset="112631798" timestamp="2021-10-18T02:09:42Z" user="Shipwreck34" uid="10643883">
  <nd ref="8403791282"/>
  <nd ref="8410601673"/>
  <nd ref="8403791283"/>
  <nd ref="9179091755"/>
  <nd ref="8403791284"/>
  <nd ref="8410601670"/>
  <nd ref="8403791285"/>
  <nd ref="8403791286"/>
  <nd ref="8410601669"/>
  <nd ref="8403791287"/>
  <nd ref="8410601674"/>
  <nd ref="8403791288"/>
  <nd ref="8403791289"/>
  <nd ref="8410601671"/>
  <nd ref="8403791290"/>
  <nd ref="8410601672"/>
  <nd ref="8403791282"/>
  <tag k="golf" v="tee"/>
  <tag k="landuse" v="grass"/>
 </way>
 <way id="904916082" visible="true" version="3" changeset="123203672" timestamp="2022-07-04T18:42:49Z" user="b-jazz" uid="5800005">
  <nd ref="8403791291"/>
  <nd ref="8403791292"/>
  <nd ref="8403791293"/>
  <nd ref="8403791294"/>
  <nd ref="8410601666"/>
  <nd ref="8410601665"/>
  <nd ref="8410601668"/>
  <nd ref="8403791295"/>
  <nd ref="8410601667"/>
  <nd ref="8403791296"/>
  <nd ref="8403791297"/>
  <nd ref="8410601664"/>
  <nd ref="8403791298"/>
  <nd ref="8403791299"/>
  <nd ref="8403791300"/>
  <nd ref="8403791301"/>
  <nd ref="8403791303"/>
  <nd ref="8403791306"/>
  <nd ref="8410601663"/>
  <nd ref="8403791307"/>
  <nd ref="8410601662"/>
  <nd ref="8403791308"/>
  <nd ref="8410601661"/>
  <nd ref="8403791309"/>
  <nd ref="8410601660"/>
  <nd ref="8410601659"/>
  <nd ref="8403791310"/>
  <nd ref="8410601658"/>
  <nd ref="8403791311"/>
  <nd ref="8410601657"/>
  <nd ref="8403791312"/>
  <nd ref="8410601656"/>
  <nd ref="8403791313"/>
  <nd ref="8410601655"/>
  <nd ref="8403791314"/>
  <nd ref="8410601654"/>
  <nd ref="8410601652"/>
  <nd ref="8410601653"/>
  <nd ref="8403791315"/>
  <nd ref="8403791317"/>
  <nd ref="8403791319"/>
  <nd ref="8403791320"/>
  <nd ref="8403791321"/>
  <nd ref="8403791291"/>
 </way>
 <way id="904916084" visible="true" version="3" changeset="118997486" timestamp="2022-03-27T22:00:21Z" user="Spaghetti Monster🍝" uid="8758904">
  <nd ref="8403791338"/>
  <nd ref="8403791339"/>
  <nd ref="8403791340"/>
  <tag k="golf" v="hole"/>
  <tag k="handicap" v="4"/>
  <tag k="par" v="3"/>
  <tag k="ref" v="6"/>
 </way>
 <way id="904916410" visible="true" version="4" changeset="112632025" timestamp="2021-10-18T02:28:44Z" user="Shipwreck34" uid="10643883">
  <nd ref="8403791342"/>
  <nd ref="8410601688"/>
  <nd ref="8403791343"/>
  <nd ref="8410601689"/>
  <nd ref="8403791344"/>
  <nd ref="8403791345"/>
  <nd ref="8410601690"/>
  <nd ref="8403791346"/>
  <nd ref="9179098305"/>
  <nd ref="8403791347"/>
  <nd ref="9179098304"/>
  <nd ref="8403791348"/>
  <nd ref="9179098303"/>
  <nd ref="8410601684"/>
  <nd ref="9179098302"/>
  <nd ref="8403791349"/>
  <nd ref="8410601685"/>
  <nd ref="8403791350"/>
  <nd ref="8403791351"/>
  <nd ref="8403791352"/>
  <nd ref="8410601691"/>
  <nd ref="8403791353"/>
  <nd ref="8410601686"/>
  <nd ref="8403791354"/>
  <nd ref="8410601687"/>
  <nd ref="8403791342"/>
  <tag k="golf" v="tee"/>
  <tag k="landuse" v="grass"/>
 </way>
 <way id="904916411" visible="true" version="4" changeset="123203672" timestamp="2022-07-04T18:42:49Z" user="b-jazz" uid="5800005">
  <nd ref="8403791355"/>
  <nd ref="8410601692"/>
  <nd ref="8403791356"/>
  <nd ref="8410601693"/>
  <nd ref="8403791357"/>
  <nd ref="8403791358"/>
  <nd ref="8410601697"/>
  <nd ref="8403791359"/>
  <nd ref="8403791360"/>
  <nd ref="8410601698"/>
  <nd ref="8403791361"/>
  <nd ref="8410601702"/>
  <nd ref="8403791362"/>
  <nd ref="8410601701"/>
  <nd ref="8403791363"/>
  <nd ref="8410601700"/>
  <nd ref="9179098312"/>
  <nd ref="8403791364"/>
  <nd ref="9179098311"/>
  <nd ref="8410601699"/>
  <nd ref="8403791365"/>
  <nd ref="8403791366"/>
  <nd ref="9179098310"/>
  <nd ref="8403791367"/>
  <nd ref="9179098309"/>
  <nd ref="8403791368"/>
  <nd ref="9179098308"/>
  <nd ref="8403791369"/>
  <nd ref="8403791370"/>
  <nd ref="8403791371"/>
  <nd ref="8403791372"/>
  <nd ref="8403791373"/>
  <nd ref="9179098307"/>
  <nd ref="8403791374"/>
  <nd ref="9179098306"/>
  <nd ref="8403791375"/>
  <nd ref="8403791376"/>
  <nd ref="8403791377"/>
  <nd ref="8403791378"/>
  <nd ref="8403791379"/>
  <nd ref="8403791380"/>
  <nd ref="8403791381"/>
  <nd ref="8403791382"/>
  <nd ref="8403791383"/>
  <nd ref="8403791384"/>
  <nd ref="8403791385"/>
  <nd ref="8403791386"/>
  <nd ref="8403791387"/>
  <nd ref="8410601696"/>
  <nd ref="8403791388"/>
  <nd ref="8410601695"/>
  <nd ref="8403791389"/>
  <nd ref="8410601694"/>
  <nd ref="8403791390"/>
  <nd ref="8403791391"/>
  <nd ref="8403791355"/>
 </way>
 <way id="904916413" visible="true" version="3" changeset="118997486" timestamp="2022-03-27T22:00:21Z" user="Spaghetti Monster🍝" uid="8758904">
  <nd ref="8403791405"/>
  <nd ref="8403791406"/>
  <nd ref="8403791407"/>
  <tag k="golf" v="hole"/>
  <tag k="handicap" v="9"/>
  <tag k="par" v="3"/>
  <tag k="ref" v="7"/>
 </way>
 <way id="904917963" visible="true" version="4" changeset="112632025" timestamp="2021-10-18T02:28:44Z" user="Shipwreck34" uid="10643883">
  <nd ref="8403805818"/>
  <nd ref="9179105630"/>
  <nd ref="8403805819"/>
  <nd ref="8410601726"/>
  <nd ref="9179105631"/>
  <nd ref="8403805820"/>
  <nd ref="9179105632"/>
  <nd ref="8410601725"/>
  <nd ref="9179105633"/>
  <nd ref="8403805821"/>
  <nd ref="9179105634"/>
  <nd ref="8410601724"/>
  <nd ref="8403805822"/>
  <nd ref="8410601723"/>
  <nd ref="8403805823"/>
  <nd ref="8410601722"/>
  <nd ref="8403805824"/>
  <nd ref="8410601721"/>
  <nd ref="9179105629"/>
  <nd ref="8403805825"/>
  <nd ref="8410601720"/>
  <nd ref="8403805818"/>
  <tag k="golf" v="tee"/>
  <tag k="landuse" v="grass"/>
 </way>
 <way id="904917964" visible="true" version="3" changeset="112632025" timestamp="2021-10-18T02:28:44Z" user="Shipwreck34" uid="10643883">
  <nd ref="8403805826"/>
  <nd ref="9179105628"/>
  <nd ref="8403805827"/>
  <nd ref="8410601719"/>
  <nd ref="8403805828"/>
  <nd ref="8410601716"/>
  <nd ref="8403805829"/>
  <nd ref="8410601717"/>
  <nd ref="8403805830"/>
  <nd ref="8410601718"/>
  <nd ref="8403805831"/>
  <nd ref="8403805832"/>
  <nd ref="9179105626"/>
  <nd ref="8403805833"/>
  <nd ref="8410601715"/>
  <nd ref="8403805834"/>
  <nd ref="9179105627"/>
  <nd ref="8403805826"/>
  <tag k="golf" v="tee"/>
  <tag k="landuse" v="grass"/>
 </way>
 <way id="904917965" visible="true" version="6" changeset="173908803" timestamp="2025-10-29T03:11:40Z" user="b-jazz" uid="5800005">
  <nd ref="8403805835"/>
  <nd ref="9179105641"/>
  <nd ref="9179105640"/>
  <nd ref="8410601750"/>
  <nd ref="9179105638"/>
  <nd ref="9179105639"/>
  <nd ref="8403805836"/>
  <nd ref="9179105659"/>
  <nd ref="9179105636"/>
  <nd ref="9179105637"/>
  <nd ref="8410601749"/>
  <nd ref="9179105635"/>
  <nd ref="9179105658"/>
  <nd ref="8403805837"/>
  <nd ref="9179105657"/>
  <nd ref="8403805838"/>
  <nd ref="9179105656"/>
  <nd ref="8403805839"/>
  <nd ref="9179105655"/>
  <nd ref="8403805840"/>
  <nd ref="9179105654"/>
  <nd ref="8403805841"/>
  <nd ref="9179105653"/>
  <nd ref="8410601748"/>
  <nd ref="9179105652"/>
  <nd ref="8403805842"/>
  <nd ref="8410601747"/>
  <nd ref="9179105651"/>
  <nd ref="8403805843"/>
  <nd ref="9179105650"/>
  <nd ref="8410601734"/>
  <nd ref="9179105649"/>
  <nd ref="8403805844"/>
  <nd ref="8403805845"/>
  <nd ref="8410601735"/>
  <nd ref="9179105648"/>
  <nd ref="8410601736"/>
  <nd ref="9179105647"/>
  <nd ref="8403805846"/>
  <nd ref="9179105646"/>
  <nd ref="8403805847"/>
  <nd ref="8410601739"/>
  <nd ref="8403805848"/>
  <nd ref="8410601740"/>
  <nd ref="8403805849"/>
  <nd ref="8410601738"/>
  <nd ref="8403805850"/>
  <nd ref="8410601737"/>
  <nd ref="8403805851"/>
  <nd ref="8410601741"/>
  <nd ref="8403805852"/>
  <nd ref="8403805853"/>
  <nd ref="8410601742"/>
  <nd ref="8403805854"/>
  <nd ref="8410601743"/>
  <nd ref="8403805855"/>
  <nd ref="8403805856"/>
  <nd ref="8403805857"/>
  <nd ref="9179105645"/>
  <nd ref="8410601745"/>
  <nd ref="9179105644"/>
  <nd ref="8410601744"/>
  <nd ref="9179105643"/>
  <nd ref="8410601746"/>
  <nd ref="9179105642"/>
  <nd ref="8403805858"/>
  <nd ref="8403805859"/>
  <nd ref="8403805860"/>
  <nd ref="8403805861"/>
  <nd ref="8403805835"/>
 </way>
 <way id="904917967" visible="true" version="3" changeset="118997486" timestamp="2022-03-27T22:00:21Z" user="Spaghetti Monster🍝" uid="8758904">
  <nd ref="8403805880"/>
  <nd ref="8403805881"/>
  <nd ref="8403805882"/>
  <tag k="golf" v="hole"/>
  <tag k="handicap" v="6"/>
  <tag k="par" v="3"/>
  <tag k="ref" v="8"/>
 </way>
 <way id="904917968" visible="true" version="4" changeset="112632025" timestamp="2021-10-18T02:28:44Z" user="Shipwreck34" uid="10643883">
  <nd ref="8403805883"/>
  <nd ref="9179105699"/>
  <nd ref="8403805884"/>
  <nd ref="8403805885"/>
  <nd ref="8403805886"/>
  <nd ref="8410601762"/>
  <nd ref="8403805887"/>
  <nd ref="8410601759"/>
  <nd ref="9179105698"/>
  <nd ref="8403805888"/>
  <nd ref="8410601760"/>
  <nd ref="8403805889"/>
  <nd ref="8410601761"/>
  <nd ref="8403805890"/>
  <nd ref="8403805891"/>
  <nd ref="8410601758"/>
  <nd ref="8403805892"/>
  <nd ref="8410601757"/>
  <nd ref="8403805893"/>
  <nd ref="8410601756"/>
  <nd ref="8403805894"/>
  <nd ref="9179105700"/>
  <nd ref="8403805895"/>
  <nd ref="8410601754"/>
  <nd ref="8410601752"/>
  <nd ref="8410601753"/>
  <nd ref="8403805896"/>
  <nd ref="9179105701"/>
  <nd ref="8410601751"/>
  <nd ref="9179105702"/>
  <nd ref="8403805897"/>
  <nd ref="8410601755"/>
  <nd ref="8403805898"/>
  <nd ref="8403805883"/>
  <tag k="golf" v="tee"/>
  <tag k="landuse" v="grass"/>
 </way>
 <way id="904917971" visible="true" version="3" changeset="118997486" timestamp="2022-03-27T22:00:21Z" user="Spaghetti Monster🍝" uid="8758904">
  <nd ref="8403806053"/>
  <nd ref="8403806054"/>
  <nd ref="8403806055"/>
  <tag k="golf" v="hole"/>
  <tag k="handicap" v="3"/>
  <tag k="par" v="3"/>
  <tag k="ref" v="9"/>
 </way>
 <way id="905667795" visible="true" version="3" changeset="123203672" timestamp="2022-07-04T18:42:49Z" user="b-jazz" uid="5800005">
  <nd ref="8410598584"/>
  <nd ref="8410598586"/>
  <nd ref="8403791151"/>
  <nd ref="8410598585"/>
  <nd ref="8403791152"/>
  <nd ref="8403791153"/>
  <nd ref="9179091705"/>
  <nd ref="8403791154"/>
  <nd ref="8403791133"/>
  <nd ref="8410598577"/>
  <nd ref="8403791134"/>
  <nd ref="9179091706"/>
  <nd ref="8403791135"/>
  <nd ref="9179091707"/>
  <nd ref="8410598578"/>
  <nd ref="9179091708"/>
  <nd ref="8403791136"/>
  <nd ref="9179091709"/>
  <nd ref="8403791137"/>
  <nd ref="8403791138"/>
  <nd ref="9179091710"/>
  <nd ref="8403791139"/>
  <nd ref="8410598580"/>
  <nd ref="8403791140"/>
  <nd ref="8410598579"/>
  <nd ref="8403791141"/>
  <nd ref="9179091711"/>
  <nd ref="8403791142"/>
  <nd ref="8403791143"/>
  <nd ref="8403791144"/>
  <nd ref="8410598581"/>
  <nd ref="8403791145"/>
  <nd ref="8403791146"/>
  <nd ref="8403791147"/>
  <nd ref="8410598582"/>
  <nd ref="8403791148"/>
  <nd ref="8410598583"/>
  <nd ref="9179091712"/>
  <nd ref="8403791149"/>
  <nd ref="8410598584"/>
 </way>
 <way id="936168649" visible="true" version="1" changeset="103738884" timestamp="2021-04-28T03:14:10Z" user="shreeush" uid="10159528">
  <nd ref="8674684835"/>
  <nd ref="8674684836"/>
  <nd ref="8674684837"/>
  <nd ref="8674684838"/>
  <nd ref="8674684839"/>
  <nd ref="8674684840"/>
  <nd ref="8674684841"/>
  <nd ref="8674684842"/>
  <nd ref="8674684843"/>
  <nd ref="8674684844"/>
  <nd ref="8674684845"/>
  <nd ref="8674684846"/>
  <nd ref="8674684847"/>
  <nd ref="8674684848"/>
  <nd ref="8674684849"/>
  <nd ref="8674684850"/>
  <nd ref="8674684851"/>
  <nd ref="8674684852"/>
  <nd ref="8674684853"/>
  <nd ref="8674684854"/>
  <nd ref="8674684855"/>
  <nd ref="8674684856"/>
  <nd ref="8674684857"/>
  <nd ref="8674684858"/>
  <nd ref="8674684859"/>
  <nd ref="8674684860"/>
  <nd ref="8674684861"/>
  <tag k="highway" v="service"/>
 </way>
 <way id="936168650" visible="true" version="1" changeset="103738884" timestamp="2021-04-28T03:14:10Z" user="shreeush" uid="10159528">
  <nd ref="8674684862"/>
  <nd ref="8674684863"/>
  <nd ref="8674684864"/>
  <nd ref="8674684865"/>
  <nd ref="8674684866"/>
  <nd ref="8674684867"/>
  <nd ref="8674684868"/>
  <nd ref="8674684869"/>
  <nd ref="8674684870"/>
  <nd ref="8334094026"/>
  <tag k="highway" v="service"/>
 </way>
 <way id="936168651" visible="true" version="2" changeset="185704641" timestamp="2026-07-14T09:18:29Z" user="Abaluni_Lyft" uid="23086916">
  <nd ref="8674684875"/>
  <nd ref="8674684876"/>
  <nd ref="8674684877"/>
  <nd ref="8674684878"/>
  <nd ref="8674684880"/>
  <nd ref="8674684881"/>
  <nd ref="8674684883"/>
  <nd ref="8674684884"/>
  <tag k="access" v="private"/>
  <tag k="highway" v="service"/>
 </way>
 <way id="936173917" visible="true" version="1" changeset="103739976" timestamp="2021-04-28T03:50:25Z" user="amitbish" uid="10130514">
  <nd ref="8674764650"/>
  <nd ref="8674764651"/>
  <nd ref="8674764652"/>
  <nd ref="8674764653"/>
  <nd ref="8674764654"/>
  <nd ref="8674764655"/>
  <nd ref="8674764656"/>
  <nd ref="8674764657"/>
  <nd ref="8674764658"/>
  <nd ref="8674764659"/>
  <nd ref="8674764660"/>
  <nd ref="8674764661"/>
  <nd ref="8674764662"/>
  <tag k="highway" v="service"/>
 </way>
 <way id="936327888" visible="true" version="1" changeset="103775043" timestamp="2021-04-28T12:04:58Z" user="limmmoh" uid="10145710">
  <nd ref="6951282539"/>
  <nd ref="8676213861"/>
  <nd ref="8676213862"/>
  <nd ref="8676213863"/>
  <nd ref="8676213864"/>
  <nd ref="8676213865"/>
  <tag k="highway" v="service"/>
 </way>
 <way id="983100977" visible="true" version="1" changeset="111173572" timestamp="2021-09-14T04:48:48Z" user="nsripz" uid="10327365">
  <nd ref="8334046522"/>
  <nd ref="9090112125"/>
  <nd ref="9090112126"/>
  <nd ref="9090112127"/>
  <nd ref="9090112128"/>
  <nd ref="9090112129"/>
  <nd ref="9090112130"/>
  <nd ref="8334021916"/>
  <tag k="highway" v="service"/>
 </way>
 <way id="983155269" visible="true" version="1" changeset="111184473" timestamp="2021-09-14T09:20:21Z" user="ramyazka" uid="13872483">
  <nd ref="9090620326"/>
  <nd ref="9090620327"/>
  <nd ref="9090620328"/>
  <nd ref="9090620329"/>
  <nd ref="9090620330"/>
  <nd ref="9090620331"/>
  <nd ref="9090620332"/>
  <nd ref="9090620333"/>
  <nd ref="9090620334"/>
  <tag k="highway" v="service"/>
 </way>
 <way id="983155270" visible="true" version="1" changeset="111184473" timestamp="2021-09-14T09:20:21Z" user="ramyazka" uid="13872483">
  <nd ref="9090620336"/>
  <nd ref="9090620337"/>
  <tag k="highway" v="service"/>
  <tag k="oneway" v="yes"/>
 </way>
 <way id="983155271" visible="true" version="1" changeset="111184473" timestamp="2021-09-14T09:20:21Z" user="ramyazka" uid="13872483">
  <nd ref="9090620335"/>
  <nd ref="9090620336"/>
  <tag k="highway" v="service"/>
 </way>
 <way id="983155272" visible="true" version="1" changeset="111184473" timestamp="2021-09-14T09:20:21Z" user="ramyazka" uid="13872483">
  <nd ref="9090620337"/>
  <nd ref="9090620338"/>
  <tag k="highway" v="service"/>
 </way>
 <way id="983155273" visible="true" version="1" changeset="111184473" timestamp="2021-09-14T09:20:21Z" user="ramyazka" uid="13872483">
  <nd ref="9090620339"/>
  <nd ref="9090620340"/>
  <nd ref="9090620341"/>
  <nd ref="9090620353"/>
  <nd ref="9090620342"/>
  <nd ref="9090620343"/>
  <nd ref="9090620344"/>
  <nd ref="9090620345"/>
  <nd ref="9090620346"/>
  <tag k="highway" v="service"/>
 </way>
 <way id="983155276" visible="true" version="2" changeset="111335783" timestamp="2021-09-17T12:31:47Z" user="ramyazka" uid="13872483">
  <nd ref="9090620347"/>
  <nd ref="9090620348"/>
  <nd ref="9090620349"/>
  <nd ref="9090620350"/>
  <nd ref="9090620351"/>
  <nd ref="9090620352"/>
  <tag k="access" v="private"/>
  <tag k="highway" v="service"/>
 </way>
 <way id="993339714" visible="true" version="1" changeset="112593641" timestamp="2021-10-16T21:19:58Z" user="Shipwreck34" uid="10643883">
  <nd ref="9177095504"/>
  <nd ref="9177095505"/>
  <nd ref="9177095506"/>
  <nd ref="9177095507"/>
  <nd ref="9177095508"/>
  <nd ref="9177095509"/>
  <nd ref="9177095510"/>
  <nd ref="9177095511"/>
  <nd ref="9177095512"/>
  <nd ref="9177095513"/>
  <nd ref="9177095514"/>
  <nd ref="9177095515"/>
  <nd ref="9177095504"/>
  <tag k="golf" v="green"/>
  <tag k="landuse" v="grass"/>
 </way>
 <way id="993339715" visible="true" version="1" changeset="112593641" timestamp="2021-10-16T21:19:58Z" user="Shipwreck34" uid="10643883">
  <nd ref="9177095516"/>
  <nd ref="9177116617"/>
  <nd ref="9177116618"/>
  <nd ref="9177116619"/>
  <nd ref="9177116620"/>
  <nd ref="9177116621"/>
  <nd ref="9177116622"/>
  <nd ref="9177116623"/>
  <nd ref="9177116624"/>
  <nd ref="9177116625"/>
  <nd ref="9177116626"/>
  <nd ref="9177116627"/>
  <nd ref="9177095516"/>
  <tag k="historic" v="wreck"/>
  <tag k="seamark:type" v="wreck"/>
 </way>
 <way id="993339716" visible="true" version="2" changeset="123203672" timestamp="2022-07-04T18:42:49Z" user="b-jazz" uid="5800005">
  <nd ref="9177116634"/>
  <nd ref="9177116635"/>
  <nd ref="9177116636"/>
  <nd ref="9177116637"/>
  <nd ref="9177116638"/>
  <nd ref="9177116639"/>
  <nd ref="9177116640"/>
  <nd ref="9177116641"/>
  <nd ref="9177116642"/>
  <nd ref="9177116643"/>
  <nd ref="9177116644"/>
  <nd ref="9177116645"/>
  <nd ref="9177116646"/>
  <nd ref="9177116634"/>
  <tag k="golf" v="green"/>
 </way>
 <way id="993339717" visible="true" version="2" changeset="123203672" timestamp="2022-07-04T18:42:49Z" user="b-jazz" uid="5800005">
  <nd ref="9177116647"/>
  <nd ref="9177116648"/>
  <nd ref="9177116649"/>
  <nd ref="9177116650"/>
  <nd ref="9177116651"/>
  <nd ref="9177116652"/>
  <nd ref="9177116653"/>
  <nd ref="9177116654"/>
  <nd ref="9177116655"/>
  <nd ref="9177116656"/>
  <nd ref="9177116657"/>
  <nd ref="9177116647"/>
  <tag k="golf" v="green"/>
 </way>
 <way id="993339720" visible="true" version="2" changeset="113922442" timestamp="2021-11-18T00:54:31Z" user="CrazyMonkeyBen" uid="10727981">
  <nd ref="9177116673"/>
  <nd ref="9177116674"/>
  <nd ref="9177116675"/>
  <nd ref="9177116676"/>
  <nd ref="9177116677"/>
  <nd ref="9177116686"/>
  <nd ref="9177116678"/>
  <nd ref="9177116679"/>
  <nd ref="9177116680"/>
  <nd ref="9177116681"/>
  <nd ref="9177116682"/>
  <tag k="golf" v="cartpath"/>
  <tag k="golf_cart" v="designated"/>
  <tag k="highway" v="path"/>
 </way>
 <way id="993339721" visible="true" version="2" changeset="113922442" timestamp="2021-11-18T00:54:31Z" user="CrazyMonkeyBen" uid="10727981">
  <nd ref="9177116683"/>
  <nd ref="9177116684"/>
  <nd ref="9177116685"/>
  <nd ref="9177116686"/>
  <tag k="golf" v="cartpath"/>
  <tag k="golf_cart" v="designated"/>
  <tag k="highway" v="path"/>
 </way>
 <way id="993339722" visible="true" version="2" changeset="113922442" timestamp="2021-11-18T00:54:31Z" user="CrazyMonkeyBen" uid="10727981">
  <nd ref="9177116679"/>
  <nd ref="9177116687"/>
  <tag k="golf" v="cartpath"/>
  <tag k="golf_cart" v="designated"/>
  <tag k="highway" v="path"/>
 </way>
 <way id="993341269" visible="true" version="2" changeset="123203672" timestamp="2022-07-04T18:42:49Z" user="b-jazz" uid="5800005">
  <nd ref="9177130351"/>
  <nd ref="9177130352"/>
  <nd ref="9177130353"/>
  <nd ref="9177130354"/>
  <nd ref="9177130355"/>
  <nd ref="9177130356"/>
  <nd ref="9177130357"/>
  <nd ref="9177130358"/>
  <nd ref="9177130359"/>
  <nd ref="9177130360"/>
  <nd ref="9177130361"/>
  <nd ref="9177130362"/>
  <nd ref="9177130363"/>
  <nd ref="9177130364"/>
  <nd ref="9177130365"/>
  <nd ref="9177130366"/>
  <nd ref="9177130367"/>
  <nd ref="9177130368"/>
  <nd ref="9177130369"/>
  <nd ref="9177130370"/>
  <nd ref="9177130371"/>
  <nd ref="9177130399"/>
  <nd ref="9177130372"/>
  <nd ref="9177130401"/>
  <nd ref="9177130373"/>
  <nd ref="9177130400"/>
  <nd ref="9177130374"/>
  <nd ref="9177130402"/>
  <nd ref="9177130375"/>
  <nd ref="9177130376"/>
  <nd ref="9177130377"/>
  <nd ref="9177130378"/>
  <nd ref="9177130379"/>
  <nd ref="9177130380"/>
  <nd ref="9177130381"/>
  <nd ref="9177130382"/>
  <nd ref="9177130383"/>
  <nd ref="9177130384"/>
  <nd ref="9177130385"/>
  <nd ref="9177130386"/>
  <nd ref="9177130387"/>
  <nd ref="9177130388"/>
  <nd ref="9177130389"/>
  <nd ref="9177130390"/>
  <nd ref="9177130351"/>
 </way>
 <way id="993341270" visible="true" version="2" changeset="113922442" timestamp="2021-11-18T00:54:31Z" user="CrazyMonkeyBen" uid="10727981">
  <nd ref="9177130411"/>
  <nd ref="9177130412"/>
  <tag k="golf" v="cartpath"/>
  <tag k="golf_cart" v="designated"/>
  <tag k="highway" v="path"/>
 </way>
 <way id="993341271" visible="true" version="1" changeset="112594022" timestamp="2021-10-16T21:39:08Z" user="Shipwreck34" uid="10643883">
  <nd ref="9177130414"/>
  <nd ref="9177130415"/>
  <nd ref="9177130416"/>
  <nd ref="9177130417"/>
  <nd ref="9177130418"/>
  <nd ref="9177130419"/>
  <nd ref="9177130420"/>
  <nd ref="9177130421"/>
  <nd ref="9177130422"/>
  <nd ref="9177130423"/>
  <nd ref="9177130424"/>
  <nd ref="9177130425"/>
  <nd ref="9177130426"/>
  <nd ref="9177130414"/>
  <tag k="golf" v="tee"/>
  <tag k="landuse" v="grass"/>
 </way>
 <way id="993341272" visible="true" version="1" changeset="112594022" timestamp="2021-10-16T21:39:08Z" user="Shipwreck34" uid="10643883">
  <nd ref="9177130433"/>
  <nd ref="9177130434"/>
  <nd ref="9177130435"/>
  <nd ref="9177130436"/>
  <nd ref="9177130437"/>
  <nd ref="9177130438"/>
  <nd ref="9177130439"/>
  <nd ref="9177130440"/>
  <nd ref="9177130441"/>
  <nd ref="9177130442"/>
  <nd ref="9177130443"/>
  <nd ref="9177130444"/>
  <nd ref="9177130445"/>
  <nd ref="9177130446"/>
  <nd ref="9177130447"/>
  <nd ref="9177130448"/>
  <nd ref="9177130433"/>
  <tag k="golf" v="tee"/>
  <tag k="landuse" v="grass"/>
 </way>
 <way id="993341273" visible="true" version="1" changeset="112594022" timestamp="2021-10-16T21:39:08Z" user="Shipwreck34" uid="10643883">
  <nd ref="9177130449"/>
  <nd ref="9177130450"/>
  <nd ref="9177130451"/>
  <nd ref="9177130452"/>
  <nd ref="9177130453"/>
  <nd ref="9177130454"/>
  <nd ref="9177130455"/>
  <nd ref="9177130456"/>
  <nd ref="9177130457"/>
  <nd ref="9177130458"/>
  <nd ref="9177130459"/>
  <nd ref="9177130460"/>
  <nd ref="9177130461"/>
  <nd ref="9177130462"/>
  <nd ref="9177130463"/>
  <nd ref="9177130464"/>
  <nd ref="9177130465"/>
  <nd ref="9177130466"/>
  <nd ref="9177130467"/>
  <nd ref="9177130449"/>
  <tag k="golf" v="fairway"/>
  <tag k="landuse" v="grass"/>
 </way>
 <way id="993536914" visible="true" version="2" changeset="113922442" timestamp="2021-11-18T00:54:31Z" user="CrazyMonkeyBen" uid="10727981">
  <nd ref="9179072471"/>
  <nd ref="9179072472"/>
  <tag k="golf" v="cartpath"/>
  <tag k="golf_cart" v="designated"/>
  <tag k="highway" v="path"/>
 </way>
 <way id="993536915" visible="true" version="3" changeset="152195591" timestamp="2024-06-03T11:12:52Z" user="PizzaTreeIsland" uid="17308617">
  <nd ref="9179072473"/>
  <nd ref="9179072474"/>
  <nd ref="9179072475"/>
  <nd ref="9179072476"/>
  <nd ref="9179072477"/>
  <nd ref="9179072478"/>
  <nd ref="9179072479"/>
  <nd ref="9179072480"/>
  <nd ref="9179072481"/>
  <nd ref="9179072482"/>
  <nd ref="9179072483"/>
  <nd ref="9179072484"/>
  <nd ref="9179072485"/>
  <nd ref="9179072486"/>
  <nd ref="9179072503"/>
  <nd ref="9179072487"/>
  <nd ref="9179072488"/>
  <nd ref="9179072502"/>
  <nd ref="9179072489"/>
  <nd ref="9179072501"/>
  <nd ref="9179072490"/>
  <nd ref="9179072491"/>
  <nd ref="9179072492"/>
  <nd ref="9179072493"/>
  <nd ref="9179072494"/>
  <nd ref="9179072495"/>
  <nd ref="9179072496"/>
  <nd ref="9179072497"/>
  <nd ref="9179072498"/>
  <nd ref="9179072499"/>
  <nd ref="9179072500"/>
  <nd ref="9179072473"/>
  <tag k="golf" v="green"/>
  <tag k="landuse" v="grass"/>
 </way>
 <way id="993536916" visible="true" version="2" changeset="123203672" timestamp="2022-07-04T18:42:49Z" user="b-jazz" uid="5800005">
  <nd ref="9179072504"/>
  <nd ref="9179072505"/>
  <nd ref="9179072506"/>
  <nd ref="9179072507"/>
  <nd ref="9179072508"/>
  <nd ref="9179072509"/>
  <nd ref="9179072510"/>
  <nd ref="9179072511"/>
  <nd ref="9179072512"/>
  <nd ref="9179072513"/>
  <nd ref="9179072514"/>
  <nd ref="9179072515"/>
  <nd ref="9179072516"/>
  <nd ref="9179091617"/>
  <nd ref="9179091618"/>
  <nd ref="9179091619"/>
  <nd ref="9179091620"/>
  <nd ref="9179091621"/>
  <nd ref="9179091622"/>
  <nd ref="9179091623"/>
  <nd ref="9179091624"/>
  <nd ref="9179091625"/>
  <nd ref="9179091626"/>
  <nd ref="9179091627"/>
  <nd ref="9179091628"/>
  <nd ref="9179091629"/>
  <nd ref="9179091630"/>
  <nd ref="9179091631"/>
  <nd ref="9179091632"/>
  <nd ref="9179091633"/>
  <nd ref="9179091634"/>
  <nd ref="9179091635"/>
  <nd ref="9179091636"/>
  <nd ref="9179091637"/>
  <nd ref="9179091638"/>
  <nd ref="9179091639"/>
  <nd ref="9179091640"/>
  <nd ref="9179091641"/>
  <nd ref="9179091642"/>
  <nd ref="9179091643"/>
  <nd ref="9179091644"/>
  <nd ref="9179091645"/>
  <nd ref="9179091646"/>
  <nd ref="9179091647"/>
  <nd ref="9179091648"/>
  <nd ref="9179091649"/>
  <nd ref="9179091650"/>
  <nd ref="9179091651"/>
  <nd ref="9179091652"/>
  <nd ref="9179091653"/>
  <nd ref="9179091654"/>
  <nd ref="9179091655"/>
  <nd ref="9179091656"/>
  <nd ref="9179072504"/>
 </way>
 <way id="993536917" visible="true" version="2" changeset="113922442" timestamp="2021-11-18T00:54:31Z" user="CrazyMonkeyBen" uid="10727981">
  <nd ref="9179091677"/>
  <nd ref="9179091678"/>
  <tag k="golf" v="cartpath"/>
  <tag k="golf_cart" v="designated"/>
  <tag k="highway" v="path"/>
 </way>
 <way id="993536918" visible="true" version="1" changeset="112631798" timestamp="2021-10-18T02:09:42Z" user="Shipwreck34" uid="10643883">
  <nd ref="9179091680"/>
  <nd ref="9179091681"/>
  <nd ref="9179091682"/>
  <nd ref="9179091683"/>
  <nd ref="9179091684"/>
  <nd ref="9179091685"/>
  <nd ref="9179091686"/>
  <nd ref="9179091687"/>
  <nd ref="9179091688"/>
  <nd ref="9179091689"/>
  <nd ref="9179091690"/>
  <nd ref="9179091691"/>
  <nd ref="9179091703"/>
  <nd ref="9179091692"/>
  <nd ref="9179091704"/>
  <nd ref="9179091693"/>
  <nd ref="9179091694"/>
  <nd ref="9179091695"/>
  <nd ref="9179091696"/>
  <nd ref="9179091697"/>
  <nd ref="9179091698"/>
  <nd ref="9179091699"/>
  <nd ref="9179091700"/>
  <nd ref="9179091701"/>
  <nd ref="9179091702"/>
  <nd ref="9179091680"/>
  <tag k="golf" v="bunker"/>
  <tag k="natural" v="sand"/>
 </way>
 <way id="993536919" visible="true" version="3" changeset="152195591" timestamp="2024-06-03T11:12:52Z" user="PizzaTreeIsland" uid="17308617">
  <nd ref="9179091713"/>
  <nd ref="9179091714"/>
  <nd ref="9179091715"/>
  <nd ref="9179091716"/>
  <nd ref="9179091717"/>
  <nd ref="9179091718"/>
  <nd ref="9179091719"/>
  <nd ref="9179091720"/>
  <nd ref="9179091721"/>
  <nd ref="9179091722"/>
  <nd ref="9179091723"/>
  <nd ref="9179091724"/>
  <nd ref="9179091725"/>
  <nd ref="9179091726"/>
  <nd ref="9179091727"/>
  <nd ref="9179091728"/>
  <nd ref="9179091729"/>
  <nd ref="9179091730"/>
  <nd ref="9179091731"/>
  <nd ref="9179091732"/>
  <nd ref="9179091733"/>
  <nd ref="9179091734"/>
  <nd ref="9179091735"/>
  <nd ref="9179091736"/>
  <nd ref="9179091737"/>
  <nd ref="9179091738"/>
  <nd ref="9179091739"/>
  <nd ref="9179091740"/>
  <nd ref="9179091713"/>
  <tag k="golf" v="green"/>
  <tag k="landuse" v="grass"/>
 </way>
 <way id="993536920" visible="true" version="1" changeset="112631798" timestamp="2021-10-18T02:09:42Z" user="Shipwreck34" uid="10643883">
  <nd ref="9179091741"/>
  <nd ref="9179091742"/>
  <nd ref="9179091743"/>
  <nd ref="9179091744"/>
  <nd ref="9179091745"/>
  <nd ref="9179091746"/>
  <nd ref="9179091747"/>
  <nd ref="9179091748"/>
  <nd ref="9179091749"/>
  <nd ref="9179091750"/>
  <nd ref="9179091751"/>
  <nd ref="9179091752"/>
  <nd ref="9179091753"/>
  <nd ref="9179091754"/>
  <nd ref="9179091741"/>
  <tag k="golf" v="tee"/>
  <tag k="landuse" v="grass"/>
 </way>
 <way id="993536921" visible="true" version="2" changeset="113922442" timestamp="2021-11-18T00:54:31Z" user="CrazyMonkeyBen" uid="10727981">
  <nd ref="9179091756"/>
  <nd ref="9179091757"/>
  <tag k="golf" v="cartpath"/>
  <tag k="golf_cart" v="designated"/>
  <tag k="highway" v="path"/>
 </way>
 <way id="993536922" visible="true" version="2" changeset="123203672" timestamp="2022-07-04T18:42:49Z" user="b-jazz" uid="5800005">
  <nd ref="9179091758"/>
  <nd ref="9179091759"/>
  <nd ref="9179091760"/>
  <nd ref="9179091761"/>
  <nd ref="9179091762"/>
  <nd ref="9179091763"/>
  <nd ref="9179091764"/>
  <nd ref="9179091765"/>
  <nd ref="9179091766"/>
  <nd ref="9179091767"/>
  <nd ref="9179091768"/>
  <nd ref="9179091769"/>
  <nd ref="9179091770"/>
  <nd ref="9179091771"/>
  <nd ref="9179091772"/>
  <nd ref="9179091773"/>
  <nd ref="9179091774"/>
  <nd ref="9179091775"/>
  <nd ref="9179091776"/>
  <nd ref="9179091777"/>
  <nd ref="9179091778"/>
  <nd ref="9179091779"/>
  <nd ref="9179091780"/>
  <nd ref="9179091781"/>
  <nd ref="9179091782"/>
  <nd ref="9179091783"/>
  <nd ref="9179091784"/>
  <nd ref="9179091785"/>
  <nd ref="9179091786"/>
  <nd ref="9179091787"/>
  <nd ref="9179091788"/>
  <nd ref="9179091789"/>
  <nd ref="9179091790"/>
  <nd ref="9179091791"/>
  <nd ref="9179091792"/>
  <nd ref="9179091793"/>
  <nd ref="9179091794"/>
  <nd ref="9179091795"/>
  <nd ref="9179091758"/>
 </way>
 <way id="993536923" visible="true" version="2" changeset="123203672" timestamp="2022-07-04T18:42:49Z" user="b-jazz" uid="5800005">
  <nd ref="9179091796"/>
  <nd ref="9179091797"/>
  <nd ref="9179091798"/>
  <nd ref="9179091799"/>
  <nd ref="9179091800"/>
  <nd ref="9179091801"/>
  <nd ref="9179091802"/>
  <nd ref="9179091803"/>
  <nd ref="9179091804"/>
  <nd ref="9179091805"/>
  <nd ref="9179091806"/>
  <nd ref="9179091807"/>
  <nd ref="9179091808"/>
  <nd ref="9179091809"/>
  <nd ref="9179091810"/>
  <nd ref="9179091796"/>
 </way>
 <way id="993536924" visible="true" version="2" changeset="123203672" timestamp="2022-07-04T18:42:49Z" user="b-jazz" uid="5800005">
  <nd ref="9179091811"/>
  <nd ref="9179091812"/>
  <nd ref="9179091813"/>
  <nd ref="9179091814"/>
  <nd ref="9179091815"/>
  <nd ref="9179091816"/>
  <nd ref="9179091817"/>
  <nd ref="9179091818"/>
  <nd ref="9179091819"/>
  <nd ref="9179091820"/>
  <nd ref="9179091821"/>
  <nd ref="9179091822"/>
  <nd ref="9179091823"/>
  <nd ref="9179091824"/>
  <nd ref="9179091825"/>
  <nd ref="9179091826"/>
  <nd ref="9179091811"/>
 </way>
 <way id="993536925" visible="true" version="1" changeset="112631798" timestamp="2021-10-18T02:09:42Z" user="Shipwreck34" uid="10643883">
  <nd ref="9179091827"/>
  <nd ref="9179091828"/>
  <nd ref="9179091829"/>
  <nd ref="9179091830"/>
  <nd ref="9179091831"/>
  <nd ref="9179091832"/>
  <nd ref="9179091833"/>
  <nd ref="9179091834"/>
  <nd ref="9179091835"/>
  <nd ref="9179091836"/>
  <nd ref="9179091837"/>
  <nd ref="9179091838"/>
  <nd ref="9179091839"/>
  <nd ref="9179091840"/>
  <nd ref="9179091841"/>
  <nd ref="9179091842"/>
  <nd ref="9179091843"/>
  <nd ref="9179091844"/>
  <nd ref="9179091845"/>
  <nd ref="9179091846"/>
  <nd ref="9179091847"/>
  <nd ref="9179091848"/>
  <nd ref="9179091849"/>
  <nd ref="9179091827"/>
  <tag k="golf" v="tee"/>
  <tag k="landuse" v="grass"/>
 </way>
 <way id="993536926" visible="true" version="1" changeset="112631798" timestamp="2021-10-18T02:09:42Z" user="Shipwreck34" uid="10643883">
  <nd ref="9179091850"/>
  <nd ref="9179091851"/>
  <nd ref="9179091852"/>
  <nd ref="9179091853"/>
  <nd ref="9179091854"/>
  <nd ref="9179091855"/>
  <nd ref="9179091856"/>
  <nd ref="9179091857"/>
  <nd ref="9179091858"/>
  <nd ref="9179091859"/>
  <nd ref="9179091860"/>
  <nd ref="9177095486"/>
  <nd ref="9177095485"/>
  <nd ref="9177095489"/>
  <nd ref="9177095490"/>
  <nd ref="9177095491"/>
  <nd ref="9177095492"/>
  <nd ref="8403744874"/>
  <nd ref="9179091861"/>
  <nd ref="9179091862"/>
  <nd ref="9179091863"/>
  <nd ref="9179091864"/>
  <nd ref="9179091865"/>
  <nd ref="9179091866"/>
  <nd ref="9179091867"/>
  <nd ref="9179091868"/>
  <nd ref="9179091869"/>
  <nd ref="9179091870"/>
  <nd ref="9179091871"/>
  <nd ref="9179091872"/>
  <nd ref="9179091873"/>
  <nd ref="9179091874"/>
  <nd ref="9179091875"/>
  <nd ref="9179091876"/>
  <nd ref="9179091877"/>
  <nd ref="9179091878"/>
  <nd ref="9179091879"/>
  <nd ref="9179091850"/>
  <tag k="golf" v="tee"/>
  <tag k="landuse" v="grass"/>
 </way>
 <way id="993538012" visible="true" version="3" changeset="152195591" timestamp="2024-06-03T11:12:52Z" user="PizzaTreeIsland" uid="17308617">
  <nd ref="9179105660"/>
  <nd ref="9179105661"/>
  <nd ref="9179105662"/>
  <nd ref="9179105663"/>
  <nd ref="9179105664"/>
  <nd ref="9179105665"/>
  <nd ref="9179105666"/>
  <nd ref="9179105667"/>
  <nd ref="9179105668"/>
  <nd ref="9179105669"/>
  <nd ref="9179105670"/>
  <nd ref="9179105671"/>
  <nd ref="9179105672"/>
  <nd ref="9179105673"/>
  <nd ref="9179105674"/>
  <nd ref="9179105675"/>
  <nd ref="9179105676"/>
  <nd ref="9179105677"/>
  <nd ref="9179105678"/>
  <nd ref="9179105679"/>
  <nd ref="9179105680"/>
  <nd ref="9179105681"/>
  <nd ref="9179105682"/>
  <nd ref="9179105683"/>
  <nd ref="9179105684"/>
  <nd ref="9179105685"/>
  <nd ref="9179105686"/>
  <nd ref="9179105687"/>
  <nd ref="9179105688"/>
  <nd ref="9179105689"/>
  <nd ref="9179105690"/>
  <nd ref="9179105691"/>
  <nd ref="9179105692"/>
  <nd ref="9179105693"/>
  <nd ref="9179105694"/>
  <nd ref="9179105695"/>
  <nd ref="9179105696"/>
  <nd ref="9179105697"/>
  <nd ref="9179105660"/>
  <tag k="golf" v="green"/>
  <tag k="landuse" v="grass"/>
 </way>
 <way id="993539023" visible="true" version="2" changeset="113922442" timestamp="2021-11-18T00:54:31Z" user="CrazyMonkeyBen" uid="10727981">
  <nd ref="9179077593"/>
  <nd ref="9179077594"/>
  <nd ref="9179077595"/>
  <nd ref="9179077596"/>
  <nd ref="9179077597"/>
  <nd ref="9179077598"/>
  <nd ref="9179077599"/>
  <nd ref="9179077600"/>
  <nd ref="9179077601"/>
  <nd ref="9179077602"/>
  <nd ref="9179077603"/>
  <nd ref="9179077604"/>
  <nd ref="9179077605"/>
  <nd ref="9179077606"/>
  <nd ref="9179077607"/>
  <nd ref="9179077608"/>
  <nd ref="9179077609"/>
  <nd ref="9179077610"/>
  <nd ref="9179077611"/>
  <nd ref="9179077612"/>
  <nd ref="9179077613"/>
  <nd ref="9179077614"/>
  <nd ref="9179077615"/>
  <nd ref="9179077616"/>
  <nd ref="9179111517"/>
  <nd ref="9179111518"/>
  <nd ref="9179111519"/>
  <nd ref="9179111520"/>
  <nd ref="9179111521"/>
  <nd ref="9179111522"/>
  <tag k="golf" v="cartpath"/>
  <tag k="golf_cart" v="designated"/>
  <tag k="highway" v="path"/>
 </way>
 <way id="993539024" visible="true" version="1" changeset="112632072" timestamp="2021-10-18T02:33:09Z" user="Shipwreck34" uid="10643883">
  <nd ref="9179111523"/>
  <nd ref="9179111524"/>
  <nd ref="9179111525"/>
  <nd ref="9179111526"/>
  <nd ref="9179111523"/>
  <tag k="building" v="yes"/>
 </way>
 <way id="993539025" visible="true" version="1" changeset="112632072" timestamp="2021-10-18T02:33:09Z" user="Shipwreck34" uid="10643883">
  <nd ref="8403744849"/>
  <nd ref="9179111527"/>
  <nd ref="9179111528"/>
  <nd ref="9179111529"/>
  <nd ref="9179111530"/>
  <nd ref="9179111531"/>
  <nd ref="9177095483"/>
  <nd ref="8403744849"/>
  <tag k="building" v="yes"/>
 </way>
 <way id="1025239573" visible="true" version="2" changeset="162874614" timestamp="2025-02-24T03:10:29Z" user="Vegabond78" uid="22488066">
  <nd ref="9453190532"/>
  <nd ref="9453190534"/>
  <nd ref="9453190535"/>
  <nd ref="9453190536"/>
  <nd ref="9453190537"/>
  <nd ref="9453190538"/>
  <nd ref="9453190545"/>
  <nd ref="9453190539"/>
  <nd ref="9453190540"/>
  <nd ref="9453190544"/>
  <nd ref="9453190541"/>
  <nd ref="12614341492"/>
  <nd ref="9453190542"/>
  <nd ref="9453190543"/>
  <tag k="footway" v="sidewalk"/>
  <tag k="highway" v="footway"/>
 </way>
 <way id="1077858075" visible="true" version="1" changeset="123497836" timestamp="2022-07-12T04:40:06Z" user="raayadav" uid="13713172">
  <nd ref="7116313325"/>
  <nd ref="9882346664"/>
  <nd ref="9882346665"/>
  <tag k="highway" v="service"/>
 </way>
 <way id="1077858076" visible="true" version="1" changeset="123497836" timestamp="2022-07-12T04:40:06Z" user="raayadav" uid="13713172">
  <nd ref="7116313325"/>
  <nd ref="9882346666"/>
  <nd ref="9882346667"/>
  <nd ref="9882346668"/>
  <nd ref="9882346669"/>
  <nd ref="9882346670"/>
  <nd ref="9882346671"/>
  <tag k="highway" v="service"/>
 </way>
 <way id="1165770674" visible="true" version="1" changeset="135387010" timestamp="2023-04-26T13:22:58Z" user="mpatsevich_lyft" uid="12896788">
  <nd ref="7116128372"/>
  <nd ref="10842927788"/>
  <nd ref="10842927787"/>
  <tag k="highway" v="service"/>
 </way>
 <way id="1165770675" visible="true" version="1" changeset="135387010" timestamp="2023-04-26T13:22:58Z" user="mpatsevich_lyft" uid="12896788">
  <nd ref="10842927788"/>
  <nd ref="10842927789"/>
  <tag k="highway" v="service"/>
 </way>
 <way id="1187614425" visible="true" version="3" changeset="184369921" timestamp="2026-06-20T22:13:56Z" user="HopsAndSpokes" uid="5593540">
  <nd ref="55765882"/>
  <nd ref="11027765585"/>
  <nd ref="11027765577"/>
  <nd ref="11027765579"/>
  <nd ref="13954616097"/>
  <nd ref="55765887"/>
  <tag k="highway" v="service"/>
 </way>
 <way id="1288175768" visible="true" version="1" changeset="152055948" timestamp="2024-05-30T22:01:53Z" user="Bike 2 End" uid="2529030">
  <nd ref="11946125809"/>
  <nd ref="608957035"/>
  <nd ref="9179072988"/>
  <nd ref="9179072989"/>
  <nd ref="9179072990"/>
  <nd ref="9179072991"/>
  <nd ref="9179072992"/>
  <nd ref="9179072993"/>
  <nd ref="9179072994"/>
  <nd ref="9179072995"/>
  <nd ref="9179072996"/>
  <nd ref="9179072997"/>
  <nd ref="9179072998"/>
  <nd ref="9179072999"/>
  <nd ref="9179073000"/>
  <nd ref="9179073001"/>
  <nd ref="9179073002"/>
  <nd ref="9179073003"/>
  <nd ref="9179073004"/>
  <nd ref="9179073005"/>
  <nd ref="9179073006"/>
  <nd ref="9179073007"/>
  <nd ref="9179073008"/>
  <nd ref="9179073009"/>
  <nd ref="9179073010"/>
  <nd ref="9179073011"/>
  <nd ref="9179073012"/>
  <nd ref="9179073013"/>
  <nd ref="9179073014"/>
  <nd ref="9179073015"/>
  <nd ref="9179073016"/>
  <nd ref="9179076417"/>
  <nd ref="9179076418"/>
  <nd ref="9179076419"/>
  <nd ref="9179076420"/>
  <nd ref="9179076421"/>
  <nd ref="9179076422"/>
  <nd ref="9179076423"/>
  <nd ref="9179076424"/>
  <nd ref="9179076425"/>
  <nd ref="9179076426"/>
  <nd ref="9179076427"/>
  <nd ref="9179076428"/>
  <nd ref="9179076429"/>
  <nd ref="9179076430"/>
  <nd ref="9179076431"/>
  <nd ref="9179076432"/>
  <nd ref="9179076433"/>
  <nd ref="9179076434"/>
  <tag k="name" v="East Fork Sand Creek"/>
  <tag k="waterway" v="stream"/>
 </way>
 <way id="1288175769" visible="true" version="1" changeset="152055948" timestamp="2024-05-30T22:01:53Z" user="Bike 2 End" uid="2529030">
  <nd ref="9179076434"/>
  <nd ref="9179076435"/>
  <tag k="layer" v="-1"/>
  <tag k="name" v="East Fork Sand Creek"/>
  <tag k="tunnel" v="culvert"/>
  <tag k="waterway" v="stream"/>
 </way>
 <way id="1288175770" visible="true" version="1" changeset="152055948" timestamp="2024-05-30T22:01:53Z" user="Bike 2 End" uid="2529030">
  <nd ref="9179076435"/>
  <nd ref="9179076436"/>
  <nd ref="9179076437"/>
  <nd ref="9179076438"/>
  <nd ref="9179076439"/>
  <nd ref="9179076440"/>
  <tag k="name" v="East Fork Sand Creek"/>
  <tag k="waterway" v="stream"/>
 </way>
 <way id="1288175771" visible="true" version="1" changeset="152055948" timestamp="2024-05-30T22:01:53Z" user="Bike 2 End" uid="2529030">
  <nd ref="9179076440"/>
  <nd ref="11946125811"/>
  <tag k="layer" v="-1"/>
  <tag k="name" v="East Fork Sand Creek"/>
  <tag k="tunnel" v="culvert"/>
  <tag k="waterway" v="stream"/>
 </way>
 <way id="1288175772" visible="true" version="1" changeset="152055948" timestamp="2024-05-30T22:01:53Z" user="Bike 2 End" uid="2529030">
  <nd ref="11946125811"/>
  <nd ref="9179076441"/>
  <nd ref="9179076442"/>
  <nd ref="9179076443"/>
  <nd ref="9179076444"/>
  <nd ref="9179076445"/>
  <nd ref="9179076446"/>
  <nd ref="9179076447"/>
  <tag k="name" v="East Fork Sand Creek"/>
  <tag k="waterway" v="stream"/>
 </way>
 <way id="1288175773" visible="true" version="1" changeset="152055948" timestamp="2024-05-30T22:01:53Z" user="Bike 2 End" uid="2529030">
  <nd ref="9179076447"/>
  <nd ref="11946125812"/>
  <tag k="layer" v="-1"/>
  <tag k="name" v="East Fork Sand Creek"/>
  <tag k="tunnel" v="culvert"/>
  <tag k="waterway" v="stream"/>
 </way>
 <way id="1288175774" visible="true" version="1" changeset="152055948" timestamp="2024-05-30T22:01:53Z" user="Bike 2 End" uid="2529030">
  <nd ref="11946125812"/>
  <nd ref="9179076448"/>
  <nd ref="9179076449"/>
  <nd ref="9179076450"/>
  <nd ref="9179076451"/>
  <nd ref="9179076452"/>
  <nd ref="9179076453"/>
  <nd ref="9179076454"/>
  <nd ref="9179076455"/>
  <nd ref="9179076456"/>
  <nd ref="9179076457"/>
  <nd ref="7116096511"/>
  <tag k="name" v="East Fork Sand Creek"/>
  <tag k="waterway" v="stream"/>
 </way>
 <way id="1307085234" visible="true" version="2" changeset="176068669" timestamp="2025-12-17T21:46:43Z" user="PizzaTreeIsland" uid="17308617">
  <nd ref="12104728328"/>
  <nd ref="12104728329"/>
  <nd ref="12104728330"/>
  <nd ref="12104728331"/>
  <nd ref="12104728332"/>
  <nd ref="12104728333"/>
  <nd ref="12104728334"/>
  <nd ref="12104728335"/>
  <nd ref="12104728328"/>
  <tag k="building" v="yes"/>
  <tag k="roof:colour" v="grey"/>
  <tag k="source" v="microsoft/BuildingFootprints"/>
 </way>
 <way id="1307085235" visible="true" version="2" changeset="176068330" timestamp="2025-12-17T21:33:07Z" user="PizzaTreeIsland" uid="17308617">
  <nd ref="12104728336"/>
  <nd ref="12104728337"/>
  <nd ref="12104728338"/>
  <nd ref="12104728339"/>
  <nd ref="12104728336"/>
  <tag k="building" v="detached"/>
  <tag k="roof:colour" v="brown"/>
  <tag k="source" v="microsoft/BuildingFootprints"/>
 </way>
 <way id="1307085236" visible="true" version="2" changeset="176068330" timestamp="2025-12-17T21:33:07Z" user="PizzaTreeIsland" uid="17308617">
  <nd ref="12104728340"/>
  <nd ref="12104728341"/>
  <nd ref="12104728342"/>
  <nd ref="12104728343"/>
  <nd ref="12104728340"/>
  <tag k="building" v="detached"/>
  <tag k="roof:colour" v="brown"/>
  <tag k="source" v="microsoft/BuildingFootprints"/>
 </way>
 <way id="1307085237" visible="true" version="2" changeset="176068330" timestamp="2025-12-17T21:33:07Z" user="PizzaTreeIsland" uid="17308617">
  <nd ref="12104728344"/>
  <nd ref="12104728345"/>
  <nd ref="12104728346"/>
  <nd ref="12104728347"/>
  <nd ref="12104728344"/>
  <tag k="building" v="detached"/>
  <tag k="roof:colour" v="grey"/>
  <tag k="source" v="microsoft/BuildingFootprints"/>
 </way>
 <way id="1307085242" visible="true" version="2" changeset="176068330" timestamp="2025-12-17T21:33:07Z" user="PizzaTreeIsland" uid="17308617">
  <nd ref="12104728366"/>
  <nd ref="12104728367"/>
  <nd ref="12104728368"/>
  <nd ref="12104728369"/>
  <nd ref="12104728366"/>
  <tag k="building" v="yes"/>
  <tag k="roof:colour" v="brown"/>
  <tag k="source" v="microsoft/BuildingFootprints"/>
 </way>
 <way id="1307085243" visible="true" version="2" changeset="176068330" timestamp="2025-12-17T21:33:07Z" user="PizzaTreeIsland" uid="17308617">
  <nd ref="12104728370"/>
  <nd ref="12104728371"/>
  <nd ref="12104728372"/>
  <nd ref="12104728373"/>
  <nd ref="12104728370"/>
  <tag k="building" v="yes"/>
  <tag k="roof:colour" v="brown"/>
  <tag k="source" v="microsoft/BuildingFootprints"/>
 </way>
 <way id="1307085244" visible="true" version="2" changeset="176068330" timestamp="2025-12-17T21:33:07Z" user="PizzaTreeIsland" uid="17308617">
  <nd ref="12104728374"/>
  <nd ref="12104728375"/>
  <nd ref="12104728376"/>
  <nd ref="12104728377"/>
  <nd ref="12104728374"/>
  <tag k="building" v="yes"/>
  <tag k="roof:colour" v="grey"/>
  <tag k="source" v="microsoft/BuildingFootprints"/>
 </way>
 <way id="1307088957" visible="true" version="2" changeset="176068669" timestamp="2025-12-17T21:46:43Z" user="PizzaTreeIsland" uid="17308617">
  <nd ref="12104754831"/>
  <nd ref="12104754832"/>
  <nd ref="12104754833"/>
  <nd ref="12104754834"/>
  <nd ref="12104754831"/>
  <tag k="building" v="detached"/>
  <tag k="roof:colour" v="brown"/>
  <tag k="source" v="microsoft/BuildingFootprints"/>
 </way>
 <way id="1307088975" visible="true" version="2" changeset="176068669" timestamp="2025-12-17T21:46:43Z" user="PizzaTreeIsland" uid="17308617">
  <nd ref="12104754923"/>
  <nd ref="12104754924"/>
  <nd ref="12104754925"/>
  <nd ref="12104754926"/>
  <nd ref="12104754927"/>
  <nd ref="12104754928"/>
  <nd ref="12104754923"/>
  <tag k="building" v="detached"/>
  <tag k="roof:colour" v="brown"/>
  <tag k="source" v="microsoft/BuildingFootprints"/>
 </way>
 <way id="1307089877" visible="true" version="2" changeset="176068669" timestamp="2025-12-17T21:46:43Z" user="PizzaTreeIsland" uid="17308617">
  <nd ref="12104758853"/>
  <nd ref="12104758854"/>
  <nd ref="12104758855"/>
  <nd ref="12104758856"/>
  <nd ref="12104758857"/>
  <nd ref="12104758858"/>
  <nd ref="12104758853"/>
  <tag k="building" v="detached"/>
  <tag k="roof:colour" v="grey"/>
  <tag k="source" v="microsoft/BuildingFootprints"/>
 </way>
 <way id="1307089878" visible="true" version="2" changeset="176068669" timestamp="2025-12-17T21:46:43Z" user="PizzaTreeIsland" uid="17308617">
  <nd ref="12104758859"/>
  <nd ref="12104758860"/>
  <nd ref="12104758861"/>
  <nd ref="12104758862"/>
  <nd ref="12104758859"/>
  <tag k="building" v="detached"/>
  <tag k="roof:colour" v="grey"/>
  <tag k="source" v="microsoft/BuildingFootprints"/>
 </way>
 <way id="1307089879" visible="true" version="2" changeset="176068669" timestamp="2025-12-17T21:46:43Z" user="PizzaTreeIsland" uid="17308617">
  <nd ref="12104758863"/>
  <nd ref="12104758864"/>
  <nd ref="12104758865"/>
  <nd ref="12104758866"/>
  <nd ref="12104758863"/>
  <tag k="building" v="detached"/>
  <tag k="roof:colour" v="brown"/>
  <tag k="source" v="microsoft/BuildingFootprints"/>
 </way>
 <way id="1307089885" visible="true" version="2" changeset="176068669" timestamp="2025-12-17T21:46:43Z" user="PizzaTreeIsland" uid="17308617">
  <nd ref="12104758895"/>
  <nd ref="12104758896"/>
  <nd ref="12104758897"/>
  <nd ref="12104758898"/>
  <nd ref="12104758895"/>
  <tag k="building" v="detached"/>
  <tag k="roof:colour" v="grey"/>
  <tag k="source" v="microsoft/BuildingFootprints"/>
 </way>
 <way id="1307089886" visible="true" version="2" changeset="176068669" timestamp="2025-12-17T21:46:43Z" user="PizzaTreeIsland" uid="17308617">
  <nd ref="12104758899"/>
  <nd ref="12104758900"/>
  <nd ref="12104760601"/>
  <nd ref="12104760602"/>
  <nd ref="12104758899"/>
  <tag k="building" v="detached"/>
  <tag k="roof:colour" v="grey"/>
  <tag k="source" v="microsoft/BuildingFootprints"/>
 </way>
 <way id="1307089889" visible="true" version="2" changeset="176068669" timestamp="2025-12-17T21:46:43Z" user="PizzaTreeIsland" uid="17308617">
  <nd ref="12104760611"/>
  <nd ref="12104760612"/>
  <nd ref="12104760613"/>
  <nd ref="12104760614"/>
  <nd ref="12104760611"/>
  <tag k="building" v="detached"/>
  <tag k="roof:colour" v="grey"/>
  <tag k="source" v="microsoft/BuildingFootprints"/>
 </way>
 <way id="1307089890" visible="true" version="2" changeset="176068669" timestamp="2025-12-17T21:46:43Z" user="PizzaTreeIsland" uid="17308617">
  <nd ref="12104760615"/>
  <nd ref="12104760616"/>
  <nd ref="12104760617"/>
  <nd ref="12104760618"/>
  <nd ref="12104760615"/>
  <tag k="building" v="detached"/>
  <tag k="roof:colour" v="grey"/>
  <tag k="source" v="microsoft/BuildingFootprints"/>
 </way>
 <way id="1307089894" visible="true" version="2" changeset="176068669" timestamp="2025-12-17T21:46:43Z" user="PizzaTreeIsland" uid="17308617">
  <nd ref="12104760641"/>
  <nd ref="12104760642"/>
  <nd ref="12104760643"/>
  <nd ref="12104760644"/>
  <nd ref="12104760641"/>
  <tag k="building" v="detached"/>
  <tag k="roof:colour" v="brown"/>
  <tag k="source" v="microsoft/BuildingFootprints"/>
 </way>
 <way id="1307089895" visible="true" version="2" changeset="176068669" timestamp="2025-12-17T21:46:43Z" user="PizzaTreeIsland" uid="17308617">
  <nd ref="12104760645"/>
  <nd ref="12104760646"/>
  <nd ref="12104760647"/>
  <nd ref="12104760648"/>
  <nd ref="12104760645"/>
  <tag k="building" v="detached"/>
  <tag k="roof:colour" v="grey"/>
  <tag k="source" v="microsoft/BuildingFootprints"/>
 </way>
 <way id="1307089900" visible="true" version="2" changeset="176068669" timestamp="2025-12-17T21:46:43Z" user="PizzaTreeIsland" uid="17308617">
  <nd ref="12104760671"/>
  <nd ref="12104760672"/>
  <nd ref="12104760673"/>
  <nd ref="12104760674"/>
  <nd ref="12104760675"/>
  <nd ref="12104760676"/>
  <nd ref="12104760677"/>
  <nd ref="12104760678"/>
  <nd ref="12104760671"/>
  <tag k="building" v="detached"/>
  <tag k="roof:colour" v="brown"/>
  <tag k="source" v="microsoft/BuildingFootprints"/>
 </way>
 <way id="1307089901" visible="true" version="2" changeset="176068669" timestamp="2025-12-17T21:46:43Z" user="PizzaTreeIsland" uid="17308617">
  <nd ref="12104760679"/>
  <nd ref="12104760680"/>
  <nd ref="12104760681"/>
  <nd ref="12104760682"/>
  <nd ref="12104760679"/>
  <tag k="building" v="detached"/>
  <tag k="roof:colour" v="grey"/>
  <tag k="source" v="microsoft/BuildingFootprints"/>
 </way>
 <way id="1307089902" visible="true" version="2" changeset="176068669" timestamp="2025-12-17T21:46:43Z" user="PizzaTreeIsland" uid="17308617">
  <nd ref="12104760683"/>
  <nd ref="12104760684"/>
  <nd ref="12104760685"/>
  <nd ref="12104760686"/>
  <nd ref="12104760683"/>
  <tag k="building" v="detached"/>
  <tag k="roof:colour" v="grey"/>
  <tag k="source" v="microsoft/BuildingFootprints"/>
 </way>
 <way id="1307089903" visible="true" version="2" changeset="176068330" timestamp="2025-12-17T21:33:07Z" user="PizzaTreeIsland" uid="17308617">
  <nd ref="12104760687"/>
  <nd ref="12104760688"/>
  <nd ref="12104760689"/>
  <nd ref="12104760690"/>
  <nd ref="12104760687"/>
  <tag k="building" v="detached"/>
  <tag k="roof:colour" v="grey"/>
  <tag k="source" v="microsoft/BuildingFootprints"/>
 </way>
 <way id="1307089904" visible="true" version="2" changeset="176068330" timestamp="2025-12-17T21:33:07Z" user="PizzaTreeIsland" uid="17308617">
  <nd ref="12104760691"/>
  <nd ref="12104760692"/>
  <nd ref="12104760693"/>
  <nd ref="12104760694"/>
  <nd ref="12104760691"/>
  <tag k="building" v="detached"/>
  <tag k="roof:colour" v="grey"/>
  <tag k="source" v="microsoft/BuildingFootprints"/>
 </way>
 <way id="1307089905" visible="true" version="2" changeset="176068330" timestamp="2025-12-17T21:33:07Z" user="PizzaTreeIsland" uid="17308617">
  <nd ref="12104760695"/>
  <nd ref="12104760696"/>
  <nd ref="12104760697"/>
  <nd ref="12104760698"/>
  <nd ref="12104760695"/>
  <tag k="building" v="detached"/>
  <tag k="roof:colour" v="grey"/>
  <tag k="source" v="microsoft/BuildingFootprints"/>
 </way>
 <way id="1307089906" visible="true" version="2" changeset="176068330" timestamp="2025-12-17T21:33:07Z" user="PizzaTreeIsland" uid="17308617">
  <nd ref="12104760699"/>
  <nd ref="12104760700"/>
  <nd ref="12104760701"/>
  <nd ref="12104760702"/>
  <nd ref="12104760699"/>
  <tag k="building" v="detached"/>
  <tag k="roof:colour" v="brown"/>
  <tag k="source" v="microsoft/BuildingFootprints"/>
 </way>
 <way id="1307089907" visible="true" version="1" changeset="155118739" timestamp="2024-08-11T19:26:02Z" user="rerobins" uid="614696">
  <nd ref="12104760703"/>
  <nd ref="12104760704"/>
  <nd ref="12104760705"/>
  <nd ref="12104760706"/>
  <nd ref="12104760707"/>
  <nd ref="12104760708"/>
  <nd ref="12104760703"/>
  <tag k="building" v="detached"/>
  <tag k="source" v="microsoft/BuildingFootprints"/>
 </way>
 <way id="1307089908" visible="true" version="1" changeset="155118739" timestamp="2024-08-11T19:26:02Z" user="rerobins" uid="614696">
  <nd ref="12104760709"/>
  <nd ref="12104760710"/>
  <nd ref="12104760711"/>
  <nd ref="12104760712"/>
  <nd ref="12104760709"/>
  <tag k="building" v="detached"/>
  <tag k="source" v="microsoft/BuildingFootprints"/>
 </way>
 <way id="1307089909" visible="true" version="1" changeset="155118739" timestamp="2024-08-11T19:26:02Z" user="rerobins" uid="614696">
  <nd ref="12104760713"/>
  <nd ref="12104760714"/>
  <nd ref="12104760715"/>
  <nd ref="12104760716"/>
  <nd ref="12104760713"/>
  <tag k="building" v="detached"/>
  <tag k="source" v="microsoft/BuildingFootprints"/>
 </way>
 <way id="1307089910" visible="true" version="1" changeset="155118739" timestamp="2024-08-11T19:26:02Z" user="rerobins" uid="614696">
  <nd ref="12104760717"/>
  <nd ref="12104760718"/>
  <nd ref="12104760719"/>
  <nd ref="12104760720"/>
  <nd ref="12104760721"/>
  <nd ref="12104760722"/>
  <nd ref="12104760717"/>
  <tag k="building" v="detached"/>
  <tag k="source" v="microsoft/BuildingFootprints"/>
 </way>
 <way id="1307089911" visible="true" version="1" changeset="155118739" timestamp="2024-08-11T19:26:02Z" user="rerobins" uid="614696">
  <nd ref="12104760723"/>
  <nd ref="12104760724"/>
  <nd ref="12104760725"/>
  <nd ref="12104760726"/>
  <nd ref="12104760723"/>
  <tag k="building" v="detached"/>
  <tag k="source" v="microsoft/BuildingFootprints"/>
 </way>
 <way id="1307089912" visible="true" version="1" changeset="155118739" timestamp="2024-08-11T19:26:02Z" user="rerobins" uid="614696">
  <nd ref="12104760727"/>
  <nd ref="12104760728"/>
  <nd ref="12104760729"/>
  <nd ref="12104760730"/>
  <nd ref="12104760727"/>
  <tag k="building" v="detached"/>
  <tag k="source" v="microsoft/BuildingFootprints"/>
 </way>
 <way id="1307089913" visible="true" version="1" changeset="155118739" timestamp="2024-08-11T19:26:02Z" user="rerobins" uid="614696">
  <nd ref="12104760731"/>
  <nd ref="12104760732"/>
  <nd ref="12104760733"/>
  <nd ref="12104760734"/>
  <nd ref="12104760731"/>
  <tag k="building" v="detached"/>
  <tag k="source" v="microsoft/BuildingFootprints"/>
 </way>
 <way id="1307089914" visible="true" version="1" changeset="155118739" timestamp="2024-08-11T19:26:02Z" user="rerobins" uid="614696">
  <nd ref="12104760735"/>
  <nd ref="12104760736"/>
  <nd ref="12104760737"/>
  <nd ref="12104760738"/>
  <nd ref="12104760735"/>
  <tag k="building" v="detached"/>
  <tag k="source" v="microsoft/BuildingFootprints"/>
 </way>
 <way id="1307089915" visible="true" version="1" changeset="155118739" timestamp="2024-08-11T19:26:02Z" user="rerobins" uid="614696">
  <nd ref="12104760739"/>
  <nd ref="12104760740"/>
  <nd ref="12104760741"/>
  <nd ref="12104760742"/>
  <nd ref="12104760739"/>
  <tag k="building" v="detached"/>
  <tag k="source" v="microsoft/BuildingFootprints"/>
 </way>
 <way id="1307089916" visible="true" version="1" changeset="155118739" timestamp="2024-08-11T19:26:02Z" user="rerobins" uid="614696">
  <nd ref="12104760743"/>
  <nd ref="12104760744"/>
  <nd ref="12104760745"/>
  <nd ref="12104760746"/>
  <nd ref="12104760743"/>
  <tag k="building" v="detached"/>
  <tag k="source" v="microsoft/BuildingFootprints"/>
 </way>
 <way id="1307089917" visible="true" version="1" changeset="155118739" timestamp="2024-08-11T19:26:02Z" user="rerobins" uid="614696">
  <nd ref="12104760747"/>
  <nd ref="12104760748"/>
  <nd ref="12104760749"/>
  <nd ref="12104760750"/>
  <nd ref="12104760751"/>
  <nd ref="12104760752"/>
  <nd ref="12104760753"/>
  <nd ref="12104760754"/>
  <nd ref="12104760747"/>
  <tag k="building" v="detached"/>
  <tag k="source" v="microsoft/BuildingFootprints"/>
 </way>
 <way id="1307089918" visible="true" version="2" changeset="176068330" timestamp="2025-12-17T21:33:07Z" user="PizzaTreeIsland" uid="17308617">
  <nd ref="12104760755"/>
  <nd ref="12104760756"/>
  <nd ref="12104760757"/>
  <nd ref="12104760758"/>
  <nd ref="12104760755"/>
  <tag k="building" v="detached"/>
  <tag k="roof:colour" v="grey"/>
  <tag k="source" v="microsoft/BuildingFootprints"/>
 </way>
 <way id="1307089919" visible="true" version="1" changeset="155118739" timestamp="2024-08-11T19:26:02Z" user="rerobins" uid="614696">
  <nd ref="12104760759"/>
  <nd ref="12104760760"/>
  <nd ref="12104760761"/>
  <nd ref="12104760762"/>
  <nd ref="12104760763"/>
  <nd ref="12104760764"/>
  <nd ref="12104760759"/>
  <tag k="building" v="detached"/>
  <tag k="source" v="microsoft/BuildingFootprints"/>
 </way>
 <way id="1307089920" visible="true" version="1" changeset="155118739" timestamp="2024-08-11T19:26:02Z" user="rerobins" uid="614696">
  <nd ref="12104760765"/>
  <nd ref="12104760766"/>
  <nd ref="12104760767"/>
  <nd ref="12104760768"/>
  <nd ref="12104760765"/>
  <tag k="building" v="detached"/>
  <tag k="source" v="microsoft/BuildingFootprints"/>
 </way>
 <way id="1307089921" visible="true" version="1" changeset="155118739" timestamp="2024-08-11T19:26:02Z" user="rerobins" uid="614696">
  <nd ref="12104760769"/>
  <nd ref="12104760770"/>
  <nd ref="12104760771"/>
  <nd ref="12104760772"/>
  <nd ref="12104760769"/>
  <tag k="building" v="detached"/>
  <tag k="source" v="microsoft/BuildingFootprints"/>
 </way>
 <way id="1307089922" visible="true" version="1" changeset="155118739" timestamp="2024-08-11T19:26:02Z" user="rerobins" uid="614696">
  <nd ref="12104760773"/>
  <nd ref="12104760774"/>
  <nd ref="12104760775"/>
  <nd ref="12104760776"/>
  <nd ref="12104760777"/>
  <nd ref="12104760778"/>
  <nd ref="12104760773"/>
  <tag k="building" v="detached"/>
  <tag k="source" v="microsoft/BuildingFootprints"/>
 </way>
 <way id="1307089923" visible="true" version="1" changeset="155118739" timestamp="2024-08-11T19:26:02Z" user="rerobins" uid="614696">
  <nd ref="12104760779"/>
  <nd ref="12104760780"/>
  <nd ref="12104760781"/>
  <nd ref="12104760782"/>
  <nd ref="12104760779"/>
  <tag k="building" v="detached"/>
  <tag k="source" v="microsoft/BuildingFootprints"/>
 </way>
 <way id="1307089924" visible="true" version="1" changeset="155118739" timestamp="2024-08-11T19:26:02Z" user="rerobins" uid="614696">
  <nd ref="12104760783"/>
  <nd ref="12104760784"/>
  <nd ref="12104760785"/>
  <nd ref="12104760786"/>
  <nd ref="12104760783"/>
  <tag k="building" v="detached"/>
  <tag k="source" v="microsoft/BuildingFootprints"/>
 </way>
 <way id="1307090600" visible="true" version="1" changeset="155118837" timestamp="2024-08-11T19:28:49Z" user="rerobins" uid="614696">
  <nd ref="12104730883"/>
  <nd ref="12104730884"/>
  <nd ref="12104730885"/>
  <nd ref="12104730886"/>
  <nd ref="12104730883"/>
  <tag k="building" v="detached"/>
  <tag k="source" v="microsoft/BuildingFootprints"/>
 </way>
 <way id="1307090601" visible="true" version="1" changeset="155118837" timestamp="2024-08-11T19:28:49Z" user="rerobins" uid="614696">
  <nd ref="12104730887"/>
  <nd ref="12104730888"/>
  <nd ref="12104730889"/>
  <nd ref="12104730890"/>
  <nd ref="12104730891"/>
  <nd ref="12104730892"/>
  <nd ref="12104730893"/>
  <nd ref="12104730894"/>
  <nd ref="12104730887"/>
  <tag k="building" v="detached"/>
  <tag k="source" v="microsoft/BuildingFootprints"/>
 </way>
 <way id="1307090602" visible="true" version="1" changeset="155118837" timestamp="2024-08-11T19:28:49Z" user="rerobins" uid="614696">
  <nd ref="12104730895"/>
  <nd ref="12104730896"/>
  <nd ref="12104730897"/>
  <nd ref="12104730898"/>
  <nd ref="12104730899"/>
  <nd ref="12104730900"/>
  <nd ref="12104766401"/>
  <nd ref="12104766402"/>
  <nd ref="12104730895"/>
  <tag k="building" v="detached"/>
  <tag k="source" v="microsoft/BuildingFootprints"/>
 </way>
 <way id="1307090603" visible="true" version="1" changeset="155118837" timestamp="2024-08-11T19:28:49Z" user="rerobins" uid="614696">
  <nd ref="12104766403"/>
  <nd ref="12104766404"/>
  <nd ref="12104766405"/>
  <nd ref="12104766406"/>
  <nd ref="12104766407"/>
  <nd ref="12104766408"/>
  <nd ref="12104766403"/>
  <tag k="building" v="detached"/>
  <tag k="source" v="microsoft/BuildingFootprints"/>
 </way>
 <way id="1307090604" visible="true" version="1" changeset="155118837" timestamp="2024-08-11T19:28:49Z" user="rerobins" uid="614696">
  <nd ref="12104766409"/>
  <nd ref="12104766410"/>
  <nd ref="12104766411"/>
  <nd ref="12104766412"/>
  <nd ref="12104766413"/>
  <nd ref="12104766414"/>
  <nd ref="12104766409"/>
  <tag k="building" v="detached"/>
  <tag k="source" v="microsoft/BuildingFootprints"/>
 </way>
 <way id="1307090605" visible="true" version="1" changeset="155118837" timestamp="2024-08-11T19:28:49Z" user="rerobins" uid="614696">
  <nd ref="12104766415"/>
  <nd ref="12104766416"/>
  <nd ref="12104766417"/>
  <nd ref="12104766418"/>
  <nd ref="12104766419"/>
  <nd ref="12104766420"/>
  <nd ref="12104766421"/>
  <nd ref="12104766422"/>
  <nd ref="12104766415"/>
  <tag k="building" v="detached"/>
  <tag k="source" v="microsoft/BuildingFootprints"/>
 </way>
 <way id="1307090606" visible="true" version="1" changeset="155118837" timestamp="2024-08-11T19:28:49Z" user="rerobins" uid="614696">
  <nd ref="12104766423"/>
  <nd ref="12104766424"/>
  <nd ref="12104766425"/>
  <nd ref="12104766426"/>
  <nd ref="12104766423"/>
  <tag k="building" v="detached"/>
  <tag k="source" v="microsoft/BuildingFootprints"/>
 </way>
 <way id="1307090607" visible="true" version="1" changeset="155118837" timestamp="2024-08-11T19:28:49Z" user="rerobins" uid="614696">
  <nd ref="12104766427"/>
  <nd ref="12104766428"/>
  <nd ref="12104766429"/>
  <nd ref="12104766430"/>
  <nd ref="12104766427"/>
  <tag k="building" v="detached"/>
  <tag k="source" v="microsoft/BuildingFootprints"/>
 </way>
 <way id="1307090608" visible="true" version="1" changeset="155118837" timestamp="2024-08-11T19:28:49Z" user="rerobins" uid="614696">
  <nd ref="12104766431"/>
  <nd ref="12104766432"/>
  <nd ref="12104766433"/>
  <nd ref="12104766434"/>
  <nd ref="12104766435"/>
  <nd ref="12104766436"/>
  <nd ref="12104766437"/>
  <nd ref="12104766438"/>
  <nd ref="12104766431"/>
  <tag k="building" v="detached"/>
  <tag k="source" v="microsoft/BuildingFootprints"/>
 </way>
 <way id="1307090609" visible="true" version="1" changeset="155118837" timestamp="2024-08-11T19:28:49Z" user="rerobins" uid="614696">
  <nd ref="12104766439"/>
  <nd ref="12104766440"/>
  <nd ref="12104766441"/>
  <nd ref="12104766442"/>
  <nd ref="12104766439"/>
  <tag k="building" v="detached"/>
  <tag k="source" v="microsoft/BuildingFootprints"/>
 </way>
 <way id="1307090610" visible="true" version="1" changeset="155118837" timestamp="2024-08-11T19:28:49Z" user="rerobins" uid="614696">
  <nd ref="12104766443"/>
  <nd ref="12104766444"/>
  <nd ref="12104766445"/>
  <nd ref="12104766446"/>
  <nd ref="12104766443"/>
  <tag k="building" v="detached"/>
  <tag k="source" v="microsoft/BuildingFootprints"/>
 </way>
 <way id="1307090611" visible="true" version="1" changeset="155118837" timestamp="2024-08-11T19:28:49Z" user="rerobins" uid="614696">
  <nd ref="12104766447"/>
  <nd ref="12104766448"/>
  <nd ref="12104766449"/>
  <nd ref="12104766450"/>
  <nd ref="12104766447"/>
  <tag k="building" v="detached"/>
  <tag k="source" v="microsoft/BuildingFootprints"/>
 </way>
 <way id="1307090612" visible="true" version="1" changeset="155118837" timestamp="2024-08-11T19:28:49Z" user="rerobins" uid="614696">
  <nd ref="12104766451"/>
  <nd ref="12104766452"/>
  <nd ref="12104766453"/>
  <nd ref="12104766454"/>
  <nd ref="12104766451"/>
  <tag k="building" v="detached"/>
  <tag k="source" v="microsoft/BuildingFootprints"/>
 </way>
 <way id="1307090613" visible="true" version="1" changeset="155118837" timestamp="2024-08-11T19:28:49Z" user="rerobins" uid="614696">
  <nd ref="12104766455"/>
  <nd ref="12104766456"/>
  <nd ref="12104766457"/>
  <nd ref="12104766458"/>
  <nd ref="12104766455"/>
  <tag k="building" v="detached"/>
  <tag k="source" v="microsoft/BuildingFootprints"/>
 </way>
 <way id="1307090614" visible="true" version="1" changeset="155118837" timestamp="2024-08-11T19:28:49Z" user="rerobins" uid="614696">
  <nd ref="12104766459"/>
  <nd ref="12104766460"/>
  <nd ref="12104766461"/>
  <nd ref="12104766462"/>
  <nd ref="12104766459"/>
  <tag k="building" v="detached"/>
  <tag k="source" v="microsoft/BuildingFootprints"/>
 </way>
 <way id="1307090615" visible="true" version="1" changeset="155118837" timestamp="2024-08-11T19:28:49Z" user="rerobins" uid="614696">
  <nd ref="12104766463"/>
  <nd ref="12104766464"/>
  <nd ref="12104766465"/>
  <nd ref="12104766466"/>
  <nd ref="12104766467"/>
  <nd ref="12104766468"/>
  <nd ref="12104766463"/>
  <tag k="building" v="detached"/>
  <tag k="source" v="microsoft/BuildingFootprints"/>
 </way>
 <way id="1307090616" visible="true" version="1" changeset="155118837" timestamp="2024-08-11T19:28:49Z" user="rerobins" uid="614696">
  <nd ref="12104766469"/>
  <nd ref="12104766470"/>
  <nd ref="12104766471"/>
  <nd ref="12104766472"/>
  <nd ref="12104766473"/>
  <nd ref="12104766474"/>
  <nd ref="12104766475"/>
  <nd ref="12104766476"/>
  <nd ref="12104766469"/>
  <tag k="building" v="detached"/>
  <tag k="source" v="microsoft/BuildingFootprints"/>
 </way>
 <way id="1307090617" visible="true" version="1" changeset="155118837" timestamp="2024-08-11T19:28:49Z" user="rerobins" uid="614696">
  <nd ref="12104766477"/>
  <nd ref="12104766478"/>
  <nd ref="12104766479"/>
  <nd ref="12104766480"/>
  <nd ref="12104766481"/>
  <nd ref="12104766482"/>
  <nd ref="12104766483"/>
  <nd ref="12104766484"/>
  <nd ref="12104766477"/>
  <tag k="building" v="detached"/>
  <tag k="source" v="microsoft/BuildingFootprints"/>
 </way>
 <way id="1307090618" visible="true" version="1" changeset="155118837" timestamp="2024-08-11T19:28:49Z" user="rerobins" uid="614696">
  <nd ref="12104766485"/>
  <nd ref="12104766486"/>
  <nd ref="12104766487"/>
  <nd ref="12104766488"/>
  <nd ref="12104766485"/>
  <tag k="building" v="detached"/>
  <tag k="source" v="microsoft/BuildingFootprints"/>
 </way>
 <way id="1307090619" visible="true" version="1" changeset="155118837" timestamp="2024-08-11T19:28:49Z" user="rerobins" uid="614696">
  <nd ref="12104766489"/>
  <nd ref="12104766490"/>
  <nd ref="12104766491"/>
  <nd ref="12104766492"/>
  <nd ref="12104766489"/>
  <tag k="building" v="detached"/>
  <tag k="source" v="microsoft/BuildingFootprints"/>
 </way>
 <way id="1307090620" visible="true" version="1" changeset="155118837" timestamp="2024-08-11T19:28:49Z" user="rerobins" uid="614696">
  <nd ref="12104766493"/>
  <nd ref="12104766494"/>
  <nd ref="12104766495"/>
  <nd ref="12104766496"/>
  <nd ref="12104766493"/>
  <tag k="building" v="detached"/>
  <tag k="source" v="microsoft/BuildingFootprints"/>
 </way>
 <way id="1307090621" visible="true" version="1" changeset="155118837" timestamp="2024-08-11T19:28:49Z" user="rerobins" uid="614696">
  <nd ref="12104766497"/>
  <nd ref="12104766498"/>
  <nd ref="12104766499"/>
  <nd ref="12104766500"/>
  <nd ref="12104766497"/>
  <tag k="building" v="detached"/>
  <tag k="source" v="microsoft/BuildingFootprints"/>
 </way>
 <way id="1307090622" visible="true" version="1" changeset="155118837" timestamp="2024-08-11T19:28:49Z" user="rerobins" uid="614696">
  <nd ref="12104766501"/>
  <nd ref="12104766502"/>
  <nd ref="12104766503"/>
  <nd ref="12104766504"/>
  <nd ref="12104766501"/>
  <tag k="building" v="detached"/>
  <tag k="source" v="microsoft/BuildingFootprints"/>
 </way>
 <way id="1307090623" visible="true" version="1" changeset="155118837" timestamp="2024-08-11T19:28:49Z" user="rerobins" uid="614696">
  <nd ref="12104766505"/>
  <nd ref="12104766506"/>
  <nd ref="12104766507"/>
  <nd ref="12104766508"/>
  <nd ref="12104766509"/>
  <nd ref="12104766510"/>
  <nd ref="12104766505"/>
  <tag k="building" v="detached"/>
  <tag k="source" v="microsoft/BuildingFootprints"/>
 </way>
 <way id="1307090624" visible="true" version="1" changeset="155118837" timestamp="2024-08-11T19:28:49Z" user="rerobins" uid="614696">
  <nd ref="12104766511"/>
  <nd ref="12104766512"/>
  <nd ref="12104766513"/>
  <nd ref="12104766514"/>
  <nd ref="12104766511"/>
  <tag k="building" v="detached"/>
  <tag k="source" v="microsoft/BuildingFootprints"/>
 </way>
 <way id="1307090625" visible="true" version="1" changeset="155118837" timestamp="2024-08-11T19:28:49Z" user="rerobins" uid="614696">
  <nd ref="12104766515"/>
  <nd ref="12104766516"/>
  <nd ref="12104766517"/>
  <nd ref="12104766518"/>
  <nd ref="12104766515"/>
  <tag k="building" v="detached"/>
  <tag k="source" v="microsoft/BuildingFootprints"/>
 </way>
 <way id="1307090626" visible="true" version="1" changeset="155118837" timestamp="2024-08-11T19:28:49Z" user="rerobins" uid="614696">
  <nd ref="12104766519"/>
  <nd ref="12104766520"/>
  <nd ref="12104766521"/>
  <nd ref="12104766522"/>
  <nd ref="12104766523"/>
  <nd ref="12104766524"/>
  <nd ref="12104766519"/>
  <tag k="building" v="detached"/>
  <tag k="source" v="microsoft/BuildingFootprints"/>
 </way>
 <way id="1307090627" visible="true" version="1" changeset="155118837" timestamp="2024-08-11T19:28:49Z" user="rerobins" uid="614696">
  <nd ref="12104766525"/>
  <nd ref="12104766526"/>
  <nd ref="12104766527"/>
  <nd ref="12104766528"/>
  <nd ref="12104766529"/>
  <nd ref="12104766530"/>
  <nd ref="12104766531"/>
  <nd ref="12104766532"/>
  <nd ref="12104766525"/>
  <tag k="building" v="detached"/>
  <tag k="source" v="microsoft/BuildingFootprints"/>
 </way>
 <way id="1307090628" visible="true" version="1" changeset="155118837" timestamp="2024-08-11T19:28:49Z" user="rerobins" uid="614696">
  <nd ref="12104766533"/>
  <nd ref="12104766534"/>
  <nd ref="12104766535"/>
  <nd ref="12104766536"/>
  <nd ref="12104766533"/>
  <tag k="building" v="detached"/>
  <tag k="source" v="microsoft/BuildingFootprints"/>
 </way>
 <way id="1307090629" visible="true" version="1" changeset="155118837" timestamp="2024-08-11T19:28:49Z" user="rerobins" uid="614696">
  <nd ref="12104766537"/>
  <nd ref="12104766538"/>
  <nd ref="12104766539"/>
  <nd ref="12104766540"/>
  <nd ref="12104766537"/>
  <tag k="building" v="detached"/>
  <tag k="source" v="microsoft/BuildingFootprints"/>
 </way>
 <way id="1307090630" visible="true" version="1" changeset="155118837" timestamp="2024-08-11T19:28:49Z" user="rerobins" uid="614696">
  <nd ref="12104766541"/>
  <nd ref="12104766542"/>
  <nd ref="12104766543"/>
  <nd ref="12104766544"/>
  <nd ref="12104766545"/>
  <nd ref="12104766546"/>
  <nd ref="12104766547"/>
  <nd ref="12104766548"/>
  <nd ref="12104766549"/>
  <nd ref="12104766550"/>
  <nd ref="12104766541"/>
  <tag k="building" v="yes"/>
  <tag k="source" v="microsoft/BuildingFootprints"/>
 </way>
 <way id="1307090631" visible="true" version="1" changeset="155118837" timestamp="2024-08-11T19:28:49Z" user="rerobins" uid="614696">
  <nd ref="12104766551"/>
  <nd ref="12104766552"/>
  <nd ref="12104766553"/>
  <nd ref="12104766554"/>
  <nd ref="12104766551"/>
  <tag k="building" v="yes"/>
  <tag k="source" v="microsoft/BuildingFootprints"/>
 </way>
 <way id="1307090632" visible="true" version="1" changeset="155118837" timestamp="2024-08-11T19:28:49Z" user="rerobins" uid="614696">
  <nd ref="12104766555"/>
  <nd ref="12104766556"/>
  <nd ref="12104766557"/>
  <nd ref="12104766558"/>
  <nd ref="12104766555"/>
  <tag k="building" v="yes"/>
  <tag k="source" v="microsoft/BuildingFootprints"/>
 </way>
 <way id="1307090633" visible="true" version="1" changeset="155118837" timestamp="2024-08-11T19:28:49Z" user="rerobins" uid="614696">
  <nd ref="12104766559"/>
  <nd ref="12104766560"/>
  <nd ref="12104766561"/>
  <nd ref="12104766562"/>
  <nd ref="12104766563"/>
  <nd ref="12104766564"/>
  <nd ref="12104766565"/>
  <nd ref="12104766566"/>
  <nd ref="12104766567"/>
  <nd ref="12104766568"/>
  <nd ref="12104766569"/>
  <nd ref="12104766570"/>
  <nd ref="12104766571"/>
  <nd ref="12104766572"/>
  <nd ref="12104766573"/>
  <nd ref="12104766574"/>
  <nd ref="12104766559"/>
  <tag k="building" v="yes"/>
 </way>
 <way id="1307090634" visible="true" version="1" changeset="155118837" timestamp="2024-08-11T19:28:49Z" user="rerobins" uid="614696">
  <nd ref="12104766575"/>
  <nd ref="12104766576"/>
  <nd ref="12104766577"/>
  <nd ref="12104766578"/>
  <nd ref="12104766575"/>
  <tag k="building" v="yes"/>
  <tag k="source" v="microsoft/BuildingFootprints"/>
 </way>
 <way id="1307090635" visible="true" version="1" changeset="155118837" timestamp="2024-08-11T19:28:49Z" user="rerobins" uid="614696">
  <nd ref="12104766579"/>
  <nd ref="12104766580"/>
  <nd ref="12104766581"/>
  <nd ref="12104766582"/>
  <nd ref="12104766579"/>
  <tag k="building" v="yes"/>
  <tag k="source" v="microsoft/BuildingFootprints"/>
 </way>
 <way id="1307090636" visible="true" version="1" changeset="155118837" timestamp="2024-08-11T19:28:49Z" user="rerobins" uid="614696">
  <nd ref="12104766583"/>
  <nd ref="12104766584"/>
  <nd ref="12104766585"/>
  <nd ref="12104766586"/>
  <nd ref="12104766583"/>
  <tag k="building" v="yes"/>
  <tag k="source" v="microsoft/BuildingFootprints"/>
 </way>
 <way id="1307090637" visible="true" version="1" changeset="155118837" timestamp="2024-08-11T19:28:49Z" user="rerobins" uid="614696">
  <nd ref="12104766587"/>
  <nd ref="12104766588"/>
  <nd ref="12104766589"/>
  <nd ref="12104766590"/>
  <nd ref="12104766587"/>
  <tag k="building" v="yes"/>
  <tag k="source" v="microsoft/BuildingFootprints"/>
 </way>
 <way id="1307090638" visible="true" version="1" changeset="155118837" timestamp="2024-08-11T19:28:49Z" user="rerobins" uid="614696">
  <nd ref="12104766591"/>
  <nd ref="12104766592"/>
  <nd ref="12104766593"/>
  <nd ref="12104766594"/>
  <nd ref="12104766591"/>
  <tag k="building" v="yes"/>
  <tag k="source" v="microsoft/BuildingFootprints"/>
 </way>
 <way id="1307090639" visible="true" version="1" changeset="155118837" timestamp="2024-08-11T19:28:49Z" user="rerobins" uid="614696">
  <nd ref="12104766595"/>
  <nd ref="12104766596"/>
  <nd ref="12104766597"/>
  <nd ref="12104766598"/>
  <nd ref="12104766595"/>
  <tag k="building" v="yes"/>
  <tag k="source" v="microsoft/BuildingFootprints"/>
 </way>
 <way id="1307090640" visible="true" version="1" changeset="155118837" timestamp="2024-08-11T19:28:49Z" user="rerobins" uid="614696">
  <nd ref="12104766599"/>
  <nd ref="12104766600"/>
  <nd ref="12104766601"/>
  <nd ref="12104766602"/>
  <nd ref="12104766599"/>
  <tag k="building" v="yes"/>
  <tag k="source" v="microsoft/BuildingFootprints"/>
 </way>
 <way id="1307090641" visible="true" version="1" changeset="155118837" timestamp="2024-08-11T19:28:49Z" user="rerobins" uid="614696">
  <nd ref="12104766603"/>
  <nd ref="12104766604"/>
  <nd ref="12104766605"/>
  <nd ref="12104766606"/>
  <nd ref="12104766603"/>
  <tag k="building" v="yes"/>
  <tag k="source" v="microsoft/BuildingFootprints"/>
 </way>
 <way id="1307090642" visible="true" version="1" changeset="155118837" timestamp="2024-08-11T19:28:49Z" user="rerobins" uid="614696">
  <nd ref="12104766607"/>
  <nd ref="12104766608"/>
  <nd ref="12104766609"/>
  <nd ref="12104766610"/>
  <nd ref="12104766607"/>
  <tag k="building" v="yes"/>
  <tag k="source" v="microsoft/BuildingFootprints"/>
 </way>
 <way id="1307090643" visible="true" version="1" changeset="155118837" timestamp="2024-08-11T19:28:49Z" user="rerobins" uid="614696">
  <nd ref="12104766611"/>
  <nd ref="12104766612"/>
  <nd ref="12104766613"/>
  <nd ref="12104766614"/>
  <nd ref="12104766615"/>
  <nd ref="12104766616"/>
  <nd ref="12104766617"/>
  <nd ref="12104766618"/>
  <nd ref="12104766619"/>
  <nd ref="12104766620"/>
  <nd ref="12104766621"/>
  <nd ref="12104766622"/>
  <nd ref="12104766623"/>
  <nd ref="12104766624"/>
  <nd ref="12104766611"/>
  <tag k="building" v="yes"/>
  <tag k="source" v="microsoft/BuildingFootprints"/>
 </way>
 <way id="1307090644" visible="true" version="1" changeset="155118837" timestamp="2024-08-11T19:28:49Z" user="rerobins" uid="614696">
  <nd ref="12104766625"/>
  <nd ref="12104766626"/>
  <nd ref="12104766627"/>
  <nd ref="12104766628"/>
  <nd ref="12104766629"/>
  <nd ref="12104766630"/>
  <nd ref="12104766631"/>
  <nd ref="12104766632"/>
  <nd ref="12104766633"/>
  <nd ref="12104766634"/>
  <nd ref="12104766635"/>
  <nd ref="12104766636"/>
  <nd ref="12104766637"/>
  <nd ref="12104766638"/>
  <nd ref="12104766625"/>
  <tag k="building" v="yes"/>
  <tag k="source" v="microsoft/BuildingFootprints"/>
 </way>
 <way id="1307090645" visible="true" version="1" changeset="155118837" timestamp="2024-08-11T19:28:49Z" user="rerobins" uid="614696">
  <nd ref="12104766639"/>
  <nd ref="12104766640"/>
  <nd ref="12104766641"/>
  <nd ref="12104766642"/>
  <nd ref="12104766643"/>
  <nd ref="12104766644"/>
  <nd ref="12104766645"/>
  <nd ref="12104766646"/>
  <nd ref="12104766647"/>
  <nd ref="12104766648"/>
  <nd ref="12104766639"/>
  <tag k="building" v="yes"/>
  <tag k="source" v="microsoft/BuildingFootprints"/>
 </way>
 <way id="1307090646" visible="true" version="1" changeset="155118837" timestamp="2024-08-11T19:28:49Z" user="rerobins" uid="614696">
  <nd ref="12104766649"/>
  <nd ref="12104766650"/>
  <nd ref="12104766651"/>
  <nd ref="12104766652"/>
  <nd ref="12104766653"/>
  <nd ref="12104766654"/>
  <nd ref="12104766655"/>
  <nd ref="12104766656"/>
  <nd ref="12104766649"/>
  <tag k="building" v="yes"/>
  <tag k="source" v="microsoft/BuildingFootprints"/>
 </way>
 <way id="1307090647" visible="true" version="1" changeset="155118837" timestamp="2024-08-11T19:28:49Z" user="rerobins" uid="614696">
  <nd ref="12104766657"/>
  <nd ref="12104766658"/>
  <nd ref="12104766659"/>
  <nd ref="12104766660"/>
  <nd ref="12104766661"/>
  <nd ref="12104766662"/>
  <nd ref="12104766663"/>
  <nd ref="12104766664"/>
  <nd ref="12104766665"/>
  <nd ref="12104766666"/>
  <nd ref="12104766667"/>
  <nd ref="12104766668"/>
  <nd ref="12104766669"/>
  <nd ref="12104766670"/>
  <nd ref="12104766671"/>
  <nd ref="12104766672"/>
  <nd ref="12104766673"/>
  <nd ref="12104766674"/>
  <nd ref="12104766657"/>
  <tag k="building" v="yes"/>
  <tag k="source" v="microsoft/BuildingFootprints"/>
 </way>
 <way id="1307090648" visible="true" version="1" changeset="155118837" timestamp="2024-08-11T19:28:49Z" user="rerobins" uid="614696">
  <nd ref="12104766675"/>
  <nd ref="12104766676"/>
  <nd ref="12104766677"/>
  <nd ref="12104766678"/>
  <nd ref="12104766679"/>
  <nd ref="12104766680"/>
  <nd ref="12104766681"/>
  <nd ref="12104766682"/>
  <nd ref="12104766683"/>
  <nd ref="12104766684"/>
  <nd ref="12104766685"/>
  <nd ref="12104766686"/>
  <nd ref="12104766687"/>
  <nd ref="12104766688"/>
  <nd ref="12104766689"/>
  <nd ref="12104766690"/>
  <nd ref="12104766691"/>
  <nd ref="12104766692"/>
  <nd ref="12104766693"/>
  <nd ref="12104766694"/>
  <nd ref="12104766695"/>
  <nd ref="12104766696"/>
  <nd ref="12104766697"/>
  <nd ref="12104766698"/>
  <nd ref="12104766699"/>
  <nd ref="12104766700"/>
  <nd ref="12104766701"/>
  <nd ref="12104766675"/>
  <tag k="building" v="yes"/>
  <tag k="source" v="microsoft/BuildingFootprints"/>
 </way>
 <way id="1307090649" visible="true" version="1" changeset="155118837" timestamp="2024-08-11T19:28:49Z" user="rerobins" uid="614696">
  <nd ref="12104766702"/>
  <nd ref="12104766703"/>
  <nd ref="12104766704"/>
  <nd ref="12104766705"/>
  <nd ref="12104766706"/>
  <nd ref="12104766707"/>
  <nd ref="12104766708"/>
  <nd ref="12104766709"/>
  <nd ref="12104766710"/>
  <nd ref="12104766711"/>
  <nd ref="12104766712"/>
  <nd ref="12104766713"/>
  <nd ref="12104766714"/>
  <nd ref="12104766715"/>
  <nd ref="12104766716"/>
  <nd ref="12104766717"/>
  <nd ref="12104766702"/>
  <tag k="building" v="yes"/>
  <tag k="source" v="microsoft/BuildingFootprints"/>
 </way>
 <way id="1307090650" visible="true" version="1" changeset="155118837" timestamp="2024-08-11T19:28:49Z" user="rerobins" uid="614696">
  <nd ref="12104766718"/>
  <nd ref="12104766719"/>
  <nd ref="12104766720"/>
  <nd ref="12104766721"/>
  <nd ref="12104766722"/>
  <nd ref="12104766723"/>
  <nd ref="12104766724"/>
  <nd ref="12104766725"/>
  <nd ref="12104766726"/>
  <nd ref="12104766727"/>
  <nd ref="12104766728"/>
  <nd ref="12104766729"/>
  <nd ref="12104766718"/>
  <tag k="building" v="yes"/>
  <tag k="source" v="microsoft/BuildingFootprints"/>
 </way>
 <way id="1307091369" visible="true" version="1" changeset="155119000" timestamp="2024-08-11T19:32:57Z" user="rerobins" uid="614696">
  <nd ref="12104735263"/>
  <nd ref="12104735264"/>
  <nd ref="12104735265"/>
  <nd ref="12104735266"/>
  <nd ref="12104735267"/>
  <nd ref="12104735268"/>
  <nd ref="12104735269"/>
  <nd ref="12104735270"/>
  <nd ref="12104735271"/>
  <nd ref="12104735272"/>
  <nd ref="12104735273"/>
  <nd ref="12104735274"/>
  <nd ref="12104735263"/>
  <tag k="building" v="yes"/>
  <tag k="source" v="microsoft/BuildingFootprints"/>
 </way>
 <way id="1307091370" visible="true" version="1" changeset="155119000" timestamp="2024-08-11T19:32:57Z" user="rerobins" uid="614696">
  <nd ref="12104735275"/>
  <nd ref="12104735276"/>
  <nd ref="12104735277"/>
  <nd ref="12104735278"/>
  <nd ref="12104735279"/>
  <nd ref="12104735280"/>
  <nd ref="12104735281"/>
  <nd ref="12104735282"/>
  <nd ref="12104735283"/>
  <nd ref="12104735284"/>
  <nd ref="12104735285"/>
  <nd ref="12104735286"/>
  <nd ref="12104735287"/>
  <nd ref="12104735288"/>
  <nd ref="12104735289"/>
  <nd ref="12104735290"/>
  <nd ref="12104735275"/>
  <tag k="building" v="yes"/>
  <tag k="source" v="microsoft/BuildingFootprints"/>
 </way>
 <way id="1307091371" visible="true" version="1" changeset="155119000" timestamp="2024-08-11T19:32:57Z" user="rerobins" uid="614696">
  <nd ref="12104735291"/>
  <nd ref="12104735292"/>
  <nd ref="12104735293"/>
  <nd ref="12104735294"/>
  <nd ref="12104735295"/>
  <nd ref="12104735296"/>
  <nd ref="12104735297"/>
  <nd ref="12104735298"/>
  <nd ref="12104735299"/>
  <nd ref="12104735300"/>
  <nd ref="12104772701"/>
  <nd ref="12104772702"/>
  <nd ref="12104772703"/>
  <nd ref="12104772704"/>
  <nd ref="12104772705"/>
  <nd ref="12104772706"/>
  <nd ref="12104735291"/>
  <tag k="building" v="yes"/>
  <tag k="source" v="microsoft/BuildingFootprints"/>
 </way>
 <way id="1307091372" visible="true" version="1" changeset="155119000" timestamp="2024-08-11T19:32:57Z" user="rerobins" uid="614696">
  <nd ref="12104772707"/>
  <nd ref="12104772708"/>
  <nd ref="12104772709"/>
  <nd ref="12104772710"/>
  <nd ref="12104772711"/>
  <nd ref="12104772712"/>
  <nd ref="12104772713"/>
  <nd ref="12104772714"/>
  <nd ref="12104772715"/>
  <nd ref="12104772716"/>
  <nd ref="12104772717"/>
  <nd ref="12104772718"/>
  <nd ref="12104772719"/>
  <nd ref="12104772720"/>
  <nd ref="12104772721"/>
  <nd ref="12104772722"/>
  <nd ref="12104772723"/>
  <nd ref="12104772724"/>
  <nd ref="12104772725"/>
  <nd ref="12104772726"/>
  <nd ref="12104772727"/>
  <nd ref="12104772728"/>
  <nd ref="12104772729"/>
  <nd ref="12104772730"/>
  <nd ref="12104772731"/>
  <nd ref="12104772732"/>
  <nd ref="12104772733"/>
  <nd ref="12104772734"/>
  <nd ref="12104772735"/>
  <nd ref="12104772707"/>
  <tag k="building" v="yes"/>
  <tag k="source" v="microsoft/BuildingFootprints"/>
 </way>
 <way id="1307091373" visible="true" version="1" changeset="155119000" timestamp="2024-08-11T19:32:57Z" user="rerobins" uid="614696">
  <nd ref="12104772736"/>
  <nd ref="12104772737"/>
  <nd ref="12104772738"/>
  <nd ref="12104772739"/>
  <nd ref="12104772740"/>
  <nd ref="12104772741"/>
  <nd ref="12104772742"/>
  <nd ref="12104772743"/>
  <nd ref="12104772744"/>
  <nd ref="12104772745"/>
  <nd ref="12104772746"/>
  <nd ref="12104772747"/>
  <nd ref="12104772736"/>
  <tag k="building" v="yes"/>
  <tag k="source" v="microsoft/BuildingFootprints"/>
 </way>
 <way id="1307091374" visible="true" version="1" changeset="155119000" timestamp="2024-08-11T19:32:57Z" user="rerobins" uid="614696">
  <nd ref="12104772748"/>
  <nd ref="12104772749"/>
  <nd ref="12104772750"/>
  <nd ref="12104772751"/>
  <nd ref="12104772748"/>
  <tag k="building" v="yes"/>
  <tag k="source" v="microsoft/BuildingFootprints"/>
 </way>
 <way id="1307091375" visible="true" version="1" changeset="155119000" timestamp="2024-08-11T19:32:57Z" user="rerobins" uid="614696">
  <nd ref="12104772752"/>
  <nd ref="12104772753"/>
  <nd ref="12104772754"/>
  <nd ref="12104772755"/>
  <nd ref="12104772756"/>
  <nd ref="12104772757"/>
  <nd ref="12104772758"/>
  <nd ref="12104772759"/>
  <nd ref="12104772752"/>
  <tag k="building" v="yes"/>
  <tag k="source" v="microsoft/BuildingFootprints"/>
 </way>
 <way id="1307091376" visible="true" version="1" changeset="155119000" timestamp="2024-08-11T19:32:57Z" user="rerobins" uid="614696">
  <nd ref="12104772760"/>
  <nd ref="12104772761"/>
  <nd ref="12104772762"/>
  <nd ref="12104772763"/>
  <nd ref="12104772760"/>
  <tag k="building" v="detached"/>
  <tag k="source" v="microsoft/BuildingFootprints"/>
 </way>
 <way id="1307091377" visible="true" version="1" changeset="155119000" timestamp="2024-08-11T19:32:57Z" user="rerobins" uid="614696">
  <nd ref="12104772764"/>
  <nd ref="12104772765"/>
  <nd ref="12104772766"/>
  <nd ref="12104772767"/>
  <nd ref="12104772764"/>
  <tag k="building" v="detached"/>
  <tag k="source" v="microsoft/BuildingFootprints"/>
 </way>
 <way id="1307091378" visible="true" version="1" changeset="155119000" timestamp="2024-08-11T19:32:57Z" user="rerobins" uid="614696">
  <nd ref="12104772768"/>
  <nd ref="12104772769"/>
  <nd ref="12104772770"/>
  <nd ref="12104772771"/>
  <nd ref="12104772768"/>
  <tag k="building" v="detached"/>
  <tag k="source" v="microsoft/BuildingFootprints"/>
 </way>
 <way id="1307091379" visible="true" version="1" changeset="155119000" timestamp="2024-08-11T19:32:57Z" user="rerobins" uid="614696">
  <nd ref="12104772772"/>
  <nd ref="12104772773"/>
  <nd ref="12104772774"/>
  <nd ref="12104772775"/>
  <nd ref="12104772772"/>
  <tag k="building" v="detached"/>
  <tag k="source" v="microsoft/BuildingFootprints"/>
 </way>
 <way id="1307091380" visible="true" version="1" changeset="155119000" timestamp="2024-08-11T19:32:57Z" user="rerobins" uid="614696">
  <nd ref="12104772776"/>
  <nd ref="12104772777"/>
  <nd ref="12104772778"/>
  <nd ref="12104772779"/>
  <nd ref="12104772780"/>
  <nd ref="12104772781"/>
  <nd ref="12104772776"/>
  <tag k="building" v="detached"/>
  <tag k="source" v="microsoft/BuildingFootprints"/>
 </way>
 <way id="1307091381" visible="true" version="1" changeset="155119000" timestamp="2024-08-11T19:32:57Z" user="rerobins" uid="614696">
  <nd ref="12104772782"/>
  <nd ref="12104772783"/>
  <nd ref="12104772784"/>
  <nd ref="12104772785"/>
  <nd ref="12104772786"/>
  <nd ref="12104772787"/>
  <nd ref="12104772788"/>
  <nd ref="12104772789"/>
  <nd ref="12104772782"/>
  <tag k="building" v="detached"/>
  <tag k="source" v="microsoft/BuildingFootprints"/>
 </way>
 <way id="1307091382" visible="true" version="1" changeset="155119000" timestamp="2024-08-11T19:32:57Z" user="rerobins" uid="614696">
  <nd ref="12104772790"/>
  <nd ref="12104772791"/>
  <nd ref="12104772792"/>
  <nd ref="12104772793"/>
  <nd ref="12104772794"/>
  <nd ref="12104772795"/>
  <nd ref="12104772796"/>
  <nd ref="12104772797"/>
  <nd ref="12104772790"/>
  <tag k="building" v="detached"/>
  <tag k="source" v="microsoft/BuildingFootprints"/>
 </way>
 <way id="1307091383" visible="true" version="1" changeset="155119000" timestamp="2024-08-11T19:32:57Z" user="rerobins" uid="614696">
  <nd ref="12104772798"/>
  <nd ref="12104772799"/>
  <nd ref="12104772800"/>
  <nd ref="12104772801"/>
  <nd ref="12104772802"/>
  <nd ref="12104772803"/>
  <nd ref="12104772798"/>
  <tag k="building" v="detached"/>
  <tag k="source" v="microsoft/BuildingFootprints"/>
 </way>
 <way id="1307091384" visible="true" version="1" changeset="155119000" timestamp="2024-08-11T19:32:57Z" user="rerobins" uid="614696">
  <nd ref="12104772804"/>
  <nd ref="12104772805"/>
  <nd ref="12104772806"/>
  <nd ref="12104772807"/>
  <nd ref="12104772804"/>
  <tag k="building" v="detached"/>
  <tag k="source" v="microsoft/BuildingFootprints"/>
 </way>
 <way id="1307091385" visible="true" version="1" changeset="155119000" timestamp="2024-08-11T19:32:57Z" user="rerobins" uid="614696">
  <nd ref="12104772808"/>
  <nd ref="12104772809"/>
  <nd ref="12104772810"/>
  <nd ref="12104772811"/>
  <nd ref="12104772808"/>
  <tag k="building" v="detached"/>
  <tag k="source" v="microsoft/BuildingFootprints"/>
 </way>
 <way id="1307091386" visible="true" version="1" changeset="155119000" timestamp="2024-08-11T19:32:57Z" user="rerobins" uid="614696">
  <nd ref="12104772812"/>
  <nd ref="12104772813"/>
  <nd ref="12104772814"/>
  <nd ref="12104772815"/>
  <nd ref="12104772812"/>
  <tag k="building" v="detached"/>
  <tag k="source" v="microsoft/BuildingFootprints"/>
 </way>
 <way id="1307091387" visible="true" version="1" changeset="155119000" timestamp="2024-08-11T19:32:57Z" user="rerobins" uid="614696">
  <nd ref="12104772816"/>
  <nd ref="12104772817"/>
  <nd ref="12104772818"/>
  <nd ref="12104772819"/>
  <nd ref="12104772820"/>
  <nd ref="12104772821"/>
  <nd ref="12104772816"/>
  <tag k="building" v="detached"/>
  <tag k="source" v="microsoft/BuildingFootprints"/>
 </way>
 <way id="1307091388" visible="true" version="1" changeset="155119000" timestamp="2024-08-11T19:32:57Z" user="rerobins" uid="614696">
  <nd ref="12104772822"/>
  <nd ref="12104772823"/>
  <nd ref="12104772824"/>
  <nd ref="12104772825"/>
  <nd ref="12104772822"/>
  <tag k="building" v="detached"/>
  <tag k="source" v="microsoft/BuildingFootprints"/>
 </way>
 <way id="1307091389" visible="true" version="1" changeset="155119000" timestamp="2024-08-11T19:32:57Z" user="rerobins" uid="614696">
  <nd ref="12104772826"/>
  <nd ref="12104772827"/>
  <nd ref="12104772828"/>
  <nd ref="12104772829"/>
  <nd ref="12104772830"/>
  <nd ref="12104772831"/>
  <nd ref="12104772826"/>
  <tag k="building" v="detached"/>
  <tag k="source" v="microsoft/BuildingFootprints"/>
 </way>
 <way id="1307091390" visible="true" version="1" changeset="155119000" timestamp="2024-08-11T19:32:57Z" user="rerobins" uid="614696">
  <nd ref="12104772832"/>
  <nd ref="12104772833"/>
  <nd ref="12104772834"/>
  <nd ref="12104772835"/>
  <nd ref="12104772832"/>
  <tag k="building" v="detached"/>
  <tag k="source" v="microsoft/BuildingFootprints"/>
 </way>
 <way id="1307091391" visible="true" version="1" changeset="155119000" timestamp="2024-08-11T19:32:57Z" user="rerobins" uid="614696">
  <nd ref="12104772836"/>
  <nd ref="12104772837"/>
  <nd ref="12104772838"/>
  <nd ref="12104772839"/>
  <nd ref="12104772836"/>
  <tag k="building" v="detached"/>
  <tag k="source" v="microsoft/BuildingFootprints"/>
 </way>
 <way id="1307091392" visible="true" version="1" changeset="155119000" timestamp="2024-08-11T19:32:57Z" user="rerobins" uid="614696">
  <nd ref="12104772840"/>
  <nd ref="12104772841"/>
  <nd ref="12104772842"/>
  <nd ref="12104772843"/>
  <nd ref="12104772844"/>
  <nd ref="12104772845"/>
  <nd ref="12104772840"/>
  <tag k="building" v="detached"/>
  <tag k="source" v="microsoft/BuildingFootprints"/>
 </way>
 <way id="1307091393" visible="true" version="1" changeset="155119000" timestamp="2024-08-11T19:32:57Z" user="rerobins" uid="614696">
  <nd ref="12104772846"/>
  <nd ref="12104772847"/>
  <nd ref="12104772848"/>
  <nd ref="12104772849"/>
  <nd ref="12104772846"/>
  <tag k="building" v="detached"/>
  <tag k="source" v="microsoft/BuildingFootprints"/>
 </way>
 <way id="1307091394" visible="true" version="1" changeset="155119000" timestamp="2024-08-11T19:32:57Z" user="rerobins" uid="614696">
  <nd ref="12104772850"/>
  <nd ref="12104772851"/>
  <nd ref="12104772852"/>
  <nd ref="12104772853"/>
  <nd ref="12104772850"/>
  <tag k="building" v="detached"/>
  <tag k="source" v="microsoft/BuildingFootprints"/>
 </way>
 <way id="1307091395" visible="true" version="1" changeset="155119000" timestamp="2024-08-11T19:32:57Z" user="rerobins" uid="614696">
  <nd ref="12104772854"/>
  <nd ref="12104772855"/>
  <nd ref="12104772856"/>
  <nd ref="12104772857"/>
  <nd ref="12104772854"/>
  <tag k="building" v="detached"/>
  <tag k="source" v="microsoft/BuildingFootprints"/>
 </way>
 <way id="1307091396" visible="true" version="1" changeset="155119000" timestamp="2024-08-11T19:32:57Z" user="rerobins" uid="614696">
  <nd ref="12104772858"/>
  <nd ref="12104772859"/>
  <nd ref="12104772860"/>
  <nd ref="12104772861"/>
  <nd ref="12104772858"/>
  <tag k="building" v="yes"/>
  <tag k="source" v="microsoft/BuildingFootprints"/>
 </way>
 <way id="1307091397" visible="true" version="1" changeset="155119000" timestamp="2024-08-11T19:32:57Z" user="rerobins" uid="614696">
  <nd ref="12104772862"/>
  <nd ref="12104772863"/>
  <nd ref="12104772864"/>
  <nd ref="12104772865"/>
  <nd ref="12104772862"/>
  <tag k="building" v="yes"/>
  <tag k="source" v="microsoft/BuildingFootprints"/>
 </way>
 <way id="1307091398" visible="true" version="1" changeset="155119000" timestamp="2024-08-11T19:32:57Z" user="rerobins" uid="614696">
  <nd ref="12104772866"/>
  <nd ref="12104772867"/>
  <nd ref="12104772868"/>
  <nd ref="12104772869"/>
  <nd ref="12104772866"/>
  <tag k="building" v="detached"/>
  <tag k="source" v="microsoft/BuildingFootprints"/>
 </way>
 <way id="1307091399" visible="true" version="1" changeset="155119000" timestamp="2024-08-11T19:32:57Z" user="rerobins" uid="614696">
  <nd ref="12104772870"/>
  <nd ref="12104772871"/>
  <nd ref="12104772872"/>
  <nd ref="12104772873"/>
  <nd ref="12104772874"/>
  <nd ref="12104772875"/>
  <nd ref="12104772876"/>
  <nd ref="12104772877"/>
  <nd ref="12104772870"/>
  <tag k="building" v="detached"/>
  <tag k="source" v="microsoft/BuildingFootprints"/>
 </way>
 <way id="1457455903" visible="true" version="1" changeset="175753949" timestamp="2025-12-10T11:15:02Z" user="tkotnala_lyft" uid="21672285">
  <nd ref="13366725673"/>
  <nd ref="13366725676"/>
  <nd ref="13366725674"/>
  <nd ref="13366725675"/>
  <tag k="highway" v="service"/>
 </way>
 <way id="1528147216" visible="true" version="1" changeset="183922803" timestamp="2026-06-10T12:57:44Z" user="Abaluni_Lyft" uid="23086916">
  <nd ref="13926157249"/>
  <nd ref="13926157250"/>
  <tag k="access" v="private"/>
  <tag k="highway" v="service"/>
 </way>
 <way id="1531104444" visible="true" version="1" changeset="184369921" timestamp="2026-06-20T22:13:56Z" user="HopsAndSpokes" uid="5593540">
  <nd ref="9453190543"/>
  <nd ref="13954616091"/>
  <nd ref="13954616090"/>
  <tag k="crossing" v="unmarked"/>
  <tag k="crossing:markings" v="no"/>
  <tag k="footway" v="crossing"/>
  <tag k="highway" v="footway"/>
 </way>
 <way id="1531104445" visible="true" version="1" changeset="184369921" timestamp="2026-06-20T22:13:56Z" user="HopsAndSpokes" uid="5593540">
  <nd ref="13954616092"/>
  <nd ref="13954616093"/>
  <nd ref="13954616094"/>
  <nd ref="13954616095"/>
  <tag k="footway" v="sidewalk"/>
  <tag k="highway" v="footway"/>
  <tag k="surface" v="concrete"/>
 </way>
 <way id="1531104446" visible="true" version="1" changeset="184369921" timestamp="2026-06-20T22:13:56Z" user="HopsAndSpokes" uid="5593540">
  <nd ref="13954616095"/>
  <nd ref="13954616097"/>
  <nd ref="13954616096"/>
  <tag k="crossing" v="uncontrolled"/>
  <tag k="crossing:markings" v="zebra"/>
  <tag k="footway" v="crossing"/>
  <tag k="highway" v="footway"/>
 </way>
 <way id="1531104447" visible="true" version="1" changeset="184369921" timestamp="2026-06-20T22:13:56Z" user="HopsAndSpokes" uid="5593540">
  <nd ref="13954616096"/>
  <nd ref="13954616098"/>
  <nd ref="13954616099"/>
  <tag k="footway" v="sidewalk"/>
  <tag k="highway" v="footway"/>
 </way>
 <way id="1531104448" visible="true" version="1" changeset="184369921" timestamp="2026-06-20T22:13:56Z" user="HopsAndSpokes" uid="5593540">
  <nd ref="13954652921"/>
  <nd ref="13954652902"/>
  <nd ref="13954652903"/>
  <nd ref="13954652904"/>
  <nd ref="13954652906"/>
  <nd ref="13954652905"/>
  <tag k="footway" v="sidewalk"/>
  <tag k="highway" v="footway"/>
 </way>
 <way id="1531104449" visible="true" version="1" changeset="184369921" timestamp="2026-06-20T22:13:56Z" user="HopsAndSpokes" uid="5593540">
  <nd ref="13954652905"/>
  <nd ref="13954652908"/>
  <nd ref="13954652907"/>
  <tag k="crossing" v="uncontrolled"/>
  <tag k="crossing:markings" v="zebra"/>
  <tag k="footway" v="crossing"/>
  <tag k="highway" v="footway"/>
 </way>
 <way id="1531104450" visible="true" version="2" changeset="184370135" timestamp="2026-06-20T22:23:46Z" user="HopsAndSpokes" uid="5593540">
  <nd ref="13954652907"/>
  <nd ref="13954652909"/>
  <nd ref="13954652912"/>
  <tag k="footway" v="sidewalk"/>
  <tag k="highway" v="footway"/>
  <tag k="surface" v="concrete"/>
 </way>
 <way id="1531104451" visible="true" version="1" changeset="184369921" timestamp="2026-06-20T22:13:56Z" user="HopsAndSpokes" uid="5593540">
  <nd ref="13954652911"/>
  <nd ref="13954652914"/>
  <nd ref="13954652913"/>
  <tag k="crossing" v="uncontrolled"/>
  <tag k="crossing:markings" v="yes"/>
  <tag k="footway" v="crossing"/>
  <tag k="highway" v="footway"/>
 </way>
 <way id="1531104452" visible="true" version="1" changeset="184369921" timestamp="2026-06-20T22:13:56Z" user="HopsAndSpokes" uid="5593540">
  <nd ref="13954652913"/>
  <nd ref="13954652915"/>
  <nd ref="13954652916"/>
  <nd ref="13954652919"/>
  <nd ref="13954652917"/>
  <nd ref="13954652954"/>
  <nd ref="13954652918"/>
  <tag k="footway" v="sidewalk"/>
  <tag k="highway" v="footway"/>
 </way>
 <way id="1531104453" visible="true" version="1" changeset="184369921" timestamp="2026-06-20T22:13:56Z" user="HopsAndSpokes" uid="5593540">
  <nd ref="55827804"/>
  <nd ref="8334046529"/>
  <nd ref="6951282540"/>
  <nd ref="7116148029"/>
  <nd ref="8334046537"/>
  <nd ref="7116148026"/>
  <nd ref="8334046534"/>
  <nd ref="7116148025"/>
  <nd ref="8334046548"/>
  <nd ref="7116148022"/>
  <nd ref="13954652920"/>
  <nd ref="8334046555"/>
  <nd ref="7116148014"/>
  <nd ref="8334046538"/>
  <nd ref="8674808301"/>
  <nd ref="8334046543"/>
  <nd ref="55812791"/>
  <tag k="highway" v="unclassified"/>
  <tag k="name" v="Ford Street"/>
  <tag k="tiger:cfcc" v="A41"/>
  <tag k="tiger:county" v="El Paso, CO"/>
  <tag k="tiger:name_base" v="Ford"/>
  <tag k="tiger:name_type" v="St"/>
 </way>
 <way id="1531104455" visible="true" version="1" changeset="184369921" timestamp="2026-06-20T22:13:56Z" user="HopsAndSpokes" uid="5593540">
  <nd ref="13954616090"/>
  <nd ref="13954616100"/>
  <nd ref="13954652901"/>
  <nd ref="13954652922"/>
  <tag k="footway" v="sidewalk"/>
  <tag k="highway" v="footway"/>
 </way>
 <way id="1531104456" visible="true" version="1" changeset="184369921" timestamp="2026-06-20T22:13:56Z" user="HopsAndSpokes" uid="5593540">
  <nd ref="13954652922"/>
  <nd ref="13954652921"/>
  <tag k="bridge" v="yes"/>
  <tag k="footway" v="sidewalk"/>
  <tag k="highway" v="footway"/>
  <tag k="layer" v="1"/>
 </way>
 <way id="1531104468" visible="true" version="1" changeset="184369921" timestamp="2026-06-20T22:13:56Z" user="HopsAndSpokes" uid="5593540">
  <nd ref="13954652935"/>
  <nd ref="13954652937"/>
  <nd ref="13954652949"/>
  <nd ref="13954652938"/>
  <nd ref="13954652939"/>
  <nd ref="13954652950"/>
  <nd ref="13954652940"/>
  <nd ref="13954652941"/>
  <nd ref="13954652951"/>
  <nd ref="13954652942"/>
  <nd ref="13954652943"/>
  <nd ref="13954652944"/>
  <nd ref="13954652945"/>
  <nd ref="13954652952"/>
  <nd ref="13954652946"/>
  <nd ref="13954652947"/>
  <nd ref="13954652948"/>
  <tag k="footway" v="sidewalk"/>
  <tag k="highway" v="footway"/>
  <tag k="surface" v="concrete"/>
 </way>
 <way id="1531104469" visible="true" version="1" changeset="184369921" timestamp="2026-06-20T22:13:56Z" user="HopsAndSpokes" uid="5593540">
  <nd ref="13954652953"/>
  <nd ref="2341460083"/>
  <nd ref="13954652948"/>
  <tag k="crossing" v="traffic_signals"/>
  <tag k="footway" v="crossing"/>
  <tag k="highway" v="footway"/>
 </way>
 <way id="1531104470" visible="true" version="1" changeset="184369921" timestamp="2026-06-20T22:13:56Z" user="HopsAndSpokes" uid="5593540">
  <nd ref="13954652954"/>
  <nd ref="2341459985"/>
  <nd ref="13954652955"/>
  <tag k="crossing" v="traffic_signals"/>
  <tag k="footway" v="crossing"/>
  <tag k="highway" v="footway"/>
 </way>
 <way id="1531104471" visible="true" version="1" changeset="184369921" timestamp="2026-06-20T22:13:56Z" user="HopsAndSpokes" uid="5593540">
  <nd ref="13954652918"/>
  <nd ref="13954652956"/>
  <nd ref="13954652948"/>
  <tag k="crossing" v="traffic_signals"/>
  <tag k="footway" v="crossing"/>
  <tag k="highway" v="footway"/>
 </way>
 <way id="1531104472" visible="true" version="1" changeset="184369921" timestamp="2026-06-20T22:13:56Z" user="HopsAndSpokes" uid="5593540">
  <nd ref="13954652953"/>
  <nd ref="13954652957"/>
  <nd ref="13954652955"/>
  <tag k="crossing" v="traffic_signals"/>
  <tag k="footway" v="crossing"/>
  <tag k="highway" v="footway"/>
 </way>
 <way id="1531105612" visible="true" version="1" changeset="184370135" timestamp="2026-06-20T22:23:46Z" user="HopsAndSpokes" uid="5593540">
  <nd ref="13954652932"/>
  <nd ref="13954652289"/>
  <nd ref="13954652290"/>
  <nd ref="13954652299"/>
  <nd ref="13954652291"/>
  <nd ref="13954652292"/>
  <nd ref="13954652300"/>
  <nd ref="13954652293"/>
  <nd ref="13954652294"/>
  <nd ref="13954652295"/>
  <nd ref="13954652296"/>
  <nd ref="13954652297"/>
  <nd ref="13954668001"/>
  <nd ref="13954652298"/>
  <nd ref="13954652953"/>
  <tag k="footway" v="sidewalk"/>
  <tag k="highway" v="footway"/>
 </way>
 <way id="1531105613" visible="true" version="1" changeset="184370135" timestamp="2026-06-20T22:23:46Z" user="HopsAndSpokes" uid="5593540">
  <nd ref="13954652955"/>
  <nd ref="13954668003"/>
  <nd ref="13954668004"/>
  <nd ref="13954668002"/>
  <tag k="footway" v="sidewalk"/>
  <tag k="highway" v="footway"/>
 </way>
 <way id="1531105614" visible="true" version="1" changeset="184370135" timestamp="2026-06-20T22:23:46Z" user="HopsAndSpokes" uid="5593540">
  <nd ref="55827804"/>
  <nd ref="13954652912"/>
  <tag k="highway" v="service"/>
 </way>
 <way id="1531105615" visible="true" version="1" changeset="184370135" timestamp="2026-06-20T22:23:46Z" user="HopsAndSpokes" uid="5593540">
  <nd ref="13954652912"/>
  <nd ref="13954652910"/>
  <nd ref="13954652911"/>
  <tag k="footway" v="sidewalk"/>
  <tag k="highway" v="footway"/>
  <tag k="surface" v="concrete"/>
 </way>
 <relation id="11949057" visible="true" version="41" changeset="184447445" timestamp="2026-06-22T19:51:34Z" user="MapmakerrrJohn" uid="23883705">
  <member type="way" ref="204503044" role=""/>
  <member type="way" ref="877763342" role=""/>
  <member type="way" ref="877763341" role=""/>
  <member type="way" ref="41443146" role=""/>
  <member type="way" ref="43707623" role=""/>
  <member type="way" ref="877763343" role=""/>
  <member type="way" ref="877763346" role=""/>
  <member type="way" ref="1474299151" role=""/>
  <member type="way" ref="1474299152" role=""/>
  <member type="way" ref="1474299153" role=""/>
  <member type="way" ref="1474299155" role=""/>
  <member type="way" ref="1474299156" role=""/>
  <member type="way" ref="1474299157" role=""/>
  <member type="way" ref="1474299158" role=""/>
  <member type="way" ref="877763345" role=""/>
  <member type="way" ref="1474299159" role=""/>
  <member type="way" ref="858806074" role=""/>
  <member type="way" ref="41443145" role=""/>
  <member type="way" ref="877763347" role=""/>
  <member type="way" ref="204503063" role=""/>
  <member type="way" ref="1119947789" role=""/>
  <member type="way" ref="1119947790" role=""/>
  <member type="way" ref="1119947792" role=""/>
  <member type="way" ref="204503058" role=""/>
  <member type="way" ref="1206873713" role=""/>
  <member type="way" ref="1206873714" role=""/>
  <member type="way" ref="1206873711" role=""/>
  <member type="way" ref="1206873710" role=""/>
  <member type="way" ref="858378009" role=""/>
  <member type="way" ref="945003352" role=""/>
  <member type="way" ref="244214834" role=""/>
  <member type="way" ref="1476076080" role=""/>
  <member type="way" ref="1476076082" role=""/>
  <member type="way" ref="858377714" role=""/>
  <member type="way" ref="1476079275" role=""/>
  <member type="way" ref="1476079276" role=""/>
  <member type="way" ref="244214833" role=""/>
  <member type="way" ref="888038327" role=""/>
  <member type="way" ref="877763349" role=""/>
  <member type="way" ref="1411091482" role=""/>
  <member type="way" ref="1411091483" role=""/>
  <member type="way" ref="877763350" role=""/>
  <member type="way" ref="978615344" role=""/>
  <member type="way" ref="978615346" role=""/>
  <member type="way" ref="1531289274" role=""/>
  <member type="way" ref="978615347" role=""/>
  <member type="way" ref="229489601" role=""/>
  <member type="way" ref="1388933535" role=""/>
  <member type="way" ref="1388933536" role=""/>
  <member type="way" ref="36913237" role=""/>
  <member type="way" ref="1531496251" role=""/>
  <member type="way" ref="1531496246" role=""/>
  <member type="way" ref="484557815" role=""/>
  <member type="way" ref="1370781745" role=""/>
  <member type="way" ref="877763363" role=""/>
  <member type="way" ref="229489592" role=""/>
  <member type="way" ref="1388935982" role=""/>
  <member type="way" ref="1388935981" role=""/>
  <member type="way" ref="43076383" role=""/>
  <member type="way" ref="877763366" role=""/>
  <member type="way" ref="877763367" role=""/>
  <member type="way" ref="1507974065" role=""/>
  <member type="way" ref="484557814" role=""/>
  <member type="way" ref="1370244977" role=""/>
  <member type="way" ref="1383950157" role=""/>
  <member type="way" ref="1383950158" role=""/>
  <member type="way" ref="1370792331" role=""/>
  <member type="way" ref="1370779490" role=""/>
  <member type="way" ref="1470115420" role=""/>
  <member type="way" ref="877763354" role=""/>
  <member type="way" ref="36978229" role=""/>
  <member type="way" ref="1319109820" role=""/>
  <member type="way" ref="1319109819" role=""/>
  <member type="way" ref="1319109818" role=""/>
  <member type="way" ref="966127427" role=""/>
  <member type="way" ref="1319109827" role=""/>
  <member type="way" ref="878066809" role=""/>
  <member type="way" ref="877763357" role=""/>
  <member type="way" ref="35897274" role=""/>
  <member type="way" ref="877763358" role=""/>
  <member type="way" ref="1319109826" role=""/>
  <member type="way" ref="1319109824" role=""/>
  <member type="way" ref="1319109825" role=""/>
  <member type="way" ref="1319109823" role=""/>
  <member type="way" ref="878066810" role=""/>
  <member type="way" ref="37724969" role=""/>
  <member type="way" ref="966127425" role=""/>
  <member type="way" ref="1391521665" role=""/>
  <member type="way" ref="1391521666" role=""/>
  <member type="way" ref="1391521667" role=""/>
  <member type="way" ref="1391521664" role=""/>
  <member type="way" ref="775435921" role=""/>
  <member type="way" ref="1370779491" role=""/>
  <member type="way" ref="1370792329" role=""/>
  <member type="way" ref="1383950155" role=""/>
  <member type="way" ref="1383950156" role=""/>
  <member type="way" ref="36896900" role=""/>
  <member type="way" ref="1370244981" role=""/>
  <member type="way" ref="893193711" role=""/>
  <member type="way" ref="1507974067" role=""/>
  <member type="way" ref="1476149852" role=""/>
  <member type="way" ref="43356544" role=""/>
  <member type="way" ref="223929678" role=""/>
  <member type="way" ref="229630864" role=""/>
  <member type="way" ref="72836499" role=""/>
  <member type="way" ref="1387942806" role=""/>
  <member type="way" ref="1387942805" role=""/>
  <member type="way" ref="1387942804" role=""/>
  <member type="way" ref="36595357" role=""/>
  <member type="way" ref="186413475" role=""/>
  <member type="way" ref="186413488" role=""/>
  <member type="way" ref="877757468" role=""/>
  <member type="way" ref="229637763" role=""/>
  <member type="way" ref="904193093" role=""/>
  <member type="way" ref="1502895344" role=""/>
  <member type="way" ref="1368398821" role=""/>
  <member type="way" ref="1368398826" role=""/>
  <member type="way" ref="1368398820" role=""/>
  <member type="way" ref="1368398822" role=""/>
  <member type="way" ref="223929679" role=""/>
  <member type="way" ref="877933794" role=""/>
  <member type="way" ref="193057487" role=""/>
  <member type="way" ref="879653706" role=""/>
  <member type="way" ref="193057472" role=""/>
  <member type="way" ref="877434973" role=""/>
  <member type="way" ref="45715688" role=""/>
  <member type="way" ref="42702605" role=""/>
  <member type="way" ref="877434975" role=""/>
  <member type="way" ref="877933793" role=""/>
  <member type="way" ref="1360242818" role=""/>
  <member type="way" ref="1360242819" role=""/>
  <member type="way" ref="45531619" role=""/>
  <member type="way" ref="879832321" role=""/>
  <member type="way" ref="877434976" role=""/>
  <member type="way" ref="877757469" role=""/>
  <member type="way" ref="7687864" role=""/>
  <member type="way" ref="1119947791" role=""/>
  <member type="way" ref="1206873718" role=""/>
  <member type="way" ref="1206873712" role=""/>
  <member type="way" ref="1206873715" role=""/>
  <member type="way" ref="1531496252" role=""/>
  <member type="way" ref="1531496247" role=""/>
  <member type="way" ref="1317319995" role=""/>
  <member type="way" ref="484557813" role=""/>
  <member type="way" ref="1370781747" role=""/>
  <member type="way" ref="484557816" role=""/>
  <tag k="from" v="Citadel"/>
  <tag k="name" v="Galley Rd - Tutt Blvd"/>
  <tag k="network" v="Mountain Metropolitan Transit"/>
  <tag k="network:short" v="MMT"/>
  <tag k="network:wikidata" v="Q6925119"/>
  <tag k="operator" v="Mountain Metropolitan Transit"/>
  <tag k="ref" v="23"/>
  <tag k="route" v="bus"/>
  <tag k="to" v="Morning Sun"/>
  <tag k="type" v="route"/>
 </relation>
 <relation id="14322228" visible="true" version="1" changeset="123203672" timestamp="2022-07-04T18:42:49Z" user="b-jazz" uid="5800005">
  <member type="way" ref="993339716" role="inner"/>
  <member type="way" ref="993536924" role="outer"/>
  <tag k="golf" v="rough"/>
  <tag k="landuse" v="grass"/>
  <tag k="type" v="multipolygon"/>
 </relation>
 <relation id="14322229" visible="true" version="1" changeset="123203672" timestamp="2022-07-04T18:42:49Z" user="b-jazz" uid="5800005">
  <member type="way" ref="993339717" role="inner"/>
  <member type="way" ref="993536923" role="outer"/>
  <tag k="golf" v="rough"/>
  <tag k="landuse" v="grass"/>
  <tag k="type" v="multipolygon"/>
 </relation>
 <relation id="14322230" visible="true" version="1" changeset="123203672" timestamp="2022-07-04T18:42:49Z" user="b-jazz" uid="5800005">
  <member type="way" ref="904916411" role="outer"/>
  <member type="way" ref="904916412" role="inner"/>
  <tag k="golf" v="fairway"/>
  <tag k="landuse" v="grass"/>
  <tag k="type" v="multipolygon"/>
 </relation>
 <relation id="14322231" visible="true" version="1" changeset="123203672" timestamp="2022-07-04T18:42:49Z" user="b-jazz" uid="5800005">
  <member type="way" ref="904917965" role="outer"/>
  <member type="way" ref="993538012" role="inner"/>
  <tag k="golf" v="fairway"/>
  <tag k="landuse" v="grass"/>
  <tag k="type" v="multipolygon"/>
 </relation>
 <relation id="14322232" visible="true" version="1" changeset="123203672" timestamp="2022-07-04T18:42:49Z" user="b-jazz" uid="5800005">
  <member type="way" ref="904909486" role="outer"/>
  <member type="way" ref="904909487" role="inner"/>
  <tag k="golf" v="fairway"/>
  <tag k="landuse" v="grass"/>
  <tag k="type" v="multipolygon"/>
 </relation>
 <relation id="14322233" visible="true" version="1" changeset="123203672" timestamp="2022-07-04T18:42:49Z" user="b-jazz" uid="5800005">
  <member type="way" ref="993341269" role="outer"/>
  <member type="way" ref="904907489" role="inner"/>
  <tag k="golf" v="fairway"/>
  <tag k="landuse" v="grass"/>
  <tag k="type" v="multipolygon"/>
 </relation>
 <relation id="14322234" visible="true" version="1" changeset="123203672" timestamp="2022-07-04T18:42:49Z" user="b-jazz" uid="5800005">
  <member type="way" ref="905667795" role="outer"/>
  <member type="way" ref="993536919" role="inner"/>
  <tag k="golf" v="fairway"/>
  <tag k="landuse" v="grass"/>
  <tag k="type" v="multipolygon"/>
 </relation>
 <relation id="14322237" visible="true" version="1" changeset="123203672" timestamp="2022-07-04T18:42:49Z" user="b-jazz" uid="5800005">
  <member type="way" ref="993536916" role="outer"/>
  <member type="way" ref="993536915" role="inner"/>
  <tag k="golf" v="fairway"/>
  <tag k="landuse" v="grass"/>
  <tag k="type" v="multipolygon"/>
 </relation>
 <relation id="14322239" visible="true" version="1" changeset="123203672" timestamp="2022-07-04T18:42:49Z" user="b-jazz" uid="5800005">
  <member type="way" ref="904916082" role="outer"/>
  <member type="way" ref="904916083" role="inner"/>
  <tag k="golf" v="fairway"/>
  <tag k="landuse" v="grass"/>
  <tag k="type" v="multipolygon"/>
 </relation>
 <relation id="14322240" visible="true" version="1" changeset="123203672" timestamp="2022-07-04T18:42:49Z" user="b-jazz" uid="5800005">
  <member type="way" ref="993536922" role="outer"/>
  <member type="way" ref="993536923" role="inner"/>
  <member type="way" ref="993536924" role="inner"/>
  <tag k="golf" v="fairway"/>
  <tag k="landuse" v="grass"/>
  <tag k="type" v="multipolygon"/>
 </relation>
 <relation id="19767877" visible="true" version="1" changeset="173908803" timestamp="2025-10-29T03:11:40Z" user="b-jazz" uid="5800005">
  <member type="way" ref="904917965" role="outer"/>
  <member type="way" ref="993538012" role="inner"/>
  <tag k="golf" v="fairway"/>
  <tag k="surface" v="grass"/>
  <tag k="type" v="multipolygon"/>
 </relation>
</osm>
