<?xml version="1.0" encoding="UTF-8"?>
<osm version="0.6" generator="openstreetmap-cgimap 2.1.0 (2579445 spike-08.openstreetmap.org)" copyright="OpenStreetMap and contributors" attribution="http://www.openstreetmap.org/copyright" license="http://opendatacommons.org/licenses/odbl/1-0/">
 <bounds minlat="38.9069810" minlon="-119.7742680" maxlat="38.9151790" maxlon="-119.7549250"/>
 <node id="137134540" visible="true" version="3" changeset="21319234" timestamp="2014-03-26T07:12:01Z" user="n76" uid="318696" lat="38.9142417" lon="-119.7515495"/>
 <node id="137135457" visible="true" version="4" changeset="78422067" timestamp="2019-12-15T04:20:39Z" user="btwhite92" uid="730573" lat="38.9106125" lon="-119.7743708"/>
 <node id="137136588" visible="true" version="4" changeset="21319234" timestamp="2014-03-26T07:12:02Z" user="n76" uid="318696" lat="38.9141894" lon="-119.7468736"/>
 <node id="137137602" visible="true" version="5" changeset="19927414" timestamp="2014-01-11T00:41:06Z" user="woodpeck_repair" uid="145231" lat="38.9081982" lon="-119.7633310"/>
 <node id="137137605" visible="true" version="5" changeset="19927414" timestamp="2014-01-11T00:41:06Z" user="woodpeck_repair" uid="145231" lat="38.9087793" lon="-119.7635456"/>
 <node id="137137607" visible="true" version="4" changeset="21319234" timestamp="2014-03-26T07:12:02Z" user="n76" uid="318696" lat="38.9106567" lon="-119.7636399"/>
 <node id="137138619" visible="true" version="2" changeset="3014059" timestamp="2009-11-02T07:36:03Z" user="woodpeck_fixbot" uid="147510" lat="38.9150630" lon="-119.7697990"/>
 <node id="137138622" visible="true" version="2" changeset="3014059" timestamp="2009-11-02T07:36:03Z" user="woodpeck_fixbot" uid="147510" lat="38.9169710" lon="-119.7698180"/>
 <node id="137143491" visible="true" version="2" changeset="3014059" timestamp="2009-11-02T07:37:42Z" user="woodpeck_fixbot" uid="147510" lat="38.9029670" lon="-119.7654150"/>
 <node id="137146668" visible="true" version="4" changeset="21319234" timestamp="2014-03-26T07:12:02Z" user="n76" uid="318696" lat="38.9106761" lon="-119.7593476"/>
 <node id="137146670" visible="true" version="4" changeset="21319234" timestamp="2014-03-26T07:12:02Z" user="n76" uid="318696" lat="38.9089245" lon="-119.7593414"/>
 <node id="137151874" visible="true" version="3" changeset="96471836" timestamp="2020-12-27T04:16:24Z" user="larz86" uid="8127210" lat="38.9053369" lon="-119.7654794"/>
 <node id="137151876" visible="true" version="2" changeset="3014059" timestamp="2009-11-02T07:40:24Z" user="woodpeck_fixbot" uid="147510" lat="38.9066500" lon="-119.7665840"/>
 <node id="137151878" visible="true" version="3" changeset="122479735" timestamp="2022-06-16T19:59:52Z" user="beddy" uid="3207726" lat="38.9068272" lon="-119.7667546"/>
 <node id="137151881" visible="true" version="3" changeset="122479735" timestamp="2022-06-16T19:59:52Z" user="beddy" uid="3207726" lat="38.9081119" lon="-119.7677720"/>
 <node id="137151884" visible="true" version="3" changeset="21319234" timestamp="2014-03-26T07:12:02Z" user="n76" uid="318696" lat="38.9106310" lon="-119.7677120"/>
 <node id="137152398" visible="true" version="4" changeset="78422067" timestamp="2019-12-15T04:20:39Z" user="btwhite92" uid="730573" lat="38.9106146" lon="-119.7779167"/>
 <node id="137152402" visible="true" version="4" changeset="21319234" timestamp="2014-03-26T07:12:02Z" user="n76" uid="318696" lat="38.9106718" lon="-119.7617306"/>
 <node id="137152404" visible="true" version="5" changeset="21319234" timestamp="2014-03-26T07:12:02Z" user="n76" uid="318696" lat="38.9106777" lon="-119.7561191"/>
 <node id="137152405" visible="true" version="4" changeset="21319234" timestamp="2014-03-26T07:12:02Z" user="n76" uid="318696" lat="38.9132724" lon="-119.7561844"/>
 <node id="137152408" visible="true" version="4" changeset="21319234" timestamp="2014-03-26T07:12:02Z" user="n76" uid="318696" lat="38.9135067" lon="-119.7561737"/>
 <node id="137152412" visible="true" version="4" changeset="21319234" timestamp="2014-03-26T07:12:02Z" user="n76" uid="318696" lat="38.9137070" lon="-119.7561351"/>
 <node id="137152415" visible="true" version="4" changeset="21319234" timestamp="2014-03-26T07:12:02Z" user="n76" uid="318696" lat="38.9139077" lon="-119.7560106"/>
 <node id="137152418" visible="true" version="4" changeset="21319234" timestamp="2014-03-26T07:12:02Z" user="n76" uid="318696" lat="38.9142814" lon="-119.7549909"/>
 <node id="137155240" visible="true" version="2" changeset="3014059" timestamp="2009-11-02T07:41:16Z" user="woodpeck_fixbot" uid="147510" lat="38.9121180" lon="-119.7697710"/>
 <node id="137155242" visible="true" version="2" changeset="3014059" timestamp="2009-11-02T07:41:17Z" user="woodpeck_fixbot" uid="147510" lat="38.9152090" lon="-119.7696720"/>
 <node id="137155246" visible="true" version="2" changeset="3014059" timestamp="2009-11-02T07:41:17Z" user="woodpeck_fixbot" uid="147510" lat="38.9155800" lon="-119.7693610"/>
 <node id="137155249" visible="true" version="2" changeset="3014059" timestamp="2009-11-02T07:41:17Z" user="woodpeck_fixbot" uid="147510" lat="38.9158220" lon="-119.7692470"/>
 <node id="137155252" visible="true" version="2" changeset="3014059" timestamp="2009-11-02T07:41:17Z" user="woodpeck_fixbot" uid="147510" lat="38.9162640" lon="-119.7693200"/>
 <node id="137155255" visible="true" version="2" changeset="3014059" timestamp="2009-11-02T07:41:17Z" user="woodpeck_fixbot" uid="147510" lat="38.9166670" lon="-119.7694950"/>
 <node id="137155258" visible="true" version="3" changeset="3014059" timestamp="2009-11-02T07:41:17Z" user="woodpeck_fixbot" uid="147510" lat="38.9177485" lon="-119.7700258"/>
 <node id="137166141" visible="true" version="3" changeset="15878521" timestamp="2013-04-27T01:26:40Z" user="jfire" uid="67236" lat="38.9064365" lon="-119.7617273"/>
 <node id="137171236" visible="true" version="5" changeset="21319234" timestamp="2014-03-26T07:12:03Z" user="n76" uid="318696" lat="38.9106778" lon="-119.7560197"/>
 <node id="137171242" visible="true" version="3" changeset="3014059" timestamp="2009-11-02T07:46:30Z" user="woodpeck_fixbot" uid="147510" lat="38.9106627" lon="-119.7530914"/>
 <node id="137179376" visible="true" version="2" changeset="3014059" timestamp="2009-11-02T07:48:55Z" user="woodpeck_fixbot" uid="147510" lat="38.9073930" lon="-119.7559890"/>
 <node id="137179378" visible="true" version="2" changeset="3014059" timestamp="2009-11-02T07:48:55Z" user="woodpeck_fixbot" uid="147510" lat="38.9081130" lon="-119.7559990"/>
 <node id="351962752" visible="true" version="1" changeset="659390" timestamp="2009-02-25T00:32:09Z" user="Speight" uid="24452" lat="38.9082116" lon="-119.7593398"/>
 <node id="351962753" visible="true" version="1" changeset="659390" timestamp="2009-02-25T00:32:09Z" user="Speight" uid="24452" lat="38.9078910" lon="-119.7593742"/>
 <node id="351962755" visible="true" version="1" changeset="659390" timestamp="2009-02-25T00:32:09Z" user="Speight" uid="24452" lat="38.9077040" lon="-119.7593398"/>
 <node id="351962756" visible="true" version="1" changeset="659390" timestamp="2009-02-25T00:32:09Z" user="Speight" uid="24452" lat="38.9075437" lon="-119.7592025"/>
 <node id="351962757" visible="true" version="1" changeset="659390" timestamp="2009-02-25T00:32:09Z" user="Speight" uid="24452" lat="38.9074502" lon="-119.7589965"/>
 <node id="351962758" visible="true" version="1" changeset="659390" timestamp="2009-02-25T00:32:09Z" user="Speight" uid="24452" lat="38.9074636" lon="-119.7587562"/>
 <node id="351962761" visible="true" version="1" changeset="659390" timestamp="2009-02-25T00:32:09Z" user="Speight" uid="24452" lat="38.9075103" lon="-119.7584644"/>
 <node id="351962762" visible="true" version="1" changeset="659390" timestamp="2009-02-25T00:32:09Z" user="Speight" uid="24452" lat="38.9075304" lon="-119.7581640"/>
 <node id="351962763" visible="true" version="2" changeset="121086800" timestamp="2022-05-17T08:28:10Z" user="anap_telenav" uid="12764456" lat="38.9075370" lon="-119.7577949">
  <tag k="highway" v="turning_circle"/>
 </node>
 <node id="351971904" visible="true" version="4" changeset="21319234" timestamp="2014-03-26T07:12:03Z" user="n76" uid="318696" lat="38.9140546" lon="-119.7558453"/>
 <node id="351971905" visible="true" version="4" changeset="21319234" timestamp="2014-03-26T07:12:03Z" user="n76" uid="318696" lat="38.9141728" lon="-119.7556150"/>
 <node id="351971906" visible="true" version="4" changeset="21319234" timestamp="2014-03-26T07:12:03Z" user="n76" uid="318696" lat="38.9142313" lon="-119.7554412"/>
 <node id="351971907" visible="true" version="4" changeset="21319234" timestamp="2014-03-26T07:12:03Z" user="n76" uid="318696" lat="38.9142661" lon="-119.7552393"/>
 <node id="351972414" visible="true" version="3" changeset="660959" timestamp="2009-02-25T01:42:34Z" user="Speight" uid="24452" lat="38.9104156" lon="-119.7519756"/>
 <node id="351972419" visible="true" version="2" changeset="660959" timestamp="2009-02-25T01:42:34Z" user="Speight" uid="24452" lat="38.9105959" lon="-119.7525678"/>
 <node id="351972424" visible="true" version="4" changeset="660959" timestamp="2009-02-25T01:43:45Z" user="Speight" uid="24452" lat="38.9106427" lon="-119.7527738"/>
 <node id="439798642" visible="true" version="1" changeset="1792458" timestamp="2009-07-10T21:35:17Z" user="TIGERcnl" uid="120146" lat="38.9301510" lon="-119.7472270"/>
 <node id="439799645" visible="true" version="1" changeset="1792458" timestamp="2009-07-10T21:37:07Z" user="TIGERcnl" uid="120146" lat="38.8974050" lon="-119.7791450"/>
 <node id="439799648" visible="true" version="1" changeset="1792458" timestamp="2009-07-10T21:37:07Z" user="TIGERcnl" uid="120146" lat="38.9106630" lon="-119.7595530"/>
 <node id="439799650" visible="true" version="1" changeset="1792458" timestamp="2009-07-10T21:37:07Z" user="TIGERcnl" uid="120146" lat="38.9106610" lon="-119.7601650"/>
 <node id="439799651" visible="true" version="1" changeset="1792458" timestamp="2009-07-10T21:37:07Z" user="TIGERcnl" uid="120146" lat="38.9106550" lon="-119.7617190"/>
 <node id="439799652" visible="true" version="1" changeset="1792458" timestamp="2009-07-10T21:37:07Z" user="TIGERcnl" uid="120146" lat="38.9106530" lon="-119.7619350"/>
 <node id="439799653" visible="true" version="1" changeset="1792458" timestamp="2009-07-10T21:37:07Z" user="TIGERcnl" uid="120146" lat="38.9106460" lon="-119.7625830"/>
 <node id="439799654" visible="true" version="1" changeset="1792458" timestamp="2009-07-10T21:37:07Z" user="TIGERcnl" uid="120146" lat="38.9106450" lon="-119.7628000"/>
 <node id="439799655" visible="true" version="1" changeset="1792458" timestamp="2009-07-10T21:37:07Z" user="TIGERcnl" uid="120146" lat="38.9106610" lon="-119.7603700"/>
 <node id="439799656" visible="true" version="1" changeset="1792458" timestamp="2009-07-10T21:37:07Z" user="TIGERcnl" uid="120146" lat="38.9106600" lon="-119.7606390"/>
 <node id="439799657" visible="true" version="1" changeset="1792458" timestamp="2009-07-10T21:37:07Z" user="TIGERcnl" uid="120146" lat="38.9106600" lon="-119.7606980"/>
 <node id="439799658" visible="true" version="1" changeset="1792458" timestamp="2009-07-10T21:37:07Z" user="TIGERcnl" uid="120146" lat="38.9106560" lon="-119.7614490"/>
 <node id="439800170" visible="true" version="1" changeset="1792458" timestamp="2009-07-10T21:38:12Z" user="TIGERcnl" uid="120146" lat="38.9300750" lon="-119.7471920"/>
 <node id="439800173" visible="true" version="1" changeset="1792458" timestamp="2009-07-10T21:38:12Z" user="TIGERcnl" uid="120146" lat="38.9293790" lon="-119.7470160"/>
 <node id="439800175" visible="true" version="1" changeset="1792458" timestamp="2009-07-10T21:38:12Z" user="TIGERcnl" uid="120146" lat="38.9296470" lon="-119.7470450"/>
 <node id="439800176" visible="true" version="1" changeset="1792458" timestamp="2009-07-10T21:38:12Z" user="TIGERcnl" uid="120146" lat="38.9297460" lon="-119.7470770"/>
 <node id="439800178" visible="true" version="1" changeset="1792458" timestamp="2009-07-10T21:38:12Z" user="TIGERcnl" uid="120146" lat="38.9299990" lon="-119.7471580"/>
 <node id="439800179" visible="true" version="1" changeset="1792458" timestamp="2009-07-10T21:38:13Z" user="TIGERcnl" uid="120146" lat="38.9280270" lon="-119.7469940"/>
 <node id="439800181" visible="true" version="1" changeset="1792458" timestamp="2009-07-10T21:38:13Z" user="TIGERcnl" uid="120146" lat="38.9280390" lon="-119.7469940"/>
 <node id="439800182" visible="true" version="1" changeset="1792458" timestamp="2009-07-10T21:38:13Z" user="TIGERcnl" uid="120146" lat="38.9142510" lon="-119.7551970"/>
 <node id="439800183" visible="true" version="1" changeset="1792458" timestamp="2009-07-10T21:38:13Z" user="TIGERcnl" uid="120146" lat="38.9142620" lon="-119.7548510"/>
 <node id="439800200" visible="true" version="1" changeset="1792458" timestamp="2009-07-10T21:38:14Z" user="TIGERcnl" uid="120146" lat="38.9226990" lon="-119.7468060"/>
 <node id="439800202" visible="true" version="1" changeset="1792458" timestamp="2009-07-10T21:38:14Z" user="TIGERcnl" uid="120146" lat="38.9216390" lon="-119.7468960"/>
 <node id="439800203" visible="true" version="1" changeset="1792458" timestamp="2009-07-10T21:38:15Z" user="TIGERcnl" uid="120146" lat="38.9188430" lon="-119.7468920"/>
 <node id="439800204" visible="true" version="1" changeset="1792458" timestamp="2009-07-10T21:38:15Z" user="TIGERcnl" uid="120146" lat="38.9185400" lon="-119.7468890"/>
 <node id="439800205" visible="true" version="1" changeset="1792458" timestamp="2009-07-10T21:38:15Z" user="TIGERcnl" uid="120146" lat="38.9175080" lon="-119.7468830"/>
 <node id="439800206" visible="true" version="1" changeset="1792458" timestamp="2009-07-10T21:38:15Z" user="TIGERcnl" uid="120146" lat="38.9172970" lon="-119.7468820"/>
 <node id="439800207" visible="true" version="1" changeset="1792458" timestamp="2009-07-10T21:38:15Z" user="TIGERcnl" uid="120146" lat="38.9171420" lon="-119.7468820"/>
 <node id="439800208" visible="true" version="1" changeset="1792458" timestamp="2009-07-10T21:38:15Z" user="TIGERcnl" uid="120146" lat="38.9160440" lon="-119.7468860"/>
 <node id="439800209" visible="true" version="1" changeset="1792458" timestamp="2009-07-10T21:38:15Z" user="TIGERcnl" uid="120146" lat="38.9156790" lon="-119.7468880"/>
 <node id="439800210" visible="true" version="1" changeset="1792458" timestamp="2009-07-10T21:38:15Z" user="TIGERcnl" uid="120146" lat="38.9154730" lon="-119.7468880"/>
 <node id="439800274" visible="true" version="1" changeset="1792458" timestamp="2009-07-10T21:38:17Z" user="TIGERcnl" uid="120146" lat="38.9105860" lon="-119.7744550"/>
 <node id="439800275" visible="true" version="1" changeset="1792458" timestamp="2009-07-10T21:38:17Z" user="TIGERcnl" uid="120146" lat="38.9105870" lon="-119.7743330"/>
 <node id="439800276" visible="true" version="1" changeset="1792458" timestamp="2009-07-10T21:38:17Z" user="TIGERcnl" uid="120146" lat="38.9105560" lon="-119.7781090"/>
 <node id="439800278" visible="true" version="1" changeset="1792458" timestamp="2009-07-10T21:38:17Z" user="TIGERcnl" uid="120146" lat="38.9106040" lon="-119.7690750"/>
 <node id="439800279" visible="true" version="1" changeset="1792458" timestamp="2009-07-10T21:38:17Z" user="TIGERcnl" uid="120146" lat="38.9106010" lon="-119.7677310"/>
 <node id="439800280" visible="true" version="1" changeset="1792458" timestamp="2009-07-10T21:38:17Z" user="TIGERcnl" uid="120146" lat="38.9105920" lon="-119.7731100"/>
 <node id="439800281" visible="true" version="1" changeset="1792458" timestamp="2009-07-10T21:38:17Z" user="TIGERcnl" uid="120146" lat="38.9106060" lon="-119.7698290"/>
 <node id="439800282" visible="true" version="1" changeset="1792458" timestamp="2009-07-10T21:38:17Z" user="TIGERcnl" uid="120146" lat="38.8668400" lon="-119.7636870"/>
 <node id="439800283" visible="true" version="1" changeset="1792458" timestamp="2009-07-10T21:38:17Z" user="TIGERcnl" uid="120146" lat="38.8668290" lon="-119.7629730"/>
 <node id="439800284" visible="true" version="1" changeset="1792458" timestamp="2009-07-10T21:38:17Z" user="TIGERcnl" uid="120146" lat="38.9106090" lon="-119.7667440"/>
 <node id="439800285" visible="true" version="1" changeset="1792458" timestamp="2009-07-10T21:38:17Z" user="TIGERcnl" uid="120146" lat="38.8668220" lon="-119.7627350"/>
 <node id="439800286" visible="true" version="1" changeset="1792458" timestamp="2009-07-10T21:38:17Z" user="TIGERcnl" uid="120146" lat="38.8669020" lon="-119.7651590"/>
 <node id="439800287" visible="true" version="1" changeset="1792458" timestamp="2009-07-10T21:38:17Z" user="TIGERcnl" uid="120146" lat="38.8668960" lon="-119.7650670"/>
 <node id="439800288" visible="true" version="1" changeset="1792458" timestamp="2009-07-10T21:38:17Z" user="TIGERcnl" uid="120146" lat="38.8668470" lon="-119.7641580"/>
 <node id="439800289" visible="true" version="1" changeset="1792458" timestamp="2009-07-10T21:38:17Z" user="TIGERcnl" uid="120146" lat="38.8668440" lon="-119.7639260"/>
 <node id="439800301" visible="true" version="1" changeset="1792458" timestamp="2009-07-10T21:38:18Z" user="TIGERcnl" uid="120146" lat="38.8669350" lon="-119.7673450"/>
 <node id="439800326" visible="true" version="1" changeset="1792458" timestamp="2009-07-10T21:38:18Z" user="TIGERcnl" uid="120146" lat="38.9106350" lon="-119.7637860"/>
 <node id="439800363" visible="true" version="1" changeset="1792458" timestamp="2009-07-10T21:38:20Z" user="TIGERcnl" uid="120146" lat="38.8669600" lon="-119.7771810"/>
 <node id="439800364" visible="true" version="1" changeset="1792458" timestamp="2009-07-10T21:38:20Z" user="TIGERcnl" uid="120146" lat="38.8669590" lon="-119.7771880"/>
 <node id="439800365" visible="true" version="1" changeset="1792458" timestamp="2009-07-10T21:38:20Z" user="TIGERcnl" uid="120146" lat="38.8669690" lon="-119.7696390"/>
 <node id="439800366" visible="true" version="1" changeset="1792458" timestamp="2009-07-10T21:38:20Z" user="TIGERcnl" uid="120146" lat="38.8669660" lon="-119.7715260"/>
 <node id="439800367" visible="true" version="1" changeset="1792458" timestamp="2009-07-10T21:38:20Z" user="TIGERcnl" uid="120146" lat="38.8707780" lon="-119.7790620"/>
 <node id="439800368" visible="true" version="1" changeset="1792458" timestamp="2009-07-10T21:38:20Z" user="TIGERcnl" uid="120146" lat="38.8771910" lon="-119.7790710"/>
 <node id="439800369" visible="true" version="1" changeset="1792458" timestamp="2009-07-10T21:38:20Z" user="TIGERcnl" uid="120146" lat="38.8669280" lon="-119.7790750"/>
 <node id="439800373" visible="true" version="1" changeset="1792458" timestamp="2009-07-10T21:38:20Z" user="TIGERcnl" uid="120146" lat="38.8797580" lon="-119.7790750"/>
 <node id="439800374" visible="true" version="1" changeset="1792458" timestamp="2009-07-10T21:38:20Z" user="TIGERcnl" uid="120146" lat="38.8801140" lon="-119.7790750"/>
 <node id="439800381" visible="true" version="1" changeset="1792458" timestamp="2009-07-10T21:38:20Z" user="TIGERcnl" uid="120146" lat="38.9142350" lon="-119.7553390"/>
 <node id="439800382" visible="true" version="1" changeset="1792458" timestamp="2009-07-10T21:38:20Z" user="TIGERcnl" uid="120146" lat="38.9142040" lon="-119.7554780"/>
 <node id="439800383" visible="true" version="1" changeset="1792458" timestamp="2009-07-10T21:38:20Z" user="TIGERcnl" uid="120146" lat="38.9140470" lon="-119.7558170"/>
 <node id="439800384" visible="true" version="1" changeset="1792458" timestamp="2009-07-10T21:38:20Z" user="TIGERcnl" uid="120146" lat="38.9139660" lon="-119.7559190"/>
 <node id="439800385" visible="true" version="1" changeset="1792458" timestamp="2009-07-10T21:38:20Z" user="TIGERcnl" uid="120146" lat="38.9141590" lon="-119.7556100"/>
 <node id="439800386" visible="true" version="1" changeset="1792458" timestamp="2009-07-10T21:38:20Z" user="TIGERcnl" uid="120146" lat="38.9141070" lon="-119.7557180"/>
 <node id="439800387" visible="true" version="1" changeset="1792458" timestamp="2009-07-10T21:38:20Z" user="TIGERcnl" uid="120146" lat="38.9136850" lon="-119.7561200"/>
 <node id="439800388" visible="true" version="1" changeset="1792458" timestamp="2009-07-10T21:38:21Z" user="TIGERcnl" uid="120146" lat="38.9135900" lon="-119.7561520"/>
 <node id="439800389" visible="true" version="1" changeset="1792458" timestamp="2009-07-10T21:38:21Z" user="TIGERcnl" uid="120146" lat="38.9138760" lon="-119.7560050"/>
 <node id="439800390" visible="true" version="1" changeset="1792458" timestamp="2009-07-10T21:38:21Z" user="TIGERcnl" uid="120146" lat="38.9137770" lon="-119.7560740"/>
 <node id="439800433" visible="true" version="1" changeset="1792458" timestamp="2009-07-10T21:38:23Z" user="TIGERcnl" uid="120146" lat="38.9088740" lon="-119.7791520"/>
 <node id="439800435" visible="true" version="1" changeset="1792458" timestamp="2009-07-10T21:38:23Z" user="TIGERcnl" uid="120146" lat="38.9101800" lon="-119.7791670"/>
 <node id="439800436" visible="true" version="1" changeset="1792458" timestamp="2009-07-10T21:38:23Z" user="TIGERcnl" uid="120146" lat="38.9092160" lon="-119.7791540"/>
 <node id="439800437" visible="true" version="1" changeset="1792458" timestamp="2009-07-10T21:38:23Z" user="TIGERcnl" uid="120146" lat="38.9105010" lon="-119.7786600"/>
 <node id="439800438" visible="true" version="1" changeset="1792458" timestamp="2009-07-10T21:38:23Z" user="TIGERcnl" uid="120146" lat="38.9104240" lon="-119.7791800"/>
 <node id="439800439" visible="true" version="1" changeset="1792458" timestamp="2009-07-10T21:38:23Z" user="TIGERcnl" uid="120146" lat="38.9105410" lon="-119.7783050"/>
 <node id="439800440" visible="true" version="1" changeset="1792458" timestamp="2009-07-10T21:38:23Z" user="TIGERcnl" uid="120146" lat="38.9105370" lon="-119.7783900"/>
 <node id="439800441" visible="true" version="1" changeset="1792458" timestamp="2009-07-10T21:38:23Z" user="TIGERcnl" uid="120146" lat="38.9105510" lon="-119.7782060"/>
 <node id="439800442" visible="true" version="1" changeset="1792458" timestamp="2009-07-10T21:38:23Z" user="TIGERcnl" uid="120146" lat="38.9105470" lon="-119.7782410"/>
 <node id="439800445" visible="true" version="1" changeset="1792458" timestamp="2009-07-10T21:38:23Z" user="TIGERcnl" uid="120146" lat="38.8890540" lon="-119.7790940"/>
 <node id="439800446" visible="true" version="1" changeset="1792458" timestamp="2009-07-10T21:38:23Z" user="TIGERcnl" uid="120146" lat="38.8891250" lon="-119.7790940"/>
 <node id="439800447" visible="true" version="1" changeset="1792458" timestamp="2009-07-10T21:38:24Z" user="TIGERcnl" uid="120146" lat="38.8891700" lon="-119.7790940"/>
 <node id="439800448" visible="true" version="1" changeset="1792458" timestamp="2009-07-10T21:38:24Z" user="TIGERcnl" uid="120146" lat="38.8895200" lon="-119.7790960"/>
 <node id="439800449" visible="true" version="1" changeset="1792458" timestamp="2009-07-10T21:38:24Z" user="TIGERcnl" uid="120146" lat="38.8896370" lon="-119.7790970"/>
 <node id="439800450" visible="true" version="1" changeset="1792458" timestamp="2009-07-10T21:38:24Z" user="TIGERcnl" uid="120146" lat="38.8911350" lon="-119.7791060"/>
 <node id="439800451" visible="true" version="1" changeset="1792458" timestamp="2009-07-10T21:38:24Z" user="TIGERcnl" uid="120146" lat="38.8956320" lon="-119.7791340"/>
 <node id="439800452" visible="true" version="1" changeset="1792458" timestamp="2009-07-10T21:38:25Z" user="TIGERcnl" uid="120146" lat="38.8971310" lon="-119.7791440"/>
 <node id="439800453" visible="true" version="1" changeset="1792458" timestamp="2009-07-10T21:38:25Z" user="TIGERcnl" uid="120146" lat="38.8982270" lon="-119.7791500"/>
 <node id="439800469" visible="true" version="1" changeset="1792458" timestamp="2009-07-10T21:38:26Z" user="TIGERcnl" uid="120146" lat="38.8669030" lon="-119.7569080"/>
 <node id="439800470" visible="true" version="1" changeset="1792458" timestamp="2009-07-10T21:38:26Z" user="TIGERcnl" uid="120146" lat="38.8669350" lon="-119.7567070"/>
 <node id="439800475" visible="true" version="1" changeset="1792458" timestamp="2009-07-10T21:38:27Z" user="TIGERcnl" uid="120146" lat="38.8669390" lon="-119.7566860"/>
 <node id="439800476" visible="true" version="1" changeset="1792458" timestamp="2009-07-10T21:38:27Z" user="TIGERcnl" uid="120146" lat="38.8669540" lon="-119.7566210"/>
 <node id="439800500" visible="true" version="1" changeset="1792458" timestamp="2009-07-10T21:38:28Z" user="TIGERcnl" uid="120146" lat="38.9284580" lon="-119.7469970"/>
 <node id="439800501" visible="true" version="1" changeset="1792458" timestamp="2009-07-10T21:38:28Z" user="TIGERcnl" uid="120146" lat="38.9291680" lon="-119.7470040"/>
 <node id="439800868" visible="true" version="1" changeset="1792458" timestamp="2009-07-10T21:39:29Z" user="TIGERcnl" uid="120146" lat="38.8815380" lon="-119.7790780"/>
 <node id="439800870" visible="true" version="1" changeset="1792458" timestamp="2009-07-10T21:39:29Z" user="TIGERcnl" uid="120146" lat="38.8811820" lon="-119.7790770"/>
 <node id="439800872" visible="true" version="1" changeset="1792458" timestamp="2009-07-10T21:39:29Z" user="TIGERcnl" uid="120146" lat="38.8869930" lon="-119.7790850"/>
 <node id="439800874" visible="true" version="1" changeset="1792458" timestamp="2009-07-10T21:39:29Z" user="TIGERcnl" uid="120146" lat="38.8829010" lon="-119.7790790"/>
 <node id="439800876" visible="true" version="1" changeset="1792458" timestamp="2009-07-10T21:39:29Z" user="TIGERcnl" uid="120146" lat="38.8883570" lon="-119.7790900"/>
 <node id="439800878" visible="true" version="1" changeset="1792458" timestamp="2009-07-10T21:39:29Z" user="TIGERcnl" uid="120146" lat="38.8879370" lon="-119.7790870"/>
 <node id="439800880" visible="true" version="1" changeset="1792458" timestamp="2009-07-10T21:39:29Z" user="TIGERcnl" uid="120146" lat="38.8888980" lon="-119.7790930"/>
 <node id="439800883" visible="true" version="1" changeset="1792458" timestamp="2009-07-10T21:39:29Z" user="TIGERcnl" uid="120146" lat="38.8884960" lon="-119.7790900"/>
 <node id="439800885" visible="true" version="1" changeset="1792458" timestamp="2009-07-10T21:39:29Z" user="TIGERcnl" uid="120146" lat="38.8889760" lon="-119.7790940"/>
 <node id="439800887" visible="true" version="1" changeset="1792458" timestamp="2009-07-10T21:39:29Z" user="TIGERcnl" uid="120146" lat="38.8889140" lon="-119.7790930"/>
 <node id="439800953" visible="true" version="1" changeset="1792458" timestamp="2009-07-10T21:39:31Z" user="TIGERcnl" uid="120146" lat="38.9142270" lon="-119.7515250"/>
 <node id="439800954" visible="true" version="1" changeset="1792458" timestamp="2009-07-10T21:39:31Z" user="TIGERcnl" uid="120146" lat="38.9142160" lon="-119.7505980"/>
 <node id="439800956" visible="true" version="1" changeset="1792458" timestamp="2009-07-10T21:39:31Z" user="TIGERcnl" uid="120146" lat="38.9142450" lon="-119.7532970"/>
 <node id="439800957" visible="true" version="1" changeset="1792458" timestamp="2009-07-10T21:39:31Z" user="TIGERcnl" uid="120146" lat="38.9142420" lon="-119.7530050"/>
 <node id="439800958" visible="true" version="1" changeset="1792458" timestamp="2009-07-10T21:39:32Z" user="TIGERcnl" uid="120146" lat="38.9142670" lon="-119.7468920"/>
 <node id="439800960" visible="true" version="1" changeset="1792458" timestamp="2009-07-10T21:39:32Z" user="TIGERcnl" uid="120146" lat="38.9145550" lon="-119.7468910"/>
 <node id="439800962" visible="true" version="1" changeset="1792458" timestamp="2009-07-10T21:39:32Z" user="TIGERcnl" uid="120146" lat="38.9141830" lon="-119.7478190"/>
 <node id="439800963" visible="true" version="1" changeset="1792458" timestamp="2009-07-10T21:39:32Z" user="TIGERcnl" uid="120146" lat="38.9141720" lon="-119.7468930"/>
 <node id="439800965" visible="true" version="1" changeset="1792458" timestamp="2009-07-10T21:39:32Z" user="TIGERcnl" uid="120146" lat="38.9146510" lon="-119.7468910"/>
 <node id="439800966" visible="true" version="1" changeset="1792458" timestamp="2009-07-10T21:39:32Z" user="TIGERcnl" uid="120146" lat="38.9148560" lon="-119.7468900"/>
 <node id="439801002" visible="true" version="1" changeset="1792458" timestamp="2009-07-10T21:39:33Z" user="TIGERcnl" uid="120146" lat="38.9125790" lon="-119.7561530"/>
 <node id="439801003" visible="true" version="1" changeset="1792458" timestamp="2009-07-10T21:39:33Z" user="TIGERcnl" uid="120146" lat="38.9134780" lon="-119.7561700"/>
 <node id="439801005" visible="true" version="1" changeset="1792458" timestamp="2009-07-10T21:39:33Z" user="TIGERcnl" uid="120146" lat="38.9106720" lon="-119.7569360"/>
 <node id="439801006" visible="true" version="1" changeset="1792458" timestamp="2009-07-10T21:39:33Z" user="TIGERcnl" uid="120146" lat="38.9107570" lon="-119.7567740"/>
 <node id="439801007" visible="true" version="1" changeset="1792458" timestamp="2009-07-10T21:39:33Z" user="TIGERcnl" uid="120146" lat="38.9110130" lon="-119.7562870"/>
 <node id="439801008" visible="true" version="1" changeset="1792458" timestamp="2009-07-10T21:39:33Z" user="TIGERcnl" uid="120146" lat="38.9110990" lon="-119.7561260"/>
 <node id="439801009" visible="true" version="1" changeset="1792458" timestamp="2009-07-10T21:39:33Z" user="TIGERcnl" uid="120146" lat="38.9106650" lon="-119.7593500"/>
 <node id="439801010" visible="true" version="1" changeset="1792458" timestamp="2009-07-10T21:39:33Z" user="TIGERcnl" uid="120146" lat="38.9106660" lon="-119.7589970"/>
 <node id="439801011" visible="true" version="1" changeset="1792458" timestamp="2009-07-10T21:39:33Z" user="TIGERcnl" uid="120146" lat="38.9106660" lon="-119.7588670"/>
 <node id="439801012" visible="true" version="1" changeset="1792458" timestamp="2009-07-10T21:39:33Z" user="TIGERcnl" uid="120146" lat="38.9106700" lon="-119.7574180"/>
 <node id="439801022" visible="true" version="1" changeset="1792458" timestamp="2009-07-10T21:39:33Z" user="TIGERcnl" uid="120146" lat="38.9042250" lon="-119.7791350"/>
 <node id="439801023" visible="true" version="1" changeset="1792458" timestamp="2009-07-10T21:39:33Z" user="TIGERcnl" uid="120146" lat="38.9031790" lon="-119.7791320"/>
 <node id="439801025" visible="true" version="1" changeset="1792458" timestamp="2009-07-10T21:39:33Z" user="TIGERcnl" uid="120146" lat="38.9026760" lon="-119.7791350"/>
 <node id="439801027" visible="true" version="1" changeset="1792458" timestamp="2009-07-10T21:39:33Z" user="TIGERcnl" uid="120146" lat="38.9020620" lon="-119.7791390"/>
 <node id="439801029" visible="true" version="1" changeset="1792458" timestamp="2009-07-10T21:39:33Z" user="TIGERcnl" uid="120146" lat="38.9017350" lon="-119.7791420"/>
 <node id="439801031" visible="true" version="1" changeset="1792458" timestamp="2009-07-10T21:39:33Z" user="TIGERcnl" uid="120146" lat="38.9002210" lon="-119.7791460"/>
 <node id="439801033" visible="true" version="1" changeset="1792458" timestamp="2009-07-10T21:39:33Z" user="TIGERcnl" uid="120146" lat="38.8996080" lon="-119.7791490"/>
 <node id="439801035" visible="true" version="1" changeset="1792458" timestamp="2009-07-10T21:39:33Z" user="TIGERcnl" uid="120146" lat="38.8993860" lon="-119.7791490"/>
 <node id="439801037" visible="true" version="1" changeset="1792458" timestamp="2009-07-10T21:39:33Z" user="TIGERcnl" uid="120146" lat="38.8987220" lon="-119.7791510"/>
 <node id="439801039" visible="true" version="1" changeset="1792458" timestamp="2009-07-10T21:39:33Z" user="TIGERcnl" uid="120146" lat="38.8985010" lon="-119.7791520"/>
 <node id="439801097" visible="true" version="1" changeset="1792458" timestamp="2009-07-10T21:39:35Z" user="TIGERcnl" uid="120146" lat="38.9233180" lon="-119.7469010"/>
 <node id="439801098" visible="true" version="1" changeset="1792458" timestamp="2009-07-10T21:39:35Z" user="TIGERcnl" uid="120146" lat="38.9242070" lon="-119.7469080"/>
 <node id="439801100" visible="true" version="1" changeset="1792458" timestamp="2009-07-10T21:39:35Z" user="TIGERcnl" uid="120146" lat="38.9246420" lon="-119.7469370"/>
 <node id="439801101" visible="true" version="1" changeset="1792458" timestamp="2009-07-10T21:39:35Z" user="TIGERcnl" uid="120146" lat="38.9250830" lon="-119.7469670"/>
 <node id="439801102" visible="true" version="1" changeset="1792458" timestamp="2009-07-10T21:39:35Z" user="TIGERcnl" uid="120146" lat="38.9251820" lon="-119.7469620"/>
 <node id="439801104" visible="true" version="1" changeset="1792458" timestamp="2009-07-10T21:39:35Z" user="TIGERcnl" uid="120146" lat="38.9253560" lon="-119.7469630"/>
 <node id="439801106" visible="true" version="1" changeset="1792458" timestamp="2009-07-10T21:39:35Z" user="TIGERcnl" uid="120146" lat="38.9261770" lon="-119.7469720"/>
 <node id="439801107" visible="true" version="1" changeset="1792458" timestamp="2009-07-10T21:39:35Z" user="TIGERcnl" uid="120146" lat="38.9264510" lon="-119.7469760"/>
 <node id="439801108" visible="true" version="1" changeset="1792458" timestamp="2009-07-10T21:39:35Z" user="TIGERcnl" uid="120146" lat="38.9267660" lon="-119.7469790"/>
 <node id="439801110" visible="true" version="1" changeset="1792458" timestamp="2009-07-10T21:39:35Z" user="TIGERcnl" uid="120146" lat="38.9277110" lon="-119.7469900"/>
 <node id="439801157" visible="true" version="1" changeset="1792458" timestamp="2009-07-10T21:39:36Z" user="TIGERcnl" uid="120146" lat="38.8668450" lon="-119.7610830"/>
 <node id="439801159" visible="true" version="1" changeset="1792458" timestamp="2009-07-10T21:39:36Z" user="TIGERcnl" uid="120146" lat="38.8668270" lon="-119.7623220"/>
 <node id="439801160" visible="true" version="1" changeset="1792458" timestamp="2009-07-10T21:39:36Z" user="TIGERcnl" uid="120146" lat="38.8668420" lon="-119.7599480"/>
 <node id="439801163" visible="true" version="2" changeset="81634563" timestamp="2020-03-01T03:09:06Z" user="larz86" uid="8127210" lat="38.8668431" lon="-119.7605326"/>
 <node id="439801164" visible="true" version="1" changeset="1792458" timestamp="2009-07-10T21:39:36Z" user="TIGERcnl" uid="120146" lat="38.8668450" lon="-119.7606710"/>
 <node id="439801167" visible="true" version="1" changeset="1792458" timestamp="2009-07-10T21:39:36Z" user="TIGERcnl" uid="120146" lat="38.8668470" lon="-119.7609820"/>
 <node id="439801171" visible="true" version="1" changeset="1792458" timestamp="2009-07-10T21:39:36Z" user="TIGERcnl" uid="120146" lat="38.8668960" lon="-119.7569700"/>
 <node id="439801173" visible="true" version="1" changeset="1792458" timestamp="2009-07-10T21:39:37Z" user="TIGERcnl" uid="120146" lat="38.8668870" lon="-119.7570580"/>
 <node id="439801175" visible="true" version="1" changeset="1792458" timestamp="2009-07-10T21:39:37Z" user="TIGERcnl" uid="120146" lat="38.8668750" lon="-119.7571770"/>
 <node id="439801177" visible="true" version="1" changeset="1792458" timestamp="2009-07-10T21:39:37Z" user="TIGERcnl" uid="120146" lat="38.8668670" lon="-119.7577800"/>
 <node id="439801232" visible="true" version="1" changeset="1792458" timestamp="2009-07-10T21:39:38Z" user="TIGERcnl" uid="120146" lat="38.8669520" lon="-119.7684960"/>
 <node id="439801239" visible="true" version="1" changeset="1792458" timestamp="2009-07-10T21:39:38Z" user="TIGERcnl" uid="120146" lat="38.8668280" lon="-119.7628410"/>
 <node id="1757660097" visible="true" version="1" changeset="11637715" timestamp="2012-05-18T21:26:07Z" user="MissingCSAA" uid="63936" lat="38.9447928" lon="-119.7789589"/>
 <node id="1757660357" visible="true" version="1" changeset="11637715" timestamp="2012-05-18T21:26:16Z" user="MissingCSAA" uid="63936" lat="38.9112071" lon="-119.7782723"/>
 <node id="1757660487" visible="true" version="1" changeset="11637715" timestamp="2012-05-18T21:26:21Z" user="MissingCSAA" uid="63936" lat="38.9114075" lon="-119.7629944"/>
 <node id="1757660489" visible="true" version="2" changeset="96471836" timestamp="2020-12-27T04:16:24Z" user="larz86" uid="8127210" lat="38.9146720" lon="-119.7561144"/>
 <node id="1757660568" visible="true" version="1" changeset="11637715" timestamp="2012-05-18T21:26:24Z" user="MissingCSAA" uid="63936" lat="38.9345118" lon="-119.7546688"/>
 <node id="1757660640" visible="true" version="1" changeset="11637715" timestamp="2012-05-18T21:26:26Z" user="MissingCSAA" uid="63936" lat="38.9294375" lon="-119.7478024"/>
 <node id="1757660658" visible="true" version="2" changeset="96471836" timestamp="2020-12-27T04:16:24Z" user="larz86" uid="8127210" lat="38.9158707" lon="-119.7486679"/>
 <node id="1757660668" visible="true" version="1" changeset="11637715" timestamp="2012-05-18T21:26:27Z" user="MissingCSAA" uid="63936" lat="38.9374127" lon="-119.7640887"/>
 <node id="1757660679" visible="true" version="1" changeset="11637715" timestamp="2012-05-18T21:26:27Z" user="MissingCSAA" uid="63936" lat="38.9381838" lon="-119.7715775"/>
 <node id="1757660700" visible="true" version="1" changeset="11637715" timestamp="2012-05-18T21:26:28Z" user="MissingCSAA" uid="63936" lat="38.9306694" lon="-119.7521583"/>
 <node id="2282697969" visible="true" version="1" changeset="15878538" timestamp="2013-04-27T01:29:35Z" user="jfire" uid="67236" lat="38.9112703" lon="-119.7617350"/>
 <node id="2282697972" visible="true" version="1" changeset="15878538" timestamp="2013-04-27T01:29:35Z" user="jfire" uid="67236" lat="38.9115041" lon="-119.7616804"/>
 <node id="2282697974" visible="true" version="1" changeset="15878538" timestamp="2013-04-27T01:29:35Z" user="jfire" uid="67236" lat="38.9117166" lon="-119.7615166"/>
 <node id="2282697976" visible="true" version="1" changeset="15878538" timestamp="2013-04-27T01:29:35Z" user="jfire" uid="67236" lat="38.9123116" lon="-119.7608338"/>
 <node id="2282697977" visible="true" version="1" changeset="15878538" timestamp="2013-04-27T01:29:35Z" user="jfire" uid="67236" lat="38.9125241" lon="-119.7604719"/>
 <node id="2282697978" visible="true" version="1" changeset="15878538" timestamp="2013-04-27T01:29:35Z" user="jfire" uid="67236" lat="38.9127048" lon="-119.7600691"/>
 <node id="2282697979" visible="true" version="1" changeset="15878538" timestamp="2013-04-27T01:29:35Z" user="jfire" uid="67236" lat="38.9128217" lon="-119.7595843"/>
 <node id="2282697980" visible="true" version="1" changeset="15878538" timestamp="2013-04-27T01:29:35Z" user="jfire" uid="67236" lat="38.9128907" lon="-119.7591883"/>
 <node id="2282697981" visible="true" version="1" changeset="15878538" timestamp="2013-04-27T01:29:35Z" user="jfire" uid="67236" lat="38.9130129" lon="-119.7588947"/>
 <node id="2282697982" visible="true" version="1" changeset="15878538" timestamp="2013-04-27T01:29:35Z" user="jfire" uid="67236" lat="38.9136611" lon="-119.7578569"/>
 <node id="2282697983" visible="true" version="1" changeset="15878538" timestamp="2013-04-27T01:29:35Z" user="jfire" uid="67236" lat="38.9137514" lon="-119.7575837"/>
 <node id="2282697984" visible="true" version="1" changeset="15878538" timestamp="2013-04-27T01:29:35Z" user="jfire" uid="67236" lat="38.9137195" lon="-119.7572901"/>
 <node id="2282697985" visible="true" version="1" changeset="15878538" timestamp="2013-04-27T01:29:35Z" user="jfire" uid="67236" lat="38.9136292" lon="-119.7570921"/>
 <node id="2282697986" visible="true" version="1" changeset="15878538" timestamp="2013-04-27T01:29:35Z" user="jfire" uid="67236" lat="38.9134964" lon="-119.7569692"/>
 <node id="2282697987" visible="true" version="1" changeset="15878538" timestamp="2013-04-27T01:29:35Z" user="jfire" uid="67236" lat="38.9133157" lon="-119.7568668"/>
 <node id="2282697988" visible="true" version="1" changeset="15878538" timestamp="2013-04-27T01:29:35Z" user="jfire" uid="67236" lat="38.9113394" lon="-119.7568600"/>
 <node id="2282697989" visible="true" version="2" changeset="96471836" timestamp="2020-12-27T04:16:24Z" user="larz86" uid="8127210" lat="38.9112549" lon="-119.7568916"/>
 <node id="2282697991" visible="true" version="1" changeset="15878538" timestamp="2013-04-27T01:29:35Z" user="jfire" uid="67236" lat="38.9111800" lon="-119.7569965"/>
 <node id="2282697994" visible="true" version="1" changeset="15878538" timestamp="2013-04-27T01:29:35Z" user="jfire" uid="67236" lat="38.9111800" lon="-119.7582256"/>
 <node id="2282697996" visible="true" version="1" changeset="15878538" timestamp="2013-04-27T01:29:35Z" user="jfire" uid="67236" lat="38.9112172" lon="-119.7583894"/>
 <node id="2282697998" visible="true" version="1" changeset="15878538" timestamp="2013-04-27T01:29:35Z" user="jfire" uid="67236" lat="38.9118760" lon="-119.7598437"/>
 <node id="2282697999" visible="true" version="1" changeset="15878538" timestamp="2013-04-27T01:29:35Z" user="jfire" uid="67236" lat="38.9133728" lon="-119.7583184"/>
 <node id="2282698000" visible="true" version="1" changeset="15878538" timestamp="2013-04-27T01:29:35Z" user="jfire" uid="67236" lat="38.9130342" lon="-119.7579593"/>
 <node id="2282698001" visible="true" version="1" changeset="15878538" timestamp="2013-04-27T01:29:35Z" user="jfire" uid="67236" lat="38.9128748" lon="-119.7578569"/>
 <node id="2282698002" visible="true" version="1" changeset="15878538" timestamp="2013-04-27T01:29:35Z" user="jfire" uid="67236" lat="38.9127048" lon="-119.7578500"/>
 <node id="2282698003" visible="true" version="1" changeset="15878538" timestamp="2013-04-27T01:29:35Z" user="jfire" uid="67236" lat="38.9125560" lon="-119.7579115"/>
 <node id="2282698004" visible="true" version="1" changeset="15878538" timestamp="2013-04-27T01:29:35Z" user="jfire" uid="67236" lat="38.9123223" lon="-119.7581846"/>
 <node id="2282698005" visible="true" version="1" changeset="15878538" timestamp="2013-04-27T01:29:35Z" user="jfire" uid="67236" lat="38.9122266" lon="-119.7582938"/>
 <node id="2282698006" visible="true" version="1" changeset="15878538" timestamp="2013-04-27T01:29:35Z" user="jfire" uid="67236" lat="38.9120513" lon="-119.7584714"/>
 <node id="2282698007" visible="true" version="1" changeset="15878538" timestamp="2013-04-27T01:29:35Z" user="jfire" uid="67236" lat="38.9114643" lon="-119.7589349"/>
 <node id="2282698008" visible="true" version="1" changeset="15878538" timestamp="2013-04-27T01:29:35Z" user="jfire" uid="67236" lat="38.9110153" lon="-119.7592702"/>
 <node id="2282698009" visible="true" version="1" changeset="15878538" timestamp="2013-04-27T01:29:35Z" user="jfire" uid="67236" lat="38.9108878" lon="-119.7593248"/>
 <node id="2282698010" visible="true" version="1" changeset="15878538" timestamp="2013-04-27T01:29:35Z" user="jfire" uid="67236" lat="38.9120407" lon="-119.7579866"/>
 <node id="2282698011" visible="true" version="1" changeset="15878538" timestamp="2013-04-27T01:29:36Z" user="jfire" uid="67236" lat="38.9119822" lon="-119.7577613"/>
 <node id="2282698012" visible="true" version="1" changeset="15878538" timestamp="2013-04-27T01:29:36Z" user="jfire" uid="67236" lat="38.9119821" lon="-119.7568622"/>
 <node id="2282698013" visible="true" version="1" changeset="15878538" timestamp="2013-04-27T01:29:36Z" user="jfire" uid="67236" lat="38.9127635" lon="-119.7598254"/>
 <node id="2282698014" visible="true" version="1" changeset="15878538" timestamp="2013-04-27T01:29:36Z" user="jfire" uid="67236" lat="38.9123435" lon="-119.7596389"/>
 <node id="2282698015" visible="true" version="1" changeset="15878538" timestamp="2013-04-27T01:29:36Z" user="jfire" uid="67236" lat="38.9121841" lon="-119.7596321"/>
 <node id="2282698016" visible="true" version="1" changeset="15878538" timestamp="2013-04-27T01:29:36Z" user="jfire" uid="67236" lat="38.9113606" lon="-119.7602534"/>
 <node id="2282698017" visible="true" version="1" changeset="15878538" timestamp="2013-04-27T01:29:36Z" user="jfire" uid="67236" lat="38.9112756" lon="-119.7604241">
  <tag k="highway" v="turning_circle"/>
 </node>
 <node id="2744207839" visible="true" version="2" changeset="78422067" timestamp="2019-12-15T04:20:39Z" user="btwhite92" uid="730573" lat="38.9105708" lon="-119.7785014"/>
 <node id="2744207843" visible="true" version="1" changeset="21319234" timestamp="2014-03-26T07:11:53Z" user="n76" uid="318696" lat="38.9106775" lon="-119.7559555">
  <tag k="highway" v="stop"/>
 </node>
 <node id="2744207848" visible="true" version="1" changeset="21319234" timestamp="2014-03-26T07:11:53Z" user="n76" uid="318696" lat="38.9106777" lon="-119.7561676">
  <tag k="highway" v="stop"/>
 </node>
 <node id="2744207851" visible="true" version="1" changeset="21319234" timestamp="2014-03-26T07:11:53Z" user="n76" uid="318696" lat="38.9107707" lon="-119.7561201">
  <tag k="highway" v="stop"/>
 </node>
 <node id="2744207868" visible="true" version="2" changeset="143500319" timestamp="2023-11-01T22:35:29Z" user="Joseph R P" uid="10944197" lat="38.9141922" lon="-119.7471200">
  <tag k="direction" v="forward"/>
  <tag k="highway" v="stop"/>
 </node>
 <node id="4580491324" visible="true" version="2" changeset="78422067" timestamp="2019-12-15T04:20:39Z" user="btwhite92" uid="730573" lat="38.9104953" lon="-119.7788717"/>
 <node id="4933531412" visible="true" version="1" changeset="49786081" timestamp="2017-06-24T04:18:25Z" user="btwhite92" uid="730573" lat="38.9040754" lon="-119.7791346"/>
 <node id="4933531445" visible="true" version="1" changeset="49786081" timestamp="2017-06-24T04:18:25Z" user="btwhite92" uid="730573" lat="38.9017918" lon="-119.7789864">
  <tag k="barrier" v="gate"/>
 </node>
 <node id="4933531467" visible="true" version="1" changeset="49786081" timestamp="2017-06-24T04:18:26Z" user="btwhite92" uid="730573" lat="38.9028714" lon="-119.7791334"/>
 <node id="4933531527" visible="true" version="1" changeset="49786081" timestamp="2017-06-24T04:18:27Z" user="btwhite92" uid="730573" lat="38.9057578" lon="-119.7698897"/>
 <node id="4933531528" visible="true" version="1" changeset="49786081" timestamp="2017-06-24T04:18:27Z" user="btwhite92" uid="730573" lat="38.9079410" lon="-119.7702375"/>
 <node id="4933531529" visible="true" version="1" changeset="49786081" timestamp="2017-06-24T04:18:27Z" user="btwhite92" uid="730573" lat="38.9082081" lon="-119.7702563"/>
 <node id="4933531530" visible="true" version="1" changeset="49786081" timestamp="2017-06-24T04:18:27Z" user="btwhite92" uid="730573" lat="38.9068995" lon="-119.7698933"/>
 <node id="4933531531" visible="true" version="1" changeset="49786081" timestamp="2017-06-24T04:18:27Z" user="btwhite92" uid="730573" lat="38.9068995" lon="-119.7701865"/>
 <node id="4933531532" visible="true" version="1" changeset="49786081" timestamp="2017-06-24T04:18:27Z" user="btwhite92" uid="730573" lat="38.9075256" lon="-119.7702375"/>
 <node id="4933531533" visible="true" version="1" changeset="49786081" timestamp="2017-06-24T04:18:27Z" user="btwhite92" uid="730573" lat="38.9075256" lon="-119.7698953"/>
 <node id="4933531534" visible="true" version="1" changeset="49786081" timestamp="2017-06-24T04:18:27Z" user="btwhite92" uid="730573" lat="38.9105975" lon="-119.7730015"/>
 <node id="4933531535" visible="true" version="1" changeset="49786081" timestamp="2017-06-24T04:18:27Z" user="btwhite92" uid="730573" lat="38.9104815" lon="-119.7730009">
  <tag k="barrier" v="gate"/>
 </node>
 <node id="4933531536" visible="true" version="1" changeset="49786081" timestamp="2017-06-24T04:18:27Z" user="btwhite92" uid="730573" lat="38.9104184" lon="-119.7730029"/>
 <node id="4933531537" visible="true" version="1" changeset="49786081" timestamp="2017-06-24T04:18:27Z" user="btwhite92" uid="730573" lat="38.9102139" lon="-119.7730216"/>
 <node id="4933531538" visible="true" version="1" changeset="49786081" timestamp="2017-06-24T04:18:27Z" user="btwhite92" uid="730573" lat="38.9090973" lon="-119.7730216"/>
 <node id="4933531539" visible="true" version="1" changeset="49786081" timestamp="2017-06-24T04:18:27Z" user="btwhite92" uid="730573" lat="38.9088886" lon="-119.7730029"/>
 <node id="4933531540" visible="true" version="1" changeset="49786081" timestamp="2017-06-24T04:18:27Z" user="btwhite92" uid="730573" lat="38.9087988" lon="-119.7729760"/>
 <node id="4933531541" visible="true" version="1" changeset="49786081" timestamp="2017-06-24T04:18:27Z" user="btwhite92" uid="730573" lat="38.9087258" lon="-119.7729009"/>
 <node id="4933531542" visible="true" version="1" changeset="49786081" timestamp="2017-06-24T04:18:27Z" user="btwhite92" uid="730573" lat="38.9086402" lon="-119.7727051"/>
 <node id="4933531543" visible="true" version="1" changeset="49786081" timestamp="2017-06-24T04:18:27Z" user="btwhite92" uid="730573" lat="38.9085755" lon="-119.7725764"/>
 <node id="4933531544" visible="true" version="1" changeset="49786081" timestamp="2017-06-24T04:18:27Z" user="btwhite92" uid="730573" lat="38.9084502" lon="-119.7724396"/>
 <node id="4933531545" visible="true" version="1" changeset="49786081" timestamp="2017-06-24T04:18:27Z" user="btwhite92" uid="730573" lat="38.9105113" lon="-119.7731088"/>
 <node id="4933531546" visible="true" version="1" changeset="49786081" timestamp="2017-06-24T04:18:27Z" user="btwhite92" uid="730573" lat="38.9105102" lon="-119.7730699"/>
 <node id="4933531547" visible="true" version="1" changeset="49786081" timestamp="2017-06-24T04:18:27Z" user="btwhite92" uid="730573" lat="38.9104842" lon="-119.7730686"/>
 <node id="4933531548" visible="true" version="1" changeset="49786081" timestamp="2017-06-24T04:18:27Z" user="btwhite92" uid="730573" lat="38.9104831" lon="-119.7731034"/>
 <node id="4933531549" visible="true" version="1" changeset="49786081" timestamp="2017-06-24T04:18:27Z" user="btwhite92" uid="730573" lat="38.9088685" lon="-119.7730900"/>
 <node id="4933531550" visible="true" version="1" changeset="49786081" timestamp="2017-06-24T04:18:27Z" user="btwhite92" uid="730573" lat="38.9091679" lon="-119.7706164"/>
 <node id="4933531551" visible="true" version="1" changeset="49786081" timestamp="2017-06-24T04:18:27Z" user="btwhite92" uid="730573" lat="38.9091735" lon="-119.7719134"/>
 <node id="4933531552" visible="true" version="1" changeset="49786081" timestamp="2017-06-24T04:18:27Z" user="btwhite92" uid="730573" lat="38.9088562" lon="-119.7715947"/>
 <node id="4933531553" visible="true" version="1" changeset="49786081" timestamp="2017-06-24T04:18:27Z" user="btwhite92" uid="730573" lat="38.9088583" lon="-119.7713546"/>
 <node id="4933531554" visible="true" version="1" changeset="49786081" timestamp="2017-06-24T04:18:27Z" user="btwhite92" uid="730573" lat="38.9089835" lon="-119.7713533"/>
 <node id="4933531555" visible="true" version="1" changeset="49786081" timestamp="2017-06-24T04:18:27Z" user="btwhite92" uid="730573" lat="38.9089762" lon="-119.7706318"/>
 <node id="4933531556" visible="true" version="1" changeset="49786081" timestamp="2017-06-24T04:18:27Z" user="btwhite92" uid="730573" lat="38.9094093" lon="-119.7705969"/>
 <node id="4933531557" visible="true" version="1" changeset="49786081" timestamp="2017-06-24T04:18:27Z" user="btwhite92" uid="730573" lat="38.9103777" lon="-119.7725254"/>
 <node id="4933531558" visible="true" version="1" changeset="49786081" timestamp="2017-06-24T04:18:27Z" user="btwhite92" uid="730573" lat="38.9104184" lon="-119.7726998"/>
 <node id="4933531559" visible="true" version="1" changeset="49786081" timestamp="2017-06-24T04:18:27Z" user="btwhite92" uid="730573" lat="38.9104320" lon="-119.7728366"/>
 <node id="4933531560" visible="true" version="1" changeset="49786081" timestamp="2017-06-24T04:18:27Z" user="btwhite92" uid="730573" lat="38.9104852" lon="-119.7706546"/>
 <node id="4933531561" visible="true" version="1" changeset="49786081" timestamp="2017-06-24T04:18:27Z" user="btwhite92" uid="730573" lat="38.9104883" lon="-119.7707029"/>
 <node id="4933531562" visible="true" version="1" changeset="49786081" timestamp="2017-06-24T04:18:27Z" user="btwhite92" uid="730573" lat="38.9105040" lon="-119.7707230"/>
 <node id="4933531563" visible="true" version="1" changeset="49786081" timestamp="2017-06-24T04:18:27Z" user="btwhite92" uid="730573" lat="38.9105301" lon="-119.7707284"/>
 <node id="4933531564" visible="true" version="1" changeset="49786081" timestamp="2017-06-24T04:18:27Z" user="btwhite92" uid="730573" lat="38.9105113" lon="-119.7729559"/>
 <node id="4933531565" visible="true" version="1" changeset="49786081" timestamp="2017-06-24T04:18:27Z" user="btwhite92" uid="730573" lat="38.9104821" lon="-119.7729559"/>
 <node id="4933531566" visible="true" version="1" changeset="49786081" timestamp="2017-06-24T04:18:27Z" user="btwhite92" uid="730573" lat="38.9104831" lon="-119.7729211"/>
 <node id="4933531567" visible="true" version="1" changeset="49786081" timestamp="2017-06-24T04:18:27Z" user="btwhite92" uid="730573" lat="38.9104320" lon="-119.7729197"/>
 <node id="4933531568" visible="true" version="1" changeset="49786081" timestamp="2017-06-24T04:18:27Z" user="btwhite92" uid="730573" lat="38.9088604" lon="-119.7729157"/>
 <node id="4933531569" visible="true" version="1" changeset="49786081" timestamp="2017-06-24T04:18:27Z" user="btwhite92" uid="730573" lat="38.9100720" lon="-119.7718965"/>
 <node id="4933531570" visible="true" version="1" changeset="49786081" timestamp="2017-06-24T04:18:27Z" user="btwhite92" uid="730573" lat="38.9088614" lon="-119.7719193"/>
 <node id="4933531571" visible="true" version="1" changeset="49786081" timestamp="2017-06-24T04:18:27Z" user="btwhite92" uid="730573" lat="38.9088604" lon="-119.7729640"/>
 <node id="4933531572" visible="true" version="1" changeset="49786081" timestamp="2017-06-24T04:18:27Z" user="btwhite92" uid="730573" lat="38.9088635" lon="-119.7743480"/>
 <node id="4933531573" visible="true" version="1" changeset="49786081" timestamp="2017-06-24T04:18:27Z" user="btwhite92" uid="730573" lat="38.9088687" lon="-119.7730458"/>
 <node id="4933531591" visible="true" version="1" changeset="49786081" timestamp="2017-06-24T04:18:28Z" user="btwhite92" uid="730573" lat="38.9075220" lon="-119.7712085"/>
 <node id="4933531592" visible="true" version="1" changeset="49786081" timestamp="2017-06-24T04:18:28Z" user="btwhite92" uid="730573" lat="38.9080921" lon="-119.7711843"/>
 <node id="4933531593" visible="true" version="1" changeset="49786081" timestamp="2017-06-24T04:18:28Z" user="btwhite92" uid="730573" lat="38.9075191" lon="-119.7719313"/>
 <node id="4933531594" visible="true" version="1" changeset="49786081" timestamp="2017-06-24T04:18:28Z" user="btwhite92" uid="730573" lat="38.9104288" lon="-119.7730994"/>
 <node id="4933531595" visible="true" version="1" changeset="49786081" timestamp="2017-06-24T04:18:28Z" user="btwhite92" uid="730573" lat="38.9104288" lon="-119.7743493"/>
 <node id="4933531596" visible="true" version="1" changeset="49786081" timestamp="2017-06-24T04:18:28Z" user="btwhite92" uid="730573" lat="38.9096984" lon="-119.7743467"/>
 <node id="4933531597" visible="true" version="1" changeset="49786081" timestamp="2017-06-24T04:18:28Z" user="btwhite92" uid="730573" lat="38.9068410" lon="-119.7743601"/>
 <node id="4933531598" visible="true" version="1" changeset="49786081" timestamp="2017-06-24T04:18:28Z" user="btwhite92" uid="730573" lat="38.9068473" lon="-119.7730938"/>
 <node id="4933531599" visible="true" version="1" changeset="49786081" timestamp="2017-06-24T04:18:28Z" user="btwhite92" uid="730573" lat="38.9080224" lon="-119.7743493"/>
 <node id="4933531600" visible="true" version="1" changeset="49786081" timestamp="2017-06-24T04:18:28Z" user="btwhite92" uid="730573" lat="38.9080933" lon="-119.7719327"/>
 <node id="4933531601" visible="true" version="1" changeset="49786081" timestamp="2017-06-24T04:18:28Z" user="btwhite92" uid="730573" lat="38.9080913" lon="-119.7707042"/>
 <node id="4933531602" visible="true" version="1" changeset="49786081" timestamp="2017-06-24T04:18:28Z" user="btwhite92" uid="730573" lat="38.9077844" lon="-119.7706935"/>
 <node id="4933531603" visible="true" version="1" changeset="49786081" timestamp="2017-06-24T04:18:28Z" user="btwhite92" uid="730573" lat="38.9077865" lon="-119.7702992"/>
 <node id="4933531604" visible="true" version="1" changeset="49786081" timestamp="2017-06-24T04:18:28Z" user="btwhite92" uid="730573" lat="38.9068932" lon="-119.7729224"/>
 <node id="4933531605" visible="true" version="1" changeset="49786081" timestamp="2017-06-24T04:18:28Z" user="btwhite92" uid="730573" lat="38.9075152" lon="-119.7729238"/>
 <node id="4933531606" visible="true" version="1" changeset="49786081" timestamp="2017-06-24T04:18:28Z" user="btwhite92" uid="730573" lat="38.9075256" lon="-119.7702992"/>
 <node id="4933531607" visible="true" version="1" changeset="49786081" timestamp="2017-06-24T04:18:28Z" user="btwhite92" uid="730573" lat="38.9068995" lon="-119.7702616"/>
 <node id="4933531608" visible="true" version="1" changeset="49786081" timestamp="2017-06-24T04:18:28Z" user="btwhite92" uid="730573" lat="38.9057849" lon="-119.7729199"/>
 <node id="4933531609" visible="true" version="1" changeset="49786081" timestamp="2017-06-24T04:18:28Z" user="btwhite92" uid="730573" lat="38.9057974" lon="-119.7701946"/>
 <node id="4933531610" visible="true" version="1" changeset="49786081" timestamp="2017-06-24T04:18:28Z" user="btwhite92" uid="730573" lat="38.9046348" lon="-119.7729173"/>
 <node id="4933531611" visible="true" version="1" changeset="49786081" timestamp="2017-06-24T04:18:28Z" user="btwhite92" uid="730573" lat="38.9057452" lon="-119.7729198"/>
 <node id="4933531615" visible="true" version="1" changeset="49786081" timestamp="2017-06-24T04:18:28Z" user="btwhite92" uid="730573" lat="38.9033803" lon="-119.7729144"/>
 <node id="4933531616" visible="true" version="1" changeset="49786081" timestamp="2017-06-24T04:18:28Z" user="btwhite92" uid="730573" lat="38.9033027" lon="-119.7730728"/>
 <node id="4933531617" visible="true" version="1" changeset="49786081" timestamp="2017-06-24T04:18:28Z" user="btwhite92" uid="730573" lat="38.9033071" lon="-119.7729142"/>
 <node id="4933531618" visible="true" version="1" changeset="49786081" timestamp="2017-06-24T04:18:28Z" user="btwhite92" uid="730573" lat="38.9080704" lon="-119.7729251"/>
 <node id="4933531619" visible="true" version="1" changeset="49786081" timestamp="2017-06-24T04:18:28Z" user="btwhite92" uid="730573" lat="38.9080599" lon="-119.7731048"/>
 <node id="4933531620" visible="true" version="1" changeset="49786081" timestamp="2017-06-24T04:18:28Z" user="btwhite92" uid="730573" lat="38.9059936" lon="-119.7730860"/>
 <node id="4933531621" visible="true" version="1" changeset="49786081" timestamp="2017-06-24T04:18:28Z" user="btwhite92" uid="730573" lat="38.9037561" lon="-119.7730860"/>
 <node id="4933531622" visible="true" version="1" changeset="49786081" timestamp="2017-06-24T04:18:28Z" user="btwhite92" uid="730573" lat="38.9037477" lon="-119.7744378"/>
 <node id="4933531623" visible="true" version="1" changeset="49786081" timestamp="2017-06-24T04:18:28Z" user="btwhite92" uid="730573" lat="38.9032781" lon="-119.7744432"/>
 <node id="4933531624" visible="true" version="1" changeset="49786081" timestamp="2017-06-24T04:18:28Z" user="btwhite92" uid="730573" lat="38.9033261" lon="-119.7700095"/>
 <node id="4933531632" visible="true" version="1" changeset="49786081" timestamp="2017-06-24T04:18:28Z" user="btwhite92" uid="730573" lat="38.9032948" lon="-119.7733596"/>
 <node id="4933531642" visible="true" version="1" changeset="49786081" timestamp="2017-06-24T04:18:28Z" user="btwhite92" uid="730573" lat="38.8985418" lon="-119.7700496">
  <tag k="barrier" v="gate"/>
 </node>
 <node id="4933531644" visible="true" version="1" changeset="49786081" timestamp="2017-06-24T04:18:28Z" user="btwhite92" uid="730573" lat="38.9105311" lon="-119.7699049"/>
 <node id="4933531645" visible="true" version="1" changeset="49786081" timestamp="2017-06-24T04:18:28Z" user="btwhite92" uid="730573" lat="38.9054948" lon="-119.7698888"/>
 <node id="4933531646" visible="true" version="1" changeset="49786081" timestamp="2017-06-24T04:18:28Z" user="btwhite92" uid="730573" lat="38.9032118" lon="-119.7698593"/>
 <node id="4933531647" visible="true" version="1" changeset="49786081" timestamp="2017-06-24T04:18:28Z" user="btwhite92" uid="730573" lat="38.9007920" lon="-119.7698405"/>
 <node id="4933531648" visible="true" version="1" changeset="49786081" timestamp="2017-06-24T04:18:28Z" user="btwhite92" uid="730573" lat="38.8986858" lon="-119.7698325"/>
 <node id="4933531649" visible="true" version="1" changeset="49786081" timestamp="2017-06-24T04:18:28Z" user="btwhite92" uid="730573" lat="38.8985397" lon="-119.7698835"/>
 <node id="4933531659" visible="true" version="1" changeset="49786081" timestamp="2017-06-24T04:18:29Z" user="btwhite92" uid="730573" lat="38.8985761" lon="-119.7727239">
  <tag k="barrier" v="gate"/>
 </node>
 <node id="4933531662" visible="true" version="1" changeset="49786081" timestamp="2017-06-24T04:18:29Z" user="btwhite92" uid="730573" lat="38.9033125" lon="-119.7727186"/>
 <node id="4933531680" visible="true" version="1" changeset="49786081" timestamp="2017-06-24T04:18:29Z" user="btwhite92" uid="730573" lat="38.8986468" lon="-119.7762931">
  <tag k="barrier" v="gate"/>
 </node>
 <node id="4933531697" visible="true" version="1" changeset="49786081" timestamp="2017-06-24T04:18:29Z" user="btwhite92" uid="730573" lat="38.9011323" lon="-119.7789799"/>
 <node id="4933531700" visible="true" version="1" changeset="49786081" timestamp="2017-06-24T04:18:29Z" user="btwhite92" uid="730573" lat="38.8986423" lon="-119.7763330"/>
 <node id="4933531701" visible="true" version="1" changeset="49786081" timestamp="2017-06-24T04:18:29Z" user="btwhite92" uid="730573" lat="38.8985752" lon="-119.7726381"/>
 <node id="4933531702" visible="true" version="1" changeset="49786081" timestamp="2017-06-24T04:18:29Z" user="btwhite92" uid="730573" lat="38.8986107" lon="-119.7761974"/>
 <node id="4933531703" visible="true" version="1" changeset="49786081" timestamp="2017-06-24T04:18:29Z" user="btwhite92" uid="730573" lat="38.8986503" lon="-119.7762617"/>
 <node id="4933531704" visible="true" version="1" changeset="49786081" timestamp="2017-06-24T04:18:29Z" user="btwhite92" uid="730573" lat="38.8986357" lon="-119.7763905"/>
 <node id="4933531705" visible="true" version="1" changeset="49786081" timestamp="2017-06-24T04:18:29Z" user="btwhite92" uid="730573" lat="38.8987338" lon="-119.7764629"/>
 <node id="4933531706" visible="true" version="1" changeset="49786081" timestamp="2017-06-24T04:18:29Z" user="btwhite92" uid="730573" lat="38.8986984" lon="-119.7765246"/>
 <node id="4933531707" visible="true" version="1" changeset="49786081" timestamp="2017-06-24T04:18:29Z" user="btwhite92" uid="730573" lat="38.8986858" lon="-119.7765809"/>
 <node id="4933531708" visible="true" version="1" changeset="49786081" timestamp="2017-06-24T04:18:29Z" user="btwhite92" uid="730573" lat="38.8986942" lon="-119.7789681"/>
 <node id="4933531710" visible="true" version="1" changeset="49786081" timestamp="2017-06-24T04:18:29Z" user="btwhite92" uid="730573" lat="38.9018399" lon="-119.7789869"/>
 <node id="4933533803" visible="true" version="1" changeset="49786119" timestamp="2017-06-24T04:27:16Z" user="btwhite92" uid="730573" lat="38.9031674" lon="-119.7698590"/>
 <node id="6610695279" visible="true" version="1" changeset="72194355" timestamp="2019-07-12T18:46:09Z" user="MissingCSAA" uid="63936" lat="38.8960240" lon="-119.7190813"/>
 <node id="7057450315" visible="true" version="1" changeset="78422067" timestamp="2019-12-15T04:20:39Z" user="btwhite92" uid="730573" lat="38.9106000" lon="-119.7782305"/>
 <node id="7057450360" visible="true" version="1" changeset="78422067" timestamp="2019-12-15T04:20:39Z" user="btwhite92" uid="730573" lat="38.9106775" lon="-119.7565287"/>
 <node id="7057450361" visible="true" version="1" changeset="78422067" timestamp="2019-12-15T04:20:39Z" user="btwhite92" uid="730573" lat="38.9107795" lon="-119.7562766"/>
 <node id="7057450362" visible="true" version="1" changeset="78422067" timestamp="2019-12-15T04:20:39Z" user="btwhite92" uid="730573" lat="38.9108421" lon="-119.7562015"/>
 <node id="7057450363" visible="true" version="1" changeset="78422067" timestamp="2019-12-15T04:20:39Z" user="btwhite92" uid="730573" lat="38.9109801" lon="-119.7561255"/>
 <node id="7254372098" visible="true" version="1" changeset="81634563" timestamp="2020-03-01T03:09:06Z" user="larz86" uid="8127210" lat="38.8668472" lon="-119.7607666"/>
 <node id="8263172347" visible="true" version="1" changeset="96471836" timestamp="2020-12-27T04:16:24Z" user="larz86" uid="8127210" lat="38.9105923" lon="-119.7547021"/>
 <node id="8263172348" visible="true" version="1" changeset="96471836" timestamp="2020-12-27T04:16:24Z" user="larz86" uid="8127210" lat="38.9093111" lon="-119.7547183"/>
 <node id="8263172349" visible="true" version="1" changeset="96471836" timestamp="2020-12-27T04:16:24Z" user="larz86" uid="8127210" lat="38.9093111" lon="-119.7547831"/>
 <node id="8263172350" visible="true" version="1" changeset="96471836" timestamp="2020-12-27T04:16:24Z" user="larz86" uid="8127210" lat="38.9085948" lon="-119.7547530"/>
 <node id="8263172351" visible="true" version="1" changeset="96471836" timestamp="2020-12-27T04:16:24Z" user="larz86" uid="8127210" lat="38.9085966" lon="-119.7543992"/>
 <node id="8263172352" visible="true" version="1" changeset="96471836" timestamp="2020-12-27T04:16:24Z" user="larz86" uid="8127210" lat="38.9075943" lon="-119.7543714"/>
 <node id="8263172374" visible="true" version="1" changeset="96471836" timestamp="2020-12-27T04:16:24Z" user="larz86" uid="8127210" lat="38.9069504" lon="-119.7607306"/>
 <node id="8263172375" visible="true" version="1" changeset="96471836" timestamp="2020-12-27T04:16:24Z" user="larz86" uid="8127210" lat="38.9069535" lon="-119.7561010"/>
 <node id="8263172376" visible="true" version="1" changeset="96471836" timestamp="2020-12-27T04:16:24Z" user="larz86" uid="8127210" lat="38.9105797" lon="-119.7607768"/>
 <node id="8263172377" visible="true" version="1" changeset="96471836" timestamp="2020-12-27T04:16:24Z" user="larz86" uid="8127210" lat="38.9106064" lon="-119.7561138"/>
 <node id="8263172378" visible="true" version="1" changeset="96471836" timestamp="2020-12-27T04:16:24Z" user="larz86" uid="8127210" lat="38.9081064" lon="-119.7561057"/>
 <node id="8263172379" visible="true" version="1" changeset="96471836" timestamp="2020-12-27T04:16:24Z" user="larz86" uid="8127210" lat="38.9069513" lon="-119.7593751"/>
 <node id="8263172380" visible="true" version="1" changeset="96471836" timestamp="2020-12-27T04:16:24Z" user="larz86" uid="8127210" lat="38.9133357" lon="-119.7599839"/>
 <node id="8263172381" visible="true" version="1" changeset="96471836" timestamp="2020-12-27T04:16:24Z" user="larz86" uid="8127210" lat="38.9128211" lon="-119.7610452"/>
 <node id="8263172382" visible="true" version="1" changeset="96471836" timestamp="2020-12-27T04:16:24Z" user="larz86" uid="8127210" lat="38.9123774" lon="-119.7616603"/>
 <node id="8263172383" visible="true" version="1" changeset="96471836" timestamp="2020-12-27T04:16:24Z" user="larz86" uid="8127210" lat="38.9118376" lon="-119.7621510"/>
 <node id="8263172384" visible="true" version="1" changeset="96471836" timestamp="2020-12-27T04:16:24Z" user="larz86" uid="8127210" lat="38.9114855" lon="-119.7625584"/>
 <node id="8263172385" visible="true" version="1" changeset="96471836" timestamp="2020-12-27T04:16:24Z" user="larz86" uid="8127210" lat="38.9107809" lon="-119.7622031"/>
 <node id="8263172386" visible="true" version="1" changeset="96471836" timestamp="2020-12-27T04:16:24Z" user="larz86" uid="8127210" lat="38.9116086" lon="-119.7622384"/>
 <node id="8263172387" visible="true" version="1" changeset="96471836" timestamp="2020-12-27T04:16:24Z" user="larz86" uid="8127210" lat="38.9141792" lon="-119.7573662"/>
 <node id="8263172388" visible="true" version="1" changeset="96471836" timestamp="2020-12-27T04:16:24Z" user="larz86" uid="8127210" lat="38.9140567" lon="-119.7569020"/>
 <node id="8263172389" visible="true" version="1" changeset="96471836" timestamp="2020-12-27T04:16:24Z" user="larz86" uid="8127210" lat="38.9140410" lon="-119.7566275"/>
 <node id="8263172390" visible="true" version="1" changeset="96471836" timestamp="2020-12-27T04:16:24Z" user="larz86" uid="8127210" lat="38.9138118" lon="-119.7563975"/>
 <node id="8263172391" visible="true" version="1" changeset="96471836" timestamp="2020-12-27T04:16:24Z" user="larz86" uid="8127210" lat="38.9132810" lon="-119.7563975"/>
 <node id="8263172392" visible="true" version="1" changeset="96471836" timestamp="2020-12-27T04:16:24Z" user="larz86" uid="8127210" lat="38.9132873" lon="-119.7563652"/>
 <node id="8263172393" visible="true" version="1" changeset="96471836" timestamp="2020-12-27T04:16:24Z" user="larz86" uid="8127210" lat="38.9110103" lon="-119.7563289"/>
 <node id="8263172394" visible="true" version="1" changeset="96471836" timestamp="2020-12-27T04:16:24Z" user="larz86" uid="8127210" lat="38.9109492" lon="-119.7563427"/>
 <node id="8263172395" visible="true" version="1" changeset="96471836" timestamp="2020-12-27T04:16:24Z" user="larz86" uid="8127210" lat="38.9108988" lon="-119.7563821"/>
 <node id="8263172396" visible="true" version="1" changeset="96471836" timestamp="2020-12-27T04:16:24Z" user="larz86" uid="8127210" lat="38.9108664" lon="-119.7564237"/>
 <node id="8263172397" visible="true" version="1" changeset="96471836" timestamp="2020-12-27T04:16:24Z" user="larz86" uid="8127210" lat="38.9108376" lon="-119.7564746"/>
 <node id="8263172398" visible="true" version="1" changeset="96471836" timestamp="2020-12-27T04:16:24Z" user="larz86" uid="8127210" lat="38.9108196" lon="-119.7565393"/>
 <node id="8263172399" visible="true" version="1" changeset="96471836" timestamp="2020-12-27T04:16:24Z" user="larz86" uid="8127210" lat="38.9136367" lon="-119.7590402"/>
 <node id="8263172400" visible="true" version="1" changeset="96471836" timestamp="2020-12-27T04:16:24Z" user="larz86" uid="8127210" lat="38.9134832" lon="-119.7593995"/>
 <node id="8263172401" visible="true" version="1" changeset="96471836" timestamp="2020-12-27T04:16:24Z" user="larz86" uid="8127210" lat="38.9141604" lon="-119.7581169"/>
 <node id="8263172402" visible="true" version="1" changeset="96471836" timestamp="2020-12-27T04:16:24Z" user="larz86" uid="8127210" lat="38.9146774" lon="-119.7581334"/>
 <node id="8263172403" visible="true" version="1" changeset="96471836" timestamp="2020-12-27T04:16:24Z" user="larz86" uid="8127210" lat="38.9137134" lon="-119.7586880"/>
 <node id="8263172405" visible="true" version="1" changeset="96471836" timestamp="2020-12-27T04:16:24Z" user="larz86" uid="8127210" lat="38.9154988" lon="-119.7521763"/>
 <node id="8263172406" visible="true" version="1" changeset="96471836" timestamp="2020-12-27T04:16:24Z" user="larz86" uid="8127210" lat="38.9159012" lon="-119.7497916"/>
 <node id="8263172407" visible="true" version="1" changeset="96471836" timestamp="2020-12-27T04:16:24Z" user="larz86" uid="8127210" lat="38.9152827" lon="-119.7543215"/>
 <node id="8263172408" visible="true" version="1" changeset="96471836" timestamp="2020-12-27T04:16:24Z" user="larz86" uid="8127210" lat="38.9143416" lon="-119.7558801"/>
 <node id="8263185061" visible="true" version="1" changeset="96471836" timestamp="2020-12-27T04:16:24Z" user="larz86" uid="8127210" lat="38.9069428" lon="-119.7544062"/>
 <node id="8263185062" visible="true" version="1" changeset="96471836" timestamp="2020-12-27T04:16:24Z" user="larz86" uid="8127210" lat="38.9105936" lon="-119.7559278"/>
 <node id="8263185063" visible="true" version="1" changeset="96471836" timestamp="2020-12-27T04:16:24Z" user="larz86" uid="8127210" lat="38.9069483" lon="-119.7559278"/>
 <node id="8263185067" visible="true" version="1" changeset="96471836" timestamp="2020-12-27T04:16:24Z" user="larz86" uid="8127210" lat="38.9041645" lon="-119.7654633"/>
 <node id="8263185068" visible="true" version="1" changeset="96471836" timestamp="2020-12-27T04:16:24Z" user="larz86" uid="8127210" lat="38.9030695" lon="-119.7654715"/>
 <node id="8263185069" visible="true" version="1" changeset="96471836" timestamp="2020-12-27T04:16:24Z" user="larz86" uid="8127210" lat="38.9065262" lon="-119.7615383"/>
 <node id="8263185070" visible="true" version="1" changeset="96471836" timestamp="2020-12-27T04:16:24Z" user="larz86" uid="8127210" lat="38.9065326" lon="-119.7607246"/>
 <node id="8263185071" visible="true" version="1" changeset="96471836" timestamp="2020-12-27T04:16:24Z" user="larz86" uid="8127210" lat="38.9105778" lon="-119.7614939"/>
 <node id="8263185072" visible="true" version="1" changeset="96471836" timestamp="2020-12-27T04:16:24Z" user="larz86" uid="8127210" lat="38.9104930" lon="-119.7616149"/>
 <node id="8263185073" visible="true" version="1" changeset="96471836" timestamp="2020-12-27T04:16:24Z" user="larz86" uid="8127210" lat="38.9095979" lon="-119.7616149"/>
 <node id="8263185074" visible="true" version="1" changeset="96471836" timestamp="2020-12-27T04:16:24Z" user="larz86" uid="8127210" lat="38.9075972" lon="-119.7616069"/>
 <node id="8263185075" visible="true" version="1" changeset="96471836" timestamp="2020-12-27T04:16:24Z" user="larz86" uid="8127210" lat="38.9065984" lon="-119.7616149"/>
 <node id="8309497791" visible="true" version="1" changeset="97265205" timestamp="2021-01-10T21:49:18Z" user="larz86" uid="8127210" lat="38.9178964" lon="-119.7485379"/>
 <node id="8309497796" visible="true" version="1" changeset="97265205" timestamp="2021-01-10T21:49:18Z" user="larz86" uid="8127210" lat="38.9236392" lon="-119.7481628"/>
 <node id="8309497797" visible="true" version="1" changeset="97265205" timestamp="2021-01-10T21:49:18Z" user="larz86" uid="8127210" lat="38.9179278" lon="-119.7470132"/>
 <node id="8309497798" visible="true" version="1" changeset="97265205" timestamp="2021-01-10T21:49:18Z" user="larz86" uid="8127210" lat="38.9225142" lon="-119.7470176"/>
 <node id="8309497799" visible="true" version="1" changeset="97265205" timestamp="2021-01-10T21:49:18Z" user="larz86" uid="8127210" lat="38.9232098" lon="-119.7491302"/>
 <node id="9597927345" visible="true" version="1" changeset="118789321" timestamp="2022-03-22T18:10:59Z" user="NFZANMNIM" uid="1980310" lat="38.8674334" lon="-119.7559965"/>
 <node id="9597927346" visible="true" version="1" changeset="118789321" timestamp="2022-03-22T18:10:59Z" user="NFZANMNIM" uid="1980310" lat="38.8720444" lon="-119.7559708"/>
 <node id="9597927347" visible="true" version="1" changeset="118789321" timestamp="2022-03-22T18:10:59Z" user="NFZANMNIM" uid="1980310" lat="38.8721045" lon="-119.7454393"/>
 <node id="9597927348" visible="true" version="1" changeset="118789321" timestamp="2022-03-22T18:10:59Z" user="NFZANMNIM" uid="1980310" lat="38.8731269" lon="-119.7434566"/>
 <node id="9597927349" visible="true" version="1" changeset="118789321" timestamp="2022-03-22T18:10:59Z" user="NFZANMNIM" uid="1980310" lat="38.8735479" lon="-119.7419374"/>
 <node id="9597927350" visible="true" version="1" changeset="118789321" timestamp="2022-03-22T18:10:59Z" user="NFZANMNIM" uid="1980310" lat="38.8746103" lon="-119.7405727"/>
 <node id="9597927351" visible="true" version="1" changeset="118789321" timestamp="2022-03-22T18:10:59Z" user="NFZANMNIM" uid="1980310" lat="38.8765748" lon="-119.7363499"/>
 <node id="9597927352" visible="true" version="1" changeset="118789321" timestamp="2022-03-22T18:10:59Z" user="NFZANMNIM" uid="1980310" lat="38.8807843" lon="-119.7246340"/>
 <node id="9597927353" visible="true" version="1" changeset="118789321" timestamp="2022-03-22T18:10:59Z" user="NFZANMNIM" uid="1980310" lat="38.8811451" lon="-119.7232178"/>
 <node id="9597927354" visible="true" version="1" changeset="118789321" timestamp="2022-03-22T18:10:59Z" user="NFZANMNIM" uid="1980310" lat="38.8942530" lon="-119.7175787"/>
 <node id="9597927355" visible="true" version="1" changeset="118789321" timestamp="2022-03-22T18:10:59Z" user="NFZANMNIM" uid="1980310" lat="38.8953703" lon="-119.7190850"/>
 <node id="9823494141" visible="true" version="1" changeset="122479487" timestamp="2022-06-16T19:52:35Z" user="beddy" uid="3207726" lat="38.9116120" lon="-119.7549610"/>
 <node id="9823494142" visible="true" version="1" changeset="122479487" timestamp="2022-06-16T19:52:35Z" user="beddy" uid="3207726" lat="38.9116380" lon="-119.7548210"/>
 <node id="9823494143" visible="true" version="1" changeset="122479487" timestamp="2022-06-16T19:52:35Z" user="beddy" uid="3207726" lat="38.9117580" lon="-119.7548580"/>
 <node id="9823494144" visible="true" version="1" changeset="122479487" timestamp="2022-06-16T19:52:35Z" user="beddy" uid="3207726" lat="38.9117490" lon="-119.7549090"/>
 <node id="9823494145" visible="true" version="1" changeset="122479487" timestamp="2022-06-16T19:52:35Z" user="beddy" uid="3207726" lat="38.9118910" lon="-119.7549520"/>
 <node id="9823494146" visible="true" version="1" changeset="122479487" timestamp="2022-06-16T19:52:35Z" user="beddy" uid="3207726" lat="38.9118750" lon="-119.7550410"/>
 <node id="9823494151" visible="true" version="1" changeset="122479487" timestamp="2022-06-16T19:52:35Z" user="beddy" uid="3207726" lat="38.9122740" lon="-119.7555070"/>
 <node id="9823494152" visible="true" version="1" changeset="122479487" timestamp="2022-06-16T19:52:35Z" user="beddy" uid="3207726" lat="38.9122740" lon="-119.7556620"/>
 <node id="9823494153" visible="true" version="1" changeset="122479487" timestamp="2022-06-16T19:52:35Z" user="beddy" uid="3207726" lat="38.9120630" lon="-119.7556620"/>
 <node id="9823494154" visible="true" version="1" changeset="122479487" timestamp="2022-06-16T19:52:35Z" user="beddy" uid="3207726" lat="38.9120630" lon="-119.7555070"/>
 <node id="9823494155" visible="true" version="1" changeset="122479487" timestamp="2022-06-16T19:52:35Z" user="beddy" uid="3207726" lat="38.9116760" lon="-119.7556230"/>
 <node id="9823494156" visible="true" version="1" changeset="122479487" timestamp="2022-06-16T19:52:35Z" user="beddy" uid="3207726" lat="38.9116760" lon="-119.7556550"/>
 <node id="9823494157" visible="true" version="1" changeset="122479487" timestamp="2022-06-16T19:52:35Z" user="beddy" uid="3207726" lat="38.9117630" lon="-119.7556560"/>
 <node id="9823494158" visible="true" version="1" changeset="122479487" timestamp="2022-06-16T19:52:35Z" user="beddy" uid="3207726" lat="38.9117620" lon="-119.7557790"/>
 <node id="9823494159" visible="true" version="1" changeset="122479487" timestamp="2022-06-16T19:52:35Z" user="beddy" uid="3207726" lat="38.9114820" lon="-119.7557780"/>
 <node id="9823494160" visible="true" version="1" changeset="122479487" timestamp="2022-06-16T19:52:35Z" user="beddy" uid="3207726" lat="38.9114820" lon="-119.7556220"/>
 <node id="9823494161" visible="true" version="1" changeset="122479487" timestamp="2022-06-16T19:52:35Z" user="beddy" uid="3207726" lat="38.9114330" lon="-119.7553680"/>
 <node id="9823494162" visible="true" version="1" changeset="122479487" timestamp="2022-06-16T19:52:35Z" user="beddy" uid="3207726" lat="38.9114320" lon="-119.7556630"/>
 <node id="9823494163" visible="true" version="1" changeset="122479487" timestamp="2022-06-16T19:52:35Z" user="beddy" uid="3207726" lat="38.9113400" lon="-119.7556620"/>
 <node id="9823494164" visible="true" version="1" changeset="122479487" timestamp="2022-06-16T19:52:35Z" user="beddy" uid="3207726" lat="38.9113420" lon="-119.7553670"/>
 <node id="9823494165" visible="true" version="1" changeset="122479487" timestamp="2022-06-16T19:52:35Z" user="beddy" uid="3207726" lat="38.9126280" lon="-119.7558060"/>
 <node id="9823494166" visible="true" version="1" changeset="122479487" timestamp="2022-06-16T19:52:35Z" user="beddy" uid="3207726" lat="38.9124090" lon="-119.7558030"/>
 <node id="9823494167" visible="true" version="1" changeset="122479487" timestamp="2022-06-16T19:52:35Z" user="beddy" uid="3207726" lat="38.9124090" lon="-119.7556760"/>
 <node id="9823494168" visible="true" version="1" changeset="122479487" timestamp="2022-06-16T19:52:35Z" user="beddy" uid="3207726" lat="38.9126290" lon="-119.7556780"/>
 <node id="9823494175" visible="true" version="1" changeset="122479487" timestamp="2022-06-16T19:52:35Z" user="beddy" uid="3207726" lat="38.9127770" lon="-119.7553160"/>
 <node id="9823494176" visible="true" version="1" changeset="122479487" timestamp="2022-06-16T19:52:35Z" user="beddy" uid="3207726" lat="38.9127770" lon="-119.7552220"/>
 <node id="9823494177" visible="true" version="1" changeset="122479487" timestamp="2022-06-16T19:52:35Z" user="beddy" uid="3207726" lat="38.9129120" lon="-119.7552220"/>
 <node id="9823494178" visible="true" version="1" changeset="122479487" timestamp="2022-06-16T19:52:35Z" user="beddy" uid="3207726" lat="38.9129120" lon="-119.7553160"/>
 <node id="9823494179" visible="true" version="1" changeset="122479487" timestamp="2022-06-16T19:52:35Z" user="beddy" uid="3207726" lat="38.9127270" lon="-119.7557990"/>
 <node id="9823494180" visible="true" version="1" changeset="122479487" timestamp="2022-06-16T19:52:35Z" user="beddy" uid="3207726" lat="38.9127260" lon="-119.7556680"/>
 <node id="9823494181" visible="true" version="1" changeset="122479487" timestamp="2022-06-16T19:52:35Z" user="beddy" uid="3207726" lat="38.9129750" lon="-119.7556660"/>
 <node id="9823494182" visible="true" version="1" changeset="122479487" timestamp="2022-06-16T19:52:35Z" user="beddy" uid="3207726" lat="38.9129750" lon="-119.7557980"/>
 <node id="9823494183" visible="true" version="1" changeset="122479487" timestamp="2022-06-16T19:52:35Z" user="beddy" uid="3207726" lat="38.9132460" lon="-119.7557000"/>
 <node id="9823494184" visible="true" version="1" changeset="122479487" timestamp="2022-06-16T19:52:35Z" user="beddy" uid="3207726" lat="38.9132460" lon="-119.7558070"/>
 <node id="9823494185" visible="true" version="1" changeset="122479487" timestamp="2022-06-16T19:52:35Z" user="beddy" uid="3207726" lat="38.9131740" lon="-119.7558060"/>
 <node id="9823494186" visible="true" version="1" changeset="122479487" timestamp="2022-06-16T19:52:35Z" user="beddy" uid="3207726" lat="38.9131730" lon="-119.7558370"/>
 <node id="9823494187" visible="true" version="1" changeset="122479487" timestamp="2022-06-16T19:52:35Z" user="beddy" uid="3207726" lat="38.9131020" lon="-119.7558360"/>
 <node id="9823494188" visible="true" version="1" changeset="122479487" timestamp="2022-06-16T19:52:35Z" user="beddy" uid="3207726" lat="38.9131030" lon="-119.7558040"/>
 <node id="9823494189" visible="true" version="1" changeset="122479487" timestamp="2022-06-16T19:52:35Z" user="beddy" uid="3207726" lat="38.9130060" lon="-119.7558030"/>
 <node id="9823494190" visible="true" version="1" changeset="122479487" timestamp="2022-06-16T19:52:35Z" user="beddy" uid="3207726" lat="38.9130060" lon="-119.7556970"/>
 <node id="9823494191" visible="true" version="1" changeset="122479487" timestamp="2022-06-16T19:52:35Z" user="beddy" uid="3207726" lat="38.9123690" lon="-119.7567350"/>
 <node id="9823494192" visible="true" version="1" changeset="122479487" timestamp="2022-06-16T19:52:35Z" user="beddy" uid="3207726" lat="38.9123700" lon="-119.7564590"/>
 <node id="9823494193" visible="true" version="1" changeset="122479487" timestamp="2022-06-16T19:52:35Z" user="beddy" uid="3207726" lat="38.9125800" lon="-119.7564600"/>
 <node id="9823494194" visible="true" version="1" changeset="122479487" timestamp="2022-06-16T19:52:35Z" user="beddy" uid="3207726" lat="38.9125790" lon="-119.7566880"/>
 <node id="9823494195" visible="true" version="1" changeset="122479487" timestamp="2022-06-16T19:52:35Z" user="beddy" uid="3207726" lat="38.9124960" lon="-119.7566870"/>
 <node id="9823494196" visible="true" version="1" changeset="122479487" timestamp="2022-06-16T19:52:35Z" user="beddy" uid="3207726" lat="38.9124970" lon="-119.7566260"/>
 <node id="9823494197" visible="true" version="1" changeset="122479487" timestamp="2022-06-16T19:52:35Z" user="beddy" uid="3207726" lat="38.9124510" lon="-119.7566260"/>
 <node id="9823494198" visible="true" version="1" changeset="122479487" timestamp="2022-06-16T19:52:35Z" user="beddy" uid="3207726" lat="38.9124500" lon="-119.7567350"/>
 <node id="9823494199" visible="true" version="1" changeset="122479487" timestamp="2022-06-16T19:52:35Z" user="beddy" uid="3207726" lat="38.9128470" lon="-119.7564520"/>
 <node id="9823494200" visible="true" version="1" changeset="122479487" timestamp="2022-06-16T19:52:35Z" user="beddy" uid="3207726" lat="38.9128460" lon="-119.7566070"/>
 <node id="9823494201" visible="true" version="1" changeset="122479487" timestamp="2022-06-16T19:52:35Z" user="beddy" uid="3207726" lat="38.9127360" lon="-119.7566060"/>
 <node id="9823494202" visible="true" version="1" changeset="122479487" timestamp="2022-06-16T19:52:35Z" user="beddy" uid="3207726" lat="38.9127360" lon="-119.7567190"/>
 <node id="9823494203" visible="true" version="1" changeset="122479487" timestamp="2022-06-16T19:52:35Z" user="beddy" uid="3207726" lat="38.9126520" lon="-119.7567190"/>
 <node id="9823494204" visible="true" version="1" changeset="122479487" timestamp="2022-06-16T19:52:35Z" user="beddy" uid="3207726" lat="38.9126530" lon="-119.7564520"/>
 <node id="9823494205" visible="true" version="1" changeset="122479487" timestamp="2022-06-16T19:52:35Z" user="beddy" uid="3207726" lat="38.9130130" lon="-119.7567220"/>
 <node id="9823494206" visible="true" version="1" changeset="122479487" timestamp="2022-06-16T19:52:35Z" user="beddy" uid="3207726" lat="38.9129190" lon="-119.7567210"/>
 <node id="9823494207" visible="true" version="1" changeset="122479487" timestamp="2022-06-16T19:52:35Z" user="beddy" uid="3207726" lat="38.9129200" lon="-119.7564560"/>
 <node id="9823494208" visible="true" version="1" changeset="122479487" timestamp="2022-06-16T19:52:35Z" user="beddy" uid="3207726" lat="38.9131110" lon="-119.7564570"/>
 <node id="9823494209" visible="true" version="1" changeset="122479487" timestamp="2022-06-16T19:52:35Z" user="beddy" uid="3207726" lat="38.9131100" lon="-119.7566770"/>
 <node id="9823494210" visible="true" version="1" changeset="122479487" timestamp="2022-06-16T19:52:35Z" user="beddy" uid="3207726" lat="38.9130400" lon="-119.7566760"/>
 <node id="9823494211" visible="true" version="1" changeset="122479487" timestamp="2022-06-16T19:52:35Z" user="beddy" uid="3207726" lat="38.9130400" lon="-119.7565850"/>
 <node id="9823494212" visible="true" version="1" changeset="122479487" timestamp="2022-06-16T19:52:35Z" user="beddy" uid="3207726" lat="38.9130130" lon="-119.7565850"/>
 <node id="9823494213" visible="true" version="1" changeset="122479487" timestamp="2022-06-16T19:52:35Z" user="beddy" uid="3207726" lat="38.9129080" lon="-119.7573280"/>
 <node id="9823494214" visible="true" version="1" changeset="122479487" timestamp="2022-06-16T19:52:35Z" user="beddy" uid="3207726" lat="38.9128400" lon="-119.7573270"/>
 <node id="9823494215" visible="true" version="1" changeset="122479487" timestamp="2022-06-16T19:52:35Z" user="beddy" uid="3207726" lat="38.9128400" lon="-119.7572670"/>
 <node id="9823494216" visible="true" version="1" changeset="122479487" timestamp="2022-06-16T19:52:35Z" user="beddy" uid="3207726" lat="38.9127230" lon="-119.7572670"/>
 <node id="9823495917" visible="true" version="1" changeset="122479487" timestamp="2022-06-16T19:52:35Z" user="beddy" uid="3207726" lat="38.9127240" lon="-119.7570710"/>
 <node id="9823495918" visible="true" version="1" changeset="122479487" timestamp="2022-06-16T19:52:35Z" user="beddy" uid="3207726" lat="38.9129090" lon="-119.7570720"/>
 <node id="9823495919" visible="true" version="1" changeset="122479487" timestamp="2022-06-16T19:52:35Z" user="beddy" uid="3207726" lat="38.9124180" lon="-119.7573030"/>
 <node id="9823495920" visible="true" version="1" changeset="122479487" timestamp="2022-06-16T19:52:35Z" user="beddy" uid="3207726" lat="38.9124170" lon="-119.7571080"/>
 <node id="9823495921" visible="true" version="1" changeset="122479487" timestamp="2022-06-16T19:52:35Z" user="beddy" uid="3207726" lat="38.9125190" lon="-119.7571080"/>
 <node id="9823495922" visible="true" version="1" changeset="122479487" timestamp="2022-06-16T19:52:35Z" user="beddy" uid="3207726" lat="38.9125190" lon="-119.7570620"/>
 <node id="9823495923" visible="true" version="1" changeset="122479487" timestamp="2022-06-16T19:52:35Z" user="beddy" uid="3207726" lat="38.9126280" lon="-119.7570620"/>
 <node id="9823495924" visible="true" version="1" changeset="122479487" timestamp="2022-06-16T19:52:35Z" user="beddy" uid="3207726" lat="38.9126290" lon="-119.7573020"/>
 <node id="9823495925" visible="true" version="1" changeset="122479487" timestamp="2022-06-16T19:52:35Z" user="beddy" uid="3207726" lat="38.9131080" lon="-119.7577760"/>
 <node id="9823495926" visible="true" version="1" changeset="122479487" timestamp="2022-06-16T19:52:35Z" user="beddy" uid="3207726" lat="38.9130920" lon="-119.7578090"/>
 <node id="9823495927" visible="true" version="1" changeset="122479487" timestamp="2022-06-16T19:52:35Z" user="beddy" uid="3207726" lat="38.9130020" lon="-119.7577350"/>
 <node id="9823495928" visible="true" version="1" changeset="122479487" timestamp="2022-06-16T19:52:35Z" user="beddy" uid="3207726" lat="38.9130440" lon="-119.7576500"/>
 <node id="9823495929" visible="true" version="1" changeset="122479487" timestamp="2022-06-16T19:52:35Z" user="beddy" uid="3207726" lat="38.9130690" lon="-119.7576700"/>
 <node id="9823495930" visible="true" version="1" changeset="122479487" timestamp="2022-06-16T19:52:35Z" user="beddy" uid="3207726" lat="38.9131330" lon="-119.7575410"/>
 <node id="9823495931" visible="true" version="1" changeset="122479487" timestamp="2022-06-16T19:52:35Z" user="beddy" uid="3207726" lat="38.9132750" lon="-119.7576580"/>
 <node id="9823495932" visible="true" version="1" changeset="122479487" timestamp="2022-06-16T19:52:35Z" user="beddy" uid="3207726" lat="38.9131840" lon="-119.7578390"/>
 <node id="9823495933" visible="true" version="1" changeset="122479487" timestamp="2022-06-16T19:52:35Z" user="beddy" uid="3207726" lat="38.9133990" lon="-119.7556730"/>
 <node id="9823495934" visible="true" version="1" changeset="122479487" timestamp="2022-06-16T19:52:35Z" user="beddy" uid="3207726" lat="38.9133990" lon="-119.7557700"/>
 <node id="9823495935" visible="true" version="1" changeset="122479487" timestamp="2022-06-16T19:52:35Z" user="beddy" uid="3207726" lat="38.9132710" lon="-119.7557700"/>
 <node id="9823495936" visible="true" version="1" changeset="122479487" timestamp="2022-06-16T19:52:35Z" user="beddy" uid="3207726" lat="38.9132710" lon="-119.7557160"/>
 <node id="9823495937" visible="true" version="1" changeset="122479487" timestamp="2022-06-16T19:52:35Z" user="beddy" uid="3207726" lat="38.9133170" lon="-119.7557160"/>
 <node id="9823495938" visible="true" version="1" changeset="122479487" timestamp="2022-06-16T19:52:35Z" user="beddy" uid="3207726" lat="38.9133170" lon="-119.7556730"/>
 <node id="9823495939" visible="true" version="1" changeset="122479487" timestamp="2022-06-16T19:52:35Z" user="beddy" uid="3207726" lat="38.9122120" lon="-119.7579300"/>
 <node id="9823495940" visible="true" version="1" changeset="122479487" timestamp="2022-06-16T19:52:35Z" user="beddy" uid="3207726" lat="38.9121710" lon="-119.7579580"/>
 <node id="9823495941" visible="true" version="1" changeset="122479487" timestamp="2022-06-16T19:52:35Z" user="beddy" uid="3207726" lat="38.9121280" lon="-119.7578560"/>
 <node id="9823495942" visible="true" version="1" changeset="122479487" timestamp="2022-06-16T19:52:35Z" user="beddy" uid="3207726" lat="38.9122040" lon="-119.7578020"/>
 <node id="9823495943" visible="true" version="1" changeset="122479487" timestamp="2022-06-16T19:52:35Z" user="beddy" uid="3207726" lat="38.9122320" lon="-119.7578690"/>
 <node id="9823495944" visible="true" version="1" changeset="122479487" timestamp="2022-06-16T19:52:35Z" user="beddy" uid="3207726" lat="38.9123380" lon="-119.7577950"/>
 <node id="9823495945" visible="true" version="1" changeset="122479487" timestamp="2022-06-16T19:52:35Z" user="beddy" uid="3207726" lat="38.9124020" lon="-119.7579470"/>
 <node id="9823495946" visible="true" version="1" changeset="122479487" timestamp="2022-06-16T19:52:35Z" user="beddy" uid="3207726" lat="38.9122610" lon="-119.7580460"/>
 <node id="9823495947" visible="true" version="1" changeset="122479487" timestamp="2022-06-16T19:52:35Z" user="beddy" uid="3207726" lat="38.9125240" lon="-119.7585650"/>
 <node id="9823495948" visible="true" version="1" changeset="122479487" timestamp="2022-06-16T19:52:35Z" user="beddy" uid="3207726" lat="38.9124070" lon="-119.7584230"/>
 <node id="9823495949" visible="true" version="1" changeset="122479487" timestamp="2022-06-16T19:52:35Z" user="beddy" uid="3207726" lat="38.9124730" lon="-119.7583340"/>
 <node id="9823495950" visible="true" version="1" changeset="122479487" timestamp="2022-06-16T19:52:35Z" user="beddy" uid="3207726" lat="38.9124490" lon="-119.7583050"/>
 <node id="9823495951" visible="true" version="1" changeset="122479487" timestamp="2022-06-16T19:52:35Z" user="beddy" uid="3207726" lat="38.9125230" lon="-119.7582040"/>
 <node id="9823495952" visible="true" version="1" changeset="122479487" timestamp="2022-06-16T19:52:35Z" user="beddy" uid="3207726" lat="38.9125840" lon="-119.7582790"/>
 <node id="9823495953" visible="true" version="1" changeset="122479487" timestamp="2022-06-16T19:52:35Z" user="beddy" uid="3207726" lat="38.9125720" lon="-119.7582960"/>
 <node id="9823495954" visible="true" version="1" changeset="122479487" timestamp="2022-06-16T19:52:35Z" user="beddy" uid="3207726" lat="38.9126510" lon="-119.7583930"/>
 <node id="9823495955" visible="true" version="1" changeset="122479487" timestamp="2022-06-16T19:52:35Z" user="beddy" uid="3207726" lat="38.9118060" lon="-119.7577840"/>
 <node id="9823495956" visible="true" version="1" changeset="122479487" timestamp="2022-06-16T19:52:35Z" user="beddy" uid="3207726" lat="38.9118280" lon="-119.7579250"/>
 <node id="9823495957" visible="true" version="1" changeset="122479487" timestamp="2022-06-16T19:52:35Z" user="beddy" uid="3207726" lat="38.9118770" lon="-119.7579130"/>
 <node id="9823495958" visible="true" version="1" changeset="122479487" timestamp="2022-06-16T19:52:35Z" user="beddy" uid="3207726" lat="38.9118960" lon="-119.7580290"/>
 <node id="9823495959" visible="true" version="1" changeset="122479487" timestamp="2022-06-16T19:52:35Z" user="beddy" uid="3207726" lat="38.9117620" lon="-119.7580630"/>
 <node id="9823495960" visible="true" version="1" changeset="122479487" timestamp="2022-06-16T19:52:35Z" user="beddy" uid="3207726" lat="38.9117510" lon="-119.7579940"/>
 <node id="9823495961" visible="true" version="1" changeset="122479487" timestamp="2022-06-16T19:52:35Z" user="beddy" uid="3207726" lat="38.9117190" lon="-119.7580020"/>
 <node id="9823495962" visible="true" version="1" changeset="122479487" timestamp="2022-06-16T19:52:35Z" user="beddy" uid="3207726" lat="38.9116900" lon="-119.7578140"/>
 <node id="9823495963" visible="true" version="1" changeset="122479487" timestamp="2022-06-16T19:52:35Z" user="beddy" uid="3207726" lat="38.9124570" lon="-119.7586410"/>
 <node id="9823495964" visible="true" version="1" changeset="122479487" timestamp="2022-06-16T19:52:35Z" user="beddy" uid="3207726" lat="38.9122750" lon="-119.7588330"/>
 <node id="9823495965" visible="true" version="1" changeset="122479487" timestamp="2022-06-16T19:52:35Z" user="beddy" uid="3207726" lat="38.9121750" lon="-119.7586750"/>
 <node id="9823495966" visible="true" version="1" changeset="122479487" timestamp="2022-06-16T19:52:35Z" user="beddy" uid="3207726" lat="38.9122330" lon="-119.7586140"/>
 <node id="9823495967" visible="true" version="1" changeset="122479487" timestamp="2022-06-16T19:52:35Z" user="beddy" uid="3207726" lat="38.9122450" lon="-119.7586320"/>
 <node id="9823495968" visible="true" version="1" changeset="122479487" timestamp="2022-06-16T19:52:35Z" user="beddy" uid="3207726" lat="38.9122790" lon="-119.7585960"/>
 <node id="9823495969" visible="true" version="1" changeset="122479487" timestamp="2022-06-16T19:52:35Z" user="beddy" uid="3207726" lat="38.9122380" lon="-119.7585320"/>
 <node id="9823495970" visible="true" version="1" changeset="122479487" timestamp="2022-06-16T19:52:35Z" user="beddy" uid="3207726" lat="38.9123270" lon="-119.7584380"/>
 <node id="9823495971" visible="true" version="1" changeset="122479487" timestamp="2022-06-16T19:52:35Z" user="beddy" uid="3207726" lat="38.9116510" lon="-119.7583970"/>
 <node id="9823495972" visible="true" version="1" changeset="122479487" timestamp="2022-06-16T19:52:35Z" user="beddy" uid="3207726" lat="38.9117220" lon="-119.7585820"/>
 <node id="9823495973" visible="true" version="1" changeset="122479487" timestamp="2022-06-16T19:52:35Z" user="beddy" uid="3207726" lat="38.9115020" lon="-119.7587220"/>
 <node id="9823495974" visible="true" version="1" changeset="122479487" timestamp="2022-06-16T19:52:35Z" user="beddy" uid="3207726" lat="38.9114310" lon="-119.7585370"/>
 <node id="9823495975" visible="true" version="1" changeset="122479487" timestamp="2022-06-16T19:52:35Z" user="beddy" uid="3207726" lat="38.9113170" lon="-119.7575370"/>
 <node id="9823495976" visible="true" version="1" changeset="122479487" timestamp="2022-06-16T19:52:35Z" user="beddy" uid="3207726" lat="38.9113160" lon="-119.7574000"/>
 <node id="9823495977" visible="true" version="1" changeset="122479487" timestamp="2022-06-16T19:52:35Z" user="beddy" uid="3207726" lat="38.9115070" lon="-119.7573970"/>
 <node id="9823495978" visible="true" version="1" changeset="122479487" timestamp="2022-06-16T19:52:35Z" user="beddy" uid="3207726" lat="38.9115100" lon="-119.7576690"/>
 <node id="9823495979" visible="true" version="1" changeset="122479487" timestamp="2022-06-16T19:52:35Z" user="beddy" uid="3207726" lat="38.9113530" lon="-119.7576710"/>
 <node id="9823495980" visible="true" version="1" changeset="122479487" timestamp="2022-06-16T19:52:35Z" user="beddy" uid="3207726" lat="38.9113520" lon="-119.7575360"/>
 <node id="9823495981" visible="true" version="1" changeset="122479487" timestamp="2022-06-16T19:52:35Z" user="beddy" uid="3207726" lat="38.9118590" lon="-119.7570320"/>
 <node id="9823495982" visible="true" version="1" changeset="122479487" timestamp="2022-06-16T19:52:35Z" user="beddy" uid="3207726" lat="38.9118590" lon="-119.7572790"/>
 <node id="9823495983" visible="true" version="1" changeset="122479487" timestamp="2022-06-16T19:52:35Z" user="beddy" uid="3207726" lat="38.9116440" lon="-119.7572780"/>
 <node id="9823495984" visible="true" version="1" changeset="122479487" timestamp="2022-06-16T19:52:35Z" user="beddy" uid="3207726" lat="38.9116440" lon="-119.7570310"/>
 <node id="9823495985" visible="true" version="1" changeset="122479487" timestamp="2022-06-16T19:52:35Z" user="beddy" uid="3207726" lat="38.9115160" lon="-119.7564750"/>
 <node id="9823495986" visible="true" version="1" changeset="122479487" timestamp="2022-06-16T19:52:35Z" user="beddy" uid="3207726" lat="38.9117300" lon="-119.7564780"/>
 <node id="9823495987" visible="true" version="1" changeset="122479487" timestamp="2022-06-16T19:52:35Z" user="beddy" uid="3207726" lat="38.9117290" lon="-119.7566270"/>
 <node id="9823495988" visible="true" version="1" changeset="122479487" timestamp="2022-06-16T19:52:35Z" user="beddy" uid="3207726" lat="38.9116130" lon="-119.7566250"/>
 <node id="9823495989" visible="true" version="1" changeset="122479487" timestamp="2022-06-16T19:52:35Z" user="beddy" uid="3207726" lat="38.9116120" lon="-119.7566990"/>
 <node id="9823495990" visible="true" version="1" changeset="122479487" timestamp="2022-06-16T19:52:35Z" user="beddy" uid="3207726" lat="38.9115140" lon="-119.7566970"/>
 <node id="9823495991" visible="true" version="1" changeset="122479487" timestamp="2022-06-16T19:52:35Z" user="beddy" uid="3207726" lat="38.9108670" lon="-119.7578590"/>
 <node id="9823495992" visible="true" version="1" changeset="122479487" timestamp="2022-06-16T19:52:35Z" user="beddy" uid="3207726" lat="38.9108670" lon="-119.7576070"/>
 <node id="9823495993" visible="true" version="1" changeset="122479487" timestamp="2022-06-16T19:52:35Z" user="beddy" uid="3207726" lat="38.9110510" lon="-119.7576070"/>
 <node id="9823495994" visible="true" version="1" changeset="122479487" timestamp="2022-06-16T19:52:35Z" user="beddy" uid="3207726" lat="38.9110510" lon="-119.7577300"/>
 <node id="9823495995" visible="true" version="1" changeset="122479487" timestamp="2022-06-16T19:52:35Z" user="beddy" uid="3207726" lat="38.9110030" lon="-119.7577300"/>
 <node id="9823495996" visible="true" version="1" changeset="122479487" timestamp="2022-06-16T19:52:35Z" user="beddy" uid="3207726" lat="38.9110030" lon="-119.7578590"/>
 <node id="9823496037" visible="true" version="1" changeset="122479487" timestamp="2022-06-16T19:52:35Z" user="beddy" uid="3207726" lat="38.9139710" lon="-119.7550400"/>
 <node id="9823496038" visible="true" version="1" changeset="122479487" timestamp="2022-06-16T19:52:35Z" user="beddy" uid="3207726" lat="38.9139720" lon="-119.7551490"/>
 <node id="9823496039" visible="true" version="1" changeset="122479487" timestamp="2022-06-16T19:52:35Z" user="beddy" uid="3207726" lat="38.9139470" lon="-119.7551490"/>
 <node id="9823496040" visible="true" version="1" changeset="122479487" timestamp="2022-06-16T19:52:35Z" user="beddy" uid="3207726" lat="38.9139480" lon="-119.7553280"/>
 <node id="9823496041" visible="true" version="1" changeset="122479487" timestamp="2022-06-16T19:52:35Z" user="beddy" uid="3207726" lat="38.9138400" lon="-119.7553300"/>
 <node id="9823496042" visible="true" version="1" changeset="122479487" timestamp="2022-06-16T19:52:35Z" user="beddy" uid="3207726" lat="38.9138370" lon="-119.7550430"/>
 <node id="9823496043" visible="true" version="1" changeset="122479487" timestamp="2022-06-16T19:52:35Z" user="beddy" uid="3207726" lat="38.9137420" lon="-119.7556860"/>
 <node id="9823496044" visible="true" version="1" changeset="122479487" timestamp="2022-06-16T19:52:35Z" user="beddy" uid="3207726" lat="38.9137410" lon="-119.7558270"/>
 <node id="9823496045" visible="true" version="1" changeset="122479487" timestamp="2022-06-16T19:52:35Z" user="beddy" uid="3207726" lat="38.9135230" lon="-119.7558240"/>
 <node id="9823496046" visible="true" version="1" changeset="122479487" timestamp="2022-06-16T19:52:35Z" user="beddy" uid="3207726" lat="38.9135240" lon="-119.7556830"/>
 <node id="9823496051" visible="true" version="1" changeset="122479487" timestamp="2022-06-16T19:52:35Z" user="beddy" uid="3207726" lat="38.9144310" lon="-119.7567450"/>
 <node id="9823496052" visible="true" version="1" changeset="122479487" timestamp="2022-06-16T19:52:35Z" user="beddy" uid="3207726" lat="38.9145370" lon="-119.7567370"/>
 <node id="9823496053" visible="true" version="1" changeset="122479487" timestamp="2022-06-16T19:52:35Z" user="beddy" uid="3207726" lat="38.9145500" lon="-119.7570070"/>
 <node id="9823496054" visible="true" version="1" changeset="122479487" timestamp="2022-06-16T19:52:35Z" user="beddy" uid="3207726" lat="38.9144960" lon="-119.7570110"/>
 <node id="9823496055" visible="true" version="1" changeset="122479487" timestamp="2022-06-16T19:52:35Z" user="beddy" uid="3207726" lat="38.9145000" lon="-119.7570940"/>
 <node id="9823496056" visible="true" version="1" changeset="122479487" timestamp="2022-06-16T19:52:35Z" user="beddy" uid="3207726" lat="38.9144480" lon="-119.7570980"/>
 <node id="9823496057" visible="true" version="1" changeset="122479487" timestamp="2022-06-16T19:52:35Z" user="beddy" uid="3207726" lat="38.9142330" lon="-119.7567270"/>
 <node id="9823496058" visible="true" version="1" changeset="122479487" timestamp="2022-06-16T19:52:35Z" user="beddy" uid="3207726" lat="38.9142910" lon="-119.7567250"/>
 <node id="9823496059" visible="true" version="1" changeset="122479487" timestamp="2022-06-16T19:52:35Z" user="beddy" uid="3207726" lat="38.9142930" lon="-119.7568260"/>
 <node id="9823496060" visible="true" version="1" changeset="122479487" timestamp="2022-06-16T19:52:35Z" user="beddy" uid="3207726" lat="38.9143220" lon="-119.7568250"/>
 <node id="9823496061" visible="true" version="1" changeset="122479487" timestamp="2022-06-16T19:52:35Z" user="beddy" uid="3207726" lat="38.9143260" lon="-119.7571310"/>
 <node id="9823496062" visible="true" version="1" changeset="122479487" timestamp="2022-06-16T19:52:35Z" user="beddy" uid="3207726" lat="38.9142390" lon="-119.7571330"/>
 <node id="9823496063" visible="true" version="1" changeset="122479487" timestamp="2022-06-16T19:52:35Z" user="beddy" uid="3207726" lat="38.9145470" lon="-119.7563560"/>
 <node id="9823496064" visible="true" version="1" changeset="122479487" timestamp="2022-06-16T19:52:35Z" user="beddy" uid="3207726" lat="38.9143980" lon="-119.7563610"/>
 <node id="9823496065" visible="true" version="1" changeset="122479487" timestamp="2022-06-16T19:52:35Z" user="beddy" uid="3207726" lat="38.9143950" lon="-119.7562220"/>
 <node id="9823496066" visible="true" version="1" changeset="122479487" timestamp="2022-06-16T19:52:35Z" user="beddy" uid="3207726" lat="38.9145440" lon="-119.7562160"/>
 <node id="9823496067" visible="true" version="1" changeset="122479487" timestamp="2022-06-16T19:52:35Z" user="beddy" uid="3207726" lat="38.9138290" lon="-119.7566850"/>
 <node id="9823496068" visible="true" version="1" changeset="122479487" timestamp="2022-06-16T19:52:35Z" user="beddy" uid="3207726" lat="38.9138790" lon="-119.7567540"/>
 <node id="9823496069" visible="true" version="1" changeset="122479487" timestamp="2022-06-16T19:52:35Z" user="beddy" uid="3207726" lat="38.9138960" lon="-119.7567340"/>
 <node id="9823496070" visible="true" version="1" changeset="122479487" timestamp="2022-06-16T19:52:35Z" user="beddy" uid="3207726" lat="38.9139920" lon="-119.7568690"/>
 <node id="9823496071" visible="true" version="1" changeset="122479487" timestamp="2022-06-16T19:52:35Z" user="beddy" uid="3207726" lat="38.9138740" lon="-119.7570090"/>
 <node id="9823496072" visible="true" version="1" changeset="122479487" timestamp="2022-06-16T19:52:35Z" user="beddy" uid="3207726" lat="38.9138080" lon="-119.7569170"/>
 <node id="9823496073" visible="true" version="1" changeset="122479487" timestamp="2022-06-16T19:52:35Z" user="beddy" uid="3207726" lat="38.9137660" lon="-119.7569660"/>
 <node id="9823496074" visible="true" version="1" changeset="122479487" timestamp="2022-06-16T19:52:35Z" user="beddy" uid="3207726" lat="38.9137280" lon="-119.7569140"/>
 <node id="9823496075" visible="true" version="1" changeset="122479487" timestamp="2022-06-16T19:52:35Z" user="beddy" uid="3207726" lat="38.9136920" lon="-119.7569570"/>
 <node id="9823496076" visible="true" version="1" changeset="122479487" timestamp="2022-06-16T19:52:35Z" user="beddy" uid="3207726" lat="38.9136500" lon="-119.7568980"/>
 <node id="9823496077" visible="true" version="1" changeset="122479487" timestamp="2022-06-16T19:52:35Z" user="beddy" uid="3207726" lat="38.9134740" lon="-119.7584870"/>
 <node id="9823496078" visible="true" version="1" changeset="122479487" timestamp="2022-06-16T19:52:35Z" user="beddy" uid="3207726" lat="38.9136050" lon="-119.7582590"/>
 <node id="9823496079" visible="true" version="1" changeset="122479487" timestamp="2022-06-16T19:52:35Z" user="beddy" uid="3207726" lat="38.9137750" lon="-119.7584200"/>
 <node id="9823496080" visible="true" version="1" changeset="122479487" timestamp="2022-06-16T19:52:35Z" user="beddy" uid="3207726" lat="38.9136630" lon="-119.7586140"/>
 <node id="9823496081" visible="true" version="1" changeset="122479487" timestamp="2022-06-16T19:52:35Z" user="beddy" uid="3207726" lat="38.9135610" lon="-119.7585170"/>
 <node id="9823496082" visible="true" version="1" changeset="122479487" timestamp="2022-06-16T19:52:35Z" user="beddy" uid="3207726" lat="38.9135420" lon="-119.7585510"/>
 <node id="9823496083" visible="true" version="1" changeset="122479487" timestamp="2022-06-16T19:52:35Z" user="beddy" uid="3207726" lat="38.9133080" lon="-119.7591560"/>
 <node id="9823496084" visible="true" version="1" changeset="122479487" timestamp="2022-06-16T19:52:35Z" user="beddy" uid="3207726" lat="38.9131720" lon="-119.7590650"/>
 <node id="9823496085" visible="true" version="1" changeset="122479487" timestamp="2022-06-16T19:52:35Z" user="beddy" uid="3207726" lat="38.9132240" lon="-119.7589360"/>
 <node id="9823496086" visible="true" version="1" changeset="122479487" timestamp="2022-06-16T19:52:35Z" user="beddy" uid="3207726" lat="38.9131970" lon="-119.7589180"/>
 <node id="9823496087" visible="true" version="1" changeset="122479487" timestamp="2022-06-16T19:52:35Z" user="beddy" uid="3207726" lat="38.9132410" lon="-119.7588080"/>
 <node id="9823496088" visible="true" version="1" changeset="122479487" timestamp="2022-06-16T19:52:35Z" user="beddy" uid="3207726" lat="38.9134270" lon="-119.7589320"/>
 <node id="9823496089" visible="true" version="1" changeset="122479487" timestamp="2022-06-16T19:52:35Z" user="beddy" uid="3207726" lat="38.9133510" lon="-119.7591220"/>
 <node id="9823496090" visible="true" version="1" changeset="122479487" timestamp="2022-06-16T19:52:35Z" user="beddy" uid="3207726" lat="38.9133280" lon="-119.7591070"/>
 <node id="9823496091" visible="true" version="1" changeset="122479487" timestamp="2022-06-16T19:52:35Z" user="beddy" uid="3207726" lat="38.9131650" lon="-119.7598800"/>
 <node id="9823496092" visible="true" version="1" changeset="122479487" timestamp="2022-06-16T19:52:35Z" user="beddy" uid="3207726" lat="38.9129260" lon="-119.7598150"/>
 <node id="9823496093" visible="true" version="1" changeset="122479487" timestamp="2022-06-16T19:52:35Z" user="beddy" uid="3207726" lat="38.9129430" lon="-119.7597130"/>
 <node id="9823496094" visible="true" version="1" changeset="122479487" timestamp="2022-06-16T19:52:35Z" user="beddy" uid="3207726" lat="38.9130520" lon="-119.7597420"/>
 <node id="9823496095" visible="true" version="1" changeset="122479487" timestamp="2022-06-16T19:52:35Z" user="beddy" uid="3207726" lat="38.9130780" lon="-119.7595830"/>
 <node id="9823496096" visible="true" version="1" changeset="122479487" timestamp="2022-06-16T19:52:35Z" user="beddy" uid="3207726" lat="38.9132080" lon="-119.7596180"/>
 <node id="9823496097" visible="true" version="1" changeset="122479487" timestamp="2022-06-16T19:52:35Z" user="beddy" uid="3207726" lat="38.9126800" lon="-119.7593000"/>
 <node id="9823496098" visible="true" version="1" changeset="122479487" timestamp="2022-06-16T19:52:35Z" user="beddy" uid="3207726" lat="38.9126610" lon="-119.7593930"/>
 <node id="9823496099" visible="true" version="1" changeset="122479487" timestamp="2022-06-16T19:52:35Z" user="beddy" uid="3207726" lat="38.9127150" lon="-119.7594120"/>
 <node id="9823496100" visible="true" version="1" changeset="122479487" timestamp="2022-06-16T19:52:35Z" user="beddy" uid="3207726" lat="38.9126930" lon="-119.7595170"/>
 <node id="9823496101" visible="true" version="1" changeset="122479487" timestamp="2022-06-16T19:52:35Z" user="beddy" uid="3207726" lat="38.9126540" lon="-119.7595040"/>
 <node id="9823496102" visible="true" version="1" changeset="122479487" timestamp="2022-06-16T19:52:35Z" user="beddy" uid="3207726" lat="38.9126380" lon="-119.7595840"/>
 <node id="9823496103" visible="true" version="1" changeset="122479487" timestamp="2022-06-16T19:52:35Z" user="beddy" uid="3207726" lat="38.9124740" lon="-119.7595280"/>
 <node id="9823496104" visible="true" version="1" changeset="122479487" timestamp="2022-06-16T19:52:35Z" user="beddy" uid="3207726" lat="38.9125320" lon="-119.7592490"/>
 <node id="9823496105" visible="true" version="1" changeset="122479487" timestamp="2022-06-16T19:52:35Z" user="beddy" uid="3207726" lat="38.9128440" lon="-119.7601370"/>
 <node id="9823496106" visible="true" version="1" changeset="122479487" timestamp="2022-06-16T19:52:35Z" user="beddy" uid="3207726" lat="38.9128660" lon="-119.7600290"/>
 <node id="9823496107" visible="true" version="1" changeset="122479487" timestamp="2022-06-16T19:52:35Z" user="beddy" uid="3207726" lat="38.9129220" lon="-119.7600480"/>
 <node id="9823496108" visible="true" version="1" changeset="122479487" timestamp="2022-06-16T19:52:35Z" user="beddy" uid="3207726" lat="38.9129500" lon="-119.7599100"/>
 <node id="9823496109" visible="true" version="1" changeset="122479487" timestamp="2022-06-16T19:52:35Z" user="beddy" uid="3207726" lat="38.9131350" lon="-119.7599720"/>
 <node id="9823496110" visible="true" version="1" changeset="122479487" timestamp="2022-06-16T19:52:35Z" user="beddy" uid="3207726" lat="38.9130860" lon="-119.7602180"/>
 <node id="9823496111" visible="true" version="1" changeset="122479487" timestamp="2022-06-16T19:52:35Z" user="beddy" uid="3207726" lat="38.9127360" lon="-119.7604710"/>
 <node id="9823496112" visible="true" version="1" changeset="122479487" timestamp="2022-06-16T19:52:35Z" user="beddy" uid="3207726" lat="38.9128140" lon="-119.7602130"/>
 <node id="9823496113" visible="true" version="1" changeset="122479487" timestamp="2022-06-16T19:52:35Z" user="beddy" uid="3207726" lat="38.9129780" lon="-119.7602950"/>
 <node id="9823496114" visible="true" version="1" changeset="122479487" timestamp="2022-06-16T19:52:35Z" user="beddy" uid="3207726" lat="38.9129000" lon="-119.7605530"/>
 <node id="9823496115" visible="true" version="1" changeset="122479487" timestamp="2022-06-16T19:52:35Z" user="beddy" uid="3207726" lat="38.9123190" lon="-119.7601740"/>
 <node id="9823496116" visible="true" version="1" changeset="122479487" timestamp="2022-06-16T19:52:35Z" user="beddy" uid="3207726" lat="38.9124630" lon="-119.7602630"/>
 <node id="9823496117" visible="true" version="1" changeset="122479487" timestamp="2022-06-16T19:52:35Z" user="beddy" uid="3207726" lat="38.9123750" lon="-119.7604960"/>
 <node id="9823496118" visible="true" version="1" changeset="122479487" timestamp="2022-06-16T19:52:35Z" user="beddy" uid="3207726" lat="38.9122320" lon="-119.7604070"/>
 <node id="9823496119" visible="true" version="1" changeset="122479487" timestamp="2022-06-16T19:52:35Z" user="beddy" uid="3207726" lat="38.9120760" lon="-119.7607130"/>
 <node id="9823496120" visible="true" version="1" changeset="122479487" timestamp="2022-06-16T19:52:35Z" user="beddy" uid="3207726" lat="38.9119930" lon="-119.7605890"/>
 <node id="9823496121" visible="true" version="1" changeset="122479487" timestamp="2022-06-16T19:52:35Z" user="beddy" uid="3207726" lat="38.9121540" lon="-119.7604120"/>
 <node id="9823496122" visible="true" version="1" changeset="122479487" timestamp="2022-06-16T19:52:35Z" user="beddy" uid="3207726" lat="38.9122850" lon="-119.7606090"/>
 <node id="9823496123" visible="true" version="1" changeset="122479487" timestamp="2022-06-16T19:52:35Z" user="beddy" uid="3207726" lat="38.9122040" lon="-119.7606980"/>
 <node id="9823496124" visible="true" version="1" changeset="122479487" timestamp="2022-06-16T19:52:35Z" user="beddy" uid="3207726" lat="38.9121560" lon="-119.7606250"/>
 <node id="9823496125" visible="true" version="1" changeset="122479487" timestamp="2022-06-16T19:52:35Z" user="beddy" uid="3207726" lat="38.9127020" lon="-119.7609700"/>
 <node id="9823496126" visible="true" version="1" changeset="122479487" timestamp="2022-06-16T19:52:35Z" user="beddy" uid="3207726" lat="38.9125740" lon="-119.7611900"/>
 <node id="9823496127" visible="true" version="1" changeset="122479487" timestamp="2022-06-16T19:52:35Z" user="beddy" uid="3207726" lat="38.9124450" lon="-119.7610650"/>
 <node id="9823496128" visible="true" version="1" changeset="122479487" timestamp="2022-06-16T19:52:35Z" user="beddy" uid="3207726" lat="38.9125250" lon="-119.7609270"/>
 <node id="9823496129" visible="true" version="1" changeset="122479487" timestamp="2022-06-16T19:52:35Z" user="beddy" uid="3207726" lat="38.9124890" lon="-119.7608920"/>
 <node id="9823496130" visible="true" version="1" changeset="122479487" timestamp="2022-06-16T19:52:35Z" user="beddy" uid="3207726" lat="38.9125360" lon="-119.7608110"/>
 <node id="9823497176" visible="true" version="1" changeset="122479553" timestamp="2022-06-16T19:54:37Z" user="beddy" uid="3207726" lat="38.9118290" lon="-119.7594040"/>
 <node id="9823497177" visible="true" version="1" changeset="122479553" timestamp="2022-06-16T19:54:37Z" user="beddy" uid="3207726" lat="38.9118950" lon="-119.7593660"/>
 <node id="9823497178" visible="true" version="1" changeset="122479553" timestamp="2022-06-16T19:54:37Z" user="beddy" uid="3207726" lat="38.9119100" lon="-119.7594100"/>
 <node id="9823497179" visible="true" version="1" changeset="122479553" timestamp="2022-06-16T19:54:37Z" user="beddy" uid="3207726" lat="38.9120010" lon="-119.7593590"/>
 <node id="9823497180" visible="true" version="1" changeset="122479553" timestamp="2022-06-16T19:54:37Z" user="beddy" uid="3207726" lat="38.9120060" lon="-119.7593720"/>
 <node id="9823497181" visible="true" version="1" changeset="122479553" timestamp="2022-06-16T19:54:37Z" user="beddy" uid="3207726" lat="38.9120670" lon="-119.7593360"/>
 <node id="9823497182" visible="true" version="1" changeset="122479553" timestamp="2022-06-16T19:54:37Z" user="beddy" uid="3207726" lat="38.9121330" lon="-119.7595240"/>
 <node id="9823497183" visible="true" version="1" changeset="122479553" timestamp="2022-06-16T19:54:37Z" user="beddy" uid="3207726" lat="38.9119140" lon="-119.7596500"/>
 <node id="9823497184" visible="true" version="1" changeset="122479553" timestamp="2022-06-16T19:54:37Z" user="beddy" uid="3207726" lat="38.9121140" lon="-119.7613600"/>
 <node id="9823497185" visible="true" version="1" changeset="122479553" timestamp="2022-06-16T19:54:37Z" user="beddy" uid="3207726" lat="38.9122270" lon="-119.7615410"/>
 <node id="9823497186" visible="true" version="1" changeset="122479553" timestamp="2022-06-16T19:54:37Z" user="beddy" uid="3207726" lat="38.9120650" lon="-119.7617080"/>
 <node id="9823497187" visible="true" version="1" changeset="122479553" timestamp="2022-06-16T19:54:37Z" user="beddy" uid="3207726" lat="38.9119310" lon="-119.7614930"/>
 <node id="9823497188" visible="true" version="1" changeset="122479553" timestamp="2022-06-16T19:54:37Z" user="beddy" uid="3207726" lat="38.9119890" lon="-119.7614330"/>
 <node id="9823497189" visible="true" version="1" changeset="122479553" timestamp="2022-06-16T19:54:37Z" user="beddy" uid="3207726" lat="38.9120410" lon="-119.7615160"/>
 <node id="9823497190" visible="true" version="1" changeset="122479553" timestamp="2022-06-16T19:54:37Z" user="beddy" uid="3207726" lat="38.9120800" lon="-119.7614760"/>
 <node id="9823497191" visible="true" version="1" changeset="122479553" timestamp="2022-06-16T19:54:37Z" user="beddy" uid="3207726" lat="38.9120500" lon="-119.7614270"/>
 <node id="9823497192" visible="true" version="1" changeset="122479553" timestamp="2022-06-16T19:54:37Z" user="beddy" uid="3207726" lat="38.9116350" lon="-119.7610610"/>
 <node id="9823497193" visible="true" version="1" changeset="122479553" timestamp="2022-06-16T19:54:37Z" user="beddy" uid="3207726" lat="38.9117870" lon="-119.7608910"/>
 <node id="9823497194" visible="true" version="1" changeset="122479553" timestamp="2022-06-16T19:54:37Z" user="beddy" uid="3207726" lat="38.9119160" lon="-119.7610820"/>
 <node id="9823497195" visible="true" version="1" changeset="122479553" timestamp="2022-06-16T19:54:37Z" user="beddy" uid="3207726" lat="38.9117250" lon="-119.7612970"/>
 <node id="9823497196" visible="true" version="1" changeset="122479553" timestamp="2022-06-16T19:54:37Z" user="beddy" uid="3207726" lat="38.9116380" lon="-119.7611700"/>
 <node id="9823497197" visible="true" version="1" changeset="122479553" timestamp="2022-06-16T19:54:37Z" user="beddy" uid="3207726" lat="38.9116780" lon="-119.7611240"/>
 <node id="9823497198" visible="true" version="1" changeset="122479553" timestamp="2022-06-16T19:54:37Z" user="beddy" uid="3207726" lat="38.9114300" lon="-119.7614770"/>
 <node id="9823497199" visible="true" version="1" changeset="122479553" timestamp="2022-06-16T19:54:37Z" user="beddy" uid="3207726" lat="38.9113600" lon="-119.7612630"/>
 <node id="9823497200" visible="true" version="1" changeset="122479553" timestamp="2022-06-16T19:54:37Z" user="beddy" uid="3207726" lat="38.9115480" lon="-119.7611610"/>
 <node id="9823497201" visible="true" version="1" changeset="122479553" timestamp="2022-06-16T19:54:37Z" user="beddy" uid="3207726" lat="38.9116310" lon="-119.7614140"/>
 <node id="9823497202" visible="true" version="1" changeset="122479553" timestamp="2022-06-16T19:54:37Z" user="beddy" uid="3207726" lat="38.9115620" lon="-119.7614510"/>
 <node id="9823497203" visible="true" version="1" changeset="122479553" timestamp="2022-06-16T19:54:37Z" user="beddy" uid="3207726" lat="38.9115350" lon="-119.7613700"/>
 <node id="9823497204" visible="true" version="1" changeset="122479553" timestamp="2022-06-16T19:54:37Z" user="beddy" uid="3207726" lat="38.9114930" lon="-119.7613940"/>
 <node id="9823497205" visible="true" version="1" changeset="122479553" timestamp="2022-06-16T19:54:37Z" user="beddy" uid="3207726" lat="38.9115070" lon="-119.7614360"/>
 <node id="9823497206" visible="true" version="1" changeset="122479553" timestamp="2022-06-16T19:54:37Z" user="beddy" uid="3207726" lat="38.9113790" lon="-119.7610220"/>
 <node id="9823497207" visible="true" version="1" changeset="122479553" timestamp="2022-06-16T19:54:37Z" user="beddy" uid="3207726" lat="38.9112210" lon="-119.7609950"/>
 <node id="9823497208" visible="true" version="1" changeset="122479553" timestamp="2022-06-16T19:54:37Z" user="beddy" uid="3207726" lat="38.9112160" lon="-119.7610420"/>
 <node id="9823497209" visible="true" version="1" changeset="122479553" timestamp="2022-06-16T19:54:37Z" user="beddy" uid="3207726" lat="38.9111550" lon="-119.7610320"/>
 <node id="9823497210" visible="true" version="1" changeset="122479553" timestamp="2022-06-16T19:54:37Z" user="beddy" uid="3207726" lat="38.9111870" lon="-119.7607210"/>
 <node id="9823497211" visible="true" version="1" changeset="122479553" timestamp="2022-06-16T19:54:37Z" user="beddy" uid="3207726" lat="38.9112800" lon="-119.7607370"/>
 <node id="9823497212" visible="true" version="1" changeset="122479553" timestamp="2022-06-16T19:54:37Z" user="beddy" uid="3207726" lat="38.9112680" lon="-119.7608550"/>
 <node id="9823497213" visible="true" version="1" changeset="122479553" timestamp="2022-06-16T19:54:37Z" user="beddy" uid="3207726" lat="38.9113940" lon="-119.7608770"/>
 <node id="9823497214" visible="true" version="1" changeset="122479553" timestamp="2022-06-16T19:54:37Z" user="beddy" uid="3207726" lat="38.9114800" lon="-119.7608270"/>
 <node id="9823497215" visible="true" version="1" changeset="122479553" timestamp="2022-06-16T19:54:37Z" user="beddy" uid="3207726" lat="38.9114300" lon="-119.7606990"/>
 <node id="9823497216" visible="true" version="1" changeset="122479553" timestamp="2022-06-16T19:54:37Z" user="beddy" uid="3207726" lat="38.9115360" lon="-119.7606310"/>
 <node id="9823497617" visible="true" version="1" changeset="122479553" timestamp="2022-06-16T19:54:37Z" user="beddy" uid="3207726" lat="38.9114900" lon="-119.7605120"/>
 <node id="9823497618" visible="true" version="1" changeset="122479553" timestamp="2022-06-16T19:54:37Z" user="beddy" uid="3207726" lat="38.9115610" lon="-119.7604660"/>
 <node id="9823497619" visible="true" version="1" changeset="122479553" timestamp="2022-06-16T19:54:37Z" user="beddy" uid="3207726" lat="38.9116570" lon="-119.7607130"/>
 <node id="9823497620" visible="true" version="1" changeset="122479553" timestamp="2022-06-16T19:54:37Z" user="beddy" uid="3207726" lat="38.9112960" lon="-119.7599110"/>
 <node id="9823497621" visible="true" version="1" changeset="122479553" timestamp="2022-06-16T19:54:37Z" user="beddy" uid="3207726" lat="38.9112390" lon="-119.7599480"/>
 <node id="9823497622" visible="true" version="1" changeset="122479553" timestamp="2022-06-16T19:54:37Z" user="beddy" uid="3207726" lat="38.9112080" lon="-119.7598690"/>
 <node id="9823497623" visible="true" version="1" changeset="122479553" timestamp="2022-06-16T19:54:37Z" user="beddy" uid="3207726" lat="38.9112860" lon="-119.7598180"/>
 <node id="9823497624" visible="true" version="1" changeset="122479553" timestamp="2022-06-16T19:54:37Z" user="beddy" uid="3207726" lat="38.9113000" lon="-119.7598520"/>
 <node id="9823497625" visible="true" version="1" changeset="122479553" timestamp="2022-06-16T19:54:37Z" user="beddy" uid="3207726" lat="38.9113950" lon="-119.7597910"/>
 <node id="9823497626" visible="true" version="1" changeset="122479553" timestamp="2022-06-16T19:54:37Z" user="beddy" uid="3207726" lat="38.9114740" lon="-119.7599920"/>
 <node id="9823497627" visible="true" version="1" changeset="122479553" timestamp="2022-06-16T19:54:37Z" user="beddy" uid="3207726" lat="38.9113570" lon="-119.7600670"/>
 <node id="9823497628" visible="true" version="1" changeset="122479553" timestamp="2022-06-16T19:54:37Z" user="beddy" uid="3207726" lat="38.9111230" lon="-119.7594260"/>
 <node id="9823497629" visible="true" version="1" changeset="122479553" timestamp="2022-06-16T19:54:37Z" user="beddy" uid="3207726" lat="38.9112100" lon="-119.7593740"/>
 <node id="9823497630" visible="true" version="1" changeset="122479553" timestamp="2022-06-16T19:54:37Z" user="beddy" uid="3207726" lat="38.9112870" lon="-119.7595860"/>
 <node id="9823497631" visible="true" version="1" changeset="122479553" timestamp="2022-06-16T19:54:37Z" user="beddy" uid="3207726" lat="38.9111010" lon="-119.7596970"/>
 <node id="9823497632" visible="true" version="1" changeset="122479553" timestamp="2022-06-16T19:54:37Z" user="beddy" uid="3207726" lat="38.9110490" lon="-119.7595520"/>
 <node id="9823497633" visible="true" version="1" changeset="122479553" timestamp="2022-06-16T19:54:37Z" user="beddy" uid="3207726" lat="38.9111480" lon="-119.7594930"/>
 <node id="9823497634" visible="true" version="1" changeset="122479553" timestamp="2022-06-16T19:54:37Z" user="beddy" uid="3207726" lat="38.9123830" lon="-119.7609860"/>
 <node id="9823497635" visible="true" version="1" changeset="122479553" timestamp="2022-06-16T19:54:37Z" user="beddy" uid="3207726" lat="38.9124260" lon="-119.7609180"/>
 <node id="9823497636" visible="true" version="1" changeset="122479553" timestamp="2022-06-16T19:54:37Z" user="beddy" uid="3207726" lat="38.9124640" lon="-119.7609580"/>
 <node id="9823497637" visible="true" version="1" changeset="122479553" timestamp="2022-06-16T19:54:37Z" user="beddy" uid="3207726" lat="38.9124210" lon="-119.7610260"/>
 <node id="9823497638" visible="true" version="1" changeset="122479553" timestamp="2022-06-16T19:54:37Z" user="beddy" uid="3207726" lat="38.9102120" lon="-119.7608740"/>
 <node id="9823497639" visible="true" version="1" changeset="122479553" timestamp="2022-06-16T19:54:37Z" user="beddy" uid="3207726" lat="38.9102900" lon="-119.7608750"/>
 <node id="9823497640" visible="true" version="1" changeset="122479553" timestamp="2022-06-16T19:54:37Z" user="beddy" uid="3207726" lat="38.9102900" lon="-119.7610600"/>
 <node id="9823497641" visible="true" version="1" changeset="122479553" timestamp="2022-06-16T19:54:37Z" user="beddy" uid="3207726" lat="38.9102020" lon="-119.7610590"/>
 <node id="9823497642" visible="true" version="1" changeset="122479553" timestamp="2022-06-16T19:54:37Z" user="beddy" uid="3207726" lat="38.9102020" lon="-119.7611510"/>
 <node id="9823497643" visible="true" version="1" changeset="122479553" timestamp="2022-06-16T19:54:37Z" user="beddy" uid="3207726" lat="38.9101230" lon="-119.7611500"/>
 <node id="9823497644" visible="true" version="1" changeset="122479553" timestamp="2022-06-16T19:54:37Z" user="beddy" uid="3207726" lat="38.9101230" lon="-119.7609320"/>
 <node id="9823497645" visible="true" version="1" changeset="122479553" timestamp="2022-06-16T19:54:37Z" user="beddy" uid="3207726" lat="38.9102120" lon="-119.7609320"/>
 <node id="9823497646" visible="true" version="1" changeset="122479553" timestamp="2022-06-16T19:54:37Z" user="beddy" uid="3207726" lat="38.9108730" lon="-119.7623670"/>
 <node id="9823497647" visible="true" version="1" changeset="122479553" timestamp="2022-06-16T19:54:37Z" user="beddy" uid="3207726" lat="38.9109950" lon="-119.7625270"/>
 <node id="9823497648" visible="true" version="1" changeset="122479553" timestamp="2022-06-16T19:54:37Z" user="beddy" uid="3207726" lat="38.9109450" lon="-119.7625900"/>
 <node id="9823497649" visible="true" version="1" changeset="122479553" timestamp="2022-06-16T19:54:37Z" user="beddy" uid="3207726" lat="38.9108230" lon="-119.7624300"/>
 <node id="9823497650" visible="true" version="1" changeset="122479553" timestamp="2022-06-16T19:54:37Z" user="beddy" uid="3207726" lat="38.9108090" lon="-119.7638460"/>
 <node id="9823497651" visible="true" version="1" changeset="122479553" timestamp="2022-06-16T19:54:37Z" user="beddy" uid="3207726" lat="38.9109170" lon="-119.7638500"/>
 <node id="9823497652" visible="true" version="1" changeset="122479553" timestamp="2022-06-16T19:54:37Z" user="beddy" uid="3207726" lat="38.9109180" lon="-119.7637800"/>
 <node id="9823497653" visible="true" version="1" changeset="122479553" timestamp="2022-06-16T19:54:37Z" user="beddy" uid="3207726" lat="38.9110770" lon="-119.7637850"/>
 <node id="9823497654" visible="true" version="1" changeset="122479553" timestamp="2022-06-16T19:54:37Z" user="beddy" uid="3207726" lat="38.9110660" lon="-119.7642950"/>
 <node id="9823497655" visible="true" version="1" changeset="122479553" timestamp="2022-06-16T19:54:37Z" user="beddy" uid="3207726" lat="38.9107990" lon="-119.7642850"/>
 <node id="9823497656" visible="true" version="1" changeset="122479553" timestamp="2022-06-16T19:54:37Z" user="beddy" uid="3207726" lat="38.9112620" lon="-119.7632130"/>
 <node id="9823497657" visible="true" version="1" changeset="122479553" timestamp="2022-06-16T19:54:37Z" user="beddy" uid="3207726" lat="38.9112620" lon="-119.7634380"/>
 <node id="9823497658" visible="true" version="1" changeset="122479553" timestamp="2022-06-16T19:54:37Z" user="beddy" uid="3207726" lat="38.9111240" lon="-119.7634380"/>
 <node id="9823497659" visible="true" version="1" changeset="122479553" timestamp="2022-06-16T19:54:37Z" user="beddy" uid="3207726" lat="38.9111240" lon="-119.7632130"/>
 <node id="9823497660" visible="true" version="1" changeset="122479553" timestamp="2022-06-16T19:54:37Z" user="beddy" uid="3207726" lat="38.9108420" lon="-119.7631860"/>
 <node id="9823497661" visible="true" version="1" changeset="122479553" timestamp="2022-06-16T19:54:37Z" user="beddy" uid="3207726" lat="38.9110080" lon="-119.7631890"/>
 <node id="9823497662" visible="true" version="1" changeset="122479553" timestamp="2022-06-16T19:54:37Z" user="beddy" uid="3207726" lat="38.9110070" lon="-119.7632910"/>
 <node id="9823497663" visible="true" version="1" changeset="122479553" timestamp="2022-06-16T19:54:37Z" user="beddy" uid="3207726" lat="38.9108410" lon="-119.7632880"/>
 <node id="9823497664" visible="true" version="1" changeset="122479553" timestamp="2022-06-16T19:54:37Z" user="beddy" uid="3207726" lat="38.9109590" lon="-119.7637310"/>
 <node id="9823497665" visible="true" version="1" changeset="122479553" timestamp="2022-06-16T19:54:37Z" user="beddy" uid="3207726" lat="38.9108460" lon="-119.7637300"/>
 <node id="9823497666" visible="true" version="1" changeset="122479553" timestamp="2022-06-16T19:54:37Z" user="beddy" uid="3207726" lat="38.9108470" lon="-119.7636920"/>
 <node id="9823497667" visible="true" version="1" changeset="122479553" timestamp="2022-06-16T19:54:37Z" user="beddy" uid="3207726" lat="38.9108000" lon="-119.7636910"/>
 <node id="9823497668" visible="true" version="1" changeset="122479553" timestamp="2022-06-16T19:54:37Z" user="beddy" uid="3207726" lat="38.9108010" lon="-119.7634980"/>
 <node id="9823497669" visible="true" version="1" changeset="122479553" timestamp="2022-06-16T19:54:37Z" user="beddy" uid="3207726" lat="38.9108850" lon="-119.7634990"/>
 <node id="9823497670" visible="true" version="1" changeset="122479553" timestamp="2022-06-16T19:54:37Z" user="beddy" uid="3207726" lat="38.9108830" lon="-119.7636680"/>
 <node id="9823497671" visible="true" version="1" changeset="122479553" timestamp="2022-06-16T19:54:37Z" user="beddy" uid="3207726" lat="38.9109590" lon="-119.7636690"/>
 <node id="9823497672" visible="true" version="1" changeset="122479553" timestamp="2022-06-16T19:54:37Z" user="beddy" uid="3207726" lat="38.9112390" lon="-119.7629040"/>
 <node id="9823497673" visible="true" version="1" changeset="122479553" timestamp="2022-06-16T19:54:37Z" user="beddy" uid="3207726" lat="38.9110930" lon="-119.7629040"/>
 <node id="9823497674" visible="true" version="1" changeset="122479553" timestamp="2022-06-16T19:54:37Z" user="beddy" uid="3207726" lat="38.9110930" lon="-119.7627470"/>
 <node id="9823497675" visible="true" version="1" changeset="122479553" timestamp="2022-06-16T19:54:37Z" user="beddy" uid="3207726" lat="38.9112390" lon="-119.7627470"/>
 <node id="9823497676" visible="true" version="1" changeset="122479553" timestamp="2022-06-16T19:54:37Z" user="beddy" uid="3207726" lat="38.9117210" lon="-119.7634570"/>
 <node id="9823497677" visible="true" version="1" changeset="122479553" timestamp="2022-06-16T19:54:37Z" user="beddy" uid="3207726" lat="38.9117210" lon="-119.7632340"/>
 <node id="9823497678" visible="true" version="1" changeset="122479553" timestamp="2022-06-16T19:54:37Z" user="beddy" uid="3207726" lat="38.9117980" lon="-119.7632340"/>
 <node id="9823497679" visible="true" version="1" changeset="122479553" timestamp="2022-06-16T19:54:37Z" user="beddy" uid="3207726" lat="38.9117980" lon="-119.7634570"/>
 <node id="9823497680" visible="true" version="1" changeset="122479553" timestamp="2022-06-16T19:54:37Z" user="beddy" uid="3207726" lat="38.9115200" lon="-119.7632150"/>
 <node id="9823497681" visible="true" version="1" changeset="122479553" timestamp="2022-06-16T19:54:37Z" user="beddy" uid="3207726" lat="38.9115200" lon="-119.7634730"/>
 <node id="9823497682" visible="true" version="1" changeset="122479553" timestamp="2022-06-16T19:54:37Z" user="beddy" uid="3207726" lat="38.9114450" lon="-119.7634730"/>
 <node id="9823497683" visible="true" version="1" changeset="122479553" timestamp="2022-06-16T19:54:37Z" user="beddy" uid="3207726" lat="38.9114450" lon="-119.7632150"/>
 <node id="9823497684" visible="true" version="1" changeset="122479553" timestamp="2022-06-16T19:54:37Z" user="beddy" uid="3207726" lat="38.9092790" lon="-119.7601120"/>
 <node id="9823497685" visible="true" version="1" changeset="122479553" timestamp="2022-06-16T19:54:37Z" user="beddy" uid="3207726" lat="38.9092790" lon="-119.7599410"/>
 <node id="9823497686" visible="true" version="1" changeset="122479553" timestamp="2022-06-16T19:54:37Z" user="beddy" uid="3207726" lat="38.9094480" lon="-119.7599410"/>
 <node id="9823497687" visible="true" version="1" changeset="122479553" timestamp="2022-06-16T19:54:37Z" user="beddy" uid="3207726" lat="38.9094480" lon="-119.7601120"/>
 <node id="9823497688" visible="true" version="1" changeset="122479553" timestamp="2022-06-16T19:54:37Z" user="beddy" uid="3207726" lat="38.9101550" lon="-119.7599590"/>
 <node id="9823497689" visible="true" version="1" changeset="122479553" timestamp="2022-06-16T19:54:37Z" user="beddy" uid="3207726" lat="38.9101550" lon="-119.7599030"/>
 <node id="9823497690" visible="true" version="1" changeset="122479553" timestamp="2022-06-16T19:54:37Z" user="beddy" uid="3207726" lat="38.9102470" lon="-119.7599030"/>
 <node id="9823497691" visible="true" version="1" changeset="122479553" timestamp="2022-06-16T19:54:37Z" user="beddy" uid="3207726" lat="38.9102470" lon="-119.7599590"/>
 <node id="9823497692" visible="true" version="1" changeset="122479553" timestamp="2022-06-16T19:54:37Z" user="beddy" uid="3207726" lat="38.9102720" lon="-119.7599590"/>
 <node id="9823497693" visible="true" version="1" changeset="122479553" timestamp="2022-06-16T19:54:37Z" user="beddy" uid="3207726" lat="38.9102720" lon="-119.7601010"/>
 <node id="9823497694" visible="true" version="1" changeset="122479553" timestamp="2022-06-16T19:54:37Z" user="beddy" uid="3207726" lat="38.9100590" lon="-119.7601010"/>
 <node id="9823497695" visible="true" version="1" changeset="122479553" timestamp="2022-06-16T19:54:37Z" user="beddy" uid="3207726" lat="38.9100590" lon="-119.7599590"/>
 <node id="9823497696" visible="true" version="1" changeset="122479553" timestamp="2022-06-16T19:54:37Z" user="beddy" uid="3207726" lat="38.9102950" lon="-119.7587430"/>
 <node id="9823497697" visible="true" version="1" changeset="122479553" timestamp="2022-06-16T19:54:37Z" user="beddy" uid="3207726" lat="38.9102940" lon="-119.7589100"/>
 <node id="9823497698" visible="true" version="1" changeset="122479553" timestamp="2022-06-16T19:54:37Z" user="beddy" uid="3207726" lat="38.9102530" lon="-119.7589090"/>
 <node id="9823497699" visible="true" version="1" changeset="122479553" timestamp="2022-06-16T19:54:37Z" user="beddy" uid="3207726" lat="38.9102520" lon="-119.7590320"/>
 <node id="9823497700" visible="true" version="1" changeset="122479553" timestamp="2022-06-16T19:54:37Z" user="beddy" uid="3207726" lat="38.9101720" lon="-119.7590320"/>
 <node id="9823497701" visible="true" version="1" changeset="122479553" timestamp="2022-06-16T19:54:37Z" user="beddy" uid="3207726" lat="38.9101730" lon="-119.7589300"/>
 <node id="9823497702" visible="true" version="1" changeset="122479553" timestamp="2022-06-16T19:54:37Z" user="beddy" uid="3207726" lat="38.9100510" lon="-119.7589280"/>
 <node id="9823497703" visible="true" version="1" changeset="122479553" timestamp="2022-06-16T19:54:37Z" user="beddy" uid="3207726" lat="38.9100520" lon="-119.7587510"/>
 <node id="9823497704" visible="true" version="1" changeset="122479553" timestamp="2022-06-16T19:54:37Z" user="beddy" uid="3207726" lat="38.9101310" lon="-119.7587520"/>
 <node id="9823497705" visible="true" version="1" changeset="122479553" timestamp="2022-06-16T19:54:37Z" user="beddy" uid="3207726" lat="38.9101310" lon="-119.7586880"/>
 <node id="9823497706" visible="true" version="1" changeset="122479553" timestamp="2022-06-16T19:54:37Z" user="beddy" uid="3207726" lat="38.9101830" lon="-119.7586880"/>
 <node id="9823497707" visible="true" version="1" changeset="122479553" timestamp="2022-06-16T19:54:37Z" user="beddy" uid="3207726" lat="38.9101830" lon="-119.7587420"/>
 <node id="9823497708" visible="true" version="1" changeset="122479553" timestamp="2022-06-16T19:54:37Z" user="beddy" uid="3207726" lat="38.9097000" lon="-119.7587660"/>
 <node id="9823497709" visible="true" version="1" changeset="122479553" timestamp="2022-06-16T19:54:37Z" user="beddy" uid="3207726" lat="38.9096980" lon="-119.7588340"/>
 <node id="9823497710" visible="true" version="1" changeset="122479553" timestamp="2022-06-16T19:54:37Z" user="beddy" uid="3207726" lat="38.9097700" lon="-119.7588380"/>
 <node id="9823497711" visible="true" version="1" changeset="122479553" timestamp="2022-06-16T19:54:37Z" user="beddy" uid="3207726" lat="38.9097660" lon="-119.7589690"/>
 <node id="9823497712" visible="true" version="1" changeset="122479553" timestamp="2022-06-16T19:54:37Z" user="beddy" uid="3207726" lat="38.9095110" lon="-119.7589570"/>
 <node id="9823497713" visible="true" version="1" changeset="122479553" timestamp="2022-06-16T19:54:37Z" user="beddy" uid="3207726" lat="38.9095170" lon="-119.7587570"/>
 <node id="9823497714" visible="true" version="1" changeset="122479553" timestamp="2022-06-16T19:54:37Z" user="beddy" uid="3207726" lat="38.9092420" lon="-119.7586360"/>
 <node id="9823497715" visible="true" version="1" changeset="122479553" timestamp="2022-06-16T19:54:37Z" user="beddy" uid="3207726" lat="38.9090490" lon="-119.7585370"/>
 <node id="9823497716" visible="true" version="1" changeset="122479553" timestamp="2022-06-16T19:54:37Z" user="beddy" uid="3207726" lat="38.9090330" lon="-119.7585890"/>
 <node id="9823497717" visible="true" version="1" changeset="122479553" timestamp="2022-06-16T19:54:37Z" user="beddy" uid="3207726" lat="38.9089840" lon="-119.7585640"/>
 <node id="9823497718" visible="true" version="1" changeset="122479553" timestamp="2022-06-16T19:54:37Z" user="beddy" uid="3207726" lat="38.9090160" lon="-119.7584620"/>
 <node id="9823497719" visible="true" version="1" changeset="122479553" timestamp="2022-06-16T19:54:37Z" user="beddy" uid="3207726" lat="38.9089600" lon="-119.7584340"/>
 <node id="9823497720" visible="true" version="1" changeset="122479553" timestamp="2022-06-16T19:54:37Z" user="beddy" uid="3207726" lat="38.9089820" lon="-119.7583620"/>
 <node id="9823497721" visible="true" version="1" changeset="122479553" timestamp="2022-06-16T19:54:37Z" user="beddy" uid="3207726" lat="38.9089330" lon="-119.7583370"/>
 <node id="9823497722" visible="true" version="1" changeset="122479553" timestamp="2022-06-16T19:54:37Z" user="beddy" uid="3207726" lat="38.9089550" lon="-119.7582650"/>
 <node id="9823497723" visible="true" version="1" changeset="122479553" timestamp="2022-06-16T19:54:37Z" user="beddy" uid="3207726" lat="38.9090830" lon="-119.7583310"/>
 <node id="9823497724" visible="true" version="1" changeset="122479553" timestamp="2022-06-16T19:54:37Z" user="beddy" uid="3207726" lat="38.9090700" lon="-119.7583750"/>
 <node id="9823497725" visible="true" version="1" changeset="122479553" timestamp="2022-06-16T19:54:37Z" user="beddy" uid="3207726" lat="38.9092880" lon="-119.7584860"/>
 <node id="9823497726" visible="true" version="1" changeset="122479553" timestamp="2022-06-16T19:54:37Z" user="beddy" uid="3207726" lat="38.9102970" lon="-119.7580740"/>
 <node id="9823497727" visible="true" version="1" changeset="122479553" timestamp="2022-06-16T19:54:37Z" user="beddy" uid="3207726" lat="38.9102970" lon="-119.7579580"/>
 <node id="9823497728" visible="true" version="1" changeset="122479553" timestamp="2022-06-16T19:54:37Z" user="beddy" uid="3207726" lat="38.9104850" lon="-119.7579580"/>
 <node id="9823497729" visible="true" version="1" changeset="122479553" timestamp="2022-06-16T19:54:37Z" user="beddy" uid="3207726" lat="38.9104850" lon="-119.7582190"/>
 <node id="9823497730" visible="true" version="1" changeset="122479553" timestamp="2022-06-16T19:54:37Z" user="beddy" uid="3207726" lat="38.9104160" lon="-119.7582190"/>
 <node id="9823497731" visible="true" version="1" changeset="122479553" timestamp="2022-06-16T19:54:37Z" user="beddy" uid="3207726" lat="38.9104160" lon="-119.7580740"/>
 <node id="9823497732" visible="true" version="1" changeset="122479553" timestamp="2022-06-16T19:54:37Z" user="beddy" uid="3207726" lat="38.9085370" lon="-119.7596970"/>
 <node id="9823497733" visible="true" version="1" changeset="122479553" timestamp="2022-06-16T19:54:37Z" user="beddy" uid="3207726" lat="38.9087660" lon="-119.7598490"/>
 <node id="9823497734" visible="true" version="1" changeset="122479553" timestamp="2022-06-16T19:54:37Z" user="beddy" uid="3207726" lat="38.9087150" lon="-119.7599780"/>
 <node id="9823497735" visible="true" version="1" changeset="122479553" timestamp="2022-06-16T19:54:37Z" user="beddy" uid="3207726" lat="38.9086440" lon="-119.7599310"/>
 <node id="9823497736" visible="true" version="1" changeset="122479553" timestamp="2022-06-16T19:54:37Z" user="beddy" uid="3207726" lat="38.9086250" lon="-119.7599790"/>
 <node id="9823497737" visible="true" version="1" changeset="122479553" timestamp="2022-06-16T19:54:37Z" user="beddy" uid="3207726" lat="38.9084660" lon="-119.7598740"/>
 <node id="9823497738" visible="true" version="1" changeset="122479553" timestamp="2022-06-16T19:54:37Z" user="beddy" uid="3207726" lat="38.9078040" lon="-119.7599300"/>
 <node id="9823497739" visible="true" version="1" changeset="122479553" timestamp="2022-06-16T19:54:37Z" user="beddy" uid="3207726" lat="38.9078610" lon="-119.7597930"/>
 <node id="9823497740" visible="true" version="1" changeset="122479553" timestamp="2022-06-16T19:54:37Z" user="beddy" uid="3207726" lat="38.9080110" lon="-119.7598980"/>
 <node id="9823497741" visible="true" version="1" changeset="122479553" timestamp="2022-06-16T19:54:37Z" user="beddy" uid="3207726" lat="38.9080470" lon="-119.7598130"/>
 <node id="9823497742" visible="true" version="1" changeset="122479553" timestamp="2022-06-16T19:54:37Z" user="beddy" uid="3207726" lat="38.9081860" lon="-119.7599090"/>
 <node id="9823497743" visible="true" version="1" changeset="122479553" timestamp="2022-06-16T19:54:37Z" user="beddy" uid="3207726" lat="38.9081970" lon="-119.7598820"/>
 <node id="9823497744" visible="true" version="1" changeset="122479553" timestamp="2022-06-16T19:54:37Z" user="beddy" uid="3207726" lat="38.9082540" lon="-119.7599220"/>
 <node id="9823497745" visible="true" version="1" changeset="122479553" timestamp="2022-06-16T19:54:37Z" user="beddy" uid="3207726" lat="38.9081700" lon="-119.7601210"/>
 <node id="9823497746" visible="true" version="1" changeset="122479553" timestamp="2022-06-16T19:54:37Z" user="beddy" uid="3207726" lat="38.9081790" lon="-119.7601280"/>
 <node id="9823497747" visible="true" version="1" changeset="122479553" timestamp="2022-06-16T19:54:37Z" user="beddy" uid="3207726" lat="38.9081360" lon="-119.7602310"/>
 <node id="9823497748" visible="true" version="1" changeset="122479553" timestamp="2022-06-16T19:54:37Z" user="beddy" uid="3207726" lat="38.9080410" lon="-119.7601650"/>
 <node id="9823497749" visible="true" version="1" changeset="122479553" timestamp="2022-06-16T19:54:37Z" user="beddy" uid="3207726" lat="38.9080910" lon="-119.7600480"/>
 <node id="9823497750" visible="true" version="1" changeset="122479553" timestamp="2022-06-16T19:54:37Z" user="beddy" uid="3207726" lat="38.9080510" lon="-119.7600210"/>
 <node id="9823497751" visible="true" version="1" changeset="122479553" timestamp="2022-06-16T19:54:37Z" user="beddy" uid="3207726" lat="38.9080210" lon="-119.7600940"/>
 <node id="9823497752" visible="true" version="1" changeset="122479553" timestamp="2022-06-16T19:54:37Z" user="beddy" uid="3207726" lat="38.9079770" lon="-119.7600630"/>
 <node id="9823497753" visible="true" version="1" changeset="122479553" timestamp="2022-06-16T19:54:37Z" user="beddy" uid="3207726" lat="38.9079530" lon="-119.7601200"/>
 <node id="9823497754" visible="true" version="1" changeset="122479553" timestamp="2022-06-16T19:54:37Z" user="beddy" uid="3207726" lat="38.9078980" lon="-119.7600820"/>
 <node id="9823497755" visible="true" version="1" changeset="122479553" timestamp="2022-06-16T19:54:37Z" user="beddy" uid="3207726" lat="38.9079260" lon="-119.7600150"/>
 <node id="9823497756" visible="true" version="1" changeset="122479553" timestamp="2022-06-16T19:54:37Z" user="beddy" uid="3207726" lat="38.9084790" lon="-119.7587460"/>
 <node id="9823497757" visible="true" version="1" changeset="122479553" timestamp="2022-06-16T19:54:37Z" user="beddy" uid="3207726" lat="38.9082420" lon="-119.7586860"/>
 <node id="9823497758" visible="true" version="1" changeset="122479553" timestamp="2022-06-16T19:54:37Z" user="beddy" uid="3207726" lat="38.9082880" lon="-119.7583880"/>
 <node id="9823497759" visible="true" version="1" changeset="122479553" timestamp="2022-06-16T19:54:37Z" user="beddy" uid="3207726" lat="38.9084400" lon="-119.7584260"/>
 <node id="9823497760" visible="true" version="1" changeset="122479553" timestamp="2022-06-16T19:54:37Z" user="beddy" uid="3207726" lat="38.9084260" lon="-119.7585210"/>
 <node id="9823497761" visible="true" version="1" changeset="122479553" timestamp="2022-06-16T19:54:37Z" user="beddy" uid="3207726" lat="38.9085530" lon="-119.7585530"/>
 <node id="9823497762" visible="true" version="1" changeset="122479553" timestamp="2022-06-16T19:54:37Z" user="beddy" uid="3207726" lat="38.9085280" lon="-119.7587150"/>
 <node id="9823497763" visible="true" version="1" changeset="122479553" timestamp="2022-06-16T19:54:37Z" user="beddy" uid="3207726" lat="38.9084860" lon="-119.7587050"/>
 <node id="9823497764" visible="true" version="1" changeset="122479553" timestamp="2022-06-16T19:54:37Z" user="beddy" uid="3207726" lat="38.9081920" lon="-119.7582570"/>
 <node id="9823497765" visible="true" version="1" changeset="122479553" timestamp="2022-06-16T19:54:37Z" user="beddy" uid="3207726" lat="38.9081910" lon="-119.7579590"/>
 <node id="9823497766" visible="true" version="1" changeset="122479553" timestamp="2022-06-16T19:54:37Z" user="beddy" uid="3207726" lat="38.9084080" lon="-119.7579570"/>
 <node id="9823497767" visible="true" version="1" changeset="122479553" timestamp="2022-06-16T19:54:37Z" user="beddy" uid="3207726" lat="38.9084090" lon="-119.7581020"/>
 <node id="9823497768" visible="true" version="1" changeset="122479553" timestamp="2022-06-16T19:54:37Z" user="beddy" uid="3207726" lat="38.9083240" lon="-119.7581030"/>
 <node id="9823497769" visible="true" version="1" changeset="122479553" timestamp="2022-06-16T19:54:37Z" user="beddy" uid="3207726" lat="38.9083250" lon="-119.7582560"/>
 <node id="9823497770" visible="true" version="1" changeset="122479553" timestamp="2022-06-16T19:54:37Z" user="beddy" uid="3207726" lat="38.9083440" lon="-119.7610750"/>
 <node id="9823497771" visible="true" version="1" changeset="122479553" timestamp="2022-06-16T19:54:37Z" user="beddy" uid="3207726" lat="38.9083440" lon="-119.7608930"/>
 <node id="9823497772" visible="true" version="1" changeset="122479553" timestamp="2022-06-16T19:54:37Z" user="beddy" uid="3207726" lat="38.9085110" lon="-119.7608930"/>
 <node id="9823497773" visible="true" version="1" changeset="122479553" timestamp="2022-06-16T19:54:37Z" user="beddy" uid="3207726" lat="38.9085110" lon="-119.7610750"/>
 <node id="9823497774" visible="true" version="1" changeset="122479553" timestamp="2022-06-16T19:54:37Z" user="beddy" uid="3207726" lat="38.9082670" lon="-119.7613740"/>
 <node id="9823497775" visible="true" version="1" changeset="122479553" timestamp="2022-06-16T19:54:37Z" user="beddy" uid="3207726" lat="38.9082140" lon="-119.7614160"/>
 <node id="9823497776" visible="true" version="1" changeset="122479553" timestamp="2022-06-16T19:54:37Z" user="beddy" uid="3207726" lat="38.9081680" lon="-119.7613200"/>
 <node id="9823497777" visible="true" version="1" changeset="122479553" timestamp="2022-06-16T19:54:37Z" user="beddy" uid="3207726" lat="38.9082950" lon="-119.7612210"/>
 <node id="9823497778" visible="true" version="1" changeset="122479553" timestamp="2022-06-16T19:54:37Z" user="beddy" uid="3207726" lat="38.9083720" lon="-119.7613840"/>
 <node id="9823497779" visible="true" version="1" changeset="122479553" timestamp="2022-06-16T19:54:37Z" user="beddy" uid="3207726" lat="38.9082990" lon="-119.7614410"/>
 <node id="9823497780" visible="true" version="1" changeset="122479553" timestamp="2022-06-16T19:54:37Z" user="beddy" uid="3207726" lat="38.9078700" lon="-119.7611310"/>
 <node id="9823497781" visible="true" version="1" changeset="122479553" timestamp="2022-06-16T19:54:37Z" user="beddy" uid="3207726" lat="38.9078700" lon="-119.7609030"/>
 <node id="9823497782" visible="true" version="1" changeset="122479553" timestamp="2022-06-16T19:54:37Z" user="beddy" uid="3207726" lat="38.9080180" lon="-119.7609030"/>
 <node id="9823497783" visible="true" version="1" changeset="122479553" timestamp="2022-06-16T19:54:37Z" user="beddy" uid="3207726" lat="38.9080180" lon="-119.7611310"/>
 <node id="9823497784" visible="true" version="1" changeset="122479553" timestamp="2022-06-16T19:54:37Z" user="beddy" uid="3207726" lat="38.9078570" lon="-119.7612540"/>
 <node id="9823497785" visible="true" version="1" changeset="122479553" timestamp="2022-06-16T19:54:37Z" user="beddy" uid="3207726" lat="38.9078560" lon="-119.7613480"/>
 <node id="9823497786" visible="true" version="1" changeset="122479553" timestamp="2022-06-16T19:54:37Z" user="beddy" uid="3207726" lat="38.9079220" lon="-119.7613500"/>
 <node id="9823497787" visible="true" version="1" changeset="122479553" timestamp="2022-06-16T19:54:37Z" user="beddy" uid="3207726" lat="38.9079200" lon="-119.7614980"/>
 <node id="9823497788" visible="true" version="1" changeset="122479553" timestamp="2022-06-16T19:54:37Z" user="beddy" uid="3207726" lat="38.9078390" lon="-119.7614950"/>
 <node id="9823497789" visible="true" version="1" changeset="122479553" timestamp="2022-06-16T19:54:37Z" user="beddy" uid="3207726" lat="38.9078400" lon="-119.7614270"/>
 <node id="9823497790" visible="true" version="1" changeset="122479553" timestamp="2022-06-16T19:54:37Z" user="beddy" uid="3207726" lat="38.9076730" lon="-119.7614230"/>
 <node id="9823497791" visible="true" version="1" changeset="122479553" timestamp="2022-06-16T19:54:37Z" user="beddy" uid="3207726" lat="38.9076760" lon="-119.7612500"/>
 <node id="9823497792" visible="true" version="1" changeset="122479553" timestamp="2022-06-16T19:54:37Z" user="beddy" uid="3207726" lat="38.9081350" lon="-119.7623890"/>
 <node id="9823497793" visible="true" version="1" changeset="122479553" timestamp="2022-06-16T19:54:37Z" user="beddy" uid="3207726" lat="38.9081350" lon="-119.7622690"/>
 <node id="9823497794" visible="true" version="1" changeset="122479553" timestamp="2022-06-16T19:54:37Z" user="beddy" uid="3207726" lat="38.9083310" lon="-119.7622690"/>
 <node id="9823497795" visible="true" version="1" changeset="122479553" timestamp="2022-06-16T19:54:37Z" user="beddy" uid="3207726" lat="38.9083310" lon="-119.7623890"/>
 <node id="9823497796" visible="true" version="1" changeset="122479553" timestamp="2022-06-16T19:54:37Z" user="beddy" uid="3207726" lat="38.9077440" lon="-119.7621540"/>
 <node id="9823497797" visible="true" version="1" changeset="122479553" timestamp="2022-06-16T19:54:37Z" user="beddy" uid="3207726" lat="38.9077610" lon="-119.7620210"/>
 <node id="9823497798" visible="true" version="1" changeset="122479553" timestamp="2022-06-16T19:54:37Z" user="beddy" uid="3207726" lat="38.9080710" lon="-119.7620840"/>
 <node id="9823497799" visible="true" version="1" changeset="122479553" timestamp="2022-06-16T19:54:37Z" user="beddy" uid="3207726" lat="38.9080540" lon="-119.7622180"/>
 <node id="9823497800" visible="true" version="1" changeset="122479553" timestamp="2022-06-16T19:54:37Z" user="beddy" uid="3207726" lat="38.9091620" lon="-119.7620380"/>
 <node id="9823497801" visible="true" version="1" changeset="122479553" timestamp="2022-06-16T19:54:37Z" user="beddy" uid="3207726" lat="38.9092890" lon="-119.7620380"/>
 <node id="9823497802" visible="true" version="1" changeset="122479553" timestamp="2022-06-16T19:54:37Z" user="beddy" uid="3207726" lat="38.9092890" lon="-119.7621560"/>
 <node id="9823497803" visible="true" version="1" changeset="122479553" timestamp="2022-06-16T19:54:37Z" user="beddy" uid="3207726" lat="38.9091620" lon="-119.7621560"/>
 <node id="9823497804" visible="true" version="1" changeset="122479553" timestamp="2022-06-16T19:54:37Z" user="beddy" uid="3207726" lat="38.9087660" lon="-119.7614920"/>
 <node id="9823497805" visible="true" version="1" changeset="122479553" timestamp="2022-06-16T19:54:37Z" user="beddy" uid="3207726" lat="38.9086720" lon="-119.7614430"/>
 <node id="9823497806" visible="true" version="1" changeset="122479553" timestamp="2022-06-16T19:54:37Z" user="beddy" uid="3207726" lat="38.9087330" lon="-119.7612500"/>
 <node id="9823497807" visible="true" version="1" changeset="122479553" timestamp="2022-06-16T19:54:37Z" user="beddy" uid="3207726" lat="38.9089120" lon="-119.7613430"/>
 <node id="9823497808" visible="true" version="1" changeset="122479553" timestamp="2022-06-16T19:54:37Z" user="beddy" uid="3207726" lat="38.9088790" lon="-119.7614450"/>
 <node id="9823497809" visible="true" version="1" changeset="122479553" timestamp="2022-06-16T19:54:37Z" user="beddy" uid="3207726" lat="38.9087950" lon="-119.7614010"/>
 <node id="9823497810" visible="true" version="1" changeset="122479553" timestamp="2022-06-16T19:54:37Z" user="beddy" uid="3207726" lat="38.9094040" lon="-119.7612490"/>
 <node id="9823497811" visible="true" version="1" changeset="122479553" timestamp="2022-06-16T19:54:37Z" user="beddy" uid="3207726" lat="38.9094040" lon="-119.7613430"/>
 <node id="9823497812" visible="true" version="1" changeset="122479553" timestamp="2022-06-16T19:54:37Z" user="beddy" uid="3207726" lat="38.9093310" lon="-119.7613430"/>
 <node id="9823497813" visible="true" version="1" changeset="122479553" timestamp="2022-06-16T19:54:37Z" user="beddy" uid="3207726" lat="38.9093310" lon="-119.7614510"/>
 <node id="9823497814" visible="true" version="1" changeset="122479553" timestamp="2022-06-16T19:54:37Z" user="beddy" uid="3207726" lat="38.9092560" lon="-119.7614510"/>
 <node id="9823497815" visible="true" version="1" changeset="122479553" timestamp="2022-06-16T19:54:37Z" user="beddy" uid="3207726" lat="38.9092560" lon="-119.7612490"/>
 <node id="9823497816" visible="true" version="1" changeset="122479553" timestamp="2022-06-16T19:54:37Z" user="beddy" uid="3207726" lat="38.9099380" lon="-119.7612030"/>
 <node id="9823497817" visible="true" version="1" changeset="122479553" timestamp="2022-06-16T19:54:37Z" user="beddy" uid="3207726" lat="38.9099380" lon="-119.7613450"/>
 <node id="9823497818" visible="true" version="1" changeset="122479553" timestamp="2022-06-16T19:54:37Z" user="beddy" uid="3207726" lat="38.9097560" lon="-119.7613460"/>
 <node id="9823497819" visible="true" version="1" changeset="122479553" timestamp="2022-06-16T19:54:37Z" user="beddy" uid="3207726" lat="38.9097560" lon="-119.7610860"/>
 <node id="9823497820" visible="true" version="1" changeset="122479553" timestamp="2022-06-16T19:54:37Z" user="beddy" uid="3207726" lat="38.9098430" lon="-119.7610860"/>
 <node id="9823497821" visible="true" version="1" changeset="122479553" timestamp="2022-06-16T19:54:37Z" user="beddy" uid="3207726" lat="38.9098440" lon="-119.7612040"/>
 <node id="9823497822" visible="true" version="1" changeset="122479553" timestamp="2022-06-16T19:54:37Z" user="beddy" uid="3207726" lat="38.9096570" lon="-119.7602380"/>
 <node id="9823497823" visible="true" version="1" changeset="122479553" timestamp="2022-06-16T19:54:37Z" user="beddy" uid="3207726" lat="38.9096570" lon="-119.7604580"/>
 <node id="9823497824" visible="true" version="1" changeset="122479553" timestamp="2022-06-16T19:54:37Z" user="beddy" uid="3207726" lat="38.9095840" lon="-119.7604580"/>
 <node id="9823497825" visible="true" version="1" changeset="122479553" timestamp="2022-06-16T19:54:37Z" user="beddy" uid="3207726" lat="38.9095840" lon="-119.7602380"/>
 <node id="9823497826" visible="true" version="1" changeset="122479553" timestamp="2022-06-16T19:54:37Z" user="beddy" uid="3207726" lat="38.9104290" lon="-119.7625280"/>
 <node id="9823497827" visible="true" version="1" changeset="122479553" timestamp="2022-06-16T19:54:37Z" user="beddy" uid="3207726" lat="38.9104350" lon="-119.7628020"/>
 <node id="9823497828" visible="true" version="1" changeset="122479553" timestamp="2022-06-16T19:54:37Z" user="beddy" uid="3207726" lat="38.9103430" lon="-119.7628050"/>
 <node id="9823497829" visible="true" version="1" changeset="122479553" timestamp="2022-06-16T19:54:37Z" user="beddy" uid="3207726" lat="38.9103410" lon="-119.7627090"/>
 <node id="9823497830" visible="true" version="1" changeset="122479553" timestamp="2022-06-16T19:54:37Z" user="beddy" uid="3207726" lat="38.9103160" lon="-119.7627090"/>
 <node id="9823497831" visible="true" version="1" changeset="122479553" timestamp="2022-06-16T19:54:37Z" user="beddy" uid="3207726" lat="38.9103140" lon="-119.7626010"/>
 <node id="9823497832" visible="true" version="1" changeset="122479553" timestamp="2022-06-16T19:54:37Z" user="beddy" uid="3207726" lat="38.9102870" lon="-119.7626020"/>
 <node id="9823497833" visible="true" version="1" changeset="122479553" timestamp="2022-06-16T19:54:37Z" user="beddy" uid="3207726" lat="38.9102850" lon="-119.7625340"/>
 <node id="9823497834" visible="true" version="1" changeset="122479553" timestamp="2022-06-16T19:54:37Z" user="beddy" uid="3207726" lat="38.9101390" lon="-119.7630730"/>
 <node id="9823497835" visible="true" version="1" changeset="122479553" timestamp="2022-06-16T19:54:37Z" user="beddy" uid="3207726" lat="38.9102370" lon="-119.7630730"/>
 <node id="9823497836" visible="true" version="1" changeset="122479553" timestamp="2022-06-16T19:54:37Z" user="beddy" uid="3207726" lat="38.9102370" lon="-119.7633930"/>
 <node id="9823497837" visible="true" version="1" changeset="122479553" timestamp="2022-06-16T19:54:37Z" user="beddy" uid="3207726" lat="38.9101390" lon="-119.7633930"/>
 <node id="9823497838" visible="true" version="1" changeset="122479553" timestamp="2022-06-16T19:54:37Z" user="beddy" uid="3207726" lat="38.9094640" lon="-119.7633640"/>
 <node id="9823497839" visible="true" version="1" changeset="122479553" timestamp="2022-06-16T19:54:37Z" user="beddy" uid="3207726" lat="38.9094600" lon="-119.7630340"/>
 <node id="9823497840" visible="true" version="1" changeset="122479553" timestamp="2022-06-16T19:54:37Z" user="beddy" uid="3207726" lat="38.9096280" lon="-119.7630300"/>
 <node id="9823497841" visible="true" version="1" changeset="122479553" timestamp="2022-06-16T19:54:37Z" user="beddy" uid="3207726" lat="38.9096320" lon="-119.7633600"/>
 <node id="9823497842" visible="true" version="1" changeset="122479553" timestamp="2022-06-16T19:54:37Z" user="beddy" uid="3207726" lat="38.9092930" lon="-119.7630330"/>
 <node id="9823497843" visible="true" version="1" changeset="122479553" timestamp="2022-06-16T19:54:37Z" user="beddy" uid="3207726" lat="38.9092940" lon="-119.7633350"/>
 <node id="9823497844" visible="true" version="1" changeset="122479553" timestamp="2022-06-16T19:54:37Z" user="beddy" uid="3207726" lat="38.9092080" lon="-119.7633350"/>
 <node id="9823497845" visible="true" version="1" changeset="122479553" timestamp="2022-06-16T19:54:37Z" user="beddy" uid="3207726" lat="38.9092080" lon="-119.7630330"/>
 <node id="9823497846" visible="true" version="1" changeset="122479553" timestamp="2022-06-16T19:54:37Z" user="beddy" uid="3207726" lat="38.9079870" lon="-119.7631060"/>
 <node id="9823497847" visible="true" version="1" changeset="122479553" timestamp="2022-06-16T19:54:37Z" user="beddy" uid="3207726" lat="38.9078160" lon="-119.7631060"/>
 <node id="9823497848" visible="true" version="1" changeset="122479553" timestamp="2022-06-16T19:54:37Z" user="beddy" uid="3207726" lat="38.9078160" lon="-119.7629550"/>
 <node id="9823497849" visible="true" version="1" changeset="122479553" timestamp="2022-06-16T19:54:37Z" user="beddy" uid="3207726" lat="38.9079870" lon="-119.7629550"/>
 <node id="9823497850" visible="true" version="1" changeset="122479553" timestamp="2022-06-16T19:54:37Z" user="beddy" uid="3207726" lat="38.9071830" lon="-119.7614220"/>
 <node id="9823497851" visible="true" version="1" changeset="122479553" timestamp="2022-06-16T19:54:37Z" user="beddy" uid="3207726" lat="38.9071840" lon="-119.7613000"/>
 <node id="9823497852" visible="true" version="1" changeset="122479553" timestamp="2022-06-16T19:54:37Z" user="beddy" uid="3207726" lat="38.9071610" lon="-119.7613000"/>
 <node id="9823497853" visible="true" version="1" changeset="122479553" timestamp="2022-06-16T19:54:37Z" user="beddy" uid="3207726" lat="38.9071610" lon="-119.7612040"/>
 <node id="9823497854" visible="true" version="1" changeset="122479553" timestamp="2022-06-16T19:54:37Z" user="beddy" uid="3207726" lat="38.9072490" lon="-119.7612040"/>
 <node id="9823497855" visible="true" version="1" changeset="122479553" timestamp="2022-06-16T19:54:37Z" user="beddy" uid="3207726" lat="38.9072490" lon="-119.7612840"/>
 <node id="9823497856" visible="true" version="1" changeset="122479553" timestamp="2022-06-16T19:54:37Z" user="beddy" uid="3207726" lat="38.9072930" lon="-119.7613480"/>
 <node id="9823497857" visible="true" version="1" changeset="122479553" timestamp="2022-06-16T19:54:37Z" user="beddy" uid="3207726" lat="38.9072930" lon="-119.7613030"/>
 <node id="9823497858" visible="true" version="1" changeset="122479553" timestamp="2022-06-16T19:54:37Z" user="beddy" uid="3207726" lat="38.9073760" lon="-119.7613040"/>
 <node id="9823497859" visible="true" version="1" changeset="122479553" timestamp="2022-06-16T19:54:37Z" user="beddy" uid="3207726" lat="38.9073760" lon="-119.7612640"/>
 <node id="9823497860" visible="true" version="1" changeset="122479553" timestamp="2022-06-16T19:54:37Z" user="beddy" uid="3207726" lat="38.9074920" lon="-119.7611350"/>
 <node id="9823497861" visible="true" version="1" changeset="122479553" timestamp="2022-06-16T19:54:37Z" user="beddy" uid="3207726" lat="38.9075440" lon="-119.7612110"/>
 <node id="9823497862" visible="true" version="1" changeset="122479553" timestamp="2022-06-16T19:54:37Z" user="beddy" uid="3207726" lat="38.9074470" lon="-119.7613200"/>
 <node id="9823497863" visible="true" version="1" changeset="122479553" timestamp="2022-06-16T19:54:37Z" user="beddy" uid="3207726" lat="38.9074470" lon="-119.7614230"/>
 <node id="9823497864" visible="true" version="1" changeset="122479553" timestamp="2022-06-16T19:54:37Z" user="beddy" uid="3207726" lat="38.9069370" lon="-119.7610510"/>
 <node id="9823497865" visible="true" version="1" changeset="122479553" timestamp="2022-06-16T19:54:37Z" user="beddy" uid="3207726" lat="38.9069370" lon="-119.7608980"/>
 <node id="9823497866" visible="true" version="1" changeset="122479553" timestamp="2022-06-16T19:54:37Z" user="beddy" uid="3207726" lat="38.9070350" lon="-119.7608980"/>
 <node id="9823497867" visible="true" version="1" changeset="122479553" timestamp="2022-06-16T19:54:37Z" user="beddy" uid="3207726" lat="38.9070350" lon="-119.7610510"/>
 <node id="9823501709" visible="true" version="1" changeset="122479735" timestamp="2022-06-16T19:59:52Z" user="beddy" uid="3207726" lat="38.9074090" lon="-119.7676280"/>
 <node id="9823501710" visible="true" version="1" changeset="122479735" timestamp="2022-06-16T19:59:52Z" user="beddy" uid="3207726" lat="38.9074090" lon="-119.7677910"/>
 <node id="9823501711" visible="true" version="1" changeset="122479735" timestamp="2022-06-16T19:59:52Z" user="beddy" uid="3207726" lat="38.9073000" lon="-119.7677910"/>
 <node id="9823501712" visible="true" version="1" changeset="122479735" timestamp="2022-06-16T19:59:52Z" user="beddy" uid="3207726" lat="38.9073000" lon="-119.7676280"/>
 <node id="9823501713" visible="true" version="1" changeset="122479735" timestamp="2022-06-16T19:59:52Z" user="beddy" uid="3207726" lat="38.9078290" lon="-119.7692710"/>
 <node id="9823501714" visible="true" version="1" changeset="122479735" timestamp="2022-06-16T19:59:52Z" user="beddy" uid="3207726" lat="38.9079740" lon="-119.7693550"/>
 <node id="9823501715" visible="true" version="1" changeset="122479735" timestamp="2022-06-16T19:59:52Z" user="beddy" uid="3207726" lat="38.9079370" lon="-119.7694590"/>
 <node id="9823501716" visible="true" version="1" changeset="122479735" timestamp="2022-06-16T19:59:52Z" user="beddy" uid="3207726" lat="38.9078600" lon="-119.7694140"/>
 <node id="9823504517" visible="true" version="1" changeset="122479735" timestamp="2022-06-16T19:59:52Z" user="beddy" uid="3207726" lat="38.9078410" lon="-119.7694680"/>
 <node id="9823504518" visible="true" version="1" changeset="122479735" timestamp="2022-06-16T19:59:52Z" user="beddy" uid="3207726" lat="38.9077730" lon="-119.7694290"/>
 <node id="9823504519" visible="true" version="1" changeset="122479735" timestamp="2022-06-16T19:59:52Z" user="beddy" uid="3207726" lat="38.9083820" lon="-119.7713770"/>
 <node id="9823504520" visible="true" version="1" changeset="122479735" timestamp="2022-06-16T19:59:52Z" user="beddy" uid="3207726" lat="38.9085550" lon="-119.7713780"/>
 <node id="9823504521" visible="true" version="1" changeset="122479735" timestamp="2022-06-16T19:59:52Z" user="beddy" uid="3207726" lat="38.9085520" lon="-119.7720920"/>
 <node id="9823504522" visible="true" version="1" changeset="122479735" timestamp="2022-06-16T19:59:52Z" user="beddy" uid="3207726" lat="38.9083790" lon="-119.7720910"/>
 <node id="9823504523" visible="true" version="1" changeset="122479735" timestamp="2022-06-16T19:59:52Z" user="beddy" uid="3207726" lat="38.9086550" lon="-119.7716830"/>
 <node id="9823504524" visible="true" version="1" changeset="122479735" timestamp="2022-06-16T19:59:52Z" user="beddy" uid="3207726" lat="38.9088260" lon="-119.7716830"/>
 <node id="9823504525" visible="true" version="1" changeset="122479735" timestamp="2022-06-16T19:59:52Z" user="beddy" uid="3207726" lat="38.9088260" lon="-119.7719090"/>
 <node id="9823504526" visible="true" version="1" changeset="122479735" timestamp="2022-06-16T19:59:52Z" user="beddy" uid="3207726" lat="38.9086550" lon="-119.7719090"/>
 <node id="9823504527" visible="true" version="1" changeset="122479735" timestamp="2022-06-16T19:59:52Z" user="beddy" uid="3207726" lat="38.9096600" lon="-119.7700800"/>
 <node id="9823504528" visible="true" version="1" changeset="122479735" timestamp="2022-06-16T19:59:52Z" user="beddy" uid="3207726" lat="38.9097600" lon="-119.7703340"/>
 <node id="9823504529" visible="true" version="1" changeset="122479735" timestamp="2022-06-16T19:59:52Z" user="beddy" uid="3207726" lat="38.9096210" lon="-119.7704240"/>
 <node id="9823504530" visible="true" version="1" changeset="122479735" timestamp="2022-06-16T19:59:52Z" user="beddy" uid="3207726" lat="38.9095430" lon="-119.7702260"/>
 <node id="9823504531" visible="true" version="1" changeset="122479735" timestamp="2022-06-16T19:59:52Z" user="beddy" uid="3207726" lat="38.9096070" lon="-119.7701850"/>
 <node id="9823504532" visible="true" version="1" changeset="122479735" timestamp="2022-06-16T19:59:52Z" user="beddy" uid="3207726" lat="38.9095850" lon="-119.7701280"/>
 <node id="9823504533" visible="true" version="1" changeset="122479735" timestamp="2022-06-16T19:59:52Z" user="beddy" uid="3207726" lat="38.9097960" lon="-119.7703390"/>
 <node id="9823504534" visible="true" version="1" changeset="122479735" timestamp="2022-06-16T19:59:52Z" user="beddy" uid="3207726" lat="38.9099580" lon="-119.7704050"/>
 <node id="9823504535" visible="true" version="1" changeset="122479735" timestamp="2022-06-16T19:59:52Z" user="beddy" uid="3207726" lat="38.9099110" lon="-119.7705960"/>
 <node id="9823504536" visible="true" version="1" changeset="122479735" timestamp="2022-06-16T19:59:52Z" user="beddy" uid="3207726" lat="38.9097480" lon="-119.7705290"/>
 <node id="9823504537" visible="true" version="1" changeset="122479735" timestamp="2022-06-16T19:59:52Z" user="beddy" uid="3207726" lat="38.9102520" lon="-119.7684890"/>
 <node id="9823504538" visible="true" version="1" changeset="122479735" timestamp="2022-06-16T19:59:52Z" user="beddy" uid="3207726" lat="38.9102730" lon="-119.7686100"/>
 <node id="9823504539" visible="true" version="1" changeset="122479735" timestamp="2022-06-16T19:59:52Z" user="beddy" uid="3207726" lat="38.9102110" lon="-119.7686280"/>
 <node id="9823504540" visible="true" version="1" changeset="122479735" timestamp="2022-06-16T19:59:52Z" user="beddy" uid="3207726" lat="38.9102330" lon="-119.7687550"/>
 <node id="9823504541" visible="true" version="1" changeset="122479735" timestamp="2022-06-16T19:59:52Z" user="beddy" uid="3207726" lat="38.9101050" lon="-119.7687910"/>
 <node id="9823504542" visible="true" version="1" changeset="122479735" timestamp="2022-06-16T19:59:52Z" user="beddy" uid="3207726" lat="38.9100620" lon="-119.7685430"/>
 <node id="9823504543" visible="true" version="1" changeset="122479735" timestamp="2022-06-16T19:59:52Z" user="beddy" uid="3207726" lat="38.9101370" lon="-119.7688750"/>
 <node id="9823504544" visible="true" version="1" changeset="122479735" timestamp="2022-06-16T19:59:52Z" user="beddy" uid="3207726" lat="38.9102470" lon="-119.7688750"/>
 <node id="9823504545" visible="true" version="1" changeset="122479735" timestamp="2022-06-16T19:59:52Z" user="beddy" uid="3207726" lat="38.9102470" lon="-119.7689610"/>
 <node id="9823504546" visible="true" version="1" changeset="122479735" timestamp="2022-06-16T19:59:52Z" user="beddy" uid="3207726" lat="38.9101370" lon="-119.7689610"/>
 <node id="9823504547" visible="true" version="1" changeset="122479735" timestamp="2022-06-16T19:59:52Z" user="beddy" uid="3207726" lat="38.9103470" lon="-119.7695350"/>
 <node id="9823504548" visible="true" version="1" changeset="122479735" timestamp="2022-06-16T19:59:52Z" user="beddy" uid="3207726" lat="38.9103490" lon="-119.7696720"/>
 <node id="9823504549" visible="true" version="1" changeset="122479735" timestamp="2022-06-16T19:59:52Z" user="beddy" uid="3207726" lat="38.9101720" lon="-119.7696760"/>
 <node id="9823504550" visible="true" version="1" changeset="122479735" timestamp="2022-06-16T19:59:52Z" user="beddy" uid="3207726" lat="38.9101700" lon="-119.7695390"/>
 <node id="9823504551" visible="true" version="1" changeset="122479735" timestamp="2022-06-16T19:59:52Z" user="beddy" uid="3207726" lat="38.9102740" lon="-119.7681670"/>
 <node id="9823504552" visible="true" version="1" changeset="122479735" timestamp="2022-06-16T19:59:52Z" user="beddy" uid="3207726" lat="38.9104270" lon="-119.7681670"/>
 <node id="9823504553" visible="true" version="1" changeset="122479735" timestamp="2022-06-16T19:59:52Z" user="beddy" uid="3207726" lat="38.9104270" lon="-119.7683360"/>
 <node id="9823504554" visible="true" version="1" changeset="122479735" timestamp="2022-06-16T19:59:52Z" user="beddy" uid="3207726" lat="38.9102740" lon="-119.7683360"/>
 <node id="9823504555" visible="true" version="1" changeset="122479735" timestamp="2022-06-16T19:59:52Z" user="beddy" uid="3207726" lat="38.9102530" lon="-119.7683500"/>
 <node id="9823504556" visible="true" version="1" changeset="122479735" timestamp="2022-06-16T19:59:52Z" user="beddy" uid="3207726" lat="38.9101600" lon="-119.7683510"/>
 <node id="9823504557" visible="true" version="1" changeset="122479735" timestamp="2022-06-16T19:59:52Z" user="beddy" uid="3207726" lat="38.9101590" lon="-119.7680610"/>
 <node id="9823504558" visible="true" version="1" changeset="122479735" timestamp="2022-06-16T19:59:52Z" user="beddy" uid="3207726" lat="38.9102520" lon="-119.7680600"/>
 <node id="9823504559" visible="true" version="1" changeset="122479735" timestamp="2022-06-16T19:59:52Z" user="beddy" uid="3207726" lat="38.9070280" lon="-119.7586640"/>
 <node id="9823504560" visible="true" version="1" changeset="122479735" timestamp="2022-06-16T19:59:52Z" user="beddy" uid="3207726" lat="38.9070840" lon="-119.7585920"/>
 <node id="9823504561" visible="true" version="1" changeset="122479735" timestamp="2022-06-16T19:59:52Z" user="beddy" uid="3207726" lat="38.9070330" lon="-119.7585280"/>
 <node id="9823504562" visible="true" version="1" changeset="122479735" timestamp="2022-06-16T19:59:52Z" user="beddy" uid="3207726" lat="38.9071110" lon="-119.7584270"/>
 <node id="9823504563" visible="true" version="1" changeset="122479735" timestamp="2022-06-16T19:59:52Z" user="beddy" uid="3207726" lat="38.9072280" lon="-119.7585760"/>
 <node id="9823504564" visible="true" version="1" changeset="122479735" timestamp="2022-06-16T19:59:52Z" user="beddy" uid="3207726" lat="38.9071720" lon="-119.7586480"/>
 <node id="9823504565" visible="true" version="1" changeset="122479735" timestamp="2022-06-16T19:59:52Z" user="beddy" uid="3207726" lat="38.9073370" lon="-119.7588600"/>
 <node id="9823504566" visible="true" version="1" changeset="122479735" timestamp="2022-06-16T19:59:52Z" user="beddy" uid="3207726" lat="38.9072460" lon="-119.7589780"/>
 <node id="9823504567" visible="true" version="1" changeset="122479735" timestamp="2022-06-16T19:59:52Z" user="beddy" uid="3207726" lat="38.9072770" lon="-119.7590170"/>
 <node id="9823504568" visible="true" version="1" changeset="122479735" timestamp="2022-06-16T19:59:52Z" user="beddy" uid="3207726" lat="38.9072250" lon="-119.7590840"/>
 <node id="9823504569" visible="true" version="1" changeset="122479735" timestamp="2022-06-16T19:59:52Z" user="beddy" uid="3207726" lat="38.9071270" lon="-119.7589590"/>
 <node id="9823504570" visible="true" version="1" changeset="122479735" timestamp="2022-06-16T19:59:52Z" user="beddy" uid="3207726" lat="38.9071930" lon="-119.7588740"/>
 <node id="9823504571" visible="true" version="1" changeset="122479735" timestamp="2022-06-16T19:59:52Z" user="beddy" uid="3207726" lat="38.9071280" lon="-119.7581790"/>
 <node id="9823504572" visible="true" version="1" changeset="122479735" timestamp="2022-06-16T19:59:52Z" user="beddy" uid="3207726" lat="38.9072960" lon="-119.7579880"/>
 <node id="9823504573" visible="true" version="1" changeset="122479735" timestamp="2022-06-16T19:59:52Z" user="beddy" uid="3207726" lat="38.9073780" lon="-119.7581070"/>
 <node id="9823504574" visible="true" version="1" changeset="122479735" timestamp="2022-06-16T19:59:52Z" user="beddy" uid="3207726" lat="38.9072100" lon="-119.7582980"/>
 <node id="9823504575" visible="true" version="1" changeset="122479735" timestamp="2022-06-16T19:59:52Z" user="beddy" uid="3207726" lat="38.9076780" lon="-119.7564560"/>
 <node id="9823504576" visible="true" version="1" changeset="122479735" timestamp="2022-06-16T19:59:52Z" user="beddy" uid="3207726" lat="38.9076780" lon="-119.7563010"/>
 <node id="9823504577" visible="true" version="1" changeset="122479735" timestamp="2022-06-16T19:59:52Z" user="beddy" uid="3207726" lat="38.9079330" lon="-119.7563010"/>
 <node id="9823504578" visible="true" version="1" changeset="122479735" timestamp="2022-06-16T19:59:52Z" user="beddy" uid="3207726" lat="38.9079330" lon="-119.7564560"/>
 <node id="9823504579" visible="true" version="1" changeset="122479735" timestamp="2022-06-16T19:59:52Z" user="beddy" uid="3207726" lat="38.9083910" lon="-119.7563820"/>
 <node id="9823504580" visible="true" version="1" changeset="122479735" timestamp="2022-06-16T19:59:52Z" user="beddy" uid="3207726" lat="38.9084830" lon="-119.7563810"/>
 <node id="9823504581" visible="true" version="1" changeset="122479735" timestamp="2022-06-16T19:59:52Z" user="beddy" uid="3207726" lat="38.9084840" lon="-119.7565070"/>
 <node id="9823504582" visible="true" version="1" changeset="122479735" timestamp="2022-06-16T19:59:52Z" user="beddy" uid="3207726" lat="38.9086530" lon="-119.7565050"/>
 <node id="9823504583" visible="true" version="1" changeset="122479735" timestamp="2022-06-16T19:59:52Z" user="beddy" uid="3207726" lat="38.9086530" lon="-119.7565670"/>
 <node id="9823504584" visible="true" version="1" changeset="122479735" timestamp="2022-06-16T19:59:52Z" user="beddy" uid="3207726" lat="38.9087100" lon="-119.7565660"/>
 <node id="9823504585" visible="true" version="1" changeset="122479735" timestamp="2022-06-16T19:59:52Z" user="beddy" uid="3207726" lat="38.9087110" lon="-119.7566920"/>
 <node id="9823504586" visible="true" version="1" changeset="122479735" timestamp="2022-06-16T19:59:52Z" user="beddy" uid="3207726" lat="38.9083940" lon="-119.7566960"/>
 <node id="9823504587" visible="true" version="1" changeset="122479735" timestamp="2022-06-16T19:59:52Z" user="beddy" uid="3207726" lat="38.9081680" lon="-119.7562520"/>
 <node id="9823504588" visible="true" version="1" changeset="122479735" timestamp="2022-06-16T19:59:52Z" user="beddy" uid="3207726" lat="38.9082690" lon="-119.7562490"/>
 <node id="9823504589" visible="true" version="1" changeset="122479735" timestamp="2022-06-16T19:59:52Z" user="beddy" uid="3207726" lat="38.9082740" lon="-119.7565540"/>
 <node id="9823504590" visible="true" version="1" changeset="122479735" timestamp="2022-06-16T19:59:52Z" user="beddy" uid="3207726" lat="38.9081730" lon="-119.7565570"/>
 <node id="9823504591" visible="true" version="1" changeset="122479735" timestamp="2022-06-16T19:59:52Z" user="beddy" uid="3207726" lat="38.9073180" lon="-119.7555770"/>
 <node id="9823504592" visible="true" version="1" changeset="122479735" timestamp="2022-06-16T19:59:52Z" user="beddy" uid="3207726" lat="38.9073180" lon="-119.7556300"/>
 <node id="9823504593" visible="true" version="1" changeset="122479735" timestamp="2022-06-16T19:59:52Z" user="beddy" uid="3207726" lat="38.9073510" lon="-119.7556300"/>
 <node id="9823504594" visible="true" version="1" changeset="122479735" timestamp="2022-06-16T19:59:52Z" user="beddy" uid="3207726" lat="38.9073520" lon="-119.7557370"/>
 <node id="9823504595" visible="true" version="1" changeset="122479735" timestamp="2022-06-16T19:59:52Z" user="beddy" uid="3207726" lat="38.9070300" lon="-119.7557390"/>
 <node id="9823504596" visible="true" version="1" changeset="122479735" timestamp="2022-06-16T19:59:52Z" user="beddy" uid="3207726" lat="38.9070300" lon="-119.7556450"/>
 <node id="9823504597" visible="true" version="1" changeset="122479735" timestamp="2022-06-16T19:59:52Z" user="beddy" uid="3207726" lat="38.9070720" lon="-119.7556450"/>
 <node id="9823504598" visible="true" version="1" changeset="122479735" timestamp="2022-06-16T19:59:52Z" user="beddy" uid="3207726" lat="38.9070710" lon="-119.7555780"/>
 <node id="9823504599" visible="true" version="1" changeset="122479735" timestamp="2022-06-16T19:59:52Z" user="beddy" uid="3207726" lat="38.9073540" lon="-119.7554830"/>
 <node id="9823504600" visible="true" version="1" changeset="122479735" timestamp="2022-06-16T19:59:52Z" user="beddy" uid="3207726" lat="38.9073540" lon="-119.7553590"/>
 <node id="9823504601" visible="true" version="1" changeset="122479735" timestamp="2022-06-16T19:59:52Z" user="beddy" uid="3207726" lat="38.9074530" lon="-119.7553590"/>
 <node id="9823504602" visible="true" version="1" changeset="122479735" timestamp="2022-06-16T19:59:52Z" user="beddy" uid="3207726" lat="38.9074530" lon="-119.7554830"/>
 <node id="9823504603" visible="true" version="1" changeset="122479735" timestamp="2022-06-16T19:59:52Z" user="beddy" uid="3207726" lat="38.9071600" lon="-119.7551600"/>
 <node id="9823504604" visible="true" version="1" changeset="122479735" timestamp="2022-06-16T19:59:52Z" user="beddy" uid="3207726" lat="38.9070430" lon="-119.7551230"/>
 <node id="9823504605" visible="true" version="1" changeset="122479735" timestamp="2022-06-16T19:59:52Z" user="beddy" uid="3207726" lat="38.9070720" lon="-119.7549690"/>
 <node id="9823504606" visible="true" version="1" changeset="122479735" timestamp="2022-06-16T19:59:52Z" user="beddy" uid="3207726" lat="38.9070430" lon="-119.7549600"/>
 <node id="9823504607" visible="true" version="1" changeset="122479735" timestamp="2022-06-16T19:59:52Z" user="beddy" uid="3207726" lat="38.9070830" lon="-119.7547480"/>
 <node id="9823504608" visible="true" version="1" changeset="122479735" timestamp="2022-06-16T19:59:52Z" user="beddy" uid="3207726" lat="38.9072300" lon="-119.7547940"/>
 <node id="9823504609" visible="true" version="1" changeset="122479735" timestamp="2022-06-16T19:59:52Z" user="beddy" uid="3207726" lat="38.9088810" lon="-119.7551910"/>
 <node id="9823504610" visible="true" version="1" changeset="122479735" timestamp="2022-06-16T19:59:52Z" user="beddy" uid="3207726" lat="38.9089530" lon="-119.7552010"/>
 <node id="9823504611" visible="true" version="1" changeset="122479735" timestamp="2022-06-16T19:59:52Z" user="beddy" uid="3207726" lat="38.9089440" lon="-119.7553230"/>
 <node id="9823504612" visible="true" version="1" changeset="122479735" timestamp="2022-06-16T19:59:52Z" user="beddy" uid="3207726" lat="38.9090100" lon="-119.7553310"/>
 <node id="9823504613" visible="true" version="1" changeset="122479735" timestamp="2022-06-16T19:59:52Z" user="beddy" uid="3207726" lat="38.9090030" lon="-119.7554110"/>
 <node id="9823504614" visible="true" version="1" changeset="122479735" timestamp="2022-06-16T19:59:52Z" user="beddy" uid="3207726" lat="38.9089770" lon="-119.7554080"/>
 <node id="9823504615" visible="true" version="1" changeset="122479735" timestamp="2022-06-16T19:59:52Z" user="beddy" uid="3207726" lat="38.9089670" lon="-119.7555350"/>
 <node id="9823504616" visible="true" version="1" changeset="122479735" timestamp="2022-06-16T19:59:52Z" user="beddy" uid="3207726" lat="38.9089520" lon="-119.7555330"/>
 <node id="9823504617" visible="true" version="1" changeset="122479735" timestamp="2022-06-16T19:59:52Z" user="beddy" uid="3207726" lat="38.9089470" lon="-119.7555900"/>
 <node id="9823504618" visible="true" version="1" changeset="122479735" timestamp="2022-06-16T19:59:52Z" user="beddy" uid="3207726" lat="38.9088630" lon="-119.7555790"/>
 <node id="9823504619" visible="true" version="1" changeset="122479735" timestamp="2022-06-16T19:59:52Z" user="beddy" uid="3207726" lat="38.9088770" lon="-119.7553970"/>
 <node id="9823504620" visible="true" version="1" changeset="122479735" timestamp="2022-06-16T19:59:52Z" user="beddy" uid="3207726" lat="38.9088070" lon="-119.7553880"/>
 <node id="9823504621" visible="true" version="1" changeset="122479735" timestamp="2022-06-16T19:59:52Z" user="beddy" uid="3207726" lat="38.9088130" lon="-119.7553110"/>
 <node id="9823504622" visible="true" version="1" changeset="122479735" timestamp="2022-06-16T19:59:52Z" user="beddy" uid="3207726" lat="38.9088710" lon="-119.7553180"/>
 <node id="9823504623" visible="true" version="1" changeset="122479735" timestamp="2022-06-16T19:59:52Z" user="beddy" uid="3207726" lat="38.9088450" lon="-119.7550710"/>
 <node id="9823504624" visible="true" version="1" changeset="122479735" timestamp="2022-06-16T19:59:52Z" user="beddy" uid="3207726" lat="38.9089110" lon="-119.7550740"/>
 <node id="9823504625" visible="true" version="1" changeset="122479735" timestamp="2022-06-16T19:59:52Z" user="beddy" uid="3207726" lat="38.9089090" lon="-119.7551530"/>
 <node id="9823504626" visible="true" version="1" changeset="122479735" timestamp="2022-06-16T19:59:52Z" user="beddy" uid="3207726" lat="38.9088430" lon="-119.7551500"/>
 <node id="9823504627" visible="true" version="1" changeset="122479735" timestamp="2022-06-16T19:59:52Z" user="beddy" uid="3207726" lat="38.9093550" lon="-119.7569250"/>
 <node id="9823504628" visible="true" version="1" changeset="122479735" timestamp="2022-06-16T19:59:52Z" user="beddy" uid="3207726" lat="38.9094500" lon="-119.7570440"/>
 <node id="9823504629" visible="true" version="1" changeset="122479735" timestamp="2022-06-16T19:59:52Z" user="beddy" uid="3207726" lat="38.9093610" lon="-119.7571610"/>
 <node id="9823504630" visible="true" version="1" changeset="122479735" timestamp="2022-06-16T19:59:52Z" user="beddy" uid="3207726" lat="38.9092010" lon="-119.7569600"/>
 <node id="9823504631" visible="true" version="1" changeset="122479735" timestamp="2022-06-16T19:59:52Z" user="beddy" uid="3207726" lat="38.9093430" lon="-119.7567730"/>
 <node id="9823504632" visible="true" version="1" changeset="122479735" timestamp="2022-06-16T19:59:52Z" user="beddy" uid="3207726" lat="38.9094090" lon="-119.7568550"/>
 <node id="9823504633" visible="true" version="1" changeset="122479735" timestamp="2022-06-16T19:59:52Z" user="beddy" uid="3207726" lat="38.9099270" lon="-119.7571720"/>
 <node id="9823504634" visible="true" version="1" changeset="122479735" timestamp="2022-06-16T19:59:52Z" user="beddy" uid="3207726" lat="38.9100390" lon="-119.7571930"/>
 <node id="9823504635" visible="true" version="1" changeset="122479735" timestamp="2022-06-16T19:59:52Z" user="beddy" uid="3207726" lat="38.9099960" lon="-119.7575640"/>
 <node id="9823504636" visible="true" version="1" changeset="122479735" timestamp="2022-06-16T19:59:52Z" user="beddy" uid="3207726" lat="38.9098840" lon="-119.7575430"/>
 <node id="9823504637" visible="true" version="1" changeset="122479735" timestamp="2022-06-16T19:59:52Z" user="beddy" uid="3207726" lat="38.9102680" lon="-119.7565910"/>
 <node id="9823504638" visible="true" version="1" changeset="122479735" timestamp="2022-06-16T19:59:52Z" user="beddy" uid="3207726" lat="38.9100820" lon="-119.7563990"/>
 <node id="9823504639" visible="true" version="1" changeset="122479735" timestamp="2022-06-16T19:59:52Z" user="beddy" uid="3207726" lat="38.9101560" lon="-119.7562790"/>
 <node id="9823504640" visible="true" version="1" changeset="122479735" timestamp="2022-06-16T19:59:52Z" user="beddy" uid="3207726" lat="38.9103430" lon="-119.7564720"/>
 <node id="9823504641" visible="true" version="1" changeset="122479735" timestamp="2022-06-16T19:59:52Z" user="beddy" uid="3207726" lat="38.9102180" lon="-119.7555440"/>
 <node id="9823504642" visible="true" version="1" changeset="122479735" timestamp="2022-06-16T19:59:52Z" user="beddy" uid="3207726" lat="38.9104180" lon="-119.7555440"/>
 <node id="9823504643" visible="true" version="1" changeset="122479735" timestamp="2022-06-16T19:59:52Z" user="beddy" uid="3207726" lat="38.9104180" lon="-119.7556570"/>
 <node id="9823504644" visible="true" version="1" changeset="122479735" timestamp="2022-06-16T19:59:52Z" user="beddy" uid="3207726" lat="38.9102180" lon="-119.7556570"/>
 <node id="9823504645" visible="true" version="1" changeset="122479735" timestamp="2022-06-16T19:59:52Z" user="beddy" uid="3207726" lat="38.9102180" lon="-119.7554010"/>
 <node id="9823504646" visible="true" version="1" changeset="122479735" timestamp="2022-06-16T19:59:52Z" user="beddy" uid="3207726" lat="38.9102850" lon="-119.7554000"/>
 <node id="9823504647" visible="true" version="1" changeset="122479735" timestamp="2022-06-16T19:59:52Z" user="beddy" uid="3207726" lat="38.9102850" lon="-119.7554750"/>
 <node id="9823504648" visible="true" version="1" changeset="122479735" timestamp="2022-06-16T19:59:52Z" user="beddy" uid="3207726" lat="38.9102190" lon="-119.7554760"/>
 <node id="9823504649" visible="true" version="1" changeset="122479735" timestamp="2022-06-16T19:59:52Z" user="beddy" uid="3207726" lat="38.9103410" lon="-119.7551720"/>
 <node id="9823504650" visible="true" version="1" changeset="122479735" timestamp="2022-06-16T19:59:52Z" user="beddy" uid="3207726" lat="38.9103410" lon="-119.7551020"/>
 <node id="9823504651" visible="true" version="1" changeset="122479735" timestamp="2022-06-16T19:59:52Z" user="beddy" uid="3207726" lat="38.9104230" lon="-119.7551020"/>
 <node id="9823504652" visible="true" version="1" changeset="122479735" timestamp="2022-06-16T19:59:52Z" user="beddy" uid="3207726" lat="38.9104230" lon="-119.7551720"/>
 <node id="9823504653" visible="true" version="1" changeset="122479735" timestamp="2022-06-16T19:59:52Z" user="beddy" uid="3207726" lat="38.9102490" lon="-119.7549340"/>
 <node id="9823504654" visible="true" version="1" changeset="122479735" timestamp="2022-06-16T19:59:52Z" user="beddy" uid="3207726" lat="38.9102490" lon="-119.7548440"/>
 <node id="9823504655" visible="true" version="1" changeset="122479735" timestamp="2022-06-16T19:59:52Z" user="beddy" uid="3207726" lat="38.9103600" lon="-119.7548440"/>
 <node id="9823504656" visible="true" version="1" changeset="122479735" timestamp="2022-06-16T19:59:52Z" user="beddy" uid="3207726" lat="38.9103600" lon="-119.7548900"/>
 <node id="9823504657" visible="true" version="1" changeset="122479735" timestamp="2022-06-16T19:59:52Z" user="beddy" uid="3207726" lat="38.9102740" lon="-119.7548900"/>
 <node id="9823504658" visible="true" version="1" changeset="122479735" timestamp="2022-06-16T19:59:52Z" user="beddy" uid="3207726" lat="38.9102740" lon="-119.7549340"/>
 <node id="9823775545" visible="true" version="1" changeset="122483617" timestamp="2022-06-16T22:14:37Z" user="beddy" uid="3207726" lat="38.9102310" lon="-119.7663420"/>
 <node id="9823775546" visible="true" version="1" changeset="122483617" timestamp="2022-06-16T22:14:37Z" user="beddy" uid="3207726" lat="38.9102610" lon="-119.7663420"/>
 <node id="9823775547" visible="true" version="1" changeset="122483617" timestamp="2022-06-16T22:14:37Z" user="beddy" uid="3207726" lat="38.9102600" lon="-119.7664200"/>
 <node id="9823775548" visible="true" version="1" changeset="122483617" timestamp="2022-06-16T22:14:37Z" user="beddy" uid="3207726" lat="38.9101410" lon="-119.7664190"/>
 <node id="9823775549" visible="true" version="1" changeset="122483617" timestamp="2022-06-16T22:14:37Z" user="beddy" uid="3207726" lat="38.9101430" lon="-119.7661710"/>
 <node id="9823775550" visible="true" version="1" changeset="122483617" timestamp="2022-06-16T22:14:37Z" user="beddy" uid="3207726" lat="38.9102320" lon="-119.7661720"/>
 <node id="9823775551" visible="true" version="1" changeset="122483617" timestamp="2022-06-16T22:14:37Z" user="beddy" uid="3207726" lat="38.9089910" lon="-119.7684220"/>
 <node id="9823775552" visible="true" version="1" changeset="122483617" timestamp="2022-06-16T22:14:37Z" user="beddy" uid="3207726" lat="38.9088430" lon="-119.7683280"/>
 <node id="9823775553" visible="true" version="1" changeset="122483617" timestamp="2022-06-16T22:14:37Z" user="beddy" uid="3207726" lat="38.9088900" lon="-119.7682050"/>
 <node id="9823775554" visible="true" version="1" changeset="122483617" timestamp="2022-06-16T22:14:37Z" user="beddy" uid="3207726" lat="38.9088080" lon="-119.7681540"/>
 <node id="9823775555" visible="true" version="1" changeset="122483617" timestamp="2022-06-16T22:14:37Z" user="beddy" uid="3207726" lat="38.9088410" lon="-119.7680670"/>
 <node id="9823775556" visible="true" version="1" changeset="122483617" timestamp="2022-06-16T22:14:37Z" user="beddy" uid="3207726" lat="38.9089660" lon="-119.7681460"/>
 <node id="9823775557" visible="true" version="1" changeset="122483617" timestamp="2022-06-16T22:14:37Z" user="beddy" uid="3207726" lat="38.9089280" lon="-119.7682460"/>
 <node id="9823775558" visible="true" version="1" changeset="122483617" timestamp="2022-06-16T22:14:37Z" user="beddy" uid="3207726" lat="38.9090340" lon="-119.7683120"/>
 <node id="9823775559" visible="true" version="1" changeset="122483617" timestamp="2022-06-16T22:14:37Z" user="beddy" uid="3207726" lat="38.9093330" lon="-119.7685070"/>
 <node id="9823775560" visible="true" version="1" changeset="122483617" timestamp="2022-06-16T22:14:37Z" user="beddy" uid="3207726" lat="38.9092310" lon="-119.7685070"/>
 <node id="9823775561" visible="true" version="1" changeset="122483617" timestamp="2022-06-16T22:14:37Z" user="beddy" uid="3207726" lat="38.9092310" lon="-119.7684160"/>
 <node id="9823775562" visible="true" version="1" changeset="122483617" timestamp="2022-06-16T22:14:37Z" user="beddy" uid="3207726" lat="38.9093330" lon="-119.7684160"/>
 <node id="9823775563" visible="true" version="1" changeset="122483617" timestamp="2022-06-16T22:14:37Z" user="beddy" uid="3207726" lat="38.9092680" lon="-119.7690190"/>
 <node id="9823775564" visible="true" version="1" changeset="122483617" timestamp="2022-06-16T22:14:37Z" user="beddy" uid="3207726" lat="38.9092690" lon="-119.7691150"/>
 <node id="9823775565" visible="true" version="1" changeset="122483617" timestamp="2022-06-16T22:14:37Z" user="beddy" uid="3207726" lat="38.9091560" lon="-119.7691170"/>
 <node id="9823775566" visible="true" version="1" changeset="122483617" timestamp="2022-06-16T22:14:37Z" user="beddy" uid="3207726" lat="38.9091550" lon="-119.7690220"/>
 <node id="9823775567" visible="true" version="1" changeset="122483617" timestamp="2022-06-16T22:14:37Z" user="beddy" uid="3207726" lat="38.9103330" lon="-119.7620090"/>
 <node id="9823775568" visible="true" version="1" changeset="122483617" timestamp="2022-06-16T22:14:37Z" user="beddy" uid="3207726" lat="38.9104360" lon="-119.7620100"/>
 <node id="9823775569" visible="true" version="1" changeset="122483617" timestamp="2022-06-16T22:14:37Z" user="beddy" uid="3207726" lat="38.9104340" lon="-119.7622730"/>
 <node id="9823775570" visible="true" version="1" changeset="122483617" timestamp="2022-06-16T22:14:37Z" user="beddy" uid="3207726" lat="38.9103310" lon="-119.7622720"/>
 <node id="9823775571" visible="true" version="1" changeset="122483617" timestamp="2022-06-16T22:14:37Z" user="beddy" uid="3207726" lat="38.9102540" lon="-119.7620540"/>
 <node id="9823775572" visible="true" version="1" changeset="122483617" timestamp="2022-06-16T22:14:37Z" user="beddy" uid="3207726" lat="38.9102200" lon="-119.7619720"/>
 <node id="9823775573" visible="true" version="1" changeset="122483617" timestamp="2022-06-16T22:14:37Z" user="beddy" uid="3207726" lat="38.9102850" lon="-119.7619270"/>
 <node id="9823775574" visible="true" version="1" changeset="122483617" timestamp="2022-06-16T22:14:37Z" user="beddy" uid="3207726" lat="38.9103190" lon="-119.7620090"/>
 <node id="11306197777" visible="true" version="1" changeset="143500319" timestamp="2023-11-01T22:35:29Z" user="Joseph R P" uid="10944197" lat="38.9143937" lon="-119.7555984"/>
 <node id="11306197778" visible="true" version="1" changeset="143500319" timestamp="2023-11-01T22:35:29Z" user="Joseph R P" uid="10944197" lat="38.9143583" lon="-119.7521165"/>
 <node id="11306197779" visible="true" version="1" changeset="143500319" timestamp="2023-11-01T22:35:29Z" user="Joseph R P" uid="10944197" lat="38.9146773" lon="-119.7521393"/>
 <node id="11306197780" visible="true" version="1" changeset="143500319" timestamp="2023-11-01T22:35:29Z" user="Joseph R P" uid="10944197" lat="38.9146994" lon="-119.7526802"/>
 <node id="11306197781" visible="true" version="1" changeset="143500319" timestamp="2023-11-01T22:35:29Z" user="Joseph R P" uid="10944197" lat="38.9150251" lon="-119.7526745"/>
 <node id="11306197782" visible="true" version="1" changeset="143500319" timestamp="2023-11-01T22:35:29Z" user="Joseph R P" uid="10944197" lat="38.9151425" lon="-119.7533778"/>
 <node id="11306197783" visible="true" version="1" changeset="143500319" timestamp="2023-11-01T22:35:29Z" user="Joseph R P" uid="10944197" lat="38.9151735" lon="-119.7537365"/>
 <node id="11306197784" visible="true" version="1" changeset="143500319" timestamp="2023-11-01T22:35:29Z" user="Joseph R P" uid="10944197" lat="38.9151624" lon="-119.7539158"/>
 <node id="11306197785" visible="true" version="1" changeset="143500319" timestamp="2023-11-01T22:35:29Z" user="Joseph R P" uid="10944197" lat="38.9151380" lon="-119.7541322"/>
 <node id="11306197786" visible="true" version="1" changeset="143500319" timestamp="2023-11-01T22:35:29Z" user="Joseph R P" uid="10944197" lat="38.9151070" lon="-119.7542860"/>
 <node id="11306197787" visible="true" version="1" changeset="143500319" timestamp="2023-11-01T22:35:29Z" user="Joseph R P" uid="10944197" lat="38.9150516" lon="-119.7544283"/>
 <node id="11306197788" visible="true" version="1" changeset="143500319" timestamp="2023-11-01T22:35:29Z" user="Joseph R P" uid="10944197" lat="38.9142094" lon="-119.7557496"/>
 <node id="11306197789" visible="true" version="1" changeset="143500319" timestamp="2023-11-01T22:35:29Z" user="Joseph R P" uid="10944197" lat="38.9142797" lon="-119.7555865"/>
 <node id="11306197790" visible="true" version="1" changeset="143500319" timestamp="2023-11-01T22:35:29Z" user="Joseph R P" uid="10944197" lat="38.9143246" lon="-119.7554610"/>
 <node id="11306197791" visible="true" version="1" changeset="143500319" timestamp="2023-11-01T22:35:29Z" user="Joseph R P" uid="10944197" lat="38.9143578" lon="-119.7553104"/>
 <node id="11306197792" visible="true" version="1" changeset="143500319" timestamp="2023-11-01T22:35:29Z" user="Joseph R P" uid="10944197" lat="38.9143885" lon="-119.7550871"/>
 <node id="11306197793" visible="true" version="1" changeset="143500319" timestamp="2023-11-01T22:35:29Z" user="Joseph R P" uid="10944197" lat="38.9149651" lon="-119.7523176"/>
 <node id="11306197794" visible="true" version="1" changeset="143500319" timestamp="2023-11-01T22:35:29Z" user="Joseph R P" uid="10944197" lat="38.9154774" lon="-119.7523885"/>
 <node id="11306197797" visible="true" version="1" changeset="143500319" timestamp="2023-11-01T22:35:29Z" user="Joseph R P" uid="10944197" lat="38.9158051" lon="-119.7503606"/>
 <node id="11306197798" visible="true" version="1" changeset="143500319" timestamp="2023-11-01T22:35:29Z" user="Joseph R P" uid="10944197" lat="38.9158826" lon="-119.7491072"/>
 <node id="11306197826" visible="true" version="1" changeset="143500319" timestamp="2023-11-01T22:35:29Z" user="Joseph R P" uid="10944197" lat="38.9143594" lon="-119.7522251"/>
 <node id="11306197852" visible="true" version="1" changeset="143500319" timestamp="2023-11-01T22:35:29Z" user="Joseph R P" uid="10944197" lat="38.9159448" lon="-119.7486622"/>
 <node id="11306197862" visible="true" version="1" changeset="143500319" timestamp="2023-11-01T22:35:29Z" user="Joseph R P" uid="10944197" lat="38.9140066" lon="-119.7560263"/>
 <node id="11306197863" visible="true" version="1" changeset="143500319" timestamp="2023-11-01T22:35:29Z" user="Joseph R P" uid="10944197" lat="38.9138757" lon="-119.7561216"/>
 <node id="11306197864" visible="true" version="1" changeset="143500319" timestamp="2023-11-01T22:35:29Z" user="Joseph R P" uid="10944197" lat="38.9136668" lon="-119.7562622"/>
 <node id="12384528119" visible="true" version="1" changeset="159744267" timestamp="2024-11-29T14:32:31Z" user="Palina Markina" uid="22042525" lat="38.9068165" lon="-119.7791445"/>
 <node id="12760204361" visible="true" version="1" changeset="165039475" timestamp="2025-04-16T17:35:17Z" user="Richspokey" uid="22322009" lat="38.9106392" lon="-119.7560194">
  <tag k="highway" v="stop"/>
  <tag k="stop" v="all"/>
 </node>
 <node id="13129983513" visible="true" version="1" changeset="171659719" timestamp="2025-09-08T23:56:27Z" user="Richspokey" uid="22322009" lat="38.9141921" lon="-119.7572800"/>
 <node id="13129983514" visible="true" version="1" changeset="171659719" timestamp="2025-09-08T23:56:27Z" user="Richspokey" uid="22322009" lat="38.9141033" lon="-119.7566096"/>
 <node id="13129983515" visible="true" version="1" changeset="171659719" timestamp="2025-09-08T23:56:27Z" user="Richspokey" uid="22322009" lat="38.9143958" lon="-119.7566680"/>
 <node id="13129983516" visible="true" version="1" changeset="171659719" timestamp="2025-09-08T23:56:27Z" user="Richspokey" uid="22322009" lat="38.9139075" lon="-119.7563487"/>
 <node id="13129983517" visible="true" version="1" changeset="171659719" timestamp="2025-09-08T23:56:27Z" user="Richspokey" uid="22322009" lat="38.9144666" lon="-119.7573786"/>
 <node id="13129983518" visible="true" version="1" changeset="171659719" timestamp="2025-09-08T23:56:27Z" user="Richspokey" uid="22322009" lat="38.9144080" lon="-119.7570993"/>
 <node id="13129983519" visible="true" version="1" changeset="171659719" timestamp="2025-09-08T23:56:27Z" user="Richspokey" uid="22322009" lat="38.9143410" lon="-119.7575492"/>
 <node id="13129983520" visible="true" version="1" changeset="171659719" timestamp="2025-09-08T23:56:27Z" user="Richspokey" uid="22322009" lat="38.9144274" lon="-119.7574929"/>
 <node id="13129983521" visible="true" version="1" changeset="171659719" timestamp="2025-09-08T23:56:27Z" user="Richspokey" uid="22322009" lat="38.9134147" lon="-119.7561779"/>
 <node id="13129983522" visible="true" version="1" changeset="171659719" timestamp="2025-09-08T23:56:27Z" user="Richspokey" uid="22322009" lat="38.9141196" lon="-119.7569862"/>
 <node id="13129983523" visible="true" version="1" changeset="171659719" timestamp="2025-09-08T23:56:27Z" user="Richspokey" uid="22322009" lat="38.9146047" lon="-119.7565515"/>
 <node id="13129983524" visible="true" version="1" changeset="171659719" timestamp="2025-09-08T23:56:27Z" user="Richspokey" uid="22322009" lat="38.9134712" lon="-119.7563131"/>
 <node id="13247034731" visible="true" version="1" changeset="173561544" timestamp="2025-10-21T02:22:13Z" user="Richspokey" uid="22322009" lat="38.9120986" lon="-119.7782905"/>
 <way id="14285460" visible="true" version="5" changeset="19927414" timestamp="2014-01-11T00:41:06Z" user="woodpeck_repair" uid="145231">
  <nd ref="137137602"/>
  <nd ref="137137605"/>
  <nd ref="137137607"/>
  <tag k="created_by" v="Potlatch 0.10f"/>
  <tag k="highway" v="residential"/>
  <tag k="tiger:cfcc" v="A41"/>
  <tag k="tiger:county" v="Douglas, NV"/>
  <tag k="tiger:reviewed" v="no"/>
  <tag k="tiger:separated" v="no"/>
  <tag k="tiger:source" v="tiger_import_dch_v0.6_20070813"/>
  <tag k="tiger:tlid" v="173751019"/>
  <tag k="tiger:upload_uuid" v="bulk_upload.pl-ae7a8d48-476f-4633-aba3-05170c25778d"/>
 </way>
 <way id="14286316" visible="true" version="5" changeset="182628727" timestamp="2026-05-14T04:41:48Z" user="Richspokey" uid="22322009">
  <nd ref="137146668"/>
  <nd ref="137146670"/>
  <nd ref="351962752"/>
  <nd ref="351962753"/>
  <nd ref="351962755"/>
  <nd ref="351962756"/>
  <nd ref="351962757"/>
  <nd ref="351962758"/>
  <nd ref="351962761"/>
  <nd ref="351962762"/>
  <nd ref="351962763"/>
  <tag k="highway" v="residential"/>
  <tag k="name" v="Heavenly View Court"/>
  <tag k="tiger:cfcc" v="A41"/>
  <tag k="tiger:county" v="Douglas, NV"/>
  <tag k="tiger:name_base" v="Loibl"/>
  <tag k="tiger:name_type" v="Ct"/>
  <tag k="tiger:reviewed" v="no"/>
 </way>
 <way id="14286827" visible="true" version="4" changeset="96471836" timestamp="2020-12-27T04:16:24Z" user="larz86" uid="8127210">
  <nd ref="137143491"/>
  <nd ref="8263185068"/>
  <nd ref="8263185067"/>
  <nd ref="137151874"/>
  <nd ref="137151876"/>
  <nd ref="137151878"/>
  <nd ref="137151881"/>
  <nd ref="137151884"/>
  <tag k="highway" v="residential"/>
  <tag k="name" v="Edna Drive"/>
  <tag k="tiger:cfcc" v="A41"/>
  <tag k="tiger:county" v="Douglas, NV"/>
  <tag k="tiger:name_base" v="Edna"/>
  <tag k="tiger:name_type" v="Dr"/>
  <tag k="tiger:reviewed" v="no"/>
 </way>
 <way id="14287137" visible="true" version="4" changeset="56533038" timestamp="2018-02-20T21:31:49Z" user="btwhite92" uid="730573">
  <nd ref="137138619"/>
  <nd ref="137155242"/>
  <nd ref="137155246"/>
  <nd ref="137155249"/>
  <nd ref="137155252"/>
  <nd ref="137155255"/>
  <nd ref="137138622"/>
  <nd ref="137155258"/>
  <tag k="highway" v="service"/>
  <tag k="name" v="Burr Road"/>
  <tag k="tiger:cfcc" v="A41"/>
  <tag k="tiger:county" v="Douglas, NV"/>
  <tag k="tiger:name_base" v="Burr"/>
  <tag k="tiger:name_type" v="Rd"/>
  <tag k="tiger:reviewed" v="no"/>
 </way>
 <way id="14288285" visible="true" version="3" changeset="49150203" timestamp="2017-05-31T23:35:25Z" user="TheDutchMan13" uid="1330847">
  <nd ref="137166141"/>
  <nd ref="137152402"/>
  <tag k="highway" v="residential"/>
  <tag k="name" v="Marianne Way"/>
  <tag k="tiger:cfcc" v="A41"/>
  <tag k="tiger:county" v="Douglas, NV"/>
  <tag k="tiger:name_base" v="Marianne"/>
  <tag k="tiger:name_type" v="Way"/>
  <tag k="tiger:reviewed" v="no"/>
 </way>
 <way id="14289737" visible="true" version="4" changeset="165039475" timestamp="2025-04-16T17:35:17Z" user="Richspokey" uid="22322009">
  <nd ref="137179376"/>
  <nd ref="137179378"/>
  <nd ref="12760204361"/>
  <nd ref="137171236"/>
  <tag k="highway" v="residential"/>
  <tag k="name" v="Rubio Way"/>
  <tag k="tiger:cfcc" v="A41"/>
  <tag k="tiger:county" v="Douglas, NV"/>
  <tag k="tiger:name_base" v="Rubio"/>
  <tag k="tiger:name_type" v="Way"/>
  <tag k="tiger:reviewed" v="no"/>
 </way>
 <way id="108141475" visible="true" version="19" changeset="145884408" timestamp="2024-01-04T14:44:30Z" user="nem79" uid="14856076">
  <nd ref="4580491324"/>
  <nd ref="2744207839"/>
  <nd ref="7057450315"/>
  <nd ref="137152398"/>
  <nd ref="137135457"/>
  <nd ref="4933531534"/>
  <nd ref="137151884"/>
  <nd ref="137137607"/>
  <nd ref="137152402"/>
  <nd ref="137146668"/>
  <nd ref="7057450360"/>
  <nd ref="2744207848"/>
  <nd ref="137152404"/>
  <tag k="highway" v="secondary"/>
  <tag k="lanes" v="2"/>
  <tag k="maxspeed" v="45 mph"/>
  <tag k="name" v="Centerville Lane"/>
  <tag k="old_ref" v="NV 56"/>
  <tag k="ref" v="NV 756"/>
  <tag k="tiger:cfcc" v="A31"/>
  <tag k="tiger:county" v="Douglas, NV"/>
  <tag k="tiger:name_base" v="Centerville"/>
  <tag k="tiger:name_base_1" v="State Route 756"/>
  <tag k="tiger:name_type" v="Ln"/>
 </way>
 <way id="164108648" visible="true" version="6" changeset="173561544" timestamp="2025-10-21T02:22:13Z" user="Richspokey" uid="22322009">
  <nd ref="1757660357"/>
  <nd ref="1757660487"/>
  <nd ref="8263172384"/>
  <nd ref="8263172383"/>
  <nd ref="8263172382"/>
  <nd ref="8263172381"/>
  <nd ref="8263172380"/>
  <nd ref="8263172400"/>
  <nd ref="8263172399"/>
  <nd ref="8263172403"/>
  <nd ref="8263172401"/>
  <nd ref="8263172402"/>
  <nd ref="1757660489"/>
  <nd ref="8263172408"/>
  <nd ref="8263172407"/>
  <nd ref="11306197794"/>
  <nd ref="8263172405"/>
  <nd ref="11306197797"/>
  <nd ref="8263172406"/>
  <nd ref="11306197798"/>
  <nd ref="1757660658"/>
  <nd ref="11306197852"/>
  <nd ref="8309497791"/>
  <nd ref="8309497797"/>
  <nd ref="8309497798"/>
  <nd ref="8309497799"/>
  <nd ref="8309497796"/>
  <nd ref="1757660640"/>
  <nd ref="1757660700"/>
  <nd ref="1757660568"/>
  <nd ref="1757660668"/>
  <nd ref="1757660679"/>
  <nd ref="1757660097"/>
  <nd ref="13247034731"/>
  <nd ref="1757660357"/>
  <tag k="landuse" v="farmland"/>
 </way>
 <way id="219060581" visible="true" version="1" changeset="15878538" timestamp="2013-04-27T01:29:36Z" user="jfire" uid="67236">
  <nd ref="137152402"/>
  <nd ref="2282697969"/>
  <nd ref="2282697972"/>
  <nd ref="2282697974"/>
  <nd ref="2282697976"/>
  <nd ref="2282697977"/>
  <nd ref="2282697978"/>
  <nd ref="2282698013"/>
  <nd ref="2282697979"/>
  <nd ref="2282697980"/>
  <nd ref="2282697981"/>
  <nd ref="2282697999"/>
  <nd ref="2282697982"/>
  <nd ref="2282697983"/>
  <nd ref="2282697984"/>
  <nd ref="2282697985"/>
  <nd ref="2282697986"/>
  <nd ref="2282697987"/>
  <nd ref="2282698012"/>
  <nd ref="2282697988"/>
  <nd ref="2282697989"/>
  <nd ref="2282697991"/>
  <nd ref="2282697994"/>
  <nd ref="2282697996"/>
  <nd ref="2282698007"/>
  <nd ref="2282697998"/>
  <tag k="highway" v="residential"/>
  <tag k="name" v="Rock Terrace Drive"/>
 </way>
 <way id="219060582" visible="true" version="1" changeset="15878538" timestamp="2013-04-27T01:29:36Z" user="jfire" uid="67236">
  <nd ref="2282697999"/>
  <nd ref="2282698000"/>
  <nd ref="2282698001"/>
  <nd ref="2282698002"/>
  <nd ref="2282698003"/>
  <nd ref="2282698004"/>
  <nd ref="2282698005"/>
  <nd ref="2282698006"/>
  <nd ref="2282698007"/>
  <nd ref="2282698008"/>
  <nd ref="2282698009"/>
  <nd ref="137146668"/>
  <tag k="highway" v="residential"/>
  <tag k="name" v="Cobblestone Drive"/>
 </way>
 <way id="219060583" visible="true" version="1" changeset="15878538" timestamp="2013-04-27T01:29:36Z" user="jfire" uid="67236">
  <nd ref="2282698005"/>
  <nd ref="2282698010"/>
  <nd ref="2282698011"/>
  <nd ref="2282698012"/>
  <tag k="highway" v="residential"/>
  <tag k="name" v="Lost River Lane"/>
 </way>
 <way id="219060584" visible="true" version="1" changeset="15878538" timestamp="2013-04-27T01:29:36Z" user="jfire" uid="67236">
  <nd ref="2282698013"/>
  <nd ref="2282698014"/>
  <nd ref="2282698015"/>
  <nd ref="2282697998"/>
  <nd ref="2282698016"/>
  <nd ref="2282698017"/>
  <tag k="highway" v="residential"/>
  <tag k="name" v="Keystone Court"/>
 </way>
 <way id="502997366" visible="true" version="1" changeset="49786081" timestamp="2017-06-24T04:18:32Z" user="btwhite92" uid="730573">
  <nd ref="4933531529"/>
  <nd ref="4933531528"/>
  <nd ref="4933531532"/>
  <nd ref="4933531531"/>
  <nd ref="4933531530"/>
  <tag k="barrier" v="fence"/>
 </way>
 <way id="502997367" visible="true" version="1" changeset="49786081" timestamp="2017-06-24T04:18:32Z" user="btwhite92" uid="730573">
  <nd ref="4933531533"/>
  <nd ref="4933531532"/>
  <tag k="barrier" v="fence"/>
 </way>
 <way id="502997368" visible="true" version="1" changeset="49786081" timestamp="2017-06-24T04:18:33Z" user="btwhite92" uid="730573">
  <nd ref="4933531565"/>
  <nd ref="4933531535"/>
  <nd ref="4933531547"/>
  <tag k="barrier" v="fence"/>
 </way>
 <way id="502997369" visible="true" version="1" changeset="49786081" timestamp="2017-06-24T04:18:33Z" user="btwhite92" uid="730573">
  <nd ref="4933531544"/>
  <nd ref="4933531543"/>
  <nd ref="4933531542"/>
  <nd ref="4933531541"/>
  <nd ref="4933531540"/>
  <nd ref="4933531539"/>
  <nd ref="4933531538"/>
  <nd ref="4933531537"/>
  <nd ref="4933531536"/>
  <nd ref="4933531535"/>
  <nd ref="4933531534"/>
  <tag k="access" v="private"/>
  <tag k="highway" v="track"/>
  <tag k="tracktype" v="grade2"/>
 </way>
 <way id="502997370" visible="true" version="1" changeset="49786081" timestamp="2017-06-24T04:18:33Z" user="btwhite92" uid="730573">
  <nd ref="4933531549"/>
  <nd ref="4933531594"/>
  <nd ref="4933531548"/>
  <nd ref="4933531547"/>
  <nd ref="4933531546"/>
  <nd ref="4933531545"/>
  <tag k="barrier" v="fence"/>
 </way>
 <way id="502997371" visible="true" version="1" changeset="49786081" timestamp="2017-06-24T04:18:33Z" user="btwhite92" uid="730573">
  <nd ref="4933531551"/>
  <nd ref="4933531550"/>
  <tag k="barrier" v="fence"/>
 </way>
 <way id="502997372" visible="true" version="1" changeset="49786081" timestamp="2017-06-24T04:18:33Z" user="btwhite92" uid="730573">
  <nd ref="4933531567"/>
  <nd ref="4933531559"/>
  <nd ref="4933531558"/>
  <nd ref="4933531557"/>
  <nd ref="4933531569"/>
  <nd ref="4933531556"/>
  <nd ref="4933531550"/>
  <nd ref="4933531555"/>
  <nd ref="4933531554"/>
  <nd ref="4933531553"/>
  <nd ref="4933531552"/>
  <tag k="barrier" v="fence"/>
 </way>
 <way id="502997373" visible="true" version="1" changeset="49786081" timestamp="2017-06-24T04:18:33Z" user="btwhite92" uid="730573">
  <nd ref="4933531568"/>
  <nd ref="4933531567"/>
  <nd ref="4933531566"/>
  <nd ref="4933531565"/>
  <nd ref="4933531564"/>
  <nd ref="4933531563"/>
  <nd ref="4933531562"/>
  <nd ref="4933531561"/>
  <nd ref="4933531560"/>
  <tag k="barrier" v="fence"/>
 </way>
 <way id="502997374" visible="true" version="1" changeset="49786081" timestamp="2017-06-24T04:18:33Z" user="btwhite92" uid="730573">
  <nd ref="4933531571"/>
  <nd ref="4933531568"/>
  <nd ref="4933531570"/>
  <nd ref="4933531551"/>
  <nd ref="4933531569"/>
  <tag k="barrier" v="fence"/>
 </way>
 <way id="502997375" visible="true" version="1" changeset="49786081" timestamp="2017-06-24T04:18:33Z" user="btwhite92" uid="730573">
  <nd ref="4933531573"/>
  <nd ref="4933531549"/>
  <nd ref="4933531572"/>
  <tag k="barrier" v="fence"/>
 </way>
 <way id="502997378" visible="true" version="1" changeset="49786081" timestamp="2017-06-24T04:18:33Z" user="btwhite92" uid="730573">
  <nd ref="4933531592"/>
  <nd ref="4933531591"/>
  <tag k="barrier" v="fence"/>
 </way>
 <way id="502997379" visible="true" version="1" changeset="49786081" timestamp="2017-06-24T04:18:33Z" user="btwhite92" uid="730573">
  <nd ref="4933531593"/>
  <nd ref="4933531600"/>
  <tag k="barrier" v="fence"/>
 </way>
 <way id="502997380" visible="true" version="1" changeset="49786081" timestamp="2017-06-24T04:18:33Z" user="btwhite92" uid="730573">
  <nd ref="4933531598"/>
  <nd ref="4933531597"/>
  <nd ref="4933531599"/>
  <nd ref="4933531572"/>
  <nd ref="4933531596"/>
  <nd ref="4933531595"/>
  <nd ref="4933531594"/>
  <tag k="barrier" v="fence"/>
 </way>
 <way id="502997381" visible="true" version="1" changeset="49786081" timestamp="2017-06-24T04:18:33Z" user="btwhite92" uid="730573">
  <nd ref="4933531606"/>
  <nd ref="4933531603"/>
  <nd ref="4933531602"/>
  <nd ref="4933531601"/>
  <nd ref="4933531592"/>
  <nd ref="4933531600"/>
  <nd ref="4933531618"/>
  <nd ref="4933531619"/>
  <nd ref="4933531599"/>
  <tag k="barrier" v="fence"/>
 </way>
 <way id="502997383" visible="true" version="1" changeset="49786081" timestamp="2017-06-24T04:18:33Z" user="btwhite92" uid="730573">
  <nd ref="4933531605"/>
  <nd ref="4933531593"/>
  <nd ref="4933531591"/>
  <nd ref="4933531606"/>
  <nd ref="4933531607"/>
  <nd ref="4933531609"/>
  <nd ref="4933531608"/>
  <tag k="barrier" v="fence"/>
 </way>
 <way id="502997387" visible="true" version="1" changeset="49786081" timestamp="2017-06-24T04:18:33Z" user="btwhite92" uid="730573">
  <nd ref="4933531618"/>
  <nd ref="4933531605"/>
  <nd ref="4933531604"/>
  <nd ref="4933531608"/>
  <nd ref="4933531611"/>
  <nd ref="4933531610"/>
  <nd ref="4933531615"/>
  <nd ref="4933531617"/>
  <tag k="barrier" v="fence"/>
 </way>
 <way id="502997388" visible="true" version="1" changeset="49786081" timestamp="2017-06-24T04:18:34Z" user="btwhite92" uid="730573">
  <nd ref="4933531646"/>
  <nd ref="4933531624"/>
  <nd ref="4933531662"/>
  <nd ref="4933531617"/>
  <nd ref="4933531616"/>
  <nd ref="4933531632"/>
  <nd ref="4933531623"/>
  <nd ref="4933531622"/>
  <nd ref="4933531621"/>
  <nd ref="4933531620"/>
  <nd ref="4933531598"/>
  <nd ref="4933531619"/>
  <tag k="barrier" v="fence"/>
 </way>
 <way id="502997401" visible="true" version="2" changeset="49786119" timestamp="2017-06-24T04:27:18Z" user="btwhite92" uid="730573">
  <nd ref="4933531710"/>
  <nd ref="4933531445"/>
  <nd ref="4933531697"/>
  <nd ref="4933531708"/>
  <nd ref="4933531707"/>
  <nd ref="4933531706"/>
  <nd ref="4933531705"/>
  <nd ref="4933531704"/>
  <nd ref="4933531700"/>
  <nd ref="4933531680"/>
  <nd ref="4933531703"/>
  <nd ref="4933531702"/>
  <nd ref="4933531659"/>
  <nd ref="4933531701"/>
  <nd ref="4933531642"/>
  <nd ref="4933531649"/>
  <nd ref="4933531648"/>
  <nd ref="4933531647"/>
  <nd ref="4933533803"/>
  <nd ref="4933531646"/>
  <nd ref="4933531645"/>
  <nd ref="4933531527"/>
  <nd ref="4933531530"/>
  <nd ref="4933531533"/>
  <nd ref="4933531644"/>
  <tag k="barrier" v="fence"/>
 </way>
 <way id="562887646" visible="true" version="1" changeset="56533038" timestamp="2018-02-20T21:31:46Z" user="btwhite92" uid="730573">
  <nd ref="137155240"/>
  <nd ref="137138619"/>
  <tag k="highway" v="track"/>
  <tag k="name" v="Burr Road"/>
  <tag k="tiger:cfcc" v="A41"/>
  <tag k="tiger:county" v="Douglas, NV"/>
  <tag k="tiger:name_base" v="Burr"/>
  <tag k="tiger:name_type" v="Rd"/>
  <tag k="tiger:reviewed" v="no"/>
 </way>
 <way id="755567030" visible="true" version="1" changeset="78422067" timestamp="2019-12-15T04:20:39Z" user="btwhite92" uid="730573">
  <nd ref="7057450363"/>
  <nd ref="7057450362"/>
  <nd ref="7057450361"/>
  <nd ref="7057450360"/>
  <tag k="highway" v="secondary_link"/>
  <tag k="oneway" v="yes"/>
 </way>
 <way id="888784439" visible="true" version="1" changeset="96471836" timestamp="2020-12-27T04:16:24Z" user="larz86" uid="8127210">
  <nd ref="8263172374"/>
  <nd ref="8263172376"/>
  <nd ref="8263172377"/>
  <nd ref="8263172378"/>
  <nd ref="8263172375"/>
  <nd ref="8263172379"/>
  <nd ref="8263172374"/>
  <tag k="landuse" v="residential"/>
 </way>
 <way id="888784440" visible="true" version="2" changeset="143500319" timestamp="2023-11-01T22:35:29Z" user="Joseph R P" uid="10944197">
  <nd ref="8263172385"/>
  <nd ref="8263172386"/>
  <nd ref="8263172383"/>
  <nd ref="8263172382"/>
  <nd ref="8263172381"/>
  <nd ref="8263172380"/>
  <nd ref="8263172400"/>
  <nd ref="8263172399"/>
  <nd ref="8263172403"/>
  <nd ref="8263172401"/>
  <nd ref="8263172387"/>
  <nd ref="8263172388"/>
  <nd ref="8263172389"/>
  <nd ref="8263172390"/>
  <nd ref="8263172391"/>
  <nd ref="8263172392"/>
  <nd ref="8263172393"/>
  <nd ref="8263172394"/>
  <nd ref="8263172395"/>
  <nd ref="8263172396"/>
  <nd ref="8263172397"/>
  <nd ref="8263172398"/>
  <nd ref="8263172385"/>
  <tag k="landuse" v="residential"/>
  <tag k="residential" v="single_family"/>
 </way>
 <way id="888784443" visible="true" version="1" changeset="96471836" timestamp="2020-12-27T04:16:24Z" user="larz86" uid="8127210">
  <nd ref="8263185061"/>
  <nd ref="8263172352"/>
  <nd ref="8263172351"/>
  <nd ref="8263172350"/>
  <nd ref="8263172349"/>
  <nd ref="8263172348"/>
  <nd ref="8263172347"/>
  <nd ref="8263185062"/>
  <nd ref="8263185063"/>
  <nd ref="8263185061"/>
  <tag k="landuse" v="residential"/>
 </way>
 <way id="888784445" visible="true" version="1" changeset="96471836" timestamp="2020-12-27T04:16:24Z" user="larz86" uid="8127210">
  <nd ref="8263185069"/>
  <nd ref="8263185070"/>
  <nd ref="8263172374"/>
  <nd ref="8263172376"/>
  <nd ref="8263185071"/>
  <nd ref="8263185072"/>
  <nd ref="8263185073"/>
  <nd ref="8263185074"/>
  <nd ref="8263185075"/>
  <nd ref="8263185069"/>
  <tag k="landuse" v="residential"/>
 </way>
 <way id="1042703978" visible="true" version="3" changeset="181075913" timestamp="2026-04-09T02:54:55Z" user="Flap Slimy Outward" uid="22417964">
  <nd ref="439798642"/>
  <nd ref="439800170"/>
  <nd ref="439800178"/>
  <nd ref="439800176"/>
  <nd ref="439800175"/>
  <nd ref="439800173"/>
  <nd ref="439800501"/>
  <nd ref="439800500"/>
  <nd ref="439800181"/>
  <nd ref="439800179"/>
  <nd ref="439801110"/>
  <nd ref="439801108"/>
  <nd ref="439801107"/>
  <nd ref="439801106"/>
  <nd ref="439801104"/>
  <nd ref="439801102"/>
  <nd ref="439801101"/>
  <nd ref="439801100"/>
  <nd ref="439801098"/>
  <nd ref="439801097"/>
  <nd ref="439800200"/>
  <nd ref="439800202"/>
  <nd ref="439800203"/>
  <nd ref="439800204"/>
  <nd ref="439800205"/>
  <nd ref="439800206"/>
  <nd ref="439800207"/>
  <nd ref="439800208"/>
  <nd ref="439800209"/>
  <nd ref="439800210"/>
  <nd ref="439800966"/>
  <nd ref="439800965"/>
  <nd ref="439800960"/>
  <nd ref="439800958"/>
  <nd ref="439800963"/>
  <nd ref="439800962"/>
  <nd ref="439800954"/>
  <nd ref="439800953"/>
  <nd ref="439800957"/>
  <nd ref="439800956"/>
  <nd ref="439800183"/>
  <nd ref="439800182"/>
  <nd ref="439800381"/>
  <nd ref="439800382"/>
  <nd ref="439800385"/>
  <nd ref="439800386"/>
  <nd ref="439800383"/>
  <nd ref="439800384"/>
  <nd ref="439800389"/>
  <nd ref="439800390"/>
  <nd ref="439800387"/>
  <nd ref="439800388"/>
  <nd ref="439801003"/>
  <nd ref="439801002"/>
  <nd ref="439801008"/>
  <nd ref="439801007"/>
  <nd ref="439801006"/>
  <nd ref="439801005"/>
  <nd ref="439801012"/>
  <nd ref="439801011"/>
  <nd ref="439801010"/>
  <nd ref="439801009"/>
  <nd ref="439799648"/>
  <nd ref="439799650"/>
  <nd ref="439799655"/>
  <nd ref="439799656"/>
  <nd ref="439799657"/>
  <nd ref="439799658"/>
  <nd ref="439799651"/>
  <nd ref="439799652"/>
  <nd ref="439799653"/>
  <nd ref="439799654"/>
  <nd ref="439800326"/>
  <nd ref="439800284"/>
  <nd ref="439800279"/>
  <nd ref="439800278"/>
  <nd ref="439800281"/>
  <nd ref="439800280"/>
  <nd ref="439800275"/>
  <nd ref="439800274"/>
  <nd ref="439800276"/>
  <nd ref="439800441"/>
  <nd ref="439800442"/>
  <nd ref="439800439"/>
  <nd ref="439800440"/>
  <nd ref="439800437"/>
  <nd ref="439800438"/>
  <nd ref="439800435"/>
  <nd ref="439800436"/>
  <nd ref="439800433"/>
  <nd ref="12384528119"/>
  <nd ref="439801022"/>
  <nd ref="4933531412"/>
  <nd ref="439801023"/>
  <nd ref="4933531467"/>
  <nd ref="439801025"/>
  <nd ref="439801027"/>
  <nd ref="439801029"/>
  <nd ref="439801031"/>
  <nd ref="439801033"/>
  <nd ref="439801035"/>
  <nd ref="439801037"/>
  <nd ref="439801039"/>
  <nd ref="439800453"/>
  <nd ref="439799645"/>
  <nd ref="439800452"/>
  <nd ref="439800451"/>
  <nd ref="439800450"/>
  <nd ref="439800449"/>
  <nd ref="439800448"/>
  <nd ref="439800447"/>
  <nd ref="439800446"/>
  <nd ref="439800445"/>
  <nd ref="439800885"/>
  <nd ref="439800887"/>
  <nd ref="439800880"/>
  <nd ref="439800883"/>
  <nd ref="439800876"/>
  <nd ref="439800878"/>
  <nd ref="439800872"/>
  <nd ref="439800874"/>
  <nd ref="439800868"/>
  <nd ref="439800870"/>
  <nd ref="439800374"/>
  <nd ref="439800373"/>
  <nd ref="439800368"/>
  <nd ref="439800367"/>
  <nd ref="439800369"/>
  <nd ref="439800364"/>
  <nd ref="439800363"/>
  <nd ref="439800366"/>
  <nd ref="439800365"/>
  <nd ref="439801232"/>
  <nd ref="439800301"/>
  <nd ref="439800286"/>
  <nd ref="439800287"/>
  <nd ref="439800288"/>
  <nd ref="439800289"/>
  <nd ref="439800282"/>
  <nd ref="439800283"/>
  <nd ref="439801239"/>
  <nd ref="439800285"/>
  <nd ref="439801159"/>
  <nd ref="439801157"/>
  <nd ref="439801167"/>
  <nd ref="7254372098"/>
  <nd ref="439801164"/>
  <nd ref="439801163"/>
  <nd ref="439801160"/>
  <nd ref="439801177"/>
  <nd ref="439801175"/>
  <nd ref="439801173"/>
  <nd ref="439801171"/>
  <nd ref="439800469"/>
  <nd ref="439800470"/>
  <nd ref="439800475"/>
  <nd ref="439800476"/>
  <nd ref="9597927345"/>
  <nd ref="9597927346"/>
  <nd ref="9597927347"/>
  <nd ref="9597927348"/>
  <nd ref="9597927349"/>
  <nd ref="9597927350"/>
  <nd ref="9597927351"/>
  <nd ref="9597927352"/>
  <nd ref="9597927353"/>
  <nd ref="9597927354"/>
  <nd ref="9597927355"/>
  <nd ref="6610695279"/>
 </way>
 <way id="1070413418" visible="true" version="1" changeset="122479487" timestamp="2022-06-16T19:52:35Z" user="beddy" uid="3207726">
  <nd ref="9823494141"/>
  <nd ref="9823494142"/>
  <nd ref="9823494143"/>
  <nd ref="9823494144"/>
  <nd ref="9823494145"/>
  <nd ref="9823494146"/>
  <nd ref="9823494141"/>
  <tag k="building" v="yes"/>
  <tag k="source" v="microsoft/BuildingFootprints"/>
 </way>
 <way id="1070413420" visible="true" version="1" changeset="122479487" timestamp="2022-06-16T19:52:35Z" user="beddy" uid="3207726">
  <nd ref="9823494151"/>
  <nd ref="9823494152"/>
  <nd ref="9823494153"/>
  <nd ref="9823494154"/>
  <nd ref="9823494151"/>
  <tag k="building" v="yes"/>
  <tag k="source" v="microsoft/BuildingFootprints"/>
 </way>
 <way id="1070413421" visible="true" version="1" changeset="122479487" timestamp="2022-06-16T19:52:35Z" user="beddy" uid="3207726">
  <nd ref="9823494155"/>
  <nd ref="9823494156"/>
  <nd ref="9823494157"/>
  <nd ref="9823494158"/>
  <nd ref="9823494159"/>
  <nd ref="9823494160"/>
  <nd ref="9823494155"/>
  <tag k="building" v="yes"/>
  <tag k="source" v="microsoft/BuildingFootprints"/>
 </way>
 <way id="1070413422" visible="true" version="1" changeset="122479487" timestamp="2022-06-16T19:52:35Z" user="beddy" uid="3207726">
  <nd ref="9823494161"/>
  <nd ref="9823494162"/>
  <nd ref="9823494163"/>
  <nd ref="9823494164"/>
  <nd ref="9823494161"/>
  <tag k="building" v="yes"/>
  <tag k="source" v="microsoft/BuildingFootprints"/>
 </way>
 <way id="1070413423" visible="true" version="1" changeset="122479487" timestamp="2022-06-16T19:52:35Z" user="beddy" uid="3207726">
  <nd ref="9823494165"/>
  <nd ref="9823494166"/>
  <nd ref="9823494167"/>
  <nd ref="9823494168"/>
  <nd ref="9823494165"/>
  <tag k="building" v="yes"/>
  <tag k="source" v="microsoft/BuildingFootprints"/>
 </way>
 <way id="1070413425" visible="true" version="1" changeset="122479487" timestamp="2022-06-16T19:52:35Z" user="beddy" uid="3207726">
  <nd ref="9823494175"/>
  <nd ref="9823494176"/>
  <nd ref="9823494177"/>
  <nd ref="9823494178"/>
  <nd ref="9823494175"/>
  <tag k="building" v="yes"/>
  <tag k="source" v="microsoft/BuildingFootprints"/>
 </way>
 <way id="1070413426" visible="true" version="1" changeset="122479487" timestamp="2022-06-16T19:52:35Z" user="beddy" uid="3207726">
  <nd ref="9823494179"/>
  <nd ref="9823494180"/>
  <nd ref="9823494181"/>
  <nd ref="9823494182"/>
  <nd ref="9823494179"/>
  <tag k="building" v="yes"/>
  <tag k="source" v="microsoft/BuildingFootprints"/>
 </way>
 <way id="1070413427" visible="true" version="1" changeset="122479487" timestamp="2022-06-16T19:52:35Z" user="beddy" uid="3207726">
  <nd ref="9823494183"/>
  <nd ref="9823494184"/>
  <nd ref="9823494185"/>
  <nd ref="9823494186"/>
  <nd ref="9823494187"/>
  <nd ref="9823494188"/>
  <nd ref="9823494189"/>
  <nd ref="9823494190"/>
  <nd ref="9823494183"/>
  <tag k="building" v="yes"/>
  <tag k="source" v="microsoft/BuildingFootprints"/>
 </way>
 <way id="1070413428" visible="true" version="1" changeset="122479487" timestamp="2022-06-16T19:52:35Z" user="beddy" uid="3207726">
  <nd ref="9823494191"/>
  <nd ref="9823494192"/>
  <nd ref="9823494193"/>
  <nd ref="9823494194"/>
  <nd ref="9823494195"/>
  <nd ref="9823494196"/>
  <nd ref="9823494197"/>
  <nd ref="9823494198"/>
  <nd ref="9823494191"/>
  <tag k="building" v="yes"/>
  <tag k="source" v="microsoft/BuildingFootprints"/>
 </way>
 <way id="1070413429" visible="true" version="1" changeset="122479487" timestamp="2022-06-16T19:52:35Z" user="beddy" uid="3207726">
  <nd ref="9823494199"/>
  <nd ref="9823494200"/>
  <nd ref="9823494201"/>
  <nd ref="9823494202"/>
  <nd ref="9823494203"/>
  <nd ref="9823494204"/>
  <nd ref="9823494199"/>
  <tag k="building" v="yes"/>
  <tag k="source" v="microsoft/BuildingFootprints"/>
 </way>
 <way id="1070413430" visible="true" version="1" changeset="122479487" timestamp="2022-06-16T19:52:35Z" user="beddy" uid="3207726">
  <nd ref="9823494205"/>
  <nd ref="9823494206"/>
  <nd ref="9823494207"/>
  <nd ref="9823494208"/>
  <nd ref="9823494209"/>
  <nd ref="9823494210"/>
  <nd ref="9823494211"/>
  <nd ref="9823494212"/>
  <nd ref="9823494205"/>
  <tag k="building" v="yes"/>
  <tag k="source" v="microsoft/BuildingFootprints"/>
 </way>
 <way id="1070413431" visible="true" version="1" changeset="122479487" timestamp="2022-06-16T19:52:35Z" user="beddy" uid="3207726">
  <nd ref="9823494213"/>
  <nd ref="9823494214"/>
  <nd ref="9823494215"/>
  <nd ref="9823494216"/>
  <nd ref="9823495917"/>
  <nd ref="9823495918"/>
  <nd ref="9823494213"/>
  <tag k="building" v="yes"/>
  <tag k="source" v="microsoft/BuildingFootprints"/>
 </way>
 <way id="1070413432" visible="true" version="1" changeset="122479487" timestamp="2022-06-16T19:52:35Z" user="beddy" uid="3207726">
  <nd ref="9823495919"/>
  <nd ref="9823495920"/>
  <nd ref="9823495921"/>
  <nd ref="9823495922"/>
  <nd ref="9823495923"/>
  <nd ref="9823495924"/>
  <nd ref="9823495919"/>
  <tag k="building" v="yes"/>
  <tag k="source" v="microsoft/BuildingFootprints"/>
 </way>
 <way id="1070413433" visible="true" version="1" changeset="122479487" timestamp="2022-06-16T19:52:35Z" user="beddy" uid="3207726">
  <nd ref="9823495925"/>
  <nd ref="9823495926"/>
  <nd ref="9823495927"/>
  <nd ref="9823495928"/>
  <nd ref="9823495929"/>
  <nd ref="9823495930"/>
  <nd ref="9823495931"/>
  <nd ref="9823495932"/>
  <nd ref="9823495925"/>
  <tag k="building" v="yes"/>
  <tag k="source" v="microsoft/BuildingFootprints"/>
 </way>
 <way id="1070413434" visible="true" version="1" changeset="122479487" timestamp="2022-06-16T19:52:35Z" user="beddy" uid="3207726">
  <nd ref="9823495933"/>
  <nd ref="9823495934"/>
  <nd ref="9823495935"/>
  <nd ref="9823495936"/>
  <nd ref="9823495937"/>
  <nd ref="9823495938"/>
  <nd ref="9823495933"/>
  <tag k="building" v="yes"/>
  <tag k="source" v="microsoft/BuildingFootprints"/>
 </way>
 <way id="1070413435" visible="true" version="1" changeset="122479487" timestamp="2022-06-16T19:52:35Z" user="beddy" uid="3207726">
  <nd ref="9823495939"/>
  <nd ref="9823495940"/>
  <nd ref="9823495941"/>
  <nd ref="9823495942"/>
  <nd ref="9823495943"/>
  <nd ref="9823495944"/>
  <nd ref="9823495945"/>
  <nd ref="9823495946"/>
  <nd ref="9823495939"/>
  <tag k="building" v="yes"/>
  <tag k="source" v="microsoft/BuildingFootprints"/>
 </way>
 <way id="1070413436" visible="true" version="1" changeset="122479487" timestamp="2022-06-16T19:52:35Z" user="beddy" uid="3207726">
  <nd ref="9823495947"/>
  <nd ref="9823495948"/>
  <nd ref="9823495949"/>
  <nd ref="9823495950"/>
  <nd ref="9823495951"/>
  <nd ref="9823495952"/>
  <nd ref="9823495953"/>
  <nd ref="9823495954"/>
  <nd ref="9823495947"/>
  <tag k="building" v="yes"/>
  <tag k="source" v="microsoft/BuildingFootprints"/>
 </way>
 <way id="1070413437" visible="true" version="1" changeset="122479487" timestamp="2022-06-16T19:52:35Z" user="beddy" uid="3207726">
  <nd ref="9823495955"/>
  <nd ref="9823495956"/>
  <nd ref="9823495957"/>
  <nd ref="9823495958"/>
  <nd ref="9823495959"/>
  <nd ref="9823495960"/>
  <nd ref="9823495961"/>
  <nd ref="9823495962"/>
  <nd ref="9823495955"/>
  <tag k="building" v="yes"/>
  <tag k="source" v="microsoft/BuildingFootprints"/>
 </way>
 <way id="1070413438" visible="true" version="1" changeset="122479487" timestamp="2022-06-16T19:52:35Z" user="beddy" uid="3207726">
  <nd ref="9823495963"/>
  <nd ref="9823495964"/>
  <nd ref="9823495965"/>
  <nd ref="9823495966"/>
  <nd ref="9823495967"/>
  <nd ref="9823495968"/>
  <nd ref="9823495969"/>
  <nd ref="9823495970"/>
  <nd ref="9823495963"/>
  <tag k="building" v="yes"/>
  <tag k="source" v="microsoft/BuildingFootprints"/>
 </way>
 <way id="1070413439" visible="true" version="1" changeset="122479487" timestamp="2022-06-16T19:52:35Z" user="beddy" uid="3207726">
  <nd ref="9823495971"/>
  <nd ref="9823495972"/>
  <nd ref="9823495973"/>
  <nd ref="9823495974"/>
  <nd ref="9823495971"/>
  <tag k="building" v="yes"/>
  <tag k="source" v="microsoft/BuildingFootprints"/>
 </way>
 <way id="1070413440" visible="true" version="1" changeset="122479487" timestamp="2022-06-16T19:52:35Z" user="beddy" uid="3207726">
  <nd ref="9823495975"/>
  <nd ref="9823495976"/>
  <nd ref="9823495977"/>
  <nd ref="9823495978"/>
  <nd ref="9823495979"/>
  <nd ref="9823495980"/>
  <nd ref="9823495975"/>
  <tag k="building" v="yes"/>
  <tag k="source" v="microsoft/BuildingFootprints"/>
 </way>
 <way id="1070413441" visible="true" version="1" changeset="122479487" timestamp="2022-06-16T19:52:35Z" user="beddy" uid="3207726">
  <nd ref="9823495981"/>
  <nd ref="9823495982"/>
  <nd ref="9823495983"/>
  <nd ref="9823495984"/>
  <nd ref="9823495981"/>
  <tag k="building" v="yes"/>
  <tag k="source" v="microsoft/BuildingFootprints"/>
 </way>
 <way id="1070413442" visible="true" version="1" changeset="122479487" timestamp="2022-06-16T19:52:35Z" user="beddy" uid="3207726">
  <nd ref="9823495985"/>
  <nd ref="9823495986"/>
  <nd ref="9823495987"/>
  <nd ref="9823495988"/>
  <nd ref="9823495989"/>
  <nd ref="9823495990"/>
  <nd ref="9823495985"/>
  <tag k="building" v="yes"/>
  <tag k="source" v="microsoft/BuildingFootprints"/>
 </way>
 <way id="1070413443" visible="true" version="1" changeset="122479487" timestamp="2022-06-16T19:52:35Z" user="beddy" uid="3207726">
  <nd ref="9823495991"/>
  <nd ref="9823495992"/>
  <nd ref="9823495993"/>
  <nd ref="9823495994"/>
  <nd ref="9823495995"/>
  <nd ref="9823495996"/>
  <nd ref="9823495991"/>
  <tag k="building" v="yes"/>
  <tag k="source" v="microsoft/BuildingFootprints"/>
 </way>
 <way id="1070413451" visible="true" version="1" changeset="122479487" timestamp="2022-06-16T19:52:35Z" user="beddy" uid="3207726">
  <nd ref="9823496037"/>
  <nd ref="9823496038"/>
  <nd ref="9823496039"/>
  <nd ref="9823496040"/>
  <nd ref="9823496041"/>
  <nd ref="9823496042"/>
  <nd ref="9823496037"/>
  <tag k="building" v="yes"/>
  <tag k="source" v="microsoft/BuildingFootprints"/>
 </way>
 <way id="1070413452" visible="true" version="1" changeset="122479487" timestamp="2022-06-16T19:52:35Z" user="beddy" uid="3207726">
  <nd ref="9823496043"/>
  <nd ref="9823496044"/>
  <nd ref="9823496045"/>
  <nd ref="9823496046"/>
  <nd ref="9823496043"/>
  <tag k="building" v="yes"/>
  <tag k="source" v="microsoft/BuildingFootprints"/>
 </way>
 <way id="1070413454" visible="true" version="1" changeset="122479487" timestamp="2022-06-16T19:52:35Z" user="beddy" uid="3207726">
  <nd ref="9823496051"/>
  <nd ref="9823496052"/>
  <nd ref="9823496053"/>
  <nd ref="9823496054"/>
  <nd ref="9823496055"/>
  <nd ref="9823496056"/>
  <nd ref="9823496051"/>
  <tag k="building" v="yes"/>
  <tag k="source" v="microsoft/BuildingFootprints"/>
 </way>
 <way id="1070413455" visible="true" version="1" changeset="122479487" timestamp="2022-06-16T19:52:35Z" user="beddy" uid="3207726">
  <nd ref="9823496057"/>
  <nd ref="9823496058"/>
  <nd ref="9823496059"/>
  <nd ref="9823496060"/>
  <nd ref="9823496061"/>
  <nd ref="9823496062"/>
  <nd ref="9823496057"/>
  <tag k="building" v="yes"/>
  <tag k="source" v="microsoft/BuildingFootprints"/>
 </way>
 <way id="1070413456" visible="true" version="1" changeset="122479487" timestamp="2022-06-16T19:52:35Z" user="beddy" uid="3207726">
  <nd ref="9823496063"/>
  <nd ref="9823496064"/>
  <nd ref="9823496065"/>
  <nd ref="9823496066"/>
  <nd ref="9823496063"/>
  <tag k="building" v="yes"/>
  <tag k="source" v="microsoft/BuildingFootprints"/>
 </way>
 <way id="1070413457" visible="true" version="1" changeset="122479487" timestamp="2022-06-16T19:52:35Z" user="beddy" uid="3207726">
  <nd ref="9823496067"/>
  <nd ref="9823496068"/>
  <nd ref="9823496069"/>
  <nd ref="9823496070"/>
  <nd ref="9823496071"/>
  <nd ref="9823496072"/>
  <nd ref="9823496073"/>
  <nd ref="9823496074"/>
  <nd ref="9823496075"/>
  <nd ref="9823496076"/>
  <nd ref="9823496067"/>
  <tag k="building" v="yes"/>
  <tag k="source" v="microsoft/BuildingFootprints"/>
 </way>
 <way id="1070413458" visible="true" version="1" changeset="122479487" timestamp="2022-06-16T19:52:35Z" user="beddy" uid="3207726">
  <nd ref="9823496077"/>
  <nd ref="9823496078"/>
  <nd ref="9823496079"/>
  <nd ref="9823496080"/>
  <nd ref="9823496081"/>
  <nd ref="9823496082"/>
  <nd ref="9823496077"/>
  <tag k="building" v="yes"/>
  <tag k="source" v="microsoft/BuildingFootprints"/>
 </way>
 <way id="1070413459" visible="true" version="1" changeset="122479487" timestamp="2022-06-16T19:52:35Z" user="beddy" uid="3207726">
  <nd ref="9823496083"/>
  <nd ref="9823496084"/>
  <nd ref="9823496085"/>
  <nd ref="9823496086"/>
  <nd ref="9823496087"/>
  <nd ref="9823496088"/>
  <nd ref="9823496089"/>
  <nd ref="9823496090"/>
  <nd ref="9823496083"/>
  <tag k="building" v="yes"/>
  <tag k="source" v="microsoft/BuildingFootprints"/>
 </way>
 <way id="1070413460" visible="true" version="1" changeset="122479487" timestamp="2022-06-16T19:52:35Z" user="beddy" uid="3207726">
  <nd ref="9823496091"/>
  <nd ref="9823496092"/>
  <nd ref="9823496093"/>
  <nd ref="9823496094"/>
  <nd ref="9823496095"/>
  <nd ref="9823496096"/>
  <nd ref="9823496091"/>
  <tag k="building" v="yes"/>
  <tag k="source" v="microsoft/BuildingFootprints"/>
 </way>
 <way id="1070413461" visible="true" version="1" changeset="122479487" timestamp="2022-06-16T19:52:35Z" user="beddy" uid="3207726">
  <nd ref="9823496097"/>
  <nd ref="9823496098"/>
  <nd ref="9823496099"/>
  <nd ref="9823496100"/>
  <nd ref="9823496101"/>
  <nd ref="9823496102"/>
  <nd ref="9823496103"/>
  <nd ref="9823496104"/>
  <nd ref="9823496097"/>
  <tag k="building" v="yes"/>
  <tag k="source" v="microsoft/BuildingFootprints"/>
 </way>
 <way id="1070413462" visible="true" version="1" changeset="122479487" timestamp="2022-06-16T19:52:35Z" user="beddy" uid="3207726">
  <nd ref="9823496105"/>
  <nd ref="9823496106"/>
  <nd ref="9823496107"/>
  <nd ref="9823496108"/>
  <nd ref="9823496109"/>
  <nd ref="9823496110"/>
  <nd ref="9823496105"/>
  <tag k="building" v="yes"/>
  <tag k="source" v="microsoft/BuildingFootprints"/>
 </way>
 <way id="1070413463" visible="true" version="1" changeset="122479487" timestamp="2022-06-16T19:52:35Z" user="beddy" uid="3207726">
  <nd ref="9823496111"/>
  <nd ref="9823496112"/>
  <nd ref="9823496113"/>
  <nd ref="9823496114"/>
  <nd ref="9823496111"/>
  <tag k="building" v="yes"/>
  <tag k="source" v="microsoft/BuildingFootprints"/>
 </way>
 <way id="1070413464" visible="true" version="1" changeset="122479487" timestamp="2022-06-16T19:52:35Z" user="beddy" uid="3207726">
  <nd ref="9823496115"/>
  <nd ref="9823496116"/>
  <nd ref="9823496117"/>
  <nd ref="9823496118"/>
  <nd ref="9823496115"/>
  <tag k="building" v="yes"/>
  <tag k="source" v="microsoft/BuildingFootprints"/>
 </way>
 <way id="1070413465" visible="true" version="1" changeset="122479487" timestamp="2022-06-16T19:52:35Z" user="beddy" uid="3207726">
  <nd ref="9823496119"/>
  <nd ref="9823496120"/>
  <nd ref="9823496121"/>
  <nd ref="9823496122"/>
  <nd ref="9823496123"/>
  <nd ref="9823496124"/>
  <nd ref="9823496119"/>
  <tag k="building" v="yes"/>
  <tag k="source" v="microsoft/BuildingFootprints"/>
 </way>
 <way id="1070413466" visible="true" version="1" changeset="122479487" timestamp="2022-06-16T19:52:35Z" user="beddy" uid="3207726">
  <nd ref="9823496125"/>
  <nd ref="9823496126"/>
  <nd ref="9823496127"/>
  <nd ref="9823496128"/>
  <nd ref="9823496129"/>
  <nd ref="9823496130"/>
  <nd ref="9823496125"/>
  <tag k="building" v="yes"/>
  <tag k="source" v="microsoft/BuildingFootprints"/>
 </way>
 <way id="1070413641" visible="true" version="1" changeset="122479553" timestamp="2022-06-16T19:54:37Z" user="beddy" uid="3207726">
  <nd ref="9823497176"/>
  <nd ref="9823497177"/>
  <nd ref="9823497178"/>
  <nd ref="9823497179"/>
  <nd ref="9823497180"/>
  <nd ref="9823497181"/>
  <nd ref="9823497182"/>
  <nd ref="9823497183"/>
  <nd ref="9823497176"/>
  <tag k="building" v="yes"/>
  <tag k="source" v="microsoft/BuildingFootprints"/>
 </way>
 <way id="1070413642" visible="true" version="1" changeset="122479553" timestamp="2022-06-16T19:54:37Z" user="beddy" uid="3207726">
  <nd ref="9823497184"/>
  <nd ref="9823497185"/>
  <nd ref="9823497186"/>
  <nd ref="9823497187"/>
  <nd ref="9823497188"/>
  <nd ref="9823497189"/>
  <nd ref="9823497190"/>
  <nd ref="9823497191"/>
  <nd ref="9823497184"/>
  <tag k="building" v="yes"/>
  <tag k="source" v="microsoft/BuildingFootprints"/>
 </way>
 <way id="1070413643" visible="true" version="1" changeset="122479553" timestamp="2022-06-16T19:54:37Z" user="beddy" uid="3207726">
  <nd ref="9823497192"/>
  <nd ref="9823497193"/>
  <nd ref="9823497194"/>
  <nd ref="9823497195"/>
  <nd ref="9823497196"/>
  <nd ref="9823497197"/>
  <nd ref="9823497192"/>
  <tag k="building" v="yes"/>
  <tag k="source" v="microsoft/BuildingFootprints"/>
 </way>
 <way id="1070413644" visible="true" version="1" changeset="122479553" timestamp="2022-06-16T19:54:37Z" user="beddy" uid="3207726">
  <nd ref="9823497198"/>
  <nd ref="9823497199"/>
  <nd ref="9823497200"/>
  <nd ref="9823497201"/>
  <nd ref="9823497202"/>
  <nd ref="9823497203"/>
  <nd ref="9823497204"/>
  <nd ref="9823497205"/>
  <nd ref="9823497198"/>
  <tag k="building" v="yes"/>
  <tag k="source" v="microsoft/BuildingFootprints"/>
 </way>
 <way id="1070413645" visible="true" version="1" changeset="122479553" timestamp="2022-06-16T19:54:37Z" user="beddy" uid="3207726">
  <nd ref="9823497206"/>
  <nd ref="9823497207"/>
  <nd ref="9823497208"/>
  <nd ref="9823497209"/>
  <nd ref="9823497210"/>
  <nd ref="9823497211"/>
  <nd ref="9823497212"/>
  <nd ref="9823497213"/>
  <nd ref="9823497206"/>
  <tag k="building" v="yes"/>
  <tag k="source" v="microsoft/BuildingFootprints"/>
 </way>
 <way id="1070413646" visible="true" version="1" changeset="122479553" timestamp="2022-06-16T19:54:37Z" user="beddy" uid="3207726">
  <nd ref="9823497214"/>
  <nd ref="9823497215"/>
  <nd ref="9823497216"/>
  <nd ref="9823497617"/>
  <nd ref="9823497618"/>
  <nd ref="9823497619"/>
  <nd ref="9823497214"/>
  <tag k="building" v="yes"/>
  <tag k="source" v="microsoft/BuildingFootprints"/>
 </way>
 <way id="1070413647" visible="true" version="1" changeset="122479553" timestamp="2022-06-16T19:54:37Z" user="beddy" uid="3207726">
  <nd ref="9823497620"/>
  <nd ref="9823497621"/>
  <nd ref="9823497622"/>
  <nd ref="9823497623"/>
  <nd ref="9823497624"/>
  <nd ref="9823497625"/>
  <nd ref="9823497626"/>
  <nd ref="9823497627"/>
  <nd ref="9823497620"/>
  <tag k="building" v="yes"/>
  <tag k="source" v="microsoft/BuildingFootprints"/>
 </way>
 <way id="1070413648" visible="true" version="1" changeset="122479553" timestamp="2022-06-16T19:54:37Z" user="beddy" uid="3207726">
  <nd ref="9823497628"/>
  <nd ref="9823497629"/>
  <nd ref="9823497630"/>
  <nd ref="9823497631"/>
  <nd ref="9823497632"/>
  <nd ref="9823497633"/>
  <nd ref="9823497628"/>
  <tag k="building" v="yes"/>
  <tag k="source" v="microsoft/BuildingFootprints"/>
 </way>
 <way id="1070413649" visible="true" version="1" changeset="122479553" timestamp="2022-06-16T19:54:37Z" user="beddy" uid="3207726">
  <nd ref="9823497634"/>
  <nd ref="9823497635"/>
  <nd ref="9823497636"/>
  <nd ref="9823497637"/>
  <nd ref="9823497634"/>
  <tag k="building" v="yes"/>
  <tag k="source" v="microsoft/BuildingFootprints"/>
 </way>
 <way id="1070413650" visible="true" version="1" changeset="122479553" timestamp="2022-06-16T19:54:37Z" user="beddy" uid="3207726">
  <nd ref="9823497638"/>
  <nd ref="9823497639"/>
  <nd ref="9823497640"/>
  <nd ref="9823497641"/>
  <nd ref="9823497642"/>
  <nd ref="9823497643"/>
  <nd ref="9823497644"/>
  <nd ref="9823497645"/>
  <nd ref="9823497638"/>
  <tag k="building" v="yes"/>
  <tag k="source" v="microsoft/BuildingFootprints"/>
 </way>
 <way id="1070413651" visible="true" version="1" changeset="122479553" timestamp="2022-06-16T19:54:37Z" user="beddy" uid="3207726">
  <nd ref="9823497646"/>
  <nd ref="9823497647"/>
  <nd ref="9823497648"/>
  <nd ref="9823497649"/>
  <nd ref="9823497646"/>
  <tag k="building" v="yes"/>
  <tag k="source" v="microsoft/BuildingFootprints"/>
 </way>
 <way id="1070413652" visible="true" version="1" changeset="122479553" timestamp="2022-06-16T19:54:37Z" user="beddy" uid="3207726">
  <nd ref="9823497650"/>
  <nd ref="9823497651"/>
  <nd ref="9823497652"/>
  <nd ref="9823497653"/>
  <nd ref="9823497654"/>
  <nd ref="9823497655"/>
  <nd ref="9823497650"/>
  <tag k="building" v="yes"/>
  <tag k="source" v="microsoft/BuildingFootprints"/>
 </way>
 <way id="1070413653" visible="true" version="1" changeset="122479553" timestamp="2022-06-16T19:54:37Z" user="beddy" uid="3207726">
  <nd ref="9823497656"/>
  <nd ref="9823497657"/>
  <nd ref="9823497658"/>
  <nd ref="9823497659"/>
  <nd ref="9823497656"/>
  <tag k="building" v="yes"/>
  <tag k="source" v="microsoft/BuildingFootprints"/>
 </way>
 <way id="1070413654" visible="true" version="1" changeset="122479553" timestamp="2022-06-16T19:54:37Z" user="beddy" uid="3207726">
  <nd ref="9823497660"/>
  <nd ref="9823497661"/>
  <nd ref="9823497662"/>
  <nd ref="9823497663"/>
  <nd ref="9823497660"/>
  <tag k="building" v="yes"/>
  <tag k="source" v="microsoft/BuildingFootprints"/>
 </way>
 <way id="1070413655" visible="true" version="1" changeset="122479553" timestamp="2022-06-16T19:54:37Z" user="beddy" uid="3207726">
  <nd ref="9823497664"/>
  <nd ref="9823497665"/>
  <nd ref="9823497666"/>
  <nd ref="9823497667"/>
  <nd ref="9823497668"/>
  <nd ref="9823497669"/>
  <nd ref="9823497670"/>
  <nd ref="9823497671"/>
  <nd ref="9823497664"/>
  <tag k="building" v="yes"/>
  <tag k="source" v="microsoft/BuildingFootprints"/>
 </way>
 <way id="1070413656" visible="true" version="1" changeset="122479553" timestamp="2022-06-16T19:54:37Z" user="beddy" uid="3207726">
  <nd ref="9823497672"/>
  <nd ref="9823497673"/>
  <nd ref="9823497674"/>
  <nd ref="9823497675"/>
  <nd ref="9823497672"/>
  <tag k="building" v="yes"/>
  <tag k="source" v="microsoft/BuildingFootprints"/>
 </way>
 <way id="1070413657" visible="true" version="1" changeset="122479553" timestamp="2022-06-16T19:54:37Z" user="beddy" uid="3207726">
  <nd ref="9823497676"/>
  <nd ref="9823497677"/>
  <nd ref="9823497678"/>
  <nd ref="9823497679"/>
  <nd ref="9823497676"/>
  <tag k="building" v="yes"/>
  <tag k="source" v="microsoft/BuildingFootprints"/>
 </way>
 <way id="1070413658" visible="true" version="1" changeset="122479553" timestamp="2022-06-16T19:54:37Z" user="beddy" uid="3207726">
  <nd ref="9823497680"/>
  <nd ref="9823497681"/>
  <nd ref="9823497682"/>
  <nd ref="9823497683"/>
  <nd ref="9823497680"/>
  <tag k="building" v="yes"/>
  <tag k="source" v="microsoft/BuildingFootprints"/>
 </way>
 <way id="1070413659" visible="true" version="1" changeset="122479553" timestamp="2022-06-16T19:54:37Z" user="beddy" uid="3207726">
  <nd ref="9823497684"/>
  <nd ref="9823497685"/>
  <nd ref="9823497686"/>
  <nd ref="9823497687"/>
  <nd ref="9823497684"/>
  <tag k="building" v="yes"/>
  <tag k="source" v="microsoft/BuildingFootprints"/>
 </way>
 <way id="1070413660" visible="true" version="1" changeset="122479553" timestamp="2022-06-16T19:54:37Z" user="beddy" uid="3207726">
  <nd ref="9823497688"/>
  <nd ref="9823497689"/>
  <nd ref="9823497690"/>
  <nd ref="9823497691"/>
  <nd ref="9823497692"/>
  <nd ref="9823497693"/>
  <nd ref="9823497694"/>
  <nd ref="9823497695"/>
  <nd ref="9823497688"/>
  <tag k="building" v="yes"/>
  <tag k="source" v="microsoft/BuildingFootprints"/>
 </way>
 <way id="1070413661" visible="true" version="1" changeset="122479553" timestamp="2022-06-16T19:54:37Z" user="beddy" uid="3207726">
  <nd ref="9823497696"/>
  <nd ref="9823497697"/>
  <nd ref="9823497698"/>
  <nd ref="9823497699"/>
  <nd ref="9823497700"/>
  <nd ref="9823497701"/>
  <nd ref="9823497702"/>
  <nd ref="9823497703"/>
  <nd ref="9823497704"/>
  <nd ref="9823497705"/>
  <nd ref="9823497706"/>
  <nd ref="9823497707"/>
  <nd ref="9823497696"/>
  <tag k="building" v="yes"/>
  <tag k="source" v="microsoft/BuildingFootprints"/>
 </way>
 <way id="1070413662" visible="true" version="1" changeset="122479553" timestamp="2022-06-16T19:54:37Z" user="beddy" uid="3207726">
  <nd ref="9823497708"/>
  <nd ref="9823497709"/>
  <nd ref="9823497710"/>
  <nd ref="9823497711"/>
  <nd ref="9823497712"/>
  <nd ref="9823497713"/>
  <nd ref="9823497708"/>
  <tag k="building" v="yes"/>
  <tag k="source" v="microsoft/BuildingFootprints"/>
 </way>
 <way id="1070413663" visible="true" version="1" changeset="122479553" timestamp="2022-06-16T19:54:37Z" user="beddy" uid="3207726">
  <nd ref="9823497714"/>
  <nd ref="9823497715"/>
  <nd ref="9823497716"/>
  <nd ref="9823497717"/>
  <nd ref="9823497718"/>
  <nd ref="9823497719"/>
  <nd ref="9823497720"/>
  <nd ref="9823497721"/>
  <nd ref="9823497722"/>
  <nd ref="9823497723"/>
  <nd ref="9823497724"/>
  <nd ref="9823497725"/>
  <nd ref="9823497714"/>
  <tag k="building" v="yes"/>
  <tag k="source" v="microsoft/BuildingFootprints"/>
 </way>
 <way id="1070413664" visible="true" version="1" changeset="122479553" timestamp="2022-06-16T19:54:37Z" user="beddy" uid="3207726">
  <nd ref="9823497726"/>
  <nd ref="9823497727"/>
  <nd ref="9823497728"/>
  <nd ref="9823497729"/>
  <nd ref="9823497730"/>
  <nd ref="9823497731"/>
  <nd ref="9823497726"/>
  <tag k="building" v="yes"/>
  <tag k="source" v="microsoft/BuildingFootprints"/>
 </way>
 <way id="1070413665" visible="true" version="1" changeset="122479553" timestamp="2022-06-16T19:54:37Z" user="beddy" uid="3207726">
  <nd ref="9823497732"/>
  <nd ref="9823497733"/>
  <nd ref="9823497734"/>
  <nd ref="9823497735"/>
  <nd ref="9823497736"/>
  <nd ref="9823497737"/>
  <nd ref="9823497732"/>
  <tag k="building" v="yes"/>
  <tag k="source" v="microsoft/BuildingFootprints"/>
 </way>
 <way id="1070413666" visible="true" version="1" changeset="122479553" timestamp="2022-06-16T19:54:37Z" user="beddy" uid="3207726">
  <nd ref="9823497738"/>
  <nd ref="9823497739"/>
  <nd ref="9823497740"/>
  <nd ref="9823497741"/>
  <nd ref="9823497742"/>
  <nd ref="9823497743"/>
  <nd ref="9823497744"/>
  <nd ref="9823497745"/>
  <nd ref="9823497746"/>
  <nd ref="9823497747"/>
  <nd ref="9823497748"/>
  <nd ref="9823497749"/>
  <nd ref="9823497750"/>
  <nd ref="9823497751"/>
  <nd ref="9823497752"/>
  <nd ref="9823497753"/>
  <nd ref="9823497754"/>
  <nd ref="9823497755"/>
  <nd ref="9823497738"/>
  <tag k="building" v="yes"/>
  <tag k="source" v="microsoft/BuildingFootprints"/>
 </way>
 <way id="1070413667" visible="true" version="1" changeset="122479553" timestamp="2022-06-16T19:54:37Z" user="beddy" uid="3207726">
  <nd ref="9823497756"/>
  <nd ref="9823497757"/>
  <nd ref="9823497758"/>
  <nd ref="9823497759"/>
  <nd ref="9823497760"/>
  <nd ref="9823497761"/>
  <nd ref="9823497762"/>
  <nd ref="9823497763"/>
  <nd ref="9823497756"/>
  <tag k="building" v="yes"/>
  <tag k="source" v="microsoft/BuildingFootprints"/>
 </way>
 <way id="1070413668" visible="true" version="1" changeset="122479553" timestamp="2022-06-16T19:54:37Z" user="beddy" uid="3207726">
  <nd ref="9823497764"/>
  <nd ref="9823497765"/>
  <nd ref="9823497766"/>
  <nd ref="9823497767"/>
  <nd ref="9823497768"/>
  <nd ref="9823497769"/>
  <nd ref="9823497764"/>
  <tag k="building" v="yes"/>
  <tag k="source" v="microsoft/BuildingFootprints"/>
 </way>
 <way id="1070413669" visible="true" version="1" changeset="122479553" timestamp="2022-06-16T19:54:37Z" user="beddy" uid="3207726">
  <nd ref="9823497770"/>
  <nd ref="9823497771"/>
  <nd ref="9823497772"/>
  <nd ref="9823497773"/>
  <nd ref="9823497770"/>
  <tag k="building" v="yes"/>
  <tag k="source" v="microsoft/BuildingFootprints"/>
 </way>
 <way id="1070413670" visible="true" version="1" changeset="122479553" timestamp="2022-06-16T19:54:37Z" user="beddy" uid="3207726">
  <nd ref="9823497774"/>
  <nd ref="9823497775"/>
  <nd ref="9823497776"/>
  <nd ref="9823497777"/>
  <nd ref="9823497778"/>
  <nd ref="9823497779"/>
  <nd ref="9823497774"/>
  <tag k="building" v="yes"/>
  <tag k="source" v="microsoft/BuildingFootprints"/>
 </way>
 <way id="1070413671" visible="true" version="1" changeset="122479553" timestamp="2022-06-16T19:54:37Z" user="beddy" uid="3207726">
  <nd ref="9823497780"/>
  <nd ref="9823497781"/>
  <nd ref="9823497782"/>
  <nd ref="9823497783"/>
  <nd ref="9823497780"/>
  <tag k="building" v="yes"/>
  <tag k="source" v="microsoft/BuildingFootprints"/>
 </way>
 <way id="1070413672" visible="true" version="1" changeset="122479553" timestamp="2022-06-16T19:54:37Z" user="beddy" uid="3207726">
  <nd ref="9823497784"/>
  <nd ref="9823497785"/>
  <nd ref="9823497786"/>
  <nd ref="9823497787"/>
  <nd ref="9823497788"/>
  <nd ref="9823497789"/>
  <nd ref="9823497790"/>
  <nd ref="9823497791"/>
  <nd ref="9823497784"/>
  <tag k="building" v="yes"/>
  <tag k="source" v="microsoft/BuildingFootprints"/>
 </way>
 <way id="1070413673" visible="true" version="1" changeset="122479553" timestamp="2022-06-16T19:54:37Z" user="beddy" uid="3207726">
  <nd ref="9823497792"/>
  <nd ref="9823497793"/>
  <nd ref="9823497794"/>
  <nd ref="9823497795"/>
  <nd ref="9823497792"/>
  <tag k="building" v="yes"/>
  <tag k="source" v="microsoft/BuildingFootprints"/>
 </way>
 <way id="1070413674" visible="true" version="1" changeset="122479553" timestamp="2022-06-16T19:54:37Z" user="beddy" uid="3207726">
  <nd ref="9823497796"/>
  <nd ref="9823497797"/>
  <nd ref="9823497798"/>
  <nd ref="9823497799"/>
  <nd ref="9823497796"/>
  <tag k="building" v="yes"/>
  <tag k="source" v="microsoft/BuildingFootprints"/>
 </way>
 <way id="1070413675" visible="true" version="1" changeset="122479553" timestamp="2022-06-16T19:54:37Z" user="beddy" uid="3207726">
  <nd ref="9823497800"/>
  <nd ref="9823497801"/>
  <nd ref="9823497802"/>
  <nd ref="9823497803"/>
  <nd ref="9823497800"/>
  <tag k="building" v="yes"/>
  <tag k="source" v="microsoft/BuildingFootprints"/>
 </way>
 <way id="1070413676" visible="true" version="1" changeset="122479553" timestamp="2022-06-16T19:54:37Z" user="beddy" uid="3207726">
  <nd ref="9823497804"/>
  <nd ref="9823497805"/>
  <nd ref="9823497806"/>
  <nd ref="9823497807"/>
  <nd ref="9823497808"/>
  <nd ref="9823497809"/>
  <nd ref="9823497804"/>
  <tag k="building" v="yes"/>
  <tag k="source" v="microsoft/BuildingFootprints"/>
 </way>
 <way id="1070413677" visible="true" version="1" changeset="122479553" timestamp="2022-06-16T19:54:37Z" user="beddy" uid="3207726">
  <nd ref="9823497810"/>
  <nd ref="9823497811"/>
  <nd ref="9823497812"/>
  <nd ref="9823497813"/>
  <nd ref="9823497814"/>
  <nd ref="9823497815"/>
  <nd ref="9823497810"/>
  <tag k="building" v="yes"/>
  <tag k="source" v="microsoft/BuildingFootprints"/>
 </way>
 <way id="1070413678" visible="true" version="1" changeset="122479553" timestamp="2022-06-16T19:54:37Z" user="beddy" uid="3207726">
  <nd ref="9823497816"/>
  <nd ref="9823497817"/>
  <nd ref="9823497818"/>
  <nd ref="9823497819"/>
  <nd ref="9823497820"/>
  <nd ref="9823497821"/>
  <nd ref="9823497816"/>
  <tag k="building" v="yes"/>
  <tag k="source" v="microsoft/BuildingFootprints"/>
 </way>
 <way id="1070413679" visible="true" version="1" changeset="122479553" timestamp="2022-06-16T19:54:37Z" user="beddy" uid="3207726">
  <nd ref="9823497822"/>
  <nd ref="9823497823"/>
  <nd ref="9823497824"/>
  <nd ref="9823497825"/>
  <nd ref="9823497822"/>
  <tag k="building" v="yes"/>
  <tag k="source" v="microsoft/BuildingFootprints"/>
 </way>
 <way id="1070413680" visible="true" version="1" changeset="122479553" timestamp="2022-06-16T19:54:37Z" user="beddy" uid="3207726">
  <nd ref="9823497826"/>
  <nd ref="9823497827"/>
  <nd ref="9823497828"/>
  <nd ref="9823497829"/>
  <nd ref="9823497830"/>
  <nd ref="9823497831"/>
  <nd ref="9823497832"/>
  <nd ref="9823497833"/>
  <nd ref="9823497826"/>
  <tag k="building" v="yes"/>
  <tag k="source" v="microsoft/BuildingFootprints"/>
 </way>
 <way id="1070413681" visible="true" version="1" changeset="122479553" timestamp="2022-06-16T19:54:37Z" user="beddy" uid="3207726">
  <nd ref="9823497834"/>
  <nd ref="9823497835"/>
  <nd ref="9823497836"/>
  <nd ref="9823497837"/>
  <nd ref="9823497834"/>
  <tag k="building" v="yes"/>
  <tag k="source" v="microsoft/BuildingFootprints"/>
 </way>
 <way id="1070413682" visible="true" version="1" changeset="122479553" timestamp="2022-06-16T19:54:37Z" user="beddy" uid="3207726">
  <nd ref="9823497838"/>
  <nd ref="9823497839"/>
  <nd ref="9823497840"/>
  <nd ref="9823497841"/>
  <nd ref="9823497838"/>
  <tag k="building" v="yes"/>
  <tag k="source" v="microsoft/BuildingFootprints"/>
 </way>
 <way id="1070413683" visible="true" version="1" changeset="122479553" timestamp="2022-06-16T19:54:37Z" user="beddy" uid="3207726">
  <nd ref="9823497842"/>
  <nd ref="9823497843"/>
  <nd ref="9823497844"/>
  <nd ref="9823497845"/>
  <nd ref="9823497842"/>
  <tag k="building" v="yes"/>
  <tag k="source" v="microsoft/BuildingFootprints"/>
 </way>
 <way id="1070413684" visible="true" version="1" changeset="122479553" timestamp="2022-06-16T19:54:37Z" user="beddy" uid="3207726">
  <nd ref="9823497846"/>
  <nd ref="9823497847"/>
  <nd ref="9823497848"/>
  <nd ref="9823497849"/>
  <nd ref="9823497846"/>
  <tag k="building" v="yes"/>
  <tag k="source" v="microsoft/BuildingFootprints"/>
 </way>
 <way id="1070413685" visible="true" version="1" changeset="122479553" timestamp="2022-06-16T19:54:37Z" user="beddy" uid="3207726">
  <nd ref="9823497850"/>
  <nd ref="9823497851"/>
  <nd ref="9823497852"/>
  <nd ref="9823497853"/>
  <nd ref="9823497854"/>
  <nd ref="9823497855"/>
  <nd ref="9823497856"/>
  <nd ref="9823497857"/>
  <nd ref="9823497858"/>
  <nd ref="9823497859"/>
  <nd ref="9823497860"/>
  <nd ref="9823497861"/>
  <nd ref="9823497862"/>
  <nd ref="9823497863"/>
  <nd ref="9823497850"/>
  <tag k="building" v="yes"/>
  <tag k="source" v="microsoft/BuildingFootprints"/>
 </way>
 <way id="1070413686" visible="true" version="1" changeset="122479553" timestamp="2022-06-16T19:54:37Z" user="beddy" uid="3207726">
  <nd ref="9823497864"/>
  <nd ref="9823497865"/>
  <nd ref="9823497866"/>
  <nd ref="9823497867"/>
  <nd ref="9823497864"/>
  <tag k="building" v="yes"/>
  <tag k="source" v="microsoft/BuildingFootprints"/>
 </way>
 <way id="1070414461" visible="true" version="1" changeset="122479735" timestamp="2022-06-16T19:59:52Z" user="beddy" uid="3207726">
  <nd ref="9823501709"/>
  <nd ref="9823501710"/>
  <nd ref="9823501711"/>
  <nd ref="9823501712"/>
  <nd ref="9823501709"/>
  <tag k="building" v="yes"/>
  <tag k="source" v="microsoft/BuildingFootprints"/>
 </way>
 <way id="1070414462" visible="true" version="1" changeset="122479735" timestamp="2022-06-16T19:59:52Z" user="beddy" uid="3207726">
  <nd ref="9823501713"/>
  <nd ref="9823501714"/>
  <nd ref="9823501715"/>
  <nd ref="9823501716"/>
  <nd ref="9823504517"/>
  <nd ref="9823504518"/>
  <nd ref="9823501713"/>
  <tag k="building" v="yes"/>
  <tag k="source" v="microsoft/BuildingFootprints"/>
 </way>
 <way id="1070414463" visible="true" version="1" changeset="122479735" timestamp="2022-06-16T19:59:52Z" user="beddy" uid="3207726">
  <nd ref="9823504519"/>
  <nd ref="9823504520"/>
  <nd ref="9823504521"/>
  <nd ref="9823504522"/>
  <nd ref="9823504519"/>
  <tag k="building" v="yes"/>
  <tag k="source" v="microsoft/BuildingFootprints"/>
 </way>
 <way id="1070414464" visible="true" version="1" changeset="122479735" timestamp="2022-06-16T19:59:52Z" user="beddy" uid="3207726">
  <nd ref="9823504523"/>
  <nd ref="9823504524"/>
  <nd ref="9823504525"/>
  <nd ref="9823504526"/>
  <nd ref="9823504523"/>
  <tag k="building" v="yes"/>
  <tag k="source" v="microsoft/BuildingFootprints"/>
 </way>
 <way id="1070414465" visible="true" version="1" changeset="122479735" timestamp="2022-06-16T19:59:52Z" user="beddy" uid="3207726">
  <nd ref="9823504527"/>
  <nd ref="9823504528"/>
  <nd ref="9823504529"/>
  <nd ref="9823504530"/>
  <nd ref="9823504531"/>
  <nd ref="9823504532"/>
  <nd ref="9823504527"/>
  <tag k="building" v="yes"/>
  <tag k="source" v="microsoft/BuildingFootprints"/>
 </way>
 <way id="1070414466" visible="true" version="1" changeset="122479735" timestamp="2022-06-16T19:59:52Z" user="beddy" uid="3207726">
  <nd ref="9823504533"/>
  <nd ref="9823504534"/>
  <nd ref="9823504535"/>
  <nd ref="9823504536"/>
  <nd ref="9823504533"/>
  <tag k="building" v="yes"/>
  <tag k="source" v="microsoft/BuildingFootprints"/>
 </way>
 <way id="1070414467" visible="true" version="1" changeset="122479735" timestamp="2022-06-16T19:59:52Z" user="beddy" uid="3207726">
  <nd ref="9823504537"/>
  <nd ref="9823504538"/>
  <nd ref="9823504539"/>
  <nd ref="9823504540"/>
  <nd ref="9823504541"/>
  <nd ref="9823504542"/>
  <nd ref="9823504537"/>
  <tag k="building" v="yes"/>
  <tag k="source" v="microsoft/BuildingFootprints"/>
 </way>
 <way id="1070414468" visible="true" version="1" changeset="122479735" timestamp="2022-06-16T19:59:52Z" user="beddy" uid="3207726">
  <nd ref="9823504543"/>
  <nd ref="9823504544"/>
  <nd ref="9823504545"/>
  <nd ref="9823504546"/>
  <nd ref="9823504543"/>
  <tag k="building" v="yes"/>
  <tag k="source" v="microsoft/BuildingFootprints"/>
 </way>
 <way id="1070414469" visible="true" version="1" changeset="122479735" timestamp="2022-06-16T19:59:52Z" user="beddy" uid="3207726">
  <nd ref="9823504547"/>
  <nd ref="9823504548"/>
  <nd ref="9823504549"/>
  <nd ref="9823504550"/>
  <nd ref="9823504547"/>
  <tag k="building" v="yes"/>
  <tag k="source" v="microsoft/BuildingFootprints"/>
 </way>
 <way id="1070414470" visible="true" version="1" changeset="122479735" timestamp="2022-06-16T19:59:52Z" user="beddy" uid="3207726">
  <nd ref="9823504551"/>
  <nd ref="9823504552"/>
  <nd ref="9823504553"/>
  <nd ref="9823504554"/>
  <nd ref="9823504551"/>
  <tag k="building" v="yes"/>
  <tag k="source" v="microsoft/BuildingFootprints"/>
 </way>
 <way id="1070414471" visible="true" version="1" changeset="122479735" timestamp="2022-06-16T19:59:52Z" user="beddy" uid="3207726">
  <nd ref="9823504555"/>
  <nd ref="9823504556"/>
  <nd ref="9823504557"/>
  <nd ref="9823504558"/>
  <nd ref="9823504555"/>
  <tag k="building" v="yes"/>
  <tag k="source" v="microsoft/BuildingFootprints"/>
 </way>
 <way id="1070414472" visible="true" version="1" changeset="122479735" timestamp="2022-06-16T19:59:52Z" user="beddy" uid="3207726">
  <nd ref="9823504559"/>
  <nd ref="9823504560"/>
  <nd ref="9823504561"/>
  <nd ref="9823504562"/>
  <nd ref="9823504563"/>
  <nd ref="9823504564"/>
  <nd ref="9823504565"/>
  <nd ref="9823504566"/>
  <nd ref="9823504567"/>
  <nd ref="9823504568"/>
  <nd ref="9823504569"/>
  <nd ref="9823504570"/>
  <nd ref="9823504559"/>
  <tag k="building" v="yes"/>
  <tag k="source" v="microsoft/BuildingFootprints"/>
 </way>
 <way id="1070414473" visible="true" version="1" changeset="122479735" timestamp="2022-06-16T19:59:52Z" user="beddy" uid="3207726">
  <nd ref="9823504571"/>
  <nd ref="9823504572"/>
  <nd ref="9823504573"/>
  <nd ref="9823504574"/>
  <nd ref="9823504571"/>
  <tag k="building" v="yes"/>
  <tag k="source" v="microsoft/BuildingFootprints"/>
 </way>
 <way id="1070414474" visible="true" version="1" changeset="122479735" timestamp="2022-06-16T19:59:52Z" user="beddy" uid="3207726">
  <nd ref="9823504575"/>
  <nd ref="9823504576"/>
  <nd ref="9823504577"/>
  <nd ref="9823504578"/>
  <nd ref="9823504575"/>
  <tag k="building" v="yes"/>
  <tag k="source" v="microsoft/BuildingFootprints"/>
 </way>
 <way id="1070414475" visible="true" version="1" changeset="122479735" timestamp="2022-06-16T19:59:52Z" user="beddy" uid="3207726">
  <nd ref="9823504579"/>
  <nd ref="9823504580"/>
  <nd ref="9823504581"/>
  <nd ref="9823504582"/>
  <nd ref="9823504583"/>
  <nd ref="9823504584"/>
  <nd ref="9823504585"/>
  <nd ref="9823504586"/>
  <nd ref="9823504579"/>
  <tag k="building" v="yes"/>
  <tag k="source" v="microsoft/BuildingFootprints"/>
 </way>
 <way id="1070414476" visible="true" version="1" changeset="122479735" timestamp="2022-06-16T19:59:52Z" user="beddy" uid="3207726">
  <nd ref="9823504587"/>
  <nd ref="9823504588"/>
  <nd ref="9823504589"/>
  <nd ref="9823504590"/>
  <nd ref="9823504587"/>
  <tag k="building" v="yes"/>
  <tag k="source" v="microsoft/BuildingFootprints"/>
 </way>
 <way id="1070414477" visible="true" version="1" changeset="122479735" timestamp="2022-06-16T19:59:52Z" user="beddy" uid="3207726">
  <nd ref="9823504591"/>
  <nd ref="9823504592"/>
  <nd ref="9823504593"/>
  <nd ref="9823504594"/>
  <nd ref="9823504595"/>
  <nd ref="9823504596"/>
  <nd ref="9823504597"/>
  <nd ref="9823504598"/>
  <nd ref="9823504591"/>
  <tag k="building" v="yes"/>
  <tag k="source" v="microsoft/BuildingFootprints"/>
 </way>
 <way id="1070414478" visible="true" version="1" changeset="122479735" timestamp="2022-06-16T19:59:52Z" user="beddy" uid="3207726">
  <nd ref="9823504599"/>
  <nd ref="9823504600"/>
  <nd ref="9823504601"/>
  <nd ref="9823504602"/>
  <nd ref="9823504599"/>
  <tag k="building" v="yes"/>
  <tag k="source" v="microsoft/BuildingFootprints"/>
 </way>
 <way id="1070414479" visible="true" version="1" changeset="122479735" timestamp="2022-06-16T19:59:52Z" user="beddy" uid="3207726">
  <nd ref="9823504603"/>
  <nd ref="9823504604"/>
  <nd ref="9823504605"/>
  <nd ref="9823504606"/>
  <nd ref="9823504607"/>
  <nd ref="9823504608"/>
  <nd ref="9823504603"/>
  <tag k="building" v="yes"/>
  <tag k="source" v="microsoft/BuildingFootprints"/>
 </way>
 <way id="1070414480" visible="true" version="1" changeset="122479735" timestamp="2022-06-16T19:59:52Z" user="beddy" uid="3207726">
  <nd ref="9823504609"/>
  <nd ref="9823504610"/>
  <nd ref="9823504611"/>
  <nd ref="9823504612"/>
  <nd ref="9823504613"/>
  <nd ref="9823504614"/>
  <nd ref="9823504615"/>
  <nd ref="9823504616"/>
  <nd ref="9823504617"/>
  <nd ref="9823504618"/>
  <nd ref="9823504619"/>
  <nd ref="9823504620"/>
  <nd ref="9823504621"/>
  <nd ref="9823504622"/>
  <nd ref="9823504609"/>
  <tag k="building" v="yes"/>
  <tag k="source" v="microsoft/BuildingFootprints"/>
 </way>
 <way id="1070414481" visible="true" version="1" changeset="122479735" timestamp="2022-06-16T19:59:52Z" user="beddy" uid="3207726">
  <nd ref="9823504623"/>
  <nd ref="9823504624"/>
  <nd ref="9823504625"/>
  <nd ref="9823504626"/>
  <nd ref="9823504623"/>
  <tag k="building" v="yes"/>
  <tag k="source" v="microsoft/BuildingFootprints"/>
 </way>
 <way id="1070414482" visible="true" version="1" changeset="122479735" timestamp="2022-06-16T19:59:52Z" user="beddy" uid="3207726">
  <nd ref="9823504627"/>
  <nd ref="9823504628"/>
  <nd ref="9823504629"/>
  <nd ref="9823504630"/>
  <nd ref="9823504631"/>
  <nd ref="9823504632"/>
  <nd ref="9823504627"/>
  <tag k="building" v="yes"/>
  <tag k="source" v="microsoft/BuildingFootprints"/>
 </way>
 <way id="1070414483" visible="true" version="1" changeset="122479735" timestamp="2022-06-16T19:59:52Z" user="beddy" uid="3207726">
  <nd ref="9823504633"/>
  <nd ref="9823504634"/>
  <nd ref="9823504635"/>
  <nd ref="9823504636"/>
  <nd ref="9823504633"/>
  <tag k="building" v="yes"/>
  <tag k="source" v="microsoft/BuildingFootprints"/>
 </way>
 <way id="1070414484" visible="true" version="1" changeset="122479735" timestamp="2022-06-16T19:59:52Z" user="beddy" uid="3207726">
  <nd ref="9823504637"/>
  <nd ref="9823504638"/>
  <nd ref="9823504639"/>
  <nd ref="9823504640"/>
  <nd ref="9823504637"/>
  <tag k="building" v="yes"/>
  <tag k="source" v="microsoft/BuildingFootprints"/>
 </way>
 <way id="1070414485" visible="true" version="1" changeset="122479735" timestamp="2022-06-16T19:59:52Z" user="beddy" uid="3207726">
  <nd ref="9823504641"/>
  <nd ref="9823504642"/>
  <nd ref="9823504643"/>
  <nd ref="9823504644"/>
  <nd ref="9823504641"/>
  <tag k="building" v="yes"/>
  <tag k="source" v="microsoft/BuildingFootprints"/>
 </way>
 <way id="1070414486" visible="true" version="1" changeset="122479735" timestamp="2022-06-16T19:59:52Z" user="beddy" uid="3207726">
  <nd ref="9823504645"/>
  <nd ref="9823504646"/>
  <nd ref="9823504647"/>
  <nd ref="9823504648"/>
  <nd ref="9823504645"/>
  <tag k="building" v="yes"/>
  <tag k="source" v="microsoft/BuildingFootprints"/>
 </way>
 <way id="1070414487" visible="true" version="1" changeset="122479735" timestamp="2022-06-16T19:59:52Z" user="beddy" uid="3207726">
  <nd ref="9823504649"/>
  <nd ref="9823504650"/>
  <nd ref="9823504651"/>
  <nd ref="9823504652"/>
  <nd ref="9823504649"/>
  <tag k="building" v="yes"/>
  <tag k="source" v="microsoft/BuildingFootprints"/>
 </way>
 <way id="1070414488" visible="true" version="1" changeset="122479735" timestamp="2022-06-16T19:59:52Z" user="beddy" uid="3207726">
  <nd ref="9823504653"/>
  <nd ref="9823504654"/>
  <nd ref="9823504655"/>
  <nd ref="9823504656"/>
  <nd ref="9823504657"/>
  <nd ref="9823504658"/>
  <nd ref="9823504653"/>
  <tag k="building" v="yes"/>
  <tag k="source" v="microsoft/BuildingFootprints"/>
 </way>
 <way id="1070451311" visible="true" version="1" changeset="122483617" timestamp="2022-06-16T22:14:37Z" user="beddy" uid="3207726">
  <nd ref="9823775545"/>
  <nd ref="9823775546"/>
  <nd ref="9823775547"/>
  <nd ref="9823775548"/>
  <nd ref="9823775549"/>
  <nd ref="9823775550"/>
  <nd ref="9823775545"/>
  <tag k="building" v="yes"/>
  <tag k="source" v="microsoft/BuildingFootprints"/>
 </way>
 <way id="1070451312" visible="true" version="1" changeset="122483617" timestamp="2022-06-16T22:14:37Z" user="beddy" uid="3207726">
  <nd ref="9823775551"/>
  <nd ref="9823775552"/>
  <nd ref="9823775553"/>
  <nd ref="9823775554"/>
  <nd ref="9823775555"/>
  <nd ref="9823775556"/>
  <nd ref="9823775557"/>
  <nd ref="9823775558"/>
  <nd ref="9823775551"/>
  <tag k="building" v="yes"/>
  <tag k="source" v="microsoft/BuildingFootprints"/>
 </way>
 <way id="1070451313" visible="true" version="1" changeset="122483617" timestamp="2022-06-16T22:14:37Z" user="beddy" uid="3207726">
  <nd ref="9823775559"/>
  <nd ref="9823775560"/>
  <nd ref="9823775561"/>
  <nd ref="9823775562"/>
  <nd ref="9823775559"/>
  <tag k="building" v="yes"/>
  <tag k="source" v="microsoft/BuildingFootprints"/>
 </way>
 <way id="1070451314" visible="true" version="1" changeset="122483617" timestamp="2022-06-16T22:14:37Z" user="beddy" uid="3207726">
  <nd ref="9823775563"/>
  <nd ref="9823775564"/>
  <nd ref="9823775565"/>
  <nd ref="9823775566"/>
  <nd ref="9823775563"/>
  <tag k="building" v="yes"/>
  <tag k="source" v="microsoft/BuildingFootprints"/>
 </way>
 <way id="1070451315" visible="true" version="1" changeset="122483617" timestamp="2022-06-16T22:14:37Z" user="beddy" uid="3207726">
  <nd ref="9823775567"/>
  <nd ref="9823775568"/>
  <nd ref="9823775569"/>
  <nd ref="9823775570"/>
  <nd ref="9823775567"/>
  <tag k="building" v="yes"/>
  <tag k="source" v="microsoft/BuildingFootprints"/>
 </way>
 <way id="1070451316" visible="true" version="1" changeset="122483617" timestamp="2022-06-16T22:14:37Z" user="beddy" uid="3207726">
  <nd ref="9823775571"/>
  <nd ref="9823775572"/>
  <nd ref="9823775573"/>
  <nd ref="9823775574"/>
  <nd ref="9823775571"/>
  <tag k="building" v="yes"/>
  <tag k="source" v="microsoft/BuildingFootprints"/>
 </way>
 <way id="1220151885" visible="true" version="1" changeset="143500319" timestamp="2023-11-01T22:35:29Z" user="Joseph R P" uid="10944197">
  <nd ref="11306197777"/>
  <nd ref="11306197792"/>
  <nd ref="11306197826"/>
  <nd ref="11306197778"/>
  <nd ref="11306197779"/>
  <nd ref="11306197780"/>
  <nd ref="11306197781"/>
  <nd ref="11306197782"/>
  <nd ref="11306197783"/>
  <nd ref="11306197784"/>
  <nd ref="11306197785"/>
  <nd ref="11306197786"/>
  <nd ref="11306197787"/>
  <nd ref="11306197777"/>
  <tag k="landuse" v="farmland"/>
 </way>
 <way id="1220151886" visible="true" version="1" changeset="143500319" timestamp="2023-11-01T22:35:29Z" user="Joseph R P" uid="10944197">
  <nd ref="8263172408"/>
  <nd ref="11306197788"/>
  <nd ref="11306197789"/>
  <nd ref="11306197790"/>
  <nd ref="11306197791"/>
  <nd ref="11306197792"/>
  <nd ref="11306197777"/>
  <nd ref="11306197787"/>
  <nd ref="11306197786"/>
  <nd ref="11306197785"/>
  <nd ref="11306197784"/>
  <nd ref="11306197783"/>
  <nd ref="11306197782"/>
  <nd ref="11306197781"/>
  <nd ref="11306197793"/>
  <nd ref="11306197794"/>
  <nd ref="8263172407"/>
  <nd ref="8263172408"/>
  <tag k="natural" v="scrub"/>
 </way>
 <way id="1220151898" visible="true" version="1" changeset="143500319" timestamp="2023-11-01T22:35:29Z" user="Joseph R P" uid="10944197">
  <nd ref="11306197788"/>
  <nd ref="11306197862"/>
  <nd ref="11306197863"/>
  <nd ref="11306197864"/>
  <nd ref="8263172390"/>
  <nd ref="8263172389"/>
  <nd ref="8263172388"/>
  <nd ref="8263172387"/>
  <nd ref="8263172401"/>
  <nd ref="8263172402"/>
  <nd ref="1757660489"/>
  <nd ref="8263172408"/>
  <nd ref="11306197788"/>
  <tag k="landuse" v="farmyard"/>
 </way>
 <way id="1236933617" visible="true" version="2" changeset="171659719" timestamp="2025-09-08T23:56:27Z" user="Richspokey" uid="22322009">
  <nd ref="137152404"/>
  <nd ref="2744207851"/>
  <nd ref="7057450363"/>
  <nd ref="137152405"/>
  <nd ref="13129983521"/>
  <nd ref="137152408"/>
  <nd ref="137152412"/>
  <nd ref="137152415"/>
  <nd ref="351971904"/>
  <nd ref="351971905"/>
  <nd ref="351971906"/>
  <nd ref="351971907"/>
  <nd ref="137152418"/>
  <nd ref="137134540"/>
  <nd ref="2744207868"/>
  <nd ref="137136588"/>
  <tag k="highway" v="secondary"/>
  <tag k="lanes" v="2"/>
  <tag k="maxspeed" v="45 mph"/>
  <tag k="name" v="Centerville Lane"/>
  <tag k="old_ref" v="NV 56"/>
  <tag k="ref" v="NV 756"/>
  <tag k="tiger:cfcc" v="A31"/>
  <tag k="tiger:county" v="Douglas, NV"/>
  <tag k="tiger:name_base" v="Centerville"/>
  <tag k="tiger:name_base_1" v="State Route 756"/>
  <tag k="tiger:name_type" v="Ln"/>
 </way>
 <way id="1419984783" visible="true" version="1" changeset="169959422" timestamp="2025-08-04T14:22:16Z" user="Joseph R P" uid="10944197">
  <nd ref="137152404"/>
  <nd ref="137171236"/>
  <nd ref="2744207843"/>
  <nd ref="137171242"/>
  <nd ref="351972424"/>
  <nd ref="351972419"/>
  <nd ref="351972414"/>
  <tag k="highway" v="tertiary"/>
  <tag k="name" v="Pleasantview Drive"/>
  <tag k="tiger:cfcc" v="A41"/>
  <tag k="tiger:county" v="Douglas, NV"/>
  <tag k="tiger:name_base" v="Pleasantview"/>
  <tag k="tiger:name_type" v="Dr"/>
  <tag k="tiger:reviewed" v="no"/>
 </way>
 <way id="1428171646" visible="true" version="2" changeset="175827124" timestamp="2025-12-12T02:56:41Z" user="Richspokey" uid="22322009">
  <nd ref="13129983521"/>
  <nd ref="13129983524"/>
  <nd ref="13129983516"/>
  <nd ref="13129983514"/>
  <nd ref="13129983522"/>
  <nd ref="13129983513"/>
  <nd ref="13129983519"/>
  <nd ref="13129983520"/>
  <nd ref="13129983517"/>
  <nd ref="13129983518"/>
  <nd ref="13129983515"/>
  <nd ref="13129983523"/>
  <tag k="highway" v="residential"/>
  <tag k="oneway" v="no"/>
 </way>
 <relation id="170034" visible="true" version="9" changeset="178290343" timestamp="2026-02-09T02:19:32Z" user="Necessarycoot72" uid="10882995">
  <member type="way" ref="1042703981" role="outer"/>
  <member type="way" ref="37548530" role="outer"/>
  <member type="way" ref="1042703978" role="outer"/>
  <member type="way" ref="1042703980" role="outer"/>
  <tag k="boundary" v="census"/>
  <tag k="gnis:feature_id" v="2408281"/>
  <tag k="name" v="Gardnerville Ranchos"/>
  <tag k="source" v="TIGER/Line® 2008 Place Shapefiles (http://www.census.gov/geo/www/tiger/)"/>
  <tag k="type" v="boundary"/>
  <tag k="wikidata" v="Q1019324"/>
  <tag k="wikipedia" v="en:Gardnerville Ranchos, Nevada"/>
 </relation>
 <relation id="1536978" visible="true" version="12" changeset="181075913" timestamp="2026-04-09T02:54:55Z" user="Flap Slimy Outward" uid="22417964">
  <member type="way" ref="755567021" role="forward"/>
  <member type="way" ref="755567020" role="forward"/>
  <member type="way" ref="108141475" role=""/>
  <member type="way" ref="1236933617" role=""/>
  <member type="way" ref="1220151868" role=""/>
  <member type="way" ref="1220151865" role=""/>
  <member type="way" ref="1220151866" role=""/>
  <member type="way" ref="185017289" role=""/>
  <member type="way" ref="230527587" role=""/>
  <member type="way" ref="914610025" role=""/>
  <member type="way" ref="185017281" role=""/>
  <member type="way" ref="914680282" role=""/>
  <member type="way" ref="14289929" role=""/>
  <member type="way" ref="914610024" role="forward"/>
  <member type="way" ref="755567023" role="forward"/>
  <member type="way" ref="914680280" role="forward"/>
  <member type="way" ref="755567022" role="forward"/>
  <member type="way" ref="755567024" role="forward"/>
  <member type="way" ref="914610023" role="forward"/>
  <tag k="network" v="US:NV"/>
  <tag k="ref" v="756"/>
  <tag k="route" v="road"/>
  <tag k="type" v="route"/>
 </relation>
 <relation id="2465909" visible="true" version="38" changeset="181254349" timestamp="2026-04-13T02:01:54Z" user="Flap Slimy Outward" uid="22417964">
  <member type="way" ref="1323212740" role=""/>
  <member type="way" ref="313466608" role=""/>
  <member type="way" ref="914680279" role=""/>
  <member type="way" ref="319193238" role=""/>
  <member type="way" ref="1323212746" role=""/>
  <member type="way" ref="1323212749" role=""/>
  <member type="way" ref="1323212745" role=""/>
  <member type="way" ref="1235769416" role=""/>
  <member type="way" ref="1235769417" role=""/>
  <member type="way" ref="1498925733" role=""/>
  <member type="way" ref="312711703" role=""/>
  <member type="way" ref="312711700" role=""/>
  <member type="way" ref="313466607" role=""/>
  <member type="way" ref="1219801546" role=""/>
  <member type="way" ref="798186040" role=""/>
  <member type="way" ref="1253791971" role=""/>
  <member type="way" ref="439971175" role=""/>
  <member type="way" ref="313466595" role=""/>
  <member type="way" ref="313466598" role=""/>
  <member type="way" ref="880818860" role=""/>
  <member type="way" ref="914610022" role=""/>
  <member type="way" ref="14286877" role=""/>
  <member type="way" ref="274911012" role=""/>
  <member type="way" ref="274911013" role=""/>
  <member type="way" ref="274911011" role=""/>
  <member type="way" ref="274911014" role=""/>
  <member type="way" ref="274911010" role=""/>
  <member type="way" ref="274911015" role=""/>
  <member type="way" ref="275621122" role=""/>
  <member type="way" ref="275621123" role=""/>
  <member type="way" ref="755567019" role=""/>
  <member type="way" ref="755567025" role="forward"/>
  <member type="way" ref="185017290" role=""/>
  <member type="way" ref="462678586" role=""/>
  <member type="way" ref="14288406" role=""/>
  <member type="way" ref="185017255" role=""/>
  <member type="way" ref="185017287" role=""/>
  <member type="way" ref="1155153133" role=""/>
  <member type="way" ref="1155153129" role=""/>
  <member type="way" ref="185017283" role=""/>
  <member type="way" ref="185017279" role=""/>
  <member type="way" ref="1220151868" role=""/>
  <member type="way" ref="1220151865" role=""/>
  <member type="way" ref="1220151866" role=""/>
  <member type="way" ref="185017289" role=""/>
  <member type="way" ref="230527587" role=""/>
  <member type="way" ref="914610025" role="backward"/>
  <member type="way" ref="269304911" role="backward"/>
  <member type="way" ref="14288051" role="backward"/>
  <member type="way" ref="1155153144" role="backward"/>
  <member type="way" ref="432940579" role=""/>
  <member type="way" ref="1155153146" role=""/>
  <member type="way" ref="1155153145" role=""/>
  <member type="way" ref="914610025" role=""/>
  <member type="way" ref="914680282" role=""/>
  <member type="way" ref="269304910" role=""/>
  <member type="way" ref="914610018" role=""/>
  <member type="way" ref="157229255" role=""/>
  <member type="way" ref="914610021" role=""/>
  <member type="way" ref="95752066" role=""/>
  <member type="way" ref="914610020" role=""/>
  <member type="way" ref="313466727" role=""/>
  <member type="way" ref="313466726" role=""/>
  <member type="way" ref="630226470" role=""/>
  <member type="way" ref="313466684" role=""/>
  <member type="way" ref="755567018" role=""/>
  <member type="way" ref="914680280" role=""/>
  <member type="way" ref="755567023" role=""/>
  <member type="way" ref="914610024" role="forward"/>
  <member type="way" ref="755567021" role=""/>
  <member type="way" ref="108141475" role=""/>
  <member type="way" ref="1236933617" role=""/>
  <member type="way" ref="1380939477" role="backward"/>
  <member type="way" ref="313466597" role=""/>
  <member type="way" ref="313466596" role=""/>
  <member type="way" ref="319193237" role="forward"/>
  <tag k="from" v="Stateline Transit Center"/>
  <tag k="name" v="22 - SOUTH SHORE SERVICE &amp; LAKE EXPRESS DAILY"/>
  <tag k="operator" v="Tahoe Transportation District"/>
  <tag k="public_transport:version" v="1"/>
  <tag k="ref" v="22"/>
  <tag k="route" v="bus"/>
  <tag k="to" v="Douglas County Community/Senior Center (Herbig Park)"/>
  <tag k="type" v="route"/>
 </relation>
</osm>
