<?xml version="1.0" encoding="UTF-8"?>
<osm version="0.6" generator="openstreetmap-cgimap 2.1.0 (2102904 spike-06.openstreetmap.org)" copyright="OpenStreetMap and contributors" attribution="http://www.openstreetmap.org/copyright" license="http://opendatacommons.org/licenses/odbl/1-0/">
 <bounds minlat="27.0627800" minlon="55.9495700" maxlat="27.0860300" maxlon="55.9850600"/>
 <node id="536807555" visible="true" version="1" changeset="2905841" timestamp="2009-10-20T19:10:30Z" user="katpatuka" uid="17497" lat="27.0165241" lon="55.8907282"/>
 <node id="536807556" visible="true" version="1" changeset="2905841" timestamp="2009-10-20T19:10:30Z" user="katpatuka" uid="17497" lat="27.0171817" lon="55.8919384"/>
 <node id="536807557" visible="true" version="1" changeset="2905841" timestamp="2009-10-20T19:10:30Z" user="katpatuka" uid="17497" lat="27.0170670" lon="55.8932431"/>
 <node id="536807558" visible="true" version="1" changeset="2905841" timestamp="2009-10-20T19:10:30Z" user="katpatuka" uid="17497" lat="27.0173729" lon="55.8942559"/>
 <node id="536807559" visible="true" version="1" changeset="2905841" timestamp="2009-10-20T19:10:30Z" user="katpatuka" uid="17497" lat="27.0180840" lon="55.8944533"/>
 <node id="536807560" visible="true" version="1" changeset="2905841" timestamp="2009-10-20T19:10:30Z" user="katpatuka" uid="17497" lat="27.0181758" lon="55.8954661"/>
 <node id="536808319" visible="true" version="1" changeset="2905841" timestamp="2009-10-20T19:11:37Z" user="katpatuka" uid="17497" lat="27.0183975" lon="55.8960841"/>
 <node id="536808321" visible="true" version="1" changeset="2905841" timestamp="2009-10-20T19:11:37Z" user="katpatuka" uid="17497" lat="27.0190321" lon="55.8966162"/>
 <node id="536808322" visible="true" version="1" changeset="2905841" timestamp="2009-10-20T19:11:37Z" user="katpatuka" uid="17497" lat="27.0195750" lon="55.8971398"/>
 <node id="536808323" visible="true" version="1" changeset="2905841" timestamp="2009-10-20T19:11:38Z" user="katpatuka" uid="17497" lat="27.0197585" lon="55.8978436"/>
 <node id="536808324" visible="true" version="1" changeset="2905841" timestamp="2009-10-20T19:11:38Z" user="katpatuka" uid="17497" lat="27.0187416" lon="55.8993542"/>
 <node id="536808325" visible="true" version="1" changeset="2905841" timestamp="2009-10-20T19:11:38Z" user="katpatuka" uid="17497" lat="27.0187416" lon="55.8999035"/>
 <node id="536808326" visible="true" version="1" changeset="2905841" timestamp="2009-10-20T19:11:38Z" user="katpatuka" uid="17497" lat="27.0193304" lon="55.9006331"/>
 <node id="536808327" visible="true" version="1" changeset="2905841" timestamp="2009-10-20T19:11:38Z" user="katpatuka" uid="17497" lat="27.0193227" lon="55.9010708"/>
 <node id="536808328" visible="true" version="1" changeset="2905841" timestamp="2009-10-20T19:11:38Z" user="katpatuka" uid="17497" lat="27.0189939" lon="55.9013712"/>
 <node id="536808329" visible="true" version="1" changeset="2905841" timestamp="2009-10-20T19:11:38Z" user="katpatuka" uid="17497" lat="27.0189786" lon="55.9029591"/>
 <node id="536808330" visible="true" version="1" changeset="2905841" timestamp="2009-10-20T19:11:38Z" user="katpatuka" uid="17497" lat="27.0172811" lon="55.9038775"/>
 <node id="536808331" visible="true" version="1" changeset="2905841" timestamp="2009-10-20T19:11:38Z" user="katpatuka" uid="17497" lat="27.0168453" lon="55.9046585"/>
 <node id="536808332" visible="true" version="1" changeset="2905841" timestamp="2009-10-20T19:11:38Z" user="katpatuka" uid="17497" lat="27.0165165" lon="55.9063237"/>
 <node id="536808333" visible="true" version="1" changeset="2905841" timestamp="2009-10-20T19:11:38Z" user="katpatuka" uid="17497" lat="27.0163789" lon="55.9080145"/>
 <node id="536808334" visible="true" version="1" changeset="2905841" timestamp="2009-10-20T19:11:39Z" user="katpatuka" uid="17497" lat="27.0163483" lon="55.9096196"/>
 <node id="536808335" visible="true" version="1" changeset="2905841" timestamp="2009-10-20T19:11:39Z" user="katpatuka" uid="17497" lat="27.0165241" lon="55.9104864"/>
 <node id="536808336" visible="true" version="1" changeset="2905841" timestamp="2009-10-20T19:11:39Z" user="katpatuka" uid="17497" lat="27.0162030" lon="55.9120486"/>
 <node id="536808337" visible="true" version="1" changeset="2905841" timestamp="2009-10-20T19:11:39Z" user="katpatuka" uid="17497" lat="27.0161036" lon="55.9133961"/>
 <node id="536808338" visible="true" version="1" changeset="2905841" timestamp="2009-10-20T19:11:39Z" user="katpatuka" uid="17497" lat="27.0156295" lon="55.9139969"/>
 <node id="536808339" visible="true" version="1" changeset="2905841" timestamp="2009-10-20T19:11:39Z" user="katpatuka" uid="17497" lat="27.0161953" lon="55.9141428"/>
 <node id="536808340" visible="true" version="1" changeset="2905841" timestamp="2009-10-20T19:11:39Z" user="katpatuka" uid="17497" lat="27.0165853" lon="55.9145462"/>
 <node id="536808341" visible="true" version="1" changeset="2905841" timestamp="2009-10-20T19:11:40Z" user="katpatuka" uid="17497" lat="27.0165547" lon="55.9151900"/>
 <node id="536808342" visible="true" version="1" changeset="2905841" timestamp="2009-10-20T19:11:40Z" user="katpatuka" uid="17497" lat="27.0163559" lon="55.9159195"/>
 <node id="536808343" visible="true" version="1" changeset="2905841" timestamp="2009-10-20T19:11:40Z" user="katpatuka" uid="17497" lat="27.0167688" lon="55.9162457"/>
 <node id="536808344" visible="true" version="1" changeset="2905841" timestamp="2009-10-20T19:11:40Z" user="katpatuka" uid="17497" lat="27.0155072" lon="55.9173271"/>
 <node id="536808345" visible="true" version="1" changeset="2905841" timestamp="2009-10-20T19:11:40Z" user="katpatuka" uid="17497" lat="27.0156372" lon="55.9173615"/>
 <node id="536808346" visible="true" version="1" changeset="2905841" timestamp="2009-10-20T19:11:40Z" user="katpatuka" uid="17497" lat="27.0169906" lon="55.9166920"/>
 <node id="536808347" visible="true" version="1" changeset="2905841" timestamp="2009-10-20T19:11:41Z" user="katpatuka" uid="17497" lat="27.0177629" lon="55.9172242"/>
 <node id="536808348" visible="true" version="1" changeset="2905841" timestamp="2009-10-20T19:11:41Z" user="katpatuka" uid="17497" lat="27.0178317" lon="55.9174902"/>
 <node id="536808349" visible="true" version="1" changeset="2905841" timestamp="2009-10-20T19:11:41Z" user="katpatuka" uid="17497" lat="27.0176099" lon="55.9183142"/>
 <node id="536808350" visible="true" version="1" changeset="2905841" timestamp="2009-10-20T19:11:41Z" user="katpatuka" uid="17497" lat="27.0177093" lon="55.9187691"/>
 <node id="536808351" visible="true" version="1" changeset="2905841" timestamp="2009-10-20T19:11:41Z" user="katpatuka" uid="17497" lat="27.0185275" lon="55.9205201"/>
 <node id="536808352" visible="true" version="1" changeset="2905841" timestamp="2009-10-20T19:11:41Z" user="katpatuka" uid="17497" lat="27.0187416" lon="55.9207003"/>
 <node id="536808353" visible="true" version="1" changeset="2905841" timestamp="2009-10-20T19:11:41Z" user="katpatuka" uid="17497" lat="27.0190169" lon="55.9219878"/>
 <node id="536808470" visible="true" version="1" changeset="2905841" timestamp="2009-10-20T19:12:46Z" user="katpatuka" uid="17497" lat="27.0193074" lon="55.9224341"/>
 <node id="536808471" visible="true" version="1" changeset="2905841" timestamp="2009-10-20T19:12:46Z" user="katpatuka" uid="17497" lat="27.0192768" lon="55.9231808"/>
 <node id="536808472" visible="true" version="1" changeset="2905841" timestamp="2009-10-20T19:12:46Z" user="katpatuka" uid="17497" lat="27.0194603" lon="55.9238159"/>
 <node id="536808473" visible="true" version="1" changeset="2905841" timestamp="2009-10-20T19:12:46Z" user="katpatuka" uid="17497" lat="27.0197280" lon="55.9240906"/>
 <node id="536808474" visible="true" version="1" changeset="2905841" timestamp="2009-10-20T19:12:46Z" user="katpatuka" uid="17497" lat="27.0196209" lon="55.9250519"/>
 <node id="536808475" visible="true" version="1" changeset="2905841" timestamp="2009-10-20T19:12:46Z" user="katpatuka" uid="17497" lat="27.0199268" lon="55.9255240"/>
 <node id="536808476" visible="true" version="1" changeset="2905841" timestamp="2009-10-20T19:12:46Z" user="katpatuka" uid="17497" lat="27.0204926" lon="55.9259445"/>
 <node id="536808477" visible="true" version="1" changeset="2905841" timestamp="2009-10-20T19:12:46Z" user="katpatuka" uid="17497" lat="27.0210125" lon="55.9270346"/>
 <node id="536808478" visible="true" version="1" changeset="2905841" timestamp="2009-10-20T19:12:46Z" user="katpatuka" uid="17497" lat="27.0208290" lon="55.9281246"/>
 <node id="536808479" visible="true" version="1" changeset="2905841" timestamp="2009-10-20T19:12:46Z" user="katpatuka" uid="17497" lat="27.0210431" lon="55.9294636"/>
 <node id="536808480" visible="true" version="1" changeset="2905841" timestamp="2009-10-20T19:12:46Z" user="katpatuka" uid="17497" lat="27.0211272" lon="55.9300387"/>
 <node id="536808481" visible="true" version="1" changeset="2905841" timestamp="2009-10-20T19:12:47Z" user="katpatuka" uid="17497" lat="27.0215707" lon="55.9309227"/>
 <node id="536808482" visible="true" version="1" changeset="2905841" timestamp="2009-10-20T19:12:47Z" user="katpatuka" uid="17497" lat="27.0215936" lon="55.9315150"/>
 <node id="536808483" visible="true" version="1" changeset="2905841" timestamp="2009-10-20T19:12:47Z" user="katpatuka" uid="17497" lat="27.0214560" lon="55.9320643"/>
 <node id="536808484" visible="true" version="1" changeset="2905841" timestamp="2009-10-20T19:12:47Z" user="katpatuka" uid="17497" lat="27.0217771" lon="55.9329655"/>
 <node id="536808485" visible="true" version="2" changeset="165597934" timestamp="2025-04-29T15:29:56Z" user="Hamid Reza Bahrami" uid="9570342" lat="27.0219560" lon="55.9334462"/>
 <node id="536808486" visible="true" version="2" changeset="165597934" timestamp="2025-04-29T15:29:56Z" user="Hamid Reza Bahrami" uid="9570342" lat="27.0220878" lon="55.9338692"/>
 <node id="536808487" visible="true" version="2" changeset="165597934" timestamp="2025-04-29T15:29:56Z" user="Hamid Reza Bahrami" uid="9570342" lat="27.0226548" lon="55.9343169"/>
 <node id="536808488" visible="true" version="2" changeset="165597934" timestamp="2025-04-29T15:29:56Z" user="Hamid Reza Bahrami" uid="9570342" lat="27.0228408" lon="55.9357913"/>
 <node id="536808489" visible="true" version="1" changeset="2905841" timestamp="2009-10-20T19:12:48Z" user="katpatuka" uid="17497" lat="27.0225112" lon="55.9364674"/>
 <node id="536808490" visible="true" version="2" changeset="165597934" timestamp="2025-04-29T15:29:56Z" user="Hamid Reza Bahrami" uid="9570342" lat="27.0224215" lon="55.9369824"/>
 <node id="536808491" visible="true" version="1" changeset="2905841" timestamp="2009-10-20T19:12:48Z" user="katpatuka" uid="17497" lat="27.0221747" lon="55.9372656"/>
 <node id="536808492" visible="true" version="2" changeset="165597934" timestamp="2025-04-29T15:29:56Z" user="Hamid Reza Bahrami" uid="9570342" lat="27.0221414" lon="55.9380841"/>
 <node id="536808494" visible="true" version="2" changeset="165597934" timestamp="2025-04-29T15:29:56Z" user="Hamid Reza Bahrami" uid="9570342" lat="27.0220138" lon="55.9391683"/>
 <node id="536808495" visible="true" version="2" changeset="165597934" timestamp="2025-04-29T15:29:56Z" user="Hamid Reza Bahrami" uid="9570342" lat="27.0216881" lon="55.9406288"/>
 <node id="536808496" visible="true" version="2" changeset="165597934" timestamp="2025-04-29T15:29:56Z" user="Hamid Reza Bahrami" uid="9570342" lat="27.0214389" lon="55.9416801"/>
 <node id="536808497" visible="true" version="3" changeset="165597934" timestamp="2025-04-29T15:29:56Z" user="Hamid Reza Bahrami" uid="9570342" lat="27.0212839" lon="55.9422027"/>
 <node id="536808500" visible="true" version="3" changeset="165597934" timestamp="2025-04-29T15:29:56Z" user="Hamid Reza Bahrami" uid="9570342" lat="27.0213121" lon="55.9429154"/>
 <node id="536808501" visible="true" version="3" changeset="165597934" timestamp="2025-04-29T15:29:56Z" user="Hamid Reza Bahrami" uid="9570342" lat="27.0214300" lon="55.9438814"/>
 <node id="536808504" visible="true" version="1" changeset="2905841" timestamp="2009-10-20T19:12:50Z" user="katpatuka" uid="17497" lat="27.0214101" lon="55.9441578"/>
 <node id="536808505" visible="true" version="2" changeset="165597934" timestamp="2025-04-29T15:29:56Z" user="Hamid Reza Bahrami" uid="9570342" lat="27.0214172" lon="55.9448434"/>
 <node id="536808506" visible="true" version="2" changeset="122166043" timestamp="2022-06-09T13:15:24Z" user="lorenzo23622" uid="476483" lat="27.0213119" lon="55.9452574"/>
 <node id="536808507" visible="true" version="2" changeset="122166043" timestamp="2022-06-09T13:15:24Z" user="lorenzo23622" uid="476483" lat="27.0213889" lon="55.9456502"/>
 <node id="536808508" visible="true" version="2" changeset="122166043" timestamp="2022-06-09T13:15:24Z" user="lorenzo23622" uid="476483" lat="27.0215801" lon="55.9474412"/>
 <node id="536808509" visible="true" version="2" changeset="122166043" timestamp="2022-06-09T13:15:24Z" user="lorenzo23622" uid="476483" lat="27.0220812" lon="55.9485123"/>
 <node id="537504601" visible="true" version="3" changeset="125693770" timestamp="2022-09-02T11:10:30Z" user="fereydoon555" uid="9543799" lat="27.0698784" lon="55.9087096"/>
 <node id="537504603" visible="true" version="3" changeset="134440683" timestamp="2023-04-03T07:25:14Z" user="AhmadHB" uid="10182045" lat="27.0686307" lon="55.9098918"/>
 <node id="537504604" visible="true" version="3" changeset="134440683" timestamp="2023-04-03T07:25:14Z" user="AhmadHB" uid="10182045" lat="27.0682877" lon="55.9103294"/>
 <node id="537504605" visible="true" version="1" changeset="2908769" timestamp="2009-10-21T05:41:22Z" user="katpatuka" uid="17497" lat="27.0674807" lon="55.9115197"/>
 <node id="537504613" visible="true" version="3" changeset="134440683" timestamp="2023-04-03T07:25:14Z" user="AhmadHB" uid="10182045" lat="27.0733348" lon="55.9065570"/>
 <node id="537504614" visible="true" version="2" changeset="26640511" timestamp="2014-11-08T12:42:55Z" user="dmgroom_ct" uid="437598" lat="27.0705184" lon="55.9081739"/>
 <node id="537504662" visible="true" version="1" changeset="2908769" timestamp="2009-10-21T05:42:18Z" user="katpatuka" uid="17497" lat="27.0668769" lon="55.9125669"/>
 <node id="537504664" visible="true" version="1" changeset="2908769" timestamp="2009-10-21T05:42:18Z" user="katpatuka" uid="17497" lat="27.0664412" lon="55.9135882"/>
 <node id="537504666" visible="true" version="1" changeset="2908769" timestamp="2009-10-21T05:42:18Z" user="katpatuka" uid="17497" lat="27.0660591" lon="55.9149701"/>
 <node id="537504668" visible="true" version="1" changeset="2908769" timestamp="2009-10-21T05:42:18Z" user="katpatuka" uid="17497" lat="27.0652642" lon="55.9185493"/>
 <node id="537504671" visible="true" version="1" changeset="2908769" timestamp="2009-10-21T05:42:19Z" user="katpatuka" uid="17497" lat="27.0649126" lon="55.9203517"/>
 <node id="537504673" visible="true" version="1" changeset="2908769" timestamp="2009-10-21T05:42:19Z" user="katpatuka" uid="17497" lat="27.0647903" lon="55.9215533"/>
 <node id="537504675" visible="true" version="1" changeset="2908769" timestamp="2009-10-21T05:42:19Z" user="katpatuka" uid="17497" lat="27.0644999" lon="55.9241712"/>
 <node id="537504677" visible="true" version="1" changeset="2908769" timestamp="2009-10-21T05:42:19Z" user="katpatuka" uid="17497" lat="27.0643317" lon="55.9253299"/>
 <node id="537504678" visible="true" version="1" changeset="2908769" timestamp="2009-10-21T05:42:19Z" user="katpatuka" uid="17497" lat="27.0639954" lon="55.9266173"/>
 <node id="537504680" visible="true" version="1" changeset="2908769" timestamp="2009-10-21T05:42:19Z" user="katpatuka" uid="17497" lat="27.0628871" lon="55.9312865"/>
 <node id="537504682" visible="true" version="1" changeset="2908769" timestamp="2009-10-21T05:42:19Z" user="katpatuka" uid="17497" lat="27.0624362" lon="55.9327800"/>
 <node id="537504684" visible="true" version="1" changeset="2908769" timestamp="2009-10-21T05:42:19Z" user="katpatuka" uid="17497" lat="27.0613814" lon="55.9356553"/>
 <node id="537504686" visible="true" version="2" changeset="54530248" timestamp="2017-12-11T05:47:49Z" user="lvlahdi" uid="223057" lat="27.0605965" lon="55.9373294"/>
 <node id="537504688" visible="true" version="2" changeset="54530248" timestamp="2017-12-11T05:47:49Z" user="lvlahdi" uid="223057" lat="27.0600701" lon="55.9385472"/>
 <node id="537504690" visible="true" version="1" changeset="2908769" timestamp="2009-10-21T05:42:20Z" user="katpatuka" uid="17497" lat="27.0599368" lon="55.9391572"/>
 <node id="537504692" visible="true" version="2" changeset="54530248" timestamp="2017-12-11T05:47:49Z" user="lvlahdi" uid="223057" lat="27.0599080" lon="55.9398222"/>
 <node id="537504693" visible="true" version="3" changeset="165602861" timestamp="2025-04-29T17:32:08Z" user="Hamid Reza Bahrami" uid="9570342" lat="27.0600251" lon="55.9406481"/>
 <node id="537504695" visible="true" version="3" changeset="165602861" timestamp="2025-04-29T17:32:08Z" user="Hamid Reza Bahrami" uid="9570342" lat="27.0601146" lon="55.9410579"/>
 <node id="537504697" visible="true" version="3" changeset="165602861" timestamp="2025-04-29T17:32:08Z" user="Hamid Reza Bahrami" uid="9570342" lat="27.0604080" lon="55.9419248"/>
 <node id="537505550" visible="true" version="2" changeset="165602861" timestamp="2025-04-29T17:32:08Z" user="Hamid Reza Bahrami" uid="9570342" lat="27.0628429" lon="55.9485751"/>
 <node id="537505551" visible="true" version="3" changeset="54530248" timestamp="2017-12-11T05:47:48Z" user="lvlahdi" uid="223057" lat="27.0633968" lon="55.9501781"/>
 <node id="537505554" visible="true" version="3" changeset="54530248" timestamp="2017-12-11T05:47:48Z" user="lvlahdi" uid="223057" lat="27.0635721" lon="55.9507615"/>
 <node id="537505557" visible="true" version="3" changeset="54530248" timestamp="2017-12-11T05:47:48Z" user="lvlahdi" uid="223057" lat="27.0637237" lon="55.9515819"/>
 <node id="537505560" visible="true" version="3" changeset="54530248" timestamp="2017-12-11T05:47:48Z" user="lvlahdi" uid="223057" lat="27.0638221" lon="55.9529058"/>
 <node id="537505563" visible="true" version="3" changeset="54530248" timestamp="2017-12-11T05:47:48Z" user="lvlahdi" uid="223057" lat="27.0639295" lon="55.9538349"/>
 <node id="537505565" visible="true" version="3" changeset="54530248" timestamp="2017-12-11T05:47:48Z" user="lvlahdi" uid="223057" lat="27.0641231" lon="55.9547241"/>
 <node id="537505568" visible="true" version="3" changeset="54530248" timestamp="2017-12-11T05:47:48Z" user="lvlahdi" uid="223057" lat="27.0652706" lon="55.9591512"/>
 <node id="537505571" visible="true" version="3" changeset="54530248" timestamp="2017-12-11T05:47:48Z" user="lvlahdi" uid="223057" lat="27.0655941" lon="55.9601551"/>
 <node id="537505573" visible="true" version="3" changeset="54530248" timestamp="2017-12-11T05:47:48Z" user="lvlahdi" uid="223057" lat="27.0658208" lon="55.9609750"/>
 <node id="537505575" visible="true" version="3" changeset="54530248" timestamp="2017-12-11T05:47:48Z" user="lvlahdi" uid="223057" lat="27.0660357" lon="55.9619794"/>
 <node id="537505576" visible="true" version="3" changeset="54530248" timestamp="2017-12-11T05:47:48Z" user="lvlahdi" uid="223057" lat="27.0661410" lon="55.9626995"/>
 <node id="537505579" visible="true" version="2" changeset="26640511" timestamp="2014-11-08T12:42:55Z" user="dmgroom_ct" uid="437598" lat="27.0662711" lon="55.9636720"/>
 <node id="537505583" visible="true" version="3" changeset="64125523" timestamp="2018-11-02T19:40:48Z" user="Sal73x" uid="1293386" lat="27.0664543" lon="55.9644601"/>
 <node id="537505586" visible="true" version="3" changeset="54530248" timestamp="2017-12-11T05:47:48Z" user="lvlahdi" uid="223057" lat="27.0667210" lon="55.9652723"/>
 <node id="537505590" visible="true" version="3" changeset="54530248" timestamp="2017-12-11T05:47:48Z" user="lvlahdi" uid="223057" lat="27.0669786" lon="55.9657538"/>
 <node id="537505594" visible="true" version="4" changeset="64125523" timestamp="2018-11-02T19:40:48Z" user="Sal73x" uid="1293386" lat="27.0675168" lon="55.9665442"/>
 <node id="537506234" visible="true" version="3" changeset="54530248" timestamp="2017-12-11T05:47:48Z" user="lvlahdi" uid="223057" lat="27.0690345" lon="55.9684513"/>
 <node id="537506236" visible="true" version="2" changeset="54530248" timestamp="2017-12-11T05:47:48Z" user="lvlahdi" uid="223057" lat="27.0680873" lon="55.9672796"/>
 <node id="537506241" visible="true" version="3" changeset="64125523" timestamp="2018-11-02T19:40:48Z" user="Sal73x" uid="1293386" lat="27.0662557" lon="55.9655351"/>
 <node id="537506242" visible="true" version="2" changeset="26640511" timestamp="2014-11-08T12:42:55Z" user="dmgroom_ct" uid="437598" lat="27.0661763" lon="55.9655355"/>
 <node id="537506243" visible="true" version="2" changeset="26640511" timestamp="2014-11-08T12:42:55Z" user="dmgroom_ct" uid="437598" lat="27.0658451" lon="55.9654301"/>
 <node id="537506244" visible="true" version="2" changeset="26640511" timestamp="2014-11-08T12:42:55Z" user="dmgroom_ct" uid="437598" lat="27.0654094" lon="55.9653443"/>
 <node id="537506245" visible="true" version="2" changeset="26640511" timestamp="2014-11-08T12:42:55Z" user="dmgroom_ct" uid="437598" lat="27.0649010" lon="55.9652725"/>
 <node id="537506246" visible="true" version="2" changeset="26640511" timestamp="2014-11-08T12:42:55Z" user="dmgroom_ct" uid="437598" lat="27.0640791" lon="55.9652664"/>
 <node id="537506247" visible="true" version="3" changeset="32550865" timestamp="2015-07-10T18:59:31Z" user="karitotp" uid="2748195" lat="27.0640679" lon="55.9653874"/>
 <node id="537506510" visible="true" version="4" changeset="32550865" timestamp="2015-07-10T18:59:31Z" user="karitotp" uid="2748195" lat="27.0666227" lon="55.9658994"/>
 <node id="537506516" visible="true" version="4" changeset="165602861" timestamp="2025-04-29T17:32:08Z" user="Hamid Reza Bahrami" uid="9570342" lat="27.0703799" lon="55.9700110"/>
 <node id="537506517" visible="true" version="4" changeset="165602861" timestamp="2025-04-29T17:32:08Z" user="Hamid Reza Bahrami" uid="9570342" lat="27.0716104" lon="55.9716833"/>
 <node id="537506518" visible="true" version="4" changeset="165602861" timestamp="2025-04-29T17:32:08Z" user="Hamid Reza Bahrami" uid="9570342" lat="27.0719070" lon="55.9721898"/>
 <node id="537506519" visible="true" version="4" changeset="165602861" timestamp="2025-04-29T17:32:08Z" user="Hamid Reza Bahrami" uid="9570342" lat="27.0722546" lon="55.9728653"/>
 <node id="537506520" visible="true" version="3" changeset="165602861" timestamp="2025-04-29T17:32:08Z" user="Hamid Reza Bahrami" uid="9570342" lat="27.0738418" lon="55.9762932"/>
 <node id="537506521" visible="true" version="4" changeset="165602861" timestamp="2025-04-29T17:32:08Z" user="Hamid Reza Bahrami" uid="9570342" lat="27.0746755" lon="55.9780216"/>
 <node id="537506522" visible="true" version="2" changeset="165602861" timestamp="2025-04-29T17:32:08Z" user="Hamid Reza Bahrami" uid="9570342" lat="27.0749286" lon="55.9787018"/>
 <node id="537506523" visible="true" version="2" changeset="26633975" timestamp="2014-11-08T03:33:26Z" user="dmgroom_ct" uid="437598" lat="27.0758490" lon="55.9815823"/>
 <node id="537506524" visible="true" version="2" changeset="26633975" timestamp="2014-11-08T03:33:26Z" user="dmgroom_ct" uid="437598" lat="27.0761906" lon="55.9823780"/>
 <node id="537506525" visible="true" version="2" changeset="26633975" timestamp="2014-11-08T03:33:26Z" user="dmgroom_ct" uid="437598" lat="27.0768589" lon="55.9837887"/>
 <node id="537506526" visible="true" version="2" changeset="26633975" timestamp="2014-11-08T03:33:26Z" user="dmgroom_ct" uid="437598" lat="27.0774920" lon="55.9845731"/>
 <node id="537506527" visible="true" version="2" changeset="26633975" timestamp="2014-11-08T03:33:26Z" user="dmgroom_ct" uid="437598" lat="27.0778839" lon="55.9850020"/>
 <node id="537506528" visible="true" version="2" changeset="26633975" timestamp="2014-11-08T03:33:26Z" user="dmgroom_ct" uid="437598" lat="27.0781753" lon="55.9852559"/>
 <node id="537506529" visible="true" version="2" changeset="26633975" timestamp="2014-11-08T03:33:26Z" user="dmgroom_ct" uid="437598" lat="27.0787883" lon="55.9857130"/>
 <node id="537506530" visible="true" version="2" changeset="26633975" timestamp="2014-11-08T03:33:26Z" user="dmgroom_ct" uid="437598" lat="27.0805770" lon="55.9866554"/>
 <node id="537506574" visible="true" version="2" changeset="26633975" timestamp="2014-11-08T03:33:26Z" user="dmgroom_ct" uid="437598" lat="27.0823858" lon="55.9875470"/>
 <node id="537506575" visible="true" version="2" changeset="26633975" timestamp="2014-11-08T03:33:26Z" user="dmgroom_ct" uid="437598" lat="27.0839182" lon="55.9883088"/>
 <node id="537506576" visible="true" version="3" changeset="165602861" timestamp="2025-04-29T17:32:08Z" user="Hamid Reza Bahrami" uid="9570342" lat="27.0848506" lon="55.9890753"/>
 <node id="537506577" visible="true" version="3" changeset="165602861" timestamp="2025-04-29T17:32:08Z" user="Hamid Reza Bahrami" uid="9570342" lat="27.0851465" lon="55.9893777"/>
 <node id="537506578" visible="true" version="2" changeset="26633975" timestamp="2014-11-08T03:33:26Z" user="dmgroom_ct" uid="437598" lat="27.0857621" lon="55.9901767"/>
 <node id="537506579" visible="true" version="4" changeset="165602861" timestamp="2025-04-29T17:32:08Z" user="Hamid Reza Bahrami" uid="9570342" lat="27.0865992" lon="55.9918794"/>
 <node id="537506580" visible="true" version="2" changeset="29965386" timestamp="2015-04-04T05:27:35Z" user="jaimemd" uid="404532" lat="27.0867648" lon="55.9924700"/>
 <node id="537506581" visible="true" version="3" changeset="165602861" timestamp="2025-04-29T17:32:08Z" user="Hamid Reza Bahrami" uid="9570342" lat="27.0869285" lon="55.9932487"/>
 <node id="537506582" visible="true" version="2" changeset="29965386" timestamp="2015-04-04T05:27:35Z" user="jaimemd" uid="404532" lat="27.0869891" lon="55.9936802"/>
 <node id="537506583" visible="true" version="2" changeset="29965386" timestamp="2015-04-04T05:27:35Z" user="jaimemd" uid="404532" lat="27.0869052" lon="55.9972902"/>
 <node id="537506584" visible="true" version="2" changeset="29965386" timestamp="2015-04-04T05:27:35Z" user="jaimemd" uid="404532" lat="27.0870204" lon="55.9981759"/>
 <node id="537506585" visible="true" version="2" changeset="29965386" timestamp="2015-04-04T05:27:35Z" user="jaimemd" uid="404532" lat="27.0871524" lon="55.9987268"/>
 <node id="537506586" visible="true" version="2" changeset="29965386" timestamp="2015-04-04T05:27:35Z" user="jaimemd" uid="404532" lat="27.0874258" lon="55.9996329"/>
 <node id="537506587" visible="true" version="1" changeset="2908769" timestamp="2009-10-21T05:48:20Z" user="katpatuka" uid="17497" lat="27.0884739" lon="56.0023286"/>
 <node id="537506589" visible="true" version="2" changeset="29965307" timestamp="2015-04-04T05:17:58Z" user="jaimemd" uid="404532" lat="27.0904663" lon="56.0065278"/>
 <node id="537506590" visible="true" version="2" changeset="29965307" timestamp="2015-04-04T05:17:58Z" user="jaimemd" uid="404532" lat="27.0910864" lon="56.0075261"/>
 <node id="537506591" visible="true" version="2" changeset="29965307" timestamp="2015-04-04T05:17:58Z" user="jaimemd" uid="404532" lat="27.0942079" lon="56.0121509"/>
 <node id="537506593" visible="true" version="1" changeset="2908769" timestamp="2009-10-21T05:48:53Z" user="katpatuka" uid="17497" lat="27.0887049" lon="56.0028981"/>
 <node id="537506599" visible="true" version="2" changeset="29965307" timestamp="2015-04-04T05:17:58Z" user="jaimemd" uid="404532" lat="27.0960146" lon="56.0150455"/>
 <node id="537506600" visible="true" version="2" changeset="29965307" timestamp="2015-04-04T05:17:58Z" user="jaimemd" uid="404532" lat="27.0995792" lon="56.0218216"/>
 <node id="537506601" visible="true" version="2" changeset="29965307" timestamp="2015-04-04T05:17:58Z" user="jaimemd" uid="404532" lat="27.1001351" lon="56.0227551"/>
 <node id="537506602" visible="true" version="1" changeset="2908769" timestamp="2009-10-21T05:50:15Z" user="katpatuka" uid="17497" lat="27.1005775" lon="56.0234086"/>
 <node id="537506861" visible="true" version="3" changeset="41301253" timestamp="2016-08-07T10:09:28Z" user="kiaraSh-Q" uid="2693232" lat="27.1207602" lon="56.0322455"/>
 <node id="537506871" visible="true" version="1" changeset="2908769" timestamp="2009-10-21T05:51:44Z" user="katpatuka" uid="17497" lat="27.1343062" lon="56.0621268"/>
 <node id="768355718" visible="true" version="2" changeset="29965307" timestamp="2015-04-04T05:17:58Z" user="jaimemd" uid="404532" lat="27.0957533" lon="56.0146128"/>
 <node id="1395447919" visible="true" version="3" changeset="142172796" timestamp="2023-10-05T06:09:57Z" user="LakeArendsee" uid="18064850" lat="27.0757740" lon="55.9053173"/>
 <node id="1395447920" visible="true" version="3" changeset="134440683" timestamp="2023-04-03T07:25:14Z" user="AhmadHB" uid="10182045" lat="27.0791101" lon="55.9034308"/>
 <node id="1395447921" visible="true" version="2" changeset="26640511" timestamp="2014-11-08T12:42:54Z" user="dmgroom_ct" uid="437598" lat="27.0809920" lon="55.9018339"/>
 <node id="1395447922" visible="true" version="2" changeset="26640511" timestamp="2014-11-08T12:42:54Z" user="dmgroom_ct" uid="437598" lat="27.0824745" lon="55.9002512"/>
 <node id="1395447923" visible="true" version="2" changeset="26640511" timestamp="2014-11-08T12:42:54Z" user="dmgroom_ct" uid="437598" lat="27.0847443" lon="55.8978482"/>
 <node id="1395447924" visible="true" version="2" changeset="26640511" timestamp="2014-11-08T12:42:54Z" user="dmgroom_ct" uid="437598" lat="27.0862892" lon="55.8965003"/>
 <node id="1395447925" visible="true" version="2" changeset="26640511" timestamp="2014-11-08T12:42:54Z" user="dmgroom_ct" uid="437598" lat="27.0882603" lon="55.8953171"/>
 <node id="1395447926" visible="true" version="2" changeset="26640511" timestamp="2014-11-08T12:42:54Z" user="dmgroom_ct" uid="437598" lat="27.0916594" lon="55.8935149"/>
 <node id="1395447927" visible="true" version="2" changeset="26640511" timestamp="2014-11-08T12:42:54Z" user="dmgroom_ct" uid="437598" lat="27.0931566" lon="55.8930727"/>
 <node id="1395447928" visible="true" version="2" changeset="26640511" timestamp="2014-11-08T12:42:54Z" user="dmgroom_ct" uid="437598" lat="27.0972098" lon="55.8927555"/>
 <node id="1395447930" visible="true" version="2" changeset="26640511" timestamp="2014-11-08T12:42:54Z" user="dmgroom_ct" uid="437598" lat="27.0990748" lon="55.8921304"/>
 <node id="1395447931" visible="true" version="3" changeset="45847481" timestamp="2017-02-06T07:07:00Z" user="geoaria" uid="1858958" lat="27.1001192" lon="55.8914909"/>
 <node id="1395447933" visible="true" version="3" changeset="45847481" timestamp="2017-02-06T07:07:00Z" user="geoaria" uid="1858958" lat="27.1013424" lon="55.8902920"/>
 <node id="1395447937" visible="true" version="2" changeset="26640511" timestamp="2014-11-08T12:42:54Z" user="dmgroom_ct" uid="437598" lat="27.1020031" lon="55.8894298"/>
 <node id="1572275883" visible="true" version="4" changeset="105011185" timestamp="2021-05-20T08:24:04Z" user="CalleLaRonda" uid="10811018" lat="26.9737071" lon="55.7473762"/>
 <node id="1572275892" visible="true" version="4" changeset="105011185" timestamp="2021-05-20T08:24:04Z" user="CalleLaRonda" uid="10811018" lat="26.9736205" lon="55.7471690"/>
 <node id="1572275894" visible="true" version="5" changeset="98256573" timestamp="2021-01-28T00:58:51Z" user="Sal73x" uid="1293386" lat="26.9738551" lon="55.7477462"/>
 <node id="1572275898" visible="true" version="4" changeset="105011185" timestamp="2021-05-20T08:24:04Z" user="CalleLaRonda" uid="10811018" lat="26.9735787" lon="55.7470375"/>
 <node id="1572275900" visible="true" version="4" changeset="105011185" timestamp="2021-05-20T08:24:04Z" user="CalleLaRonda" uid="10811018" lat="26.9737520" lon="55.7474640"/>
 <node id="1572275906" visible="true" version="3" changeset="105011185" timestamp="2021-05-20T08:24:04Z" user="CalleLaRonda" uid="10811018" lat="26.9738010" lon="55.7475512"/>
 <node id="1572276097" visible="true" version="2" changeset="26640511" timestamp="2014-11-08T12:42:54Z" user="dmgroom_ct" uid="437598" lat="27.0920829" lon="55.8933654"/>
 <node id="1572276098" visible="true" version="2" changeset="26640511" timestamp="2014-11-08T12:42:54Z" user="dmgroom_ct" uid="437598" lat="27.0926639" lon="55.8932008"/>
 <node id="1695813310" visible="true" version="2" changeset="98256573" timestamp="2021-01-28T00:58:51Z" user="Sal73x" uid="1293386" lat="26.9723224" lon="55.7452156"/>
 <node id="1695813312" visible="true" version="2" changeset="98256573" timestamp="2021-01-28T00:58:51Z" user="Sal73x" uid="1293386" lat="26.9726531" lon="55.7453957"/>
 <node id="1695813316" visible="true" version="2" changeset="98256573" timestamp="2021-01-28T00:58:51Z" user="Sal73x" uid="1293386" lat="26.9727958" lon="55.7453546"/>
 <node id="1695813322" visible="true" version="2" changeset="98256573" timestamp="2021-01-28T00:58:51Z" user="Sal73x" uid="1293386" lat="26.9728586" lon="55.7454207"/>
 <node id="1695813328" visible="true" version="2" changeset="98256573" timestamp="2021-01-28T00:58:51Z" user="Sal73x" uid="1293386" lat="26.9731676" lon="55.7461538"/>
 <node id="1695813329" visible="true" version="2" changeset="98256573" timestamp="2021-01-28T00:58:51Z" user="Sal73x" uid="1293386" lat="26.9729670" lon="55.7460258"/>
 <node id="1695813330" visible="true" version="1" changeset="11134467" timestamp="2012-03-29T07:28:15Z" user="okilimu" uid="212111" lat="26.9731327" lon="55.7460991"/>
 <node id="1695813331" visible="true" version="2" changeset="98256573" timestamp="2021-01-28T00:58:51Z" user="Sal73x" uid="1293386" lat="26.9732117" lon="55.7462515"/>
 <node id="1695813333" visible="true" version="2" changeset="98256573" timestamp="2021-01-28T00:58:51Z" user="Sal73x" uid="1293386" lat="26.9733259" lon="55.7462668"/>
 <node id="1695813338" visible="true" version="5" changeset="105011185" timestamp="2021-05-20T08:24:04Z" user="CalleLaRonda" uid="10811018" lat="26.9735153" lon="55.7468230"/>
 <node id="1695813343" visible="true" version="4" changeset="105011185" timestamp="2021-05-20T08:24:04Z" user="CalleLaRonda" uid="10811018" lat="26.9738476" lon="55.7476786"/>
 <node id="1695813349" visible="true" version="4" changeset="50480264" timestamp="2017-07-22T12:13:29Z" user="Sal73x" uid="1293386" lat="26.9745344" lon="55.7488898"/>
 <node id="1695813362" visible="true" version="3" changeset="50480264" timestamp="2017-07-22T12:13:29Z" user="Sal73x" uid="1293386" lat="26.9743796" lon="55.7491211"/>
 <node id="1695813371" visible="true" version="3" changeset="50480264" timestamp="2017-07-22T12:13:29Z" user="Sal73x" uid="1293386" lat="26.9744432" lon="55.7492204"/>
 <node id="1695813372" visible="true" version="2" changeset="47395534" timestamp="2017-04-02T23:10:18Z" user="Sal73x" uid="1293386" lat="26.9744139" lon="55.7502029"/>
 <node id="1695813373" visible="true" version="2" changeset="47395534" timestamp="2017-04-02T23:10:18Z" user="Sal73x" uid="1293386" lat="26.9742864" lon="55.7496740"/>
 <node id="1695813374" visible="true" version="2" changeset="47395534" timestamp="2017-04-02T23:10:18Z" user="Sal73x" uid="1293386" lat="26.9743158" lon="55.7493605"/>
 <node id="1695813375" visible="true" version="2" changeset="47395534" timestamp="2017-04-02T23:10:18Z" user="Sal73x" uid="1293386" lat="26.9744011" lon="55.7502707"/>
 <node id="1695813376" visible="true" version="2" changeset="47395534" timestamp="2017-04-02T23:10:18Z" user="Sal73x" uid="1293386" lat="26.9738139" lon="55.7507841"/>
 <node id="1695813393" visible="true" version="2" changeset="47395534" timestamp="2017-04-02T23:10:18Z" user="Sal73x" uid="1293386" lat="26.9737235" lon="55.7497675"/>
 <node id="1695813410" visible="true" version="4" changeset="98256573" timestamp="2021-01-28T00:58:51Z" user="Sal73x" uid="1293386" lat="26.9763491" lon="55.7516653"/>
 <node id="1695813438" visible="true" version="4" changeset="98256573" timestamp="2021-01-28T00:58:51Z" user="Sal73x" uid="1293386" lat="26.9779942" lon="55.7514821"/>
 <node id="1695813563" visible="true" version="2" changeset="53807750" timestamp="2017-11-15T16:00:35Z" user="mapwitch" uid="7079" lat="26.9966000" lon="55.7767759"/>
 <node id="1695813565" visible="true" version="1" changeset="11134467" timestamp="2012-03-29T07:28:25Z" user="okilimu" uid="212111" lat="26.9982057" lon="55.8041310"/>
 <node id="1695813566" visible="true" version="1" changeset="11134467" timestamp="2012-03-29T07:28:25Z" user="okilimu" uid="212111" lat="26.9983441" lon="55.7789978"/>
 <node id="1695813568" visible="true" version="1" changeset="11134467" timestamp="2012-03-29T07:28:26Z" user="okilimu" uid="212111" lat="26.9986763" lon="55.8082008"/>
 <node id="1695813569" visible="true" version="1" changeset="11134467" timestamp="2012-03-29T07:28:26Z" user="okilimu" uid="212111" lat="26.9990362" lon="55.7998438"/>
 <node id="1695813572" visible="true" version="1" changeset="11134467" timestamp="2012-03-29T07:28:26Z" user="okilimu" uid="212111" lat="26.9998389" lon="55.7802715"/>
 <node id="1695813574" visible="true" version="1" changeset="11134467" timestamp="2012-03-29T07:28:26Z" user="okilimu" uid="212111" lat="27.0001711" lon="55.8100027"/>
 <node id="1695813575" visible="true" version="1" changeset="11134467" timestamp="2012-03-29T07:28:26Z" user="okilimu" uid="212111" lat="27.0005863" lon="55.7857393"/>
 <node id="1695813576" visible="true" version="1" changeset="11134467" timestamp="2012-03-29T07:28:26Z" user="okilimu" uid="212111" lat="27.0006970" lon="55.7943760"/>
 <node id="1695813577" visible="true" version="1" changeset="11134467" timestamp="2012-03-29T07:28:26Z" user="okilimu" uid="212111" lat="27.0008088" lon="55.8224928"/>
 <node id="1695813578" visible="true" version="1" changeset="11134467" timestamp="2012-03-29T07:28:26Z" user="okilimu" uid="212111" lat="27.0009382" lon="55.8274268"/>
 <node id="1695813579" visible="true" version="1" changeset="11134467" timestamp="2012-03-29T07:28:26Z" user="okilimu" uid="212111" lat="27.0011399" lon="55.7824462"/>
 <node id="1695813580" visible="true" version="1" changeset="11134467" timestamp="2012-03-29T07:28:26Z" user="okilimu" uid="212111" lat="27.0012783" lon="55.7898402"/>
 <node id="1695813581" visible="true" version="1" changeset="11134467" timestamp="2012-03-29T07:28:26Z" user="okilimu" uid="212111" lat="27.0023084" lon="55.8288404"/>
 <node id="1695813582" visible="true" version="1" changeset="11134467" timestamp="2012-03-29T07:28:26Z" user="okilimu" uid="212111" lat="27.0024725" lon="55.8186924"/>
 <node id="1695813583" visible="true" version="1" changeset="11134467" timestamp="2012-03-29T07:28:26Z" user="okilimu" uid="212111" lat="27.0025044" lon="55.8320535"/>
 <node id="1695813584" visible="true" version="1" changeset="11134467" timestamp="2012-03-29T07:28:26Z" user="okilimu" uid="212111" lat="27.0026290" lon="55.8302516"/>
 <node id="1695813587" visible="true" version="1" changeset="11134467" timestamp="2012-03-29T07:28:26Z" user="okilimu" uid="212111" lat="27.0032518" lon="55.8341040"/>
 <node id="1695813588" visible="true" version="1" changeset="11134467" timestamp="2012-03-29T07:28:26Z" user="okilimu" uid="212111" lat="27.0033763" lon="55.8400999"/>
 <node id="1695813589" visible="true" version="1" changeset="11134467" timestamp="2012-03-29T07:28:26Z" user="okilimu" uid="212111" lat="27.0033763" lon="55.8409853"/>
 <node id="1695813594" visible="true" version="1" changeset="11134467" timestamp="2012-03-29T07:28:27Z" user="okilimu" uid="212111" lat="27.0044974" lon="55.8356107"/>
 <node id="1695813595" visible="true" version="1" changeset="11134467" timestamp="2012-03-29T07:28:27Z" user="okilimu" uid="212111" lat="27.0048019" lon="55.8412183"/>
 <node id="1695813596" visible="true" version="1" changeset="11134467" timestamp="2012-03-29T07:28:27Z" user="okilimu" uid="212111" lat="27.0048849" lon="55.8429425"/>
 <node id="1695813599" visible="true" version="1" changeset="11134467" timestamp="2012-03-29T07:28:27Z" user="okilimu" uid="212111" lat="27.0058537" lon="55.8452415"/>
 <node id="1695813600" visible="true" version="1" changeset="11134467" timestamp="2012-03-29T07:28:27Z" user="okilimu" uid="212111" lat="27.0059770" lon="55.8617101"/>
 <node id="1695813602" visible="true" version="1" changeset="11134467" timestamp="2012-03-29T07:28:27Z" user="okilimu" uid="212111" lat="27.0060474" lon="55.8362321"/>
 <node id="1695813604" visible="true" version="1" changeset="11134467" timestamp="2012-03-29T07:28:27Z" user="okilimu" uid="212111" lat="27.0063293" lon="55.8554713"/>
 <node id="1695813605" visible="true" version="1" changeset="11134467" timestamp="2012-03-29T07:28:27Z" user="okilimu" uid="212111" lat="27.0063381" lon="55.8465463"/>
 <node id="1695813609" visible="true" version="1" changeset="11134467" timestamp="2012-03-29T07:28:27Z" user="okilimu" uid="212111" lat="27.0066033" lon="55.8581294"/>
 <node id="1695813610" visible="true" version="1" changeset="11134467" timestamp="2012-03-29T07:28:27Z" user="okilimu" uid="212111" lat="27.0067794" lon="55.8532086"/>
 <node id="1695813613" visible="true" version="1" changeset="11134467" timestamp="2012-03-29T07:28:27Z" user="okilimu" uid="212111" lat="27.0070143" lon="55.8652250"/>
 <node id="1695813618" visible="true" version="1" changeset="11134467" timestamp="2012-03-29T07:28:28Z" user="okilimu" uid="212111" lat="27.0078604" lon="55.8490161"/>
 <node id="1695813622" visible="true" version="1" changeset="11134467" timestamp="2012-03-29T07:28:28Z" user="okilimu" uid="212111" lat="27.0083606" lon="55.8513997"/>
 <node id="1695813627" visible="true" version="1" changeset="11134467" timestamp="2012-03-29T07:28:28Z" user="okilimu" uid="212111" lat="27.0089911" lon="55.8680368"/>
 <node id="1695813630" visible="true" version="1" changeset="11134467" timestamp="2012-03-29T07:28:28Z" user="okilimu" uid="212111" lat="27.0092846" lon="55.8720130"/>
 <node id="1695813639" visible="true" version="1" changeset="11134467" timestamp="2012-03-29T07:28:29Z" user="okilimu" uid="212111" lat="27.0106006" lon="55.8502278"/>
 <node id="1695813643" visible="true" version="1" changeset="11134467" timestamp="2012-03-29T07:28:29Z" user="okilimu" uid="212111" lat="27.0110988" lon="55.8492026"/>
 <node id="1695813646" visible="true" version="1" changeset="11134467" timestamp="2012-03-29T07:28:29Z" user="okilimu" uid="212111" lat="27.0117458" lon="55.8765614"/>
 <node id="1695813658" visible="true" version="1" changeset="11134467" timestamp="2012-03-29T07:28:29Z" user="okilimu" uid="212111" lat="27.0136314" lon="55.8501967"/>
 <node id="1695813664" visible="true" version="1" changeset="11134467" timestamp="2012-03-29T07:28:30Z" user="okilimu" uid="212111" lat="27.0144673" lon="55.8812370"/>
 <node id="1695813677" visible="true" version="1" changeset="11134467" timestamp="2012-03-29T07:28:30Z" user="okilimu" uid="212111" lat="27.0155052" lon="55.8837223"/>
 <node id="1695813682" visible="true" version="1" changeset="11134467" timestamp="2012-03-29T07:28:31Z" user="okilimu" uid="212111" lat="27.0161418" lon="55.8866426"/>
 <node id="1695813684" visible="true" version="1" changeset="11134467" timestamp="2012-03-29T07:28:31Z" user="okilimu" uid="212111" lat="27.0165016" lon="55.8893765"/>
 <node id="1695813685" visible="true" version="1" changeset="11134467" timestamp="2012-03-29T07:28:31Z" user="okilimu" uid="212111" lat="27.0165086" lon="55.8902927"/>
 <node id="1695813686" visible="true" version="1" changeset="11134467" timestamp="2012-03-29T07:28:31Z" user="okilimu" uid="212111" lat="27.0167230" lon="55.8884445"/>
 <node id="1696165731" visible="true" version="2" changeset="48209696" timestamp="2017-04-27T21:37:46Z" user="Nehaj" uid="5230141" lat="27.0633489" lon="55.9842545"/>
 <node id="1696165743" visible="true" version="2" changeset="48209696" timestamp="2017-04-27T21:37:46Z" user="Nehaj" uid="5230141" lat="27.0678755" lon="55.9822297"/>
 <node id="1696165744" visible="true" version="1" changeset="11139042" timestamp="2012-03-29T13:43:28Z" user="dmgroom_ct" uid="437598" lat="27.0684406" lon="55.9819998"/>
 <node id="1696165745" visible="true" version="1" changeset="11139042" timestamp="2012-03-29T13:43:28Z" user="dmgroom_ct" uid="437598" lat="27.0689551" lon="55.9819951"/>
 <node id="1696165753" visible="true" version="2" changeset="48209696" timestamp="2017-04-27T21:37:46Z" user="Nehaj" uid="5230141" lat="27.0696316" lon="55.9833034"/>
 <node id="1696165757" visible="true" version="1" changeset="11139042" timestamp="2012-03-29T13:43:29Z" user="dmgroom_ct" uid="437598" lat="27.0697394" lon="55.9837125"/>
 <node id="1696165762" visible="true" version="2" changeset="48209696" timestamp="2017-04-27T21:37:46Z" user="Nehaj" uid="5230141" lat="27.0699198" lon="55.9829546"/>
 <node id="1696165765" visible="true" version="1" changeset="11139042" timestamp="2012-03-29T13:43:29Z" user="dmgroom_ct" uid="437598" lat="27.0699987" lon="55.9839975"/>
 <node id="1696165768" visible="true" version="2" changeset="48209696" timestamp="2017-04-27T21:37:46Z" user="Nehaj" uid="5230141" lat="27.0710793" lon="55.9850107"/>
 <node id="1696165784" visible="true" version="3" changeset="48209696" timestamp="2017-04-27T21:37:46Z" user="Nehaj" uid="5230141" lat="27.0715493" lon="55.9856098"/>
 <node id="1696165789" visible="true" version="3" changeset="48209696" timestamp="2017-04-27T21:37:46Z" user="Nehaj" uid="5230141" lat="27.0717908" lon="55.9861172"/>
 <node id="1696165792" visible="true" version="3" changeset="48209696" timestamp="2017-04-27T21:37:46Z" user="Nehaj" uid="5230141" lat="27.0714254" lon="55.9862848"/>
 <node id="1696165798" visible="true" version="2" changeset="19511062" timestamp="2013-12-18T08:36:35Z" user="bdiscoe" uid="402624" lat="27.0714724" lon="55.9872151"/>
 <node id="1696165806" visible="true" version="2" changeset="19511062" timestamp="2013-12-18T08:36:35Z" user="bdiscoe" uid="402624" lat="27.0733961" lon="55.9899938"/>
 <node id="1696165809" visible="true" version="1" changeset="11139042" timestamp="2012-03-29T13:43:30Z" user="dmgroom_ct" uid="437598" lat="27.0735180" lon="55.9904332"/>
 <node id="1696165812" visible="true" version="1" changeset="11139042" timestamp="2012-03-29T13:43:30Z" user="dmgroom_ct" uid="437598" lat="27.0737794" lon="55.9910056"/>
 <node id="1696165816" visible="true" version="1" changeset="11139042" timestamp="2012-03-29T13:43:30Z" user="dmgroom_ct" uid="437598" lat="27.0742981" lon="55.9915758"/>
 <node id="1696165823" visible="true" version="1" changeset="11139042" timestamp="2012-03-29T13:43:30Z" user="dmgroom_ct" uid="437598" lat="27.0748209" lon="55.9927208"/>
 <node id="1696165834" visible="true" version="2" changeset="153410806" timestamp="2024-07-01T12:42:56Z" user="kiaraSh-Q" uid="2693232" lat="27.0757699" lon="55.9943873"/>
 <node id="1696558169" visible="true" version="2" changeset="122166043" timestamp="2022-06-09T13:15:24Z" user="lorenzo23622" uid="476483" lat="27.0241870" lon="55.9524277"/>
 <node id="1696558170" visible="true" version="2" changeset="145626796" timestamp="2023-12-28T16:04:36Z" user="Seandebasti" uid="550560" lat="27.0264822" lon="55.9535842"/>
 <node id="1696558171" visible="true" version="2" changeset="145626796" timestamp="2023-12-28T16:04:36Z" user="Seandebasti" uid="550560" lat="27.0295926" lon="55.9552587"/>
 <node id="1696558172" visible="true" version="3" changeset="64125067" timestamp="2018-11-02T19:22:58Z" user="Sal73x" uid="1293386" lat="27.0297134" lon="55.9678970"/>
 <node id="1696558173" visible="true" version="2" changeset="145626796" timestamp="2023-12-28T16:04:36Z" user="Seandebasti" uid="550560" lat="27.0300355" lon="55.9557734"/>
 <node id="1696558174" visible="true" version="3" changeset="64125067" timestamp="2018-11-02T19:22:58Z" user="Sal73x" uid="1293386" lat="27.0303324" lon="55.9714180"/>
 <node id="1696558177" visible="true" version="2" changeset="48209696" timestamp="2017-04-27T21:37:46Z" user="Nehaj" uid="5230141" lat="27.0313515" lon="55.9697199"/>
 <node id="1696558178" visible="true" version="2" changeset="145626796" timestamp="2023-12-28T16:04:36Z" user="Seandebasti" uid="550560" lat="27.0313840" lon="55.9561714"/>
 <node id="1696558180" visible="true" version="2" changeset="145626796" timestamp="2023-12-28T16:04:36Z" user="Seandebasti" uid="550560" lat="27.0325512" lon="55.9567748"/>
 <node id="1696558190" visible="true" version="2" changeset="48209696" timestamp="2017-04-27T21:37:46Z" user="Nehaj" uid="5230141" lat="27.0335656" lon="55.9572050"/>
 <node id="1696558192" visible="true" version="2" changeset="48209696" timestamp="2017-04-27T21:37:46Z" user="Nehaj" uid="5230141" lat="27.0338106" lon="55.9624705"/>
 <node id="1696558193" visible="true" version="2" changeset="48209696" timestamp="2017-04-27T21:37:46Z" user="Nehaj" uid="5230141" lat="27.0338375" lon="55.9588986"/>
 <node id="1696558194" visible="true" version="2" changeset="48209696" timestamp="2017-04-27T21:37:46Z" user="Nehaj" uid="5230141" lat="27.0320738" lon="55.9636236"/>
 <node id="1696558195" visible="true" version="3" changeset="145626796" timestamp="2023-12-28T16:04:36Z" user="Seandebasti" uid="550560" lat="27.0321932" lon="55.9660240"/>
 <node id="1696558196" visible="true" version="2" changeset="48209696" timestamp="2017-04-27T21:37:46Z" user="Nehaj" uid="5230141" lat="27.0395088" lon="55.9584426"/>
 <node id="1696558198" visible="true" version="2" changeset="48209696" timestamp="2017-04-27T21:37:46Z" user="Nehaj" uid="5230141" lat="27.0485260" lon="55.9598224"/>
 <node id="1696558199" visible="true" version="2" changeset="42068584" timestamp="2016-09-10T23:02:02Z" user="Jean Passepartout" uid="1733149" lat="27.0486606" lon="55.9660686"/>
 <node id="1696558202" visible="true" version="3" changeset="48209785" timestamp="2017-04-27T21:42:25Z" user="Nehaj" uid="5230141" lat="27.0502910" lon="55.9850579"/>
 <node id="1696558213" visible="true" version="3" changeset="64124865" timestamp="2018-11-02T19:15:49Z" user="Sal73x" uid="1293386" lat="27.0502597" lon="55.9661722"/>
 <node id="1696558216" visible="true" version="2" changeset="48209696" timestamp="2017-04-27T21:37:46Z" user="Nehaj" uid="5230141" lat="27.0602375" lon="55.9836052"/>
 <node id="1696558217" visible="true" version="2" changeset="48209696" timestamp="2017-04-27T21:37:46Z" user="Nehaj" uid="5230141" lat="27.0601456" lon="55.9850087"/>
 <node id="1696558218" visible="true" version="2" changeset="48209696" timestamp="2017-04-27T21:37:47Z" user="Nehaj" uid="5230141" lat="27.0607786" lon="55.9835168"/>
 <node id="1696558219" visible="true" version="2" changeset="48209696" timestamp="2017-04-27T21:37:47Z" user="Nehaj" uid="5230141" lat="27.0611043" lon="55.9841228"/>
 <node id="1696558220" visible="true" version="2" changeset="48209696" timestamp="2017-04-27T21:37:47Z" user="Nehaj" uid="5230141" lat="27.0615272" lon="55.9849465"/>
 <node id="1696558221" visible="true" version="2" changeset="48209696" timestamp="2017-04-27T21:37:47Z" user="Nehaj" uid="5230141" lat="27.0623133" lon="55.9854218"/>
 <node id="1696560162" visible="true" version="2" changeset="122166043" timestamp="2022-06-09T13:15:24Z" user="lorenzo23622" uid="476483" lat="27.0226418" lon="55.9503327"/>
 <node id="1863495113" visible="true" version="1" changeset="12706078" timestamp="2012-08-12T19:46:38Z" user="bauma" uid="239172" lat="27.1354261" lon="56.0645769"/>
 <node id="1863495114" visible="true" version="1" changeset="12706078" timestamp="2012-08-12T19:46:38Z" user="bauma" uid="239172" lat="27.1387644" lon="56.0718109"/>
 <node id="1863495115" visible="true" version="1" changeset="12706078" timestamp="2012-08-12T19:46:38Z" user="bauma" uid="239172" lat="27.1394565" lon="56.0733641"/>
 <node id="1863495289" visible="true" version="1" changeset="12706078" timestamp="2012-08-12T19:46:45Z" user="bauma" uid="239172" lat="27.1397036" lon="56.0733671"/>
 <node id="1863495290" visible="true" version="1" changeset="12706078" timestamp="2012-08-12T19:46:45Z" user="bauma" uid="239172" lat="27.1389123" lon="56.0717076"/>
 <node id="1863495291" visible="true" version="1" changeset="12706078" timestamp="2012-08-12T19:46:45Z" user="bauma" uid="239172" lat="27.1380525" lon="56.0699229"/>
 <node id="1863495292" visible="true" version="1" changeset="12706078" timestamp="2012-08-12T19:46:45Z" user="bauma" uid="239172" lat="27.1374984" lon="56.0688091"/>
 <node id="1863495294" visible="true" version="1" changeset="12706078" timestamp="2012-08-12T19:46:45Z" user="bauma" uid="239172" lat="27.1355245" lon="56.0645111"/>
 <node id="2268110701" visible="true" version="2" changeset="180527761" timestamp="2026-03-28T03:00:41Z" user="swimdb" uid="231017" lat="27.1075528" lon="56.0257988"/>
 <node id="2268110702" visible="true" version="3" changeset="29965386" timestamp="2015-04-04T05:27:35Z" user="jaimemd" uid="404532" lat="27.0871226" lon="55.9904104"/>
 <node id="2268110703" visible="true" version="2" changeset="29965263" timestamp="2015-04-04T05:10:55Z" user="jaimemd" uid="404532" lat="27.1165473" lon="56.0284922"/>
 <node id="2268110705" visible="true" version="2" changeset="29965307" timestamp="2015-04-04T05:17:57Z" user="jaimemd" uid="404532" lat="27.1032915" lon="56.0239699"/>
 <node id="2268110706" visible="true" version="2" changeset="29965307" timestamp="2015-04-04T05:17:57Z" user="jaimemd" uid="404532" lat="27.0923438" lon="56.0064450"/>
 <node id="2268110707" visible="true" version="2" changeset="180527761" timestamp="2026-03-28T03:00:41Z" user="swimdb" uid="231017" lat="27.1052380" lon="56.0250647"/>
 <node id="2268110708" visible="true" version="2" changeset="29965307" timestamp="2015-04-04T05:17:57Z" user="jaimemd" uid="404532" lat="27.0978429" lon="56.0176846"/>
 <node id="2268110709" visible="true" version="2" changeset="29965263" timestamp="2015-04-04T05:10:55Z" user="jaimemd" uid="404532" lat="27.1192837" lon="56.0301560"/>
 <node id="2268110710" visible="true" version="2" changeset="29965307" timestamp="2015-04-04T05:17:57Z" user="jaimemd" uid="404532" lat="27.0904153" lon="56.0038491"/>
 <node id="2268110711" visible="true" version="1" changeset="15735509" timestamp="2013-04-15T10:41:57Z" user="h_reza_66" uid="651099" lat="27.0728070" lon="55.9727258"/>
 <node id="2268110712" visible="true" version="2" changeset="26633975" timestamp="2014-11-08T03:33:25Z" user="dmgroom_ct" uid="437598" lat="27.0830239" lon="55.9864861"/>
 <node id="2268110713" visible="true" version="3" changeset="54530248" timestamp="2017-12-11T05:47:48Z" user="lvlahdi" uid="223057" lat="27.1133823" lon="56.0284767"/>
 <node id="2268110714" visible="true" version="2" changeset="29965263" timestamp="2015-04-04T05:10:55Z" user="jaimemd" uid="404532" lat="27.1187178" lon="56.0296639"/>
 <node id="2268110715" visible="true" version="2" changeset="26633975" timestamp="2014-11-08T03:33:25Z" user="dmgroom_ct" uid="437598" lat="27.1007709" lon="56.0218135"/>
 <node id="2268110716" visible="true" version="3" changeset="29965386" timestamp="2015-04-04T05:27:35Z" user="jaimemd" uid="404532" lat="27.0875038" lon="55.9916111"/>
 <node id="2268110717" visible="true" version="3" changeset="54530248" timestamp="2017-12-11T05:47:48Z" user="lvlahdi" uid="223057" lat="27.0673630" lon="55.9648440"/>
 <node id="2268110718" visible="true" version="2" changeset="29965307" timestamp="2015-04-04T05:17:57Z" user="jaimemd" uid="404532" lat="27.0942511" lon="56.0110380"/>
 <node id="2268110719" visible="true" version="3" changeset="54530248" timestamp="2017-12-11T05:47:48Z" user="lvlahdi" uid="223057" lat="27.1139902" lon="56.0283462"/>
 <node id="2268110720" visible="true" version="2" changeset="26633975" timestamp="2014-11-08T03:33:25Z" user="dmgroom_ct" uid="437598" lat="27.0777482" lon="55.9835122"/>
 <node id="2268110721" visible="true" version="2" changeset="29965263" timestamp="2015-04-04T05:10:55Z" user="jaimemd" uid="404532" lat="27.1127404" lon="56.0259027"/>
 <node id="2268110722" visible="true" version="2" changeset="180527761" timestamp="2026-03-28T03:00:41Z" user="swimdb" uid="231017" lat="27.1095814" lon="56.0297243"/>
 <node id="2268110723" visible="true" version="2" changeset="29965386" timestamp="2015-04-04T05:27:35Z" user="jaimemd" uid="404532" lat="27.0881805" lon="55.9982391"/>
 <node id="2268110724" visible="true" version="2" changeset="26633975" timestamp="2014-11-08T03:33:25Z" user="dmgroom_ct" uid="437598" lat="27.0746983" lon="55.9764301"/>
 <node id="2268110725" visible="true" version="1" changeset="15735509" timestamp="2013-04-15T10:41:57Z" user="h_reza_66" uid="651099" lat="27.0691767" lon="55.9682400"/>
 <node id="2268110726" visible="true" version="2" changeset="180527761" timestamp="2026-03-28T03:00:41Z" user="swimdb" uid="231017" lat="27.1085112" lon="56.0299485"/>
 <node id="2268110727" visible="true" version="2" changeset="29965386" timestamp="2015-04-04T05:27:35Z" user="jaimemd" uid="404532" lat="27.0879880" lon="55.9975911"/>
 <node id="2268110728" visible="true" version="2" changeset="29965307" timestamp="2015-04-04T05:17:57Z" user="jaimemd" uid="404532" lat="27.0965839" lon="56.0146412"/>
 <node id="2268110729" visible="true" version="3" changeset="64122671" timestamp="2018-11-02T17:57:40Z" user="Sal73x" uid="1293386" lat="27.1153556" lon="56.0261709"/>
 <node id="2268110730" visible="true" version="1" changeset="15735509" timestamp="2013-04-15T10:41:57Z" user="h_reza_66" uid="651099" lat="27.0852256" lon="55.9877461"/>
 <node id="2268110731" visible="true" version="3" changeset="64122671" timestamp="2018-11-02T17:57:40Z" user="Sal73x" uid="1293386" lat="27.1067693" lon="56.0298606"/>
 <node id="2268110732" visible="true" version="4" changeset="145626796" timestamp="2023-12-28T16:04:36Z" user="Seandebasti" uid="550560" lat="27.1035959" lon="56.0275480"/>
 <node id="2268110734" visible="true" version="2" changeset="29965263" timestamp="2015-04-04T05:10:55Z" user="jaimemd" uid="404532" lat="27.1198889" lon="56.0303210"/>
 <node id="2268110735" visible="true" version="2" changeset="165602861" timestamp="2025-04-29T17:32:08Z" user="Hamid Reza Bahrami" uid="9570342" lat="27.0721884" lon="55.9719630"/>
 <node id="2268110736" visible="true" version="2" changeset="29965307" timestamp="2015-04-04T05:17:57Z" user="jaimemd" uid="404532" lat="27.0946494" lon="56.0116335"/>
 <node id="2268110737" visible="true" version="2" changeset="29965263" timestamp="2015-04-04T05:10:55Z" user="jaimemd" uid="404532" lat="27.1058964" lon="56.0295176"/>
 <node id="2268110738" visible="true" version="3" changeset="29965386" timestamp="2015-04-04T05:27:35Z" user="jaimemd" uid="404532" lat="27.0899227" lon="56.0030390"/>
 <node id="2292611973" visible="true" version="2" changeset="55805406" timestamp="2018-01-27T14:50:29Z" user="Hendrikklaas" uid="657581" lat="27.0659449" lon="56.0090624"/>
 <node id="2292611974" visible="true" version="2" changeset="55805406" timestamp="2018-01-27T14:50:29Z" user="Hendrikklaas" uid="657581" lat="27.0660046" lon="55.9800197"/>
 <node id="2292611988" visible="true" version="2" changeset="55805406" timestamp="2018-01-27T14:50:29Z" user="Hendrikklaas" uid="657581" lat="27.0808758" lon="56.0090624"/>
 <node id="2292611989" visible="true" version="2" changeset="55805406" timestamp="2018-01-27T14:50:29Z" user="Hendrikklaas" uid="657581" lat="27.0809355" lon="55.9798855"/>
 <node id="3174065223" visible="true" version="1" changeset="26633975" timestamp="2014-11-08T03:33:07Z" user="dmgroom_ct" uid="437598" lat="27.0602560" lon="55.9366593">
  <tag k="power" v="tower"/>
 </node>
 <node id="3174065225" visible="true" version="1" changeset="26633975" timestamp="2014-11-08T03:33:07Z" user="dmgroom_ct" uid="437598" lat="27.0605227" lon="55.9392949">
  <tag k="power" v="tower"/>
 </node>
 <node id="3174065226" visible="true" version="1" changeset="26633975" timestamp="2014-11-08T03:33:07Z" user="dmgroom_ct" uid="437598" lat="27.0607892" lon="55.9419225">
  <tag k="power" v="tower"/>
 </node>
 <node id="3174065227" visible="true" version="1" changeset="26633975" timestamp="2014-11-08T03:33:07Z" user="dmgroom_ct" uid="437598" lat="27.0608501" lon="55.9336721">
  <tag k="power" v="tower"/>
 </node>
 <node id="3174065229" visible="true" version="1" changeset="26633975" timestamp="2014-11-08T03:33:07Z" user="dmgroom_ct" uid="437598" lat="27.0611036" lon="55.9447117">
  <tag k="power" v="tower"/>
 </node>
 <node id="3174065233" visible="true" version="1" changeset="26633975" timestamp="2014-11-08T03:33:07Z" user="dmgroom_ct" uid="437598" lat="27.0613897" lon="55.9475488">
  <tag k="power" v="tower"/>
 </node>
 <node id="3174065234" visible="true" version="1" changeset="26633975" timestamp="2014-11-08T03:33:07Z" user="dmgroom_ct" uid="437598" lat="27.0614258" lon="55.9306435">
  <tag k="power" v="tower"/>
 </node>
 <node id="3174065237" visible="true" version="1" changeset="26633975" timestamp="2014-11-08T03:33:08Z" user="dmgroom_ct" uid="437598" lat="27.0622088" lon="55.9508088">
  <tag k="power" v="tower"/>
 </node>
 <node id="3174065238" visible="true" version="2" changeset="165603036" timestamp="2025-04-29T17:36:00Z" user="Hamid Reza Bahrami" uid="9570342" lat="27.0622545" lon="55.9659457">
  <tag k="power" v="tower"/>
 </node>
 <node id="3174065239" visible="true" version="1" changeset="26633975" timestamp="2014-11-08T03:33:08Z" user="dmgroom_ct" uid="437598" lat="27.0624492" lon="55.9258113">
  <tag k="power" v="tower"/>
 </node>
 <node id="3174065241" visible="true" version="1" changeset="26633975" timestamp="2014-11-08T03:33:08Z" user="dmgroom_ct" uid="437598" lat="27.0628898" lon="55.9234451">
  <tag k="power" v="tower"/>
 </node>
 <node id="3174065242" visible="true" version="1" changeset="26633975" timestamp="2014-11-08T03:33:08Z" user="dmgroom_ct" uid="437598" lat="27.0630839" lon="55.9541986">
  <tag k="power" v="tower"/>
 </node>
 <node id="3174065243" visible="true" version="1" changeset="26633975" timestamp="2014-11-08T03:33:08Z" user="dmgroom_ct" uid="437598" lat="27.0632005" lon="55.7815854">
  <tag k="power" v="tower"/>
 </node>
 <node id="3174065244" visible="true" version="1" changeset="26633975" timestamp="2014-11-08T03:33:08Z" user="dmgroom_ct" uid="437598" lat="27.0634583" lon="55.9206040">
  <tag k="power" v="tower"/>
 </node>
 <node id="3174065246" visible="true" version="1" changeset="26633975" timestamp="2014-11-08T03:33:08Z" user="dmgroom_ct" uid="437598" lat="27.0638897" lon="55.7845560">
  <tag k="power" v="tower"/>
 </node>
 <node id="3174065247" visible="true" version="1" changeset="26633975" timestamp="2014-11-08T03:33:08Z" user="dmgroom_ct" uid="437598" lat="27.0639985" lon="55.9659433">
  <tag k="power" v="tower"/>
 </node>
 <node id="3174065248" visible="true" version="1" changeset="26633975" timestamp="2014-11-08T03:33:08Z" user="dmgroom_ct" uid="437598" lat="27.0643510" lon="55.9569718">
  <tag k="power" v="tower"/>
 </node>
 <node id="3174065250" visible="true" version="2" changeset="165600139" timestamp="2025-04-29T16:22:32Z" user="Hamid Reza Bahrami" uid="9570342" lat="27.0645096" lon="55.9166755">
  <tag k="power" v="tower"/>
 </node>
 <node id="3174065252" visible="true" version="1" changeset="26633975" timestamp="2014-11-08T03:33:08Z" user="dmgroom_ct" uid="437598" lat="27.0655754" lon="55.9128120">
  <tag k="power" v="tower"/>
 </node>
 <node id="3174065253" visible="true" version="1" changeset="26633975" timestamp="2014-11-08T03:33:08Z" user="dmgroom_ct" uid="437598" lat="27.0656573" lon="55.7892792">
  <tag k="power" v="tower"/>
 </node>
 <node id="3174065254" visible="true" version="1" changeset="26633975" timestamp="2014-11-08T03:33:08Z" user="dmgroom_ct" uid="437598" lat="27.0658284" lon="55.9659215">
  <tag k="power" v="tower"/>
 </node>
 <node id="3174065256" visible="true" version="1" changeset="26633975" timestamp="2014-11-08T03:33:08Z" user="dmgroom_ct" uid="437598" lat="27.0662520" lon="55.9609341">
  <tag k="power" v="tower"/>
 </node>
 <node id="3174065258" visible="true" version="1" changeset="26633975" timestamp="2014-11-08T03:33:08Z" user="dmgroom_ct" uid="437598" lat="27.0666236" lon="55.9089095">
  <tag k="power" v="tower"/>
 </node>
 <node id="3174065259" visible="true" version="1" changeset="26633975" timestamp="2014-11-08T03:33:08Z" user="dmgroom_ct" uid="437598" lat="27.0669472" lon="55.7932532">
  <tag k="power" v="tower"/>
 </node>
 <node id="3174065260" visible="true" version="1" changeset="26633975" timestamp="2014-11-08T03:33:08Z" user="dmgroom_ct" uid="437598" lat="27.0673961" lon="55.9634001">
  <tag k="power" v="tower"/>
 </node>
 <node id="3174065262" visible="true" version="1" changeset="26633975" timestamp="2014-11-08T03:33:08Z" user="dmgroom_ct" uid="437598" lat="27.0676363" lon="55.9051826">
  <tag k="power" v="tower"/>
 </node>
 <node id="3174065263" visible="true" version="1" changeset="26633975" timestamp="2014-11-08T03:33:08Z" user="dmgroom_ct" uid="437598" lat="27.0676618" lon="55.9679905">
  <tag k="power" v="tower"/>
 </node>
 <node id="3174065264" visible="true" version="1" changeset="26633975" timestamp="2014-11-08T03:33:08Z" user="dmgroom_ct" uid="437598" lat="27.0681381" lon="55.7969460">
  <tag k="power" v="tower"/>
 </node>
 <node id="3174065265" visible="true" version="1" changeset="26633975" timestamp="2014-11-08T03:33:08Z" user="dmgroom_ct" uid="437598" lat="27.0684322" lon="55.9023495">
  <tag k="power" v="tower"/>
 </node>
 <node id="3174065267" visible="true" version="1" changeset="26633975" timestamp="2014-11-08T03:33:08Z" user="dmgroom_ct" uid="437598" lat="27.0693089" lon="55.8006451">
  <tag k="power" v="tower"/>
 </node>
 <node id="3174065268" visible="true" version="1" changeset="26633975" timestamp="2014-11-08T03:33:08Z" user="dmgroom_ct" uid="437598" lat="27.0694491" lon="55.9699617">
  <tag k="power" v="tower"/>
 </node>
 <node id="3174065269" visible="true" version="1" changeset="26633975" timestamp="2014-11-08T03:33:08Z" user="dmgroom_ct" uid="437598" lat="27.0695124" lon="55.8993528">
  <tag k="power" v="tower"/>
 </node>
 <node id="3174065270" visible="true" version="1" changeset="26633975" timestamp="2014-11-08T03:33:08Z" user="dmgroom_ct" uid="437598" lat="27.0695241" lon="55.9678346">
  <tag k="power" v="tower"/>
 </node>
 <node id="3174065272" visible="true" version="1" changeset="26633975" timestamp="2014-11-08T03:33:08Z" user="dmgroom_ct" uid="437598" lat="27.0698658" lon="55.9712390">
  <tag k="power" v="tower"/>
 </node>
 <node id="3174065273" visible="true" version="1" changeset="26633975" timestamp="2014-11-08T03:33:08Z" user="dmgroom_ct" uid="437598" lat="27.0704184" lon="55.8963162">
  <tag k="power" v="tower"/>
 </node>
 <node id="3174065274" visible="true" version="1" changeset="26633975" timestamp="2014-11-08T03:33:08Z" user="dmgroom_ct" uid="437598" lat="27.0704470" lon="55.8041861">
  <tag k="power" v="tower"/>
 </node>
 <node id="3174065276" visible="true" version="1" changeset="26633975" timestamp="2014-11-08T03:33:09Z" user="dmgroom_ct" uid="437598" lat="27.0712996" lon="55.8932717">
  <tag k="power" v="tower"/>
 </node>
 <node id="3174065277" visible="true" version="1" changeset="26633975" timestamp="2014-11-08T03:33:09Z" user="dmgroom_ct" uid="437598" lat="27.0713322" lon="55.9720167">
  <tag k="power" v="tower"/>
 </node>
 <node id="3174065278" visible="true" version="1" changeset="26633975" timestamp="2014-11-08T03:33:09Z" user="dmgroom_ct" uid="437598" lat="27.0713896" lon="55.9741710">
  <tag k="power" v="tower"/>
 </node>
 <node id="3174065279" visible="true" version="1" changeset="26633975" timestamp="2014-11-08T03:33:09Z" user="dmgroom_ct" uid="437598" lat="27.0716530" lon="55.8079077">
  <tag k="power" v="tower"/>
 </node>
 <node id="3174065281" visible="true" version="1" changeset="26633975" timestamp="2014-11-08T03:33:09Z" user="dmgroom_ct" uid="437598" lat="27.0721737" lon="55.8902470">
  <tag k="power" v="tower"/>
 </node>
 <node id="3174065282" visible="true" version="1" changeset="26633975" timestamp="2014-11-08T03:33:09Z" user="dmgroom_ct" uid="437598" lat="27.0723066" lon="55.9742453">
  <tag k="power" v="tower"/>
 </node>
 <node id="3174065283" visible="true" version="1" changeset="26633975" timestamp="2014-11-08T03:33:09Z" user="dmgroom_ct" uid="437598" lat="27.0729218" lon="55.8117422">
  <tag k="power" v="tower"/>
 </node>
 <node id="3174065284" visible="true" version="1" changeset="26633975" timestamp="2014-11-08T03:33:09Z" user="dmgroom_ct" uid="437598" lat="27.0729649" lon="55.9771647">
  <tag k="power" v="tower"/>
 </node>
 <node id="3174065286" visible="true" version="1" changeset="26633975" timestamp="2014-11-08T03:33:09Z" user="dmgroom_ct" uid="437598" lat="27.0730619" lon="55.8872903">
  <tag k="power" v="tower"/>
 </node>
 <node id="3174065287" visible="true" version="1" changeset="26633975" timestamp="2014-11-08T03:33:09Z" user="dmgroom_ct" uid="437598" lat="27.0733970" lon="55.9766766">
  <tag k="power" v="tower"/>
 </node>
 <node id="3174065288" visible="true" version="1" changeset="26633975" timestamp="2014-11-08T03:33:09Z" user="dmgroom_ct" uid="437598" lat="27.0734622" lon="55.9737610"/>
 <node id="3174065289" visible="true" version="1" changeset="26633975" timestamp="2014-11-08T03:33:09Z" user="dmgroom_ct" uid="437598" lat="27.0739289" lon="55.8842976">
  <tag k="power" v="tower"/>
 </node>
 <node id="3174065290" visible="true" version="1" changeset="26633975" timestamp="2014-11-08T03:33:09Z" user="dmgroom_ct" uid="437598" lat="27.0739396" lon="55.9746977"/>
 <node id="3174065291" visible="true" version="1" changeset="26633975" timestamp="2014-11-08T03:33:09Z" user="dmgroom_ct" uid="437598" lat="27.0740489" lon="55.8151556">
  <tag k="power" v="tower"/>
 </node>
 <node id="3174065293" visible="true" version="1" changeset="26633975" timestamp="2014-11-08T03:33:09Z" user="dmgroom_ct" uid="437598" lat="27.0742914" lon="55.9797577">
  <tag k="power" v="tower"/>
 </node>
 <node id="3174065294" visible="true" version="1" changeset="26633975" timestamp="2014-11-08T03:33:09Z" user="dmgroom_ct" uid="437598" lat="27.0744974" lon="55.9791539">
  <tag k="power" v="tower"/>
 </node>
 <node id="3174065295" visible="true" version="1" changeset="26633975" timestamp="2014-11-08T03:33:09Z" user="dmgroom_ct" uid="437598" lat="27.0747338" lon="55.8815037">
  <tag k="power" v="tower"/>
 </node>
 <node id="3174065296" visible="true" version="1" changeset="26633975" timestamp="2014-11-08T03:33:09Z" user="dmgroom_ct" uid="437598" lat="27.0748042" lon="55.8787978">
  <tag k="power" v="tower"/>
 </node>
 <node id="3174065297" visible="true" version="1" changeset="26633975" timestamp="2014-11-08T03:33:09Z" user="dmgroom_ct" uid="437598" lat="27.0748369" lon="55.8766252">
  <tag k="power" v="tower"/>
 </node>
 <node id="3174065298" visible="true" version="1" changeset="26633975" timestamp="2014-11-08T03:33:09Z" user="dmgroom_ct" uid="437598" lat="27.0748880" lon="55.8177430">
  <tag k="power" v="tower"/>
 </node>
 <node id="3174065299" visible="true" version="1" changeset="26633975" timestamp="2014-11-08T03:33:09Z" user="dmgroom_ct" uid="437598" lat="27.0748997" lon="55.8734933">
  <tag k="power" v="tower"/>
 </node>
 <node id="3174065300" visible="true" version="1" changeset="26633975" timestamp="2014-11-08T03:33:09Z" user="dmgroom_ct" uid="437598" lat="27.0749826" lon="55.8704686">
  <tag k="power" v="tower"/>
 </node>
 <node id="3174065301" visible="true" version="1" changeset="26633975" timestamp="2014-11-08T03:33:10Z" user="dmgroom_ct" uid="437598" lat="27.0750404" lon="55.8672154">
  <tag k="power" v="tower"/>
 </node>
 <node id="3174065302" visible="true" version="1" changeset="26633975" timestamp="2014-11-08T03:33:10Z" user="dmgroom_ct" uid="437598" lat="27.0751233" lon="55.8636236">
  <tag k="power" v="tower"/>
 </node>
 <node id="3174065303" visible="true" version="1" changeset="26633975" timestamp="2014-11-08T03:33:10Z" user="dmgroom_ct" uid="437598" lat="27.0751331" lon="55.9821899">
  <tag k="power" v="tower"/>
 </node>
 <node id="3174065304" visible="true" version="1" changeset="26633975" timestamp="2014-11-08T03:33:10Z" user="dmgroom_ct" uid="437598" lat="27.0751685" lon="55.8600346">
  <tag k="power" v="tower"/>
 </node>
 <node id="3174065305" visible="true" version="1" changeset="26633975" timestamp="2014-11-08T03:33:10Z" user="dmgroom_ct" uid="437598" lat="27.0752614" lon="55.8564766">
  <tag k="power" v="tower"/>
 </node>
 <node id="3174065306" visible="true" version="1" changeset="26633975" timestamp="2014-11-08T03:33:10Z" user="dmgroom_ct" uid="437598" lat="27.0752812" lon="55.9796806"/>
 <node id="3174065307" visible="true" version="1" changeset="26633975" timestamp="2014-11-08T03:33:10Z" user="dmgroom_ct" uid="437598" lat="27.0753142" lon="55.8526985">
  <tag k="power" v="tower"/>
 </node>
 <node id="3174065309" visible="true" version="1" changeset="26633975" timestamp="2014-11-08T03:33:10Z" user="dmgroom_ct" uid="437598" lat="27.0753872" lon="55.8490741">
  <tag k="power" v="tower"/>
 </node>
 <node id="3174065310" visible="true" version="1" changeset="26633975" timestamp="2014-11-08T03:33:10Z" user="dmgroom_ct" uid="437598" lat="27.0754555" lon="55.8456859">
  <tag k="power" v="tower"/>
 </node>
 <node id="3174065311" visible="true" version="1" changeset="26633975" timestamp="2014-11-08T03:33:10Z" user="dmgroom_ct" uid="437598" lat="27.0755203" lon="55.8424695">
  <tag k="power" v="tower"/>
 </node>
 <node id="3174065312" visible="true" version="1" changeset="26633975" timestamp="2014-11-08T03:33:10Z" user="dmgroom_ct" uid="437598" lat="27.0755968" lon="55.8386752">
  <tag k="power" v="tower"/>
 </node>
 <node id="3174065313" visible="true" version="1" changeset="26633975" timestamp="2014-11-08T03:33:10Z" user="dmgroom_ct" uid="437598" lat="27.0756128" lon="55.9791332"/>
 <node id="3174065314" visible="true" version="1" changeset="26633975" timestamp="2014-11-08T03:33:10Z" user="dmgroom_ct" uid="437598" lat="27.0756380" lon="55.9816622">
  <tag k="power" v="tower"/>
 </node>
 <node id="3174065315" visible="true" version="1" changeset="26633975" timestamp="2014-11-08T03:33:10Z" user="dmgroom_ct" uid="437598" lat="27.0756683" lon="55.8351241">
  <tag k="power" v="tower"/>
 </node>
 <node id="3174065317" visible="true" version="1" changeset="26633975" timestamp="2014-11-08T03:33:10Z" user="dmgroom_ct" uid="437598" lat="27.0757366" lon="55.8317376">
  <tag k="power" v="tower"/>
 </node>
 <node id="3174065319" visible="true" version="1" changeset="26633975" timestamp="2014-11-08T03:33:10Z" user="dmgroom_ct" uid="437598" lat="27.0758233" lon="55.8281966">
  <tag k="power" v="tower"/>
 </node>
 <node id="3174065320" visible="true" version="1" changeset="26633975" timestamp="2014-11-08T03:33:10Z" user="dmgroom_ct" uid="437598" lat="27.0758766" lon="55.8245574">
  <tag k="power" v="tower"/>
 </node>
 <node id="3174065322" visible="true" version="1" changeset="26633975" timestamp="2014-11-08T03:33:10Z" user="dmgroom_ct" uid="437598" lat="27.0759406" lon="55.8210300">
  <tag k="power" v="tower"/>
 </node>
 <node id="3174065325" visible="true" version="1" changeset="26633975" timestamp="2014-11-08T03:33:10Z" user="dmgroom_ct" uid="437598" lat="27.0761260" lon="55.9850383">
  <tag k="power" v="tower"/>
 </node>
 <node id="3174065330" visible="true" version="2" changeset="132100256" timestamp="2023-02-05T08:20:52Z" user="Saeed SJ" uid="9998669" lat="27.0763872" lon="55.9813599"/>
 <node id="3174065333" visible="true" version="1" changeset="26633975" timestamp="2014-11-08T03:33:10Z" user="dmgroom_ct" uid="437598" lat="27.0765499" lon="55.9836223">
  <tag k="power" v="tower"/>
 </node>
 <node id="3174065335" visible="true" version="1" changeset="26633975" timestamp="2014-11-08T03:33:10Z" user="dmgroom_ct" uid="437598" lat="27.0770096" lon="55.9824513"/>
 <node id="3174065336" visible="true" version="1" changeset="26633975" timestamp="2014-11-08T03:33:10Z" user="dmgroom_ct" uid="437598" lat="27.0771022" lon="55.9841662"/>
 <node id="3174065337" visible="true" version="1" changeset="26633975" timestamp="2014-11-08T03:33:10Z" user="dmgroom_ct" uid="437598" lat="27.0775900" lon="55.9848158"/>
 <node id="3174065338" visible="true" version="1" changeset="26633975" timestamp="2014-11-08T03:33:10Z" user="dmgroom_ct" uid="437598" lat="27.0780723" lon="55.9857779"/>
 <node id="3174065339" visible="true" version="1" changeset="26633975" timestamp="2014-11-08T03:33:11Z" user="dmgroom_ct" uid="437598" lat="27.0780799" lon="55.9853237"/>
 <node id="3174065341" visible="true" version="1" changeset="26633975" timestamp="2014-11-08T03:33:11Z" user="dmgroom_ct" uid="437598" lat="27.0781603" lon="55.9856481"/>
 <node id="3174065342" visible="true" version="2" changeset="122165432" timestamp="2022-06-09T13:02:47Z" user="lorenzo23622" uid="476483" lat="27.0781489" lon="55.9854118"/>
 <node id="3174065343" visible="true" version="2" changeset="122165432" timestamp="2022-06-09T13:02:47Z" user="lorenzo23622" uid="476483" lat="27.0781809" lon="55.9855269"/>
 <node id="3174065344" visible="true" version="1" changeset="26633975" timestamp="2014-11-08T03:33:11Z" user="dmgroom_ct" uid="437598" lat="27.0783964" lon="55.9862816">
  <tag k="power" v="tower"/>
 </node>
 <node id="3174065345" visible="true" version="1" changeset="26633975" timestamp="2014-11-08T03:33:11Z" user="dmgroom_ct" uid="437598" lat="27.0786175" lon="55.9843248"/>
 <node id="3174065346" visible="true" version="1" changeset="26633975" timestamp="2014-11-08T03:33:11Z" user="dmgroom_ct" uid="437598" lat="27.0786828" lon="55.9849625">
  <tag k="power" v="tower"/>
 </node>
 <node id="3174065349" visible="true" version="1" changeset="26633975" timestamp="2014-11-08T03:33:11Z" user="dmgroom_ct" uid="437598" lat="27.0799942" lon="55.9851995"/>
 <node id="3174065350" visible="true" version="1" changeset="26633975" timestamp="2014-11-08T03:33:11Z" user="dmgroom_ct" uid="437598" lat="27.0805670" lon="55.9861334">
  <tag k="power" v="tower"/>
 </node>
 <node id="3174065351" visible="true" version="1" changeset="26633975" timestamp="2014-11-08T03:33:11Z" user="dmgroom_ct" uid="437598" lat="27.0809991" lon="55.9856340"/>
 <node id="3174065353" visible="true" version="1" changeset="26633975" timestamp="2014-11-08T03:33:11Z" user="dmgroom_ct" uid="437598" lat="27.0816523" lon="55.9880620">
  <tag k="power" v="tower"/>
 </node>
 <node id="3174065355" visible="true" version="1" changeset="26633975" timestamp="2014-11-08T03:33:11Z" user="dmgroom_ct" uid="437598" lat="27.0818206" lon="55.9876232">
  <tag k="power" v="tower"/>
 </node>
 <node id="3174065356" visible="true" version="1" changeset="26633975" timestamp="2014-11-08T03:33:11Z" user="dmgroom_ct" uid="437598" lat="27.0826169" lon="55.9900653">
  <tag k="power" v="tower"/>
 </node>
 <node id="3174065357" visible="true" version="1" changeset="26633975" timestamp="2014-11-08T03:33:11Z" user="dmgroom_ct" uid="437598" lat="27.0826722" lon="55.9863507"/>
 <node id="3174065364" visible="true" version="1" changeset="26633975" timestamp="2014-11-08T03:33:11Z" user="dmgroom_ct" uid="437598" lat="27.0844759" lon="55.9871520"/>
 <node id="3174065368" visible="true" version="2" changeset="29965386" timestamp="2015-04-04T05:27:35Z" user="jaimemd" uid="404532" lat="27.0857764" lon="55.9882757"/>
 <node id="3174065370" visible="true" version="1" changeset="26633975" timestamp="2014-11-08T03:33:11Z" user="dmgroom_ct" uid="437598" lat="27.0866413" lon="55.9894600"/>
 <node id="3174065374" visible="true" version="2" changeset="29965386" timestamp="2015-04-04T05:27:35Z" user="jaimemd" uid="404532" lat="27.0878285" lon="55.9935842"/>
 <node id="3174065394" visible="true" version="1" changeset="26633975" timestamp="2014-11-08T03:33:12Z" user="dmgroom_ct" uid="437598" lat="27.0982136" lon="56.0185093"/>
 <node id="3174065398" visible="true" version="1" changeset="26633975" timestamp="2014-11-08T03:33:12Z" user="dmgroom_ct" uid="437598" lat="27.0988666" lon="56.0196682"/>
 <node id="3174065400" visible="true" version="2" changeset="29965307" timestamp="2015-04-04T05:17:58Z" user="jaimemd" uid="404532" lat="27.0994288" lon="56.0203883"/>
 <node id="3174708534" visible="true" version="1" changeset="26640511" timestamp="2014-11-08T12:42:35Z" user="dmgroom_ct" uid="437598" lat="27.0611917" lon="55.9406617"/>
 <node id="3174708535" visible="true" version="2" changeset="54530248" timestamp="2017-12-11T05:47:49Z" user="lvlahdi" uid="223057" lat="27.0611995" lon="55.9392801"/>
 <node id="3174708536" visible="true" version="2" changeset="54530248" timestamp="2017-12-11T05:47:49Z" user="lvlahdi" uid="223057" lat="27.0612673" lon="55.9384780"/>
 <node id="3174708537" visible="true" version="1" changeset="26640511" timestamp="2014-11-08T12:42:35Z" user="dmgroom_ct" uid="437598" lat="27.0613655" lon="55.9422199"/>
 <node id="3174708538" visible="true" version="2" changeset="54530248" timestamp="2017-12-11T05:47:49Z" user="lvlahdi" uid="223057" lat="27.0614602" lon="55.9373467"/>
 <node id="3174708539" visible="true" version="2" changeset="54530248" timestamp="2017-12-11T05:47:48Z" user="lvlahdi" uid="223057" lat="27.0616965" lon="55.9437088"/>
 <node id="3174708540" visible="true" version="2" changeset="54530248" timestamp="2017-12-11T05:47:49Z" user="lvlahdi" uid="223057" lat="27.0617673" lon="55.9361450"/>
 <node id="3174708541" visible="true" version="1" changeset="26640511" timestamp="2014-11-08T12:42:35Z" user="dmgroom_ct" uid="437598" lat="27.0621123" lon="55.9450743"/>
 <node id="3174708542" visible="true" version="2" changeset="54530248" timestamp="2017-12-11T05:47:49Z" user="lvlahdi" uid="223057" lat="27.0621881" lon="55.9349438"/>
 <node id="3174708543" visible="true" version="3" changeset="165602861" timestamp="2025-04-29T17:32:08Z" user="Hamid Reza Bahrami" uid="9570342" lat="27.0629632" lon="55.9478440"/>
 <node id="3174708544" visible="true" version="1" changeset="26640511" timestamp="2014-11-08T12:42:35Z" user="dmgroom_ct" uid="437598" lat="27.0630383" lon="55.9326537"/>
 <node id="3174708545" visible="true" version="2" changeset="54530248" timestamp="2017-12-11T05:47:48Z" user="lvlahdi" uid="223057" lat="27.0636083" lon="55.9502094"/>
 <node id="3174708546" visible="true" version="1" changeset="26640511" timestamp="2014-11-08T12:42:35Z" user="dmgroom_ct" uid="437598" lat="27.0637118" lon="55.9308636"/>
 <node id="3174708547" visible="true" version="2" changeset="54530248" timestamp="2017-12-11T05:47:48Z" user="lvlahdi" uid="223057" lat="27.0638471" lon="55.9514209"/>
 <node id="3174708548" visible="true" version="2" changeset="54530248" timestamp="2017-12-11T05:47:48Z" user="lvlahdi" uid="223057" lat="27.0639664" lon="55.9524206"/>
 <node id="3174708549" visible="true" version="2" changeset="54530248" timestamp="2017-12-11T05:47:48Z" user="lvlahdi" uid="223057" lat="27.0640109" lon="55.9531185"/>
 <node id="3174708550" visible="true" version="2" changeset="54530248" timestamp="2017-12-11T05:47:48Z" user="lvlahdi" uid="223057" lat="27.0640663" lon="55.9538782"/>
 <node id="3174708551" visible="true" version="1" changeset="26640511" timestamp="2014-11-08T12:42:35Z" user="dmgroom_ct" uid="437598" lat="27.0642413" lon="55.9291834"/>
 <node id="3174708552" visible="true" version="2" changeset="54530248" timestamp="2017-12-11T05:47:48Z" user="lvlahdi" uid="223057" lat="27.0643043" lon="55.9549439"/>
 <node id="3174708553" visible="true" version="1" changeset="26640511" timestamp="2014-11-08T12:42:35Z" user="dmgroom_ct" uid="437598" lat="27.0644748" lon="55.9281648"/>
 <node id="3174708554" visible="true" version="1" changeset="26640511" timestamp="2014-11-08T12:42:36Z" user="dmgroom_ct" uid="437598" lat="27.0646052" lon="55.9272561"/>
 <node id="3174708555" visible="true" version="1" changeset="26640511" timestamp="2014-11-08T12:42:36Z" user="dmgroom_ct" uid="437598" lat="27.0646975" lon="55.9264876"/>
 <node id="3174708556" visible="true" version="1" changeset="26640511" timestamp="2014-11-08T12:42:36Z" user="dmgroom_ct" uid="437598" lat="27.0648632" lon="55.9241822"/>
 <node id="3174708557" visible="true" version="1" changeset="26640511" timestamp="2014-11-08T12:42:36Z" user="dmgroom_ct" uid="437598" lat="27.0650207" lon="55.9216176"/>
 <node id="3174708558" visible="true" version="1" changeset="26640511" timestamp="2014-11-08T12:42:36Z" user="dmgroom_ct" uid="437598" lat="27.0651564" lon="55.9203764"/>
 <node id="3174708559" visible="true" version="2" changeset="54530248" timestamp="2017-12-11T05:47:48Z" user="lvlahdi" uid="223057" lat="27.0653700" lon="55.9590182"/>
 <node id="3174708560" visible="true" version="1" changeset="26640511" timestamp="2014-11-08T12:42:36Z" user="dmgroom_ct" uid="437598" lat="27.0654253" lon="55.9186047"/>
 <node id="3174708661" visible="true" version="1" changeset="26640511" timestamp="2014-11-08T12:42:36Z" user="dmgroom_ct" uid="437598" lat="27.0660187" lon="55.9609003"/>
 <node id="3174708662" visible="true" version="1" changeset="26640511" timestamp="2014-11-08T12:42:36Z" user="dmgroom_ct" uid="437598" lat="27.0662698" lon="55.9149544"/>
 <node id="3174708663" visible="true" version="1" changeset="26640511" timestamp="2014-11-08T12:42:36Z" user="dmgroom_ct" uid="437598" lat="27.0663318" lon="55.9633239"/>
 <node id="3174708664" visible="true" version="1" changeset="26640511" timestamp="2014-11-08T12:42:36Z" user="dmgroom_ct" uid="437598" lat="27.0663350" lon="55.9619719"/>
 <node id="3174708665" visible="true" version="1" changeset="26640511" timestamp="2014-11-08T12:42:36Z" user="dmgroom_ct" uid="437598" lat="27.0664142" lon="55.9632534"/>
 <node id="3174708666" visible="true" version="2" changeset="45847481" timestamp="2017-02-06T07:07:00Z" user="geoaria" uid="1858958" lat="27.0665283" lon="55.9632573"/>
 <node id="3174708667" visible="true" version="1" changeset="26640511" timestamp="2014-11-08T12:42:36Z" user="dmgroom_ct" uid="437598" lat="27.0665875" lon="55.9136919"/>
 <node id="3174708668" visible="true" version="3" changeset="54530248" timestamp="2017-12-11T05:47:48Z" user="lvlahdi" uid="223057" lat="27.0668568" lon="55.9637185"/>
 <node id="3174708669" visible="true" version="1" changeset="26640511" timestamp="2014-11-08T12:42:36Z" user="dmgroom_ct" uid="437598" lat="27.0669460" lon="55.9128015"/>
 <node id="3174708670" visible="true" version="1" changeset="26640511" timestamp="2014-11-08T12:42:36Z" user="dmgroom_ct" uid="437598" lat="27.0672202" lon="55.9122465"/>
 <node id="3174708671" visible="true" version="1" changeset="26640511" timestamp="2014-11-08T12:42:36Z" user="dmgroom_ct" uid="437598" lat="27.0677308" lon="55.9114414"/>
 <node id="3174708672" visible="true" version="2" changeset="134440683" timestamp="2023-04-03T07:25:14Z" user="AhmadHB" uid="10182045" lat="27.0683658" lon="55.9106225"/>
 <node id="3174708673" visible="true" version="2" changeset="134440683" timestamp="2023-04-03T07:25:14Z" user="AhmadHB" uid="10182045" lat="27.0689730" lon="55.9099370"/>
 <node id="3174708674" visible="true" version="1" changeset="26640511" timestamp="2014-11-08T12:42:36Z" user="dmgroom_ct" uid="437598" lat="27.0693868" lon="55.9091679"/>
 <node id="3174708675" visible="true" version="2" changeset="134440683" timestamp="2023-04-03T07:25:14Z" user="AhmadHB" uid="10182045" lat="27.0698053" lon="55.9090633"/>
 <node id="3174708676" visible="true" version="2" changeset="134440683" timestamp="2023-04-03T07:25:14Z" user="AhmadHB" uid="10182045" lat="27.0701114" lon="55.9087363"/>
 <node id="3174708677" visible="true" version="2" changeset="134440683" timestamp="2023-04-03T07:25:14Z" user="AhmadHB" uid="10182045" lat="27.0704705" lon="55.9083854"/>
 <node id="3174708678" visible="true" version="1" changeset="26640511" timestamp="2014-11-08T12:42:36Z" user="dmgroom_ct" uid="437598" lat="27.0707622" lon="55.9081799"/>
 <node id="3174708679" visible="true" version="2" changeset="134440683" timestamp="2023-04-03T07:25:14Z" user="AhmadHB" uid="10182045" lat="27.0715350" lon="55.9074652"/>
 <node id="3174708680" visible="true" version="2" changeset="134440683" timestamp="2023-04-03T07:25:14Z" user="AhmadHB" uid="10182045" lat="27.0715473" lon="55.9076664"/>
 <node id="3174708681" visible="true" version="2" changeset="134440683" timestamp="2023-04-03T07:25:14Z" user="AhmadHB" uid="10182045" lat="27.0726116" lon="55.9071399"/>
 <node id="3174708682" visible="true" version="1" changeset="26640511" timestamp="2014-11-08T12:42:36Z" user="dmgroom_ct" uid="437598" lat="27.0758100" lon="55.9055055"/>
 <node id="3174708683" visible="true" version="2" changeset="134440683" timestamp="2023-04-03T07:25:14Z" user="AhmadHB" uid="10182045" lat="27.0776317" lon="55.9044153"/>
 <node id="3174708684" visible="true" version="2" changeset="134440683" timestamp="2023-04-03T07:25:14Z" user="AhmadHB" uid="10182045" lat="27.0773215" lon="55.9047412"/>
 <node id="3174708685" visible="true" version="1" changeset="26640511" timestamp="2014-11-08T12:42:36Z" user="dmgroom_ct" uid="437598" lat="27.0785484" lon="55.9038283"/>
 <node id="3174708686" visible="true" version="2" changeset="134440683" timestamp="2023-04-03T07:25:14Z" user="AhmadHB" uid="10182045" lat="27.0785896" lon="55.9039734"/>
 <node id="3174708687" visible="true" version="2" changeset="134440683" timestamp="2023-04-03T07:25:14Z" user="AhmadHB" uid="10182045" lat="27.0788999" lon="55.9037686"/>
 <node id="3174708688" visible="true" version="2" changeset="134440683" timestamp="2023-04-03T07:25:14Z" user="AhmadHB" uid="10182045" lat="27.0801269" lon="55.9026541"/>
 <node id="3174708689" visible="true" version="1" changeset="26640511" timestamp="2014-11-08T12:42:36Z" user="dmgroom_ct" uid="437598" lat="27.0799426" lon="55.9029835"/>
 <node id="3174708690" visible="true" version="1" changeset="26640511" timestamp="2014-11-08T12:42:36Z" user="dmgroom_ct" uid="437598" lat="27.0810449" lon="55.9020016"/>
 <node id="3174708691" visible="true" version="1" changeset="26640511" timestamp="2014-11-08T12:42:36Z" user="dmgroom_ct" uid="437598" lat="27.0825464" lon="55.9003884"/>
 <node id="3174708692" visible="true" version="1" changeset="26640511" timestamp="2014-11-08T12:42:36Z" user="dmgroom_ct" uid="437598" lat="27.0837112" lon="55.8991686"/>
 <node id="3174708693" visible="true" version="1" changeset="26640511" timestamp="2014-11-08T12:42:36Z" user="dmgroom_ct" uid="437598" lat="27.0848298" lon="55.8979549"/>
 <node id="3174708694" visible="true" version="1" changeset="26640511" timestamp="2014-11-08T12:42:36Z" user="dmgroom_ct" uid="437598" lat="27.0855100" lon="55.8971255"/>
 <node id="3174708695" visible="true" version="1" changeset="26640511" timestamp="2014-11-08T12:42:36Z" user="dmgroom_ct" uid="437598" lat="27.0855710" lon="55.8972475"/>
 <node id="3174708696" visible="true" version="1" changeset="26640511" timestamp="2014-11-08T12:42:36Z" user="dmgroom_ct" uid="437598" lat="27.0863720" lon="55.8966284"/>
 <node id="3174708697" visible="true" version="1" changeset="26640511" timestamp="2014-11-08T12:42:36Z" user="dmgroom_ct" uid="437598" lat="27.0871580" lon="55.8959087"/>
 <node id="3174708698" visible="true" version="1" changeset="26640511" timestamp="2014-11-08T12:42:36Z" user="dmgroom_ct" uid="437598" lat="27.0872163" lon="55.8960734"/>
 <node id="3174708699" visible="true" version="1" changeset="26640511" timestamp="2014-11-08T12:42:36Z" user="dmgroom_ct" uid="437598" lat="27.0884788" lon="55.8954178"/>
 <node id="3174708700" visible="true" version="1" changeset="26640511" timestamp="2014-11-08T12:42:36Z" user="dmgroom_ct" uid="437598" lat="27.0891671" lon="55.8948140"/>
 <node id="3174708701" visible="true" version="1" changeset="26640511" timestamp="2014-11-08T12:42:36Z" user="dmgroom_ct" uid="437598" lat="27.0892281" lon="55.8950244"/>
 <node id="3174708702" visible="true" version="2" changeset="45847481" timestamp="2017-02-06T07:07:00Z" user="geoaria" uid="1858958" lat="27.0900344" lon="55.8945687"/>
 <node id="3174708703" visible="true" version="1" changeset="26640511" timestamp="2014-11-08T12:42:36Z" user="dmgroom_ct" uid="437598" lat="27.0907526" lon="55.8939662"/>
 <node id="3174708704" visible="true" version="2" changeset="45847481" timestamp="2017-02-06T07:07:00Z" user="geoaria" uid="1858958" lat="27.0908631" lon="55.8941328"/>
 <node id="3174708705" visible="true" version="1" changeset="26640511" timestamp="2014-11-08T12:42:36Z" user="dmgroom_ct" uid="437598" lat="27.0917150" lon="55.8936734"/>
 <node id="3174708706" visible="true" version="1" changeset="26640511" timestamp="2014-11-08T12:42:36Z" user="dmgroom_ct" uid="437598" lat="27.0923367" lon="55.8934295"/>
 <node id="3174708707" visible="true" version="1" changeset="26640511" timestamp="2014-11-08T12:42:36Z" user="dmgroom_ct" uid="437598" lat="27.0929286" lon="55.8932740"/>
 <node id="3174708708" visible="true" version="2" changeset="80621220" timestamp="2020-02-06T05:59:24Z" user="fereydoon555" uid="9543799" lat="27.0934665" lon="55.8930031"/>
 <node id="3174708709" visible="true" version="1" changeset="26640511" timestamp="2014-11-08T12:42:37Z" user="dmgroom_ct" uid="437598" lat="27.0936480" lon="55.8931428"/>
 <node id="3174708710" visible="true" version="1" changeset="26640511" timestamp="2014-11-08T12:42:37Z" user="dmgroom_ct" uid="437598" lat="27.0946878" lon="55.8930605"/>
 <node id="3174708711" visible="true" version="1" changeset="26640511" timestamp="2014-11-08T12:42:37Z" user="dmgroom_ct" uid="437598" lat="27.0949050" lon="55.8928989"/>
 <node id="3174708712" visible="true" version="2" changeset="92791496" timestamp="2020-10-20T21:26:03Z" user="Afnui12" uid="10074686" lat="27.0960209" lon="55.8928546"/>
 <node id="3174708713" visible="true" version="1" changeset="26640511" timestamp="2014-11-08T12:42:37Z" user="dmgroom_ct" uid="437598" lat="27.0961293" lon="55.8929904"/>
 <node id="3174708714" visible="true" version="1" changeset="26640511" timestamp="2014-11-08T12:42:37Z" user="dmgroom_ct" uid="437598" lat="27.0967130" lon="55.8929507"/>
 <node id="3174708715" visible="true" version="1" changeset="26640511" timestamp="2014-11-08T12:42:37Z" user="dmgroom_ct" uid="437598" lat="27.0976035" lon="55.8927830"/>
 <node id="3174708716" visible="true" version="1" changeset="26640511" timestamp="2014-11-08T12:42:37Z" user="dmgroom_ct" uid="437598" lat="27.0984505" lon="55.8925299"/>
 <node id="3174708717" visible="true" version="1" changeset="26640511" timestamp="2014-11-08T12:42:37Z" user="dmgroom_ct" uid="437598" lat="27.0985482" lon="55.8923774"/>
 <node id="3174708718" visible="true" version="1" changeset="26640511" timestamp="2014-11-08T12:42:37Z" user="dmgroom_ct" uid="437598" lat="27.0991291" lon="55.8923073"/>
 <node id="3174708719" visible="true" version="1" changeset="26640511" timestamp="2014-11-08T12:42:37Z" user="dmgroom_ct" uid="437598" lat="27.0997454" lon="55.8920389"/>
 <node id="3174708720" visible="true" version="1" changeset="26640511" timestamp="2014-11-08T12:42:37Z" user="dmgroom_ct" uid="437598" lat="27.1002259" lon="55.8917523"/>
 <node id="3174708721" visible="true" version="1" changeset="26640511" timestamp="2014-11-08T12:42:37Z" user="dmgroom_ct" uid="437598" lat="27.1007091" lon="55.8914900"/>
 <node id="3174708722" visible="true" version="1" changeset="26640511" timestamp="2014-11-08T12:42:37Z" user="dmgroom_ct" uid="437598" lat="27.1014611" lon="55.8910265"/>
 <node id="3174708724" visible="true" version="1" changeset="26640511" timestamp="2014-11-08T12:42:37Z" user="dmgroom_ct" uid="437598" lat="27.1016918" lon="55.8907795"/>
 <node id="3174708725" visible="true" version="2" changeset="45847481" timestamp="2017-02-06T07:07:00Z" user="geoaria" uid="1858958" lat="27.1017789" lon="55.8903004"/>
 <node id="3174708726" visible="true" version="1" changeset="26640511" timestamp="2014-11-08T12:42:37Z" user="dmgroom_ct" uid="437598" lat="27.1017922" lon="55.8905599"/>
 <node id="3308929539" visible="true" version="4" changeset="105011185" timestamp="2021-05-20T08:24:04Z" user="CalleLaRonda" uid="10811018" lat="26.9736372" lon="55.7472172"/>
 <node id="3436461336" visible="true" version="1" changeset="29965263" timestamp="2015-04-04T05:10:53Z" user="jaimemd" uid="404532" lat="27.1043475" lon="56.0284384"/>
 <node id="3436461337" visible="true" version="1" changeset="29965263" timestamp="2015-04-04T05:10:53Z" user="jaimemd" uid="404532" lat="27.1053781" lon="56.0292610"/>
 <node id="3436461338" visible="true" version="1" changeset="29965263" timestamp="2015-04-04T05:10:53Z" user="jaimemd" uid="404532" lat="27.1076920" lon="56.0300201"/>
 <node id="3436461339" visible="true" version="2" changeset="64122671" timestamp="2018-11-02T17:57:40Z" user="Sal73x" uid="1293386" lat="27.1138121" lon="56.0259296"/>
 <node id="3436461340" visible="true" version="1" changeset="29965263" timestamp="2015-04-04T05:10:53Z" user="jaimemd" uid="404532" lat="27.1152890" lon="56.0282579"/>
 <node id="3436461341" visible="true" version="2" changeset="64122671" timestamp="2018-11-02T17:57:40Z" user="Sal73x" uid="1293386" lat="27.1165075" lon="56.0266439"/>
 <node id="3436461343" visible="true" version="1" changeset="29965263" timestamp="2015-04-04T05:10:53Z" user="jaimemd" uid="404532" lat="27.1171517" lon="56.0270613"/>
 <node id="3436461347" visible="true" version="1" changeset="29965263" timestamp="2015-04-04T05:10:53Z" user="jaimemd" uid="404532" lat="27.1176818" lon="56.0289693"/>
 <node id="3436461348" visible="true" version="1" changeset="29965263" timestamp="2015-04-04T05:10:53Z" user="jaimemd" uid="404532" lat="27.1179239" lon="56.0276624"/>
 <node id="3436461349" visible="true" version="1" changeset="29965263" timestamp="2015-04-04T05:10:53Z" user="jaimemd" uid="404532" lat="27.1187113" lon="56.0284563"/>
 <node id="3436461350" visible="true" version="1" changeset="29965263" timestamp="2015-04-04T05:10:53Z" user="jaimemd" uid="404532" lat="27.1193775" lon="56.0293579"/>
 <node id="3436461351" visible="true" version="1" changeset="29965263" timestamp="2015-04-04T05:10:53Z" user="jaimemd" uid="404532" lat="27.1198591" lon="56.0308541"/>
 <node id="3436469346" visible="true" version="1" changeset="29965307" timestamp="2015-04-04T05:17:55Z" user="jaimemd" uid="404532" lat="27.0895796" lon="56.0048548"/>
 <node id="3436469353" visible="true" version="1" changeset="29965307" timestamp="2015-04-04T05:17:55Z" user="jaimemd" uid="404532" lat="27.0901842" lon="56.0059957"/>
 <node id="3436469358" visible="true" version="1" changeset="29965307" timestamp="2015-04-04T05:17:55Z" user="jaimemd" uid="404532" lat="27.0913168" lon="56.0049968"/>
 <node id="3436469359" visible="true" version="2" changeset="145626796" timestamp="2023-12-28T16:04:36Z" user="Seandebasti" uid="550560" lat="27.0919012" lon="56.0086287"/>
 <node id="3436469361" visible="true" version="1" changeset="29965307" timestamp="2015-04-04T05:17:55Z" user="jaimemd" uid="404532" lat="27.0919774" lon="56.0058403"/>
 <node id="3436469363" visible="true" version="1" changeset="29965307" timestamp="2015-04-04T05:17:55Z" user="jaimemd" uid="404532" lat="27.0921045" lon="56.0088860"/>
 <node id="3436469371" visible="true" version="1" changeset="29965307" timestamp="2015-04-04T05:17:55Z" user="jaimemd" uid="404532" lat="27.0928130" lon="56.0074068"/>
 <node id="3436469373" visible="true" version="1" changeset="29965307" timestamp="2015-04-04T05:17:55Z" user="jaimemd" uid="404532" lat="27.0933811" lon="56.0108675"/>
 <node id="3436469374" visible="true" version="1" changeset="29965307" timestamp="2015-04-04T05:17:56Z" user="jaimemd" uid="404532" lat="27.0933946" lon="56.0088591"/>
 <node id="3436469375" visible="true" version="1" changeset="29965307" timestamp="2015-04-04T05:17:56Z" user="jaimemd" uid="404532" lat="27.0938914" lon="56.0102671"/>
 <node id="3436469376" visible="true" version="1" changeset="29965307" timestamp="2015-04-04T05:17:56Z" user="jaimemd" uid="404532" lat="27.0949334" lon="56.0133488"/>
 <node id="3436469379" visible="true" version="1" changeset="29965307" timestamp="2015-04-04T05:17:56Z" user="jaimemd" uid="404532" lat="27.0953700" lon="56.0126290"/>
 <node id="3436469387" visible="true" version="1" changeset="29965307" timestamp="2015-04-04T05:17:56Z" user="jaimemd" uid="404532" lat="27.0957646" lon="56.0131742"/>
 <node id="3436469388" visible="true" version="1" changeset="29965307" timestamp="2015-04-04T05:17:56Z" user="jaimemd" uid="404532" lat="27.0961416" lon="56.0137696"/>
 <node id="3436469389" visible="true" version="1" changeset="29965307" timestamp="2015-04-04T05:17:56Z" user="jaimemd" uid="404532" lat="27.0968203" lon="56.0151598"/>
 <node id="3436469390" visible="true" version="1" changeset="29965307" timestamp="2015-04-04T05:17:56Z" user="jaimemd" uid="404532" lat="27.0985210" lon="56.0190972"/>
 <node id="3436469391" visible="true" version="1" changeset="29965307" timestamp="2015-04-04T05:17:56Z" user="jaimemd" uid="404532" lat="27.1000021" lon="56.0210614"/>
 <node id="3436469392" visible="true" version="1" changeset="29965307" timestamp="2015-04-04T05:17:56Z" user="jaimemd" uid="404532" lat="27.1014592" lon="56.0224577"/>
 <node id="3436469393" visible="true" version="1" changeset="29965307" timestamp="2015-04-04T05:17:56Z" user="jaimemd" uid="404532" lat="27.1026580" lon="56.0234999"/>
 <node id="3436473020" visible="true" version="2" changeset="165602861" timestamp="2025-04-29T17:32:08Z" user="Hamid Reza Bahrami" uid="9570342" lat="27.0864232" lon="55.9914389"/>
 <node id="3436473024" visible="true" version="1" changeset="29965386" timestamp="2015-04-04T05:27:33Z" user="jaimemd" uid="404532" lat="27.0869272" lon="55.9961475"/>
 <node id="3436473025" visible="true" version="1" changeset="29965386" timestamp="2015-04-04T05:27:33Z" user="jaimemd" uid="404532" lat="27.0870280" lon="55.9945124"/>
 <node id="3436473026" visible="true" version="1" changeset="29965386" timestamp="2015-04-04T05:27:33Z" user="jaimemd" uid="404532" lat="27.0877545" lon="55.9927287"/>
 <node id="3436473027" visible="true" version="1" changeset="29965386" timestamp="2015-04-04T05:27:33Z" user="jaimemd" uid="404532" lat="27.0878618" lon="55.9964313"/>
 <node id="3436473028" visible="true" version="1" changeset="29965386" timestamp="2015-04-04T05:27:33Z" user="jaimemd" uid="404532" lat="27.0892047" lon="56.0013769"/>
 <node id="3436473029" visible="true" version="2" changeset="165493741" timestamp="2025-04-27T08:03:01Z" user="StefDeGreef" uid="1860737" lat="27.0895941" lon="56.0023735"/>
 <node id="3642362188" visible="true" version="2" changeset="42027081" timestamp="2016-09-09T14:56:45Z" user="Jean Passepartout" uid="1733149" lat="27.0584254" lon="55.9652640"/>
 <node id="3642362189" visible="true" version="2" changeset="42027081" timestamp="2016-09-09T14:56:44Z" user="Jean Passepartout" uid="1733149" lat="27.0582377" lon="55.9651911"/>
 <node id="3642362192" visible="true" version="2" changeset="136651065" timestamp="2023-05-28T10:28:12Z" user="s@jj@d" uid="14377768" lat="27.0587388" lon="55.9654551"/>
 <node id="3642366299" visible="true" version="4" changeset="136651065" timestamp="2023-05-28T10:28:12Z" user="s@jj@d" uid="14377768" lat="27.0580633" lon="55.9650607"/>
 <node id="3644980749" visible="true" version="1" changeset="32550865" timestamp="2015-07-10T18:59:31Z" user="karitotp" uid="2748195" lat="27.0649787" lon="55.9653931"/>
 <node id="3644980750" visible="true" version="1" changeset="32550865" timestamp="2015-07-10T18:59:31Z" user="karitotp" uid="2748195" lat="27.0656618" lon="55.9655364"/>
 <node id="3644980751" visible="true" version="1" changeset="32550865" timestamp="2015-07-10T18:59:31Z" user="karitotp" uid="2748195" lat="27.0660717" lon="55.9656680"/>
 <node id="4314044205" visible="true" version="1" changeset="40914602" timestamp="2016-07-21T08:34:04Z" user="hamid5300" uid="2324635" lat="27.0769701" lon="55.9823792"/>
 <node id="4314044206" visible="true" version="1" changeset="40914602" timestamp="2016-07-21T08:34:04Z" user="hamid5300" uid="2324635" lat="27.0767936" lon="55.9822728"/>
 <node id="4314044207" visible="true" version="1" changeset="40914602" timestamp="2016-07-21T08:34:04Z" user="hamid5300" uid="2324635" lat="27.0766272" lon="55.9822225"/>
 <node id="4314044208" visible="true" version="1" changeset="40914602" timestamp="2016-07-21T08:34:04Z" user="hamid5300" uid="2324635" lat="27.0764480" lon="55.9822441"/>
 <node id="4314044209" visible="true" version="1" changeset="40914602" timestamp="2016-07-21T08:34:04Z" user="hamid5300" uid="2324635" lat="27.0763328" lon="55.9823519"/>
 <node id="4314044210" visible="true" version="1" changeset="40914602" timestamp="2016-07-21T08:34:04Z" user="hamid5300" uid="2324635" lat="27.0763072" lon="55.9824813"/>
 <node id="4314044211" visible="true" version="1" changeset="40914602" timestamp="2016-07-21T08:34:04Z" user="hamid5300" uid="2324635" lat="27.0763480" lon="55.9827103"/>
 <node id="4314044220" visible="true" version="1" changeset="40914602" timestamp="2016-07-21T08:34:04Z" user="hamid5300" uid="2324635" lat="27.0806334" lon="55.9866832"/>
 <node id="4314044226" visible="true" version="1" changeset="40914602" timestamp="2016-07-21T08:34:04Z" user="hamid5300" uid="2324635" lat="27.0808504" lon="55.9855697"/>
 <node id="4314047068" visible="true" version="1" changeset="40914635" timestamp="2016-07-21T08:36:35Z" user="hamid5300" uid="2324635" lat="27.0823185" lon="55.9861992"/>
 <node id="4314047076" visible="true" version="1" changeset="40914635" timestamp="2016-07-21T08:36:35Z" user="hamid5300" uid="2324635" lat="27.0818669" lon="55.9872912"/>
 <node id="4314047080" visible="true" version="2" changeset="165602861" timestamp="2025-04-29T17:32:08Z" user="Hamid Reza Bahrami" uid="9570342" lat="27.0868505" lon="55.9928251"/>
 <node id="4314047082" visible="true" version="1" changeset="40914635" timestamp="2016-07-21T08:36:36Z" user="hamid5300" uid="2324635" lat="27.0885001" lon="56.0023933"/>
 <node id="4314047990" visible="true" version="1" changeset="40914635" timestamp="2016-07-21T08:36:36Z" user="hamid5300" uid="2324635" lat="27.0893970" lon="56.0018998"/>
 <node id="4339602049" visible="true" version="1" changeset="41301253" timestamp="2016-08-07T10:09:21Z" user="kiaraSh-Q" uid="2693232" lat="27.1204234" lon="56.0317699"/>
 <node id="4339602050" visible="true" version="1" changeset="41301253" timestamp="2016-08-07T10:09:21Z" user="kiaraSh-Q" uid="2693232" lat="27.1308061" lon="56.0541992"/>
 <node id="4339602051" visible="true" version="1" changeset="41301253" timestamp="2016-08-07T10:09:21Z" user="kiaraSh-Q" uid="2693232" lat="27.1310768" lon="56.0547908"/>
 <node id="4383132896" visible="true" version="2" changeset="64124865" timestamp="2018-11-02T19:15:49Z" user="Sal73x" uid="1293386" lat="27.0370301" lon="55.9662873"/>
 <node id="4383132989" visible="true" version="2" changeset="64124865" timestamp="2018-11-02T19:15:49Z" user="Sal73x" uid="1293386" lat="27.0381503" lon="55.9658306"/>
 <node id="4383133047" visible="true" version="2" changeset="64124865" timestamp="2018-11-02T19:15:49Z" user="Sal73x" uid="1293386" lat="27.0381353" lon="55.9656302"/>
 <node id="4383133113" visible="true" version="2" changeset="64124865" timestamp="2018-11-02T19:15:49Z" user="Sal73x" uid="1293386" lat="27.0401733" lon="55.9584390"/>
 <node id="4383133277" visible="true" version="2" changeset="64125067" timestamp="2018-11-02T19:22:58Z" user="Sal73x" uid="1293386" lat="27.0426569" lon="55.9584256"/>
 <node id="4383133297" visible="true" version="2" changeset="64125067" timestamp="2018-11-02T19:22:58Z" user="Sal73x" uid="1293386" lat="27.0426853" lon="55.9587677"/>
 <node id="4383133309" visible="true" version="1" changeset="41903446" timestamp="2016-09-04T09:34:14Z" user="Iran_Import" uid="4490436" lat="27.0431323" lon="55.9587394"/>
 <node id="4383133617" visible="true" version="2" changeset="64124865" timestamp="2018-11-02T19:15:49Z" user="Sal73x" uid="1293386" lat="27.0502879" lon="55.9847401"/>
 <node id="4393599202" visible="true" version="1" changeset="42027081" timestamp="2016-09-09T14:56:43Z" user="Jean Passepartout" uid="1733149" lat="27.0587417" lon="55.9653252"/>
 <node id="4393599210" visible="true" version="3" changeset="136651065" timestamp="2023-05-28T10:28:12Z" user="s@jj@d" uid="14377768" lat="27.0580836" lon="55.9656685"/>
 <node id="4395470867" visible="true" version="2" changeset="64124865" timestamp="2018-11-02T19:15:49Z" user="Sal73x" uid="1293386" lat="27.0500752" lon="55.9659611"/>
 <node id="4395470869" visible="true" version="2" changeset="64124865" timestamp="2018-11-02T19:15:49Z" user="Sal73x" uid="1293386" lat="27.0486182" lon="55.9683913"/>
 <node id="4395470873" visible="true" version="1" changeset="42068584" timestamp="2016-09-10T23:02:02Z" user="Jean Passepartout" uid="1733149" lat="27.0485459" lon="55.9658390"/>
 <node id="4607972874" visible="true" version="3" changeset="64125067" timestamp="2018-11-02T19:22:58Z" user="Sal73x" uid="1293386" lat="27.0305577" lon="55.9713561"/>
 <node id="4666703722" visible="true" version="1" changeset="45847481" timestamp="2017-02-06T07:07:00Z" user="geoaria" uid="1858958" lat="27.0996013" lon="55.8918299"/>
 <node id="4666703725" visible="true" version="1" changeset="45847481" timestamp="2017-02-06T07:07:00Z" user="geoaria" uid="1858958" lat="27.1017498" lon="55.8906814"/>
 <node id="4666703726" visible="true" version="1" changeset="45847481" timestamp="2017-02-06T07:07:00Z" user="geoaria" uid="1858958" lat="27.1017985" lon="55.8904477"/>
 <node id="4666703728" visible="true" version="1" changeset="45847481" timestamp="2017-02-06T07:07:00Z" user="geoaria" uid="1858958" lat="27.1010266" lon="55.8906466"/>
 <node id="4666703730" visible="true" version="2" changeset="54530248" timestamp="2017-12-11T05:47:48Z" user="lvlahdi" uid="223057" lat="27.0670819" lon="55.9642671"/>
 <node id="4666703731" visible="true" version="2" changeset="54530248" timestamp="2017-12-11T05:47:48Z" user="lvlahdi" uid="223057" lat="27.0666976" lon="55.9634354"/>
 <node id="4666703732" visible="true" version="1" changeset="45847481" timestamp="2017-02-06T07:07:00Z" user="geoaria" uid="1858958" lat="27.0666259" lon="55.9633332"/>
 <node id="4666703733" visible="true" version="1" changeset="45847481" timestamp="2017-02-06T07:07:00Z" user="geoaria" uid="1858958" lat="27.0662069" lon="55.9631810"/>
 <node id="4666703734" visible="true" version="1" changeset="45847481" timestamp="2017-02-06T07:07:00Z" user="geoaria" uid="1858958" lat="27.0662885" lon="55.9634950"/>
 <node id="4722364309" visible="true" version="1" changeset="46655543" timestamp="2017-03-07T15:52:24Z" user="Mar Mar" uid="2963768" lat="27.0644977" lon="55.9280049"/>
 <node id="4757251689" visible="true" version="2" changeset="64125523" timestamp="2018-11-02T19:40:48Z" user="Sal73x" uid="1293386" lat="27.0658838" lon="55.9649474">
  <tag k="man_made" v="chimney"/>
 </node>
 <node id="4771894472" visible="true" version="1" changeset="47395534" timestamp="2017-04-02T23:10:17Z" user="Sal73x" uid="1293386" lat="26.9741899" lon="55.7496132"/>
 <node id="4771894473" visible="true" version="1" changeset="47395534" timestamp="2017-04-02T23:10:17Z" user="Sal73x" uid="1293386" lat="26.9736447" lon="55.7511282"/>
 <node id="4771894475" visible="true" version="1" changeset="47395534" timestamp="2017-04-02T23:10:17Z" user="Sal73x" uid="1293386" lat="26.9734171" lon="55.7502590"/>
 <node id="4771894476" visible="true" version="1" changeset="47395534" timestamp="2017-04-02T23:10:17Z" user="Sal73x" uid="1293386" lat="26.9734469" lon="55.7501240"/>
 <node id="4771894477" visible="true" version="1" changeset="47395534" timestamp="2017-04-02T23:10:17Z" user="Sal73x" uid="1293386" lat="26.9736190" lon="55.7497621"/>
 <node id="4771894478" visible="true" version="1" changeset="47395534" timestamp="2017-04-02T23:10:17Z" user="Sal73x" uid="1293386" lat="26.9735739" lon="55.7502343"/>
 <node id="4771894479" visible="true" version="1" changeset="47395534" timestamp="2017-04-02T23:10:17Z" user="Sal73x" uid="1293386" lat="26.9737383" lon="55.7498537"/>
 <node id="4771894480" visible="true" version="1" changeset="47395534" timestamp="2017-04-02T23:10:17Z" user="Sal73x" uid="1293386" lat="26.9736751" lon="55.7497444"/>
 <node id="4771894481" visible="true" version="1" changeset="47395534" timestamp="2017-04-02T23:10:17Z" user="Sal73x" uid="1293386" lat="26.9737504" lon="55.7498033"/>
 <node id="4771894482" visible="true" version="1" changeset="47395534" timestamp="2017-04-02T23:10:17Z" user="Sal73x" uid="1293386" lat="26.9735679" lon="55.7503029"/>
 <node id="4771894483" visible="true" version="1" changeset="47395534" timestamp="2017-04-02T23:10:17Z" user="Sal73x" uid="1293386" lat="26.9736844" lon="55.7507483"/>
 <node id="4771894484" visible="true" version="1" changeset="47395534" timestamp="2017-04-02T23:10:17Z" user="Sal73x" uid="1293386" lat="26.9737206" lon="55.7507873"/>
 <node id="4771894485" visible="true" version="1" changeset="47395534" timestamp="2017-04-02T23:10:17Z" user="Sal73x" uid="1293386" lat="26.9737633" lon="55.7507996"/>
 <node id="4771894490" visible="true" version="1" changeset="47395534" timestamp="2017-04-02T23:10:17Z" user="Sal73x" uid="1293386" lat="26.9744146" lon="55.7502412"/>
 <node id="4821417911" visible="true" version="1" changeset="48209696" timestamp="2017-04-27T21:37:46Z" user="Nehaj" uid="5230141" lat="27.0432476" lon="55.9584224"/>
 <node id="4821417912" visible="true" version="1" changeset="48209696" timestamp="2017-04-27T21:37:46Z" user="Nehaj" uid="5230141" lat="27.0465849" lon="55.9593236"/>
 <node id="4821417913" visible="true" version="1" changeset="48209696" timestamp="2017-04-27T21:37:46Z" user="Nehaj" uid="5230141" lat="27.0468512" lon="55.9592459"/>
 <node id="4821417914" visible="true" version="1" changeset="48209696" timestamp="2017-04-27T21:37:46Z" user="Nehaj" uid="5230141" lat="27.0643483" lon="55.9842454"/>
 <node id="4821417915" visible="true" version="1" changeset="48209696" timestamp="2017-04-27T21:37:46Z" user="Nehaj" uid="5230141" lat="27.0647926" lon="55.9845672"/>
 <node id="4821417916" visible="true" version="1" changeset="48209696" timestamp="2017-04-27T21:37:46Z" user="Nehaj" uid="5230141" lat="27.0672742" lon="55.9824483"/>
 <node id="4821417917" visible="true" version="1" changeset="48209696" timestamp="2017-04-27T21:37:46Z" user="Nehaj" uid="5230141" lat="27.0668992" lon="55.9831617"/>
 <node id="4821417918" visible="true" version="1" changeset="48209696" timestamp="2017-04-27T21:37:46Z" user="Nehaj" uid="5230141" lat="27.0660298" lon="55.9835694"/>
 <node id="4821417919" visible="true" version="1" changeset="48209696" timestamp="2017-04-27T21:37:46Z" user="Nehaj" uid="5230141" lat="27.0658626" lon="55.9842829"/>
 <node id="4821417920" visible="true" version="1" changeset="48209696" timestamp="2017-04-27T21:37:46Z" user="Nehaj" uid="5230141" lat="27.0713775" lon="55.9864153"/>
 <node id="4821417921" visible="true" version="1" changeset="48209696" timestamp="2017-04-27T21:37:46Z" user="Nehaj" uid="5230141" lat="27.0715566" lon="55.9863965"/>
 <node id="4821417922" visible="true" version="1" changeset="48209696" timestamp="2017-04-27T21:37:46Z" user="Nehaj" uid="5230141" lat="27.0696632" lon="55.9825529"/>
 <node id="4821417923" visible="true" version="1" changeset="48209696" timestamp="2017-04-27T21:37:46Z" user="Nehaj" uid="5230141" lat="27.0654691" lon="55.9847630"/>
 <node id="4821417924" visible="true" version="1" changeset="48209696" timestamp="2017-04-27T21:37:46Z" user="Nehaj" uid="5230141" lat="27.0631624" lon="55.9851050"/>
 <node id="4821420473" visible="true" version="1" changeset="48209785" timestamp="2017-04-27T21:42:25Z" user="Nehaj" uid="5230141" lat="27.0597562" lon="55.9850136"/>
 <node id="4821420475" visible="true" version="2" changeset="64124865" timestamp="2018-11-02T19:15:49Z" user="Sal73x" uid="1293386" lat="27.0394958" lon="55.9648100"/>
 <node id="4821425780" visible="true" version="1" changeset="48209859" timestamp="2017-04-27T21:46:05Z" user="Nehaj" uid="5230141" lat="27.0918694" lon="55.9506976"/>
 <node id="4821425781" visible="true" version="1" changeset="48209859" timestamp="2017-04-27T21:46:05Z" user="Nehaj" uid="5230141" lat="27.0911088" lon="55.9510517"/>
 <node id="4821425782" visible="true" version="1" changeset="48209859" timestamp="2017-04-27T21:46:05Z" user="Nehaj" uid="5230141" lat="27.0904175" lon="55.9514889"/>
 <node id="4821425783" visible="true" version="1" changeset="48209859" timestamp="2017-04-27T21:46:05Z" user="Nehaj" uid="5230141" lat="27.0902444" lon="55.9516927"/>
 <node id="4821425784" visible="true" version="1" changeset="48209859" timestamp="2017-04-27T21:46:05Z" user="Nehaj" uid="5230141" lat="27.0901513" lon="55.9519073"/>
 <node id="4821425785" visible="true" version="1" changeset="48209859" timestamp="2017-04-27T21:46:05Z" user="Nehaj" uid="5230141" lat="27.0901059" lon="55.9521031"/>
 <node id="4821425786" visible="true" version="1" changeset="48209859" timestamp="2017-04-27T21:46:05Z" user="Nehaj" uid="5230141" lat="27.0900235" lon="55.9523257"/>
 <node id="4821425787" visible="true" version="1" changeset="48209859" timestamp="2017-04-27T21:46:05Z" user="Nehaj" uid="5230141" lat="27.0892438" lon="55.9533959"/>
 <node id="4821425788" visible="true" version="1" changeset="48209859" timestamp="2017-04-27T21:46:05Z" user="Nehaj" uid="5230141" lat="27.0887650" lon="55.9538090"/>
 <node id="4821425789" visible="true" version="1" changeset="48209859" timestamp="2017-04-27T21:46:05Z" user="Nehaj" uid="5230141" lat="27.0885382" lon="55.9541443"/>
 <node id="4821425790" visible="true" version="1" changeset="48209859" timestamp="2017-04-27T21:46:05Z" user="Nehaj" uid="5230141" lat="27.0883018" lon="55.9544608"/>
 <node id="4821425791" visible="true" version="1" changeset="48209859" timestamp="2017-04-27T21:46:05Z" user="Nehaj" uid="5230141" lat="27.0881669" lon="55.9545573"/>
 <node id="4821425792" visible="true" version="1" changeset="48209859" timestamp="2017-04-27T21:46:05Z" user="Nehaj" uid="5230141" lat="27.0878660" lon="55.9546727"/>
 <node id="4821425793" visible="true" version="1" changeset="48209859" timestamp="2017-04-27T21:46:05Z" user="Nehaj" uid="5230141" lat="27.0875842" lon="55.9547665"/>
 <node id="4821425794" visible="true" version="1" changeset="48209859" timestamp="2017-04-27T21:46:05Z" user="Nehaj" uid="5230141" lat="27.0870099" lon="55.9551662"/>
 <node id="4821425795" visible="true" version="1" changeset="48209859" timestamp="2017-04-27T21:46:05Z" user="Nehaj" uid="5230141" lat="27.0866720" lon="55.9553861"/>
 <node id="4821425796" visible="true" version="1" changeset="48209859" timestamp="2017-04-27T21:46:05Z" user="Nehaj" uid="5230141" lat="27.0858564" lon="55.9557294"/>
 <node id="4821425797" visible="true" version="1" changeset="48209859" timestamp="2017-04-27T21:46:05Z" user="Nehaj" uid="5230141" lat="27.0842648" lon="55.9560459"/>
 <node id="4821425798" visible="true" version="1" changeset="48209859" timestamp="2017-04-27T21:46:05Z" user="Nehaj" uid="5230141" lat="27.0835866" lon="55.9562176"/>
 <node id="4821425799" visible="true" version="1" changeset="48209859" timestamp="2017-04-27T21:46:05Z" user="Nehaj" uid="5230141" lat="27.0822397" lon="55.9563785"/>
 <node id="4821425800" visible="true" version="1" changeset="48209859" timestamp="2017-04-27T21:46:05Z" user="Nehaj" uid="5230141" lat="27.0814994" lon="55.9564121"/>
 <node id="4821425801" visible="true" version="1" changeset="48209859" timestamp="2017-04-27T21:46:05Z" user="Nehaj" uid="5230141" lat="27.0782163" lon="55.9569405"/>
 <node id="4821425802" visible="true" version="1" changeset="48209859" timestamp="2017-04-27T21:46:05Z" user="Nehaj" uid="5230141" lat="27.0808588" lon="55.9564577"/>
 <node id="4821425803" visible="true" version="1" changeset="48209859" timestamp="2017-04-27T21:46:05Z" user="Nehaj" uid="5230141" lat="27.0793017" lon="55.9566749"/>
 <node id="4821425804" visible="true" version="1" changeset="48209859" timestamp="2017-04-27T21:46:05Z" user="Nehaj" uid="5230141" lat="27.0772156" lon="55.9571121"/>
 <node id="4821425805" visible="true" version="1" changeset="48209859" timestamp="2017-04-27T21:46:05Z" user="Nehaj" uid="5230141" lat="27.0761194" lon="55.9572436"/>
 <node id="4821425806" visible="true" version="1" changeset="48209859" timestamp="2017-04-27T21:46:05Z" user="Nehaj" uid="5230141" lat="27.0745527" lon="55.9578068"/>
 <node id="4821425807" visible="true" version="1" changeset="48209859" timestamp="2017-04-27T21:46:05Z" user="Nehaj" uid="5230141" lat="27.0738732" lon="55.9577156"/>
 <node id="4821425808" visible="true" version="1" changeset="48209859" timestamp="2017-04-27T21:46:05Z" user="Nehaj" uid="5230141" lat="27.0737060" lon="55.9576352"/>
 <node id="4821425809" visible="true" version="1" changeset="48209859" timestamp="2017-04-27T21:46:05Z" user="Nehaj" uid="5230141" lat="27.0735771" lon="55.9576325"/>
 <node id="4821425810" visible="true" version="1" changeset="48209859" timestamp="2017-04-27T21:46:05Z" user="Nehaj" uid="5230141" lat="27.0733693" lon="55.9577290"/>
 <node id="4821425811" visible="true" version="1" changeset="48209859" timestamp="2017-04-27T21:46:05Z" user="Nehaj" uid="5230141" lat="27.0724199" lon="55.9581072"/>
 <node id="4821425812" visible="true" version="1" changeset="48209859" timestamp="2017-04-27T21:46:05Z" user="Nehaj" uid="5230141" lat="27.0722193" lon="55.9582360"/>
 <node id="4821425813" visible="true" version="1" changeset="48209859" timestamp="2017-04-27T21:46:05Z" user="Nehaj" uid="5230141" lat="27.0720832" lon="55.9584237"/>
 <node id="4821425814" visible="true" version="1" changeset="48209859" timestamp="2017-04-27T21:46:05Z" user="Nehaj" uid="5230141" lat="27.0718933" lon="55.9586329"/>
 <node id="4821425815" visible="true" version="1" changeset="48209859" timestamp="2017-04-27T21:46:05Z" user="Nehaj" uid="5230141" lat="27.0716091" lon="55.9587939"/>
 <node id="4821425816" visible="true" version="1" changeset="48209859" timestamp="2017-04-27T21:46:05Z" user="Nehaj" uid="5230141" lat="27.0711386" lon="55.9589521"/>
 <node id="4821425817" visible="true" version="1" changeset="48209859" timestamp="2017-04-27T21:46:06Z" user="Nehaj" uid="5230141" lat="27.0704531" lon="55.9590782"/>
 <node id="4821425818" visible="true" version="1" changeset="48209859" timestamp="2017-04-27T21:46:06Z" user="Nehaj" uid="5230141" lat="27.0695730" lon="55.9594832"/>
 <node id="4821425819" visible="true" version="1" changeset="48209859" timestamp="2017-04-27T21:46:06Z" user="Nehaj" uid="5230141" lat="27.0688661" lon="55.9596924"/>
 <node id="4821425820" visible="true" version="1" changeset="48209859" timestamp="2017-04-27T21:46:06Z" user="Nehaj" uid="5230141" lat="27.0682331" lon="55.9599472"/>
 <node id="4821426021" visible="true" version="1" changeset="48209859" timestamp="2017-04-27T21:46:06Z" user="Nehaj" uid="5230141" lat="27.0676217" lon="55.9601698"/>
 <node id="4821426022" visible="true" version="1" changeset="48209859" timestamp="2017-04-27T21:46:06Z" user="Nehaj" uid="5230141" lat="27.0667965" lon="55.9603898"/>
 <node id="4821426023" visible="true" version="1" changeset="48209859" timestamp="2017-04-27T21:46:06Z" user="Nehaj" uid="5230141" lat="27.0664645" lon="55.9605802"/>
 <node id="4821439654" visible="true" version="1" changeset="48210101" timestamp="2017-04-27T21:55:57Z" user="Nehaj" uid="5230141" lat="27.1275332" lon="56.0470465"/>
 <node id="4821439655" visible="true" version="2" changeset="153659672" timestamp="2024-07-07T12:20:14Z" user="Basstoelpel" uid="72235" lat="27.0619249" lon="55.9660036">
  <tag k="power" v="portal"/>
 </node>
 <node id="5230643478" visible="true" version="1" changeset="53807750" timestamp="2017-11-15T15:59:09Z" user="mapwitch" uid="7079" lat="27.0028743" lon="55.8135938"/>
 <node id="5230643574" visible="true" version="1" changeset="53807750" timestamp="2017-11-15T15:59:11Z" user="mapwitch" uid="7079" lat="26.9797434" lon="55.7531315"/>
 <node id="5230643575" visible="true" version="1" changeset="53807750" timestamp="2017-11-15T15:59:11Z" user="mapwitch" uid="7079" lat="26.9818803" lon="55.7551646"/>
 <node id="5230643576" visible="true" version="1" changeset="53807750" timestamp="2017-11-15T15:59:11Z" user="mapwitch" uid="7079" lat="26.9829512" lon="55.7564091"/>
 <node id="5230643577" visible="true" version="1" changeset="53807750" timestamp="2017-11-15T15:59:11Z" user="mapwitch" uid="7079" lat="26.9833336" lon="55.7576322"/>
 <node id="5230643578" visible="true" version="1" changeset="53807750" timestamp="2017-11-15T15:59:11Z" user="mapwitch" uid="7079" lat="26.9853796" lon="55.7601428"/>
 <node id="5230643579" visible="true" version="1" changeset="53807750" timestamp="2017-11-15T15:59:11Z" user="mapwitch" uid="7079" lat="26.9865460" lon="55.7622885"/>
 <node id="5230643580" visible="true" version="1" changeset="53807750" timestamp="2017-11-15T15:59:11Z" user="mapwitch" uid="7079" lat="26.9875021" lon="55.7644772"/>
 <node id="5230643581" visible="true" version="1" changeset="53807750" timestamp="2017-11-15T15:59:11Z" user="mapwitch" uid="7079" lat="26.9883816" lon="55.7647991"/>
 <node id="5230643582" visible="true" version="1" changeset="53807750" timestamp="2017-11-15T15:59:11Z" user="mapwitch" uid="7079" lat="26.9887449" lon="55.7653570"/>
 <node id="5230643583" visible="true" version="1" changeset="53807750" timestamp="2017-11-15T15:59:11Z" user="mapwitch" uid="7079" lat="26.9884963" lon="55.7667517"/>
 <node id="5230643584" visible="true" version="1" changeset="53807750" timestamp="2017-11-15T15:59:11Z" user="mapwitch" uid="7079" lat="26.9888596" lon="55.7683825"/>
 <node id="5230643585" visible="true" version="1" changeset="53807750" timestamp="2017-11-15T15:59:11Z" user="mapwitch" uid="7079" lat="26.9895862" lon="55.7691121"/>
 <node id="5230643586" visible="true" version="1" changeset="53807750" timestamp="2017-11-15T15:59:11Z" user="mapwitch" uid="7079" lat="26.9905805" lon="55.7694769"/>
 <node id="5230643587" visible="true" version="1" changeset="53807750" timestamp="2017-11-15T15:59:11Z" user="mapwitch" uid="7079" lat="26.9918998" lon="55.7700991"/>
 <node id="5230643588" visible="true" version="1" changeset="53807750" timestamp="2017-11-15T15:59:11Z" user="mapwitch" uid="7079" lat="26.9930661" lon="55.7710218"/>
 <node id="5230643589" visible="true" version="1" changeset="53807750" timestamp="2017-11-15T15:59:11Z" user="mapwitch" uid="7079" lat="26.9945766" lon="55.7724809"/>
 <node id="5230643590" visible="true" version="1" changeset="53807750" timestamp="2017-11-15T15:59:11Z" user="mapwitch" uid="7079" lat="26.9953414" lon="55.7748520"/>
 <node id="5230643591" visible="true" version="1" changeset="53807750" timestamp="2017-11-15T15:59:11Z" user="mapwitch" uid="7079" lat="26.9958959" lon="55.7758283"/>
 <node id="5276732660" visible="true" version="1" changeset="54530248" timestamp="2017-12-11T05:47:47Z" user="lvlahdi" uid="223057" lat="27.1146562" lon="56.0282693"/>
 <node id="5276732661" visible="true" version="1" changeset="54530248" timestamp="2017-12-11T05:47:47Z" user="lvlahdi" uid="223057" lat="27.1134836" lon="56.0284549"/>
 <node id="5276732681" visible="true" version="2" changeset="165602861" timestamp="2025-04-29T17:32:08Z" user="Hamid Reza Bahrami" uid="9570342" lat="27.0726089" lon="55.9735384"/>
 <node id="5276732682" visible="true" version="2" changeset="165602861" timestamp="2025-04-29T17:32:08Z" user="Hamid Reza Bahrami" uid="9570342" lat="27.0713258" lon="55.9712616"/>
 <node id="5276732683" visible="true" version="2" changeset="165602861" timestamp="2025-04-29T17:32:08Z" user="Hamid Reza Bahrami" uid="9570342" lat="27.0709603" lon="55.9707446"/>
 <node id="5276732684" visible="true" version="2" changeset="165602861" timestamp="2025-04-29T17:32:08Z" user="Hamid Reza Bahrami" uid="9570342" lat="27.0697537" lon="55.9692557"/>
 <node id="5276732685" visible="true" version="2" changeset="165602861" timestamp="2025-04-29T17:32:08Z" user="Hamid Reza Bahrami" uid="9570342" lat="27.0704152" lon="55.9698411"/>
 <node id="5276732686" visible="true" version="2" changeset="165602861" timestamp="2025-04-29T17:32:08Z" user="Hamid Reza Bahrami" uid="9570342" lat="27.0697728" lon="55.9690253"/>
 <node id="5276732687" visible="true" version="1" changeset="54530248" timestamp="2017-12-11T05:47:47Z" user="lvlahdi" uid="223057" lat="27.0646832" lon="55.9569192"/>
 <node id="5276732688" visible="true" version="1" changeset="54530248" timestamp="2017-12-11T05:47:47Z" user="lvlahdi" uid="223057" lat="27.0638689" lon="55.9533365"/>
 <node id="5276732689" visible="true" version="1" changeset="54530248" timestamp="2017-12-11T05:47:47Z" user="lvlahdi" uid="223057" lat="27.0637811" lon="55.9522531"/>
 <node id="5276732690" visible="true" version="1" changeset="54530248" timestamp="2017-12-11T05:47:47Z" user="lvlahdi" uid="223057" lat="27.0636507" lon="55.9511347"/>
 <node id="5276732691" visible="true" version="1" changeset="54530248" timestamp="2017-12-11T05:47:47Z" user="lvlahdi" uid="223057" lat="27.0634982" lon="55.9504729"/>
 <node id="5276732692" visible="true" version="1" changeset="54530248" timestamp="2017-12-11T05:47:47Z" user="lvlahdi" uid="223057" lat="27.0637387" lon="55.9508182"/>
 <node id="5276732693" visible="true" version="1" changeset="54530248" timestamp="2017-12-11T05:47:47Z" user="lvlahdi" uid="223057" lat="27.0615145" lon="55.9429859"/>
 <node id="5276732694" visible="true" version="1" changeset="54530248" timestamp="2017-12-11T05:47:47Z" user="lvlahdi" uid="223057" lat="27.0612512" lon="55.9414901"/>
 <node id="5276732695" visible="true" version="1" changeset="54530248" timestamp="2017-12-11T05:47:47Z" user="lvlahdi" uid="223057" lat="27.0599224" lon="55.9401150"/>
 <node id="5276732696" visible="true" version="1" changeset="54530248" timestamp="2017-12-11T05:47:47Z" user="lvlahdi" uid="223057" lat="27.0611819" lon="55.9399740"/>
 <node id="5276732697" visible="true" version="1" changeset="54530248" timestamp="2017-12-11T05:47:48Z" user="lvlahdi" uid="223057" lat="27.0611852" lon="55.9396085"/>
 <node id="5276732698" visible="true" version="1" changeset="54530248" timestamp="2017-12-11T05:47:48Z" user="lvlahdi" uid="223057" lat="27.0612265" lon="55.9388652"/>
 <node id="5276732699" visible="true" version="1" changeset="54530248" timestamp="2017-12-11T05:47:48Z" user="lvlahdi" uid="223057" lat="27.0613500" lon="55.9379093"/>
 <node id="5276732700" visible="true" version="1" changeset="54530248" timestamp="2017-12-11T05:47:48Z" user="lvlahdi" uid="223057" lat="27.0602181" lon="55.9381170"/>
 <node id="5276732701" visible="true" version="1" changeset="54530248" timestamp="2017-12-11T05:47:48Z" user="lvlahdi" uid="223057" lat="27.0610219" lon="55.9364769"/>
 <node id="5276732702" visible="true" version="1" changeset="54530248" timestamp="2017-12-11T05:47:48Z" user="lvlahdi" uid="223057" lat="27.0616028" lon="55.9367289"/>
 <node id="5276732703" visible="true" version="1" changeset="54530248" timestamp="2017-12-11T05:47:48Z" user="lvlahdi" uid="223057" lat="27.0619846" lon="55.9355259"/>
 <node id="5276732704" visible="true" version="1" changeset="54530248" timestamp="2017-12-11T05:47:48Z" user="lvlahdi" uid="223057" lat="27.0619061" lon="55.9342885"/>
 <node id="5276732705" visible="true" version="1" changeset="54530248" timestamp="2017-12-11T05:47:48Z" user="lvlahdi" uid="223057" lat="27.0616712" lon="55.9349380"/>
 <node id="5859297896" visible="true" version="1" changeset="62011019" timestamp="2018-08-26T16:43:12Z" user="Osm1980" uid="3743902" lat="27.0656293" lon="55.9637650"/>
 <node id="5859297897" visible="true" version="1" changeset="62011019" timestamp="2018-08-26T16:43:12Z" user="Osm1980" uid="3743902" lat="27.0654583" lon="55.9640977"/>
 <node id="5859297898" visible="true" version="1" changeset="62011019" timestamp="2018-08-26T16:43:12Z" user="Osm1980" uid="3743902" lat="27.0653484" lon="55.9640264"/>
 <node id="5859297899" visible="true" version="1" changeset="62011019" timestamp="2018-08-26T16:43:12Z" user="Osm1980" uid="3743902" lat="27.0655194" lon="55.9636937"/>
 <node id="5859297900" visible="true" version="1" changeset="62011019" timestamp="2018-08-26T16:43:12Z" user="Osm1980" uid="3743902" lat="27.0650864" lon="55.9636947"/>
 <node id="5859297901" visible="true" version="1" changeset="62011019" timestamp="2018-08-26T16:43:12Z" user="Osm1980" uid="3743902" lat="27.0652652" lon="55.9640222"/>
 <node id="5859297902" visible="true" version="1" changeset="62011019" timestamp="2018-08-26T16:43:12Z" user="Osm1980" uid="3743902" lat="27.0651569" lon="55.9640967"/>
 <node id="5859297903" visible="true" version="1" changeset="62011019" timestamp="2018-08-26T16:43:12Z" user="Osm1980" uid="3743902" lat="27.0649781" lon="55.9637692"/>
 <node id="5859297904" visible="true" version="1" changeset="62011019" timestamp="2018-08-26T16:43:12Z" user="Osm1980" uid="3743902" lat="27.0654503" lon="55.9642100"/>
 <node id="5859297905" visible="true" version="1" changeset="62011019" timestamp="2018-08-26T16:43:12Z" user="Osm1980" uid="3743902" lat="27.0656190" lon="55.9645442"/>
 <node id="5859297906" visible="true" version="1" changeset="62011019" timestamp="2018-08-26T16:43:12Z" user="Osm1980" uid="3743902" lat="27.0655085" lon="55.9646145"/>
 <node id="5859297907" visible="true" version="1" changeset="62011019" timestamp="2018-08-26T16:43:12Z" user="Osm1980" uid="3743902" lat="27.0653398" lon="55.9642803"/>
 <node id="5859297908" visible="true" version="1" changeset="62011019" timestamp="2018-08-26T16:43:12Z" user="Osm1980" uid="3743902" lat="27.0652482" lon="55.9642815"/>
 <node id="5859297909" visible="true" version="1" changeset="62011019" timestamp="2018-08-26T16:43:12Z" user="Osm1980" uid="3743902" lat="27.0650772" lon="55.9646142"/>
 <node id="5859297910" visible="true" version="1" changeset="62011019" timestamp="2018-08-26T16:43:12Z" user="Osm1980" uid="3743902" lat="27.0649672" lon="55.9645430"/>
 <node id="5859297911" visible="true" version="1" changeset="62011019" timestamp="2018-08-26T16:43:12Z" user="Osm1980" uid="3743902" lat="27.0651382" lon="55.9642103"/>
 <node id="5859297912" visible="true" version="1" changeset="62011019" timestamp="2018-08-26T16:43:12Z" user="Osm1980" uid="3743902" lat="27.0654283" lon="55.9641827"/>
 <node id="5859297913" visible="true" version="1" changeset="62011019" timestamp="2018-08-26T16:43:12Z" user="Osm1980" uid="3743902" lat="27.0654237" lon="55.9641200"/>
 <node id="5859297914" visible="true" version="1" changeset="62011019" timestamp="2018-08-26T16:43:12Z" user="Osm1980" uid="3743902" lat="27.0653354" lon="55.9640679"/>
 <node id="5859297915" visible="true" version="1" changeset="62011019" timestamp="2018-08-26T16:43:12Z" user="Osm1980" uid="3743902" lat="27.0652936" lon="55.9640574"/>
 <node id="5859297916" visible="true" version="1" changeset="62011019" timestamp="2018-08-26T16:43:12Z" user="Osm1980" uid="3743902" lat="27.0651820" lon="55.9641200"/>
 <node id="5859297917" visible="true" version="1" changeset="62011019" timestamp="2018-08-26T16:43:12Z" user="Osm1980" uid="3743902" lat="27.0651820" lon="55.9641827"/>
 <node id="5859297918" visible="true" version="1" changeset="62011019" timestamp="2018-08-26T16:43:12Z" user="Osm1980" uid="3743902" lat="27.0652750" lon="55.9642557"/>
 <node id="5859297919" visible="true" version="1" changeset="62011019" timestamp="2018-08-26T16:43:12Z" user="Osm1980" uid="3743902" lat="27.0653214" lon="55.9642557"/>
 <node id="5859297920" visible="true" version="1" changeset="62011019" timestamp="2018-08-26T16:43:12Z" user="Osm1980" uid="3743902" lat="27.0657350" lon="55.9643183"/>
 <node id="5859297921" visible="true" version="1" changeset="62011019" timestamp="2018-08-26T16:43:12Z" user="Osm1980" uid="3743902" lat="27.0656560" lon="55.9641514"/>
 <node id="5859297922" visible="true" version="1" changeset="62011019" timestamp="2018-08-26T16:43:12Z" user="Osm1980" uid="3743902" lat="27.0657396" lon="55.9639740"/>
 <node id="5859297923" visible="true" version="1" changeset="62011019" timestamp="2018-08-26T16:43:12Z" user="Osm1980" uid="3743902" lat="27.0656653" lon="55.9639322"/>
 <node id="5859297924" visible="true" version="1" changeset="62011019" timestamp="2018-08-26T16:43:12Z" user="Osm1980" uid="3743902" lat="27.0655445" lon="55.9641566"/>
 <node id="5859297925" visible="true" version="1" changeset="62011019" timestamp="2018-08-26T16:43:12Z" user="Osm1980" uid="3743902" lat="27.0656653" lon="55.9643705"/>
 <node id="5925846119" visible="true" version="1" changeset="62868595" timestamp="2018-09-24T06:15:42Z" user="ezzatalla" uid="1865465" lat="27.0627137" lon="55.9318608"/>
 <node id="5925950036" visible="true" version="1" changeset="62870027" timestamp="2018-09-24T07:24:03Z" user="ezzatalla" uid="1865465" lat="27.0626933" lon="55.9319282"/>
 <node id="6032501824" visible="true" version="1" changeset="64122671" timestamp="2018-11-02T17:57:39Z" user="Sal73x" uid="1293386" lat="27.1145250" lon="56.0259896"/>
 <node id="6032501825" visible="true" version="1" changeset="64122671" timestamp="2018-11-02T17:57:39Z" user="Sal73x" uid="1293386" lat="27.1160032" lon="56.0263940"/>
 <node id="6032624922" visible="true" version="1" changeset="64124865" timestamp="2018-11-02T19:15:48Z" user="Sal73x" uid="1293386" lat="27.0502005" lon="55.9660100"/>
 <node id="6032624923" visible="true" version="1" changeset="64124865" timestamp="2018-11-02T19:15:48Z" user="Sal73x" uid="1293386" lat="27.0502506" lon="55.9660858"/>
 <node id="6032624924" visible="true" version="1" changeset="64124865" timestamp="2018-11-02T19:15:48Z" user="Sal73x" uid="1293386" lat="27.0501473" lon="55.9659678"/>
 <node id="6032624925" visible="true" version="1" changeset="64124865" timestamp="2018-11-02T19:15:48Z" user="Sal73x" uid="1293386" lat="27.0502629" lon="55.9682876"/>
 <node id="6032624926" visible="true" version="1" changeset="64124865" timestamp="2018-11-02T19:15:48Z" user="Sal73x" uid="1293386" lat="27.0502632" lon="55.9685010"/>
 <node id="6032624927" visible="true" version="1" changeset="64124865" timestamp="2018-11-02T19:15:48Z" user="Sal73x" uid="1293386" lat="27.0486198" lon="55.9682922"/>
 <node id="6032624928" visible="true" version="1" changeset="64124865" timestamp="2018-11-02T19:15:48Z" user="Sal73x" uid="1293386" lat="27.0486164" lon="55.9685055"/>
 <node id="6032624929" visible="true" version="1" changeset="64124865" timestamp="2018-11-02T19:15:48Z" user="Sal73x" uid="1293386" lat="27.0502687" lon="55.9720777"/>
 <node id="6032624930" visible="true" version="1" changeset="64124865" timestamp="2018-11-02T19:15:48Z" user="Sal73x" uid="1293386" lat="27.0502700" lon="55.9729830"/>
 <node id="6032624931" visible="true" version="1" changeset="64124865" timestamp="2018-11-02T19:15:48Z" user="Sal73x" uid="1293386" lat="27.0501774" lon="55.9720760"/>
 <node id="6032624932" visible="true" version="1" changeset="64124865" timestamp="2018-11-02T19:15:48Z" user="Sal73x" uid="1293386" lat="27.0501838" lon="55.9723402"/>
 <node id="6032624933" visible="true" version="1" changeset="64124865" timestamp="2018-11-02T19:15:48Z" user="Sal73x" uid="1293386" lat="27.0487044" lon="55.9729882"/>
 <node id="6032624934" visible="true" version="1" changeset="64124865" timestamp="2018-11-02T19:15:48Z" user="Sal73x" uid="1293386" lat="27.0486967" lon="55.9723307"/>
 <node id="6032624935" visible="true" version="1" changeset="64124865" timestamp="2018-11-02T19:15:48Z" user="Sal73x" uid="1293386" lat="27.0502732" lon="55.9750895"/>
 <node id="6032624936" visible="true" version="1" changeset="64124865" timestamp="2018-11-02T19:15:48Z" user="Sal73x" uid="1293386" lat="27.0502736" lon="55.9753167"/>
 <node id="6032624937" visible="true" version="1" changeset="64124865" timestamp="2018-11-02T19:15:48Z" user="Sal73x" uid="1293386" lat="27.0472903" lon="55.9750999"/>
 <node id="6032624938" visible="true" version="1" changeset="64124865" timestamp="2018-11-02T19:15:48Z" user="Sal73x" uid="1293386" lat="27.0472865" lon="55.9753236"/>
 <node id="6032624939" visible="true" version="1" changeset="64124865" timestamp="2018-11-02T19:15:48Z" user="Sal73x" uid="1293386" lat="27.0502859" lon="55.9834116"/>
 <node id="6032624940" visible="true" version="1" changeset="64124865" timestamp="2018-11-02T19:15:48Z" user="Sal73x" uid="1293386" lat="27.0502861" lon="55.9835803"/>
 <node id="6032624941" visible="true" version="1" changeset="64124865" timestamp="2018-11-02T19:15:48Z" user="Sal73x" uid="1293386" lat="27.0486229" lon="55.9834069"/>
 <node id="6032624942" visible="true" version="1" changeset="64124865" timestamp="2018-11-02T19:15:48Z" user="Sal73x" uid="1293386" lat="27.0486223" lon="55.9835702"/>
 <node id="6032624943" visible="true" version="1" changeset="64124865" timestamp="2018-11-02T19:15:48Z" user="Sal73x" uid="1293386" lat="27.0375802" lon="55.9659648"/>
 <node id="6032624944" visible="true" version="1" changeset="64124865" timestamp="2018-11-02T19:15:48Z" user="Sal73x" uid="1293386" lat="27.0377678" lon="55.9661064"/>
 <node id="6032624945" visible="true" version="1" changeset="64124865" timestamp="2018-11-02T19:15:48Z" user="Sal73x" uid="1293386" lat="27.0372730" lon="55.9661501"/>
 <node id="6032624946" visible="true" version="1" changeset="64124865" timestamp="2018-11-02T19:15:48Z" user="Sal73x" uid="1293386" lat="27.0373324" lon="55.9663360"/>
 <node id="6032624947" visible="true" version="1" changeset="64124865" timestamp="2018-11-02T19:15:48Z" user="Sal73x" uid="1293386" lat="27.0371530" lon="55.9664616"/>
 <node id="6032644028" visible="true" version="1" changeset="64125067" timestamp="2018-11-02T19:22:58Z" user="Sal73x" uid="1293386" lat="27.0299611" lon="55.9677635"/>
 <node id="6032644043" visible="true" version="1" changeset="64125067" timestamp="2018-11-02T19:22:58Z" user="Sal73x" uid="1293386" lat="27.0298719" lon="55.9678115"/>
 <node id="6032672237" visible="true" version="1" changeset="64125523" timestamp="2018-11-02T19:40:44Z" user="Sal73x" uid="1293386" lat="27.0663815" lon="55.9654807"/>
 <node id="6032672238" visible="true" version="1" changeset="64125523" timestamp="2018-11-02T19:40:44Z" user="Sal73x" uid="1293386" lat="27.0664695" lon="55.9653937"/>
 <node id="6032672239" visible="true" version="1" changeset="64125523" timestamp="2018-11-02T19:40:44Z" user="Sal73x" uid="1293386" lat="27.0665153" lon="55.9652830"/>
 <node id="6032672240" visible="true" version="1" changeset="64125523" timestamp="2018-11-02T19:40:44Z" user="Sal73x" uid="1293386" lat="27.0665294" lon="55.9651485"/>
 <node id="6032672241" visible="true" version="1" changeset="64125523" timestamp="2018-11-02T19:40:44Z" user="Sal73x" uid="1293386" lat="27.0670188" lon="55.9661055"/>
 <node id="6032672500" visible="true" version="1" changeset="64125523" timestamp="2018-11-02T19:40:45Z" user="Sal73x" uid="1293386" lat="27.0627421" lon="55.9596662"/>
 <node id="6032672502" visible="true" version="1" changeset="64125523" timestamp="2018-11-02T19:40:45Z" user="Sal73x" uid="1293386" lat="27.0651975" lon="55.9603577"/>
 <node id="6032672503" visible="true" version="1" changeset="64125523" timestamp="2018-11-02T19:40:45Z" user="Sal73x" uid="1293386" lat="27.0652787" lon="55.9604098"/>
 <node id="6032672504" visible="true" version="1" changeset="64125523" timestamp="2018-11-02T19:40:45Z" user="Sal73x" uid="1293386" lat="27.0653077" lon="55.9605401"/>
 <node id="6032672505" visible="true" version="1" changeset="64125523" timestamp="2018-11-02T19:40:45Z" user="Sal73x" uid="1293386" lat="27.0650583" lon="55.9617711"/>
 <node id="6032672506" visible="true" version="1" changeset="64125523" timestamp="2018-11-02T19:40:45Z" user="Sal73x" uid="1293386" lat="27.0650409" lon="55.9619144"/>
 <node id="6032672507" visible="true" version="1" changeset="64125523" timestamp="2018-11-02T19:40:45Z" user="Sal73x" uid="1293386" lat="27.0650757" lon="55.9620903"/>
 <node id="6032672508" visible="true" version="1" changeset="64125523" timestamp="2018-11-02T19:40:45Z" user="Sal73x" uid="1293386" lat="27.0658703" lon="55.9634777"/>
 <node id="6032672509" visible="true" version="1" changeset="64125523" timestamp="2018-11-02T19:40:45Z" user="Sal73x" uid="1293386" lat="27.0659747" lon="55.9638359"/>
 <node id="6032672510" visible="true" version="1" changeset="64125523" timestamp="2018-11-02T19:40:45Z" user="Sal73x" uid="1293386" lat="27.0661096" lon="55.9654033"/>
 <node id="6032672511" visible="true" version="1" changeset="64125523" timestamp="2018-11-02T19:40:45Z" user="Sal73x" uid="1293386" lat="27.0660968" lon="55.9655049"/>
 <node id="6290651391" visible="true" version="1" changeset="67380952" timestamp="2019-02-20T07:32:11Z" user="ezzatalla" uid="1865465" lat="27.1251073" lon="56.0417451"/>
 <node id="6657065213" visible="true" version="1" changeset="72759805" timestamp="2019-07-29T08:36:42Z" user="B&amp;hz@d" uid="9481499" lat="27.0996122" lon="56.0206036"/>
 <node id="6657065228" visible="true" version="1" changeset="72759805" timestamp="2019-07-29T08:36:42Z" user="B&amp;hz@d" uid="9481499" lat="27.1033830" lon="56.0240238"/>
 <node id="6657065361" visible="true" version="1" changeset="72759805" timestamp="2019-07-29T08:36:42Z" user="B&amp;hz@d" uid="9481499" lat="27.0601265" lon="55.9654758"/>
 <node id="6657065362" visible="true" version="1" changeset="72759805" timestamp="2019-07-29T08:36:42Z" user="B&amp;hz@d" uid="9481499" lat="27.0601241" lon="55.9653100"/>
 <node id="6657065371" visible="true" version="1" changeset="72759805" timestamp="2019-07-29T08:36:42Z" user="B&amp;hz@d" uid="9481499" lat="27.0640250" lon="55.9265041"/>
 <node id="6657065372" visible="true" version="1" changeset="72759805" timestamp="2019-07-29T08:36:42Z" user="B&amp;hz@d" uid="9481499" lat="27.0637434" lon="55.9276791"/>
 <node id="6657065389" visible="true" version="2" changeset="134440683" timestamp="2023-04-03T07:25:14Z" user="AhmadHB" uid="10182045" lat="27.0728393" lon="55.9068247"/>
 <node id="6657065397" visible="true" version="2" changeset="142172796" timestamp="2023-10-05T06:09:57Z" user="LakeArendsee" uid="18064850" lat="27.0753142" lon="55.9055565"/>
 <node id="6771245808" visible="true" version="1" changeset="74068951" timestamp="2019-09-04T07:26:26Z" user="nshz" uid="9513428" lat="27.1028760" lon="56.0264871"/>
 <node id="7189555412" visible="true" version="1" changeset="80621220" timestamp="2020-02-06T05:59:24Z" user="fereydoon555" uid="9543799" lat="27.0890061" lon="55.8949033"/>
 <node id="7189555413" visible="true" version="1" changeset="80621220" timestamp="2020-02-06T05:59:24Z" user="fereydoon555" uid="9543799" lat="27.0808801" lon="55.9019401"/>
 <node id="7698333919" visible="true" version="1" changeset="87743750" timestamp="2020-07-09T06:18:31Z" user="NFZANMNIM" uid="1980310" lat="27.0696732" lon="55.9089098"/>
 <node id="7727969554" visible="true" version="2" changeset="165603036" timestamp="2025-04-29T17:36:00Z" user="Hamid Reza Bahrami" uid="9570342" lat="27.0622086" lon="55.9653969"/>
 <node id="7727969555" visible="true" version="1" changeset="88192256" timestamp="2020-07-19T07:01:14Z" user="ABBanaderi" uid="10823823" lat="27.0622502" lon="55.9655086"/>
 <node id="7727969556" visible="true" version="1" changeset="88192256" timestamp="2020-07-19T07:01:14Z" user="ABBanaderi" uid="10823823" lat="27.0622976" lon="55.9656151"/>
 <node id="7727969557" visible="true" version="1" changeset="88192256" timestamp="2020-07-19T07:01:14Z" user="ABBanaderi" uid="10823823" lat="27.0623864" lon="55.9662506"/>
 <node id="7727969558" visible="true" version="1" changeset="88192256" timestamp="2020-07-19T07:01:14Z" user="ABBanaderi" uid="10823823" lat="27.0624190" lon="55.9663504"/>
 <node id="7727969559" visible="true" version="1" changeset="88192256" timestamp="2020-07-19T07:01:14Z" user="ABBanaderi" uid="10823823" lat="27.0624812" lon="55.9663870"/>
 <node id="7727969560" visible="true" version="1" changeset="88192256" timestamp="2020-07-19T07:01:14Z" user="ABBanaderi" uid="10823823" lat="27.0625642" lon="55.9664003"/>
 <node id="7727969561" visible="true" version="2" changeset="165603036" timestamp="2025-04-29T17:36:00Z" user="Hamid Reza Bahrami" uid="9570342" lat="27.0628250" lon="55.9663706"/>
 <node id="7727969562" visible="true" version="2" changeset="165603036" timestamp="2025-04-29T17:36:00Z" user="Hamid Reza Bahrami" uid="9570342" lat="27.0629134" lon="55.9663305"/>
 <node id="7727969563" visible="true" version="2" changeset="165603036" timestamp="2025-04-29T17:36:00Z" user="Hamid Reza Bahrami" uid="9570342" lat="27.0628052" lon="55.9663100"/>
 <node id="7727969564" visible="true" version="2" changeset="165603036" timestamp="2025-04-29T17:36:00Z" user="Hamid Reza Bahrami" uid="9570342" lat="27.0626986" lon="55.9662728"/>
 <node id="7727969565" visible="true" version="2" changeset="165603036" timestamp="2025-04-29T17:36:00Z" user="Hamid Reza Bahrami" uid="9570342" lat="27.0625849" lon="55.9662423"/>
 <node id="7727969566" visible="true" version="2" changeset="165603036" timestamp="2025-04-29T17:36:00Z" user="Hamid Reza Bahrami" uid="9570342" lat="27.0625002" lon="55.9661604"/>
 <node id="7727969567" visible="true" version="2" changeset="165603036" timestamp="2025-04-29T17:36:00Z" user="Hamid Reza Bahrami" uid="9570342" lat="27.0624598" lon="55.9661031"/>
 <node id="7727969568" visible="true" version="1" changeset="88192256" timestamp="2020-07-19T07:01:14Z" user="ABBanaderi" uid="10823823" lat="27.0623670" lon="55.9656188"/>
 <node id="7727969569" visible="true" version="1" changeset="88192256" timestamp="2020-07-19T07:01:14Z" user="ABBanaderi" uid="10823823" lat="27.0623924" lon="55.9655306"/>
 <node id="7727969570" visible="true" version="1" changeset="88192256" timestamp="2020-07-19T07:01:14Z" user="ABBanaderi" uid="10823823" lat="27.0624410" lon="55.9654631"/>
 <node id="7727969571" visible="true" version="2" changeset="165603036" timestamp="2025-04-29T17:36:00Z" user="Hamid Reza Bahrami" uid="9570342" lat="27.0625194" lon="55.9653765"/>
 <node id="7727969572" visible="true" version="2" changeset="165603036" timestamp="2025-04-29T17:36:00Z" user="Hamid Reza Bahrami" uid="9570342" lat="27.0629018" lon="55.9677089"/>
 <node id="7727969573" visible="true" version="2" changeset="165603036" timestamp="2025-04-29T17:36:00Z" user="Hamid Reza Bahrami" uid="9570342" lat="27.0636617" lon="55.9663224"/>
 <node id="7727969574" visible="true" version="2" changeset="165603036" timestamp="2025-04-29T17:36:00Z" user="Hamid Reza Bahrami" uid="9570342" lat="27.0633707" lon="55.9663170"/>
 <node id="7727969575" visible="true" version="2" changeset="165603036" timestamp="2025-04-29T17:36:00Z" user="Hamid Reza Bahrami" uid="9570342" lat="27.0633621" lon="55.9676840"/>
 <node id="7727969576" visible="true" version="2" changeset="165603036" timestamp="2025-04-29T17:36:00Z" user="Hamid Reza Bahrami" uid="9570342" lat="27.0631271" lon="55.9670705">
  <tag k="name" v="مهمانسرای یاس"/>
  <tag k="operator" v="ISOICO"/>
  <tag k="tourism" v="apartment"/>
 </node>
 <node id="7727969580" visible="true" version="1" changeset="88192256" timestamp="2020-07-19T07:01:14Z" user="ABBanaderi" uid="10823823" lat="27.0622040" lon="55.9652871"/>
 <node id="8369769987" visible="true" version="1" changeset="98256573" timestamp="2021-01-28T00:58:51Z" user="Sal73x" uid="1293386" lat="26.9737292" lon="55.7512844"/>
 <node id="8369769988" visible="true" version="1" changeset="98256573" timestamp="2021-01-28T00:58:51Z" user="Sal73x" uid="1293386" lat="26.9733212" lon="55.7521588"/>
 <node id="8369769989" visible="true" version="1" changeset="98256573" timestamp="2021-01-28T00:58:51Z" user="Sal73x" uid="1293386" lat="26.9735824" lon="55.7523809"/>
 <node id="8369769990" visible="true" version="1" changeset="98256573" timestamp="2021-01-28T00:58:51Z" user="Sal73x" uid="1293386" lat="26.9738148" lon="55.7522369"/>
 <node id="8369769991" visible="true" version="1" changeset="98256573" timestamp="2021-01-28T00:58:51Z" user="Sal73x" uid="1293386" lat="26.9729191" lon="55.7459306"/>
 <node id="8369769992" visible="true" version="1" changeset="98256573" timestamp="2021-01-28T00:58:51Z" user="Sal73x" uid="1293386" lat="26.9729514" lon="55.7457386"/>
 <node id="8369769993" visible="true" version="1" changeset="98256573" timestamp="2021-01-28T00:58:51Z" user="Sal73x" uid="1293386" lat="26.9729240" lon="55.7456091"/>
 <node id="8369769994" visible="true" version="1" changeset="98256573" timestamp="2021-01-28T00:58:51Z" user="Sal73x" uid="1293386" lat="26.9725349" lon="55.7453829"/>
 <node id="8369860625" visible="true" version="1" changeset="98256573" timestamp="2021-01-28T00:58:51Z" user="Sal73x" uid="1293386" lat="26.9739122" lon="55.7477677"/>
 <node id="8723691180" visible="true" version="1" changeset="104545816" timestamp="2021-05-12T05:26:06Z" user="CalleLaRonda" uid="10811018" lat="27.0502705" lon="55.9713513"/>
 <node id="8723691188" visible="true" version="1" changeset="104545816" timestamp="2021-05-12T05:26:06Z" user="CalleLaRonda" uid="10811018" lat="27.0502704" lon="55.9712702"/>
 <node id="8723691190" visible="true" version="1" changeset="104545816" timestamp="2021-05-12T05:26:06Z" user="CalleLaRonda" uid="10811018" lat="27.0502704" lon="55.9711743"/>
 <node id="8748824398" visible="true" version="1" changeset="105011185" timestamp="2021-05-20T08:24:04Z" user="CalleLaRonda" uid="10811018" lat="26.9736803" lon="55.7473245"/>
 <node id="8748824399" visible="true" version="1" changeset="105011185" timestamp="2021-05-20T08:24:04Z" user="CalleLaRonda" uid="10811018" lat="26.9736587" lon="55.7472722"/>
 <node id="9806465822" visible="true" version="1" changeset="122165432" timestamp="2022-06-09T13:02:47Z" user="lorenzo23622" uid="476483" lat="27.0983776" lon="56.0195374"/>
 <node id="9806465829" visible="true" version="1" changeset="122165432" timestamp="2022-06-09T13:02:47Z" user="lorenzo23622" uid="476483" lat="27.0989839" lon="56.0206899"/>
 <node id="9806496660" visible="true" version="1" changeset="122166043" timestamp="2022-06-09T13:15:24Z" user="lorenzo23622" uid="476483" lat="27.0226818" lon="55.9491983"/>
 <node id="9806496661" visible="true" version="1" changeset="122166043" timestamp="2022-06-09T13:15:24Z" user="lorenzo23622" uid="476483" lat="27.0225661" lon="55.9497375"/>
 <node id="9806496662" visible="true" version="1" changeset="122166043" timestamp="2022-06-09T13:15:24Z" user="lorenzo23622" uid="476483" lat="27.0233187" lon="55.9513568"/>
 <node id="9806496663" visible="true" version="1" changeset="122166043" timestamp="2022-06-09T13:15:24Z" user="lorenzo23622" uid="476483" lat="27.0222813" lon="55.9516013"/>
 <node id="9806496664" visible="true" version="1" changeset="122166043" timestamp="2022-06-09T13:15:24Z" user="lorenzo23622" uid="476483" lat="27.0227917" lon="55.9514137"/>
 <node id="9806496665" visible="true" version="1" changeset="122166043" timestamp="2022-06-09T13:15:24Z" user="lorenzo23622" uid="476483" lat="27.0226030" lon="55.9510230"/>
 <node id="9806496666" visible="true" version="1" changeset="122166043" timestamp="2022-06-09T13:15:24Z" user="lorenzo23622" uid="476483" lat="27.0240232" lon="55.9515794"/>
 <node id="9806496667" visible="true" version="1" changeset="122166043" timestamp="2022-06-09T13:15:24Z" user="lorenzo23622" uid="476483" lat="27.0244837" lon="55.9520736"/>
 <node id="9806496668" visible="true" version="1" changeset="122166043" timestamp="2022-06-09T13:15:24Z" user="lorenzo23622" uid="476483" lat="27.0243561" lon="55.9523487"/>
 <node id="9806496669" visible="true" version="1" changeset="122166043" timestamp="2022-06-09T13:15:24Z" user="lorenzo23622" uid="476483" lat="27.0251816" lon="55.9528805"/>
 <node id="9806496670" visible="true" version="1" changeset="122166043" timestamp="2022-06-09T13:15:24Z" user="lorenzo23622" uid="476483" lat="27.0238856" lon="55.9533779"/>
 <node id="9806496671" visible="true" version="1" changeset="122166043" timestamp="2022-06-09T13:15:24Z" user="lorenzo23622" uid="476483" lat="27.0249309" lon="55.9529330"/>
 <node id="9806496672" visible="true" version="1" changeset="122166043" timestamp="2022-06-09T13:15:24Z" user="lorenzo23622" uid="476483" lat="27.0248471" lon="55.9532489"/>
 <node id="9806496673" visible="true" version="1" changeset="122166043" timestamp="2022-06-09T13:15:24Z" user="lorenzo23622" uid="476483" lat="27.0245556" lon="55.9534395"/>
 <node id="9806496674" visible="true" version="1" changeset="122166043" timestamp="2022-06-09T13:15:24Z" user="lorenzo23622" uid="476483" lat="27.0243308" lon="55.9535535"/>
 <node id="9806496675" visible="true" version="1" changeset="122166043" timestamp="2022-06-09T13:15:24Z" user="lorenzo23622" uid="476483" lat="27.0240604" lon="55.9535684"/>
 <node id="9806496676" visible="true" version="1" changeset="122166043" timestamp="2022-06-09T13:15:24Z" user="lorenzo23622" uid="476483" lat="27.0240157" lon="55.9533404"/>
 <node id="9806496677" visible="true" version="1" changeset="122166043" timestamp="2022-06-09T13:15:24Z" user="lorenzo23622" uid="476483" lat="27.0239776" lon="55.9533006"/>
 <node id="9806496678" visible="true" version="1" changeset="122166043" timestamp="2022-06-09T13:15:24Z" user="lorenzo23622" uid="476483" lat="27.0239166" lon="55.9533122"/>
 <node id="9806496679" visible="true" version="1" changeset="122166043" timestamp="2022-06-09T13:15:24Z" user="lorenzo23622" uid="476483" lat="27.0239438" lon="55.9534919"/>
 <node id="9806496680" visible="true" version="1" changeset="122166043" timestamp="2022-06-09T13:15:24Z" user="lorenzo23622" uid="476483" lat="27.0242081" lon="55.9535937"/>
 <node id="9806496681" visible="true" version="1" changeset="122166043" timestamp="2022-06-09T13:15:24Z" user="lorenzo23622" uid="476483" lat="27.0242092" lon="55.9524903"/>
 <node id="9806496682" visible="true" version="1" changeset="122166043" timestamp="2022-06-09T13:15:24Z" user="lorenzo23622" uid="476483" lat="27.0243433" lon="55.9524320"/>
 <node id="9806496683" visible="true" version="1" changeset="122166043" timestamp="2022-06-09T13:15:24Z" user="lorenzo23622" uid="476483" lat="27.0248014" lon="55.9526550"/>
 <node id="9806496684" visible="true" version="1" changeset="122166043" timestamp="2022-06-09T13:15:24Z" user="lorenzo23622" uid="476483" lat="27.0248278" lon="55.9530789"/>
 <node id="9806496685" visible="true" version="1" changeset="122166043" timestamp="2022-06-09T13:15:24Z" user="lorenzo23622" uid="476483" lat="27.0247317" lon="55.9532466"/>
 <node id="9806496686" visible="true" version="1" changeset="122166043" timestamp="2022-06-09T13:15:24Z" user="lorenzo23622" uid="476483" lat="27.0245708" lon="55.9533567"/>
 <node id="9806496687" visible="true" version="1" changeset="122166043" timestamp="2022-06-09T13:15:24Z" user="lorenzo23622" uid="476483" lat="27.0243656" lon="55.9534432"/>
 <node id="9806496688" visible="true" version="1" changeset="122166043" timestamp="2022-06-09T13:15:24Z" user="lorenzo23622" uid="476483" lat="27.0242073" lon="55.9534995"/>
 <node id="9806496689" visible="true" version="1" changeset="122166043" timestamp="2022-06-09T13:15:24Z" user="lorenzo23622" uid="476483" lat="27.0240054" lon="55.9534223"/>
 <node id="9806496690" visible="true" version="1" changeset="122166043" timestamp="2022-06-09T13:15:24Z" user="lorenzo23622" uid="476483" lat="27.0240523" lon="55.9534749"/>
 <node id="9806496691" visible="true" version="1" changeset="122166043" timestamp="2022-06-09T13:15:24Z" user="lorenzo23622" uid="476483" lat="27.0244101" lon="55.9526182"/>
 <node id="9806496692" visible="true" version="1" changeset="122166043" timestamp="2022-06-09T13:15:24Z" user="lorenzo23622" uid="476483" lat="27.0246307" lon="55.9527954"/>
 <node id="9806496693" visible="true" version="1" changeset="122166043" timestamp="2022-06-09T13:15:24Z" user="lorenzo23622" uid="476483" lat="27.0244955" lon="55.9527442"/>
 <node id="9806496694" visible="true" version="1" changeset="122166043" timestamp="2022-06-09T13:15:24Z" user="lorenzo23622" uid="476483" lat="27.0248229" lon="55.9528342"/>
 <node id="9806496695" visible="true" version="1" changeset="122166043" timestamp="2022-06-09T13:15:24Z" user="lorenzo23622" uid="476483" lat="27.0214104" lon="55.9458648"/>
 <node id="9806496696" visible="true" version="1" changeset="122166043" timestamp="2022-06-09T13:15:24Z" user="lorenzo23622" uid="476483" lat="27.0214596" lon="55.9461323"/>
 <node id="9806496697" visible="true" version="1" changeset="122166043" timestamp="2022-06-09T13:15:24Z" user="lorenzo23622" uid="476483" lat="27.0213799" lon="55.9465372"/>
 <node id="9806496698" visible="true" version="1" changeset="122166043" timestamp="2022-06-09T13:15:24Z" user="lorenzo23622" uid="476483" lat="27.0218820" lon="55.9483428"/>
 <node id="9806496699" visible="true" version="1" changeset="122166043" timestamp="2022-06-09T13:15:24Z" user="lorenzo23622" uid="476483" lat="27.0218121" lon="55.9481340"/>
 <node id="9806496700" visible="true" version="1" changeset="122166043" timestamp="2022-06-09T13:15:24Z" user="lorenzo23622" uid="476483" lat="27.0217360" lon="55.9476290"/>
 <node id="9806496701" visible="true" version="1" changeset="122166043" timestamp="2022-06-09T13:15:24Z" user="lorenzo23622" uid="476483" lat="27.0218320" lon="55.9478287"/>
 <node id="9806496702" visible="true" version="1" changeset="122166043" timestamp="2022-06-09T13:15:24Z" user="lorenzo23622" uid="476483" lat="27.0218365" lon="55.9480057"/>
 <node id="9806496711" visible="true" version="1" changeset="122166043" timestamp="2022-06-09T13:15:24Z" user="lorenzo23622" uid="476483" lat="27.0623527" lon="55.9330177"/>
 <node id="9806496715" visible="true" version="1" changeset="122166043" timestamp="2022-06-09T13:15:24Z" user="lorenzo23622" uid="476483" lat="27.0630478" lon="55.9306096"/>
 <node id="9950377111" visible="true" version="2" changeset="180527761" timestamp="2026-03-28T03:00:41Z" user="swimdb" uid="231017" lat="27.1053116" lon="56.0250959"/>
 <node id="9950377114" visible="true" version="2" changeset="180527761" timestamp="2026-03-28T03:00:41Z" user="swimdb" uid="231017" lat="27.1072066" lon="56.0257199"/>
 <node id="9994799713" visible="true" version="1" changeset="125694195" timestamp="2022-09-02T11:20:54Z" user="fereydoon555" uid="9543799" lat="27.0760853" lon="55.9051496"/>
 <node id="9994799714" visible="true" version="1" changeset="125694195" timestamp="2022-09-02T11:20:54Z" user="fereydoon555" uid="9543799" lat="27.0761573" lon="55.9053030"/>
 <node id="10101220000" visible="true" version="2" changeset="134440683" timestamp="2023-04-03T07:25:14Z" user="AhmadHB" uid="10182045" lat="27.0713178" lon="55.9076010"/>
 <node id="10101256921" visible="true" version="1" changeset="127528374" timestamp="2022-10-14T14:27:23Z" user="osmword" uid="12314223" lat="27.0878537" lon="55.9957407"/>
 <node id="10781183935" visible="true" version="1" changeset="134440683" timestamp="2023-04-03T07:25:14Z" user="AhmadHB" uid="10182045" lat="27.0767744" lon="55.9049365"/>
 <node id="10781183936" visible="true" version="1" changeset="134440683" timestamp="2023-04-03T07:25:14Z" user="AhmadHB" uid="10182045" lat="27.0777104" lon="55.9045382"/>
 <node id="10781183937" visible="true" version="1" changeset="134440683" timestamp="2023-04-03T07:25:14Z" user="AhmadHB" uid="10182045" lat="27.0773188" lon="55.9045770"/>
 <node id="10781183938" visible="true" version="1" changeset="134440683" timestamp="2023-04-03T07:25:14Z" user="AhmadHB" uid="10182045" lat="27.0768849" lon="55.9047298"/>
 <node id="10781183939" visible="true" version="1" changeset="134440683" timestamp="2023-04-03T07:25:14Z" user="AhmadHB" uid="10182045" lat="27.0765278" lon="55.9048884"/>
 <node id="10781183940" visible="true" version="1" changeset="134440683" timestamp="2023-04-03T07:25:14Z" user="AhmadHB" uid="10182045" lat="27.0748664" lon="55.9059749"/>
 <node id="10781183941" visible="true" version="1" changeset="134440683" timestamp="2023-04-03T07:25:14Z" user="AhmadHB" uid="10182045" lat="27.0738275" lon="55.9064580"/>
 <node id="11071570614" visible="true" version="1" changeset="139096006" timestamp="2023-07-27T16:22:35Z" user="elsy1" uid="2038741" lat="27.0970189" lon="56.0156500"/>
 <node id="11071570630" visible="true" version="1" changeset="139096006" timestamp="2023-07-27T16:22:35Z" user="elsy1" uid="2038741" lat="27.0936977" lon="56.0097181"/>
 <node id="11463077965" visible="true" version="1" changeset="145626796" timestamp="2023-12-28T16:04:36Z" user="Seandebasti" uid="550560" lat="27.1040433" lon="56.0280780"/>
 <node id="11463146764" visible="true" version="1" changeset="145626796" timestamp="2023-12-28T16:04:36Z" user="Seandebasti" uid="550560" lat="27.0963252" lon="56.0156359"/>
 <node id="11463146772" visible="true" version="1" changeset="145626796" timestamp="2023-12-28T16:04:36Z" user="Seandebasti" uid="550560" lat="27.0975390" lon="56.0179432"/>
 <node id="11463146777" visible="true" version="1" changeset="145626796" timestamp="2023-12-28T16:04:36Z" user="Seandebasti" uid="550560" lat="27.0980923" lon="56.0189951"/>
 <node id="11463146794" visible="true" version="1" changeset="145626796" timestamp="2023-12-28T16:04:36Z" user="Seandebasti" uid="550560" lat="27.0876456" lon="56.0001981"/>
 <node id="11463146796" visible="true" version="1" changeset="145626796" timestamp="2023-12-28T16:04:36Z" user="Seandebasti" uid="550560" lat="27.0869197" lon="55.9965349"/>
 <node id="11463146800" visible="true" version="1" changeset="145626796" timestamp="2023-12-28T16:04:36Z" user="Seandebasti" uid="550560" lat="27.0873603" lon="55.9994159"/>
 <node id="11463146803" visible="true" version="1" changeset="145626796" timestamp="2023-12-28T16:04:36Z" user="Seandebasti" uid="550560" lat="27.0878371" lon="55.9943235"/>
 <node id="11463146964" visible="true" version="1" changeset="145626796" timestamp="2023-12-28T16:04:36Z" user="Seandebasti" uid="550560" lat="27.0301441" lon="55.9561647"/>
 <node id="11463146965" visible="true" version="1" changeset="145626796" timestamp="2023-12-28T16:04:36Z" user="Seandebasti" uid="550560" lat="27.0298547" lon="55.9569369"/>
 <node id="11463146966" visible="true" version="1" changeset="145626796" timestamp="2023-12-28T16:04:36Z" user="Seandebasti" uid="550560" lat="27.0299925" lon="55.9570294"/>
 <node id="11463146967" visible="true" version="1" changeset="145626796" timestamp="2023-12-28T16:04:36Z" user="Seandebasti" uid="550560" lat="27.0304200" lon="55.9561201"/>
 <node id="11463146968" visible="true" version="1" changeset="145626796" timestamp="2023-12-28T16:04:36Z" user="Seandebasti" uid="550560" lat="27.0307754" lon="55.9559593"/>
 <node id="11463146969" visible="true" version="1" changeset="145626796" timestamp="2023-12-28T16:04:36Z" user="Seandebasti" uid="550560" lat="27.0262179" lon="55.9535176"/>
 <node id="11463146979" visible="true" version="1" changeset="145626796" timestamp="2023-12-28T16:04:36Z" user="Seandebasti" uid="550560" lat="27.0224967" lon="55.9515221"/>
 <node id="11463146980" visible="true" version="1" changeset="145626796" timestamp="2023-12-28T16:04:36Z" user="Seandebasti" uid="550560" lat="27.0312669" lon="55.9564934"/>
 <node id="11463146981" visible="true" version="1" changeset="145626796" timestamp="2023-12-28T16:04:36Z" user="Seandebasti" uid="550560" lat="27.0321215" lon="55.9561266"/>
 <node id="11463146982" visible="true" version="1" changeset="145626796" timestamp="2023-12-28T16:04:36Z" user="Seandebasti" uid="550560" lat="27.0327781" lon="55.9569188"/>
 <node id="11463146983" visible="true" version="1" changeset="145626796" timestamp="2023-12-28T16:04:36Z" user="Seandebasti" uid="550560" lat="27.0330061" lon="55.9570483"/>
 <node id="11463147042" visible="true" version="1" changeset="145626796" timestamp="2023-12-28T16:04:36Z" user="Seandebasti" uid="550560" lat="27.0300805" lon="55.9563342"/>
 <node id="11463147043" visible="true" version="1" changeset="145626796" timestamp="2023-12-28T16:04:36Z" user="Seandebasti" uid="550560" lat="27.0298975" lon="55.9572199"/>
 <node id="12039868957" visible="true" version="1" changeset="153659672" timestamp="2024-07-07T12:20:14Z" user="Basstoelpel" uid="72235" lat="27.0725077" lon="55.9777500">
  <tag k="design" v="three-level"/>
  <tag k="power" v="tower"/>
  <tag k="structure" v="lattice"/>
 </node>
 <node id="12039868958" visible="true" version="1" changeset="153659672" timestamp="2024-07-07T12:20:14Z" user="Basstoelpel" uid="72235" lat="27.0596427" lon="55.9759719">
  <tag k="power" v="terminal"/>
 </node>
 <node id="12039868959" visible="true" version="1" changeset="153659672" timestamp="2024-07-07T12:20:14Z" user="Basstoelpel" uid="72235" lat="27.0598766" lon="55.9759632">
  <tag k="design" v="three-level"/>
  <tag k="power" v="tower"/>
  <tag k="structure" v="lattice"/>
 </node>
 <node id="12039868960" visible="true" version="1" changeset="153659672" timestamp="2024-07-07T12:20:14Z" user="Basstoelpel" uid="72235" lat="27.0604794" lon="55.9747278">
  <tag k="design" v="three-level"/>
  <tag k="power" v="tower"/>
  <tag k="structure" v="lattice"/>
 </node>
 <node id="12039868961" visible="true" version="1" changeset="153659672" timestamp="2024-07-07T12:20:14Z" user="Basstoelpel" uid="72235" lat="27.0628289" lon="55.9747451">
  <tag k="design" v="three-level"/>
  <tag k="power" v="tower"/>
  <tag k="structure" v="lattice"/>
 </node>
 <node id="12039868962" visible="true" version="1" changeset="153659672" timestamp="2024-07-07T12:20:14Z" user="Basstoelpel" uid="72235" lat="27.0653813" lon="55.9747552">
  <tag k="design" v="three-level"/>
  <tag k="power" v="tower"/>
  <tag k="structure" v="lattice"/>
 </node>
 <node id="12039868963" visible="true" version="1" changeset="153659672" timestamp="2024-07-07T12:20:14Z" user="Basstoelpel" uid="72235" lat="27.0681510" lon="55.9747870">
  <tag k="design" v="three-level"/>
  <tag k="power" v="tower"/>
  <tag k="structure" v="lattice"/>
 </node>
 <node id="12039868964" visible="true" version="1" changeset="153659672" timestamp="2024-07-07T12:20:14Z" user="Basstoelpel" uid="72235" lat="27.0704938" lon="55.9747855">
  <tag k="design" v="three-level"/>
  <tag k="power" v="tower"/>
  <tag k="structure" v="lattice"/>
 </node>
 <node id="12039868965" visible="true" version="1" changeset="153659672" timestamp="2024-07-07T12:20:14Z" user="Basstoelpel" uid="72235" lat="27.0740961" lon="55.9800881">
  <tag k="design" v="three-level"/>
  <tag k="power" v="tower"/>
  <tag k="structure" v="lattice"/>
 </node>
 <node id="12039868966" visible="true" version="1" changeset="153659672" timestamp="2024-07-07T12:20:14Z" user="Basstoelpel" uid="72235" lat="27.0749430" lon="55.9825359">
  <tag k="design" v="three-level"/>
  <tag k="power" v="tower"/>
  <tag k="structure" v="lattice"/>
 </node>
 <node id="12039868967" visible="true" version="1" changeset="153659672" timestamp="2024-07-07T12:20:14Z" user="Basstoelpel" uid="72235" lat="27.0758875" lon="55.9852666">
  <tag k="design" v="three-level"/>
  <tag k="power" v="tower"/>
  <tag k="structure" v="lattice"/>
 </node>
 <node id="12039868968" visible="true" version="1" changeset="153659672" timestamp="2024-07-07T12:20:14Z" user="Basstoelpel" uid="72235" lat="27.0798096" lon="55.9874285">
  <tag k="design" v="three-level"/>
  <tag k="power" v="tower"/>
  <tag k="structure" v="lattice"/>
 </node>
 <node id="12039871369" visible="true" version="1" changeset="153659672" timestamp="2024-07-07T12:20:14Z" user="Basstoelpel" uid="72235" lat="27.0777278" lon="55.9862812">
  <tag k="design" v="three-level"/>
  <tag k="power" v="tower"/>
  <tag k="structure" v="lattice"/>
 </node>
 <node id="12039871370" visible="true" version="1" changeset="153659672" timestamp="2024-07-07T12:20:14Z" user="Basstoelpel" uid="72235" lat="27.0818733" lon="55.9885659">
  <tag k="design" v="three-level"/>
  <tag k="power" v="tower"/>
  <tag k="structure" v="lattice"/>
 </node>
 <node id="12039871371" visible="true" version="1" changeset="153659672" timestamp="2024-07-07T12:20:14Z" user="Basstoelpel" uid="72235" lat="27.0824066" lon="55.9901319">
  <tag k="design" v="three-level"/>
  <tag k="power" v="tower"/>
  <tag k="structure" v="lattice"/>
 </node>
 <node id="12039871372" visible="true" version="1" changeset="153659672" timestamp="2024-07-07T12:20:14Z" user="Basstoelpel" uid="72235" lat="27.0824670" lon="55.9904826">
  <tag k="power" v="portal"/>
 </node>
 <node id="12039871373" visible="true" version="2" changeset="165602861" timestamp="2025-04-29T17:32:08Z" user="Hamid Reza Bahrami" uid="9570342" lat="27.0826774" lon="55.9904379">
  <tag k="power" v="portal"/>
 </node>
 <node id="12039871374" visible="true" version="1" changeset="153659672" timestamp="2024-07-07T12:20:14Z" user="Basstoelpel" uid="72235" lat="27.0824182" lon="55.9890624">
  <tag k="design" v="three-level"/>
  <tag k="power" v="tower"/>
  <tag k="structure" v="lattice"/>
 </node>
 <node id="12039871581" visible="true" version="1" changeset="153659672" timestamp="2024-07-07T12:20:14Z" user="Basstoelpel" uid="72235" lat="27.0837138" lon="55.9898607">
  <tag k="power" v="portal"/>
 </node>
 <node id="12039871582" visible="true" version="1" changeset="153659672" timestamp="2024-07-07T12:20:14Z" user="Basstoelpel" uid="72235" lat="27.0836068" lon="55.9891922">
  <tag k="design" v="delta"/>
  <tag k="power" v="tower"/>
  <tag k="structure" v="lattice"/>
 </node>
 <node id="12112831836" visible="true" version="1" changeset="155290830" timestamp="2024-08-15T16:13:33Z" user="fereydoon555" uid="9543799" lat="27.1125346" lon="56.0259044"/>
 <node id="12657458793" visible="true" version="1" changeset="163547604" timestamp="2025-03-12T22:21:12Z" user="ThisIsHowTheyCallMe" uid="21853788" lat="27.0707528" lon="55.9089989"/>
 <node id="12657458794" visible="true" version="1" changeset="163547604" timestamp="2025-03-12T22:21:12Z" user="ThisIsHowTheyCallMe" uid="21853788" lat="27.0746844" lon="55.9070648"/>
 <node id="12657458795" visible="true" version="1" changeset="163547604" timestamp="2025-03-12T22:21:12Z" user="ThisIsHowTheyCallMe" uid="21853788" lat="27.0784071" lon="55.9047594"/>
 <node id="12657458796" visible="true" version="1" changeset="163547604" timestamp="2025-03-12T22:21:12Z" user="ThisIsHowTheyCallMe" uid="21853788" lat="27.0815556" lon="55.9026299"/>
 <node id="12657458797" visible="true" version="1" changeset="163547604" timestamp="2025-03-12T22:21:12Z" user="ThisIsHowTheyCallMe" uid="21853788" lat="27.0841474" lon="55.8996798"/>
 <node id="12657458798" visible="true" version="1" changeset="163547604" timestamp="2025-03-12T22:21:12Z" user="ThisIsHowTheyCallMe" uid="21853788" lat="27.0869653" lon="55.8970814"/>
 <node id="12657458799" visible="true" version="1" changeset="163547604" timestamp="2025-03-12T22:21:12Z" user="ThisIsHowTheyCallMe" uid="21853788" lat="27.0904962" lon="55.8951277"/>
 <node id="12657458800" visible="true" version="1" changeset="163547604" timestamp="2025-03-12T22:21:12Z" user="ThisIsHowTheyCallMe" uid="21853788" lat="27.0932618" lon="55.8938773"/>
 <node id="12657563501" visible="true" version="1" changeset="163547604" timestamp="2025-03-12T22:21:12Z" user="ThisIsHowTheyCallMe" uid="21853788" lat="27.0973317" lon="55.8934475"/>
 <node id="12657563502" visible="true" version="1" changeset="163547604" timestamp="2025-03-12T22:21:12Z" user="ThisIsHowTheyCallMe" uid="21853788" lat="27.1009319" lon="55.8924902"/>
 <node id="12657563503" visible="true" version="1" changeset="163547604" timestamp="2025-03-12T22:21:12Z" user="ThisIsHowTheyCallMe" uid="21853788" lat="27.1047581" lon="55.8901457"/>
 <node id="12657563504" visible="true" version="1" changeset="163547604" timestamp="2025-03-12T22:21:12Z" user="ThisIsHowTheyCallMe" uid="21853788" lat="27.1082885" lon="55.8888367"/>
 <node id="12657563505" visible="true" version="1" changeset="163547604" timestamp="2025-03-12T22:21:12Z" user="ThisIsHowTheyCallMe" uid="21853788" lat="27.1116970" lon="55.8894229"/>
 <node id="12657563506" visible="true" version="1" changeset="163547604" timestamp="2025-03-12T22:21:12Z" user="ThisIsHowTheyCallMe" uid="21853788" lat="27.1146533" lon="55.8907318"/>
 <node id="12657563507" visible="true" version="1" changeset="163547604" timestamp="2025-03-12T22:21:12Z" user="ThisIsHowTheyCallMe" uid="21853788" lat="27.1179399" lon="55.8907709"/>
 <node id="12657563508" visible="true" version="1" changeset="163547604" timestamp="2025-03-12T22:21:12Z" user="ThisIsHowTheyCallMe" uid="21853788" lat="27.1202875" lon="55.8957724"/>
 <node id="12657563509" visible="true" version="1" changeset="163547604" timestamp="2025-03-12T22:21:12Z" user="ThisIsHowTheyCallMe" uid="21853788" lat="27.1209309" lon="55.8971595"/>
 <node id="12657563510" visible="true" version="1" changeset="163547604" timestamp="2025-03-12T22:21:12Z" user="ThisIsHowTheyCallMe" uid="21853788" lat="27.1201484" lon="55.9005785"/>
 <node id="12657563511" visible="true" version="1" changeset="163547604" timestamp="2025-03-12T22:21:12Z" user="ThisIsHowTheyCallMe" uid="21853788" lat="27.1188268" lon="55.9037826"/>
 <node id="12657563512" visible="true" version="1" changeset="163547604" timestamp="2025-03-12T22:21:12Z" user="ThisIsHowTheyCallMe" uid="21853788" lat="27.1152272" lon="55.9054823"/>
 <node id="12657563513" visible="true" version="1" changeset="163547604" timestamp="2025-03-12T22:21:12Z" user="ThisIsHowTheyCallMe" uid="21853788" lat="27.1155576" lon="55.9074946"/>
 <node id="12657563514" visible="true" version="1" changeset="163547604" timestamp="2025-03-12T22:21:12Z" user="ThisIsHowTheyCallMe" uid="21853788" lat="27.1188790" lon="55.9073774"/>
 <node id="12657563515" visible="true" version="1" changeset="163547604" timestamp="2025-03-12T22:21:12Z" user="ThisIsHowTheyCallMe" uid="21853788" lat="27.1222176" lon="55.9045054"/>
 <node id="12657563516" visible="true" version="1" changeset="163547604" timestamp="2025-03-12T22:21:12Z" user="ThisIsHowTheyCallMe" uid="21853788" lat="27.1254692" lon="55.9050720"/>
 <node id="12657563517" visible="true" version="1" changeset="163547604" timestamp="2025-03-12T22:21:12Z" user="ThisIsHowTheyCallMe" uid="21853788" lat="27.1274167" lon="55.9096046"/>
 <node id="12657563518" visible="true" version="1" changeset="163547604" timestamp="2025-03-12T22:21:12Z" user="ThisIsHowTheyCallMe" uid="21853788" lat="27.1283556" lon="55.9133752"/>
 <node id="12657563519" visible="true" version="1" changeset="163547604" timestamp="2025-03-12T22:21:12Z" user="ThisIsHowTheyCallMe" uid="21853788" lat="27.1276254" lon="55.9179664"/>
 <node id="12657563520" visible="true" version="1" changeset="163547604" timestamp="2025-03-12T22:21:12Z" user="ThisIsHowTheyCallMe" uid="21853788" lat="27.1304421" lon="55.9253319"/>
 <node id="12657563521" visible="true" version="1" changeset="163547604" timestamp="2025-03-12T22:21:12Z" user="ThisIsHowTheyCallMe" uid="21853788" lat="27.1308594" lon="55.9314665"/>
 <node id="12657563522" visible="true" version="1" changeset="163547604" timestamp="2025-03-12T22:21:12Z" user="ThisIsHowTheyCallMe" uid="21853788" lat="27.1293989" lon="55.9378746"/>
 <node id="12657563523" visible="true" version="1" changeset="163547604" timestamp="2025-03-12T22:21:12Z" user="ThisIsHowTheyCallMe" uid="21853788" lat="27.1278688" lon="55.9446735"/>
 <node id="12657563524" visible="true" version="1" changeset="163547604" timestamp="2025-03-12T22:21:12Z" user="ThisIsHowTheyCallMe" uid="21853788" lat="27.1279731" lon="55.9480534"/>
 <node id="12657563525" visible="true" version="1" changeset="163547604" timestamp="2025-03-12T22:21:12Z" user="ThisIsHowTheyCallMe" uid="21853788" lat="27.1277297" lon="55.9525860"/>
 <node id="12657563526" visible="true" version="1" changeset="163547604" timestamp="2025-03-12T22:21:12Z" user="ThisIsHowTheyCallMe" uid="21853788" lat="27.1253997" lon="55.9573139"/>
 <node id="12657563527" visible="true" version="1" changeset="163547604" timestamp="2025-03-12T22:21:12Z" user="ThisIsHowTheyCallMe" uid="21853788" lat="27.1223567" lon="55.9615144"/>
 <node id="12657563528" visible="true" version="1" changeset="163547604" timestamp="2025-03-12T22:21:12Z" user="ThisIsHowTheyCallMe" uid="21853788" lat="27.1183225" lon="55.9699739"/>
 <node id="12657563529" visible="true" version="1" changeset="163547604" timestamp="2025-03-12T22:21:12Z" user="ThisIsHowTheyCallMe" uid="21853788" lat="27.1150533" lon="55.9742525"/>
 <node id="12657563530" visible="true" version="1" changeset="163547604" timestamp="2025-03-12T22:21:12Z" user="ThisIsHowTheyCallMe" uid="21853788" lat="27.1119057" lon="55.9815203"/>
 <node id="12657563531" visible="true" version="1" changeset="163547604" timestamp="2025-03-12T22:21:12Z" user="ThisIsHowTheyCallMe" uid="21853788" lat="27.1034015" lon="55.9832786"/>
 <node id="12657563532" visible="true" version="1" changeset="163547604" timestamp="2025-03-12T22:21:12Z" user="ThisIsHowTheyCallMe" uid="21853788" lat="27.0979752" lon="55.9847244"/>
 <node id="12657563533" visible="true" version="1" changeset="163547604" timestamp="2025-03-12T22:21:12Z" user="ThisIsHowTheyCallMe" uid="21853788" lat="27.0946184" lon="55.9881043"/>
 <node id="12657563534" visible="true" version="1" changeset="163547604" timestamp="2025-03-12T22:21:12Z" user="ThisIsHowTheyCallMe" uid="21853788" lat="27.0922182" lon="55.9898431"/>
 <node id="12657563535" visible="true" version="1" changeset="163547604" timestamp="2025-03-12T22:21:12Z" user="ThisIsHowTheyCallMe" uid="21853788" lat="27.0869479" lon="55.9883387"/>
 <node id="12657563536" visible="true" version="1" changeset="163547604" timestamp="2025-03-12T22:21:12Z" user="ThisIsHowTheyCallMe" uid="21853788" lat="27.0827384" lon="55.9851346"/>
 <node id="12657563537" visible="true" version="1" changeset="163547604" timestamp="2025-03-12T22:21:12Z" user="ThisIsHowTheyCallMe" uid="21853788" lat="27.0783027" lon="55.9827316"/>
 <node id="12657563538" visible="true" version="1" changeset="163547604" timestamp="2025-03-12T22:21:12Z" user="ThisIsHowTheyCallMe" uid="21853788" lat="27.0767719" lon="55.9808365"/>
 <node id="12657563539" visible="true" version="1" changeset="163547604" timestamp="2025-03-12T22:21:12Z" user="ThisIsHowTheyCallMe" uid="21853788" lat="27.0752932" lon="55.9766751"/>
 <node id="12657563540" visible="true" version="1" changeset="163547604" timestamp="2025-03-12T22:21:12Z" user="ThisIsHowTheyCallMe" uid="21853788" lat="27.0734840" lon="55.9723770"/>
 <node id="12657563541" visible="true" version="1" changeset="163547604" timestamp="2025-03-12T22:21:12Z" user="ThisIsHowTheyCallMe" uid="21853788" lat="27.0708398" lon="55.9690166"/>
 <node id="12657563542" visible="true" version="1" changeset="163547604" timestamp="2025-03-12T22:21:12Z" user="ThisIsHowTheyCallMe" uid="21853788" lat="27.0686130" lon="55.9650701"/>
 <node id="12657563543" visible="true" version="1" changeset="163547604" timestamp="2025-03-12T22:21:12Z" user="ThisIsHowTheyCallMe" uid="21853788" lat="27.0669603" lon="55.9612800"/>
 <node id="12657563544" visible="true" version="1" changeset="163547604" timestamp="2025-03-12T22:21:12Z" user="ThisIsHowTheyCallMe" uid="21853788" lat="27.0656381" lon="55.9571967"/>
 <node id="12657563545" visible="true" version="1" changeset="163547604" timestamp="2025-03-12T22:21:12Z" user="ThisIsHowTheyCallMe" uid="21853788" lat="27.0645420" lon="55.9526251"/>
 <node id="12657563546" visible="true" version="1" changeset="163547604" timestamp="2025-03-12T22:21:12Z" user="ThisIsHowTheyCallMe" uid="21853788" lat="27.0637765" lon="55.9490303"/>
 <node id="12657563547" visible="true" version="1" changeset="163547604" timestamp="2025-03-12T22:21:12Z" user="ThisIsHowTheyCallMe" uid="21853788" lat="27.0628197" lon="55.9451619"/>
 <node id="12657563548" visible="true" version="1" changeset="163547604" timestamp="2025-03-12T22:21:12Z" user="ThisIsHowTheyCallMe" uid="21853788" lat="27.0619150" lon="55.9399065"/>
 <node id="12657563549" visible="true" version="1" changeset="163547604" timestamp="2025-03-12T22:21:12Z" user="ThisIsHowTheyCallMe" uid="21853788" lat="27.0623847" lon="55.9355302"/>
 <node id="12657563550" visible="true" version="1" changeset="163547604" timestamp="2025-03-12T22:21:12Z" user="ThisIsHowTheyCallMe" uid="21853788" lat="27.0642547" lon="55.9309336"/>
 <node id="12657563551" visible="true" version="1" changeset="163547604" timestamp="2025-03-12T22:21:12Z" user="ThisIsHowTheyCallMe" uid="21853788" lat="27.0649770" lon="55.9273637"/>
 <node id="12657563552" visible="true" version="1" changeset="163547604" timestamp="2025-03-12T22:21:12Z" user="ThisIsHowTheyCallMe" uid="21853788" lat="27.0653945" lon="55.9219715"/>
 <node id="12657563553" visible="true" version="1" changeset="163547604" timestamp="2025-03-12T22:21:12Z" user="ThisIsHowTheyCallMe" uid="21853788" lat="27.0665253" lon="55.9154071"/>
 <node id="12657563554" visible="true" version="1" changeset="163547604" timestamp="2025-03-12T22:21:12Z" user="ThisIsHowTheyCallMe" uid="21853788" lat="27.0675866" lon="55.9124961"/>
 <node id="12657563555" visible="true" version="1" changeset="163547604" timestamp="2025-03-12T22:21:12Z" user="ThisIsHowTheyCallMe" uid="21853788" lat="27.0689609" lon="55.9105228"/>
 <node id="12798126458" visible="true" version="1" changeset="165597934" timestamp="2025-04-29T15:29:56Z" user="Hamid Reza Bahrami" uid="9570342" lat="27.0221644" lon="55.9388654"/>
 <node id="12798126459" visible="true" version="1" changeset="165597934" timestamp="2025-04-29T15:29:56Z" user="Hamid Reza Bahrami" uid="9570342" lat="27.0222300" lon="55.9384377"/>
 <node id="12798126460" visible="true" version="1" changeset="165597934" timestamp="2025-04-29T15:29:56Z" user="Hamid Reza Bahrami" uid="9570342" lat="27.0221140" lon="55.9376687"/>
 <node id="12798209193" visible="true" version="1" changeset="165600139" timestamp="2025-04-29T16:22:32Z" user="Hamid Reza Bahrami" uid="9570342" lat="27.0652788" lon="55.9184835"/>
 <node id="12798209194" visible="true" version="1" changeset="165600139" timestamp="2025-04-29T16:22:32Z" user="Hamid Reza Bahrami" uid="9570342" lat="27.0656080" lon="55.9170014"/>
 <node id="12798317484" visible="true" version="1" changeset="165602861" timestamp="2025-04-29T17:32:08Z" user="Hamid Reza Bahrami" uid="9570342" lat="27.0604240" lon="55.9376884"/>
 <node id="12798317492" visible="true" version="1" changeset="165602861" timestamp="2025-04-29T17:32:08Z" user="Hamid Reza Bahrami" uid="9570342" lat="27.0599014" lon="55.9396109"/>
 <node id="12798338250" visible="true" version="1" changeset="165603036" timestamp="2025-04-29T17:36:00Z" user="Hamid Reza Bahrami" uid="9570342" lat="27.0625497" lon="55.9662161"/>
 <node id="12798340804" visible="true" version="1" changeset="165602861" timestamp="2025-04-29T17:32:08Z" user="Hamid Reza Bahrami" uid="9570342" lat="27.0599566" lon="55.9403683"/>
 <node id="12798340805" visible="true" version="1" changeset="165602861" timestamp="2025-04-29T17:32:08Z" user="Hamid Reza Bahrami" uid="9570342" lat="27.0611401" lon="55.9439089"/>
 <node id="12798340806" visible="true" version="1" changeset="165602861" timestamp="2025-04-29T17:32:08Z" user="Hamid Reza Bahrami" uid="9570342" lat="27.0611788" lon="55.9440150"/>
 <node id="12798340807" visible="true" version="1" changeset="165602861" timestamp="2025-04-29T17:32:08Z" user="Hamid Reza Bahrami" uid="9570342" lat="27.0633385" lon="55.9490549"/>
 <node id="12798340808" visible="true" version="1" changeset="165602861" timestamp="2025-04-29T17:32:08Z" user="Hamid Reza Bahrami" uid="9570342" lat="27.0634909" lon="55.9496321"/>
 <node id="12798340809" visible="true" version="1" changeset="165602861" timestamp="2025-04-29T17:32:08Z" user="Hamid Reza Bahrami" uid="9570342" lat="27.0631315" lon="55.9493766"/>
 <node id="12798340810" visible="true" version="1" changeset="165602861" timestamp="2025-04-29T17:32:08Z" user="Hamid Reza Bahrami" uid="9570342" lat="27.0752320" lon="55.9626449"/>
 <node id="12798340811" visible="true" version="1" changeset="165602861" timestamp="2025-04-29T17:32:08Z" user="Hamid Reza Bahrami" uid="9570342" lat="27.0749799" lon="55.9624161"/>
 <node id="12798340812" visible="true" version="1" changeset="165602861" timestamp="2025-04-29T17:32:08Z" user="Hamid Reza Bahrami" uid="9570342" lat="27.0747541" lon="55.9623595"/>
 <node id="12798340813" visible="true" version="1" changeset="165602861" timestamp="2025-04-29T17:32:08Z" user="Hamid Reza Bahrami" uid="9570342" lat="27.0746290" lon="55.9624954"/>
 <node id="12798340814" visible="true" version="1" changeset="165602861" timestamp="2025-04-29T17:32:08Z" user="Hamid Reza Bahrami" uid="9570342" lat="27.0746210" lon="55.9625837"/>
 <node id="12798340815" visible="true" version="1" changeset="165602861" timestamp="2025-04-29T17:32:08Z" user="Hamid Reza Bahrami" uid="9570342" lat="27.0748630" lon="55.9629370"/>
 <node id="12798340816" visible="true" version="1" changeset="165602861" timestamp="2025-04-29T17:32:08Z" user="Hamid Reza Bahrami" uid="9570342" lat="27.0749154" lon="55.9629959"/>
 <node id="12798340817" visible="true" version="1" changeset="165602861" timestamp="2025-04-29T17:32:08Z" user="Hamid Reza Bahrami" uid="9570342" lat="27.0749577" lon="55.9630163"/>
 <node id="12798340818" visible="true" version="1" changeset="165602861" timestamp="2025-04-29T17:32:08Z" user="Hamid Reza Bahrami" uid="9570342" lat="27.0750001" lon="55.9630208"/>
 <node id="12798340819" visible="true" version="1" changeset="165602861" timestamp="2025-04-29T17:32:08Z" user="Hamid Reza Bahrami" uid="9570342" lat="27.0750646" lon="55.9630163"/>
 <node id="12798340820" visible="true" version="1" changeset="165602861" timestamp="2025-04-29T17:32:08Z" user="Hamid Reza Bahrami" uid="9570342" lat="27.0751150" lon="55.9630118"/>
 <node id="12798340821" visible="true" version="1" changeset="165602861" timestamp="2025-04-29T17:32:08Z" user="Hamid Reza Bahrami" uid="9570342" lat="27.0751352" lon="55.9629959"/>
 <node id="12798340822" visible="true" version="1" changeset="165602861" timestamp="2025-04-29T17:32:08Z" user="Hamid Reza Bahrami" uid="9570342" lat="27.0749799" lon="55.9628759">
  <tag k="man_made" v="tower"/>
  <tag k="tower:type" v="communication"/>
 </node>
 <node id="12798340823" visible="true" version="1" changeset="165602861" timestamp="2025-04-29T17:32:08Z" user="Hamid Reza Bahrami" uid="9570342" lat="27.0750651" lon="55.9627377"/>
 <node id="12798340824" visible="true" version="1" changeset="165602861" timestamp="2025-04-29T17:32:08Z" user="Hamid Reza Bahrami" uid="9570342" lat="27.0749900" lon="55.9626546"/>
 <node id="12798340825" visible="true" version="1" changeset="165602861" timestamp="2025-04-29T17:32:08Z" user="Hamid Reza Bahrami" uid="9570342" lat="27.0749250" lon="55.9627287"/>
 <node id="12798340826" visible="true" version="1" changeset="165602861" timestamp="2025-04-29T17:32:08Z" user="Hamid Reza Bahrami" uid="9570342" lat="27.0750001" lon="55.9628118"/>
 <node id="12798340827" visible="true" version="1" changeset="165602861" timestamp="2025-04-29T17:32:08Z" user="Hamid Reza Bahrami" uid="9570342" lat="27.0746516" lon="55.9624708">
  <tag k="barrier" v="gate"/>
 </node>
 <node id="12798340828" visible="true" version="1" changeset="165602861" timestamp="2025-04-29T17:32:08Z" user="Hamid Reza Bahrami" uid="9570342" lat="27.0745847" lon="55.9623754"/>
 <node id="12798340829" visible="true" version="1" changeset="165602861" timestamp="2025-04-29T17:32:08Z" user="Hamid Reza Bahrami" uid="9570342" lat="27.0745201" lon="55.9622304"/>
 <node id="12798340830" visible="true" version="1" changeset="165602861" timestamp="2025-04-29T17:32:08Z" user="Hamid Reza Bahrami" uid="9570342" lat="27.0744617" lon="55.9621058"/>
 <node id="12798340831" visible="true" version="1" changeset="165602861" timestamp="2025-04-29T17:32:08Z" user="Hamid Reza Bahrami" uid="9570342" lat="27.0744496" lon="55.9620130"/>
 <node id="12798340832" visible="true" version="1" changeset="165602861" timestamp="2025-04-29T17:32:08Z" user="Hamid Reza Bahrami" uid="9570342" lat="27.0744536" lon="55.9619632"/>
 <node id="12798340833" visible="true" version="1" changeset="165602861" timestamp="2025-04-29T17:32:08Z" user="Hamid Reza Bahrami" uid="9570342" lat="27.0744818" lon="55.9619269"/>
 <node id="12798340834" visible="true" version="1" changeset="165602861" timestamp="2025-04-29T17:32:08Z" user="Hamid Reza Bahrami" uid="9570342" lat="27.0745242" lon="55.9619156"/>
 <node id="12798340835" visible="true" version="1" changeset="165602861" timestamp="2025-04-29T17:32:08Z" user="Hamid Reza Bahrami" uid="9570342" lat="27.0745766" lon="55.9619156"/>
 <node id="12798340836" visible="true" version="1" changeset="165602861" timestamp="2025-04-29T17:32:08Z" user="Hamid Reza Bahrami" uid="9570342" lat="27.0746351" lon="55.9619428"/>
 <node id="12798340837" visible="true" version="1" changeset="165602861" timestamp="2025-04-29T17:32:08Z" user="Hamid Reza Bahrami" uid="9570342" lat="27.0746936" lon="55.9619926"/>
 <node id="12798340838" visible="true" version="1" changeset="165602861" timestamp="2025-04-29T17:32:08Z" user="Hamid Reza Bahrami" uid="9570342" lat="27.0747944" lon="55.9620673"/>
 <node id="12798340839" visible="true" version="1" changeset="165602861" timestamp="2025-04-29T17:32:08Z" user="Hamid Reza Bahrami" uid="9570342" lat="27.0748932" lon="55.9621308"/>
 <node id="12798340840" visible="true" version="1" changeset="165602861" timestamp="2025-04-29T17:32:08Z" user="Hamid Reza Bahrami" uid="9570342" lat="27.0751655" lon="55.9622304"/>
 <node id="12798340841" visible="true" version="1" changeset="165602861" timestamp="2025-04-29T17:32:08Z" user="Hamid Reza Bahrami" uid="9570342" lat="27.0753631" lon="55.9623119"/>
 <node id="12798340842" visible="true" version="1" changeset="165602861" timestamp="2025-04-29T17:32:08Z" user="Hamid Reza Bahrami" uid="9570342" lat="27.0754599" lon="55.9623527"/>
 <node id="12798340843" visible="true" version="1" changeset="165602861" timestamp="2025-04-29T17:32:08Z" user="Hamid Reza Bahrami" uid="9570342" lat="27.0755204" lon="55.9623618"/>
 <node id="12798340844" visible="true" version="1" changeset="165602861" timestamp="2025-04-29T17:32:08Z" user="Hamid Reza Bahrami" uid="9570342" lat="27.0755769" lon="55.9623482"/>
 <node id="12798340845" visible="true" version="1" changeset="165602861" timestamp="2025-04-29T17:32:08Z" user="Hamid Reza Bahrami" uid="9570342" lat="27.0755970" lon="55.9622984"/>
 <node id="12798340846" visible="true" version="1" changeset="165602861" timestamp="2025-04-29T17:32:08Z" user="Hamid Reza Bahrami" uid="9570342" lat="27.0755829" lon="55.9622395"/>
 <node id="12798340847" visible="true" version="1" changeset="165602861" timestamp="2025-04-29T17:32:08Z" user="Hamid Reza Bahrami" uid="9570342" lat="27.0755426" lon="55.9622010"/>
 <node id="12798340848" visible="true" version="1" changeset="165602861" timestamp="2025-04-29T17:32:08Z" user="Hamid Reza Bahrami" uid="9570342" lat="27.0753732" lon="55.9621058"/>
 <node id="12798340849" visible="true" version="1" changeset="165602861" timestamp="2025-04-29T17:32:08Z" user="Hamid Reza Bahrami" uid="9570342" lat="27.0751433" lon="55.9619111"/>
 <node id="12798340850" visible="true" version="1" changeset="165602861" timestamp="2025-04-29T17:32:08Z" user="Hamid Reza Bahrami" uid="9570342" lat="27.0750727" lon="55.9618205"/>
 <node id="12798340851" visible="true" version="1" changeset="165602861" timestamp="2025-04-29T17:32:08Z" user="Hamid Reza Bahrami" uid="9570342" lat="27.0749759" lon="55.9616076"/>
 <node id="12798340852" visible="true" version="1" changeset="165602861" timestamp="2025-04-29T17:32:08Z" user="Hamid Reza Bahrami" uid="9570342" lat="27.0748892" lon="55.9614672"/>
 <node id="12798340853" visible="true" version="1" changeset="165602861" timestamp="2025-04-29T17:32:08Z" user="Hamid Reza Bahrami" uid="9570342" lat="27.0748186" lon="55.9613516"/>
 <node id="12798340854" visible="true" version="1" changeset="165602861" timestamp="2025-04-29T17:32:08Z" user="Hamid Reza Bahrami" uid="9570342" lat="27.0747279" lon="55.9612973"/>
 <node id="12798340855" visible="true" version="1" changeset="165602861" timestamp="2025-04-29T17:32:08Z" user="Hamid Reza Bahrami" uid="9570342" lat="27.0746855" lon="55.9612475"/>
 <node id="12798340856" visible="true" version="1" changeset="165602861" timestamp="2025-04-29T17:32:08Z" user="Hamid Reza Bahrami" uid="9570342" lat="27.0746674" lon="55.9611999"/>
 <node id="12798340857" visible="true" version="1" changeset="165602861" timestamp="2025-04-29T17:32:08Z" user="Hamid Reza Bahrami" uid="9570342" lat="27.0746795" lon="55.9611637"/>
 <node id="12798340858" visible="true" version="1" changeset="165602861" timestamp="2025-04-29T17:32:08Z" user="Hamid Reza Bahrami" uid="9570342" lat="27.0747137" lon="55.9611433"/>
 <node id="12798340859" visible="true" version="1" changeset="165602861" timestamp="2025-04-29T17:32:08Z" user="Hamid Reza Bahrami" uid="9570342" lat="27.0747521" lon="55.9611433"/>
 <node id="12798340860" visible="true" version="1" changeset="165602861" timestamp="2025-04-29T17:32:08Z" user="Hamid Reza Bahrami" uid="9570342" lat="27.0748025" lon="55.9611591"/>
 <node id="12798340861" visible="true" version="1" changeset="165602861" timestamp="2025-04-29T17:32:08Z" user="Hamid Reza Bahrami" uid="9570342" lat="27.0748811" lon="55.9611954"/>
 <node id="12798340862" visible="true" version="1" changeset="165602861" timestamp="2025-04-29T17:32:08Z" user="Hamid Reza Bahrami" uid="9570342" lat="27.0752502" lon="55.9614898"/>
 <node id="12798340863" visible="true" version="1" changeset="165602861" timestamp="2025-04-29T17:32:08Z" user="Hamid Reza Bahrami" uid="9570342" lat="27.0754196" lon="55.9616144"/>
 <node id="12798340864" visible="true" version="1" changeset="165602861" timestamp="2025-04-29T17:32:08Z" user="Hamid Reza Bahrami" uid="9570342" lat="27.0755486" lon="55.9616891"/>
 <node id="12798340865" visible="true" version="1" changeset="165602861" timestamp="2025-04-29T17:32:08Z" user="Hamid Reza Bahrami" uid="9570342" lat="27.0756353" lon="55.9617299"/>
 <node id="12798340866" visible="true" version="1" changeset="165602861" timestamp="2025-04-29T17:32:08Z" user="Hamid Reza Bahrami" uid="9570342" lat="27.0757019" lon="55.9617140"/>
 <node id="12798340867" visible="true" version="1" changeset="165602861" timestamp="2025-04-29T17:32:08Z" user="Hamid Reza Bahrami" uid="9570342" lat="27.0757503" lon="55.9616665"/>
 <node id="12798340868" visible="true" version="1" changeset="165602861" timestamp="2025-04-29T17:32:08Z" user="Hamid Reza Bahrami" uid="9570342" lat="27.0757543" lon="55.9615827"/>
 <node id="12798340869" visible="true" version="1" changeset="165602861" timestamp="2025-04-29T17:32:08Z" user="Hamid Reza Bahrami" uid="9570342" lat="27.0757604" lon="55.9615215"/>
 <node id="12798340870" visible="true" version="1" changeset="165602861" timestamp="2025-04-29T17:32:08Z" user="Hamid Reza Bahrami" uid="9570342" lat="27.0757100" lon="55.9614377"/>
 <node id="12798340871" visible="true" version="1" changeset="165602861" timestamp="2025-04-29T17:32:08Z" user="Hamid Reza Bahrami" uid="9570342" lat="27.0756071" lon="55.9613358"/>
 <node id="12798340872" visible="true" version="1" changeset="165602861" timestamp="2025-04-29T17:32:08Z" user="Hamid Reza Bahrami" uid="9570342" lat="27.0752784" lon="55.9610912"/>
 <node id="12798340873" visible="true" version="1" changeset="165602861" timestamp="2025-04-29T17:32:08Z" user="Hamid Reza Bahrami" uid="9570342" lat="27.0749092" lon="55.9606910"/>
 <node id="12798340874" visible="true" version="1" changeset="165602861" timestamp="2025-04-29T17:32:08Z" user="Hamid Reza Bahrami" uid="9570342" lat="27.0746393" lon="55.9604309"/>
 <node id="12798340875" visible="true" version="1" changeset="165602861" timestamp="2025-04-29T17:32:08Z" user="Hamid Reza Bahrami" uid="9570342" lat="27.0745366" lon="55.9603584"/>
 <node id="12798340876" visible="true" version="1" changeset="165602861" timestamp="2025-04-29T17:32:08Z" user="Hamid Reza Bahrami" uid="9570342" lat="27.0744316" lon="55.9603531"/>
 <node id="12798340877" visible="true" version="1" changeset="165602861" timestamp="2025-04-29T17:32:08Z" user="Hamid Reza Bahrami" uid="9570342" lat="27.0743050" lon="55.9604121"/>
 <node id="12798340878" visible="true" version="1" changeset="165602861" timestamp="2025-04-29T17:32:08Z" user="Hamid Reza Bahrami" uid="9570342" lat="27.0738440" lon="55.9606320"/>
 <node id="12798340879" visible="true" version="1" changeset="165602861" timestamp="2025-04-29T17:32:08Z" user="Hamid Reza Bahrami" uid="9570342" lat="27.0736745" lon="55.9607822"/>
 <node id="12798340880" visible="true" version="1" changeset="165602861" timestamp="2025-04-29T17:32:08Z" user="Hamid Reza Bahrami" uid="9570342" lat="27.0734500" lon="55.9610880"/>
 <node id="12798340881" visible="true" version="1" changeset="165602861" timestamp="2025-04-29T17:32:08Z" user="Hamid Reza Bahrami" uid="9570342" lat="27.0732279" lon="55.9614930"/>
 <node id="12798340882" visible="true" version="1" changeset="165602861" timestamp="2025-04-29T17:32:08Z" user="Hamid Reza Bahrami" uid="9570342" lat="27.0731156" lon="55.9617505"/>
 <node id="12798340883" visible="true" version="1" changeset="165602861" timestamp="2025-04-29T17:32:08Z" user="Hamid Reza Bahrami" uid="9570342" lat="27.0730893" lon="55.9619329"/>
 <node id="12798340884" visible="true" version="1" changeset="165602861" timestamp="2025-04-29T17:32:08Z" user="Hamid Reza Bahrami" uid="9570342" lat="27.0730774" lon="55.9621636"/>
 <node id="12798340885" visible="true" version="1" changeset="165602861" timestamp="2025-04-29T17:32:08Z" user="Hamid Reza Bahrami" uid="9570342" lat="27.0731180" lon="55.9625391"/>
 <node id="12798340886" visible="true" version="1" changeset="165602861" timestamp="2025-04-29T17:32:08Z" user="Hamid Reza Bahrami" uid="9570342" lat="27.0732756" lon="55.9632767"/>
 <node id="12798340887" visible="true" version="1" changeset="165602861" timestamp="2025-04-29T17:32:08Z" user="Hamid Reza Bahrami" uid="9570342" lat="27.0734619" lon="55.9641082"/>
 <node id="12798340888" visible="true" version="1" changeset="165602861" timestamp="2025-04-29T17:32:08Z" user="Hamid Reza Bahrami" uid="9570342" lat="27.0737581" lon="55.9650550"/>
 <node id="12798340889" visible="true" version="1" changeset="165602861" timestamp="2025-04-29T17:32:08Z" user="Hamid Reza Bahrami" uid="9570342" lat="27.0740829" lon="55.9658409"/>
 <node id="12798340890" visible="true" version="1" changeset="165602861" timestamp="2025-04-29T17:32:08Z" user="Hamid Reza Bahrami" uid="9570342" lat="27.0741211" lon="55.9660206"/>
 <node id="12798340891" visible="true" version="1" changeset="165602861" timestamp="2025-04-29T17:32:08Z" user="Hamid Reza Bahrami" uid="9570342" lat="27.0741282" lon="55.9661520"/>
 <node id="12798340892" visible="true" version="1" changeset="165602861" timestamp="2025-04-29T17:32:08Z" user="Hamid Reza Bahrami" uid="9570342" lat="27.0740948" lon="55.9663854"/>
 <node id="12798340893" visible="true" version="1" changeset="165602861" timestamp="2025-04-29T17:32:08Z" user="Hamid Reza Bahrami" uid="9570342" lat="27.0740208" lon="55.9666911"/>
 <node id="12798340894" visible="true" version="1" changeset="165602861" timestamp="2025-04-29T17:32:08Z" user="Hamid Reza Bahrami" uid="9570342" lat="27.0737485" lon="55.9675924"/>
 <node id="12798340895" visible="true" version="1" changeset="165602861" timestamp="2025-04-29T17:32:08Z" user="Hamid Reza Bahrami" uid="9570342" lat="27.0736792" lon="55.9678820"/>
 <node id="12798340896" visible="true" version="1" changeset="165602861" timestamp="2025-04-29T17:32:08Z" user="Hamid Reza Bahrami" uid="9570342" lat="27.0736792" lon="55.9680617"/>
 <node id="12798340897" visible="true" version="1" changeset="165602861" timestamp="2025-04-29T17:32:08Z" user="Hamid Reza Bahrami" uid="9570342" lat="27.0737485" lon="55.9684346"/>
 <node id="12798340898" visible="true" version="1" changeset="165602861" timestamp="2025-04-29T17:32:08Z" user="Hamid Reza Bahrami" uid="9570342" lat="27.0739467" lon="55.9692124"/>
 <node id="12798340899" visible="true" version="1" changeset="165602861" timestamp="2025-04-29T17:32:08Z" user="Hamid Reza Bahrami" uid="9570342" lat="27.0740900" lon="55.9697542"/>
 <node id="12798340900" visible="true" version="1" changeset="165602861" timestamp="2025-04-29T17:32:08Z" user="Hamid Reza Bahrami" uid="9570342" lat="27.0741545" lon="55.9700841"/>
 <node id="12798340901" visible="true" version="1" changeset="165602861" timestamp="2025-04-29T17:32:08Z" user="Hamid Reza Bahrami" uid="9570342" lat="27.0741521" lon="55.9702156"/>
 <node id="12798340902" visible="true" version="1" changeset="165602861" timestamp="2025-04-29T17:32:08Z" user="Hamid Reza Bahrami" uid="9570342" lat="27.0741330" lon="55.9703175"/>
 <node id="12798340903" visible="true" version="1" changeset="165602861" timestamp="2025-04-29T17:32:08Z" user="Hamid Reza Bahrami" uid="9570342" lat="27.0740494" lon="55.9704865"/>
 <node id="12798340904" visible="true" version="1" changeset="165602861" timestamp="2025-04-29T17:32:08Z" user="Hamid Reza Bahrami" uid="9570342" lat="27.0737390" lon="55.9709961"/>
 <node id="12798340905" visible="true" version="1" changeset="165602861" timestamp="2025-04-29T17:32:08Z" user="Hamid Reza Bahrami" uid="9570342" lat="27.0735742" lon="55.9712375"/>
 <node id="12798340906" visible="true" version="1" changeset="165602861" timestamp="2025-04-29T17:32:08Z" user="Hamid Reza Bahrami" uid="9570342" lat="27.0734476" lon="55.9713367"/>
 <node id="12798340907" visible="true" version="1" changeset="165602861" timestamp="2025-04-29T17:32:08Z" user="Hamid Reza Bahrami" uid="9570342" lat="27.0729771" lon="55.9715540"/>
 <node id="12798340908" visible="true" version="1" changeset="165602861" timestamp="2025-04-29T17:32:08Z" user="Hamid Reza Bahrami" uid="9570342" lat="27.0724397" lon="55.9718356"/>
 <node id="12798340909" visible="true" version="1" changeset="165602861" timestamp="2025-04-29T17:32:08Z" user="Hamid Reza Bahrami" uid="9570342" lat="27.0751319" lon="55.9626343"/>
 <node id="12798340910" visible="true" version="1" changeset="165602861" timestamp="2025-04-29T17:32:08Z" user="Hamid Reza Bahrami" uid="9570342" lat="27.0750796" lon="55.9625780"/>
 <node id="12798340911" visible="true" version="1" changeset="165602861" timestamp="2025-04-29T17:32:08Z" user="Hamid Reza Bahrami" uid="9570342" lat="27.0750368" lon="55.9626282"/>
 <node id="12798340912" visible="true" version="1" changeset="165602861" timestamp="2025-04-29T17:32:08Z" user="Hamid Reza Bahrami" uid="9570342" lat="27.0750891" lon="55.9626845"/>
 <node id="12798340913" visible="true" version="1" changeset="165602861" timestamp="2025-04-29T17:32:08Z" user="Hamid Reza Bahrami" uid="9570342" lat="27.0750345" lon="55.9625233"/>
 <node id="12798340914" visible="true" version="1" changeset="165602861" timestamp="2025-04-29T17:32:08Z" user="Hamid Reza Bahrami" uid="9570342" lat="27.0749629" lon="55.9624331"/>
 <node id="12798340915" visible="true" version="1" changeset="165602861" timestamp="2025-04-29T17:32:08Z" user="Hamid Reza Bahrami" uid="9570342" lat="27.0749170" lon="55.9624790"/>
 <node id="12798340916" visible="true" version="1" changeset="165602861" timestamp="2025-04-29T17:32:08Z" user="Hamid Reza Bahrami" uid="9570342" lat="27.0749887" lon="55.9625692"/>
 <node id="12798340917" visible="true" version="1" changeset="165602861" timestamp="2025-04-29T17:32:08Z" user="Hamid Reza Bahrami" uid="9570342" lat="27.0748341" lon="55.9624822"/>
 <node id="12798340918" visible="true" version="1" changeset="165602861" timestamp="2025-04-29T17:32:08Z" user="Hamid Reza Bahrami" uid="9570342" lat="27.0747744" lon="55.9623952"/>
 <node id="12798340919" visible="true" version="1" changeset="165602861" timestamp="2025-04-29T17:32:08Z" user="Hamid Reza Bahrami" uid="9570342" lat="27.0747270" lon="55.9624363"/>
 <node id="12798340920" visible="true" version="1" changeset="165602861" timestamp="2025-04-29T17:32:08Z" user="Hamid Reza Bahrami" uid="9570342" lat="27.0747867" lon="55.9625232"/>
 <node id="12798340921" visible="true" version="1" changeset="165602861" timestamp="2025-04-29T17:32:08Z" user="Hamid Reza Bahrami" uid="9570342" lat="27.0732272" lon="55.9749199"/>
 <node id="12798340922" visible="true" version="1" changeset="165602861" timestamp="2025-04-29T17:32:08Z" user="Hamid Reza Bahrami" uid="9570342" lat="27.0742496" lon="55.9753056"/>
 <node id="12798340927" visible="true" version="1" changeset="165602861" timestamp="2025-04-29T17:32:08Z" user="Hamid Reza Bahrami" uid="9570342" lat="27.0854782" lon="55.9897772"/>
 <node id="12798340928" visible="true" version="1" changeset="165602861" timestamp="2025-04-29T17:32:08Z" user="Hamid Reza Bahrami" uid="9570342" lat="27.0861105" lon="55.9907515"/>
 <node id="12798340929" visible="true" version="1" changeset="165602861" timestamp="2025-04-29T17:32:08Z" user="Hamid Reza Bahrami" uid="9570342" lat="27.0866940" lon="55.9921747"/>
 <node id="13685813596" visible="true" version="1" changeset="180527761" timestamp="2026-03-28T03:00:41Z" user="swimdb" uid="231017" lat="27.1091129" lon="56.0298484"/>
 <node id="13685813597" visible="true" version="1" changeset="180527761" timestamp="2026-03-28T03:00:41Z" user="swimdb" uid="231017" lat="27.1083127" lon="56.0259294"/>
 <node id="13685813598" visible="true" version="1" changeset="180527761" timestamp="2026-03-28T03:00:41Z" user="swimdb" uid="231017" lat="27.1093199" lon="56.0260349"/>
 <node id="13685813599" visible="true" version="1" changeset="180527761" timestamp="2026-03-28T03:00:41Z" user="swimdb" uid="231017" lat="27.1103610" lon="56.0260270"/>
 <node id="13685813600" visible="true" version="1" changeset="180527761" timestamp="2026-03-28T03:00:41Z" user="swimdb" uid="231017" lat="27.1079403" lon="56.0258732"/>
 <node id="13685822216" visible="true" version="1" changeset="180527761" timestamp="2026-03-28T03:00:41Z" user="swimdb" uid="231017" lat="27.1062430" lon="56.0254409"/>
 <node id="13685822217" visible="true" version="1" changeset="180527761" timestamp="2026-03-28T03:00:41Z" user="swimdb" uid="231017" lat="27.1045601" lon="56.0247186"/>
 <way id="42917637" visible="true" version="8" changeset="88192256" timestamp="2020-07-19T07:01:14Z" user="ABBanaderi" uid="10823823">
  <nd ref="537505583"/>
  <nd ref="6032672240"/>
  <nd ref="6032672239"/>
  <nd ref="6032672238"/>
  <nd ref="6032672237"/>
  <nd ref="537506241"/>
  <nd ref="537506242"/>
  <nd ref="6032672511"/>
  <nd ref="537506243"/>
  <nd ref="537506244"/>
  <nd ref="537506245"/>
  <nd ref="537506246"/>
  <nd ref="7727969580"/>
  <nd ref="6657065362"/>
  <nd ref="4393599202"/>
  <nd ref="3642362188"/>
  <nd ref="3642362189"/>
  <nd ref="3642366299"/>
  <tag k="highway" v="tertiary"/>
  <tag k="oneway" v="yes"/>
  <tag k="source" v="Yahoo hires"/>
 </way>
 <way id="157433605" visible="true" version="22" changeset="165597934" timestamp="2025-04-29T15:29:56Z" user="Hamid Reza Bahrami" uid="9570342">
  <nd ref="1695813310"/>
  <nd ref="8369769994"/>
  <nd ref="1695813312"/>
  <nd ref="1695813316"/>
  <nd ref="1695813322"/>
  <nd ref="8369769993"/>
  <nd ref="8369769992"/>
  <nd ref="8369769991"/>
  <nd ref="1695813329"/>
  <nd ref="1695813330"/>
  <nd ref="1695813328"/>
  <nd ref="1695813331"/>
  <nd ref="1695813333"/>
  <nd ref="1695813338"/>
  <nd ref="1572275898"/>
  <nd ref="1572275892"/>
  <nd ref="3308929539"/>
  <nd ref="8748824399"/>
  <nd ref="8748824398"/>
  <nd ref="1572275883"/>
  <nd ref="1572275900"/>
  <nd ref="1572275906"/>
  <nd ref="1695813343"/>
  <nd ref="1572275894"/>
  <nd ref="8369860625"/>
  <nd ref="1695813349"/>
  <nd ref="1695813362"/>
  <nd ref="1695813371"/>
  <nd ref="1695813374"/>
  <nd ref="4771894472"/>
  <nd ref="1695813373"/>
  <nd ref="1695813372"/>
  <nd ref="4771894490"/>
  <nd ref="1695813375"/>
  <nd ref="1695813376"/>
  <nd ref="4771894485"/>
  <nd ref="4771894484"/>
  <nd ref="4771894483"/>
  <nd ref="4771894482"/>
  <nd ref="4771894478"/>
  <nd ref="4771894479"/>
  <nd ref="4771894481"/>
  <nd ref="1695813393"/>
  <nd ref="4771894480"/>
  <nd ref="4771894477"/>
  <nd ref="4771894476"/>
  <nd ref="4771894475"/>
  <nd ref="4771894473"/>
  <nd ref="8369769987"/>
  <nd ref="8369769988"/>
  <nd ref="8369769989"/>
  <nd ref="8369769990"/>
  <nd ref="1695813410"/>
  <nd ref="1695813438"/>
  <nd ref="5230643574"/>
  <nd ref="5230643575"/>
  <nd ref="5230643576"/>
  <nd ref="5230643577"/>
  <nd ref="5230643578"/>
  <nd ref="5230643579"/>
  <nd ref="5230643580"/>
  <nd ref="5230643581"/>
  <nd ref="5230643582"/>
  <nd ref="5230643583"/>
  <nd ref="5230643584"/>
  <nd ref="5230643585"/>
  <nd ref="5230643586"/>
  <nd ref="5230643587"/>
  <nd ref="5230643588"/>
  <nd ref="5230643589"/>
  <nd ref="5230643590"/>
  <nd ref="5230643591"/>
  <nd ref="1695813563"/>
  <nd ref="1695813566"/>
  <nd ref="1695813572"/>
  <nd ref="1695813579"/>
  <nd ref="1695813575"/>
  <nd ref="1695813580"/>
  <nd ref="1695813576"/>
  <nd ref="1695813569"/>
  <nd ref="1695813565"/>
  <nd ref="1695813568"/>
  <nd ref="1695813574"/>
  <nd ref="5230643478"/>
  <nd ref="1695813582"/>
  <nd ref="1695813577"/>
  <nd ref="1695813578"/>
  <nd ref="1695813581"/>
  <nd ref="1695813584"/>
  <nd ref="1695813583"/>
  <nd ref="1695813587"/>
  <nd ref="1695813594"/>
  <nd ref="1695813602"/>
  <nd ref="1695813588"/>
  <nd ref="1695813589"/>
  <nd ref="1695813595"/>
  <nd ref="1695813596"/>
  <nd ref="1695813599"/>
  <nd ref="1695813605"/>
  <nd ref="1695813618"/>
  <nd ref="1695813643"/>
  <nd ref="1695813658"/>
  <nd ref="1695813639"/>
  <nd ref="1695813622"/>
  <nd ref="1695813610"/>
  <nd ref="1695813604"/>
  <nd ref="1695813609"/>
  <nd ref="1695813600"/>
  <nd ref="1695813613"/>
  <nd ref="1695813627"/>
  <nd ref="1695813630"/>
  <nd ref="1695813646"/>
  <nd ref="1695813664"/>
  <nd ref="1695813677"/>
  <nd ref="1695813682"/>
  <nd ref="1695813686"/>
  <nd ref="1695813684"/>
  <nd ref="1695813685"/>
  <nd ref="536807555"/>
  <nd ref="536807556"/>
  <nd ref="536807557"/>
  <nd ref="536807558"/>
  <nd ref="536807559"/>
  <nd ref="536807560"/>
  <nd ref="536808319"/>
  <nd ref="536808321"/>
  <nd ref="536808322"/>
  <nd ref="536808323"/>
  <nd ref="536808324"/>
  <nd ref="536808325"/>
  <nd ref="536808326"/>
  <nd ref="536808327"/>
  <nd ref="536808328"/>
  <nd ref="536808329"/>
  <nd ref="536808330"/>
  <nd ref="536808331"/>
  <nd ref="536808332"/>
  <nd ref="536808333"/>
  <nd ref="536808334"/>
  <nd ref="536808335"/>
  <nd ref="536808336"/>
  <nd ref="536808337"/>
  <nd ref="536808338"/>
  <nd ref="536808339"/>
  <nd ref="536808340"/>
  <nd ref="536808341"/>
  <nd ref="536808342"/>
  <nd ref="536808343"/>
  <nd ref="536808344"/>
  <nd ref="536808345"/>
  <nd ref="536808346"/>
  <nd ref="536808347"/>
  <nd ref="536808348"/>
  <nd ref="536808349"/>
  <nd ref="536808350"/>
  <nd ref="536808351"/>
  <nd ref="536808352"/>
  <nd ref="536808353"/>
  <nd ref="536808470"/>
  <nd ref="536808471"/>
  <nd ref="536808472"/>
  <nd ref="536808473"/>
  <nd ref="536808474"/>
  <nd ref="536808475"/>
  <nd ref="536808476"/>
  <nd ref="536808477"/>
  <nd ref="536808478"/>
  <nd ref="536808479"/>
  <nd ref="536808480"/>
  <nd ref="536808481"/>
  <nd ref="536808482"/>
  <nd ref="536808483"/>
  <nd ref="536808484"/>
  <nd ref="536808485"/>
  <nd ref="536808486"/>
  <nd ref="536808487"/>
  <nd ref="536808488"/>
  <nd ref="536808489"/>
  <nd ref="536808490"/>
  <nd ref="536808491"/>
  <nd ref="12798126460"/>
  <nd ref="536808492"/>
  <nd ref="12798126459"/>
  <nd ref="12798126458"/>
  <nd ref="536808494"/>
  <nd ref="536808495"/>
  <nd ref="536808496"/>
  <nd ref="536808497"/>
  <nd ref="536808500"/>
  <nd ref="536808501"/>
  <nd ref="536808504"/>
  <nd ref="536808505"/>
  <nd ref="536808506"/>
  <nd ref="536808507"/>
  <nd ref="9806496695"/>
  <nd ref="9806496696"/>
  <nd ref="9806496697"/>
  <nd ref="536808508"/>
  <nd ref="9806496700"/>
  <nd ref="9806496701"/>
  <nd ref="9806496702"/>
  <nd ref="9806496699"/>
  <nd ref="9806496698"/>
  <nd ref="536808509"/>
  <nd ref="9806496660"/>
  <nd ref="9806496661"/>
  <nd ref="1696560162"/>
  <nd ref="9806496665"/>
  <nd ref="9806496663"/>
  <nd ref="11463146979"/>
  <nd ref="9806496664"/>
  <nd ref="9806496662"/>
  <nd ref="9806496666"/>
  <nd ref="9806496667"/>
  <nd ref="9806496668"/>
  <nd ref="1696558169"/>
  <nd ref="9806496681"/>
  <nd ref="9806496682"/>
  <nd ref="9806496691"/>
  <nd ref="9806496693"/>
  <nd ref="9806496692"/>
  <nd ref="9806496683"/>
  <nd ref="9806496694"/>
  <nd ref="9806496684"/>
  <nd ref="9806496685"/>
  <nd ref="9806496686"/>
  <nd ref="9806496687"/>
  <nd ref="9806496688"/>
  <nd ref="9806496690"/>
  <nd ref="9806496689"/>
  <nd ref="9806496676"/>
  <nd ref="9806496677"/>
  <nd ref="9806496678"/>
  <nd ref="9806496670"/>
  <nd ref="9806496679"/>
  <nd ref="9806496675"/>
  <nd ref="9806496680"/>
  <nd ref="9806496674"/>
  <nd ref="9806496673"/>
  <nd ref="9806496672"/>
  <nd ref="9806496671"/>
  <nd ref="9806496669"/>
  <nd ref="11463146969"/>
  <nd ref="1696558170"/>
  <nd ref="1696558171"/>
  <nd ref="1696558173"/>
  <nd ref="11463146964"/>
  <nd ref="11463147042"/>
  <nd ref="11463146965"/>
  <nd ref="11463147043"/>
  <nd ref="11463146966"/>
  <nd ref="11463146967"/>
  <nd ref="11463146968"/>
  <nd ref="1696558178"/>
  <nd ref="11463146980"/>
  <nd ref="11463146981"/>
  <nd ref="1696558180"/>
  <nd ref="11463146982"/>
  <nd ref="11463146983"/>
  <nd ref="1696558190"/>
  <nd ref="1696558193"/>
  <nd ref="1696558192"/>
  <nd ref="1696558194"/>
  <nd ref="1696558195"/>
  <nd ref="6032644028"/>
  <nd ref="6032644043"/>
  <nd ref="1696558172"/>
  <nd ref="1696558174"/>
  <nd ref="4607972874"/>
  <nd ref="1696558177"/>
  <nd ref="4383132896"/>
  <nd ref="6032624947"/>
  <nd ref="6032624946"/>
  <nd ref="6032624945"/>
  <nd ref="6032624943"/>
  <nd ref="6032624944"/>
  <nd ref="4383132989"/>
  <nd ref="4383133047"/>
  <nd ref="4821420475"/>
  <nd ref="1696558196"/>
  <nd ref="4383133113"/>
  <nd ref="4383133277"/>
  <nd ref="4383133297"/>
  <nd ref="4383133309"/>
  <nd ref="4821417911"/>
  <nd ref="4821417912"/>
  <nd ref="4821417913"/>
  <nd ref="1696558198"/>
  <nd ref="4395470873"/>
  <nd ref="1696558199"/>
  <nd ref="4395470867"/>
  <nd ref="6032624924"/>
  <nd ref="6032624922"/>
  <nd ref="6032624923"/>
  <nd ref="1696558213"/>
  <nd ref="6032624925"/>
  <nd ref="6032624927"/>
  <nd ref="4395470869"/>
  <nd ref="6032624928"/>
  <nd ref="6032624926"/>
  <nd ref="8723691190"/>
  <nd ref="8723691188"/>
  <nd ref="8723691180"/>
  <nd ref="6032624929"/>
  <nd ref="6032624931"/>
  <nd ref="6032624932"/>
  <nd ref="6032624934"/>
  <nd ref="6032624933"/>
  <nd ref="6032624930"/>
  <nd ref="6032624935"/>
  <nd ref="6032624937"/>
  <nd ref="6032624938"/>
  <nd ref="6032624936"/>
  <nd ref="6032624939"/>
  <nd ref="6032624941"/>
  <nd ref="6032624942"/>
  <nd ref="6032624940"/>
  <nd ref="4383133617"/>
  <nd ref="1696558202"/>
  <nd ref="4821420473"/>
  <nd ref="1696558217"/>
  <nd ref="1696558216"/>
  <nd ref="1696558218"/>
  <nd ref="1696558219"/>
  <nd ref="1696558220"/>
  <nd ref="1696558221"/>
  <nd ref="4821417924"/>
  <nd ref="1696165731"/>
  <tag k="natural" v="coastline"/>
  <tag k="source" v="Yahoo hires;Bing;low res Bing"/>
 </way>
 <way id="217529040" visible="true" version="26" changeset="180527761" timestamp="2026-03-28T03:00:41Z" user="swimdb" uid="231017">
  <nd ref="1395447937"/>
  <nd ref="1395447933"/>
  <nd ref="4666703728"/>
  <nd ref="1395447931"/>
  <nd ref="4666703722"/>
  <nd ref="1395447930"/>
  <nd ref="3174708717"/>
  <nd ref="1395447928"/>
  <nd ref="3174708712"/>
  <nd ref="3174708711"/>
  <nd ref="3174708708"/>
  <nd ref="1395447927"/>
  <nd ref="1572276098"/>
  <nd ref="1572276097"/>
  <nd ref="1395447926"/>
  <nd ref="3174708703"/>
  <nd ref="3174708700"/>
  <nd ref="7189555412"/>
  <nd ref="1395447925"/>
  <nd ref="3174708697"/>
  <nd ref="1395447924"/>
  <nd ref="3174708694"/>
  <nd ref="1395447923"/>
  <nd ref="1395447922"/>
  <nd ref="1395447921"/>
  <nd ref="7189555413"/>
  <nd ref="3174708688"/>
  <nd ref="1395447920"/>
  <nd ref="3174708685"/>
  <nd ref="3174708683"/>
  <nd ref="10781183937"/>
  <nd ref="10781183938"/>
  <nd ref="10781183939"/>
  <nd ref="9994799713"/>
  <nd ref="1395447919"/>
  <nd ref="6657065397"/>
  <nd ref="537504613"/>
  <nd ref="6657065389"/>
  <nd ref="3174708679"/>
  <nd ref="10101220000"/>
  <nd ref="537504614"/>
  <nd ref="537504601"/>
  <nd ref="7698333919"/>
  <nd ref="3174708674"/>
  <nd ref="537504603"/>
  <nd ref="537504604"/>
  <nd ref="537504605"/>
  <nd ref="537504662"/>
  <nd ref="537504664"/>
  <nd ref="537504666"/>
  <nd ref="12798209194"/>
  <nd ref="12798209193"/>
  <nd ref="537504668"/>
  <nd ref="537504671"/>
  <nd ref="537504673"/>
  <nd ref="537504675"/>
  <nd ref="537504677"/>
  <nd ref="6657065371"/>
  <nd ref="537504678"/>
  <nd ref="6657065372"/>
  <nd ref="9806496715"/>
  <nd ref="537504680"/>
  <nd ref="5925846119"/>
  <nd ref="5925950036"/>
  <nd ref="537504682"/>
  <nd ref="9806496711"/>
  <nd ref="5276732704"/>
  <nd ref="5276732705"/>
  <nd ref="537504684"/>
  <nd ref="5276732701"/>
  <nd ref="537504686"/>
  <nd ref="12798317484"/>
  <nd ref="5276732700"/>
  <nd ref="537504688"/>
  <nd ref="537504690"/>
  <nd ref="12798317492"/>
  <nd ref="537504692"/>
  <nd ref="5276732695"/>
  <nd ref="12798340804"/>
  <nd ref="537504693"/>
  <nd ref="537504695"/>
  <nd ref="537504697"/>
  <nd ref="12798340805"/>
  <nd ref="12798340806"/>
  <nd ref="537505550"/>
  <nd ref="12798340809"/>
  <nd ref="537505551"/>
  <nd ref="5276732691"/>
  <nd ref="537505554"/>
  <nd ref="5276732690"/>
  <nd ref="537505557"/>
  <nd ref="5276732689"/>
  <nd ref="537505560"/>
  <nd ref="5276732688"/>
  <nd ref="537505563"/>
  <nd ref="537505565"/>
  <nd ref="5276732687"/>
  <nd ref="537505568"/>
  <nd ref="537505571"/>
  <nd ref="537505573"/>
  <nd ref="537505575"/>
  <nd ref="537505576"/>
  <nd ref="4666703733"/>
  <nd ref="537505579"/>
  <nd ref="537505583"/>
  <nd ref="537505586"/>
  <nd ref="537505590"/>
  <nd ref="537505594"/>
  <nd ref="537506236"/>
  <nd ref="537506234"/>
  <nd ref="5276732684"/>
  <nd ref="537506516"/>
  <nd ref="5276732683"/>
  <nd ref="5276732682"/>
  <nd ref="537506517"/>
  <nd ref="537506518"/>
  <nd ref="537506519"/>
  <nd ref="5276732681"/>
  <nd ref="12798340921"/>
  <nd ref="537506520"/>
  <nd ref="537506521"/>
  <nd ref="537506522"/>
  <nd ref="3174065306"/>
  <nd ref="537506523"/>
  <nd ref="537506524"/>
  <nd ref="4314044211"/>
  <nd ref="537506525"/>
  <nd ref="3174065336"/>
  <nd ref="537506526"/>
  <nd ref="537506527"/>
  <nd ref="537506528"/>
  <nd ref="537506529"/>
  <nd ref="537506530"/>
  <nd ref="4314044220"/>
  <nd ref="4314047076"/>
  <nd ref="537506574"/>
  <nd ref="537506575"/>
  <nd ref="537506576"/>
  <nd ref="537506577"/>
  <nd ref="12798340927"/>
  <nd ref="537506578"/>
  <nd ref="12798340928"/>
  <nd ref="3436473020"/>
  <nd ref="537506579"/>
  <nd ref="12798340929"/>
  <nd ref="537506580"/>
  <nd ref="4314047080"/>
  <nd ref="537506581"/>
  <nd ref="537506582"/>
  <nd ref="3436473025"/>
  <nd ref="3436473024"/>
  <nd ref="11463146796"/>
  <nd ref="537506583"/>
  <nd ref="537506584"/>
  <nd ref="537506585"/>
  <nd ref="11463146800"/>
  <nd ref="537506586"/>
  <nd ref="11463146794"/>
  <nd ref="537506587"/>
  <nd ref="4314047082"/>
  <nd ref="537506593"/>
  <nd ref="3436469346"/>
  <nd ref="3436469353"/>
  <nd ref="537506589"/>
  <nd ref="537506590"/>
  <nd ref="3436469359"/>
  <nd ref="3436469363"/>
  <nd ref="3436469373"/>
  <nd ref="537506591"/>
  <nd ref="3436469376"/>
  <nd ref="768355718"/>
  <nd ref="537506599"/>
  <nd ref="11463146764"/>
  <nd ref="11463146772"/>
  <nd ref="11463146777"/>
  <nd ref="9806465822"/>
  <nd ref="9806465829"/>
  <nd ref="537506600"/>
  <nd ref="537506601"/>
  <nd ref="537506602"/>
  <nd ref="6771245808"/>
  <nd ref="2268110732"/>
  <nd ref="11463077965"/>
  <nd ref="3436461336"/>
  <nd ref="3436461337"/>
  <nd ref="2268110737"/>
  <nd ref="2268110731"/>
  <nd ref="3436461338"/>
  <nd ref="2268110726"/>
  <nd ref="13685813596"/>
  <nd ref="2268110722"/>
  <nd ref="2268110713"/>
  <nd ref="5276732661"/>
  <nd ref="2268110719"/>
  <nd ref="5276732660"/>
  <nd ref="3436461340"/>
  <nd ref="2268110703"/>
  <nd ref="3436461347"/>
  <nd ref="2268110714"/>
  <nd ref="2268110709"/>
  <nd ref="3436461351"/>
  <nd ref="4339602049"/>
  <nd ref="537506871"/>
  <nd ref="1863495113"/>
  <nd ref="1863495114"/>
  <nd ref="1863495115"/>
  <tag k="highway" v="trunk"/>
  <tag k="lanes" v="2"/>
  <tag k="maxspeed" v="110"/>
  <tag k="oneway" v="yes"/>
  <tag k="ref" v="96"/>
  <tag k="surface" v="asphalt"/>
 </way>
 <way id="220138805" visible="true" version="1" changeset="15986362" timestamp="2013-05-05T16:12:08Z" user="seapilot" uid="252955">
  <nd ref="2292611989"/>
  <nd ref="2292611974"/>
  <nd ref="2292611973"/>
  <nd ref="2292611988"/>
  <nd ref="2292611989"/>
  <tag k="seamark:type" v="anchorage"/>
 </way>
 <way id="311683406" visible="true" version="3" changeset="153659672" timestamp="2024-07-07T12:20:14Z" user="Basstoelpel" uid="72235">
  <nd ref="12039871373"/>
  <nd ref="3174065356"/>
  <nd ref="12039871374"/>
  <nd ref="3174065355"/>
  <nd ref="3174065350"/>
  <nd ref="3174065346"/>
  <nd ref="3174065333"/>
  <nd ref="3174065314"/>
  <nd ref="3174065294"/>
  <nd ref="3174065287"/>
  <nd ref="3174065282"/>
  <nd ref="3174065277"/>
  <nd ref="3174065268"/>
  <nd ref="3174065263"/>
  <nd ref="3174065254"/>
  <nd ref="3174065247"/>
  <nd ref="3174065238"/>
  <nd ref="4821439655"/>
  <tag k="cables" v="6"/>
  <tag k="circuits" v="2"/>
  <tag k="frequency" v="50"/>
  <tag k="power" v="line"/>
  <tag k="voltage" v="63000"/>
 </way>
 <way id="311683425" visible="true" version="4" changeset="153659672" timestamp="2024-07-07T12:20:14Z" user="Basstoelpel" uid="72235">
  <nd ref="12039871581"/>
  <nd ref="12039871582"/>
  <nd ref="3174065353"/>
  <nd ref="3174065344"/>
  <nd ref="3174065325"/>
  <nd ref="3174065303"/>
  <nd ref="3174065293"/>
  <nd ref="3174065284"/>
  <nd ref="3174065278"/>
  <nd ref="3174065272"/>
  <nd ref="3174065270"/>
  <nd ref="3174065260"/>
  <nd ref="3174065256"/>
  <nd ref="3174065248"/>
  <nd ref="3174065242"/>
  <nd ref="3174065237"/>
  <nd ref="3174065233"/>
  <nd ref="3174065229"/>
  <nd ref="3174065226"/>
  <nd ref="3174065225"/>
  <nd ref="3174065223"/>
  <nd ref="3174065227"/>
  <nd ref="3174065234"/>
  <nd ref="3174065239"/>
  <nd ref="3174065241"/>
  <nd ref="3174065244"/>
  <nd ref="3174065250"/>
  <nd ref="3174065252"/>
  <nd ref="3174065258"/>
  <nd ref="3174065262"/>
  <nd ref="3174065265"/>
  <nd ref="3174065269"/>
  <nd ref="3174065273"/>
  <nd ref="3174065276"/>
  <nd ref="3174065281"/>
  <nd ref="3174065286"/>
  <nd ref="3174065289"/>
  <nd ref="3174065295"/>
  <nd ref="3174065296"/>
  <nd ref="3174065297"/>
  <nd ref="3174065299"/>
  <nd ref="3174065300"/>
  <nd ref="3174065301"/>
  <nd ref="3174065302"/>
  <nd ref="3174065304"/>
  <nd ref="3174065305"/>
  <nd ref="3174065307"/>
  <nd ref="3174065309"/>
  <nd ref="3174065310"/>
  <nd ref="3174065311"/>
  <nd ref="3174065312"/>
  <nd ref="3174065315"/>
  <nd ref="3174065317"/>
  <nd ref="3174065319"/>
  <nd ref="3174065320"/>
  <nd ref="3174065322"/>
  <nd ref="3174065298"/>
  <nd ref="3174065291"/>
  <nd ref="3174065283"/>
  <nd ref="3174065279"/>
  <nd ref="3174065274"/>
  <nd ref="3174065267"/>
  <nd ref="3174065264"/>
  <nd ref="3174065259"/>
  <nd ref="3174065253"/>
  <nd ref="3174065246"/>
  <nd ref="3174065243"/>
  <tag k="cables" v="3"/>
  <tag k="circuits" v="1"/>
  <tag k="frequency" v="50"/>
  <tag k="power" v="line"/>
  <tag k="voltage" v="230000"/>
 </way>
 <way id="311683428" visible="true" version="3" changeset="122165432" timestamp="2022-06-09T13:02:47Z" user="lorenzo23622" uid="476483">
  <nd ref="3174065336"/>
  <nd ref="3174065337"/>
  <nd ref="3174065339"/>
  <nd ref="3174065342"/>
  <nd ref="3174065343"/>
  <nd ref="3174065341"/>
  <nd ref="3174065338"/>
  <tag k="highway" v="residential"/>
  <tag k="oneway" v="yes"/>
  <tag k="source" v="Bing"/>
 </way>
 <way id="311750693" visible="true" version="5" changeset="63710743" timestamp="2018-10-20T18:10:58Z" user="ali majd" uid="4868563">
  <nd ref="3174708668"/>
  <nd ref="4666703731"/>
  <nd ref="4666703732"/>
  <nd ref="3174708666"/>
  <nd ref="3174708665"/>
  <nd ref="3174708663"/>
  <nd ref="4666703734"/>
  <nd ref="537505579"/>
  <tag k="highway" v="trunk_link"/>
  <tag k="oneway" v="yes"/>
 </way>
 <way id="311750695" visible="true" version="20" changeset="180527761" timestamp="2026-03-28T03:00:41Z" user="swimdb" uid="231017">
  <nd ref="1863495289"/>
  <nd ref="1863495290"/>
  <nd ref="1863495291"/>
  <nd ref="1863495292"/>
  <nd ref="1863495294"/>
  <nd ref="4339602051"/>
  <nd ref="4339602050"/>
  <nd ref="4821439654"/>
  <nd ref="6290651391"/>
  <nd ref="537506861"/>
  <nd ref="2268110734"/>
  <nd ref="3436461350"/>
  <nd ref="3436461349"/>
  <nd ref="3436461348"/>
  <nd ref="3436461343"/>
  <nd ref="3436461341"/>
  <nd ref="6032501825"/>
  <nd ref="2268110729"/>
  <nd ref="6032501824"/>
  <nd ref="3436461339"/>
  <nd ref="2268110721"/>
  <nd ref="12112831836"/>
  <nd ref="13685813599"/>
  <nd ref="13685813598"/>
  <nd ref="13685813597"/>
  <nd ref="13685813600"/>
  <nd ref="2268110701"/>
  <nd ref="9950377114"/>
  <nd ref="13685822216"/>
  <nd ref="9950377111"/>
  <nd ref="2268110707"/>
  <nd ref="13685822217"/>
  <nd ref="6657065228"/>
  <nd ref="2268110705"/>
  <nd ref="3436469393"/>
  <nd ref="3436469392"/>
  <nd ref="2268110715"/>
  <nd ref="3436469391"/>
  <nd ref="6657065213"/>
  <nd ref="3174065400"/>
  <nd ref="3174065398"/>
  <nd ref="3436469390"/>
  <nd ref="3174065394"/>
  <nd ref="2268110708"/>
  <nd ref="11071570614"/>
  <nd ref="3436469389"/>
  <nd ref="2268110728"/>
  <nd ref="3436469388"/>
  <nd ref="3436469387"/>
  <nd ref="3436469379"/>
  <nd ref="2268110736"/>
  <nd ref="2268110718"/>
  <nd ref="3436469375"/>
  <nd ref="11071570630"/>
  <nd ref="3436469374"/>
  <nd ref="3436469371"/>
  <nd ref="2268110706"/>
  <nd ref="3436469361"/>
  <nd ref="3436469358"/>
  <nd ref="2268110710"/>
  <nd ref="2268110738"/>
  <nd ref="3436473029"/>
  <nd ref="4314047990"/>
  <nd ref="3436473028"/>
  <nd ref="2268110723"/>
  <nd ref="2268110727"/>
  <nd ref="3436473027"/>
  <nd ref="10101256921"/>
  <nd ref="11463146803"/>
  <nd ref="3174065374"/>
  <nd ref="3436473026"/>
  <nd ref="2268110716"/>
  <nd ref="2268110702"/>
  <nd ref="3174065370"/>
  <nd ref="3174065368"/>
  <nd ref="2268110730"/>
  <nd ref="3174065364"/>
  <nd ref="2268110712"/>
  <nd ref="3174065357"/>
  <nd ref="4314047068"/>
  <nd ref="3174065351"/>
  <nd ref="4314044226"/>
  <nd ref="3174065349"/>
  <nd ref="3174065345"/>
  <nd ref="2268110720"/>
  <nd ref="3174065335"/>
  <nd ref="4314044205"/>
  <nd ref="3174065330"/>
  <nd ref="3174065313"/>
  <nd ref="2268110724"/>
  <nd ref="12798340922"/>
  <nd ref="3174065290"/>
  <nd ref="3174065288"/>
  <nd ref="2268110711"/>
  <nd ref="2268110735"/>
  <nd ref="5276732685"/>
  <nd ref="5276732686"/>
  <nd ref="2268110725"/>
  <nd ref="2268110717"/>
  <nd ref="4666703730"/>
  <nd ref="3174708668"/>
  <nd ref="3174708664"/>
  <nd ref="3174708661"/>
  <nd ref="3174708559"/>
  <nd ref="3174708552"/>
  <nd ref="3174708550"/>
  <nd ref="3174708549"/>
  <nd ref="3174708548"/>
  <nd ref="3174708547"/>
  <nd ref="5276732692"/>
  <nd ref="3174708545"/>
  <nd ref="12798340808"/>
  <nd ref="12798340807"/>
  <nd ref="3174708543"/>
  <nd ref="3174708541"/>
  <nd ref="3174708539"/>
  <nd ref="5276732693"/>
  <nd ref="3174708537"/>
  <nd ref="5276732694"/>
  <nd ref="3174708534"/>
  <nd ref="5276732696"/>
  <nd ref="5276732697"/>
  <nd ref="3174708535"/>
  <nd ref="5276732698"/>
  <nd ref="3174708536"/>
  <nd ref="5276732699"/>
  <nd ref="3174708538"/>
  <nd ref="5276732702"/>
  <nd ref="3174708540"/>
  <nd ref="5276732703"/>
  <nd ref="3174708542"/>
  <nd ref="3174708544"/>
  <nd ref="3174708546"/>
  <nd ref="3174708551"/>
  <nd ref="3174708553"/>
  <nd ref="4722364309"/>
  <nd ref="3174708554"/>
  <nd ref="3174708555"/>
  <nd ref="3174708556"/>
  <nd ref="3174708557"/>
  <nd ref="3174708558"/>
  <nd ref="3174708560"/>
  <nd ref="3174708662"/>
  <nd ref="3174708667"/>
  <nd ref="3174708669"/>
  <nd ref="3174708670"/>
  <nd ref="3174708671"/>
  <nd ref="3174708672"/>
  <nd ref="3174708673"/>
  <nd ref="3174708675"/>
  <nd ref="3174708676"/>
  <nd ref="3174708677"/>
  <nd ref="3174708678"/>
  <nd ref="3174708680"/>
  <nd ref="3174708681"/>
  <nd ref="10781183941"/>
  <nd ref="10781183940"/>
  <nd ref="3174708682"/>
  <nd ref="9994799714"/>
  <nd ref="10781183935"/>
  <nd ref="3174708684"/>
  <nd ref="10781183936"/>
  <nd ref="3174708686"/>
  <nd ref="3174708687"/>
  <nd ref="3174708689"/>
  <nd ref="3174708690"/>
  <nd ref="3174708691"/>
  <nd ref="3174708692"/>
  <nd ref="3174708693"/>
  <nd ref="3174708695"/>
  <nd ref="3174708696"/>
  <nd ref="3174708698"/>
  <nd ref="3174708699"/>
  <nd ref="3174708701"/>
  <nd ref="3174708702"/>
  <nd ref="3174708704"/>
  <nd ref="3174708705"/>
  <nd ref="3174708706"/>
  <nd ref="3174708707"/>
  <nd ref="3174708709"/>
  <nd ref="3174708710"/>
  <nd ref="3174708713"/>
  <nd ref="3174708714"/>
  <nd ref="3174708715"/>
  <nd ref="3174708716"/>
  <nd ref="3174708718"/>
  <nd ref="3174708719"/>
  <nd ref="3174708720"/>
  <nd ref="3174708721"/>
  <nd ref="3174708722"/>
  <nd ref="3174708724"/>
  <nd ref="4666703725"/>
  <nd ref="3174708726"/>
  <nd ref="4666703726"/>
  <nd ref="3174708725"/>
  <tag k="highway" v="trunk"/>
  <tag k="lanes" v="2"/>
  <tag k="maxspeed" v="110"/>
  <tag k="oneway" v="yes"/>
  <tag k="ref" v="96"/>
  <tag k="source" v="Bing"/>
  <tag k="surface" v="asphalt"/>
 </way>
 <way id="432328522" visible="true" version="3" changeset="63710743" timestamp="2018-10-20T18:10:58Z" user="ali majd" uid="4868563">
  <nd ref="4314044205"/>
  <nd ref="4314044206"/>
  <nd ref="4314044207"/>
  <nd ref="4314044208"/>
  <nd ref="4314044209"/>
  <nd ref="4314044210"/>
  <nd ref="4314044211"/>
  <tag k="highway" v="trunk_link"/>
  <tag k="oneway" v="yes"/>
 </way>
 <way id="441624292" visible="true" version="6" changeset="165603036" timestamp="2025-04-29T17:36:00Z" user="Hamid Reza Bahrami" uid="9570342">
  <nd ref="4393599210"/>
  <nd ref="3642362192"/>
  <nd ref="6657065361"/>
  <nd ref="7727969554"/>
  <nd ref="7727969571"/>
  <nd ref="537506247"/>
  <nd ref="3644980749"/>
  <nd ref="3644980750"/>
  <nd ref="3644980751"/>
  <nd ref="537506510"/>
  <nd ref="6032672241"/>
  <nd ref="537505594"/>
  <tag k="highway" v="tertiary"/>
  <tag k="oneway" v="yes"/>
  <tag k="source" v="Yahoo hires"/>
 </way>
 <way id="489945726" visible="true" version="1" changeset="48209859" timestamp="2017-04-27T21:46:06Z" user="Nehaj" uid="5230141">
  <nd ref="3174708661"/>
  <nd ref="4821426023"/>
  <nd ref="4821426022"/>
  <nd ref="4821426021"/>
  <nd ref="4821425820"/>
  <nd ref="4821425819"/>
  <nd ref="4821425818"/>
  <nd ref="4821425817"/>
  <nd ref="4821425816"/>
  <nd ref="4821425815"/>
  <nd ref="4821425814"/>
  <nd ref="4821425813"/>
  <nd ref="4821425812"/>
  <nd ref="4821425811"/>
  <nd ref="4821425810"/>
  <nd ref="4821425809"/>
  <nd ref="4821425808"/>
  <nd ref="4821425807"/>
  <nd ref="4821425806"/>
  <nd ref="4821425805"/>
  <nd ref="4821425804"/>
  <nd ref="4821425801"/>
  <nd ref="4821425803"/>
  <nd ref="4821425802"/>
  <nd ref="4821425800"/>
  <nd ref="4821425799"/>
  <nd ref="4821425798"/>
  <nd ref="4821425797"/>
  <nd ref="4821425796"/>
  <nd ref="4821425795"/>
  <nd ref="4821425794"/>
  <nd ref="4821425793"/>
  <nd ref="4821425792"/>
  <nd ref="4821425791"/>
  <nd ref="4821425790"/>
  <nd ref="4821425789"/>
  <nd ref="4821425788"/>
  <nd ref="4821425787"/>
  <nd ref="4821425786"/>
  <nd ref="4821425785"/>
  <nd ref="4821425784"/>
  <nd ref="4821425783"/>
  <nd ref="4821425782"/>
  <nd ref="4821425781"/>
  <nd ref="4821425780"/>
  <tag k="highway" v="unclassified"/>
 </way>
 <way id="620131957" visible="true" version="1" changeset="62011019" timestamp="2018-08-26T16:43:12Z" user="Osm1980" uid="3743902">
  <nd ref="5859297896"/>
  <nd ref="5859297897"/>
  <nd ref="5859297898"/>
  <nd ref="5859297899"/>
  <nd ref="5859297896"/>
  <tag k="building" v="yes"/>
 </way>
 <way id="620131958" visible="true" version="1" changeset="62011019" timestamp="2018-08-26T16:43:12Z" user="Osm1980" uid="3743902">
  <nd ref="5859297900"/>
  <nd ref="5859297901"/>
  <nd ref="5859297902"/>
  <nd ref="5859297903"/>
  <nd ref="5859297900"/>
  <tag k="building" v="yes"/>
 </way>
 <way id="620131959" visible="true" version="1" changeset="62011019" timestamp="2018-08-26T16:43:13Z" user="Osm1980" uid="3743902">
  <nd ref="5859297904"/>
  <nd ref="5859297905"/>
  <nd ref="5859297906"/>
  <nd ref="5859297907"/>
  <nd ref="5859297904"/>
  <tag k="building" v="yes"/>
 </way>
 <way id="620131960" visible="true" version="1" changeset="62011019" timestamp="2018-08-26T16:43:13Z" user="Osm1980" uid="3743902">
  <nd ref="5859297908"/>
  <nd ref="5859297909"/>
  <nd ref="5859297910"/>
  <nd ref="5859297911"/>
  <nd ref="5859297908"/>
  <tag k="building" v="yes"/>
 </way>
 <way id="620131961" visible="true" version="1" changeset="62011019" timestamp="2018-08-26T16:43:13Z" user="Osm1980" uid="3743902">
  <nd ref="5859297912"/>
  <nd ref="5859297913"/>
  <nd ref="5859297914"/>
  <nd ref="5859297915"/>
  <nd ref="5859297916"/>
  <nd ref="5859297917"/>
  <nd ref="5859297918"/>
  <nd ref="5859297919"/>
  <nd ref="5859297912"/>
  <tag k="building" v="yes"/>
  <tag k="name:en" v="Iran ship building"/>
 </way>
 <way id="620131962" visible="true" version="1" changeset="62011019" timestamp="2018-08-26T16:43:13Z" user="Osm1980" uid="3743902">
  <nd ref="5859297920"/>
  <nd ref="5859297921"/>
  <nd ref="5859297922"/>
  <nd ref="5859297923"/>
  <nd ref="5859297924"/>
  <nd ref="5859297925"/>
  <nd ref="5859297920"/>
  <tag k="building" v="yes"/>
 </way>
 <way id="640371571" visible="true" version="1" changeset="64125523" timestamp="2018-11-02T19:40:47Z" user="Sal73x" uid="1293386">
  <nd ref="6032672500"/>
  <nd ref="6032672502"/>
  <nd ref="6032672503"/>
  <nd ref="6032672504"/>
  <nd ref="6032672505"/>
  <nd ref="6032672506"/>
  <nd ref="6032672507"/>
  <nd ref="6032672508"/>
  <nd ref="6032672509"/>
  <nd ref="6032672510"/>
  <nd ref="6032672511"/>
  <nd ref="3644980751"/>
  <tag k="highway" v="residential"/>
 </way>
 <way id="827795554" visible="true" version="2" changeset="165603036" timestamp="2025-04-29T17:36:00Z" user="Hamid Reza Bahrami" uid="9570342">
  <nd ref="7727969554"/>
  <nd ref="7727969555"/>
  <nd ref="7727969556"/>
  <nd ref="7727969557"/>
  <nd ref="7727969558"/>
  <nd ref="7727969559"/>
  <nd ref="7727969560"/>
  <nd ref="7727969561"/>
  <nd ref="7727969562"/>
  <tag k="highway" v="service"/>
  <tag k="oneway" v="yes"/>
 </way>
 <way id="827795555" visible="true" version="2" changeset="165603036" timestamp="2025-04-29T17:36:00Z" user="Hamid Reza Bahrami" uid="9570342">
  <nd ref="7727969562"/>
  <nd ref="7727969563"/>
  <nd ref="7727969564"/>
  <nd ref="7727969565"/>
  <nd ref="12798338250"/>
  <nd ref="7727969566"/>
  <nd ref="7727969567"/>
  <nd ref="7727969568"/>
  <nd ref="7727969569"/>
  <nd ref="7727969570"/>
  <nd ref="7727969571"/>
  <tag k="highway" v="service"/>
  <tag k="oneway" v="yes"/>
 </way>
 <way id="827795556" visible="true" version="2" changeset="165603036" timestamp="2025-04-29T17:36:00Z" user="Hamid Reza Bahrami" uid="9570342">
  <nd ref="7727969562"/>
  <nd ref="7727969572"/>
  <tag k="highway" v="service"/>
 </way>
 <way id="827795557" visible="true" version="2" changeset="165603036" timestamp="2025-04-29T17:36:00Z" user="Hamid Reza Bahrami" uid="9570342">
  <nd ref="7727969562"/>
  <nd ref="7727969574"/>
  <nd ref="7727969573"/>
  <tag k="highway" v="service"/>
 </way>
 <way id="827795558" visible="true" version="2" changeset="165603036" timestamp="2025-04-29T17:36:00Z" user="Hamid Reza Bahrami" uid="9570342">
  <nd ref="7727969574"/>
  <nd ref="7727969575"/>
  <tag k="highway" v="service"/>
 </way>
 <way id="932831481" visible="true" version="2" changeset="153410806" timestamp="2024-07-01T12:42:56Z" user="kiaraSh-Q" uid="2693232">
  <nd ref="1696165731"/>
  <nd ref="4821417914"/>
  <nd ref="4821417915"/>
  <nd ref="4821417923"/>
  <nd ref="4821417919"/>
  <nd ref="4821417918"/>
  <nd ref="4821417917"/>
  <nd ref="4821417916"/>
  <nd ref="1696165743"/>
  <nd ref="1696165744"/>
  <nd ref="1696165745"/>
  <nd ref="4821417922"/>
  <nd ref="1696165762"/>
  <nd ref="1696165753"/>
  <nd ref="1696165757"/>
  <nd ref="1696165765"/>
  <nd ref="1696165768"/>
  <nd ref="1696165784"/>
  <nd ref="1696165789"/>
  <nd ref="4821417921"/>
  <nd ref="1696165792"/>
  <nd ref="4821417920"/>
  <nd ref="1696165798"/>
  <nd ref="1696165806"/>
  <nd ref="1696165809"/>
  <nd ref="1696165812"/>
  <nd ref="1696165816"/>
  <nd ref="1696165823"/>
  <nd ref="1696165834"/>
  <tag k="natural" v="coastline"/>
  <tag k="source" v="PGS &amp; lows res Bing"/>
 </way>
 <way id="1299788480" visible="true" version="1" changeset="153659672" timestamp="2024-07-07T12:20:14Z" user="Basstoelpel" uid="72235">
  <nd ref="12039871372"/>
  <nd ref="12039871371"/>
  <nd ref="12039871370"/>
  <nd ref="12039868968"/>
  <nd ref="12039871369"/>
  <nd ref="12039868967"/>
  <nd ref="12039868966"/>
  <nd ref="12039868965"/>
  <nd ref="12039868957"/>
  <nd ref="12039868964"/>
  <nd ref="12039868963"/>
  <nd ref="12039868962"/>
  <nd ref="12039868961"/>
  <nd ref="12039868960"/>
  <nd ref="12039868959"/>
  <nd ref="12039868958"/>
  <tag k="cables" v="6"/>
  <tag k="circuits" v="2"/>
  <tag k="frequency" v="50"/>
  <tag k="power" v="line"/>
  <tag k="voltage" v="63000"/>
 </way>
 <way id="1366701066" visible="true" version="2" changeset="165594514" timestamp="2025-04-29T14:09:05Z" user="Karthoo" uid="3232636">
  <nd ref="12657458793"/>
  <nd ref="12657458794"/>
  <nd ref="12657458795"/>
  <nd ref="12657458796"/>
  <nd ref="12657458797"/>
  <nd ref="12657458798"/>
  <nd ref="12657458799"/>
  <nd ref="12657458800"/>
  <nd ref="12657563501"/>
  <nd ref="12657563502"/>
  <nd ref="12657563503"/>
  <nd ref="12657563504"/>
  <nd ref="12657563505"/>
  <nd ref="12657563506"/>
  <nd ref="12657563507"/>
  <nd ref="12657563508"/>
  <nd ref="12657563509"/>
  <nd ref="12657563510"/>
  <nd ref="12657563511"/>
  <nd ref="12657563512"/>
  <nd ref="12657563513"/>
  <nd ref="12657563514"/>
  <nd ref="12657563515"/>
  <nd ref="12657563516"/>
  <nd ref="12657563517"/>
  <nd ref="12657563518"/>
  <nd ref="12657563519"/>
  <nd ref="12657563520"/>
  <nd ref="12657563521"/>
  <nd ref="12657563522"/>
  <nd ref="12657563523"/>
  <nd ref="12657563524"/>
  <nd ref="12657563525"/>
  <nd ref="12657563526"/>
  <nd ref="12657563527"/>
  <nd ref="12657563528"/>
  <nd ref="12657563529"/>
  <nd ref="12657563530"/>
  <nd ref="12657563531"/>
  <nd ref="12657563532"/>
  <nd ref="12657563533"/>
  <nd ref="12657563534"/>
  <nd ref="12657563535"/>
  <nd ref="12657563536"/>
  <nd ref="12657563537"/>
  <nd ref="12657563538"/>
  <nd ref="12657563539"/>
  <nd ref="12657563540"/>
  <nd ref="12657563541"/>
  <nd ref="12657563542"/>
  <nd ref="12657563543"/>
  <nd ref="12657563544"/>
  <nd ref="12657563545"/>
  <nd ref="12657563546"/>
  <nd ref="12657563547"/>
  <nd ref="12657563548"/>
  <nd ref="12657563549"/>
  <nd ref="12657563550"/>
  <nd ref="12657563551"/>
  <nd ref="12657563552"/>
  <nd ref="12657563553"/>
  <nd ref="12657563554"/>
  <nd ref="12657563555"/>
  <nd ref="12657458793"/>
  <tag k="geological" v="salt_dome"/>
  <tag k="name" v="گنبد نمکی گچین"/>
  <tag k="name:de" v="Salzstock von Gatschin"/>
  <tag k="name:en" v="Gachin Salt Dome"/>
  <tag k="natural" v="bare_rock"/>
 </way>
 <way id="1382360234" visible="true" version="1" changeset="165602861" timestamp="2025-04-29T17:32:08Z" user="Hamid Reza Bahrami" uid="9570342">
  <nd ref="12798340810"/>
  <nd ref="12798340811"/>
  <nd ref="12798340812"/>
  <nd ref="12798340827"/>
  <nd ref="12798340813"/>
  <nd ref="12798340814"/>
  <nd ref="12798340815"/>
  <nd ref="12798340816"/>
  <nd ref="12798340817"/>
  <nd ref="12798340818"/>
  <nd ref="12798340819"/>
  <nd ref="12798340820"/>
  <nd ref="12798340821"/>
  <nd ref="12798340810"/>
  <tag k="barrier" v="fence"/>
 </way>
 <way id="1382360235" visible="true" version="1" changeset="165602861" timestamp="2025-04-29T17:32:08Z" user="Hamid Reza Bahrami" uid="9570342">
  <nd ref="12798340810"/>
  <nd ref="12798340811"/>
  <nd ref="12798340812"/>
  <nd ref="12798340827"/>
  <nd ref="12798340813"/>
  <nd ref="12798340814"/>
  <nd ref="12798340815"/>
  <nd ref="12798340816"/>
  <nd ref="12798340817"/>
  <nd ref="12798340818"/>
  <nd ref="12798340819"/>
  <nd ref="12798340820"/>
  <nd ref="12798340821"/>
  <nd ref="12798340810"/>
  <tag k="building" v="yes"/>
  <tag k="man_made" v="tower"/>
  <tag k="tower:type" v="communication"/>
 </way>
 <way id="1382360236" visible="true" version="1" changeset="165602861" timestamp="2025-04-29T17:32:08Z" user="Hamid Reza Bahrami" uid="9570342">
  <nd ref="12798340823"/>
  <nd ref="12798340824"/>
  <nd ref="12798340825"/>
  <nd ref="12798340826"/>
  <nd ref="12798340823"/>
  <tag k="building" v="yes"/>
  <tag k="man_made" v="tower"/>
  <tag k="tower:type" v="communication"/>
 </way>
 <way id="1382360237" visible="true" version="1" changeset="165602861" timestamp="2025-04-29T17:32:08Z" user="Hamid Reza Bahrami" uid="9570342">
  <nd ref="12798340827"/>
  <nd ref="12798340828"/>
  <nd ref="12798340829"/>
  <nd ref="12798340830"/>
  <nd ref="12798340831"/>
  <nd ref="12798340832"/>
  <nd ref="12798340833"/>
  <nd ref="12798340834"/>
  <nd ref="12798340835"/>
  <nd ref="12798340836"/>
  <nd ref="12798340837"/>
  <nd ref="12798340838"/>
  <nd ref="12798340839"/>
  <nd ref="12798340840"/>
  <nd ref="12798340841"/>
  <nd ref="12798340842"/>
  <nd ref="12798340843"/>
  <nd ref="12798340844"/>
  <nd ref="12798340845"/>
  <nd ref="12798340846"/>
  <nd ref="12798340847"/>
  <nd ref="12798340848"/>
  <nd ref="12798340849"/>
  <nd ref="12798340850"/>
  <nd ref="12798340851"/>
  <nd ref="12798340852"/>
  <nd ref="12798340853"/>
  <nd ref="12798340854"/>
  <nd ref="12798340855"/>
  <nd ref="12798340856"/>
  <nd ref="12798340857"/>
  <nd ref="12798340858"/>
  <nd ref="12798340859"/>
  <nd ref="12798340860"/>
  <nd ref="12798340861"/>
  <nd ref="12798340862"/>
  <nd ref="12798340863"/>
  <nd ref="12798340864"/>
  <nd ref="12798340865"/>
  <nd ref="12798340866"/>
  <nd ref="12798340867"/>
  <nd ref="12798340868"/>
  <nd ref="12798340869"/>
  <nd ref="12798340870"/>
  <nd ref="12798340871"/>
  <nd ref="12798340872"/>
  <nd ref="12798340873"/>
  <nd ref="12798340874"/>
  <nd ref="12798340875"/>
  <nd ref="12798340876"/>
  <nd ref="12798340877"/>
  <nd ref="12798340878"/>
  <nd ref="12798340879"/>
  <nd ref="12798340880"/>
  <nd ref="12798340881"/>
  <nd ref="12798340882"/>
  <nd ref="12798340883"/>
  <nd ref="12798340884"/>
  <nd ref="12798340885"/>
  <nd ref="12798340886"/>
  <nd ref="12798340887"/>
  <nd ref="12798340888"/>
  <nd ref="12798340889"/>
  <nd ref="12798340890"/>
  <nd ref="12798340891"/>
  <nd ref="12798340892"/>
  <nd ref="12798340893"/>
  <nd ref="12798340894"/>
  <nd ref="12798340895"/>
  <nd ref="12798340896"/>
  <nd ref="12798340897"/>
  <nd ref="12798340898"/>
  <nd ref="12798340899"/>
  <nd ref="12798340900"/>
  <nd ref="12798340901"/>
  <nd ref="12798340902"/>
  <nd ref="12798340903"/>
  <nd ref="12798340904"/>
  <nd ref="12798340905"/>
  <nd ref="12798340906"/>
  <nd ref="12798340907"/>
  <nd ref="12798340908"/>
  <nd ref="2268110735"/>
  <tag k="highway" v="track"/>
 </way>
 <way id="1382360238" visible="true" version="1" changeset="165602861" timestamp="2025-04-29T17:32:08Z" user="Hamid Reza Bahrami" uid="9570342">
  <nd ref="12798340909"/>
  <nd ref="12798340910"/>
  <nd ref="12798340911"/>
  <nd ref="12798340912"/>
  <nd ref="12798340909"/>
  <tag k="building" v="yes"/>
 </way>
 <way id="1382360239" visible="true" version="1" changeset="165602861" timestamp="2025-04-29T17:32:08Z" user="Hamid Reza Bahrami" uid="9570342">
  <nd ref="12798340913"/>
  <nd ref="12798340914"/>
  <nd ref="12798340915"/>
  <nd ref="12798340916"/>
  <nd ref="12798340913"/>
  <tag k="building" v="yes"/>
 </way>
 <way id="1382360240" visible="true" version="1" changeset="165602861" timestamp="2025-04-29T17:32:08Z" user="Hamid Reza Bahrami" uid="9570342">
  <nd ref="12798340917"/>
  <nd ref="12798340918"/>
  <nd ref="12798340919"/>
  <nd ref="12798340920"/>
  <nd ref="12798340917"/>
  <tag k="building" v="yes"/>
 </way>
 <relation id="6013858" visible="true" version="284" changeset="182196857" timestamp="2026-05-04T10:08:03Z" user="Hadi Omid" uid="3817321">
  <member type="way" ref="1312727871" role=""/>
  <member type="way" ref="1254255277" role=""/>
  <member type="way" ref="1254255281" role=""/>
  <member type="way" ref="1251962041" role=""/>
  <member type="way" ref="627878871" role=""/>
  <member type="way" ref="627266694" role=""/>
  <member type="way" ref="552358291" role=""/>
  <member type="way" ref="431374750" role=""/>
  <member type="way" ref="1312727877" role=""/>
  <member type="way" ref="965985574" role=""/>
  <member type="way" ref="1312727876" role=""/>
  <member type="way" ref="824782671" role=""/>
  <member type="way" ref="824427643" role=""/>
  <member type="way" ref="1246232172" role=""/>
  <member type="way" ref="1246232171" role=""/>
  <member type="way" ref="26413555" role=""/>
  <member type="way" ref="1125445563" role=""/>
  <member type="way" ref="1297261689" role=""/>
  <member type="way" ref="1297261688" role=""/>
  <member type="way" ref="1297261691" role=""/>
  <member type="way" ref="1288482130" role=""/>
  <member type="way" ref="1288482133" role=""/>
  <member type="way" ref="1288482132" role=""/>
  <member type="way" ref="1288482131" role=""/>
  <member type="way" ref="1137984628" role=""/>
  <member type="way" ref="1137984599" role=""/>
  <member type="way" ref="1098947414" role=""/>
  <member type="way" ref="1211521066" role=""/>
  <member type="way" ref="1223701814" role=""/>
  <member type="way" ref="1223701812" role=""/>
  <member type="way" ref="1223701813" role=""/>
  <member type="way" ref="1098947415" role=""/>
  <member type="way" ref="175884538" role=""/>
  <member type="way" ref="175884550" role=""/>
  <member type="way" ref="824925552" role=""/>
  <member type="way" ref="1193283317" role=""/>
  <member type="way" ref="1193283318" role=""/>
  <member type="way" ref="1173909773" role=""/>
  <member type="way" ref="1103281855" role=""/>
  <member type="way" ref="662619526" role=""/>
  <member type="way" ref="431780366" role=""/>
  <member type="way" ref="1173909669" role=""/>
  <member type="way" ref="435526062" role=""/>
  <member type="way" ref="628048057" role=""/>
  <member type="way" ref="824782727" role=""/>
  <member type="way" ref="1173557211" role=""/>
  <member type="way" ref="628048052" role=""/>
  <member type="way" ref="1285852091" role=""/>
  <member type="way" ref="1285852090" role=""/>
  <member type="way" ref="627194188" role=""/>
  <member type="way" ref="1103000672" role=""/>
  <member type="way" ref="1092272610" role=""/>
  <member type="way" ref="1092272612" role=""/>
  <member type="way" ref="1103000663" role=""/>
  <member type="way" ref="1103004570" role=""/>
  <member type="way" ref="1103004571" role=""/>
  <member type="way" ref="1153940420" role=""/>
  <member type="way" ref="1153940419" role=""/>
  <member type="way" ref="1151198080" role=""/>
  <member type="way" ref="1095781855" role=""/>
  <member type="way" ref="1095781854" role=""/>
  <member type="way" ref="1095781853" role=""/>
  <member type="way" ref="796726213" role=""/>
  <member type="way" ref="1029334564" role=""/>
  <member type="way" ref="207636813" role=""/>
  <member type="way" ref="1062254569" role=""/>
  <member type="way" ref="1062254570" role=""/>
  <member type="way" ref="26600209" role=""/>
  <member type="way" ref="824445401" role=""/>
  <member type="way" ref="26588402" role=""/>
  <member type="way" ref="824445400" role=""/>
  <member type="way" ref="26588391" role=""/>
  <member type="way" ref="1052039474" role=""/>
  <member type="way" ref="1052039472" role=""/>
  <member type="way" ref="1052039473" role=""/>
  <member type="way" ref="1052039476" role=""/>
  <member type="way" ref="1052039475" role=""/>
  <member type="way" ref="1052039471" role=""/>
  <member type="way" ref="398040510" role=""/>
  <member type="way" ref="398056835" role=""/>
  <member type="way" ref="398040509" role=""/>
  <member type="way" ref="374759529" role=""/>
  <member type="way" ref="374759530" role=""/>
  <member type="way" ref="1029334558" role=""/>
  <member type="way" ref="633634697" role=""/>
  <member type="way" ref="633634696" role=""/>
  <member type="way" ref="265120854" role=""/>
  <member type="way" ref="374759535" role=""/>
  <member type="way" ref="398056846" role=""/>
  <member type="way" ref="374759532" role=""/>
  <member type="way" ref="532655619" role=""/>
  <member type="way" ref="545764635" role="backward"/>
  <member type="way" ref="1224488451" role="backward"/>
  <member type="way" ref="824925531" role="backward"/>
  <member type="way" ref="824925530" role="backward"/>
  <member type="way" ref="759247371" role="backward"/>
  <member type="way" ref="759044012" role=""/>
  <member type="way" ref="824925533" role=""/>
  <member type="way" ref="824925532" role=""/>
  <member type="way" ref="625337324" role=""/>
  <member type="way" ref="625363183" role=""/>
  <member type="way" ref="625337320" role="backward"/>
  <member type="way" ref="625337325" role=""/>
  <member type="way" ref="625337332" role=""/>
  <member type="way" ref="625337333" role=""/>
  <member type="way" ref="625337358" role=""/>
  <member type="way" ref="625337319" role="backward"/>
  <member type="way" ref="824925535" role="backward"/>
  <member type="way" ref="824925534" role="backward"/>
  <member type="way" ref="824925541" role="backward"/>
  <member type="way" ref="824925540" role="backward"/>
  <member type="way" ref="824925545" role="backward"/>
  <member type="way" ref="824925544" role="backward"/>
  <member type="way" ref="625337363" role=""/>
  <member type="way" ref="625337360" role="backward"/>
  <member type="way" ref="824925549" role="backward"/>
  <member type="way" ref="824925548" role="backward"/>
  <member type="way" ref="312687719" role="backward"/>
  <member type="way" ref="401078196" role=""/>
  <member type="way" ref="401078195" role=""/>
  <member type="way" ref="56121958" role=""/>
  <member type="way" ref="625345888" role=""/>
  <member type="way" ref="824925551" role=""/>
  <member type="way" ref="824925550" role=""/>
  <member type="way" ref="625343160" role=""/>
  <member type="way" ref="625343159" role="forward"/>
  <member type="way" ref="463276990" role="forward"/>
  <member type="way" ref="824925547" role="forward"/>
  <member type="way" ref="824925546" role="forward"/>
  <member type="way" ref="625365137" role=""/>
  <member type="way" ref="463290978" role="forward"/>
  <member type="way" ref="824925543" role="forward"/>
  <member type="way" ref="824925542" role="forward"/>
  <member type="way" ref="824925539" role="forward"/>
  <member type="way" ref="824925538" role="forward"/>
  <member type="way" ref="463276993" role="forward"/>
  <member type="way" ref="824925537" role="forward"/>
  <member type="way" ref="824925536" role="forward"/>
  <member type="way" ref="312687720" role=""/>
  <member type="way" ref="401078288" role=""/>
  <member type="way" ref="401078286" role=""/>
  <member type="way" ref="401078289" role="forward"/>
  <member type="way" ref="625337321" role=""/>
  <member type="way" ref="401078285" role=""/>
  <member type="way" ref="401078290" role=""/>
  <member type="way" ref="401078287" role=""/>
  <member type="way" ref="401078298" role=""/>
  <member type="way" ref="625562615" role=""/>
  <member type="way" ref="759247373" role=""/>
  <member type="way" ref="401078284" role=""/>
  <member type="way" ref="401078292" role=""/>
  <member type="way" ref="625362265" role=""/>
  <member type="way" ref="1508819414" role="forward"/>
  <member type="way" ref="759044009" role="forward"/>
  <member type="way" ref="460063051" role="forward"/>
  <member type="way" ref="625349794" role=""/>
  <member type="way" ref="181772621" role="backward"/>
  <member type="way" ref="181675780" role=""/>
  <member type="way" ref="787263822" role=""/>
  <member type="way" ref="300828737" role=""/>
  <member type="way" ref="542537114" role=""/>
  <member type="way" ref="442577387" role=""/>
  <member type="way" ref="442577388" role=""/>
  <member type="way" ref="1254255279" role=""/>
  <member type="way" ref="824918609" role=""/>
  <member type="way" ref="855216058" role=""/>
  <member type="way" ref="323945530" role=""/>
  <member type="way" ref="670244205" role=""/>
  <member type="way" ref="1075375255" role=""/>
  <member type="way" ref="1075375254" role=""/>
  <member type="way" ref="824427662" role=""/>
  <member type="way" ref="1168468499" role=""/>
  <member type="way" ref="1168468498" role=""/>
  <member type="way" ref="980411381" role=""/>
  <member type="way" ref="1168468497" role=""/>
  <member type="way" ref="1168468496" role=""/>
  <member type="way" ref="858122412" role=""/>
  <member type="way" ref="824427663" role=""/>
  <member type="way" ref="858122411" role=""/>
  <member type="way" ref="630267477" role=""/>
  <member type="way" ref="630273813" role=""/>
  <member type="way" ref="630273812" role=""/>
  <member type="way" ref="630273811" role=""/>
  <member type="way" ref="630273809" role=""/>
  <member type="way" ref="630273808" role=""/>
  <member type="way" ref="630273810" role=""/>
  <member type="way" ref="1224560945" role=""/>
  <member type="way" ref="175761927" role=""/>
  <member type="way" ref="175761929" role=""/>
  <member type="way" ref="175761931" role=""/>
  <member type="way" ref="175761934" role=""/>
  <member type="way" ref="175761935" role=""/>
  <member type="way" ref="175761938" role=""/>
  <member type="way" ref="175761939" role=""/>
  <member type="way" ref="613238390" role=""/>
  <member type="way" ref="824427665" role=""/>
  <member type="way" ref="1157400867" role=""/>
  <member type="way" ref="1095534909" role=""/>
  <member type="way" ref="547176816" role=""/>
  <member type="way" ref="547176814" role=""/>
  <member type="way" ref="547176815" role=""/>
  <member type="way" ref="547176813" role=""/>
  <member type="way" ref="547176812" role=""/>
  <member type="way" ref="547176811" role=""/>
  <member type="way" ref="547176810" role=""/>
  <member type="way" ref="1095534912" role=""/>
  <member type="way" ref="547176808" role=""/>
  <member type="way" ref="547176809" role=""/>
  <member type="way" ref="1104943530" role=""/>
  <member type="way" ref="1104943528" role=""/>
  <member type="way" ref="1104943529" role=""/>
  <member type="way" ref="1104943531" role=""/>
  <member type="way" ref="982208295" role=""/>
  <member type="way" ref="543486257" role=""/>
  <member type="way" ref="762797500" role=""/>
  <member type="way" ref="670247404" role=""/>
  <member type="way" ref="883673403" role=""/>
  <member type="way" ref="573326875" role=""/>
  <member type="way" ref="573326876" role=""/>
  <member type="way" ref="543486648" role=""/>
  <member type="way" ref="573326874" role=""/>
  <member type="way" ref="573326873" role=""/>
  <member type="way" ref="670247403" role=""/>
  <member type="way" ref="883673404" role=""/>
  <member type="way" ref="543486921" role=""/>
  <member type="way" ref="982208294" role=""/>
  <member type="way" ref="1104943534" role=""/>
  <member type="way" ref="1104943533" role=""/>
  <member type="way" ref="1104943527" role=""/>
  <member type="way" ref="1104943526" role=""/>
  <member type="way" ref="1104943532" role=""/>
  <member type="way" ref="1104943535" role=""/>
  <member type="way" ref="1104943536" role=""/>
  <member type="way" ref="1095534910" role=""/>
  <member type="way" ref="824427666" role=""/>
  <member type="way" ref="1157400865" role=""/>
  <member type="way" ref="547176817" role=""/>
  <member type="way" ref="1224565131" role=""/>
  <member type="way" ref="980411379" role=""/>
  <member type="way" ref="1224565130" role=""/>
  <member type="way" ref="824427664" role=""/>
  <member type="way" ref="1224565135" role=""/>
  <member type="way" ref="878864130" role=""/>
  <member type="way" ref="1224565136" role="backward"/>
  <member type="way" ref="573325106" role="backward"/>
  <member type="way" ref="175796356" role="forward"/>
  <member type="way" ref="26401529" role=""/>
  <member type="way" ref="1396607721" role=""/>
  <member type="way" ref="1396607732" role=""/>
  <member type="way" ref="658709881" role=""/>
  <member type="way" ref="490484578" role=""/>
  <member type="way" ref="302180248" role="forward"/>
  <member type="way" ref="94234128" role=""/>
  <member type="way" ref="302179780" role="backward"/>
  <member type="way" ref="424170879" role="forward"/>
  <member type="way" ref="302180233" role="forward"/>
  <member type="way" ref="442591705" role="forward"/>
  <member type="way" ref="688596763" role="forward"/>
  <member type="way" ref="505566024" role="forward"/>
  <member type="way" ref="423401185" role="backward"/>
  <member type="way" ref="688596766" role="backward"/>
  <member type="way" ref="424170878" role="backward"/>
  <member type="way" ref="688596764" role="backward"/>
  <member type="way" ref="442591706" role=""/>
  <member type="way" ref="442591709" role="backward"/>
  <member type="way" ref="1025733264" role="backward"/>
  <member type="way" ref="302179782" role="backward"/>
  <member type="way" ref="688596757" role="backward"/>
  <member type="way" ref="442591699" role="backward"/>
  <member type="way" ref="688596761" role="backward"/>
  <member type="way" ref="688586880" role="backward"/>
  <member type="way" ref="302179781" role=""/>
  <member type="way" ref="302562865" role="forward"/>
  <member type="way" ref="125411715" role="forward"/>
  <member type="way" ref="154595322" role="forward"/>
  <member type="way" ref="154595330" role="forward"/>
  <member type="way" ref="442586027" role="forward"/>
  <member type="way" ref="442586029" role="forward"/>
  <member type="way" ref="94234129" role="forward"/>
  <member type="way" ref="94234130" role=""/>
  <member type="way" ref="211351316" role="backward"/>
  <member type="way" ref="211351318" role="backward"/>
  <member type="way" ref="211351317" role="backward"/>
  <member type="way" ref="442586028" role="backward"/>
  <member type="way" ref="442586026" role="backward"/>
  <member type="way" ref="37214432" role="backward"/>
  <member type="way" ref="154595328" role="backward"/>
  <member type="way" ref="175511385" role="backward"/>
  <member type="way" ref="154706756" role="backward"/>
  <member type="way" ref="400653613" role="backward"/>
  <member type="way" ref="157876300" role="backward"/>
  <member type="way" ref="389272299" role="backward"/>
  <member type="way" ref="302562107" role="forward"/>
  <member type="way" ref="302562108" role="forward"/>
  <member type="way" ref="157876387" role=""/>
  <member type="way" ref="157876385" role="backward"/>
  <member type="way" ref="1060224379" role="backward"/>
  <member type="way" ref="107137993" role="backward"/>
  <member type="way" ref="367896542" role=""/>
  <member type="way" ref="175511349" role="backward"/>
  <member type="way" ref="175511344" role="backward"/>
  <member type="way" ref="175511340" role="backward"/>
  <member type="way" ref="175511336" role="backward"/>
  <member type="way" ref="727199746" role="backward"/>
  <member type="way" ref="727199747" role="backward"/>
  <member type="way" ref="107137982" role=""/>
  <member type="way" ref="659621974" role="backward"/>
  <member type="way" ref="197187730" role="backward"/>
  <member type="way" ref="197187737" role=""/>
  <member type="way" ref="197187736" role=""/>
  <member type="way" ref="197187735" role="backward"/>
  <member type="way" ref="197187733" role="forward"/>
  <member type="way" ref="107137994" role="forward"/>
  <member type="way" ref="563561928" role="forward"/>
  <member type="way" ref="1060224378" role="forward"/>
  <member type="way" ref="1060224377" role=""/>
  <member type="way" ref="902867841" role="forward"/>
  <member type="way" ref="367896539" role="forward"/>
  <member type="way" ref="727199743" role="forward"/>
  <member type="way" ref="1083428432" role=""/>
  <member type="way" ref="1083428433" role=""/>
  <member type="way" ref="727199744" role="forward"/>
  <member type="way" ref="197187745" role="forward"/>
  <member type="way" ref="197187749" role=""/>
  <member type="way" ref="197187739" role="backward"/>
  <member type="way" ref="993917300" role=""/>
  <member type="way" ref="496802599" role=""/>
  <member type="way" ref="197187751" role="forward"/>
  <member type="way" ref="197187752" role=""/>
  <member type="way" ref="197187750" role="backward"/>
  <member type="way" ref="197187760" role="forward"/>
  <member type="way" ref="197187761" role=""/>
  <member type="way" ref="197187759" role="backward"/>
  <member type="way" ref="197187763" role="forward"/>
  <member type="way" ref="197187765" role=""/>
  <member type="way" ref="197187762" role="backward"/>
  <member type="way" ref="197187802" role="backward"/>
  <member type="way" ref="700027588" role=""/>
  <member type="way" ref="197187799" role="backward"/>
  <member type="way" ref="1221714688" role="backward"/>
  <member type="way" ref="1221714687" role="forward"/>
  <member type="way" ref="197187798" role="forward"/>
  <member type="way" ref="700027587" role=""/>
  <member type="way" ref="197187801" role="forward"/>
  <member type="way" ref="1007125397" role="forward"/>
  <member type="way" ref="197187797" role=""/>
  <member type="way" ref="197187796" role=""/>
  <member type="way" ref="197187795" role=""/>
  <member type="way" ref="197187794" role="backward"/>
  <member type="way" ref="586696716" role=""/>
  <member type="way" ref="197187787" role=""/>
  <member type="way" ref="197187793" role="forward"/>
  <member type="way" ref="197187792" role="backward"/>
  <member type="way" ref="1006804990" role="backward"/>
  <member type="way" ref="197187790" role=""/>
  <member type="way" ref="197187791" role="forward"/>
  <member type="way" ref="700032787" role="forward"/>
  <member type="way" ref="197194524" role="forward"/>
  <member type="way" ref="197194520" role=""/>
  <member type="way" ref="385995323" role="backward"/>
  <member type="way" ref="700032786" role=""/>
  <member type="way" ref="700032788" role="backward"/>
  <member type="way" ref="197194521" role="backward"/>
  <member type="way" ref="197187781" role=""/>
  <member type="way" ref="197194522" role="forward"/>
  <member type="way" ref="203508921" role=""/>
  <member type="way" ref="203508920" role=""/>
  <member type="way" ref="203508919" role=""/>
  <member type="way" ref="203508925" role="forward"/>
  <member type="way" ref="175913326" role="backward"/>
  <member type="way" ref="175913334" role="backward"/>
  <member type="way" ref="376513105" role=""/>
  <member type="way" ref="824942285" role=""/>
  <member type="way" ref="824942286" role=""/>
  <member type="way" ref="824942284" role=""/>
  <member type="way" ref="616050252" role=""/>
  <member type="way" ref="175913338" role="backward"/>
  <member type="way" ref="175913341" role=""/>
  <member type="way" ref="434348348" role="forward"/>
  <member type="way" ref="824942287" role=""/>
  <member type="way" ref="824942288" role=""/>
  <member type="way" ref="658709867" role=""/>
  <member type="way" ref="616050255" role=""/>
  <member type="way" ref="616050254" role=""/>
  <member type="way" ref="616050253" role=""/>
  <member type="way" ref="373256309" role="forward"/>
  <member type="way" ref="373256310" role=""/>
  <member type="way" ref="157876365" role=""/>
  <member type="way" ref="175913323" role="forward"/>
  <member type="way" ref="532655616" role="backward"/>
  <member type="way" ref="157876370" role=""/>
  <member type="way" ref="157876377" role=""/>
  <member type="way" ref="442583043" role="forward"/>
  <member type="way" ref="175913349" role="backward"/>
  <member type="way" ref="175913346" role="forward"/>
  <member type="way" ref="532656940" role="backward"/>
  <member type="way" ref="335820565" role=""/>
  <member type="way" ref="335820560" role="forward"/>
  <member type="way" ref="532656941" role=""/>
  <member type="way" ref="850059908" role="forward"/>
  <member type="way" ref="850059907" role="forward"/>
  <member type="way" ref="532656939" role="forward"/>
  <member type="way" ref="175913525" role="forward"/>
  <member type="way" ref="425718466" role=""/>
  <member type="way" ref="810590968" role="backward"/>
  <member type="way" ref="425718467" role="backward"/>
  <member type="way" ref="850059905" role="backward"/>
  <member type="way" ref="850059906" role="backward"/>
  <member type="way" ref="175913500" role="forward"/>
  <member type="way" ref="175913358" role=""/>
  <member type="way" ref="175913357" role=""/>
  <member type="way" ref="175913356" role=""/>
  <member type="way" ref="934917504" role="backward"/>
  <member type="way" ref="181772647" role="backward"/>
  <member type="way" ref="1224488453" role="backward"/>
  <member type="way" ref="181772659" role="backward"/>
  <member type="way" ref="181772651" role="backward"/>
  <member type="way" ref="181772656" role="backward"/>
  <member type="way" ref="810590969" role=""/>
  <member type="way" ref="1224488452" role="forward"/>
  <member type="way" ref="181772648" role="forward"/>
  <member type="way" ref="934917505" role="forward"/>
  <member type="way" ref="181772626" role="backward"/>
  <member type="way" ref="181772627" role=""/>
  <member type="way" ref="181772625" role="forward"/>
  <member type="way" ref="181772620" role=""/>
  <member type="way" ref="181772622" role="forward"/>
  <member type="way" ref="552515631" role="backward"/>
  <member type="way" ref="496463686" role="backward"/>
  <member type="way" ref="435339818" role="backward"/>
  <member type="way" ref="435339820" role="backward"/>
  <member type="way" ref="799079790" role="backward"/>
  <member type="way" ref="799079789" role="backward"/>
  <member type="way" ref="181675771" role="backward"/>
  <member type="way" ref="304806664" role="backward"/>
  <member type="way" ref="545764633" role="backward"/>
  <member type="way" ref="545764636" role="backward"/>
  <member type="way" ref="304823417" role="backward"/>
  <member type="way" ref="304823419" role="backward"/>
  <member type="way" ref="312687724" role="backward"/>
  <member type="way" ref="656488520" role="backward"/>
  <member type="way" ref="497188358" role="forward"/>
  <member type="way" ref="496463681" role="forward"/>
  <member type="way" ref="824918595" role="forward"/>
  <member type="way" ref="1303529697" role="forward"/>
  <member type="way" ref="1223916982" role="forward"/>
  <member type="way" ref="629440940" role="forward"/>
  <member type="way" ref="442583040" role="forward"/>
  <member type="way" ref="532655617" role="forward"/>
  <member type="way" ref="157876302" role="backward"/>
  <member type="way" ref="688566933" role="forward"/>
  <member type="way" ref="688586877" role=""/>
  <member type="way" ref="688938067" role="backward"/>
  <member type="way" ref="203508918" role=""/>
  <member type="way" ref="300828220" role=""/>
  <member type="way" ref="496463679" role="backward"/>
  <member type="way" ref="312687725" role="backward"/>
  <member type="way" ref="496708473" role="backward"/>
  <member type="way" ref="437089250" role="backward"/>
  <member type="way" ref="175938333" role=""/>
  <member type="way" ref="1303529698" role=""/>
  <member type="way" ref="175938349" role="backward"/>
  <member type="way" ref="393559831" role="backward"/>
  <member type="way" ref="435724215" role=""/>
  <member type="way" ref="175938345" role=""/>
  <member type="way" ref="175938351" role="forward"/>
  <member type="way" ref="393559832" role="forward"/>
  <member type="way" ref="175938356" role="forward"/>
  <member type="way" ref="175938353" role="forward"/>
  <member type="way" ref="175938352" role="backward"/>
  <member type="way" ref="175938354" role="backward"/>
  <member type="way" ref="175938355" role="backward"/>
  <member type="way" ref="175938357" role=""/>
  <member type="way" ref="434893082" role="backward"/>
  <member type="way" ref="434893081" role=""/>
  <member type="way" ref="174990938" role="backward"/>
  <member type="way" ref="434893076" role="backward"/>
  <member type="way" ref="545760103" role="backward"/>
  <member type="way" ref="174990962" role="backward"/>
  <member type="way" ref="174990965" role="backward"/>
  <member type="way" ref="174990977" role="backward"/>
  <member type="way" ref="472419286" role="backward"/>
  <member type="way" ref="175995722" role=""/>
  <member type="way" ref="181916168" role=""/>
  <member type="way" ref="181916161" role=""/>
  <member type="way" ref="181916056" role=""/>
  <member type="way" ref="628396169" role=""/>
  <member type="way" ref="628396167" role=""/>
  <member type="way" ref="628396166" role=""/>
  <member type="way" ref="628396168" role=""/>
  <member type="way" ref="62125652" role=""/>
  <member type="way" ref="1103000669" role=""/>
  <member type="way" ref="62405030" role=""/>
  <member type="way" ref="1125354838" role=""/>
  <member type="way" ref="1125354837" role=""/>
  <member type="way" ref="708170296" role=""/>
  <member type="way" ref="1044135535" role=""/>
  <member type="way" ref="1223703027" role=""/>
  <member type="way" ref="1223701808" role=""/>
  <member type="way" ref="1092272611" role=""/>
  <member type="way" ref="62405036" role=""/>
  <member type="way" ref="1103000667" role=""/>
  <member type="way" ref="310204862" role=""/>
  <member type="way" ref="628396180" role=""/>
  <member type="way" ref="628396176" role=""/>
  <member type="way" ref="628396174" role=""/>
  <member type="way" ref="628396178" role=""/>
  <member type="way" ref="64401520" role=""/>
  <member type="way" ref="181916163" role=""/>
  <member type="way" ref="64401545" role=""/>
  <member type="way" ref="1102939927" role=""/>
  <member type="way" ref="1102939930" role=""/>
  <member type="way" ref="1102939822" role=""/>
  <member type="way" ref="1147648908" role=""/>
  <member type="way" ref="1147648909" role=""/>
  <member type="way" ref="1102939820" role=""/>
  <member type="way" ref="175162440" role=""/>
  <member type="way" ref="181916194" role=""/>
  <member type="way" ref="181916196" role=""/>
  <member type="way" ref="428731951" role=""/>
  <member type="way" ref="428731952" role=""/>
  <member type="way" ref="181916199" role=""/>
  <member type="way" ref="181916201" role=""/>
  <member type="way" ref="181916272" role=""/>
  <member type="way" ref="181916265" role=""/>
  <member type="way" ref="181916267" role=""/>
  <member type="way" ref="181916262" role=""/>
  <member type="way" ref="181916260" role=""/>
  <member type="way" ref="431680806" role=""/>
  <member type="way" ref="431680805" role=""/>
  <member type="way" ref="627171606" role=""/>
  <member type="way" ref="181916212" role=""/>
  <member type="way" ref="431374751" role=""/>
  <member type="way" ref="627171601" role=""/>
  <member type="way" ref="435529345" role=""/>
  <member type="way" ref="1157622172" role=""/>
  <member type="way" ref="1157622174" role=""/>
  <member type="way" ref="431374753" role=""/>
  <member type="way" ref="855216057" role=""/>
  <member type="way" ref="706280878" role=""/>
  <member type="way" ref="855216056" role=""/>
  <member type="way" ref="1157622173" role=""/>
  <member type="way" ref="431374747" role=""/>
  <member type="way" ref="627171604" role=""/>
  <member type="way" ref="181916222" role=""/>
  <member type="way" ref="824782713" role=""/>
  <member type="way" ref="181916261" role=""/>
  <member type="way" ref="181916263" role=""/>
  <member type="way" ref="181916264" role=""/>
  <member type="way" ref="181916271" role=""/>
  <member type="way" ref="181916273" role=""/>
  <member type="way" ref="181916188" role=""/>
  <member type="way" ref="428731953" role=""/>
  <member type="way" ref="428731950" role=""/>
  <member type="way" ref="181916198" role=""/>
  <member type="way" ref="181916197" role=""/>
  <member type="way" ref="175162435" role=""/>
  <member type="way" ref="175162438" role=""/>
  <member type="way" ref="1147648911" role=""/>
  <member type="way" ref="1147648910" role=""/>
  <member type="way" ref="1102939821" role=""/>
  <member type="way" ref="1102939819" role=""/>
  <member type="way" ref="1102939928" role=""/>
  <member type="way" ref="1102939929" role=""/>
  <member type="way" ref="1223879112" role="backward"/>
  <member type="way" ref="232815451" role="backward"/>
  <member type="way" ref="174896918" role=""/>
  <member type="way" ref="399319021" role=""/>
  <member type="way" ref="399319019" role=""/>
  <member type="way" ref="175884525" role=""/>
  <member type="way" ref="175884526" role=""/>
  <member type="way" ref="1223879107" role=""/>
  <member type="way" ref="399319018" role=""/>
  <member type="way" ref="1223879110" role="forward"/>
  <member type="way" ref="706858691" role="forward"/>
  <member type="way" ref="123070759" role="forward"/>
  <member type="way" ref="662269405" role="forward"/>
  <member type="way" ref="1431127921" role=""/>
  <member type="way" ref="1431127922" role=""/>
  <member type="way" ref="174896924" role=""/>
  <member type="way" ref="627819256" role=""/>
  <member type="way" ref="174896905" role=""/>
  <member type="way" ref="706858708" role=""/>
  <member type="way" ref="1223879108" role=""/>
  <member type="way" ref="174896922" role=""/>
  <member type="way" ref="175884528" role=""/>
  <member type="way" ref="175884662" role=""/>
  <member type="way" ref="175884646" role=""/>
  <member type="way" ref="175884532" role=""/>
  <member type="way" ref="175884530" role=""/>
  <member type="way" ref="1283341431" role=""/>
  <member type="way" ref="1432259976" role=""/>
  <member type="way" ref="1432259975" role=""/>
  <member type="way" ref="1432259974" role=""/>
  <member type="way" ref="1432259973" role=""/>
  <member type="way" ref="1283341430" role=""/>
  <member type="way" ref="175884570" role=""/>
  <member type="way" ref="1432261636" role=""/>
  <member type="way" ref="1432261635" role=""/>
  <member type="way" ref="1102719094" role=""/>
  <member type="way" ref="1102719100" role=""/>
  <member type="way" ref="175884574" role=""/>
  <member type="way" ref="175884571" role=""/>
  <member type="way" ref="175884575" role=""/>
  <member type="way" ref="627266695" role=""/>
  <member type="way" ref="175884556" role=""/>
  <member type="way" ref="1102719099" role=""/>
  <member type="way" ref="1312727874" role=""/>
  <member type="way" ref="175884542" role=""/>
  <member type="way" ref="1098952392" role=""/>
  <member type="way" ref="627245939" role=""/>
  <member type="way" ref="552595255" role=""/>
  <member type="way" ref="824782718" role=""/>
  <member type="way" ref="552595254" role=""/>
  <member type="way" ref="1098952399" role=""/>
  <member type="way" ref="824782723" role=""/>
  <member type="way" ref="1173557210" role=""/>
  <member type="way" ref="824782720" role=""/>
  <member type="way" ref="1285852093" role=""/>
  <member type="way" ref="1285852092" role=""/>
  <member type="way" ref="627171603" role=""/>
  <member type="way" ref="627227682" role=""/>
  <member type="way" ref="627227678" role=""/>
  <member type="way" ref="627227684" role=""/>
  <member type="way" ref="1190101849" role=""/>
  <member type="way" ref="1190101848" role=""/>
  <member type="way" ref="1190101847" role=""/>
  <member type="way" ref="1190101850" role=""/>
  <member type="way" ref="627227680" role=""/>
  <member type="way" ref="627194186" role=""/>
  <member type="way" ref="431680973" role=""/>
  <member type="way" ref="627171594" role=""/>
  <member type="way" ref="627171593" role=""/>
  <member type="way" ref="658709877" role=""/>
  <member type="way" ref="627194187" role=""/>
  <member type="way" ref="627194185" role=""/>
  <member type="way" ref="431680971" role=""/>
  <member type="way" ref="431680972" role=""/>
  <member type="way" ref="627171597" role=""/>
  <member type="way" ref="627171595" role=""/>
  <member type="way" ref="658709875" role=""/>
  <member type="way" ref="552595120" role=""/>
  <member type="way" ref="552595119" role=""/>
  <member type="way" ref="120021476" role=""/>
  <member type="way" ref="175884655" role=""/>
  <member type="way" ref="175884529" role=""/>
  <member type="way" ref="175884641" role=""/>
  <member type="way" ref="1223846024" role=""/>
  <member type="way" ref="891234921" role=""/>
  <member type="way" ref="891234923" role=""/>
  <member type="way" ref="175884588" role=""/>
  <member type="way" ref="435523390" role=""/>
  <member type="way" ref="399354435" role=""/>
  <member type="way" ref="824427645" role=""/>
  <member type="way" ref="1051883039" role=""/>
  <member type="way" ref="629567865" role=""/>
  <member type="way" ref="1493365885" role=""/>
  <member type="way" ref="1493365884" role=""/>
  <member type="way" ref="629606558" role=""/>
  <member type="way" ref="1493365488" role=""/>
  <member type="way" ref="1493365487" role=""/>
  <member type="way" ref="1493365490" role=""/>
  <member type="way" ref="1493365489" role=""/>
  <member type="way" ref="1493365480" role=""/>
  <member type="way" ref="1493365479" role=""/>
  <member type="way" ref="824427640" role=""/>
  <member type="way" ref="103738411" role=""/>
  <member type="way" ref="1223701062" role=""/>
  <member type="way" ref="62191650" role=""/>
  <member type="way" ref="103738838" role=""/>
  <member type="way" ref="103738836" role=""/>
  <member type="way" ref="103738840" role=""/>
  <member type="way" ref="62191653" role=""/>
  <member type="way" ref="103738837" role=""/>
  <member type="way" ref="505851009" role=""/>
  <member type="way" ref="398033900" role=""/>
  <member type="way" ref="1493367566" role=""/>
  <member type="way" ref="1493367567" role=""/>
  <member type="way" ref="1493367569" role=""/>
  <member type="way" ref="1493367568" role=""/>
  <member type="way" ref="505851013" role=""/>
  <member type="way" ref="1223615512" role=""/>
  <member type="way" ref="505851011" role=""/>
  <member type="way" ref="1493367573" role=""/>
  <member type="way" ref="1493367572" role=""/>
  <member type="way" ref="295796693" role=""/>
  <member type="way" ref="1493367571" role=""/>
  <member type="way" ref="1493367570" role=""/>
  <member type="way" ref="995809440" role=""/>
  <member type="way" ref="1223613700" role=""/>
  <member type="way" ref="1130846182" role=""/>
  <member type="way" ref="1130846183" role=""/>
  <member type="way" ref="995809439" role=""/>
  <member type="way" ref="1223612897" role=""/>
  <member type="way" ref="997647689" role=""/>
  <member type="way" ref="1130846186" role=""/>
  <member type="way" ref="995809438" role=""/>
  <member type="way" ref="505851003" role=""/>
  <member type="way" ref="824427647" role=""/>
  <member type="way" ref="824427646" role=""/>
  <member type="way" ref="1223612895" role=""/>
  <member type="way" ref="1223612894" role=""/>
  <member type="way" ref="1223612892" role=""/>
  <member type="way" ref="1223612891" role=""/>
  <member type="way" ref="629998013" role=""/>
  <member type="way" ref="629998012" role=""/>
  <member type="way" ref="1007205003" role=""/>
  <member type="way" ref="573325105" role="backward"/>
  <member type="way" ref="323945531" role="backward"/>
  <member type="way" ref="670236767" role="backward"/>
  <member type="way" ref="1075375256" role="backward"/>
  <member type="way" ref="1075375257" role="backward"/>
  <member type="way" ref="1007205002" role=""/>
  <member type="way" ref="1007204998" role=""/>
  <member type="way" ref="824427655" role="backward"/>
  <member type="way" ref="720739023" role="backward"/>
  <member type="way" ref="613238382" role="backward"/>
  <member type="way" ref="297752196" role="backward"/>
  <member type="way" ref="145356970" role="forward"/>
  <member type="way" ref="824427656" role="forward"/>
  <member type="way" ref="720738763" role="forward"/>
  <member type="way" ref="720739025" role="forward"/>
  <member type="way" ref="613238380" role="forward"/>
  <member type="way" ref="297752190" role="forward"/>
  <member type="way" ref="300121399" role=""/>
  <member type="way" ref="297752165" role="backward"/>
  <member type="way" ref="26403005" role=""/>
  <member type="way" ref="300121312" role=""/>
  <member type="way" ref="300121374" role="forward"/>
  <member type="way" ref="175796382" role=""/>
  <member type="way" ref="175796381" role=""/>
  <member type="way" ref="175796378" role=""/>
  <member type="way" ref="175796377" role=""/>
  <member type="way" ref="175796369" role=""/>
  <member type="way" ref="175796376" role=""/>
  <member type="way" ref="175796373" role=""/>
  <member type="way" ref="914921895" role=""/>
  <member type="way" ref="914921893" role=""/>
  <member type="way" ref="175796370" role=""/>
  <member type="way" ref="175796366" role=""/>
  <member type="way" ref="175796365" role=""/>
  <member type="way" ref="175796363" role=""/>
  <member type="way" ref="175796361" role=""/>
  <member type="way" ref="175796359" role=""/>
  <member type="way" ref="175796358" role=""/>
  <member type="way" ref="630267482" role=""/>
  <member type="way" ref="536249808" role=""/>
  <member type="way" ref="536249807" role=""/>
  <member type="way" ref="536249806" role=""/>
  <member type="way" ref="630273807" role=""/>
  <member type="way" ref="630273806" role=""/>
  <member type="way" ref="536249805" role=""/>
  <member type="way" ref="1224560946" role=""/>
  <member type="way" ref="175761930" role=""/>
  <member type="way" ref="175761928" role=""/>
  <member type="way" ref="175761933" role=""/>
  <member type="way" ref="175761932" role=""/>
  <member type="way" ref="175761937" role=""/>
  <member type="way" ref="175761936" role=""/>
  <member type="way" ref="613238389" role=""/>
  <member type="way" ref="1431245420" role=""/>
  <member type="way" ref="1431245417" role=""/>
  <member type="way" ref="175761926" role=""/>
  <member type="way" ref="300121313" role=""/>
  <member type="way" ref="175796367" role=""/>
  <member type="way" ref="175796364" role=""/>
  <member type="way" ref="175796360" role="backward"/>
  <member type="way" ref="670237935" role="backward"/>
  <member type="way" ref="175796368" role=""/>
  <member type="way" ref="914921894" role=""/>
  <member type="way" ref="175796371" role=""/>
  <member type="way" ref="175796372" role=""/>
  <member type="way" ref="175796375" role=""/>
  <member type="way" ref="175796374" role=""/>
  <member type="way" ref="175796379" role=""/>
  <member type="way" ref="175796380" role=""/>
  <member type="way" ref="175796383" role=""/>
  <member type="way" ref="435523393" role=""/>
  <member type="way" ref="435523391" role=""/>
  <member type="way" ref="627273509" role=""/>
  <member type="way" ref="1102716662" role=""/>
  <member type="way" ref="1102716663" role=""/>
  <member type="way" ref="1432259977" role=""/>
  <member type="way" ref="1432259978" role=""/>
  <member type="way" ref="1283341311" role=""/>
  <member type="way" ref="1283341312" role=""/>
  <member type="way" ref="1102719103" role=""/>
  <member type="way" ref="1432261637" role=""/>
  <member type="way" ref="1432261638" role=""/>
  <member type="way" ref="1312727872" role=""/>
  <member type="way" ref="1102719095" role=""/>
  <member type="way" ref="1098947418" role=""/>
  <member type="way" ref="175884539" role=""/>
  <member type="way" ref="175884541" role=""/>
  <member type="way" ref="627266697" role=""/>
  <member type="way" ref="552595118" role=""/>
  <member type="way" ref="552595117" role=""/>
  <member type="way" ref="297752191" role="backward"/>
  <member type="way" ref="297753178" role=""/>
  <member type="way" ref="496463693" role="forward"/>
  <member type="way" ref="312687722" role="forward"/>
  <member type="way" ref="472419304" role="forward"/>
  <member type="way" ref="312687721" role="forward"/>
  <member type="way" ref="410105928" role="forward"/>
  <member type="way" ref="393559246" role="forward"/>
  <member type="way" ref="472419305" role="forward"/>
  <member type="way" ref="181675768" role="forward"/>
  <member type="way" ref="181675769" role=""/>
  <member type="way" ref="181675770" role=""/>
  <member type="way" ref="799079797" role=""/>
  <member type="way" ref="799079798" role=""/>
  <member type="way" ref="628378837" role=""/>
  <member type="way" ref="181675776" role="forward"/>
  <member type="way" ref="335820563" role="backward"/>
  <member type="way" ref="203866128" role="backward"/>
  <member type="way" ref="203866126" role="backward"/>
  <member type="way" ref="203865523" role="backward"/>
  <member type="way" ref="203865522" role="backward"/>
  <member type="way" ref="203508924" role="backward"/>
  <member type="way" ref="203865524" role="forward"/>
  <member type="way" ref="203865521" role="forward"/>
  <member type="way" ref="203508923" role="forward"/>
  <member type="way" ref="203866127" role="forward"/>
  <member type="way" ref="203866125" role="forward"/>
  <member type="way" ref="203508915" role="forward"/>
  <member type="way" ref="203508926" role="backward"/>
  <member type="way" ref="300121376" role="backward"/>
  <member type="way" ref="662269404" role="forward"/>
  <member type="way" ref="1013286173" role=""/>
  <member type="way" ref="1013286172" role="backward"/>
  <member type="way" ref="1006888517" role="backward"/>
  <member type="way" ref="399152972" role="backward"/>
  <member type="way" ref="949590132" role=""/>
  <member type="way" ref="662269406" role="backward"/>
  <member type="way" ref="123085135" role="backward"/>
  <member type="way" ref="434893079" role="forward"/>
  <member type="way" ref="175162293" role=""/>
  <member type="way" ref="182055050" role="forward"/>
  <member type="way" ref="472419294" role="forward"/>
  <member type="way" ref="182055056" role="forward"/>
  <member type="way" ref="472419293" role="forward"/>
  <member type="way" ref="174990942" role="forward"/>
  <member type="way" ref="434893089" role="forward"/>
  <member type="way" ref="888021167" role="forward"/>
  <member type="way" ref="174990988" role="forward"/>
  <member type="way" ref="472419287" role="forward"/>
  <member type="way" ref="174990935" role=""/>
  <member type="way" ref="175995728" role=""/>
  <member type="way" ref="175995726" role=""/>
  <member type="way" ref="175995727" role=""/>
  <member type="way" ref="393560662" role=""/>
  <member type="way" ref="393560660" role=""/>
  <member type="way" ref="393560664" role=""/>
  <member type="way" ref="175995729" role=""/>
  <member type="way" ref="175995730" role=""/>
  <member type="way" ref="175995731" role=""/>
  <member type="way" ref="505851028" role=""/>
  <member type="way" ref="175995732" role=""/>
  <member type="way" ref="120124758" role=""/>
  <member type="way" ref="120124766" role=""/>
  <member type="way" ref="120124761" role=""/>
  <member type="way" ref="135437791" role=""/>
  <member type="way" ref="62191662" role=""/>
  <member type="way" ref="120124762" role=""/>
  <member type="way" ref="1482076041" role=""/>
  <member type="way" ref="398007180" role=""/>
  <member type="way" ref="123071664" role=""/>
  <member type="way" ref="399152973" role=""/>
  <member type="way" ref="662269407" role=""/>
  <member type="way" ref="824427638" role=""/>
  <member type="way" ref="1223701063" role=""/>
  <member type="way" ref="1103281847" role=""/>
  <member type="way" ref="62191649" role=""/>
  <member type="way" ref="1046076003" role=""/>
  <member type="way" ref="1493365492" role=""/>
  <member type="way" ref="1493365491" role=""/>
  <member type="way" ref="1493365486" role=""/>
  <member type="way" ref="1493365485" role=""/>
  <member type="way" ref="1493365484" role=""/>
  <member type="way" ref="1493365483" role=""/>
  <member type="way" ref="1493365482" role=""/>
  <member type="way" ref="1493365481" role=""/>
  <member type="way" ref="629606561" role=""/>
  <member type="way" ref="1493365883" role=""/>
  <member type="way" ref="1493365882" role=""/>
  <member type="way" ref="824427644" role=""/>
  <member type="way" ref="1051883040" role=""/>
  <member type="way" ref="62191655" role=""/>
  <member type="way" ref="1223701061" role=""/>
  <member type="way" ref="62191648" role=""/>
  <member type="way" ref="824427632" role=""/>
  <member type="way" ref="824427633" role=""/>
  <member type="way" ref="824427636" role=""/>
  <member type="way" ref="556448931" role=""/>
  <member type="way" ref="1223701815" role=""/>
  <member type="way" ref="630324331" role=""/>
  <member type="way" ref="708187338" role=""/>
  <member type="way" ref="708187337" role=""/>
  <member type="way" ref="708187339" role=""/>
  <member type="way" ref="1103004572" role=""/>
  <member type="way" ref="708170294" role=""/>
  <member type="way" ref="1103000664" role=""/>
  <member type="way" ref="708170295" role=""/>
  <member type="way" ref="934958247" role=""/>
  <member type="way" ref="780133134" role=""/>
  <member type="way" ref="780133135" role=""/>
  <member type="way" ref="780133133" role=""/>
  <member type="way" ref="1044135533" role=""/>
  <member type="way" ref="1223703026" role=""/>
  <member type="way" ref="1223701809" role=""/>
  <member type="way" ref="398033904" role=""/>
  <member type="way" ref="1223613699" role=""/>
  <member type="way" ref="398033902" role=""/>
  <member type="way" ref="1075396984" role=""/>
  <member type="way" ref="1075396983" role=""/>
  <member type="way" ref="1103814022" role=""/>
  <member type="way" ref="505851012" role=""/>
  <member type="way" ref="175796467" role=""/>
  <member type="way" ref="505851007" role=""/>
  <member type="way" ref="175796464" role=""/>
  <member type="way" ref="175796463" role=""/>
  <member type="way" ref="1103814023" role=""/>
  <member type="way" ref="175796388" role=""/>
  <member type="way" ref="1075396981" role=""/>
  <member type="way" ref="1075396982" role=""/>
  <member type="way" ref="42917340" role=""/>
  <member type="way" ref="175796465" role=""/>
  <member type="way" ref="540729983" role=""/>
  <member type="way" ref="540729980" role=""/>
  <member type="way" ref="175796466" role=""/>
  <member type="way" ref="217529040" role=""/>
  <member type="way" ref="398036860" role=""/>
  <member type="way" ref="540729999" role=""/>
  <member type="way" ref="175796443" role=""/>
  <member type="way" ref="311750695" role=""/>
  <member type="way" ref="824427671" role=""/>
  <member type="way" ref="175796481" role=""/>
  <member type="way" ref="175796478" role=""/>
  <member type="way" ref="175796483" role=""/>
  <member type="way" ref="175796480" role=""/>
  <member type="way" ref="175796484" role=""/>
  <member type="way" ref="175815458" role=""/>
  <member type="way" ref="26417705" role=""/>
  <member type="way" ref="175796492" role=""/>
  <member type="way" ref="788479997" role=""/>
  <member type="way" ref="175796486" role=""/>
  <member type="way" ref="175796485" role=""/>
  <member type="way" ref="175796482" role=""/>
  <member type="way" ref="168434247" role=""/>
  <member type="way" ref="168434254" role=""/>
  <member type="way" ref="26412377" role=""/>
  <member type="way" ref="26402480" role=""/>
  <member type="way" ref="168434252" role=""/>
  <member type="way" ref="168434284" role=""/>
  <member type="way" ref="1396607722" role=""/>
  <member type="way" ref="26401548" role=""/>
  <member type="way" ref="26401525" role=""/>
  <member type="way" ref="26401342" role=""/>
  <member type="way" ref="26401454" role=""/>
  <member type="way" ref="26401343" role=""/>
  <member type="way" ref="26401450" role=""/>
  <member type="way" ref="26400261" role=""/>
  <member type="way" ref="61434933" role=""/>
  <member type="way" ref="431670253" role=""/>
  <member type="way" ref="1250788113" role=""/>
  <member type="way" ref="625030745" role=""/>
  <member type="way" ref="1029334567" role=""/>
  <member type="way" ref="1250788115" role=""/>
  <member type="way" ref="1250788114" role=""/>
  <member type="way" ref="1250788116" role=""/>
  <member type="way" ref="26401455" role=""/>
  <member type="way" ref="26400358" role=""/>
  <member type="way" ref="490484586" role=""/>
  <member type="way" ref="472047980" role=""/>
  <member type="way" ref="658709884" role=""/>
  <member type="way" ref="289069344" role=""/>
  <member type="way" ref="848852469" role=""/>
  <member type="way" ref="31827807" role=""/>
  <member type="way" ref="693154259" role=""/>
  <member type="way" ref="135314012" role=""/>
  <member type="way" ref="670235021" role=""/>
  <member type="way" ref="670237892" role=""/>
  <member type="way" ref="670233150" role=""/>
  <member type="way" ref="688586875" role=""/>
  <member type="way" ref="688586881" role="forward"/>
  <member type="way" ref="688596762" role="forward"/>
  <member type="way" ref="688596759" role="forward"/>
  <member type="way" ref="688596760" role="forward"/>
  <tag k="distance" v="1150"/>
  <tag k="from" v="Shalamcheh"/>
  <tag k="name" v="جاده ۹۶"/>
  <tag k="name:en" v="Road 96"/>
  <tag k="network" v="IR:national"/>
  <tag k="ref" v="96"/>
  <tag k="route" v="road"/>
  <tag k="to" v="BandarAbbas"/>
  <tag k="type" v="route"/>
  <tag k="wikipedia" v="en:Road 96 (Iran)"/>
 </relation>
 <relation id="8810757" visible="true" version="2" changeset="87741600" timestamp="2020-07-09T05:37:18Z" user="NFZANMNIM" uid="1980310">
  <member type="way" ref="824427671" role="from"/>
  <member type="node" ref="1395447937" role="via"/>
  <member type="way" ref="217529040" role="to"/>
  <tag k="restriction" v="no_left_turn"/>
  <tag k="type" v="restriction"/>
 </relation>
 <relation id="9326284" visible="true" version="80" changeset="184967578" timestamp="2026-07-02T10:29:24Z" user="Gitasaleh Virast" uid="22419583">
  <member type="way" ref="1163641748" role="outer"/>
  <member type="way" ref="1163641747" role="outer"/>
  <member type="way" ref="1163641751" role="outer"/>
  <member type="way" ref="1163641750" role="outer"/>
  <member type="way" ref="1163641753" role="outer"/>
  <member type="way" ref="1039093792" role="outer"/>
  <member type="way" ref="1039096377" role="outer"/>
  <member type="way" ref="1039096378" role="outer"/>
  <member type="way" ref="1039096373" role="outer"/>
  <member type="way" ref="1039096374" role="outer"/>
  <member type="way" ref="465276744" role="outer"/>
  <member type="way" ref="1039096379" role="outer"/>
  <member type="way" ref="157394001" role="outer"/>
  <member type="way" ref="157396056" role="outer"/>
  <member type="way" ref="932831480" role="outer"/>
  <member type="way" ref="1298085733" role="outer"/>
  <member type="way" ref="1298089293" role="outer"/>
  <member type="way" ref="1298089294" role="outer"/>
  <member type="way" ref="1298085734" role="outer"/>
  <member type="way" ref="932831481" role="outer"/>
  <member type="way" ref="157433605" role="outer"/>
  <member type="way" ref="642146676" role="outer"/>
  <member type="way" ref="642146668" role="outer"/>
  <member type="way" ref="642146667" role="outer"/>
  <member type="way" ref="642146670" role="outer"/>
  <member type="way" ref="642146671" role="outer"/>
  <member type="way" ref="642146666" role="outer"/>
  <member type="way" ref="642146678" role="outer"/>
  <member type="way" ref="642146679" role="outer"/>
  <member type="way" ref="797997436" role="outer"/>
  <member type="way" ref="797997415" role="outer"/>
  <member type="way" ref="797997414" role="outer"/>
  <member type="way" ref="440574431" role="outer"/>
  <member type="way" ref="157428308" role="outer"/>
  <member type="way" ref="670533308" role="outer"/>
  <member type="way" ref="157681919" role="outer"/>
  <member type="way" ref="798277293" role="outer"/>
  <member type="way" ref="798277292" role="outer"/>
  <member type="way" ref="798277290" role="outer"/>
  <member type="way" ref="798277285" role="outer"/>
  <member type="way" ref="798277286" role="outer"/>
  <member type="way" ref="798277282" role="outer"/>
  <member type="way" ref="798277283" role="outer"/>
  <member type="way" ref="798277289" role="outer"/>
  <member type="way" ref="1050842615" role="outer"/>
  <member type="way" ref="1050842616" role="outer"/>
  <member type="way" ref="1050841869" role="outer"/>
  <member type="way" ref="1050841870" role="outer"/>
  <member type="way" ref="798277270" role="outer"/>
  <member type="way" ref="798277271" role="outer"/>
  <member type="way" ref="798277287" role="outer"/>
  <member type="way" ref="157682136" role="outer"/>
  <member type="way" ref="1235194286" role="outer"/>
  <member type="way" ref="1235194284" role="outer"/>
  <member type="way" ref="157681952" role="outer"/>
  <member type="way" ref="896808535" role="outer"/>
  <member type="way" ref="896808989" role="outer"/>
  <member type="way" ref="896808990" role="outer"/>
  <member type="way" ref="896809823" role="outer"/>
  <member type="way" ref="896809824" role="outer"/>
  <member type="way" ref="896808536" role="outer"/>
  <member type="way" ref="642159177" role="outer"/>
  <member type="way" ref="642159178" role="outer"/>
  <member type="way" ref="157681934" role="outer"/>
  <member type="way" ref="469118151" role="outer"/>
  <member type="way" ref="656362520" role="outer"/>
  <member type="way" ref="469118150" role="outer"/>
  <member type="way" ref="656362522" role="outer"/>
  <member type="way" ref="157681989" role="outer"/>
  <member type="way" ref="157681918" role="outer"/>
  <member type="way" ref="670533313" role="outer"/>
  <member type="way" ref="670533312" role="outer"/>
  <member type="way" ref="415406189" role="outer"/>
  <member type="way" ref="235987109" role="outer"/>
  <member type="way" ref="964901377" role="outer"/>
  <member type="way" ref="200423283" role="outer"/>
  <member type="way" ref="298767900" role="outer"/>
  <member type="way" ref="298786716" role="outer"/>
  <member type="way" ref="323025739" role="outer"/>
  <member type="way" ref="298750359" role="outer"/>
  <member type="way" ref="298774394" role="outer"/>
  <member type="way" ref="298773145" role="outer"/>
  <member type="way" ref="298773143" role="outer"/>
  <member type="way" ref="298767895" role="outer"/>
  <member type="way" ref="298767902" role="outer"/>
  <member type="way" ref="298767898" role="outer"/>
  <member type="way" ref="13860203" role="outer"/>
  <member type="way" ref="13860087" role="outer"/>
  <member type="way" ref="13860085" role="outer"/>
  <member type="way" ref="230117213" role="outer"/>
  <member type="way" ref="13860169" role="outer"/>
  <member type="way" ref="298493966" role="outer"/>
  <member type="way" ref="1325470975" role="outer"/>
  <member type="way" ref="230016637" role="outer"/>
  <member type="way" ref="211251481" role="outer"/>
  <member type="way" ref="211254242" role="outer"/>
  <member type="way" ref="1431437215" role="outer"/>
  <member type="way" ref="1431437216" role="outer"/>
  <member type="way" ref="211254241" role="outer"/>
  <member type="way" ref="13860081" role="outer"/>
  <member type="way" ref="1426586304" role="outer"/>
  <member type="way" ref="202667817" role="outer"/>
  <member type="way" ref="96927485" role="outer"/>
  <member type="way" ref="96927488" role="outer"/>
  <member type="way" ref="46881025" role="outer"/>
  <member type="way" ref="46881029" role="outer"/>
  <member type="way" ref="13860155" role="outer"/>
  <member type="way" ref="144903577" role="outer"/>
  <member type="way" ref="144903591" role="outer"/>
  <member type="way" ref="13860119" role="outer"/>
  <member type="way" ref="144903580" role="outer"/>
  <member type="way" ref="144903586" role="outer"/>
  <member type="way" ref="13860185" role="outer"/>
  <member type="way" ref="144892882" role="outer"/>
  <member type="way" ref="144892878" role="outer"/>
  <member type="way" ref="13860159" role="outer"/>
  <member type="way" ref="144847009" role="outer"/>
  <member type="way" ref="144847018" role="outer"/>
  <member type="way" ref="13860152" role="outer"/>
  <member type="way" ref="144787333" role="outer"/>
  <member type="way" ref="144787327" role="outer"/>
  <member type="way" ref="13860114" role="outer"/>
  <member type="way" ref="144665349" role="outer"/>
  <member type="way" ref="144665385" role="outer"/>
  <member type="way" ref="13860112" role="outer"/>
  <member type="way" ref="144659098" role="outer"/>
  <member type="way" ref="144659095" role="outer"/>
  <member type="way" ref="13860076" role="outer"/>
  <member type="way" ref="144654927" role="outer"/>
  <member type="way" ref="13860198" role="outer"/>
  <member type="way" ref="144648983" role="outer"/>
  <member type="way" ref="13860077" role="outer"/>
  <member type="way" ref="144489537" role="outer"/>
  <member type="way" ref="144489540" role="outer"/>
  <member type="way" ref="13860103" role="outer"/>
  <member type="way" ref="144500702" role="outer"/>
  <member type="way" ref="144500698" role="outer"/>
  <member type="way" ref="144500695" role="outer"/>
  <member type="way" ref="13860071" role="outer"/>
  <member type="way" ref="144559932" role="outer"/>
  <member type="way" ref="13860075" role="outer"/>
  <member type="way" ref="144559916" role="outer"/>
  <member type="way" ref="144559906" role="outer"/>
  <member type="way" ref="13860072" role="outer"/>
  <member type="way" ref="144566090" role="outer"/>
  <member type="way" ref="144566039" role="outer"/>
  <member type="way" ref="13860098" role="outer"/>
  <member type="way" ref="144583687" role="outer"/>
  <member type="way" ref="144583646" role="outer"/>
  <member type="way" ref="13860180" role="outer"/>
  <member type="way" ref="144627663" role="outer"/>
  <member type="way" ref="13860066" role="outer"/>
  <member type="way" ref="144635513" role="outer"/>
  <member type="way" ref="13860206" role="outer"/>
  <member type="way" ref="13860189" role="outer"/>
  <member type="way" ref="144928544" role="outer"/>
  <member type="way" ref="144928550" role="outer"/>
  <member type="way" ref="13860082" role="outer"/>
  <member type="way" ref="144928552" role="outer"/>
  <member type="way" ref="13860160" role="outer"/>
  <member type="way" ref="144928549" role="outer"/>
  <member type="way" ref="144928553" role="outer"/>
  <member type="way" ref="13860188" role="outer"/>
  <member type="way" ref="144947249" role="outer"/>
  <member type="way" ref="144947250" role="outer"/>
  <member type="way" ref="13860195" role="outer"/>
  <member type="way" ref="144954832" role="outer"/>
  <member type="way" ref="144954834" role="outer"/>
  <member type="way" ref="13860156" role="outer"/>
  <member type="way" ref="145015861" role="outer"/>
  <member type="way" ref="145015885" role="outer"/>
  <member type="way" ref="13860101" role="outer"/>
  <member type="way" ref="145045651" role="outer"/>
  <member type="way" ref="13860172" role="outer"/>
  <member type="way" ref="145045639" role="outer"/>
  <member type="way" ref="13860199" role="outer"/>
  <member type="way" ref="145288387" role="outer"/>
  <member type="way" ref="13860179" role="outer"/>
  <member type="way" ref="145288395" role="outer"/>
  <member type="way" ref="13860090" role="outer"/>
  <member type="way" ref="145290411" role="outer"/>
  <member type="way" ref="13860201" role="outer"/>
  <member type="way" ref="145297186" role="outer"/>
  <member type="way" ref="145297196" role="outer"/>
  <member type="way" ref="13860093" role="outer"/>
  <member type="way" ref="145431082" role="outer"/>
  <member type="way" ref="145431072" role="outer"/>
  <member type="way" ref="145431090" role="outer"/>
  <member type="way" ref="13860133" role="outer"/>
  <member type="way" ref="145436965" role="outer"/>
  <member type="way" ref="13860149" role="outer"/>
  <member type="way" ref="145436968" role="outer"/>
  <member type="way" ref="13860073" role="outer"/>
  <member type="way" ref="145442297" role="outer"/>
  <member type="way" ref="145442278" role="outer"/>
  <member type="way" ref="13860126" role="outer"/>
  <member type="way" ref="932340403" role="outer"/>
  <member type="way" ref="13860176" role="outer"/>
  <member type="way" ref="670533310" role="outer"/>
  <member type="way" ref="670533311" role="outer"/>
  <member type="way" ref="441360915" role="outer"/>
  <member type="way" ref="441360889" role="outer"/>
  <member type="way" ref="19130574" role="outer"/>
  <member type="way" ref="19130677" role="outer"/>
  <member type="way" ref="441360898" role="outer"/>
  <member type="way" ref="441360908" role="outer"/>
  <member type="way" ref="441360894" role="outer"/>
  <member type="way" ref="441360899" role="outer"/>
  <member type="way" ref="441360891" role="outer"/>
  <member type="way" ref="441360907" role="outer"/>
  <member type="way" ref="441360893" role="outer"/>
  <member type="way" ref="441360886" role="outer"/>
  <member type="way" ref="541008283" role="outer"/>
  <member type="way" ref="157371207" role="outer"/>
  <member type="way" ref="157371208" role="outer"/>
  <member type="way" ref="541008291" role="outer"/>
  <member type="way" ref="157366647" role="outer"/>
  <member type="way" ref="157366688" role="outer"/>
  <member type="way" ref="157377372" role="outer"/>
  <member type="way" ref="157377342" role="outer"/>
  <member type="way" ref="541008306" role="outer"/>
  <member type="way" ref="541008308" role="outer"/>
  <member type="way" ref="541008301" role="outer"/>
  <member type="way" ref="157394002" role="outer"/>
  <member type="way" ref="465267067" role="outer"/>
  <member type="way" ref="656644730" role="outer"/>
  <member type="way" ref="1077019096" role="outer"/>
  <member type="way" ref="656644840" role="outer"/>
  <member type="way" ref="1077019097" role="outer"/>
  <member type="way" ref="656646552" role="outer"/>
  <member type="way" ref="656646554" role="outer"/>
  <member type="way" ref="1160573604" role="outer"/>
  <member type="way" ref="1160573601" role="outer"/>
  <member type="way" ref="1160573602" role="outer"/>
  <member type="way" ref="1160573594" role="outer"/>
  <member type="way" ref="1160573600" role="outer"/>
  <member type="way" ref="1160573605" role="outer"/>
  <member type="way" ref="660196198" role="outer"/>
  <member type="way" ref="656644841" role="outer"/>
  <member type="way" ref="656644842" role="outer"/>
  <member type="way" ref="656644843" role="outer"/>
  <member type="way" ref="1102608527" role="outer"/>
  <member type="way" ref="1160594469" role="outer"/>
  <member type="way" ref="656645364" role="outer"/>
  <member type="way" ref="1169549006" role="outer"/>
  <member type="way" ref="541008302" role="outer"/>
  <member type="way" ref="1050628716" role="outer"/>
  <member type="way" ref="660196474" role="outer"/>
  <member type="way" ref="1050627500" role="outer"/>
  <member type="way" ref="1050627501" role="outer"/>
  <member type="way" ref="465274504" role="outer"/>
  <member type="way" ref="1050627502" role="outer"/>
  <member type="way" ref="1039093791" role="outer"/>
  <member type="way" ref="160052043" role="inner"/>
  <member type="way" ref="160052044" role="inner"/>
  <member type="way" ref="412997708" role="inner"/>
  <member type="way" ref="412997706" role="inner"/>
  <member type="way" ref="412618936" role="inner"/>
  <member type="way" ref="412618937" role="inner"/>
  <member type="way" ref="412618938" role="inner"/>
  <member type="way" ref="412618931" role="inner"/>
  <member type="way" ref="412618932" role="inner"/>
  <member type="way" ref="412618933" role="inner"/>
  <member type="way" ref="412618934" role="inner"/>
  <member type="way" ref="412618935" role="inner"/>
  <member type="way" ref="412996303" role="inner"/>
  <member type="way" ref="412702233" role="inner"/>
  <member type="way" ref="412702232" role="inner"/>
  <member type="way" ref="412702235" role="inner"/>
  <member type="way" ref="412702234" role="inner"/>
  <member type="way" ref="412702237" role="inner"/>
  <member type="way" ref="412702236" role="inner"/>
  <member type="way" ref="412699056" role="inner"/>
  <member type="way" ref="412699055" role="inner"/>
  <member type="way" ref="412695065" role="inner"/>
  <member type="way" ref="412695064" role="inner"/>
  <member type="way" ref="412695066" role="inner"/>
  <member type="way" ref="412695063" role="inner"/>
  <member type="way" ref="412628136" role="inner"/>
  <member type="way" ref="412628137" role="inner"/>
  <member type="way" ref="412628138" role="inner"/>
  <member type="way" ref="412628139" role="inner"/>
  <member type="way" ref="412628135" role="inner"/>
  <member type="way" ref="413002368" role="inner"/>
  <member type="way" ref="413002371" role="inner"/>
  <member type="way" ref="413002365" role="inner"/>
  <member type="way" ref="413002366" role="inner"/>
  <member type="way" ref="413002361" role="inner"/>
  <member type="way" ref="413002363" role="inner"/>
  <member type="way" ref="413002356" role="inner"/>
  <member type="way" ref="413002358" role="inner"/>
  <member type="way" ref="413002353" role="inner"/>
  <member type="way" ref="413002347" role="inner"/>
  <member type="way" ref="160052047" role="inner"/>
  <member type="way" ref="160052055" role="inner"/>
  <member type="way" ref="412624721" role="inner"/>
  <member type="way" ref="412624722" role="inner"/>
  <member type="way" ref="656361290" role="inner"/>
  <member type="way" ref="160052046" role="inner"/>
  <member type="way" ref="160052056" role="inner"/>
  <member type="way" ref="160052050" role="inner"/>
  <member type="way" ref="160052051" role="inner"/>
  <member type="way" ref="160052053" role="inner"/>
  <member type="way" ref="160052075" role="inner"/>
  <member type="way" ref="160052068" role="inner"/>
  <member type="way" ref="4524442" role="inner"/>
  <member type="way" ref="642160454" role="inner"/>
  <member type="way" ref="1037479869" role="inner"/>
  <member type="way" ref="1037479868" role="inner"/>
  <member type="way" ref="642162612" role="inner"/>
  <member type="way" ref="642162611" role="inner"/>
  <member type="way" ref="1037485349" role="inner"/>
  <member type="way" ref="1037485348" role="inner"/>
  <member type="way" ref="1037485347" role="inner"/>
  <member type="way" ref="1037480375" role="inner"/>
  <member type="way" ref="1037480374" role="inner"/>
  <member type="way" ref="642163939" role="inner"/>
  <member type="way" ref="642163951" role="inner"/>
  <member type="way" ref="642146684" role="inner"/>
  <member type="way" ref="642150107" role="inner"/>
  <member type="way" ref="642150106" role="inner"/>
  <member type="way" ref="642146681" role="inner"/>
  <member type="way" ref="642221528" role="inner"/>
  <member type="way" ref="642221525" role="inner"/>
  <member type="way" ref="642221529" role="inner"/>
  <member type="way" ref="642221524" role="inner"/>
  <member type="way" ref="642221944" role="inner"/>
  <member type="way" ref="642222371" role="inner"/>
  <member type="way" ref="642222369" role="inner"/>
  <member type="way" ref="642221945" role="inner"/>
  <member type="way" ref="160052070" role="inner"/>
  <member type="way" ref="19130623" role="inner"/>
  <member type="way" ref="144447967" role="inner"/>
  <member type="way" ref="144447968" role="inner"/>
  <member type="way" ref="144447969" role="inner"/>
  <member type="way" ref="144583607" role="inner"/>
  <member type="way" ref="144583762" role="inner"/>
  <member type="way" ref="144583756" role="inner"/>
  <member type="way" ref="144583748" role="inner"/>
  <member type="way" ref="144583745" role="inner"/>
  <member type="way" ref="160047541" role="inner"/>
  <member type="way" ref="144847008" role="inner"/>
  <member type="way" ref="144847039" role="inner"/>
  <member type="way" ref="144847040" role="inner"/>
  <member type="way" ref="160052052" role="inner"/>
  <member type="way" ref="160056057" role="inner"/>
  <member type="way" ref="203445975" role="inner"/>
  <member type="way" ref="11952747" role="inner"/>
  <member type="way" ref="144489534" role="inner"/>
  <member type="way" ref="145015856" role="inner"/>
  <member type="way" ref="145015914" role="inner"/>
  <member type="way" ref="145288382" role="inner"/>
  <member type="way" ref="145288396" role="inner"/>
  <member type="way" ref="145288397" role="inner"/>
  <member type="way" ref="145288386" role="inner"/>
  <member type="way" ref="144892884" role="inner"/>
  <member type="way" ref="144500703" role="inner"/>
  <member type="way" ref="144500690" role="inner"/>
  <member type="way" ref="144500687" role="inner"/>
  <member type="way" ref="145290408" role="inner"/>
  <member type="way" ref="144635514" role="inner"/>
  <member type="way" ref="144635515" role="inner"/>
  <member type="way" ref="144640219" role="inner"/>
  <member type="way" ref="144640218" role="inner"/>
  <member type="way" ref="144640217" role="inner"/>
  <member type="way" ref="144640216" role="inner"/>
  <member type="way" ref="541008282" role="inner"/>
  <member type="way" ref="144903587" role="inner"/>
  <member type="way" ref="144903585" role="inner"/>
  <member type="way" ref="144903584" role="inner"/>
  <member type="way" ref="144903590" role="inner"/>
  <member type="way" ref="144903589" role="inner"/>
  <member type="way" ref="144903588" role="inner"/>
  <member type="way" ref="144903595" role="inner"/>
  <member type="way" ref="144903594" role="inner"/>
  <member type="way" ref="144903599" role="inner"/>
  <member type="way" ref="144903598" role="inner"/>
  <member type="way" ref="144903597" role="inner"/>
  <member type="way" ref="144903596" role="inner"/>
  <member type="way" ref="144903600" role="inner"/>
  <member type="way" ref="144903574" role="inner"/>
  <member type="way" ref="144903576" role="inner"/>
  <member type="way" ref="144903583" role="inner"/>
  <member type="way" ref="144903582" role="inner"/>
  <member type="way" ref="145297185" role="inner"/>
  <member type="way" ref="145297227" role="inner"/>
  <member type="way" ref="145430890" role="inner"/>
  <member type="way" ref="145430889" role="inner"/>
  <member type="way" ref="145430885" role="inner"/>
  <member type="way" ref="144907207" role="inner"/>
  <member type="way" ref="144907206" role="inner"/>
  <member type="way" ref="144907210" role="inner"/>
  <member type="way" ref="144907209" role="inner"/>
  <member type="way" ref="144907208" role="inner"/>
  <member type="way" ref="144648991" role="inner"/>
  <member type="way" ref="144648982" role="inner"/>
  <member type="way" ref="144648981" role="inner"/>
  <member type="way" ref="144648992" role="inner"/>
  <member type="way" ref="145045671" role="inner"/>
  <member type="way" ref="145045667" role="inner"/>
  <member type="way" ref="145045673" role="inner"/>
  <member type="way" ref="145436972" role="inner"/>
  <member type="way" ref="145436967" role="inner"/>
  <member type="way" ref="145436966" role="inner"/>
  <member type="way" ref="145436964" role="inner"/>
  <member type="way" ref="144654930" role="inner"/>
  <member type="way" ref="144654929" role="inner"/>
  <member type="way" ref="144654928" role="inner"/>
  <member type="way" ref="144654926" role="inner"/>
  <member type="way" ref="144654925" role="inner"/>
  <member type="way" ref="144654924" role="inner"/>
  <member type="way" ref="144787335" role="inner"/>
  <member type="way" ref="144787334" role="inner"/>
  <member type="way" ref="144787325" role="inner"/>
  <member type="way" ref="144787326" role="inner"/>
  <member type="way" ref="144659103" role="inner"/>
  <member type="way" ref="144659102" role="inner"/>
  <member type="way" ref="144659101" role="inner"/>
  <member type="way" ref="144659100" role="inner"/>
  <member type="way" ref="144659094" role="inner"/>
  <member type="way" ref="144659104" role="inner"/>
  <member type="way" ref="144665405" role="inner"/>
  <member type="way" ref="144665404" role="inner"/>
  <member type="way" ref="144665403" role="inner"/>
  <member type="way" ref="144665381" role="inner"/>
  <member type="way" ref="144665409" role="inner"/>
  <member type="way" ref="144665408" role="inner"/>
  <member type="way" ref="144928551" role="inner"/>
  <member type="way" ref="144928559" role="inner"/>
  <member type="way" ref="144928558" role="inner"/>
  <member type="way" ref="144928557" role="inner"/>
  <member type="way" ref="144928543" role="inner"/>
  <member type="way" ref="13860070" role="inner"/>
  <member type="way" ref="13860069" role="inner"/>
  <member type="way" ref="13860183" role="inner"/>
  <member type="way" ref="13860190" role="inner"/>
  <member type="way" ref="13860163" role="inner"/>
  <member type="way" ref="13860161" role="inner"/>
  <member type="way" ref="13860168" role="inner"/>
  <member type="way" ref="13860205" role="inner"/>
  <member type="way" ref="13860121" role="inner"/>
  <member type="way" ref="13860099" role="inner"/>
  <member type="way" ref="13860105" role="inner"/>
  <member type="way" ref="13860111" role="inner"/>
  <member type="way" ref="13860128" role="inner"/>
  <member type="way" ref="13860132" role="inner"/>
  <member type="way" ref="13860136" role="inner"/>
  <member type="way" ref="13860142" role="inner"/>
  <member type="way" ref="13860141" role="inner"/>
  <member type="way" ref="157649272" role="inner"/>
  <member type="way" ref="144947251" role="inner"/>
  <member type="way" ref="144947248" role="inner"/>
  <member type="way" ref="144559896" role="inner"/>
  <member type="way" ref="144559944" role="inner"/>
  <member type="way" ref="144954835" role="inner"/>
  <member type="way" ref="144954833" role="inner"/>
  <member type="way" ref="144435675" role="inner"/>
  <member type="way" ref="19130676" role="inner"/>
  <member type="way" ref="415406190" role="inner"/>
  <member type="way" ref="136710399" role="inner"/>
  <member type="way" ref="136710533" role="inner"/>
  <member type="way" ref="298775517" role="inner"/>
  <member type="way" ref="298779601" role="inner"/>
  <member type="way" ref="298779959" role="inner"/>
  <member type="way" ref="298779958" role="inner"/>
  <member type="way" ref="144971477" role="inner"/>
  <member type="way" ref="144971479" role="inner"/>
  <member type="way" ref="343127660" role="inner"/>
  <member type="way" ref="136653428" role="inner"/>
  <member type="way" ref="964474359" role="inner"/>
  <member type="way" ref="235987116" role="inner"/>
  <member type="way" ref="211255126" role="inner"/>
  <member type="way" ref="211255130" role="inner"/>
  <member type="way" ref="211255129" role="inner"/>
  <member type="way" ref="145442307" role="inner"/>
  <member type="way" ref="145442308" role="inner"/>
  <member type="way" ref="13860124" role="inner"/>
  <member type="way" ref="13860109" role="inner"/>
  <member type="way" ref="964478021" role="inner"/>
  <member type="way" ref="964478754" role="inner"/>
  <tag k="gns:dsg" v="STRT"/>
  <tag k="gns:uni" v="-4307103"/>
  <tag k="maxwidth" v="52 nautical miles"/>
  <tag k="name" v="تنگه هرمز"/>
  <tag k="name:ar" v="مضیق هرمز"/>
  <tag k="name:az" v="Hörmüz boğazı"/>
  <tag k="name:bg" v="Ормузки проток"/>
  <tag k="name:ca" v="Estret d'Ormuz"/>
  <tag k="name:cs" v="Hormuzský průliv"/>
  <tag k="name:de" v="Straße von Hormus"/>
  <tag k="name:en" v="Strait of Hormuz"/>
  <tag k="name:eo" v="Hormuza Markolo"/>
  <tag k="name:es" v="Estrecho de Ormuz"/>
  <tag k="name:fa" v="تنگه هرمز"/>
  <tag k="name:fi" v="Hormuzinsalmi"/>
  <tag k="name:fr" v="Détroit d'Ormuz"/>
  <tag k="name:hi" v="होर्मुज की जलडमरूमध्य"/>
  <tag k="name:hr" v="Hormuški tjesnac"/>
  <tag k="name:hu" v="Hormuzi-szoros"/>
  <tag k="name:it" v="Stretto di Hormuz"/>
  <tag k="name:ja" v="ホルムズ海峡"/>
  <tag k="name:ko" v="호르무즈 해협"/>
  <tag k="name:ml" v="ഹൊർമുസ് കടലിടുക്ക്"/>
  <tag k="name:nl" v="Straat van Hormuz"/>
  <tag k="name:pnb" v="پانی گلی ہرمز"/>
  <tag k="name:pt" v="Estreito de Ormuz"/>
  <tag k="name:ru" v="Ормузский пролив"/>
  <tag k="name:sk" v="Hormuzský prieliv"/>
  <tag k="name:sl" v="Hormuška ožina"/>
  <tag k="name:sr" v="Ормуски мореуз"/>
  <tag k="name:sr-Latn" v="Ormuski moreuz"/>
  <tag k="name:sv" v="Hormuzsundet"/>
  <tag k="name:tr" v="Hürmüz Boğazı"/>
  <tag k="name:uk" v="Ормузька протока"/>
  <tag k="name:ur" v="آبنائے ہرمز"/>
  <tag k="name:vi" v="Eo biển Hormuz"/>
  <tag k="name:zh" v="霍尔木兹海峡"/>
  <tag k="name:zh-Hans" v="霍尔木兹海峡"/>
  <tag k="name:zh-Hant" v="霍爾木茲海峽"/>
  <tag k="natural" v="strait"/>
  <tag k="short_name" v="Hormuz"/>
  <tag k="short_name:cs" v="Hormuz"/>
  <tag k="source" v="https://ar.wikipedia.org/wiki/مضيق_هرمز"/>
  <tag k="type" v="multipolygon"/>
  <tag k="width" v="21 nautical miles"/>
  <tag k="wikidata" v="Q79883"/>
  <tag k="wikimedia_commons" v="Category:Strait of Hormuz"/>
  <tag k="wikipedia" v="ar:مضيق هرمز"/>
 </relation>
</osm>
