<?xml version="1.0" encoding="UTF-8"?>
<osm version="0.6" generator="openstreetmap-cgimap 2.1.0 (3280481 spike-06.openstreetmap.org)" copyright="OpenStreetMap and contributors" attribution="http://www.openstreetmap.org/copyright" license="http://opendatacommons.org/licenses/odbl/1-0/">
 <bounds minlat="27.1817470" minlon="56.3101990" maxlat="27.1891910" maxlon="56.3193300"/>
 <node id="289419211" visible="true" version="8" changeset="139263690" timestamp="2023-07-31T17:07:55Z" user="Osm1980" uid="3743902" lat="27.1829766" lon="56.3188565">
  <tag k="amenity" v="cafe"/>
  <tag k="name" v="کافه هخامنش"/>
 </node>
 <node id="289419212" visible="true" version="3" changeset="134633758" timestamp="2023-04-07T21:51:16Z" user="kiaraSh-Q" uid="2693232" lat="27.1829198" lon="56.3190993"/>
 <node id="293642143" visible="true" version="9" changeset="47218450" timestamp="2017-03-28T04:51:59Z" user="lvlahdi" uid="223057" lat="27.1963598" lon="56.3396938"/>
 <node id="352780633" visible="true" version="9" changeset="134853943" timestamp="2023-04-13T09:33:46Z" user="F777" uid="13691644" lat="27.1879544" lon="56.3057539">
  <tag k="crossing" v="unmarked"/>
  <tag k="crossing:markings" v="no"/>
  <tag k="highway" v="crossing"/>
 </node>
 <node id="352780634" visible="true" version="4" changeset="4925237" timestamp="2010-06-07T07:11:36Z" user="sorento54" uid="294714" lat="27.1881796" lon="56.3066745"/>
 <node id="352780635" visible="true" version="4" changeset="48731588" timestamp="2017-05-16T13:17:09Z" user="lvlahdi" uid="223057" lat="27.1884322" lon="56.3079131"/>
 <node id="352780636" visible="true" version="3" changeset="686218" timestamp="2009-02-26T23:14:44Z" user="Claudius Henrichs" uid="18069" lat="27.1884985" lon="56.3083539"/>
 <node id="352780637" visible="true" version="3" changeset="686218" timestamp="2009-02-26T23:14:44Z" user="Claudius Henrichs" uid="18069" lat="27.1885672" lon="56.3089462"/>
 <node id="352780638" visible="true" version="3" changeset="686218" timestamp="2009-02-26T23:14:44Z" user="Claudius Henrichs" uid="18069" lat="27.1886664" lon="56.3099504"/>
 <node id="352780639" visible="true" version="3" changeset="686218" timestamp="2009-02-26T23:14:44Z" user="Claudius Henrichs" uid="18069" lat="27.1886664" lon="56.3103624"/>
 <node id="352780643" visible="true" version="4" changeset="686218" timestamp="2009-02-26T23:15:44Z" user="Claudius Henrichs" uid="18069" lat="27.1886588" lon="56.3144822"/>
 <node id="352780644" visible="true" version="4" changeset="47858154" timestamp="2017-04-17T06:49:48Z" user="lvlahdi" uid="223057" lat="27.1887012" lon="56.3168284"/>
 <node id="352780645" visible="true" version="5" changeset="45893616" timestamp="2017-02-07T18:48:13Z" user="lvlahdi" uid="223057" lat="27.1887242" lon="56.3175255"/>
 <node id="352780646" visible="true" version="7" changeset="45893616" timestamp="2017-02-07T18:48:13Z" user="lvlahdi" uid="223057" lat="27.1887519" lon="56.3180149"/>
 <node id="352780647" visible="true" version="6" changeset="45893616" timestamp="2017-02-07T18:48:13Z" user="lvlahdi" uid="223057" lat="27.1887832" lon="56.3184300"/>
 <node id="352780648" visible="true" version="4" changeset="40816092" timestamp="2016-07-18T11:00:26Z" user="hamid5300" uid="2324635" lat="27.1890026" lon="56.3201286"/>
 <node id="352780649" visible="true" version="3" changeset="664226" timestamp="2009-02-25T19:36:21Z" user="Claudius Henrichs" uid="18069" lat="27.1893612" lon="56.3219924"/>
 <node id="352780650" visible="true" version="3" changeset="664226" timestamp="2009-02-25T19:36:21Z" user="Claudius Henrichs" uid="18069" lat="27.1894757" lon="56.3224817"/>
 <node id="352781242" visible="true" version="5" changeset="47218450" timestamp="2017-03-28T04:51:59Z" user="lvlahdi" uid="223057" lat="27.1961701" lon="56.3394913"/>
 <node id="352781244" visible="true" version="6" changeset="54131464" timestamp="2017-11-27T20:01:48Z" user="lvlahdi" uid="223057" lat="27.1959886" lon="56.3392803"/>
 <node id="352781245" visible="true" version="4" changeset="47218450" timestamp="2017-03-28T04:51:59Z" user="lvlahdi" uid="223057" lat="27.1950595" lon="56.3380471"/>
 <node id="352781246" visible="true" version="5" changeset="120169341" timestamp="2022-04-25T14:28:37Z" user="DaryaSea" uid="14174743" lat="27.1946554" lon="56.3374577"/>
 <node id="352781248" visible="true" version="4" changeset="47218450" timestamp="2017-03-28T04:51:59Z" user="lvlahdi" uid="223057" lat="27.1939359" lon="56.3363087"/>
 <node id="352781250" visible="true" version="5" changeset="47218450" timestamp="2017-03-28T04:51:59Z" user="lvlahdi" uid="223057" lat="27.1925345" lon="56.3334782"/>
 <node id="352781254" visible="true" version="4" changeset="46739123" timestamp="2017-03-10T13:44:51Z" user="lvlahdi" uid="223057" lat="27.1920313" lon="56.3321684"/>
 <node id="352781256" visible="true" version="4" changeset="46739123" timestamp="2017-03-10T13:44:51Z" user="lvlahdi" uid="223057" lat="27.1917177" lon="56.3312001"/>
 <node id="352781257" visible="true" version="3" changeset="664226" timestamp="2009-02-25T19:36:19Z" user="Claudius Henrichs" uid="18069" lat="27.1914989" lon="56.3304639"/>
 <node id="352781258" visible="true" version="3" changeset="664226" timestamp="2009-02-25T19:36:19Z" user="Claudius Henrichs" uid="18069" lat="27.1907507" lon="56.3272882"/>
 <node id="352781264" visible="true" version="5" changeset="46156694" timestamp="2017-02-17T07:18:27Z" user="lvlahdi" uid="223057" lat="27.1891947" lon="56.3203507"/>
 <node id="352781268" visible="true" version="6" changeset="40816092" timestamp="2016-07-18T11:00:26Z" user="hamid5300" uid="2324635" lat="27.1889824" lon="56.3183988"/>
 <node id="352781269" visible="true" version="9" changeset="40816092" timestamp="2016-07-18T11:00:26Z" user="hamid5300" uid="2324635" lat="27.1889394" lon="56.3179806"/>
 <node id="352781270" visible="true" version="6" changeset="47858154" timestamp="2017-04-17T06:49:48Z" user="lvlahdi" uid="223057" lat="27.1888451" lon="56.3170877"/>
 <node id="352781276" visible="true" version="6" changeset="729461" timestamp="2009-03-03T17:36:05Z" user="Claudius Henrichs" uid="18069" lat="27.1887352" lon="56.3093581"/>
 <node id="352781277" visible="true" version="5" changeset="729461" timestamp="2009-03-03T17:35:55Z" user="Claudius Henrichs" uid="18069" lat="27.1887199" lon="56.3091521"/>
 <node id="352781279" visible="true" version="5" changeset="729461" timestamp="2009-03-03T17:35:55Z" user="Claudius Henrichs" uid="18069" lat="27.1886741" lon="56.3088346"/>
 <node id="352781280" visible="true" version="6" changeset="48731588" timestamp="2017-05-16T13:17:09Z" user="lvlahdi" uid="223057" lat="27.1886099" lon="56.3082652"/>
 <node id="352781282" visible="true" version="5" changeset="729461" timestamp="2009-03-03T17:35:55Z" user="Claudius Henrichs" uid="18069" lat="27.1885519" lon="56.3078990"/>
 <node id="352781284" visible="true" version="6" changeset="48731588" timestamp="2017-05-16T13:17:09Z" user="lvlahdi" uid="223057" lat="27.1884328" lon="56.3071132"/>
 <node id="352781285" visible="true" version="6" changeset="48731588" timestamp="2017-05-16T13:17:09Z" user="lvlahdi" uid="223057" lat="27.1883613" lon="56.3066949"/>
 <node id="352781286" visible="true" version="6" changeset="48731588" timestamp="2017-05-16T13:17:09Z" user="lvlahdi" uid="223057" lat="27.1883301" lon="56.3063952"/>
 <node id="352782055" visible="true" version="2" changeset="664226" timestamp="2009-02-25T19:38:35Z" user="Claudius Henrichs" uid="18069" lat="27.1908118" lon="56.3175292"/>
 <node id="352782058" visible="true" version="2" changeset="664226" timestamp="2009-02-25T19:38:35Z" user="Claudius Henrichs" uid="18069" lat="27.1890482" lon="56.3181129"/>
 <node id="352782063" visible="true" version="2" changeset="664226" timestamp="2009-02-25T19:38:35Z" user="Claudius Henrichs" uid="18069" lat="27.1885214" lon="56.3182845"/>
 <node id="352782067" visible="true" version="2" changeset="664226" timestamp="2009-02-25T19:38:35Z" user="Claudius Henrichs" uid="18069" lat="27.1868188" lon="56.3187394"/>
 <node id="352782071" visible="true" version="2" changeset="664226" timestamp="2009-02-25T19:38:35Z" user="Claudius Henrichs" uid="18069" lat="27.1862462" lon="56.3189540"/>
 <node id="352782075" visible="true" version="2" changeset="664226" timestamp="2009-02-25T19:38:35Z" user="Claudius Henrichs" uid="18069" lat="27.1851086" lon="56.3192201"/>
 <node id="352782080" visible="true" version="4" changeset="26349847" timestamp="2014-10-26T20:37:38Z" user="dmgroom_ct" uid="437598" lat="27.1833325" lon="56.3196203"/>
 <node id="352782506" visible="true" version="2" changeset="40912485" timestamp="2016-07-21T06:26:05Z" user="hamid5300" uid="2324635" lat="27.2001762" lon="56.3150259"/>
 <node id="352782507" visible="true" version="1" changeset="664226" timestamp="2009-02-25T19:38:35Z" user="Claudius Henrichs" uid="18069" lat="27.1999194" lon="56.3150230"/>
 <node id="352782509" visible="true" version="1" changeset="664226" timestamp="2009-02-25T19:38:35Z" user="Claudius Henrichs" uid="18069" lat="27.1964917" lon="56.3151345"/>
 <node id="352782510" visible="true" version="1" changeset="664226" timestamp="2009-02-25T19:38:35Z" user="Claudius Henrichs" uid="18069" lat="27.1959726" lon="56.3152547"/>
 <node id="352782511" visible="true" version="1" changeset="664226" timestamp="2009-02-25T19:38:35Z" user="Claudius Henrichs" uid="18069" lat="27.1948198" lon="56.3159242"/>
 <node id="352782512" visible="true" version="1" changeset="664226" timestamp="2009-02-25T19:38:35Z" user="Claudius Henrichs" uid="18069" lat="27.1936594" lon="56.3165250"/>
 <node id="352782513" visible="true" version="1" changeset="664226" timestamp="2009-02-25T19:38:35Z" user="Claudius Henrichs" uid="18069" lat="27.1928044" lon="56.3168769"/>
 <node id="353111309" visible="true" version="4" changeset="35914971" timestamp="2015-12-12T19:25:32Z" user="MMMS_1987" uid="1758581" lat="27.1798308" lon="56.2932136"/>
 <node id="353114582" visible="true" version="2" changeset="51038594" timestamp="2017-08-11T16:00:51Z" user="dar44" uid="6127520" lat="27.1851223" lon="56.3122533"/>
 <node id="353114583" visible="true" version="2" changeset="144164000" timestamp="2023-11-18T07:30:02Z" user="Saeed SJ" uid="9998669" lat="27.1853349" lon="56.3128770"/>
 <node id="353114584" visible="true" version="1" changeset="686218" timestamp="2009-02-26T23:14:46Z" user="Claudius Henrichs" uid="18069" lat="27.1855043" lon="56.3132153"/>
 <node id="353114585" visible="true" version="1" changeset="686218" timestamp="2009-02-26T23:14:46Z" user="Claudius Henrichs" uid="18069" lat="27.1857639" lon="56.3134899"/>
 <node id="353114586" visible="true" version="2" changeset="144163732" timestamp="2023-11-18T07:14:12Z" user="Saeed SJ" uid="9998669" lat="27.1860898" lon="56.3137463"/>
 <node id="353114587" visible="true" version="1" changeset="686218" timestamp="2009-02-26T23:14:46Z" user="Claudius Henrichs" uid="18069" lat="27.1863136" lon="56.3138847"/>
 <node id="353114589" visible="true" version="3" changeset="135569845" timestamp="2023-05-01T11:35:57Z" user="s@jj@d" uid="14377768" lat="27.1866794" lon="56.3139850"/>
 <node id="353114590" visible="true" version="1" changeset="686218" timestamp="2009-02-26T23:14:46Z" user="Claudius Henrichs" uid="18069" lat="27.1869702" lon="56.3140221"/>
 <node id="353114591" visible="true" version="1" changeset="686218" timestamp="2009-02-26T23:14:46Z" user="Claudius Henrichs" uid="18069" lat="27.1878482" lon="56.3140221"/>
 <node id="353114592" visible="true" version="2" changeset="686218" timestamp="2009-02-26T23:15:44Z" user="Claudius Henrichs" uid="18069" lat="27.1882528" lon="56.3140307"/>
 <node id="353114622" visible="true" version="4" changeset="135569845" timestamp="2023-05-01T11:35:57Z" user="s@jj@d" uid="14377768" lat="27.1866906" lon="56.3138750"/>
 <node id="353114681" visible="true" version="1" changeset="686218" timestamp="2009-02-26T23:15:44Z" user="Claudius Henrichs" uid="18069" lat="27.1884513" lon="56.3141165"/>
 <node id="353114682" visible="true" version="1" changeset="686218" timestamp="2009-02-26T23:15:44Z" user="Claudius Henrichs" uid="18069" lat="27.1885430" lon="56.3142023"/>
 <node id="353116957" visible="true" version="3" changeset="53043657" timestamp="2017-10-18T15:42:01Z" user="ezzatalla" uid="1865465" lat="27.1875039" lon="56.3139140"/>
 <node id="353116958" visible="true" version="2" changeset="745051" timestamp="2009-03-06T20:18:01Z" user="Claudius Henrichs" uid="18069" lat="27.1869397" lon="56.3139105"/>
 <node id="353116959" visible="true" version="2" changeset="745051" timestamp="2009-03-06T20:18:01Z" user="Claudius Henrichs" uid="18069" lat="27.1863289" lon="56.3137732"/>
 <node id="353116960" visible="true" version="2" changeset="745051" timestamp="2009-03-06T20:18:01Z" user="Claudius Henrichs" uid="18069" lat="27.1860922" lon="56.3136444"/>
 <node id="353116961" visible="true" version="2" changeset="745051" timestamp="2009-03-06T20:18:01Z" user="Claudius Henrichs" uid="18069" lat="27.1858250" lon="56.3134127"/>
 <node id="353116962" visible="true" version="2" changeset="745051" timestamp="2009-03-06T20:18:01Z" user="Claudius Henrichs" uid="18069" lat="27.1855883" lon="56.3131552"/>
 <node id="353116963" visible="true" version="2" changeset="745051" timestamp="2009-03-06T20:18:01Z" user="Claudius Henrichs" uid="18069" lat="27.1854051" lon="56.3128290"/>
 <node id="353116964" visible="true" version="2" changeset="745051" timestamp="2009-03-06T20:18:01Z" user="Claudius Henrichs" uid="18069" lat="27.1852218" lon="56.3123055"/>
 <node id="353116968" visible="true" version="2" changeset="745051" timestamp="2009-03-06T20:18:01Z" user="Claudius Henrichs" uid="18069" lat="27.1847637" lon="56.3085461"/>
 <node id="353116969" visible="true" version="3" changeset="46669586" timestamp="2017-03-08T03:46:52Z" user="lvlahdi" uid="223057" lat="27.1846259" lon="56.3079377"/>
 <node id="353116970" visible="true" version="2" changeset="745051" timestamp="2009-03-06T20:18:01Z" user="Claudius Henrichs" uid="18069" lat="27.1843285" lon="56.3069325"/>
 <node id="353116971" visible="true" version="2" changeset="745051" timestamp="2009-03-06T20:18:01Z" user="Claudius Henrichs" uid="18069" lat="27.1838933" lon="56.3054476"/>
 <node id="353116972" visible="true" version="3" changeset="46669586" timestamp="2017-03-08T03:46:52Z" user="lvlahdi" uid="223057" lat="27.1831943" lon="56.3029316"/>
 <node id="353116973" visible="true" version="3" changeset="46669586" timestamp="2017-03-08T03:46:52Z" user="lvlahdi" uid="223057" lat="27.1830060" lon="56.3024016"/>
 <node id="353116975" visible="true" version="3" changeset="144322324" timestamp="2023-11-22T11:31:40Z" user="Saeed SJ" uid="9998669" lat="27.1823794" lon="56.3008814"/>
 <node id="353116976" visible="true" version="3" changeset="144322324" timestamp="2023-11-22T11:31:40Z" user="Saeed SJ" uid="9998669" lat="27.1821809" lon="56.3001682"/>
 <node id="353116977" visible="true" version="3" changeset="144322324" timestamp="2023-11-22T11:31:40Z" user="Saeed SJ" uid="9998669" lat="27.1821076" lon="56.2998887"/>
 <node id="353116982" visible="true" version="4" changeset="144322324" timestamp="2023-11-22T11:31:40Z" user="Saeed SJ" uid="9998669" lat="27.1814702" lon="56.2939628"/>
 <node id="353116983" visible="true" version="3" changeset="48276604" timestamp="2017-04-30T09:22:17Z" user="lvlahdi" uid="223057" lat="27.1813763" lon="56.2933250"/>
 <node id="353116984" visible="true" version="7" changeset="48276604" timestamp="2017-04-30T09:22:16Z" user="lvlahdi" uid="223057" lat="27.1812922" lon="56.2930466"/>
 <node id="353116985" visible="true" version="6" changeset="48276604" timestamp="2017-04-30T09:22:17Z" user="lvlahdi" uid="223057" lat="27.1811320" lon="56.2926376"/>
 <node id="354974248" visible="true" version="4" changeset="49879620" timestamp="2017-06-28T06:40:38Z" user="ezzatalla" uid="1865465" lat="27.1889260" lon="56.3178615"/>
 <node id="354974282" visible="true" version="3" changeset="47858154" timestamp="2017-04-17T06:49:48Z" user="lvlahdi" uid="223057" lat="27.1893161" lon="56.3175952"/>
 <node id="354974284" visible="true" version="3" changeset="47858154" timestamp="2017-04-17T06:49:48Z" user="lvlahdi" uid="223057" lat="27.1891258" lon="56.3174766"/>
 <node id="354974287" visible="true" version="3" changeset="47858154" timestamp="2017-04-17T06:49:48Z" user="lvlahdi" uid="223057" lat="27.1889979" lon="56.3173713"/>
 <node id="354974289" visible="true" version="5" changeset="40816319" timestamp="2016-07-18T11:14:45Z" user="hamid5300" uid="2324635" lat="27.1888497" lon="56.3172242"/>
 <node id="355239155" visible="true" version="2" changeset="729461" timestamp="2009-03-03T17:35:57Z" user="Claudius Henrichs" uid="18069" lat="27.1886931" lon="56.3089661"/>
 <node id="1572276122" visible="true" version="3" changeset="35914971" timestamp="2015-12-12T19:25:32Z" user="MMMS_1987" uid="1758581" lat="27.1800953" lon="56.2945585"/>
 <node id="1572276123" visible="true" version="1" changeset="10259039" timestamp="2012-01-01T02:39:25Z" user="HBR" uid="64805" lat="27.1804941" lon="56.2959556"/>
 <node id="1572276124" visible="true" version="4" changeset="45893616" timestamp="2017-02-07T18:48:13Z" user="lvlahdi" uid="223057" lat="27.1804837" lon="56.2969734"/>
 <node id="1572276127" visible="true" version="3" changeset="45893616" timestamp="2017-02-07T18:48:13Z" user="lvlahdi" uid="223057" lat="27.1806696" lon="56.2982115"/>
 <node id="1572276131" visible="true" version="2" changeset="26349847" timestamp="2014-10-26T20:37:36Z" user="dmgroom_ct" uid="437598" lat="27.1808780" lon="56.2988967"/>
 <node id="1572276132" visible="true" version="3" changeset="45893616" timestamp="2017-02-07T18:48:13Z" user="lvlahdi" uid="223057" lat="27.1809408" lon="56.3010667"/>
 <node id="1572276135" visible="true" version="4" changeset="54982535" timestamp="2017-12-28T12:57:09Z" user="lvlahdi" uid="223057" lat="27.1812026" lon="56.2928034"/>
 <node id="1572276136" visible="true" version="3" changeset="45893616" timestamp="2017-02-07T18:48:13Z" user="lvlahdi" uid="223057" lat="27.1811832" lon="56.3027576"/>
 <node id="1572276137" visible="true" version="3" changeset="45893616" timestamp="2017-02-07T18:48:13Z" user="lvlahdi" uid="223057" lat="27.1815183" lon="56.3045208"/>
 <node id="1572276138" visible="true" version="3" changeset="144164977" timestamp="2023-11-18T08:18:29Z" user="Saeed SJ" uid="9998669" lat="27.1816620" lon="56.3056761"/>
 <node id="1572276139" visible="true" version="2" changeset="26349847" timestamp="2014-10-26T20:37:36Z" user="dmgroom_ct" uid="437598" lat="27.1820473" lon="56.3071624"/>
 <node id="1572276142" visible="true" version="4" changeset="134638197" timestamp="2023-04-08T04:08:58Z" user="kiaraSh-Q" uid="2693232" lat="27.1828938" lon="56.3166763">
  <tag k="crossing:markings" v="zebra"/>
  <tag k="crossing_ref" v="zebra"/>
  <tag k="highway" v="crossing"/>
 </node>
 <node id="1572276143" visible="true" version="3" changeset="40811605" timestamp="2016-07-18T06:44:31Z" user="hamid5300" uid="2324635" lat="27.1830396" lon="56.3151510"/>
 <node id="1572276144" visible="true" version="3" changeset="62690475" timestamp="2018-09-18T09:29:40Z" user="lvlahdi" uid="223057" lat="27.1833197" lon="56.3187739"/>
 <node id="1572276145" visible="true" version="3" changeset="144164977" timestamp="2023-11-18T08:18:29Z" user="Saeed SJ" uid="9998669" lat="27.1833041" lon="56.3181827"/>
 <node id="1572276151" visible="true" version="4" changeset="45893616" timestamp="2017-02-07T18:48:13Z" user="lvlahdi" uid="223057" lat="27.1848396" lon="56.3213594"/>
 <node id="1696151062" visible="true" version="3" changeset="134633758" timestamp="2023-04-07T21:51:16Z" user="kiaraSh-Q" uid="2693232" lat="27.1809625" lon="56.3043533"/>
 <node id="1696151109" visible="true" version="3" changeset="134633758" timestamp="2023-04-07T21:51:16Z" user="kiaraSh-Q" uid="2693232" lat="27.1811623" lon="56.3044489"/>
 <node id="1696151114" visible="true" version="3" changeset="134633758" timestamp="2023-04-07T21:51:16Z" user="kiaraSh-Q" uid="2693232" lat="27.1816661" lon="56.3073921"/>
 <node id="1696151129" visible="true" version="3" changeset="134633758" timestamp="2023-04-07T21:51:16Z" user="kiaraSh-Q" uid="2693232" lat="27.1819601" lon="56.3092437"/>
 <node id="1696151130" visible="true" version="3" changeset="134633758" timestamp="2023-04-07T21:51:16Z" user="kiaraSh-Q" uid="2693232" lat="27.1820541" lon="56.3100033"/>
 <node id="1696151134" visible="true" version="3" changeset="134633758" timestamp="2023-04-07T21:51:16Z" user="kiaraSh-Q" uid="2693232" lat="27.1822674" lon="56.3115134"/>
 <node id="1696151136" visible="true" version="2" changeset="134633758" timestamp="2023-04-07T21:51:16Z" user="kiaraSh-Q" uid="2693232" lat="27.1822235" lon="56.3117206"/>
 <node id="1696151142" visible="true" version="3" changeset="134633758" timestamp="2023-04-07T21:51:16Z" user="kiaraSh-Q" uid="2693232" lat="27.1824909" lon="56.3148556"/>
 <node id="1696151152" visible="true" version="2" changeset="134633758" timestamp="2023-04-07T21:51:16Z" user="kiaraSh-Q" uid="2693232" lat="27.1825916" lon="56.3171082"/>
 <node id="1696151158" visible="true" version="2" changeset="134633758" timestamp="2023-04-07T21:51:16Z" user="kiaraSh-Q" uid="2693232" lat="27.1826185" lon="56.3176556"/>
 <node id="1696151162" visible="true" version="2" changeset="134633758" timestamp="2023-04-07T21:51:16Z" user="kiaraSh-Q" uid="2693232" lat="27.1826041" lon="56.3191247"/>
 <node id="1696151166" visible="true" version="2" changeset="134633758" timestamp="2023-04-07T21:51:16Z" user="kiaraSh-Q" uid="2693232" lat="27.1831140" lon="56.3191945"/>
 <node id="1696151197" visible="true" version="3" changeset="134633758" timestamp="2023-04-07T21:51:16Z" user="kiaraSh-Q" uid="2693232" lat="27.1834541" lon="56.3200048"/>
 <node id="1696151206" visible="true" version="3" changeset="134633758" timestamp="2023-04-07T21:51:16Z" user="kiaraSh-Q" uid="2693232" lat="27.1832038" lon="56.3194435"/>
 <node id="1696151216" visible="true" version="2" changeset="26349847" timestamp="2014-10-26T20:37:37Z" user="dmgroom_ct" uid="437598" lat="27.1833940" lon="56.3198632"/>
 <node id="2579258536" visible="true" version="1" changeset="19446597" timestamp="2013-12-14T11:14:32Z" user="miurahr" uid="21118" lat="27.1803339" lon="56.2949313"/>
 <node id="2579546777" visible="true" version="1" changeset="19449486" timestamp="2013-12-14T14:54:46Z" user="miurahr" uid="21118" lat="27.1876489" lon="56.3127735"/>
 <node id="2579546778" visible="true" version="1" changeset="19449486" timestamp="2013-12-14T14:54:46Z" user="miurahr" uid="21118" lat="27.1876602" lon="56.3124054"/>
 <node id="2579546790" visible="true" version="1" changeset="19449486" timestamp="2013-12-14T14:54:46Z" user="miurahr" uid="21118" lat="27.1878351" lon="56.3127807"/>
 <node id="2579546794" visible="true" version="1" changeset="19449486" timestamp="2013-12-14T14:54:46Z" user="miurahr" uid="21118" lat="27.1878464" lon="56.3124126"/>
 <node id="2579546796" visible="true" version="3" changeset="134857882" timestamp="2023-04-13T11:06:25Z" user="F777" uid="13691644" lat="27.1878665" lon="56.3100083"/>
 <node id="2579546798" visible="true" version="3" changeset="134857882" timestamp="2023-04-13T11:06:25Z" user="F777" uid="13691644" lat="27.1878925" lon="56.3102085"/>
 <node id="2579546809" visible="true" version="3" changeset="134857882" timestamp="2023-04-13T11:06:25Z" user="F777" uid="13691644" lat="27.1881057" lon="56.3099690"/>
 <node id="2579546811" visible="true" version="3" changeset="134857882" timestamp="2023-04-13T11:06:25Z" user="F777" uid="13691644" lat="27.1881317" lon="56.3101692"/>
 <node id="2579546814" visible="true" version="3" changeset="134855755" timestamp="2023-04-13T10:14:06Z" user="F777" uid="13691644" lat="27.1882103" lon="56.3101793"/>
 <node id="2579546815" visible="true" version="3" changeset="134855755" timestamp="2023-04-13T10:14:06Z" user="F777" uid="13691644" lat="27.1882176" lon="56.3102195"/>
 <node id="2579546817" visible="true" version="3" changeset="134855755" timestamp="2023-04-13T10:14:06Z" user="F777" uid="13691644" lat="27.1882148" lon="56.3101386"/>
 <node id="2579546818" visible="true" version="3" changeset="134855755" timestamp="2023-04-13T10:14:06Z" user="F777" uid="13691644" lat="27.1882358" lon="56.3102551"/>
 <node id="2579546820" visible="true" version="3" changeset="134855755" timestamp="2023-04-13T10:14:06Z" user="F777" uid="13691644" lat="27.1882632" lon="56.3102823"/>
 <node id="2579546823" visible="true" version="3" changeset="134855755" timestamp="2023-04-13T10:14:06Z" user="F777" uid="13691644" lat="27.1883246" lon="56.3100470"/>
 <node id="2579546824" visible="true" version="3" changeset="134855755" timestamp="2023-04-13T10:14:06Z" user="F777" uid="13691644" lat="27.1884360" lon="56.3101893"/>
 <node id="2579546825" visible="true" version="3" changeset="134855755" timestamp="2023-04-13T10:14:06Z" user="F777" uid="13691644" lat="27.1884341" lon="56.3101468"/>
 <node id="2579546826" visible="true" version="3" changeset="134855755" timestamp="2023-04-13T10:14:06Z" user="F777" uid="13691644" lat="27.1883618" lon="56.3100545"/>
 <node id="2579546827" visible="true" version="3" changeset="134855755" timestamp="2023-04-13T10:14:06Z" user="F777" uid="13691644" lat="27.1884199" lon="56.3101074"/>
 <node id="2579546828" visible="true" version="3" changeset="134855755" timestamp="2023-04-13T10:14:06Z" user="F777" uid="13691644" lat="27.1883948" lon="56.3100754"/>
 <node id="2929230060" visible="true" version="2" changeset="26349847" timestamp="2014-10-26T20:37:37Z" user="dmgroom_ct" uid="437598" lat="27.1885080" lon="56.3084361"/>
 <node id="2929230064" visible="true" version="1" changeset="23101284" timestamp="2014-06-23T13:21:19Z" user="mehdi2092" uid="2135523" lat="27.1886661" lon="56.3104767"/>
 <node id="2929232028" visible="true" version="3" changeset="45893616" timestamp="2017-02-07T18:48:13Z" user="lvlahdi" uid="223057" lat="27.1816033" lon="56.3040337"/>
 <node id="3151537729" visible="true" version="2" changeset="45893616" timestamp="2017-02-07T18:48:13Z" user="lvlahdi" uid="223057" lat="27.1807756" lon="56.2997538"/>
 <node id="3151537734" visible="true" version="2" changeset="45893616" timestamp="2017-02-07T18:48:13Z" user="lvlahdi" uid="223057" lat="27.1814666" lon="56.3030566"/>
 <node id="3151537735" visible="true" version="2" changeset="45893616" timestamp="2017-02-07T18:48:13Z" user="lvlahdi" uid="223057" lat="27.1815571" lon="56.3036628"/>
 <node id="3151537736" visible="true" version="2" changeset="45893616" timestamp="2017-02-07T18:48:13Z" user="lvlahdi" uid="223057" lat="27.1817879" lon="56.3056607"/>
 <node id="3151537737" visible="true" version="1" changeset="26349847" timestamp="2014-10-26T20:37:16Z" user="dmgroom_ct" uid="437598" lat="27.1821965" lon="56.3080038"/>
 <node id="3151537738" visible="true" version="1" changeset="26349847" timestamp="2014-10-26T20:37:16Z" user="dmgroom_ct" uid="437598" lat="27.1822004" lon="56.3088868"/>
 <node id="3151537739" visible="true" version="1" changeset="26349847" timestamp="2014-10-26T20:37:16Z" user="dmgroom_ct" uid="437598" lat="27.1823055" lon="56.3089131"/>
 <node id="3151537740" visible="true" version="1" changeset="26349847" timestamp="2014-10-26T20:37:16Z" user="dmgroom_ct" uid="437598" lat="27.1823867" lon="56.3093976"/>
 <node id="3151537743" visible="true" version="3" changeset="144087040" timestamp="2023-11-16T09:54:44Z" user="Saeed SJ" uid="9998669" lat="27.1826200" lon="56.3091665"/>
 <node id="3151537744" visible="true" version="2" changeset="40811605" timestamp="2016-07-18T06:44:31Z" user="hamid5300" uid="2324635" lat="27.1827752" lon="56.3149998"/>
 <node id="3151537746" visible="true" version="2" changeset="40811605" timestamp="2016-07-18T06:44:31Z" user="hamid5300" uid="2324635" lat="27.1829639" lon="56.3145464"/>
 <node id="3151537747" visible="true" version="3" changeset="134638197" timestamp="2023-04-08T04:08:58Z" user="kiaraSh-Q" uid="2693232" lat="27.1830422" lon="56.3166534">
  <tag k="crossing:markings" v="zebra"/>
  <tag k="crossing_ref" v="zebra"/>
  <tag k="highway" v="crossing"/>
 </node>
 <node id="3151538064" visible="true" version="1" changeset="26349847" timestamp="2014-10-26T20:37:17Z" user="dmgroom_ct" uid="437598" lat="27.1885185" lon="56.3085262"/>
 <node id="3377877334" visible="true" version="3" changeset="144322324" timestamp="2023-11-22T11:31:40Z" user="Saeed SJ" uid="9998669" lat="27.1818372" lon="56.2974341"/>
 <node id="3377877336" visible="true" version="5" changeset="144322324" timestamp="2023-11-22T11:31:40Z" user="Saeed SJ" uid="9998669" lat="27.1817930" lon="56.2970933"/>
 <node id="3377877337" visible="true" version="6" changeset="144322324" timestamp="2023-11-22T11:31:40Z" user="Saeed SJ" uid="9998669" lat="27.1818077" lon="56.2972029"/>
 <node id="3385560238" visible="true" version="3" changeset="45893616" timestamp="2017-02-07T18:48:13Z" user="lvlahdi" uid="223057" lat="27.1888650" lon="56.3124954"/>
 <node id="3385560239" visible="true" version="2" changeset="144178473" timestamp="2023-11-18T15:12:23Z" user="Saeed SJ" uid="9998669" lat="27.1894080" lon="56.3124564"/>
 <node id="3385560244" visible="true" version="1" changeset="29283620" timestamp="2015-03-06T07:25:05Z" user="draw our country" uid="1824055" lat="27.1896662" lon="56.3123828"/>
 <node id="3385560250" visible="true" version="2" changeset="62948378" timestamp="2018-09-26T14:25:49Z" user="Mesut ozil" uid="8377537" lat="27.1903638" lon="56.3120022"/>
 <node id="3385560256" visible="true" version="4" changeset="144178473" timestamp="2023-11-18T15:12:23Z" user="Saeed SJ" uid="9998669" lat="27.1911324" lon="56.3136368"/>
 <node id="3385565139" visible="true" version="3" changeset="122367542" timestamp="2022-06-14T10:57:52Z" user="hasaan22" uid="9514331" lat="27.1885585" lon="56.3148697"/>
 <node id="3385565140" visible="true" version="3" changeset="122367542" timestamp="2022-06-14T10:57:52Z" user="hasaan22" uid="9514331" lat="27.1886018" lon="56.3149748"/>
 <node id="3385565142" visible="true" version="2" changeset="122367502" timestamp="2022-06-14T10:56:56Z" user="hasaan22" uid="9514331" lat="27.1888704" lon="56.3151878"/>
 <node id="3385565143" visible="true" version="2" changeset="122367502" timestamp="2022-06-14T10:56:56Z" user="hasaan22" uid="9514331" lat="27.1888705" lon="56.3148184"/>
 <node id="3385565144" visible="true" version="3" changeset="122367502" timestamp="2022-06-14T10:56:56Z" user="hasaan22" uid="9514331" lat="27.1888704" lon="56.3149743"/>
 <node id="3385566531" visible="true" version="1" changeset="29283823" timestamp="2015-03-06T07:38:03Z" user="draw our country" uid="1824055" lat="27.1827930" lon="56.3124568"/>
 <node id="3385566532" visible="true" version="3" changeset="137528298" timestamp="2023-06-19T16:58:25Z" user="kiaraSh-Q" uid="2693232" lat="27.1829794" lon="56.3124275"/>
 <node id="3385566533" visible="true" version="3" changeset="137528298" timestamp="2023-06-19T16:58:25Z" user="kiaraSh-Q" uid="2693232" lat="27.1829774" lon="56.3124831"/>
 <node id="3385566535" visible="true" version="4" changeset="137528298" timestamp="2023-06-19T16:58:25Z" user="kiaraSh-Q" uid="2693232" lat="27.1837514" lon="56.3123869"/>
 <node id="3385566536" visible="true" version="3" changeset="135602877" timestamp="2023-05-02T07:24:03Z" user="s@jj@d" uid="14377768" lat="27.1841232" lon="56.3123486"/>
 <node id="3385566537" visible="true" version="2" changeset="144164000" timestamp="2023-11-18T07:30:02Z" user="Saeed SJ" uid="9998669" lat="27.1844341" lon="56.3149457"/>
 <node id="3385566538" visible="true" version="2" changeset="144164000" timestamp="2023-11-18T07:30:02Z" user="Saeed SJ" uid="9998669" lat="27.1844645" lon="56.3147046"/>
 <node id="3385566539" visible="true" version="2" changeset="144164000" timestamp="2023-11-18T07:30:02Z" user="Saeed SJ" uid="9998669" lat="27.1844672" lon="56.3144269"/>
 <node id="3385566540" visible="true" version="3" changeset="144164000" timestamp="2023-11-18T07:30:02Z" user="Saeed SJ" uid="9998669" lat="27.1844951" lon="56.3142391"/>
 <node id="3385566541" visible="true" version="1" changeset="29283823" timestamp="2015-03-06T07:38:03Z" user="draw our country" uid="1824055" lat="27.1845009" lon="56.3151786"/>
 <node id="3385566542" visible="true" version="3" changeset="135602877" timestamp="2023-05-02T07:24:03Z" user="s@jj@d" uid="14377768" lat="27.1845008" lon="56.3123126"/>
 <node id="3385566543" visible="true" version="1" changeset="29283823" timestamp="2015-03-06T07:38:04Z" user="draw our country" uid="1824055" lat="27.1845899" lon="56.3139931"/>
 <node id="3385566544" visible="true" version="2" changeset="79346013" timestamp="2020-01-08T15:46:49Z" user="Afnui12" uid="10074686" lat="27.1846222" lon="56.3154261"/>
 <node id="3385566545" visible="true" version="1" changeset="29283823" timestamp="2015-03-06T07:38:04Z" user="draw our country" uid="1824055" lat="27.1847312" lon="56.3156291"/>
 <node id="3385566546" visible="true" version="1" changeset="29283823" timestamp="2015-03-06T07:38:04Z" user="draw our country" uid="1824055" lat="27.1847502" lon="56.3135808"/>
 <node id="3385566548" visible="true" version="1" changeset="29283823" timestamp="2015-03-06T07:38:04Z" user="draw our country" uid="1824055" lat="27.1848110" lon="56.3160369"/>
 <node id="3385566549" visible="true" version="4" changeset="144320798" timestamp="2023-11-22T10:46:35Z" user="Saeed SJ" uid="9998669" lat="27.1847524" lon="56.3122923"/>
 <node id="3385566551" visible="true" version="1" changeset="29283823" timestamp="2015-03-06T07:38:04Z" user="draw our country" uid="1824055" lat="27.1849259" lon="56.3131282"/>
 <node id="3385566552" visible="true" version="2" changeset="51038594" timestamp="2017-08-11T16:00:51Z" user="dar44" uid="6127520" lat="27.1850245" lon="56.3127435"/>
 <node id="3385566553" visible="true" version="1" changeset="29283823" timestamp="2015-03-06T07:38:04Z" user="draw our country" uid="1824055" lat="27.1850268" lon="56.3165221"/>
 <node id="3385566554" visible="true" version="3" changeset="144164000" timestamp="2023-11-18T07:30:02Z" user="Saeed SJ" uid="9998669" lat="27.1851240" lon="56.3125560"/>
 <node id="3385566555" visible="true" version="1" changeset="29283823" timestamp="2015-03-06T07:38:04Z" user="draw our country" uid="1824055" lat="27.1850866" lon="56.3167117"/>
 <node id="3385566556" visible="true" version="1" changeset="29283823" timestamp="2015-03-06T07:38:04Z" user="draw our country" uid="1824055" lat="27.1850921" lon="56.3169094"/>
 <node id="3385566557" visible="true" version="1" changeset="29283823" timestamp="2015-03-06T07:38:04Z" user="draw our country" uid="1824055" lat="27.1851823" lon="56.3124778"/>
 <node id="3385566558" visible="true" version="2" changeset="144095536" timestamp="2023-11-16T12:56:16Z" user="Saeed SJ" uid="9998669" lat="27.1863490" lon="56.3114563"/>
 <node id="3385566559" visible="true" version="2" changeset="144095536" timestamp="2023-11-16T12:56:16Z" user="Saeed SJ" uid="9998669" lat="27.1863877" lon="56.3117334"/>
 <node id="3385566560" visible="true" version="2" changeset="144095536" timestamp="2023-11-16T12:56:16Z" user="Saeed SJ" uid="9998669" lat="27.1863377" lon="56.3112705"/>
 <node id="3385566561" visible="true" version="2" changeset="144095536" timestamp="2023-11-16T12:56:16Z" user="Saeed SJ" uid="9998669" lat="27.1864285" lon="56.3118896"/>
 <node id="3385566562" visible="true" version="5" changeset="144095536" timestamp="2023-11-16T12:56:16Z" user="Saeed SJ" uid="9998669" lat="27.1865025" lon="56.3106738"/>
 <node id="3385566563" visible="true" version="2" changeset="144095536" timestamp="2023-11-16T12:56:16Z" user="Saeed SJ" uid="9998669" lat="27.1865397" lon="56.3110610"/>
 <node id="3385566564" visible="true" version="2" changeset="144095536" timestamp="2023-11-16T12:56:16Z" user="Saeed SJ" uid="9998669" lat="27.1865404" lon="56.3112408"/>
 <node id="3385566565" visible="true" version="1" changeset="29283823" timestamp="2015-03-06T07:38:04Z" user="draw our country" uid="1824055" lat="27.1865350" lon="56.3127254"/>
 <node id="3385566566" visible="true" version="1" changeset="29283823" timestamp="2015-03-06T07:38:04Z" user="draw our country" uid="1824055" lat="27.1865388" lon="56.3124286"/>
 <node id="3385566567" visible="true" version="2" changeset="53502656" timestamp="2017-11-04T12:17:47Z" user="Shahinnia" uid="3844346" lat="27.1865450" lon="56.3119061"/>
 <node id="3385566568" visible="true" version="2" changeset="135569951" timestamp="2023-05-01T11:39:11Z" user="s@jj@d" uid="14377768" lat="27.1866976" lon="56.3143043"/>
 <node id="3385566570" visible="true" version="2" changeset="135569951" timestamp="2023-05-01T11:39:11Z" user="s@jj@d" uid="14377768" lat="27.1867439" lon="56.3145974"/>
 <node id="3385566575" visible="true" version="4" changeset="144095536" timestamp="2023-11-16T12:56:16Z" user="Saeed SJ" uid="9998669" lat="27.1868580" lon="56.3119126"/>
 <node id="3385566576" visible="true" version="1" changeset="29283823" timestamp="2015-03-06T07:38:04Z" user="draw our country" uid="1824055" lat="27.1868390" lon="56.3156200"/>
 <node id="3385566579" visible="true" version="1" changeset="29283823" timestamp="2015-03-06T07:38:04Z" user="draw our country" uid="1824055" lat="27.1869390" lon="56.3164273"/>
 <node id="3385566580" visible="true" version="2" changeset="144095536" timestamp="2023-11-16T12:56:16Z" user="Saeed SJ" uid="9998669" lat="27.1871450" lon="56.3124382"/>
 <node id="3385566581" visible="true" version="4" changeset="128114264" timestamp="2022-10-27T07:17:35Z" user="Saeed SJ" uid="9998669" lat="27.1871812" lon="56.3105955"/>
 <node id="3385566582" visible="true" version="3" changeset="144095536" timestamp="2023-11-16T12:56:16Z" user="Saeed SJ" uid="9998669" lat="27.1872330" lon="56.3110124"/>
 <node id="3385566583" visible="true" version="2" changeset="144095536" timestamp="2023-11-16T12:56:16Z" user="Saeed SJ" uid="9998669" lat="27.1872977" lon="56.3118814"/>
 <node id="3385566585" visible="true" version="2" changeset="134855755" timestamp="2023-04-13T10:14:06Z" user="F777" uid="13691644" lat="27.1873069" lon="56.3116997"/>
 <node id="3385566586" visible="true" version="3" changeset="134855755" timestamp="2023-04-13T10:14:06Z" user="F777" uid="13691644" lat="27.1873359" lon="56.3121022"/>
 <node id="3385566588" visible="true" version="2" changeset="53043657" timestamp="2017-10-18T15:42:01Z" user="ezzatalla" uid="1865465" lat="27.1876163" lon="56.3128884"/>
 <node id="3385566589" visible="true" version="2" changeset="134855755" timestamp="2023-04-13T10:14:06Z" user="F777" uid="13691644" lat="27.1876410" lon="56.3116693"/>
 <node id="3385566590" visible="true" version="3" changeset="134855755" timestamp="2023-04-13T10:14:06Z" user="F777" uid="13691644" lat="27.1876700" lon="56.3120719"/>
 <node id="3385566591" visible="true" version="3" changeset="41783016" timestamp="2016-08-29T17:20:27Z" user="ratrun" uid="474183" lat="27.1879232" lon="56.3105288"/>
 <node id="3385566592" visible="true" version="3" changeset="53043657" timestamp="2017-10-18T15:42:01Z" user="ezzatalla" uid="1865465" lat="27.1879928" lon="56.3121391"/>
 <node id="3385569449" visible="true" version="2" changeset="144322324" timestamp="2023-11-22T11:31:40Z" user="Saeed SJ" uid="9998669" lat="27.1820607" lon="56.2995241"/>
 <node id="3385569454" visible="true" version="2" changeset="144322324" timestamp="2023-11-22T11:31:40Z" user="Saeed SJ" uid="9998669" lat="27.1822209" lon="56.3003193"/>
 <node id="3385569460" visible="true" version="3" changeset="46669586" timestamp="2017-03-08T03:46:52Z" user="lvlahdi" uid="223057" lat="27.1827028" lon="56.3017066"/>
 <node id="3385569467" visible="true" version="4" changeset="46327532" timestamp="2017-02-23T06:21:07Z" user="lvlahdi" uid="223057" lat="27.1873752" lon="56.3088597"/>
 <node id="3385569469" visible="true" version="4" changeset="46327532" timestamp="2017-02-23T06:21:07Z" user="lvlahdi" uid="223057" lat="27.1873631" lon="56.3086190"/>
 <node id="3385569470" visible="true" version="3" changeset="42329997" timestamp="2016-09-21T17:44:17Z" user="ratrun" uid="474183" lat="27.1875343" lon="56.3104650"/>
 <node id="3776206960" visible="true" version="2" changeset="46669586" timestamp="2017-03-08T03:46:52Z" user="lvlahdi" uid="223057" lat="27.1827778" lon="56.3018710"/>
 <node id="3776206969" visible="true" version="5" changeset="135997804" timestamp="2023-05-12T01:07:39Z" user="DesMoinesRiver" uid="17110692" lat="27.1880830" lon="56.3061741"/>
 <node id="3776206983" visible="true" version="3" changeset="134856083" timestamp="2023-04-13T10:22:43Z" user="F777" uid="13691644" lat="27.1881501" lon="56.3055550"/>
 <node id="3776232465" visible="true" version="4" changeset="144178473" timestamp="2023-11-18T15:12:23Z" user="Saeed SJ" uid="9998669" lat="27.1910732" lon="56.3139546"/>
 <node id="3776232466" visible="true" version="1" changeset="34486096" timestamp="2015-10-07T09:14:27Z" user="hamid5300" uid="2324635" lat="27.1899520" lon="56.3142966"/>
 <node id="3776232467" visible="true" version="1" changeset="34486096" timestamp="2015-10-07T09:14:27Z" user="hamid5300" uid="2324635" lat="27.1887762" lon="56.3146083"/>
 <node id="3776232473" visible="true" version="3" changeset="135533300" timestamp="2023-04-30T11:28:54Z" user="s@jj@d" uid="14377768" lat="27.1926657" lon="56.3153987"/>
 <node id="3776232477" visible="true" version="2" changeset="48731588" timestamp="2017-05-16T13:17:09Z" user="lvlahdi" uid="223057" lat="27.1883506" lon="56.3065935"/>
 <node id="3776249864" visible="true" version="2" changeset="45893616" timestamp="2017-02-07T18:48:14Z" user="lvlahdi" uid="223057" lat="27.1884895" lon="56.3186385"/>
 <node id="3776249865" visible="true" version="2" changeset="45893616" timestamp="2017-02-07T18:48:14Z" user="lvlahdi" uid="223057" lat="27.1869590" lon="56.3190021"/>
 <node id="3776249866" visible="true" version="2" changeset="45893616" timestamp="2017-02-07T18:48:14Z" user="lvlahdi" uid="223057" lat="27.1854681" lon="56.3193986"/>
 <node id="3776249867" visible="true" version="3" changeset="45893616" timestamp="2017-02-07T18:48:14Z" user="lvlahdi" uid="223057" lat="27.1849616" lon="56.3199294"/>
 <node id="3776249868" visible="true" version="2" changeset="45893616" timestamp="2017-02-07T18:48:14Z" user="lvlahdi" uid="223057" lat="27.1848210" lon="56.3208707"/>
 <node id="3780438361" visible="true" version="1" changeset="34542930" timestamp="2015-10-10T04:45:20Z" user="hamid5300" uid="2324635" lat="27.1894062" lon="56.3221845"/>
 <node id="3889488618" visible="true" version="1" changeset="35915060" timestamp="2015-12-12T19:32:25Z" user="MMMS_1987" uid="1758581" lat="27.1802781" lon="56.2946976"/>
 <node id="4087032399" visible="true" version="1" changeset="38179290" timestamp="2016-03-30T19:52:24Z" user="DannyAiquipa" uid="2226712" lat="27.1849346" lon="56.3108326"/>
 <node id="4087032400" visible="true" version="1" changeset="38179290" timestamp="2016-03-30T19:52:24Z" user="DannyAiquipa" uid="2226712" lat="27.1850284" lon="56.3108213"/>
 <node id="4308368503" visible="true" version="2" changeset="47497421" timestamp="2017-04-06T07:23:42Z" user="Sal73x" uid="1293386" lat="27.1799324" lon="56.2931715"/>
 <node id="4308379692" visible="true" version="3" changeset="62690475" timestamp="2018-09-18T09:29:40Z" user="lvlahdi" uid="223057" lat="27.1835129" lon="56.3196731"/>
 <node id="4308379693" visible="true" version="3" changeset="62690475" timestamp="2018-09-18T09:29:40Z" user="lvlahdi" uid="223057" lat="27.1834354" lon="56.3193105"/>
 <node id="4308379694" visible="true" version="2" changeset="62690475" timestamp="2018-09-18T09:29:40Z" user="lvlahdi" uid="223057" lat="27.1835277" lon="56.3192854"/>
 <node id="4308379695" visible="true" version="2" changeset="62690475" timestamp="2018-09-18T09:29:40Z" user="lvlahdi" uid="223057" lat="27.1836000" lon="56.3196543"/>
 <node id="4308381135" visible="true" version="2" changeset="144322324" timestamp="2023-11-22T11:31:40Z" user="Saeed SJ" uid="9998669" lat="27.1818579" lon="56.2976024"/>
 <node id="4308381140" visible="true" version="1" changeset="40811605" timestamp="2016-07-18T06:44:29Z" user="hamid5300" uid="2324635" lat="27.1800761" lon="56.2944611"/>
 <node id="4308381141" visible="true" version="1" changeset="40811605" timestamp="2016-07-18T06:44:29Z" user="hamid5300" uid="2324635" lat="27.1800396" lon="56.2946187"/>
 <node id="4308381142" visible="true" version="1" changeset="40811605" timestamp="2016-07-18T06:44:29Z" user="hamid5300" uid="2324635" lat="27.1800848" lon="56.2950318"/>
 <node id="4308381143" visible="true" version="1" changeset="40811605" timestamp="2016-07-18T06:44:29Z" user="hamid5300" uid="2324635" lat="27.1802282" lon="56.2961783"/>
 <node id="4308381144" visible="true" version="1" changeset="40811605" timestamp="2016-07-18T06:44:29Z" user="hamid5300" uid="2324635" lat="27.1804090" lon="56.2974507"/>
 <node id="4308381145" visible="true" version="1" changeset="40811605" timestamp="2016-07-18T06:44:29Z" user="hamid5300" uid="2324635" lat="27.1805466" lon="56.2984116"/>
 <node id="4308381146" visible="true" version="1" changeset="40811605" timestamp="2016-07-18T06:44:29Z" user="hamid5300" uid="2324635" lat="27.1806331" lon="56.2994587"/>
 <node id="4308381147" visible="true" version="1" changeset="40811605" timestamp="2016-07-18T06:44:29Z" user="hamid5300" uid="2324635" lat="27.1807274" lon="56.3005146"/>
 <node id="4308381148" visible="true" version="1" changeset="40811605" timestamp="2016-07-18T06:44:29Z" user="hamid5300" uid="2324635" lat="27.1809082" lon="56.3019350"/>
 <node id="4308381149" visible="true" version="1" changeset="40811605" timestamp="2016-07-18T06:44:29Z" user="hamid5300" uid="2324635" lat="27.1809848" lon="56.3024939"/>
 <node id="4308381150" visible="true" version="1" changeset="40811605" timestamp="2016-07-18T06:44:30Z" user="hamid5300" uid="2324635" lat="27.1810693" lon="56.3028253"/>
 <node id="4308381151" visible="true" version="1" changeset="40811605" timestamp="2016-07-18T06:44:30Z" user="hamid5300" uid="2324635" lat="27.1812501" lon="56.3036758"/>
 <node id="4308381152" visible="true" version="2" changeset="134633758" timestamp="2023-04-07T21:51:16Z" user="kiaraSh-Q" uid="2693232" lat="27.1813590" lon="56.3041457"/>
 <node id="4308381153" visible="true" version="2" changeset="134633758" timestamp="2023-04-07T21:51:16Z" user="kiaraSh-Q" uid="2693232" lat="27.1814194" lon="56.3045989"/>
 <node id="4308381154" visible="true" version="2" changeset="134633758" timestamp="2023-04-07T21:51:16Z" user="kiaraSh-Q" uid="2693232" lat="27.1814858" lon="56.3053268"/>
 <node id="4308381155" visible="true" version="2" changeset="134633758" timestamp="2023-04-07T21:51:16Z" user="kiaraSh-Q" uid="2693232" lat="27.1815852" lon="56.3060168"/>
 <node id="4308381156" visible="true" version="2" changeset="134633758" timestamp="2023-04-07T21:51:16Z" user="kiaraSh-Q" uid="2693232" lat="27.1816415" lon="56.3063742"/>
 <node id="4308381157" visible="true" version="2" changeset="134633758" timestamp="2023-04-07T21:51:16Z" user="kiaraSh-Q" uid="2693232" lat="27.1818063" lon="56.3071846"/>
 <node id="4308381158" visible="true" version="3" changeset="134633758" timestamp="2023-04-07T21:51:16Z" user="kiaraSh-Q" uid="2693232" lat="27.1820054" lon="56.3082532"/>
 <node id="4308381160" visible="true" version="2" changeset="144164977" timestamp="2023-11-18T08:18:29Z" user="Saeed SJ" uid="9998669" lat="27.1820879" lon="56.3080131"/>
 <node id="4308381161" visible="true" version="1" changeset="40811605" timestamp="2016-07-18T06:44:30Z" user="hamid5300" uid="2324635" lat="27.1827359" lon="56.3132436"/>
 <node id="4308381162" visible="true" version="3" changeset="134638197" timestamp="2023-04-08T04:08:58Z" user="kiaraSh-Q" uid="2693232" lat="27.1829961" lon="56.3172497"/>
 <node id="4308381163" visible="true" version="1" changeset="40811605" timestamp="2016-07-18T06:44:30Z" user="hamid5300" uid="2324635" lat="27.1831046" lon="56.3171369"/>
 <node id="4308381164" visible="true" version="2" changeset="62690475" timestamp="2018-09-18T09:29:40Z" user="lvlahdi" uid="223057" lat="27.1830267" lon="56.3160080"/>
 <node id="4308381165" visible="true" version="1" changeset="40811605" timestamp="2016-07-18T06:44:30Z" user="hamid5300" uid="2324635" lat="27.1830482" lon="56.3155999"/>
 <node id="4308381166" visible="true" version="1" changeset="40811605" timestamp="2016-07-18T06:44:30Z" user="hamid5300" uid="2324635" lat="27.1829944" lon="56.3147277"/>
 <node id="4308381167" visible="true" version="1" changeset="40811605" timestamp="2016-07-18T06:44:30Z" user="hamid5300" uid="2324635" lat="27.1829111" lon="56.3141514"/>
 <node id="4308381168" visible="true" version="2" changeset="71042803" timestamp="2019-06-08T04:20:19Z" user="fereydoon555" uid="9543799" lat="27.1827848" lon="56.3144543"/>
 <node id="4308381169" visible="true" version="2" changeset="71042803" timestamp="2019-06-08T04:20:19Z" user="fereydoon555" uid="9543799" lat="27.1827966" lon="56.3146258"/>
 <node id="4308381170" visible="true" version="2" changeset="71042803" timestamp="2019-06-08T04:20:19Z" user="fereydoon555" uid="9543799" lat="27.1828086" lon="56.3147009"/>
 <node id="4308381171" visible="true" version="2" changeset="71042803" timestamp="2019-06-08T04:20:19Z" user="fereydoon555" uid="9543799" lat="27.1828264" lon="56.3147679"/>
 <node id="4308381172" visible="true" version="2" changeset="71042803" timestamp="2019-06-08T04:20:19Z" user="fereydoon555" uid="9543799" lat="27.1828539" lon="56.3148122"/>
 <node id="4308381173" visible="true" version="2" changeset="71042803" timestamp="2019-06-08T04:20:19Z" user="fereydoon555" uid="9543799" lat="27.1828921" lon="56.3148256"/>
 <node id="4308381174" visible="true" version="2" changeset="71042803" timestamp="2019-06-08T04:20:19Z" user="fereydoon555" uid="9543799" lat="27.1829183" lon="56.3148256"/>
 <node id="4308381175" visible="true" version="2" changeset="71042803" timestamp="2019-06-08T04:20:19Z" user="fereydoon555" uid="9543799" lat="27.1829398" lon="56.3147961"/>
 <node id="4308381176" visible="true" version="2" changeset="71042803" timestamp="2019-06-08T04:20:19Z" user="fereydoon555" uid="9543799" lat="27.1829565" lon="56.3147398"/>
 <node id="4308381178" visible="true" version="2" changeset="62690475" timestamp="2018-09-18T09:29:40Z" user="lvlahdi" uid="223057" lat="27.1830533" lon="56.3153052"/>
 <node id="4308381179" visible="true" version="3" changeset="71042803" timestamp="2019-06-08T04:20:19Z" user="fereydoon555" uid="9543799" lat="27.1829796" lon="56.3150421"/>
 <node id="4308381180" visible="true" version="3" changeset="71042803" timestamp="2019-06-08T04:20:19Z" user="fereydoon555" uid="9543799" lat="27.1829545" lon="56.3149994"/>
 <node id="4308381181" visible="true" version="3" changeset="71042803" timestamp="2019-06-08T04:20:19Z" user="fereydoon555" uid="9543799" lat="27.1829292" lon="56.3149856"/>
 <node id="4308381182" visible="true" version="3" changeset="71042803" timestamp="2019-06-08T04:20:19Z" user="fereydoon555" uid="9543799" lat="27.1828902" lon="56.3149826"/>
 <node id="4308381183" visible="true" version="3" changeset="71042803" timestamp="2019-06-08T04:20:19Z" user="fereydoon555" uid="9543799" lat="27.1828642" lon="56.3150019"/>
 <node id="4308381184" visible="true" version="3" changeset="71042803" timestamp="2019-06-08T04:20:19Z" user="fereydoon555" uid="9543799" lat="27.1828459" lon="56.3150547"/>
 <node id="4308381185" visible="true" version="2" changeset="62690475" timestamp="2018-09-18T09:29:40Z" user="lvlahdi" uid="223057" lat="27.1828531" lon="56.3154007"/>
 <node id="4308381186" visible="true" version="1" changeset="40811605" timestamp="2016-07-18T06:44:30Z" user="hamid5300" uid="2324635" lat="27.1828551" lon="56.3155082"/>
 <node id="4308381187" visible="true" version="1" changeset="40811605" timestamp="2016-07-18T06:44:30Z" user="hamid5300" uid="2324635" lat="27.1828417" lon="56.3156682"/>
 <node id="4308409338" visible="true" version="2" changeset="45893616" timestamp="2017-02-07T18:48:14Z" user="lvlahdi" uid="223057" lat="27.1849480" lon="56.3224265"/>
 <node id="4308409339" visible="true" version="2" changeset="45893616" timestamp="2017-02-07T18:48:14Z" user="lvlahdi" uid="223057" lat="27.1848239" lon="56.3207565"/>
 <node id="4308409340" visible="true" version="2" changeset="45893616" timestamp="2017-02-07T18:48:14Z" user="lvlahdi" uid="223057" lat="27.1851306" lon="56.3196479"/>
 <node id="4308409341" visible="true" version="3" changeset="45893616" timestamp="2017-02-07T18:48:14Z" user="lvlahdi" uid="223057" lat="27.1885943" lon="56.3186397"/>
 <node id="4308409342" visible="true" version="3" changeset="45893616" timestamp="2017-02-07T18:48:14Z" user="lvlahdi" uid="223057" lat="27.1886953" lon="56.3186972"/>
 <node id="4308409346" visible="true" version="3" changeset="45893616" timestamp="2017-02-07T18:48:14Z" user="lvlahdi" uid="223057" lat="27.1887350" lon="56.3177071"/>
 <node id="4308409347" visible="true" version="1" changeset="40811954" timestamp="2016-07-18T07:09:51Z" user="hamid5300" uid="2324635" lat="27.1886469" lon="56.3178647"/>
 <node id="4308409348" visible="true" version="1" changeset="40811954" timestamp="2016-07-18T07:09:51Z" user="hamid5300" uid="2324635" lat="27.1885643" lon="56.3179786"/>
 <node id="4308409349" visible="true" version="1" changeset="40811954" timestamp="2016-07-18T07:09:51Z" user="hamid5300" uid="2324635" lat="27.1884523" lon="56.3180595"/>
 <node id="4308409350" visible="true" version="1" changeset="40811954" timestamp="2016-07-18T07:09:51Z" user="hamid5300" uid="2324635" lat="27.1878179" lon="56.3182453"/>
 <node id="4308409351" visible="true" version="1" changeset="40811954" timestamp="2016-07-18T07:09:51Z" user="hamid5300" uid="2324635" lat="27.1864664" lon="56.3186199"/>
 <node id="4308409352" visible="true" version="1" changeset="40811954" timestamp="2016-07-18T07:09:51Z" user="hamid5300" uid="2324635" lat="27.1856187" lon="56.3188477"/>
 <node id="4308409353" visible="true" version="1" changeset="40811954" timestamp="2016-07-18T07:09:51Z" user="hamid5300" uid="2324635" lat="27.1849736" lon="56.3189915"/>
 <node id="4308409354" visible="true" version="2" changeset="62690475" timestamp="2018-09-18T09:29:40Z" user="lvlahdi" uid="223057" lat="27.1840545" lon="56.3191133"/>
 <node id="4308409355" visible="true" version="2" changeset="62690475" timestamp="2018-09-18T09:29:40Z" user="lvlahdi" uid="223057" lat="27.1838839" lon="56.3191286"/>
 <node id="4308409356" visible="true" version="2" changeset="62690475" timestamp="2018-09-18T09:29:40Z" user="lvlahdi" uid="223057" lat="27.1837841" lon="56.3191269"/>
 <node id="4308409357" visible="true" version="2" changeset="62690475" timestamp="2018-09-18T09:29:40Z" user="lvlahdi" uid="223057" lat="27.1836181" lon="56.3190620"/>
 <node id="4308409358" visible="true" version="2" changeset="62690475" timestamp="2018-09-18T09:29:40Z" user="lvlahdi" uid="223057" lat="27.1835355" lon="56.3189748"/>
 <node id="4308409359" visible="true" version="2" changeset="62690475" timestamp="2018-09-18T09:29:40Z" user="lvlahdi" uid="223057" lat="27.1834730" lon="56.3188792"/>
 <node id="4308409360" visible="true" version="2" changeset="62690475" timestamp="2018-09-18T09:29:40Z" user="lvlahdi" uid="223057" lat="27.1834015" lon="56.3187485"/>
 <node id="4308772712" visible="true" version="2" changeset="45893616" timestamp="2017-02-07T18:48:14Z" user="lvlahdi" uid="223057" lat="27.1887689" lon="56.3182419"/>
 <node id="4308772715" visible="true" version="2" changeset="45893616" timestamp="2017-02-07T18:48:14Z" user="lvlahdi" uid="223057" lat="27.1887604" lon="56.3187653"/>
 <node id="4308772716" visible="true" version="2" changeset="45893616" timestamp="2017-02-07T18:48:14Z" user="lvlahdi" uid="223057" lat="27.1888264" lon="56.3188608"/>
 <node id="4308772717" visible="true" version="3" changeset="47858154" timestamp="2017-04-17T06:49:48Z" user="lvlahdi" uid="223057" lat="27.1887483" lon="56.3179382"/>
 <node id="4308772718" visible="true" version="2" changeset="45893616" timestamp="2017-02-07T18:48:14Z" user="lvlahdi" uid="223057" lat="27.1887801" lon="56.3180425"/>
 <node id="4308772721" visible="true" version="2" changeset="45893616" timestamp="2017-02-07T18:48:14Z" user="lvlahdi" uid="223057" lat="27.1888050" lon="56.3181229"/>
 <node id="4308772723" visible="true" version="2" changeset="45893616" timestamp="2017-02-07T18:48:14Z" user="lvlahdi" uid="223057" lat="27.1888278" lon="56.3181444"/>
 <node id="4308772724" visible="true" version="1" changeset="40816092" timestamp="2016-07-18T11:00:26Z" user="hamid5300" uid="2324635" lat="27.1888564" lon="56.3181458"/>
 <node id="4308772725" visible="true" version="1" changeset="40816092" timestamp="2016-07-18T11:00:26Z" user="hamid5300" uid="2324635" lat="27.1888743" lon="56.3181230"/>
 <node id="4308772726" visible="true" version="1" changeset="40816092" timestamp="2016-07-18T11:00:26Z" user="hamid5300" uid="2324635" lat="27.1888778" lon="56.3180935"/>
 <node id="4308772727" visible="true" version="1" changeset="40816092" timestamp="2016-07-18T11:00:26Z" user="hamid5300" uid="2324635" lat="27.1888576" lon="56.3177367"/>
 <node id="4308772728" visible="true" version="1" changeset="40816092" timestamp="2016-07-18T11:00:26Z" user="hamid5300" uid="2324635" lat="27.1888552" lon="56.3175329"/>
 <node id="4308772729" visible="true" version="1" changeset="40816092" timestamp="2016-07-18T11:00:26Z" user="hamid5300" uid="2324635" lat="27.1888747" lon="56.3174178"/>
 <node id="4308772730" visible="true" version="2" changeset="45893616" timestamp="2017-02-07T18:48:14Z" user="lvlahdi" uid="223057" lat="27.1890015" lon="56.3185839"/>
 <node id="4308772731" visible="true" version="2" changeset="45893616" timestamp="2017-02-07T18:48:14Z" user="lvlahdi" uid="223057" lat="27.1889864" lon="56.3185441"/>
 <node id="4308772732" visible="true" version="2" changeset="45893616" timestamp="2017-02-07T18:48:14Z" user="lvlahdi" uid="223057" lat="27.1889697" lon="56.3185133"/>
 <node id="4308772733" visible="true" version="2" changeset="45893616" timestamp="2017-02-07T18:48:14Z" user="lvlahdi" uid="223057" lat="27.1889399" lon="56.3184878"/>
 <node id="4308772734" visible="true" version="2" changeset="45893616" timestamp="2017-02-07T18:48:14Z" user="lvlahdi" uid="223057" lat="27.1889017" lon="56.3184838"/>
 <node id="4308772735" visible="true" version="2" changeset="45893616" timestamp="2017-02-07T18:48:14Z" user="lvlahdi" uid="223057" lat="27.1888635" lon="56.3185012"/>
 <node id="4308772736" visible="true" version="2" changeset="45893616" timestamp="2017-02-07T18:48:14Z" user="lvlahdi" uid="223057" lat="27.1888480" lon="56.3185267"/>
 <node id="4308772737" visible="true" version="2" changeset="45893616" timestamp="2017-02-07T18:48:14Z" user="lvlahdi" uid="223057" lat="27.1888444" lon="56.3185683"/>
 <node id="4308772738" visible="true" version="2" changeset="45893616" timestamp="2017-02-07T18:48:14Z" user="lvlahdi" uid="223057" lat="27.1888850" lon="56.3190484"/>
 <node id="4308772739" visible="true" version="2" changeset="45893616" timestamp="2017-02-07T18:48:14Z" user="lvlahdi" uid="223057" lat="27.1888898" lon="56.3191262"/>
 <node id="4308772740" visible="true" version="3" changeset="107702888" timestamp="2021-07-09T12:12:15Z" user="lvlahdi" uid="223057" lat="27.1888716" lon="56.3192967"/>
 <node id="4308800198" visible="true" version="1" changeset="40816319" timestamp="2016-07-18T11:14:43Z" user="hamid5300" uid="2324635" lat="27.1884406" lon="56.3140371"/>
 <node id="4308800199" visible="true" version="1" changeset="40816319" timestamp="2016-07-18T11:14:43Z" user="hamid5300" uid="2324635" lat="27.1884483" lon="56.3139031"/>
 <node id="4308800200" visible="true" version="1" changeset="40816319" timestamp="2016-07-18T11:14:43Z" user="hamid5300" uid="2324635" lat="27.1884917" lon="56.3140370"/>
 <node id="4308800201" visible="true" version="1" changeset="40816319" timestamp="2016-07-18T11:14:43Z" user="hamid5300" uid="2324635" lat="27.1885200" lon="56.3140157"/>
 <node id="4308800202" visible="true" version="1" changeset="40816319" timestamp="2016-07-18T11:14:43Z" user="hamid5300" uid="2324635" lat="27.1885295" lon="56.3139817"/>
 <node id="4308800203" visible="true" version="1" changeset="40816319" timestamp="2016-07-18T11:14:43Z" user="hamid5300" uid="2324635" lat="27.1885257" lon="56.3139392"/>
 <node id="4308800204" visible="true" version="1" changeset="40816319" timestamp="2016-07-18T11:14:43Z" user="hamid5300" uid="2324635" lat="27.1885087" lon="56.3139073"/>
 <node id="4308800205" visible="true" version="1" changeset="40816319" timestamp="2016-07-18T11:14:43Z" user="hamid5300" uid="2324635" lat="27.1886590" lon="56.3134650"/>
 <node id="4308800206" visible="true" version="1" changeset="40816319" timestamp="2016-07-18T11:14:43Z" user="hamid5300" uid="2324635" lat="27.1886127" lon="56.3136202"/>
 <node id="4308800207" visible="true" version="1" changeset="40816319" timestamp="2016-07-18T11:14:43Z" user="hamid5300" uid="2324635" lat="27.1885711" lon="56.3137159"/>
 <node id="4308800208" visible="true" version="1" changeset="40816319" timestamp="2016-07-18T11:14:43Z" user="hamid5300" uid="2324635" lat="27.1885144" lon="56.3138009"/>
 <node id="4308800209" visible="true" version="1" changeset="40816319" timestamp="2016-07-18T11:14:43Z" user="hamid5300" uid="2324635" lat="27.1884538" lon="56.3138413"/>
 <node id="4308800210" visible="true" version="1" changeset="40816319" timestamp="2016-07-18T11:14:43Z" user="hamid5300" uid="2324635" lat="27.1883063" lon="56.3139106"/>
 <node id="4308800212" visible="true" version="1" changeset="40816319" timestamp="2016-07-18T11:14:43Z" user="hamid5300" uid="2324635" lat="27.1886500" lon="56.3112269"/>
 <node id="4308800213" visible="true" version="1" changeset="40816319" timestamp="2016-07-18T11:14:43Z" user="hamid5300" uid="2324635" lat="27.1886179" lon="56.3121523"/>
 <node id="4308800214" visible="true" version="2" changeset="45893616" timestamp="2017-02-07T18:48:14Z" user="lvlahdi" uid="223057" lat="27.1888673" lon="56.3122203"/>
 <node id="4308800215" visible="true" version="2" changeset="45893616" timestamp="2017-02-07T18:48:14Z" user="lvlahdi" uid="223057" lat="27.1887860" lon="56.3121836"/>
 <node id="4308800216" visible="true" version="2" changeset="45893616" timestamp="2017-02-07T18:48:14Z" user="lvlahdi" uid="223057" lat="27.1887271" lon="56.3122060"/>
 <node id="4308800217" visible="true" version="2" changeset="45893616" timestamp="2017-02-07T18:48:14Z" user="lvlahdi" uid="223057" lat="27.1886988" lon="56.3122839"/>
 <node id="4308800218" visible="true" version="2" changeset="45893616" timestamp="2017-02-07T18:48:14Z" user="lvlahdi" uid="223057" lat="27.1886443" lon="56.3125411"/>
 <node id="4308800219" visible="true" version="1" changeset="40816319" timestamp="2016-07-18T11:14:43Z" user="hamid5300" uid="2324635" lat="27.1886252" lon="56.3119431"/>
 <node id="4308800220" visible="true" version="1" changeset="40816319" timestamp="2016-07-18T11:14:43Z" user="hamid5300" uid="2324635" lat="27.1886468" lon="56.3120029"/>
 <node id="4308800221" visible="true" version="1" changeset="40816319" timestamp="2016-07-18T11:14:43Z" user="hamid5300" uid="2324635" lat="27.1886724" lon="56.3120427"/>
 <node id="4308800222" visible="true" version="1" changeset="40816319" timestamp="2016-07-18T11:14:43Z" user="hamid5300" uid="2324635" lat="27.1887117" lon="56.3120604"/>
 <node id="4308800223" visible="true" version="1" changeset="40816319" timestamp="2016-07-18T11:14:43Z" user="hamid5300" uid="2324635" lat="27.1887529" lon="56.3120560"/>
 <node id="4308800224" visible="true" version="1" changeset="40816319" timestamp="2016-07-18T11:14:43Z" user="hamid5300" uid="2324635" lat="27.1887824" lon="56.3120295"/>
 <node id="4308800225" visible="true" version="1" changeset="40816319" timestamp="2016-07-18T11:14:43Z" user="hamid5300" uid="2324635" lat="27.1888040" lon="56.3119941"/>
 <node id="4308800226" visible="true" version="2" changeset="46363921" timestamp="2017-02-24T10:53:38Z" user="lvlahdi" uid="223057" lat="27.1888038" lon="56.3115381"/>
 <node id="4308800227" visible="true" version="1" changeset="40816319" timestamp="2016-07-18T11:14:43Z" user="hamid5300" uid="2324635" lat="27.1855612" lon="56.3107608"/>
 <node id="4308800228" visible="true" version="2" changeset="128114264" timestamp="2022-10-27T07:17:35Z" user="Saeed SJ" uid="9998669" lat="27.1863670" lon="56.3106890"/>
 <node id="4308800229" visible="true" version="1" changeset="40816319" timestamp="2016-07-18T11:14:44Z" user="hamid5300" uid="2324635" lat="27.1872991" lon="56.3105851"/>
 <node id="4308800230" visible="true" version="2" changeset="70879414" timestamp="2019-06-03T09:52:46Z" user="fereydoon555" uid="9543799" lat="27.1885024" lon="56.3104775"/>
 <node id="4308800232" visible="true" version="2" changeset="70879414" timestamp="2019-06-03T09:52:46Z" user="fereydoon555" uid="9543799" lat="27.1885947" lon="56.3105430"/>
 <node id="4308800233" visible="true" version="2" changeset="70879414" timestamp="2019-06-03T09:52:46Z" user="fereydoon555" uid="9543799" lat="27.1886225" lon="56.3105982"/>
 <node id="4308800234" visible="true" version="1" changeset="40816319" timestamp="2016-07-18T11:14:44Z" user="hamid5300" uid="2324635" lat="27.1886623" lon="56.3106537"/>
 <node id="4308800235" visible="true" version="1" changeset="40816319" timestamp="2016-07-18T11:14:44Z" user="hamid5300" uid="2324635" lat="27.1886664" lon="56.3102582"/>
 <node id="4308800236" visible="true" version="2" changeset="70879414" timestamp="2019-06-03T09:52:46Z" user="fereydoon555" uid="9543799" lat="27.1885810" lon="56.3103251"/>
 <node id="4308800237" visible="true" version="2" changeset="70879414" timestamp="2019-06-03T09:52:46Z" user="fereydoon555" uid="9543799" lat="27.1885173" lon="56.3103622"/>
 <node id="4308800238" visible="true" version="2" changeset="70879414" timestamp="2019-06-03T09:52:46Z" user="fereydoon555" uid="9543799" lat="27.1884214" lon="56.3103724"/>
 <node id="4308800239" visible="true" version="1" changeset="40816319" timestamp="2016-07-18T11:14:44Z" user="hamid5300" uid="2324635" lat="27.1877039" lon="56.3104592"/>
 <node id="4308800240" visible="true" version="1" changeset="40816319" timestamp="2016-07-18T11:14:44Z" user="hamid5300" uid="2324635" lat="27.1871085" lon="56.3104990"/>
 <node id="4308800241" visible="true" version="2" changeset="128114264" timestamp="2022-10-27T07:17:35Z" user="Saeed SJ" uid="9998669" lat="27.1864853" lon="56.3105813"/>
 <node id="4308800242" visible="true" version="1" changeset="40816319" timestamp="2016-07-18T11:14:44Z" user="hamid5300" uid="2324635" lat="27.1856072" lon="56.3106757"/>
 <node id="4308800243" visible="true" version="1" changeset="40816319" timestamp="2016-07-18T11:14:44Z" user="hamid5300" uid="2324635" lat="27.1850185" lon="56.3107218"/>
 <node id="4308800244" visible="true" version="1" changeset="40816319" timestamp="2016-07-18T11:14:44Z" user="hamid5300" uid="2324635" lat="27.1850670" lon="56.3111226"/>
 <node id="4308800245" visible="true" version="1" changeset="40816319" timestamp="2016-07-18T11:14:44Z" user="hamid5300" uid="2324635" lat="27.1850826" lon="56.3110225"/>
 <node id="4308800246" visible="true" version="1" changeset="40816319" timestamp="2016-07-18T11:14:44Z" user="hamid5300" uid="2324635" lat="27.1851160" lon="56.3109253"/>
 <node id="4308800247" visible="true" version="1" changeset="40816319" timestamp="2016-07-18T11:14:44Z" user="hamid5300" uid="2324635" lat="27.1851749" lon="56.3108591"/>
 <node id="4308800248" visible="true" version="1" changeset="40816319" timestamp="2016-07-18T11:14:44Z" user="hamid5300" uid="2324635" lat="27.1852608" lon="56.3107949"/>
 <node id="4308800249" visible="true" version="1" changeset="40816319" timestamp="2016-07-18T11:14:44Z" user="hamid5300" uid="2324635" lat="27.1851912" lon="56.3107082"/>
 <node id="4308800250" visible="true" version="1" changeset="40816319" timestamp="2016-07-18T11:14:44Z" user="hamid5300" uid="2324635" lat="27.1851121" lon="56.3106691"/>
 <node id="4308800251" visible="true" version="1" changeset="40816319" timestamp="2016-07-18T11:14:44Z" user="hamid5300" uid="2324635" lat="27.1850570" lon="56.3106050"/>
 <node id="4308800252" visible="true" version="1" changeset="40816319" timestamp="2016-07-18T11:14:44Z" user="hamid5300" uid="2324635" lat="27.1850217" lon="56.3105432"/>
 <node id="4308800253" visible="true" version="1" changeset="40816319" timestamp="2016-07-18T11:14:44Z" user="hamid5300" uid="2324635" lat="27.1849949" lon="56.3104856"/>
 <node id="4308800254" visible="true" version="1" changeset="40816319" timestamp="2016-07-18T11:14:44Z" user="hamid5300" uid="2324635" lat="27.1826813" lon="56.3112831"/>
 <node id="4308800255" visible="true" version="1" changeset="40816319" timestamp="2016-07-18T11:14:44Z" user="hamid5300" uid="2324635" lat="27.1827323" lon="56.3111704"/>
 <node id="4308800256" visible="true" version="3" changeset="137528298" timestamp="2023-06-19T16:58:25Z" user="kiaraSh-Q" uid="2693232" lat="27.1829400" lon="56.3110604"/>
 <node id="4308800257" visible="true" version="2" changeset="71043038" timestamp="2019-06-08T04:50:17Z" user="fereydoon555" uid="9543799" lat="27.1831166" lon="56.3110243"/>
 <node id="4308800258" visible="true" version="1" changeset="40816319" timestamp="2016-07-18T11:14:44Z" user="hamid5300" uid="2324635" lat="27.1835641" lon="56.3109812"/>
 <node id="4308800259" visible="true" version="1" changeset="40816319" timestamp="2016-07-18T11:14:44Z" user="hamid5300" uid="2324635" lat="27.1849218" lon="56.3107292"/>
 <node id="4308800260" visible="true" version="1" changeset="40816319" timestamp="2016-07-18T11:14:44Z" user="hamid5300" uid="2324635" lat="27.1831208" lon="56.3109635"/>
 <node id="4308800261" visible="true" version="1" changeset="40816319" timestamp="2016-07-18T11:14:44Z" user="hamid5300" uid="2324635" lat="27.1829636" lon="56.3109812"/>
 <node id="4308800262" visible="true" version="3" changeset="144087663" timestamp="2023-11-16T10:10:36Z" user="Saeed SJ" uid="9998669" lat="27.1829249" lon="56.3109853"/>
 <node id="4308800263" visible="true" version="1" changeset="40816319" timestamp="2016-07-18T11:14:44Z" user="hamid5300" uid="2324635" lat="27.1827593" lon="56.3109260"/>
 <node id="4308800264" visible="true" version="1" changeset="40816319" timestamp="2016-07-18T11:14:44Z" user="hamid5300" uid="2324635" lat="27.1826826" lon="56.3108464"/>
 <node id="4308800265" visible="true" version="1" changeset="40816319" timestamp="2016-07-18T11:14:44Z" user="hamid5300" uid="2324635" lat="27.1826026" lon="56.3107555"/>
 <node id="4308800266" visible="true" version="1" changeset="40816319" timestamp="2016-07-18T11:14:44Z" user="hamid5300" uid="2324635" lat="27.1849055" lon="56.3105686"/>
 <node id="4308800267" visible="true" version="1" changeset="40816319" timestamp="2016-07-18T11:14:44Z" user="hamid5300" uid="2324635" lat="27.1848699" lon="56.3106632"/>
 <node id="4308800268" visible="true" version="1" changeset="40816319" timestamp="2016-07-18T11:14:44Z" user="hamid5300" uid="2324635" lat="27.1848365" lon="56.3107061"/>
 <node id="4308800269" visible="true" version="1" changeset="40816319" timestamp="2016-07-18T11:14:44Z" user="hamid5300" uid="2324635" lat="27.1847807" lon="56.3107476"/>
 <node id="4308800270" visible="true" version="1" changeset="40816319" timestamp="2016-07-18T11:14:44Z" user="hamid5300" uid="2324635" lat="27.1847752" lon="56.3108499"/>
 <node id="4308800271" visible="true" version="1" changeset="40816319" timestamp="2016-07-18T11:14:44Z" user="hamid5300" uid="2324635" lat="27.1848377" lon="56.3108724"/>
 <node id="4308800272" visible="true" version="1" changeset="40816319" timestamp="2016-07-18T11:14:44Z" user="hamid5300" uid="2324635" lat="27.1848819" lon="56.3109099"/>
 <node id="4308800273" visible="true" version="1" changeset="40816319" timestamp="2016-07-18T11:14:44Z" user="hamid5300" uid="2324635" lat="27.1849236" lon="56.3109582"/>
 <node id="4308800274" visible="true" version="1" changeset="40816319" timestamp="2016-07-18T11:14:44Z" user="hamid5300" uid="2324635" lat="27.1849614" lon="56.3110378"/>
 <node id="4308824815" visible="true" version="3" changeset="53069351" timestamp="2017-10-19T13:41:58Z" user="lvlahdi" uid="223057" lat="27.1847658" lon="56.3089233">
  <tag k="highway" v="traffic_signals"/>
  <tag k="traffic_signals" v="signal"/>
 </node>
 <node id="4308824816" visible="true" version="3" changeset="53069351" timestamp="2017-10-19T13:41:58Z" user="lvlahdi" uid="223057" lat="27.1847519" lon="56.3088256">
  <tag k="highway" v="traffic_signals"/>
  <tag k="traffic_signals" v="signal"/>
 </node>
 <node id="4308824817" visible="true" version="3" changeset="53069351" timestamp="2017-10-19T13:41:58Z" user="lvlahdi" uid="223057" lat="27.1848380" lon="56.3089114">
  <tag k="highway" v="traffic_signals"/>
  <tag k="traffic_signals" v="signal"/>
 </node>
 <node id="4308824818" visible="true" version="4" changeset="53069351" timestamp="2017-10-19T13:41:58Z" user="lvlahdi" uid="223057" lat="27.1848241" lon="56.3088173">
  <tag k="highway" v="traffic_signals"/>
  <tag k="traffic_signals" v="signal"/>
 </node>
 <node id="4308824828" visible="true" version="2" changeset="46669586" timestamp="2017-03-08T03:46:52Z" user="lvlahdi" uid="223057" lat="27.1847959" lon="56.3091256"/>
 <node id="4308824829" visible="true" version="1" changeset="40816418" timestamp="2016-07-18T11:20:13Z" user="hamid5300" uid="2324635" lat="27.1848586" lon="56.3091197"/>
 <node id="4308824839" visible="true" version="1" changeset="40816418" timestamp="2016-07-18T11:20:13Z" user="hamid5300" uid="2324635" lat="27.1847688" lon="56.3085701"/>
 <node id="4308824846" visible="true" version="1" changeset="40816418" timestamp="2016-07-18T11:20:13Z" user="hamid5300" uid="2324635" lat="27.1884843" lon="56.3082539"/>
 <node id="4308824847" visible="true" version="1" changeset="40816418" timestamp="2016-07-18T11:20:13Z" user="hamid5300" uid="2324635" lat="27.1884120" lon="56.3085455"/>
 <node id="4308824850" visible="true" version="1" changeset="40816418" timestamp="2016-07-18T11:20:13Z" user="hamid5300" uid="2324635" lat="27.1885323" lon="56.3086455"/>
 <node id="4308824851" visible="true" version="2" changeset="48731588" timestamp="2017-05-16T13:17:09Z" user="lvlahdi" uid="223057" lat="27.1886382" lon="56.3084696"/>
 <node id="4308824857" visible="true" version="2" changeset="48731588" timestamp="2017-05-16T13:17:09Z" user="lvlahdi" uid="223057" lat="27.1884056" lon="56.3069720"/>
 <node id="4313908415" visible="true" version="1" changeset="40912292" timestamp="2016-07-21T06:13:54Z" user="hamid5300" uid="2324635" lat="27.1913414" lon="56.3297954"/>
 <node id="4313908467" visible="true" version="1" changeset="40912292" timestamp="2016-07-21T06:13:55Z" user="hamid5300" uid="2324635" lat="27.1911814" lon="56.3291161"/>
 <node id="4313916681" visible="true" version="2" changeset="46068317" timestamp="2017-02-14T04:45:44Z" user="lvlahdi" uid="223057" lat="27.1900121" lon="56.3247549"/>
 <node id="4313916682" visible="true" version="2" changeset="46068317" timestamp="2017-02-14T04:45:44Z" user="lvlahdi" uid="223057" lat="27.1901395" lon="56.3247058"/>
 <node id="4313916683" visible="true" version="1" changeset="40912485" timestamp="2016-07-21T06:26:04Z" user="hamid5300" uid="2324635" lat="27.1901972" lon="56.3249490"/>
 <node id="4313932855" visible="true" version="1" changeset="40912736" timestamp="2016-07-21T06:38:54Z" user="hamid5300" uid="2324635" lat="27.1939216" lon="56.3166945"/>
 <node id="4313932866" visible="true" version="1" changeset="40912736" timestamp="2016-07-21T06:38:54Z" user="hamid5300" uid="2324635" lat="27.1890380" lon="56.3191627"/>
 <node id="4313932868" visible="true" version="2" changeset="144167080" timestamp="2023-11-18T09:40:02Z" user="Saeed SJ" uid="9998669" lat="27.1901848" lon="56.3190837"/>
 <node id="4313932870" visible="true" version="1" changeset="40912736" timestamp="2016-07-21T06:38:54Z" user="hamid5300" uid="2324635" lat="27.1909533" lon="56.3189881"/>
 <node id="4313932871" visible="true" version="1" changeset="40912736" timestamp="2016-07-21T06:38:54Z" user="hamid5300" uid="2324635" lat="27.1913870" lon="56.3188462"/>
 <node id="4315388809" visible="true" version="2" changeset="48276604" timestamp="2017-04-30T09:22:16Z" user="lvlahdi" uid="223057" lat="27.1813470" lon="56.2931977"/>
 <node id="4315388818" visible="true" version="2" changeset="48276604" timestamp="2017-04-30T09:22:17Z" user="lvlahdi" uid="223057" lat="27.1811747" lon="56.2927327"/>
 <node id="4315388821" visible="true" version="3" changeset="144322324" timestamp="2023-11-22T11:31:40Z" user="Saeed SJ" uid="9998669" lat="27.1814963" lon="56.2944532"/>
 <node id="4315388822" visible="true" version="3" changeset="144322324" timestamp="2023-11-22T11:31:40Z" user="Saeed SJ" uid="9998669" lat="27.1814871" lon="56.2942971"/>
 <node id="4315388823" visible="true" version="3" changeset="144322324" timestamp="2023-11-22T11:31:40Z" user="Saeed SJ" uid="9998669" lat="27.1815253" lon="56.2948488"/>
 <node id="4315388834" visible="true" version="3" changeset="144322324" timestamp="2023-11-22T11:31:40Z" user="Saeed SJ" uid="9998669" lat="27.1814786" lon="56.2940735"/>
 <node id="4315389291" visible="true" version="3" changeset="144322324" timestamp="2023-11-22T11:31:40Z" user="Saeed SJ" uid="9998669" lat="27.1817675" lon="56.2968722"/>
 <node id="4324690888" visible="true" version="3" changeset="46156694" timestamp="2017-02-17T07:18:27Z" user="lvlahdi" uid="223057" lat="27.1891137" lon="56.3197830"/>
 <node id="4324691290" visible="true" version="2" changeset="46156694" timestamp="2017-02-17T07:18:27Z" user="lvlahdi" uid="223057" lat="27.1895253" lon="56.3220359"/>
 <node id="4324691291" visible="true" version="1" changeset="41077112" timestamp="2016-07-28T04:50:40Z" user="satiaisp" uid="3145602" lat="27.1896058" lon="56.3223616"/>
 <node id="4383142674" visible="true" version="3" changeset="62764635" timestamp="2018-09-20T14:02:48Z" user="wambacher" uid="201359" lat="27.1823414" lon="56.3198747"/>
 <node id="4383142675" visible="true" version="3" changeset="62764635" timestamp="2018-09-20T14:02:48Z" user="wambacher" uid="201359" lat="27.1823419" lon="56.3197836"/>
 <node id="4383142860" visible="true" version="5" changeset="62764635" timestamp="2018-09-20T14:02:50Z" user="wambacher" uid="201359" lat="27.1805056" lon="56.3020726"/>
 <node id="4383142915" visible="true" version="4" changeset="62764635" timestamp="2018-09-20T14:02:50Z" user="wambacher" uid="201359" lat="27.1811777" lon="56.3048326"/>
 <node id="4383143010" visible="true" version="3" changeset="62764635" timestamp="2018-09-20T14:02:51Z" user="wambacher" uid="201359" lat="27.1821392" lon="56.3110267"/>
 <node id="4383143011" visible="true" version="3" changeset="62764635" timestamp="2018-09-20T14:02:51Z" user="wambacher" uid="201359" lat="27.1821395" lon="56.3115136"/>
 <node id="4383143018" visible="true" version="4" changeset="62764635" timestamp="2018-09-20T14:02:51Z" user="wambacher" uid="201359" lat="27.1820351" lon="56.3109338"/>
 <node id="4383143028" visible="true" version="4" changeset="62764635" timestamp="2018-09-20T14:02:52Z" user="wambacher" uid="201359" lat="27.1819478" lon="56.3108814"/>
 <node id="4383143031" visible="true" version="4" changeset="62764635" timestamp="2018-09-20T14:02:52Z" user="wambacher" uid="201359" lat="27.1818264" lon="56.3107221"/>
 <node id="4383143033" visible="true" version="4" changeset="62764635" timestamp="2018-09-20T14:02:52Z" user="wambacher" uid="201359" lat="27.1818468" lon="56.3105133"/>
 <node id="4383143034" visible="true" version="4" changeset="62764635" timestamp="2018-09-20T14:02:52Z" user="wambacher" uid="201359" lat="27.1817972" lon="56.3102932"/>
 <node id="4383143035" visible="true" version="4" changeset="62764635" timestamp="2018-09-20T14:02:52Z" user="wambacher" uid="201359" lat="27.1818264" lon="56.3100701"/>
 <node id="4383143036" visible="true" version="4" changeset="62764635" timestamp="2018-09-20T14:02:52Z" user="wambacher" uid="201359" lat="27.1818448" lon="56.3099767"/>
 <node id="4383143037" visible="true" version="4" changeset="62764635" timestamp="2018-09-20T14:02:52Z" user="wambacher" uid="201359" lat="27.1814915" lon="56.3095741"/>
 <node id="4383143045" visible="true" version="3" changeset="62764635" timestamp="2018-09-20T14:02:52Z" user="wambacher" uid="201359" lat="27.1822386" lon="56.3120383"/>
 <node id="4383143049" visible="true" version="3" changeset="62764635" timestamp="2018-09-20T14:02:52Z" user="wambacher" uid="201359" lat="27.1822514" lon="56.3181600"/>
 <node id="4383143061" visible="true" version="3" changeset="62764635" timestamp="2018-09-20T14:02:52Z" user="wambacher" uid="201359" lat="27.1822659" lon="56.3148139"/>
 <node id="4383143198" visible="true" version="3" changeset="62764635" timestamp="2018-09-20T14:02:53Z" user="wambacher" uid="201359" lat="27.1822928" lon="56.3126881"/>
 <node id="4383143211" visible="true" version="3" changeset="62764635" timestamp="2018-09-20T14:02:53Z" user="wambacher" uid="201359" lat="27.1823136" lon="56.3174286"/>
 <node id="4603176595" visible="true" version="1" changeset="45095437" timestamp="2017-01-12T06:05:20Z" user="ezzatalla" uid="1865465" lat="27.1886822" lon="56.3163032"/>
 <node id="4603176596" visible="true" version="1" changeset="45095437" timestamp="2017-01-12T06:05:20Z" user="ezzatalla" uid="1865465" lat="27.1884254" lon="56.3163833"/>
 <node id="4603176597" visible="true" version="1" changeset="45095437" timestamp="2017-01-12T06:05:20Z" user="ezzatalla" uid="1865465" lat="27.1882692" lon="56.3164418"/>
 <node id="4603176598" visible="true" version="2" changeset="135569845" timestamp="2023-05-01T11:35:57Z" user="s@jj@d" uid="14377768" lat="27.1881175" lon="56.3165152"/>
 <node id="4603176599" visible="true" version="1" changeset="45095437" timestamp="2017-01-12T06:05:20Z" user="ezzatalla" uid="1865465" lat="27.1880719" lon="56.3166021"/>
 <node id="4603176600" visible="true" version="1" changeset="45095437" timestamp="2017-01-12T06:05:20Z" user="ezzatalla" uid="1865465" lat="27.1878499" lon="56.3167746"/>
 <node id="4603176601" visible="true" version="1" changeset="45095437" timestamp="2017-01-12T06:05:20Z" user="ezzatalla" uid="1865465" lat="27.1876416" lon="56.3168301"/>
 <node id="4603176603" visible="true" version="1" changeset="45095437" timestamp="2017-01-12T06:05:20Z" user="ezzatalla" uid="1865465" lat="27.1870085" lon="56.3168362"/>
 <node id="4603176604" visible="true" version="1" changeset="45095437" timestamp="2017-01-12T06:05:20Z" user="ezzatalla" uid="1865465" lat="27.1868112" lon="56.3166126"/>
 <node id="4603176605" visible="true" version="2" changeset="144163732" timestamp="2023-11-18T07:14:12Z" user="Saeed SJ" uid="9998669" lat="27.1866926" lon="56.3164902"/>
 <node id="4603176606" visible="true" version="1" changeset="45095437" timestamp="2017-01-12T06:05:20Z" user="ezzatalla" uid="1865465" lat="27.1866557" lon="56.3164603"/>
 <node id="4603176607" visible="true" version="1" changeset="45095437" timestamp="2017-01-12T06:05:20Z" user="ezzatalla" uid="1865465" lat="27.1865541" lon="56.3164807"/>
 <node id="4603176608" visible="true" version="1" changeset="45095437" timestamp="2017-01-12T06:05:20Z" user="ezzatalla" uid="1865465" lat="27.1864880" lon="56.3165001"/>
 <node id="4603176609" visible="true" version="1" changeset="45095437" timestamp="2017-01-12T06:05:20Z" user="ezzatalla" uid="1865465" lat="27.1857915" lon="56.3166912"/>
 <node id="4603176610" visible="true" version="1" changeset="45095437" timestamp="2017-01-12T06:05:20Z" user="ezzatalla" uid="1865465" lat="27.1855900" lon="56.3167426"/>
 <node id="4603176611" visible="true" version="1" changeset="45095437" timestamp="2017-01-12T06:05:20Z" user="ezzatalla" uid="1865465" lat="27.1855585" lon="56.3167514"/>
 <node id="4603176612" visible="true" version="1" changeset="45095437" timestamp="2017-01-12T06:05:20Z" user="ezzatalla" uid="1865465" lat="27.1852069" lon="56.3168975"/>
 <node id="4607721727" visible="true" version="3" changeset="62764635" timestamp="2018-09-20T14:02:57Z" user="wambacher" uid="201359" lat="27.1831413" lon="56.3190169"/>
 <node id="4607721765" visible="true" version="1" changeset="45159401" timestamp="2017-01-14T12:48:04Z" user="Osm1980" uid="3743902" lat="27.1806209" lon="56.2993115"/>
 <node id="4649220699" visible="true" version="2" changeset="46669586" timestamp="2017-03-08T03:46:52Z" user="lvlahdi" uid="223057" lat="27.1833089" lon="56.3033385"/>
 <node id="4672497239" visible="true" version="1" changeset="45893616" timestamp="2017-02-07T18:48:11Z" user="lvlahdi" uid="223057" lat="27.1809954" lon="56.3014831"/>
 <node id="4672497250" visible="true" version="1" changeset="45893616" timestamp="2017-02-07T18:48:11Z" user="lvlahdi" uid="223057" lat="27.1812342" lon="56.3014402"/>
 <node id="4672497251" visible="true" version="1" changeset="45893616" timestamp="2017-02-07T18:48:11Z" user="lvlahdi" uid="223057" lat="27.1811812" lon="56.3010622"/>
 <node id="4672497266" visible="true" version="1" changeset="45893616" timestamp="2017-02-07T18:48:12Z" user="lvlahdi" uid="223057" lat="27.1808779" lon="56.3005859"/>
 <node id="4672497267" visible="true" version="1" changeset="45893616" timestamp="2017-02-07T18:48:12Z" user="lvlahdi" uid="223057" lat="27.1808278" lon="56.3002908"/>
 <node id="4672497268" visible="true" version="1" changeset="45893616" timestamp="2017-02-07T18:48:12Z" user="lvlahdi" uid="223057" lat="27.1808051" lon="56.3001218"/>
 <node id="4672497269" visible="true" version="1" changeset="45893616" timestamp="2017-02-07T18:48:12Z" user="lvlahdi" uid="223057" lat="27.1807920" lon="56.2999207"/>
 <node id="4672497270" visible="true" version="1" changeset="45893616" timestamp="2017-02-07T18:48:12Z" user="lvlahdi" uid="223057" lat="27.1807216" lon="56.2987177"/>
 <node id="4672497271" visible="true" version="1" changeset="45893616" timestamp="2017-02-07T18:48:12Z" user="lvlahdi" uid="223057" lat="27.1807073" lon="56.2985541"/>
 <node id="4672497272" visible="true" version="1" changeset="45893616" timestamp="2017-02-07T18:48:12Z" user="lvlahdi" uid="223057" lat="27.1806894" lon="56.2983703"/>
 <node id="4672497273" visible="true" version="1" changeset="45893616" timestamp="2017-02-07T18:48:12Z" user="lvlahdi" uid="223057" lat="27.1804389" lon="56.2966524"/>
 <node id="4672497274" visible="true" version="1" changeset="45893616" timestamp="2017-02-07T18:48:12Z" user="lvlahdi" uid="223057" lat="27.1803852" lon="56.2962527"/>
 <node id="4672497275" visible="true" version="1" changeset="45893616" timestamp="2017-02-07T18:48:12Z" user="lvlahdi" uid="223057" lat="27.1802957" lon="56.2955862"/>
 <node id="4672497276" visible="true" version="1" changeset="45893616" timestamp="2017-02-07T18:48:12Z" user="lvlahdi" uid="223057" lat="27.1802229" lon="56.2951101"/>
 <node id="4672497277" visible="true" version="1" changeset="45893616" timestamp="2017-02-07T18:48:12Z" user="lvlahdi" uid="223057" lat="27.1814750" lon="56.3042028"/>
 <node id="4672497278" visible="true" version="1" changeset="45893616" timestamp="2017-02-07T18:48:12Z" user="lvlahdi" uid="223057" lat="27.1814225" lon="56.3038729"/>
 <node id="4672497279" visible="true" version="1" changeset="45893616" timestamp="2017-02-07T18:48:12Z" user="lvlahdi" uid="223057" lat="27.1812972" lon="56.3032627"/>
 <node id="4672497280" visible="true" version="1" changeset="45893616" timestamp="2017-02-07T18:48:12Z" user="lvlahdi" uid="223057" lat="27.1811362" lon="56.3024862"/>
 <node id="4672497281" visible="true" version="1" changeset="45893616" timestamp="2017-02-07T18:48:12Z" user="lvlahdi" uid="223057" lat="27.1811075" lon="56.3022850"/>
 <node id="4672497282" visible="true" version="1" changeset="45893616" timestamp="2017-02-07T18:48:12Z" user="lvlahdi" uid="223057" lat="27.1810753" lon="56.3020074"/>
 <node id="4672497283" visible="true" version="1" changeset="45893616" timestamp="2017-02-07T18:48:12Z" user="lvlahdi" uid="223057" lat="27.1810121" lon="56.3016105"/>
 <node id="4672497284" visible="true" version="3" changeset="62764635" timestamp="2018-09-20T14:02:58Z" user="wambacher" uid="201359" lat="27.1815943" lon="56.3073772"/>
 <node id="4672497285" visible="true" version="3" changeset="62764635" timestamp="2018-09-20T14:02:58Z" user="wambacher" uid="201359" lat="27.1809954" lon="56.3048023"/>
 <node id="4672497693" visible="true" version="1" changeset="45893616" timestamp="2017-02-07T18:48:12Z" user="lvlahdi" uid="223057" lat="27.1886855" lon="56.3124949"/>
 <node id="4672497694" visible="true" version="1" changeset="45893616" timestamp="2017-02-07T18:48:12Z" user="lvlahdi" uid="223057" lat="27.1886963" lon="56.3124291"/>
 <node id="4672497695" visible="true" version="1" changeset="45893616" timestamp="2017-02-07T18:48:12Z" user="lvlahdi" uid="223057" lat="27.1887070" lon="56.3122374"/>
 <node id="4672497696" visible="true" version="1" changeset="45893616" timestamp="2017-02-07T18:48:12Z" user="lvlahdi" uid="223057" lat="27.1887535" lon="56.3121918"/>
 <node id="4672497697" visible="true" version="1" changeset="45893616" timestamp="2017-02-07T18:48:12Z" user="lvlahdi" uid="223057" lat="27.1888215" lon="56.3121891"/>
 <node id="4672497698" visible="true" version="1" changeset="45893616" timestamp="2017-02-07T18:48:12Z" user="lvlahdi" uid="223057" lat="27.1848229" lon="56.3208137"/>
 <node id="4672497699" visible="true" version="1" changeset="45893616" timestamp="2017-02-07T18:48:12Z" user="lvlahdi" uid="223057" lat="27.1849129" lon="56.3200768"/>
 <node id="4672497700" visible="true" version="1" changeset="45893616" timestamp="2017-02-07T18:48:12Z" user="lvlahdi" uid="223057" lat="27.1849869" lon="56.3198736"/>
 <node id="4672497701" visible="true" version="1" changeset="45893616" timestamp="2017-02-07T18:48:12Z" user="lvlahdi" uid="223057" lat="27.1850173" lon="56.3198180"/>
 <node id="4672497702" visible="true" version="1" changeset="45893616" timestamp="2017-02-07T18:48:12Z" user="lvlahdi" uid="223057" lat="27.1850632" lon="56.3197348"/>
 <node id="4672497703" visible="true" version="1" changeset="45893616" timestamp="2017-02-07T18:48:12Z" user="lvlahdi" uid="223057" lat="27.1850925" lon="56.3196919"/>
 <node id="4672497704" visible="true" version="1" changeset="45893616" timestamp="2017-02-07T18:48:12Z" user="lvlahdi" uid="223057" lat="27.1851736" lon="56.3196054"/>
 <node id="4672497705" visible="true" version="1" changeset="45893616" timestamp="2017-02-07T18:48:12Z" user="lvlahdi" uid="223057" lat="27.1852398" lon="56.3195544"/>
 <node id="4672497706" visible="true" version="1" changeset="45893616" timestamp="2017-02-07T18:48:12Z" user="lvlahdi" uid="223057" lat="27.1853054" lon="56.3195055"/>
 <node id="4672497707" visible="true" version="1" changeset="45893616" timestamp="2017-02-07T18:48:12Z" user="lvlahdi" uid="223057" lat="27.1853513" lon="56.3194753"/>
 <node id="4672497708" visible="true" version="1" changeset="45893616" timestamp="2017-02-07T18:48:12Z" user="lvlahdi" uid="223057" lat="27.1854104" lon="56.3194331"/>
 <node id="4672497709" visible="true" version="1" changeset="45893616" timestamp="2017-02-07T18:48:12Z" user="lvlahdi" uid="223057" lat="27.1855452" lon="56.3193627"/>
 <node id="4672497710" visible="true" version="1" changeset="45893616" timestamp="2017-02-07T18:48:12Z" user="lvlahdi" uid="223057" lat="27.1855082" lon="56.3193767"/>
 <node id="4672497711" visible="true" version="1" changeset="45893616" timestamp="2017-02-07T18:48:12Z" user="lvlahdi" uid="223057" lat="27.1855893" lon="56.3193445"/>
 <node id="4672497712" visible="true" version="1" changeset="45893616" timestamp="2017-02-07T18:48:12Z" user="lvlahdi" uid="223057" lat="27.1856699" lon="56.3193171"/>
 <node id="4672497713" visible="true" version="1" changeset="45893616" timestamp="2017-02-07T18:48:12Z" user="lvlahdi" uid="223057" lat="27.1857379" lon="56.3192969"/>
 <node id="4672497714" visible="true" version="1" changeset="45893616" timestamp="2017-02-07T18:48:12Z" user="lvlahdi" uid="223057" lat="27.1858327" lon="56.3192748"/>
 <node id="4672497715" visible="true" version="1" changeset="45893616" timestamp="2017-02-07T18:48:12Z" user="lvlahdi" uid="223057" lat="27.1860719" lon="56.3192165"/>
 <node id="4672497716" visible="true" version="1" changeset="45893616" timestamp="2017-02-07T18:48:12Z" user="lvlahdi" uid="223057" lat="27.1864017" lon="56.3191333"/>
 <node id="4672497717" visible="true" version="1" changeset="45893616" timestamp="2017-02-07T18:48:12Z" user="lvlahdi" uid="223057" lat="27.1878219" lon="56.3187913"/>
 <node id="4672497718" visible="true" version="1" changeset="45893616" timestamp="2017-02-07T18:48:12Z" user="lvlahdi" uid="223057" lat="27.1885186" lon="56.3186344"/>
 <node id="4672497719" visible="true" version="1" changeset="45893616" timestamp="2017-02-07T18:48:12Z" user="lvlahdi" uid="223057" lat="27.1885556" lon="56.3186344"/>
 <node id="4672497720" visible="true" version="1" changeset="45893616" timestamp="2017-02-07T18:48:12Z" user="lvlahdi" uid="223057" lat="27.1886212" lon="56.3186478"/>
 <node id="4672497721" visible="true" version="1" changeset="45893616" timestamp="2017-02-07T18:48:12Z" user="lvlahdi" uid="223057" lat="27.1886468" lon="56.3186613"/>
 <node id="4672497722" visible="true" version="1" changeset="45893616" timestamp="2017-02-07T18:48:12Z" user="lvlahdi" uid="223057" lat="27.1886707" lon="56.3186780"/>
 <node id="4672497723" visible="true" version="1" changeset="45893616" timestamp="2017-02-07T18:48:12Z" user="lvlahdi" uid="223057" lat="27.1887184" lon="56.3187156"/>
 <node id="4672497724" visible="true" version="1" changeset="45893616" timestamp="2017-02-07T18:48:12Z" user="lvlahdi" uid="223057" lat="27.1887423" lon="56.3187411"/>
 <node id="4672497725" visible="true" version="1" changeset="45893616" timestamp="2017-02-07T18:48:12Z" user="lvlahdi" uid="223057" lat="27.1848254" lon="56.3212161"/>
 <node id="4672497726" visible="true" version="1" changeset="45893616" timestamp="2017-02-07T18:48:12Z" user="lvlahdi" uid="223057" lat="27.1848182" lon="56.3210417"/>
 <node id="4672497727" visible="true" version="1" changeset="45893616" timestamp="2017-02-07T18:48:12Z" user="lvlahdi" uid="223057" lat="27.1848540" lon="56.3203624"/>
 <node id="4672497728" visible="true" version="1" changeset="45893616" timestamp="2017-02-07T18:48:12Z" user="lvlahdi" uid="223057" lat="27.1848922" lon="56.3201626"/>
 <node id="4672497729" visible="true" version="1" changeset="45893616" timestamp="2017-02-07T18:48:12Z" user="lvlahdi" uid="223057" lat="27.1849340" lon="56.3200003"/>
 <node id="4672497730" visible="true" version="1" changeset="45893616" timestamp="2017-02-07T18:48:12Z" user="lvlahdi" uid="223057" lat="27.1848397" lon="56.3205039"/>
 <node id="4672497731" visible="true" version="1" changeset="45893616" timestamp="2017-02-07T18:48:12Z" user="lvlahdi" uid="223057" lat="27.1849393" lon="56.3221817"/>
 <node id="4672497732" visible="true" version="1" changeset="45893616" timestamp="2017-02-07T18:48:12Z" user="lvlahdi" uid="223057" lat="27.1849178" lon="56.3219295"/>
 <node id="4684611405" visible="true" version="1" changeset="46068317" timestamp="2017-02-14T04:45:43Z" user="lvlahdi" uid="223057" lat="27.1885867" lon="56.3091438"/>
 <node id="4684611406" visible="true" version="1" changeset="46068317" timestamp="2017-02-14T04:45:44Z" user="lvlahdi" uid="223057" lat="27.1887160" lon="56.3091247"/>
 <node id="4690049106" visible="true" version="1" changeset="46156694" timestamp="2017-02-17T07:18:26Z" user="lvlahdi" uid="223057" lat="27.1893041" lon="56.3191253"/>
 <node id="4690067340" visible="true" version="2" changeset="134725189" timestamp="2023-04-10T11:30:36Z" user="F777" uid="13691644" lat="27.1889702" lon="56.3168328">
  <tag k="shop" v="bakery"/>
 </node>
 <node id="4691727115" visible="true" version="1" changeset="46185447" timestamp="2017-02-18T06:49:47Z" user="ezzatalla" uid="1865465" lat="27.1895912" lon="56.3145110"/>
 <node id="4691727116" visible="true" version="1" changeset="46185447" timestamp="2017-02-18T06:49:47Z" user="ezzatalla" uid="1865465" lat="27.1890749" lon="56.3146101"/>
 <node id="4691727117" visible="true" version="1" changeset="46185447" timestamp="2017-02-18T06:49:47Z" user="ezzatalla" uid="1865465" lat="27.1890120" lon="56.3147198"/>
 <node id="4691727118" visible="true" version="1" changeset="46185447" timestamp="2017-02-18T06:49:47Z" user="ezzatalla" uid="1865465" lat="27.1889742" lon="56.3159904"/>
 <node id="4691727119" visible="true" version="1" changeset="46185447" timestamp="2017-02-18T06:49:47Z" user="ezzatalla" uid="1865465" lat="27.1892922" lon="56.3159798"/>
 <node id="4691727120" visible="true" version="1" changeset="46185447" timestamp="2017-02-18T06:49:47Z" user="ezzatalla" uid="1865465" lat="27.1893142" lon="56.3161532"/>
 <node id="4691727121" visible="true" version="1" changeset="46185447" timestamp="2017-02-18T06:49:47Z" user="ezzatalla" uid="1865465" lat="27.1899312" lon="56.3160895"/>
 <node id="4691732241" visible="true" version="1" changeset="46185607" timestamp="2017-02-18T06:59:04Z" user="ezzatalla" uid="1865465" lat="27.1920547" lon="56.3158612"/>
 <node id="4691732243" visible="true" version="2" changeset="144169143" timestamp="2023-11-18T10:48:10Z" user="Saeed SJ" uid="9998669" lat="27.1910801" lon="56.3167021"/>
 <node id="4691732244" visible="true" version="1" changeset="46185607" timestamp="2017-02-18T06:59:04Z" user="ezzatalla" uid="1865465" lat="27.1905230" lon="56.3168483"/>
 <node id="4691732245" visible="true" version="2" changeset="62948378" timestamp="2018-09-26T14:25:50Z" user="Mesut ozil" uid="8377537" lat="27.1889343" lon="56.3173082"/>
 <node id="4691732246" visible="true" version="1" changeset="46185607" timestamp="2017-02-18T06:59:04Z" user="ezzatalla" uid="1865465" lat="27.1897209" lon="56.3170522"/>
 <node id="4691732250" visible="true" version="2" changeset="62948378" timestamp="2018-09-26T14:25:50Z" user="Mesut ozil" uid="8377537" lat="27.1896697" lon="56.3143511"/>
 <node id="4691732251" visible="true" version="3" changeset="135531958" timestamp="2023-04-30T10:44:49Z" user="s@jj@d" uid="14377768" lat="27.1904124" lon="56.3168790"/>
 <node id="4691732254" visible="true" version="2" changeset="144169143" timestamp="2023-11-18T10:48:10Z" user="Saeed SJ" uid="9998669" lat="27.1912289" lon="56.3165889"/>
 <node id="4691732256" visible="true" version="2" changeset="144169143" timestamp="2023-11-18T10:48:10Z" user="Saeed SJ" uid="9998669" lat="27.1919817" lon="56.3159256"/>
 <node id="4693071601" visible="true" version="2" changeset="47218450" timestamp="2017-03-28T04:51:59Z" user="lvlahdi" uid="223057" lat="27.1948971" lon="56.3378368"/>
 <node id="4693071603" visible="true" version="2" changeset="54131464" timestamp="2017-11-27T20:01:48Z" user="lvlahdi" uid="223057" lat="27.1959058" lon="56.3391826"/>
 <node id="4700598069" visible="true" version="1" changeset="46327532" timestamp="2017-02-23T06:21:07Z" user="lvlahdi" uid="223057" lat="27.1843121" lon="56.3068766"/>
 <node id="4703283136" visible="true" version="1" changeset="46363499" timestamp="2017-02-24T10:35:14Z" user="lvlahdi" uid="223057" lat="27.1870661" lon="56.3181957"/>
 <node id="4703283137" visible="true" version="1" changeset="46363499" timestamp="2017-02-24T10:35:14Z" user="lvlahdi" uid="223057" lat="27.1870433" lon="56.3180023"/>
 <node id="4703283138" visible="true" version="1" changeset="46363499" timestamp="2017-02-24T10:35:14Z" user="lvlahdi" uid="223057" lat="27.1864590" lon="56.3180935"/>
 <node id="4703283139" visible="true" version="1" changeset="46363499" timestamp="2017-02-24T10:35:14Z" user="lvlahdi" uid="223057" lat="27.1864850" lon="56.3182942"/>
 <node id="4703283140" visible="true" version="1" changeset="46363499" timestamp="2017-02-24T10:35:14Z" user="lvlahdi" uid="223057" lat="27.1872479" lon="56.3179767"/>
 <node id="4703283141" visible="true" version="1" changeset="46363499" timestamp="2017-02-24T10:35:14Z" user="lvlahdi" uid="223057" lat="27.1872641" lon="56.3181702"/>
 <node id="4703285106" visible="true" version="2" changeset="53043657" timestamp="2017-10-18T15:42:01Z" user="ezzatalla" uid="1865465" lat="27.1881568" lon="56.3175699">
  <tag k="name" v="اداره کل شیلات استان هرمزگان"/>
  <tag k="office" v="government"/>
 </node>
 <node id="4703303652" visible="true" version="1" changeset="46363921" timestamp="2017-02-24T10:53:38Z" user="lvlahdi" uid="223057" lat="27.1887925" lon="56.3118217"/>
 <node id="4703303653" visible="true" version="1" changeset="46363921" timestamp="2017-02-24T10:53:38Z" user="lvlahdi" uid="223057" lat="27.1888355" lon="56.3117861"/>
 <node id="4703303654" visible="true" version="1" changeset="46363921" timestamp="2017-02-24T10:53:38Z" user="lvlahdi" uid="223057" lat="27.1885292" lon="56.3111182"/>
 <node id="4703303655" visible="true" version="1" changeset="46363921" timestamp="2017-02-24T10:53:38Z" user="lvlahdi" uid="223057" lat="27.1880569" lon="56.3111310"/>
 <node id="4703303656" visible="true" version="1" changeset="46363921" timestamp="2017-02-24T10:53:38Z" user="lvlahdi" uid="223057" lat="27.1880452" lon="56.3105957"/>
 <node id="4703303657" visible="true" version="1" changeset="46363921" timestamp="2017-02-24T10:53:38Z" user="lvlahdi" uid="223057" lat="27.1884833" lon="56.3105684"/>
 <node id="4703303658" visible="true" version="1" changeset="46363921" timestamp="2017-02-24T10:53:38Z" user="lvlahdi" uid="223057" lat="27.1885374" lon="56.3106355"/>
 <node id="4710072787" visible="true" version="2" changeset="135569845" timestamp="2023-05-01T11:35:57Z" user="s@jj@d" uid="14377768" lat="27.1872665" lon="56.3163645"/>
 <node id="4710072788" visible="true" version="2" changeset="144163732" timestamp="2023-11-18T07:14:12Z" user="Saeed SJ" uid="9998669" lat="27.1872887" lon="56.3165528"/>
 <node id="4710076689" visible="true" version="2" changeset="144163732" timestamp="2023-11-18T07:14:12Z" user="Saeed SJ" uid="9998669" lat="27.1874169" lon="56.3165408"/>
 <node id="4710076690" visible="true" version="2" changeset="144163732" timestamp="2023-11-18T07:14:12Z" user="Saeed SJ" uid="9998669" lat="27.1874436" lon="56.3168470"/>
 <node id="4710098197" visible="true" version="3" changeset="93702167" timestamp="2020-11-07T10:34:15Z" user="esem1982" uid="11773764" lat="27.1857233" lon="56.3210217"/>
 <node id="4723466157" visible="true" version="1" changeset="46669586" timestamp="2017-03-08T03:46:51Z" user="lvlahdi" uid="223057" lat="27.1831121" lon="56.3026733"/>
 <node id="4730415188" visible="true" version="1" changeset="46782543" timestamp="2017-03-12T10:50:38Z" user="lvlahdi" uid="223057" lat="27.1930260" lon="56.3345804"/>
 <node id="4736002108" visible="true" version="2" changeset="134857882" timestamp="2023-04-13T11:06:25Z" user="F777" uid="13691644" lat="27.1885125" lon="56.3121360"/>
 <node id="4736002109" visible="true" version="2" changeset="134857882" timestamp="2023-04-13T11:06:25Z" user="F777" uid="13691644" lat="27.1885228" lon="56.3130283"/>
 <node id="4736002110" visible="true" version="3" changeset="134857882" timestamp="2023-04-13T11:06:25Z" user="F777" uid="13691644" lat="27.1879624" lon="56.3129993"/>
 <node id="4736002111" visible="true" version="3" changeset="134857882" timestamp="2023-04-13T11:06:25Z" user="F777" uid="13691644" lat="27.1880254" lon="56.3121581"/>
 <node id="4759522099" visible="true" version="1" changeset="47226378" timestamp="2017-03-28T11:02:33Z" user="ezzatalla" uid="1865465" lat="27.1926881" lon="56.3338227"/>
 <node id="4759522231" visible="true" version="1" changeset="47226378" timestamp="2017-03-28T11:02:34Z" user="ezzatalla" uid="1865465" lat="27.1915783" lon="56.3307310"/>
 <node id="4759522257" visible="true" version="1" changeset="47226378" timestamp="2017-03-28T11:02:34Z" user="ezzatalla" uid="1865465" lat="27.1914419" lon="56.3302220"/>
 <node id="4759522294" visible="true" version="2" changeset="135531727" timestamp="2023-04-30T10:37:31Z" user="s@jj@d" uid="14377768" lat="27.1916719" lon="56.3190954"/>
 <node id="4759522295" visible="true" version="2" changeset="144281955" timestamp="2023-11-21T11:00:55Z" user="Saeed SJ" uid="9998669" lat="27.1916370" lon="56.3187892"/>
 <node id="4778233970" visible="true" version="3" changeset="62764635" timestamp="2018-09-20T14:02:59Z" user="wambacher" uid="201359" lat="27.1804873" lon="56.3015059"/>
 <node id="4778233971" visible="true" version="3" changeset="62764635" timestamp="2018-09-20T14:02:59Z" user="wambacher" uid="201359" lat="27.1803469" lon="56.3001850"/>
 <node id="4798101202" visible="true" version="1" changeset="47858154" timestamp="2017-04-17T06:49:47Z" user="lvlahdi" uid="223057" lat="27.1892084" lon="56.3175352"/>
 <node id="4798101203" visible="true" version="2" changeset="70879414" timestamp="2019-06-03T09:52:46Z" user="fereydoon555" uid="9543799" lat="27.1885387" lon="56.3104694"/>
 <node id="4798101204" visible="true" version="2" changeset="70879414" timestamp="2019-06-03T09:52:46Z" user="fereydoon555" uid="9543799" lat="27.1885564" lon="56.3104558"/>
 <node id="4798101205" visible="true" version="2" changeset="70879414" timestamp="2019-06-03T09:52:46Z" user="fereydoon555" uid="9543799" lat="27.1885655" lon="56.3104310"/>
 <node id="4798101206" visible="true" version="2" changeset="70879414" timestamp="2019-06-03T09:52:46Z" user="fereydoon555" uid="9543799" lat="27.1885663" lon="56.3104057"/>
 <node id="4798101207" visible="true" version="2" changeset="70879414" timestamp="2019-06-03T09:52:46Z" user="fereydoon555" uid="9543799" lat="27.1885545" lon="56.3103880"/>
 <node id="4826655449" visible="true" version="2" changeset="144322324" timestamp="2023-11-22T11:31:40Z" user="Saeed SJ" uid="9998669" lat="27.1814235" lon="56.2934891"/>
 <node id="4826655450" visible="true" version="2" changeset="144322324" timestamp="2023-11-22T11:31:40Z" user="Saeed SJ" uid="9998669" lat="27.1814502" lon="56.2936902"/>
 <node id="4826655451" visible="true" version="2" changeset="144322324" timestamp="2023-11-22T11:31:40Z" user="Saeed SJ" uid="9998669" lat="27.1814578" lon="56.2937848"/>
 <node id="4857457102" visible="true" version="1" changeset="48726471" timestamp="2017-05-16T10:05:14Z" user="lvlahdi" uid="223057" lat="27.1882642" lon="56.3070850"/>
 <node id="4857764148" visible="true" version="1" changeset="48731588" timestamp="2017-05-16T13:17:09Z" user="lvlahdi" uid="223057" lat="27.1885007" lon="56.3075189"/>
 <node id="4896071930" visible="true" version="3" changeset="81925434" timestamp="2020-03-08T15:01:46Z" user="Osm1980" uid="3743902" lat="27.1886286" lon="56.3175163">
  <tag k="amenity" v="bank"/>
  <tag k="branch" v="شیلات"/>
  <tag k="brand" v="بانک کشاورزی"/>
  <tag k="brand:en" v="Bank Keshavarzi Iran"/>
  <tag k="brand:wikidata" v="Q6395007"/>
  <tag k="brand:wikipedia" v="en:Bank Keshavarzi Iran"/>
  <tag k="name" v="بانک کشاورزی"/>
  <tag k="name:en" v="Bank Keshavarzi Iran"/>
 </node>
 <node id="4896071931" visible="true" version="3" changeset="67499002" timestamp="2019-02-23T17:25:06Z" user="geoaria" uid="1858958" lat="27.1886642" lon="56.3174009">
  <tag k="amenity" v="atm"/>
  <tag k="opening_hours" v="24/7"/>
  <tag k="operator" v="خودپرداز بانک کشاورزی"/>
 </node>
 <node id="4896119326" visible="true" version="3" changeset="134725189" timestamp="2023-04-10T11:30:36Z" user="F777" uid="13691644" lat="27.1885562" lon="56.3102623">
  <tag k="amenity" v="bank"/>
  <tag k="brand" v="بانک ملی"/>
  <tag k="brand:en" v="Bank Melli Iran"/>
  <tag k="brand:wikidata" v="Q806640"/>
  <tag k="name" v="بانک ملی"/>
  <tag k="name:en" v="Bank Melli Iran"/>
 </node>
 <node id="4896119327" visible="true" version="3" changeset="67499002" timestamp="2019-02-23T17:25:07Z" user="geoaria" uid="1858958" lat="27.1885349" lon="56.3103164">
  <tag k="amenity" v="atm"/>
  <tag k="opening_hours" v="24/7"/>
  <tag k="operator" v="خودپرداز بانک ملی"/>
 </node>
 <node id="4937650068" visible="true" version="1" changeset="49848366" timestamp="2017-06-26T22:17:00Z" user="roses7" uid="5725248" lat="27.1822918" lon="56.3087988"/>
 <node id="4939720100" visible="true" version="1" changeset="49879620" timestamp="2017-06-28T06:40:38Z" user="ezzatalla" uid="1865465" lat="27.1895405" lon="56.3176755"/>
 <node id="5029054887" visible="true" version="2" changeset="79346013" timestamp="2020-01-08T15:46:49Z" user="Afnui12" uid="10074686" lat="27.1837312" lon="56.3137347"/>
 <node id="5029054889" visible="true" version="3" changeset="135602877" timestamp="2023-05-02T07:24:03Z" user="s@jj@d" uid="14377768" lat="27.1839980" lon="56.3137762"/>
 <node id="5029054890" visible="true" version="3" changeset="144164000" timestamp="2023-11-18T07:30:02Z" user="Saeed SJ" uid="9998669" lat="27.1841882" lon="56.3138658"/>
 <node id="5029054891" visible="true" version="2" changeset="79346013" timestamp="2020-01-08T15:46:49Z" user="Afnui12" uid="10074686" lat="27.1842454" lon="56.3138989"/>
 <node id="5029054893" visible="true" version="2" changeset="79346013" timestamp="2020-01-08T15:46:49Z" user="Afnui12" uid="10074686" lat="27.1844720" lon="56.3141151"/>
 <node id="5029054896" visible="true" version="2" changeset="135602877" timestamp="2023-05-02T07:24:03Z" user="s@jj@d" uid="14377768" lat="27.1838416" lon="56.3135242"/>
 <node id="5029054898" visible="true" version="2" changeset="135602877" timestamp="2023-05-02T07:24:03Z" user="s@jj@d" uid="14377768" lat="27.1838348" lon="56.3134168"/>
 <node id="5029054899" visible="true" version="2" changeset="135602877" timestamp="2023-05-02T07:24:03Z" user="s@jj@d" uid="14377768" lat="27.1835793" lon="56.3134482"/>
 <node id="5029054902" visible="true" version="3" changeset="135602877" timestamp="2023-05-02T07:24:03Z" user="s@jj@d" uid="14377768" lat="27.1835848" lon="56.3137094"/>
 <node id="5029054903" visible="true" version="2" changeset="79346013" timestamp="2020-01-08T15:46:49Z" user="Afnui12" uid="10074686" lat="27.1833423" lon="56.3137126"/>
 <node id="5029054904" visible="true" version="1" changeset="51038594" timestamp="2017-08-11T16:00:50Z" user="dar44" uid="6127520" lat="27.1828830" lon="56.3137332"/>
 <node id="5029054905" visible="true" version="2" changeset="144164000" timestamp="2023-11-18T07:30:02Z" user="Saeed SJ" uid="9998669" lat="27.1842797" lon="56.3129454"/>
 <node id="5029054907" visible="true" version="2" changeset="135602877" timestamp="2023-05-02T07:24:03Z" user="s@jj@d" uid="14377768" lat="27.1841784" lon="56.3133128"/>
 <node id="5029054908" visible="true" version="2" changeset="135602877" timestamp="2023-05-02T07:24:03Z" user="s@jj@d" uid="14377768" lat="27.1841707" lon="56.3134926"/>
 <node id="5029054909" visible="true" version="2" changeset="135602877" timestamp="2023-05-02T07:24:03Z" user="s@jj@d" uid="14377768" lat="27.1843911" lon="56.3134825"/>
 <node id="5029054910" visible="true" version="1" changeset="51038594" timestamp="2017-08-11T16:00:50Z" user="dar44" uid="6127520" lat="27.1847749" lon="56.3135017"/>
 <node id="5029054911" visible="true" version="4" changeset="144087663" timestamp="2023-11-16T10:10:36Z" user="Saeed SJ" uid="9998669" lat="27.1843011" lon="56.3117836"/>
 <node id="5029054915" visible="true" version="1" changeset="51038594" timestamp="2017-08-11T16:00:50Z" user="dar44" uid="6127520" lat="27.1850410" lon="56.3116474"/>
 <node id="5029054916" visible="true" version="1" changeset="51038594" timestamp="2017-08-11T16:00:50Z" user="dar44" uid="6127520" lat="27.1848570" lon="56.3099298"/>
 <node id="5029054917" visible="true" version="2" changeset="135603222" timestamp="2023-05-02T07:32:47Z" user="s@jj@d" uid="14377768" lat="27.1845626" lon="56.3100068"/>
 <node id="5029054918" visible="true" version="2" changeset="144087235" timestamp="2023-11-16T09:59:55Z" user="Saeed SJ" uid="9998669" lat="27.1844246" lon="56.3100505"/>
 <node id="5029054919" visible="true" version="3" changeset="144087235" timestamp="2023-11-16T09:59:55Z" user="Saeed SJ" uid="9998669" lat="27.1840159" lon="56.3101197"/>
 <node id="5029054920" visible="true" version="1" changeset="51038594" timestamp="2017-08-11T16:00:50Z" user="dar44" uid="6127520" lat="27.1841678" lon="56.3108273"/>
 <node id="5029055821" visible="true" version="1" changeset="51038594" timestamp="2017-08-11T16:00:50Z" user="dar44" uid="6127520" lat="27.1824364" lon="56.3097103"/>
 <node id="5029055827" visible="true" version="1" changeset="51038594" timestamp="2017-08-11T16:00:50Z" user="dar44" uid="6127520" lat="27.1848039" lon="56.3092311"/>
 <node id="5070708815" visible="true" version="1" changeset="51600294" timestamp="2017-08-31T05:16:08Z" user="lvlahdi" uid="223057" lat="27.1861312" lon="56.3087645"/>
 <node id="5070708817" visible="true" version="1" changeset="51600294" timestamp="2017-08-31T05:16:08Z" user="lvlahdi" uid="223057" lat="27.1861608" lon="56.3094239"/>
 <node id="5070708818" visible="true" version="1" changeset="51600294" timestamp="2017-08-31T05:16:09Z" user="lvlahdi" uid="223057" lat="27.1861527" lon="56.3094860"/>
 <node id="5070708819" visible="true" version="1" changeset="51600294" timestamp="2017-08-31T05:16:09Z" user="lvlahdi" uid="223057" lat="27.1861352" lon="56.3095588"/>
 <node id="5070708820" visible="true" version="2" changeset="144087040" timestamp="2023-11-16T09:54:44Z" user="Saeed SJ" uid="9998669" lat="27.1861195" lon="56.3096509"/>
 <node id="5070713921" visible="true" version="2" changeset="144087040" timestamp="2023-11-16T09:54:44Z" user="Saeed SJ" uid="9998669" lat="27.1861127" lon="56.3097198"/>
 <node id="5070713922" visible="true" version="1" changeset="51600294" timestamp="2017-08-31T05:16:09Z" user="lvlahdi" uid="223057" lat="27.1861069" lon="56.3098089"/>
 <node id="5070713923" visible="true" version="1" changeset="51600294" timestamp="2017-08-31T05:16:09Z" user="lvlahdi" uid="223057" lat="27.1860910" lon="56.3101961"/>
 <node id="5070713924" visible="true" version="1" changeset="51600294" timestamp="2017-08-31T05:16:09Z" user="lvlahdi" uid="223057" lat="27.1861132" lon="56.3106128"/>
 <node id="5145439051" visible="true" version="1" changeset="52601512" timestamp="2017-10-03T16:49:34Z" user="ezzatalla" uid="1865465" lat="27.1904053" lon="56.3141620"/>
 <node id="5145439058" visible="true" version="1" changeset="52601512" timestamp="2017-10-03T16:49:34Z" user="ezzatalla" uid="1865465" lat="27.1897419" lon="56.3123426"/>
 <node id="5164906360" visible="true" version="3" changeset="144322324" timestamp="2023-11-22T11:31:40Z" user="Saeed SJ" uid="9998669" lat="27.1815723" lon="56.2952215"/>
 <node id="5174892478" visible="true" version="1" changeset="53043182" timestamp="2017-10-18T15:22:49Z" user="ezzatalla" uid="1865465" lat="27.1832139" lon="56.3030011"/>
 <node id="5174892492" visible="true" version="1" changeset="53043182" timestamp="2017-10-18T15:22:49Z" user="ezzatalla" uid="1865465" lat="27.1835263" lon="56.3041231"/>
 <node id="5174919508" visible="true" version="1" changeset="53043657" timestamp="2017-10-18T15:41:59Z" user="ezzatalla" uid="1865465" lat="27.1857665" lon="56.3107431"/>
 <node id="5174919511" visible="true" version="2" changeset="135569845" timestamp="2023-05-01T11:35:57Z" user="s@jj@d" uid="14377768" lat="27.1858598" lon="56.3116603"/>
 <node id="5174919512" visible="true" version="1" changeset="53043657" timestamp="2017-10-18T15:41:59Z" user="ezzatalla" uid="1865465" lat="27.1859523" lon="56.3116530"/>
 <node id="5174919513" visible="true" version="2" changeset="144095536" timestamp="2023-11-16T12:56:16Z" user="Saeed SJ" uid="9998669" lat="27.1863684" lon="56.3116304"/>
 <node id="5174919514" visible="true" version="1" changeset="53043657" timestamp="2017-10-18T15:41:59Z" user="ezzatalla" uid="1865465" lat="27.1868063" lon="56.3138902"/>
 <node id="5174919515" visible="true" version="1" changeset="53043657" timestamp="2017-10-18T15:41:59Z" user="ezzatalla" uid="1865465" lat="27.1868326" lon="56.3137697"/>
 <node id="5174919517" visible="true" version="1" changeset="53043657" timestamp="2017-10-18T15:41:59Z" user="ezzatalla" uid="1865465" lat="27.1868423" lon="56.3130459"/>
 <node id="5174919518" visible="true" version="1" changeset="53043657" timestamp="2017-10-18T15:41:59Z" user="ezzatalla" uid="1865465" lat="27.1868534" lon="56.3128455"/>
 <node id="5174919519" visible="true" version="1" changeset="53043657" timestamp="2017-10-18T15:41:59Z" user="ezzatalla" uid="1865465" lat="27.1871509" lon="56.3128582"/>
 <node id="5174919520" visible="true" version="1" changeset="53043657" timestamp="2017-10-18T15:41:59Z" user="ezzatalla" uid="1865465" lat="27.1871414" lon="56.3121819"/>
 <node id="5174920521" visible="true" version="3" changeset="144095536" timestamp="2023-11-16T12:56:16Z" user="Saeed SJ" uid="9998669" lat="27.1868700" lon="56.3121591"/>
 <node id="5174920522" visible="true" version="1" changeset="53043657" timestamp="2017-10-18T15:41:59Z" user="ezzatalla" uid="1865465" lat="27.1886202" lon="56.3120870"/>
 <node id="5174920523" visible="true" version="2" changeset="144095536" timestamp="2023-11-16T12:56:16Z" user="Saeed SJ" uid="9998669" lat="27.1873212" lon="56.3121655"/>
 <node id="5174920524" visible="true" version="2" changeset="144095536" timestamp="2023-11-16T12:56:16Z" user="Saeed SJ" uid="9998669" lat="27.1877841" lon="56.3128445"/>
 <node id="5174920526" visible="true" version="3" changeset="144163732" timestamp="2023-11-18T07:14:12Z" user="Saeed SJ" uid="9998669" lat="27.1870624" lon="56.3145239"/>
 <node id="5174920527" visible="true" version="2" changeset="144163732" timestamp="2023-11-18T07:14:12Z" user="Saeed SJ" uid="9998669" lat="27.1871603" lon="56.3148176"/>
 <node id="5174920528" visible="true" version="2" changeset="144163732" timestamp="2023-11-18T07:14:12Z" user="Saeed SJ" uid="9998669" lat="27.1872175" lon="56.3150872"/>
 <node id="5174920529" visible="true" version="2" changeset="144163732" timestamp="2023-11-18T07:14:12Z" user="Saeed SJ" uid="9998669" lat="27.1872437" lon="56.3152857"/>
 <node id="5174920530" visible="true" version="2" changeset="144163732" timestamp="2023-11-18T07:14:12Z" user="Saeed SJ" uid="9998669" lat="27.1872593" lon="56.3155137"/>
 <node id="5174920531" visible="true" version="2" changeset="144163732" timestamp="2023-11-18T07:14:12Z" user="Saeed SJ" uid="9998669" lat="27.1872938" lon="56.3156505"/>
 <node id="5174920532" visible="true" version="2" changeset="135569845" timestamp="2023-05-01T11:35:57Z" user="s@jj@d" uid="14377768" lat="27.1868729" lon="56.3161545"/>
 <node id="5174920533" visible="true" version="1" changeset="53043657" timestamp="2017-10-18T15:41:59Z" user="ezzatalla" uid="1865465" lat="27.1865264" lon="56.3162556"/>
 <node id="5174920535" visible="true" version="1" changeset="53043657" timestamp="2017-10-18T15:41:59Z" user="ezzatalla" uid="1865465" lat="27.1862273" lon="56.3157920"/>
 <node id="5174920536" visible="true" version="2" changeset="144320798" timestamp="2023-11-22T10:46:35Z" user="Saeed SJ" uid="9998669" lat="27.1859278" lon="56.3154937"/>
 <node id="5174920537" visible="true" version="2" changeset="144320798" timestamp="2023-11-22T10:46:35Z" user="Saeed SJ" uid="9998669" lat="27.1857823" lon="56.3154225"/>
 <node id="5174920538" visible="true" version="1" changeset="53043657" timestamp="2017-10-18T15:41:59Z" user="ezzatalla" uid="1865465" lat="27.1856795" lon="56.3149285"/>
 <node id="5174920539" visible="true" version="1" changeset="53043657" timestamp="2017-10-18T15:41:59Z" user="ezzatalla" uid="1865465" lat="27.1856229" lon="56.3143799"/>
 <node id="5174920540" visible="true" version="1" changeset="53043657" timestamp="2017-10-18T15:41:59Z" user="ezzatalla" uid="1865465" lat="27.1857897" lon="56.3156292"/>
 <node id="5174920542" visible="true" version="1" changeset="53043657" timestamp="2017-10-18T15:42:00Z" user="ezzatalla" uid="1865465" lat="27.1855945" lon="56.3165529"/>
 <node id="5174920543" visible="true" version="2" changeset="134715979" timestamp="2023-04-10T08:10:53Z" user="F777" uid="13691644" lat="27.1840849" lon="56.3189967"/>
 <node id="5174920544" visible="true" version="2" changeset="134715979" timestamp="2023-04-10T08:10:53Z" user="F777" uid="13691644" lat="27.1837503" lon="56.3186297"/>
 <node id="5174920545" visible="true" version="2" changeset="134715979" timestamp="2023-04-10T08:10:53Z" user="F777" uid="13691644" lat="27.1837224" lon="56.3184767"/>
 <node id="5174920546" visible="true" version="2" changeset="134715979" timestamp="2023-04-10T08:10:53Z" user="F777" uid="13691644" lat="27.1844735" lon="56.3183797"/>
 <node id="5174920547" visible="true" version="2" changeset="134715979" timestamp="2023-04-10T08:10:53Z" user="F777" uid="13691644" lat="27.1844967" lon="56.3189581"/>
 <node id="5174920549" visible="true" version="1" changeset="53043657" timestamp="2017-10-18T15:42:00Z" user="ezzatalla" uid="1865465" lat="27.1885284" lon="56.3164502"/>
 <node id="5174920550" visible="true" version="1" changeset="53043657" timestamp="2017-10-18T15:42:00Z" user="ezzatalla" uid="1865465" lat="27.1881229" lon="56.3166434"/>
 <node id="5174920551" visible="true" version="1" changeset="53043657" timestamp="2017-10-18T15:42:00Z" user="ezzatalla" uid="1865465" lat="27.1879224" lon="56.3167936"/>
 <node id="5174920552" visible="true" version="1" changeset="53043657" timestamp="2017-10-18T15:42:00Z" user="ezzatalla" uid="1865465" lat="27.1877888" lon="56.3168472"/>
 <node id="5174920553" visible="true" version="1" changeset="53043657" timestamp="2017-10-18T15:42:00Z" user="ezzatalla" uid="1865465" lat="27.1873928" lon="56.3169062"/>
 <node id="5174920554" visible="true" version="1" changeset="53043657" timestamp="2017-10-18T15:42:00Z" user="ezzatalla" uid="1865465" lat="27.1870683" lon="56.3169169"/>
 <node id="5174920555" visible="true" version="1" changeset="53043657" timestamp="2017-10-18T15:42:00Z" user="ezzatalla" uid="1865465" lat="27.1868297" lon="56.3167506"/>
 <node id="5174920556" visible="true" version="1" changeset="53043657" timestamp="2017-10-18T15:42:00Z" user="ezzatalla" uid="1865465" lat="27.1866484" lon="56.3165200"/>
 <node id="5174920557" visible="true" version="1" changeset="53043657" timestamp="2017-10-18T15:42:00Z" user="ezzatalla" uid="1865465" lat="27.1854125" lon="56.3168794"/>
 <node id="5174920558" visible="true" version="1" changeset="53043657" timestamp="2017-10-18T15:42:00Z" user="ezzatalla" uid="1865465" lat="27.1855986" lon="56.3176089"/>
 <node id="5174920559" visible="true" version="1" changeset="53043657" timestamp="2017-10-18T15:42:00Z" user="ezzatalla" uid="1865465" lat="27.1856654" lon="56.3176787"/>
 <node id="5174920560" visible="true" version="1" changeset="53043657" timestamp="2017-10-18T15:42:00Z" user="ezzatalla" uid="1865465" lat="27.1861712" lon="56.3176089"/>
 <node id="5174920561" visible="true" version="1" changeset="53043657" timestamp="2017-10-18T15:42:00Z" user="ezzatalla" uid="1865465" lat="27.1862666" lon="56.3186014"/>
 <node id="5174920562" visible="true" version="1" changeset="53043657" timestamp="2017-10-18T15:42:00Z" user="ezzatalla" uid="1865465" lat="27.1863812" lon="56.3185799"/>
 <node id="5174920563" visible="true" version="1" changeset="53043657" timestamp="2017-10-18T15:42:00Z" user="ezzatalla" uid="1865465" lat="27.1863239" lon="56.3180542"/>
 <node id="5174920564" visible="true" version="1" changeset="53043657" timestamp="2017-10-18T15:42:00Z" user="ezzatalla" uid="1865465" lat="27.1872926" lon="56.3179523"/>
 <node id="5174920565" visible="true" version="1" changeset="53043657" timestamp="2017-10-18T15:42:00Z" user="ezzatalla" uid="1865465" lat="27.1872830" lon="56.3183010"/>
 <node id="5174920566" visible="true" version="1" changeset="53043657" timestamp="2017-10-18T15:42:00Z" user="ezzatalla" uid="1865465" lat="27.1883948" lon="56.3180113"/>
 <node id="5174920567" visible="true" version="1" changeset="53043657" timestamp="2017-10-18T15:42:00Z" user="ezzatalla" uid="1865465" lat="27.1885905" lon="56.3178503"/>
 <node id="5174920568" visible="true" version="1" changeset="53043657" timestamp="2017-10-18T15:42:00Z" user="ezzatalla" uid="1865465" lat="27.1885762" lon="56.3169920"/>
 <node id="5184174436" visible="true" version="2" changeset="144322324" timestamp="2023-11-22T11:31:40Z" user="Saeed SJ" uid="9998669" lat="27.1814424" lon="56.2935992"/>
 <node id="5184235473" visible="true" version="3" changeset="136492951" timestamp="2023-05-24T10:27:44Z" user="F777" uid="13691644" lat="27.1881204" lon="56.3051109"/>
 <node id="5185656105" visible="true" version="2" changeset="144176879" timestamp="2023-11-18T14:28:43Z" user="Saeed SJ" uid="9998669" lat="27.1892687" lon="56.3104838"/>
 <node id="5185656106" visible="true" version="2" changeset="144176879" timestamp="2023-11-18T14:28:43Z" user="Saeed SJ" uid="9998669" lat="27.1892376" lon="56.3103095"/>
 <node id="5185656113" visible="true" version="1" changeset="53201857" timestamp="2017-10-24T08:58:44Z" user="Shahinnia" uid="3844346" lat="27.1891047" lon="56.3119584"/>
 <node id="5185656114" visible="true" version="1" changeset="53201857" timestamp="2017-10-24T08:58:44Z" user="Shahinnia" uid="3844346" lat="27.1888477" lon="56.3119530"/>
 <node id="5201719388" visible="true" version="2" changeset="144322324" timestamp="2023-11-22T11:31:40Z" user="Saeed SJ" uid="9998669" lat="27.1815994" lon="56.2954495"/>
 <node id="5201719390" visible="true" version="2" changeset="144322324" timestamp="2023-11-22T11:31:40Z" user="Saeed SJ" uid="9998669" lat="27.1816294" lon="56.2956936"/>
 <node id="5201719392" visible="true" version="2" changeset="144322324" timestamp="2023-11-22T11:31:40Z" user="Saeed SJ" uid="9998669" lat="27.1816631" lon="56.2960182"/>
 <node id="5201719393" visible="true" version="2" changeset="144322324" timestamp="2023-11-22T11:31:40Z" user="Saeed SJ" uid="9998669" lat="27.1817334" lon="56.2965360"/>
 <node id="5202142916" visible="true" version="2" changeset="144322324" timestamp="2023-11-22T11:31:40Z" user="Saeed SJ" uid="9998669" lat="27.1819526" lon="56.2985258"/>
 <node id="5202151441" visible="true" version="3" changeset="144322324" timestamp="2023-11-22T11:31:40Z" user="Saeed SJ" uid="9998669" lat="27.1820177" lon="56.2991131"/>
 <node id="5202163348" visible="true" version="2" changeset="144322324" timestamp="2023-11-22T11:31:40Z" user="Saeed SJ" uid="9998669" lat="27.1819040" lon="56.2980332"/>
 <node id="5202175963" visible="true" version="3" changeset="144322324" timestamp="2023-11-22T11:31:40Z" user="Saeed SJ" uid="9998669" lat="27.1819854" lon="56.2988118"/>
 <node id="5202175993" visible="true" version="2" changeset="144322324" timestamp="2023-11-22T11:31:40Z" user="Saeed SJ" uid="9998669" lat="27.1824001" lon="56.3009417"/>
 <node id="5202176009" visible="true" version="2" changeset="144322324" timestamp="2023-11-22T11:31:40Z" user="Saeed SJ" uid="9998669" lat="27.1825340" lon="56.3013088"/>
 <node id="5202188131" visible="true" version="2" changeset="144322324" timestamp="2023-11-22T11:31:40Z" user="Saeed SJ" uid="9998669" lat="27.1824446" lon="56.3010726"/>
 <node id="5202242190" visible="true" version="1" changeset="53396093" timestamp="2017-10-31T13:38:01Z" user="Shahinnia" uid="3844346" lat="27.1837837" lon="56.3050519"/>
 <node id="5202242198" visible="true" version="1" changeset="53396093" timestamp="2017-10-31T13:38:01Z" user="Shahinnia" uid="3844346" lat="27.1835830" lon="56.3043276"/>
 <node id="5202242200" visible="true" version="1" changeset="53396093" timestamp="2017-10-31T13:38:01Z" user="Shahinnia" uid="3844346" lat="27.1836436" lon="56.3045463"/>
 <node id="5202265283" visible="true" version="2" changeset="70878697" timestamp="2019-06-03T09:26:49Z" user="fereydoon555" uid="9543799" lat="27.1849295" lon="56.3097109"/>
 <node id="5202265288" visible="true" version="2" changeset="62915613" timestamp="2018-09-25T14:22:48Z" user="Mesut ozil" uid="8377537" lat="27.1860911" lon="56.3100400"/>
 <node id="5202265289" visible="true" version="1" changeset="53396436" timestamp="2017-10-31T13:51:07Z" user="Shahinnia" uid="3844346" lat="27.1854021" lon="56.3098883"/>
 <node id="5202265290" visible="true" version="2" changeset="144087040" timestamp="2023-11-16T09:54:44Z" user="Saeed SJ" uid="9998669" lat="27.1854854" lon="56.3106812"/>
 <node id="5202265291" visible="true" version="2" changeset="144087040" timestamp="2023-11-16T09:54:44Z" user="Saeed SJ" uid="9998669" lat="27.1854095" lon="56.3101882"/>
 <node id="5202265292" visible="true" version="1" changeset="53396436" timestamp="2017-10-31T13:51:07Z" user="Shahinnia" uid="3844346" lat="27.1849793" lon="56.3103290"/>
 <node id="5202265296" visible="true" version="1" changeset="53396436" timestamp="2017-10-31T13:51:07Z" user="Shahinnia" uid="3844346" lat="27.1871448" lon="56.3104961"/>
 <node id="5202265299" visible="true" version="1" changeset="53396436" timestamp="2017-10-31T13:51:07Z" user="Shahinnia" uid="3844346" lat="27.1870792" lon="56.3096510"/>
 <node id="5202265300" visible="true" version="1" changeset="53396436" timestamp="2017-10-31T13:51:07Z" user="Shahinnia" uid="3844346" lat="27.1870601" lon="56.3095571"/>
 <node id="5202265301" visible="true" version="1" changeset="53396436" timestamp="2017-10-31T13:51:07Z" user="Shahinnia" uid="3844346" lat="27.1870100" lon="56.3095035"/>
 <node id="5202265302" visible="true" version="1" changeset="53396436" timestamp="2017-10-31T13:51:07Z" user="Shahinnia" uid="3844346" lat="27.1869265" lon="56.3094766"/>
 <node id="5202265309" visible="true" version="3" changeset="144087040" timestamp="2023-11-16T09:54:44Z" user="Saeed SJ" uid="9998669" lat="27.1861295" lon="56.3095845"/>
 <node id="5202265310" visible="true" version="1" changeset="53396436" timestamp="2017-10-31T13:51:08Z" user="Shahinnia" uid="3844346" lat="27.1870857" lon="56.3097724"/>
 <node id="5202265313" visible="true" version="1" changeset="53396436" timestamp="2017-10-31T13:51:08Z" user="Shahinnia" uid="3844346" lat="27.1874491" lon="56.3096162"/>
 <node id="5202265314" visible="true" version="1" changeset="53396436" timestamp="2017-10-31T13:51:08Z" user="Shahinnia" uid="3844346" lat="27.1861589" lon="56.3093882"/>
 <node id="5202265316" visible="true" version="1" changeset="53396436" timestamp="2017-10-31T13:51:08Z" user="Shahinnia" uid="3844346" lat="27.1868094" lon="56.3094756"/>
 <node id="5202265319" visible="true" version="1" changeset="53396436" timestamp="2017-10-31T13:51:08Z" user="Shahinnia" uid="3844346" lat="27.1871059" lon="56.3101046"/>
 <node id="5202267525" visible="true" version="2" changeset="144087040" timestamp="2023-11-16T09:54:44Z" user="Saeed SJ" uid="9998669" lat="27.1866535" lon="56.3100902"/>
 <node id="5205862258" visible="true" version="1" changeset="53444821" timestamp="2017-11-02T08:43:02Z" user="Shahinnia" uid="3844346" lat="27.1888241" lon="56.3116972"/>
 <node id="5205862259" visible="true" version="1" changeset="53444821" timestamp="2017-11-02T08:43:02Z" user="Shahinnia" uid="3844346" lat="27.1890413" lon="56.3116892"/>
 <node id="5205862261" visible="true" version="1" changeset="53444821" timestamp="2017-11-02T08:43:02Z" user="Shahinnia" uid="3844346" lat="27.1893822" lon="56.3119619"/>
 <node id="5205862273" visible="true" version="2" changeset="144178473" timestamp="2023-11-18T15:12:23Z" user="Saeed SJ" uid="9998669" lat="27.1900653" lon="56.3121773"/>
 <node id="5205862274" visible="true" version="1" changeset="53444821" timestamp="2017-11-02T08:43:02Z" user="Shahinnia" uid="3844346" lat="27.1901654" lon="56.3121180"/>
 <node id="5205874925" visible="true" version="1" changeset="53444991" timestamp="2017-11-02T08:50:26Z" user="Shahinnia" uid="3844346" lat="27.1894419" lon="56.3124488"/>
 <node id="5205874931" visible="true" version="1" changeset="53444991" timestamp="2017-11-02T08:50:26Z" user="Shahinnia" uid="3844346" lat="27.1898525" lon="56.3122839"/>
 <node id="5205874932" visible="true" version="1" changeset="53444991" timestamp="2017-11-02T08:50:26Z" user="Shahinnia" uid="3844346" lat="27.1888667" lon="56.3122885"/>
 <node id="5205874933" visible="true" version="2" changeset="144178473" timestamp="2023-11-18T15:12:23Z" user="Saeed SJ" uid="9998669" lat="27.1889831" lon="56.3122673"/>
 <node id="5205874934" visible="true" version="2" changeset="144178473" timestamp="2023-11-18T15:12:23Z" user="Saeed SJ" uid="9998669" lat="27.1893684" lon="56.3121922"/>
 <node id="5205874935" visible="true" version="1" changeset="53444991" timestamp="2017-11-02T08:50:26Z" user="Shahinnia" uid="3844346" lat="27.1888466" lon="56.3129340"/>
 <node id="5205874938" visible="true" version="1" changeset="53444991" timestamp="2017-11-02T08:50:26Z" user="Shahinnia" uid="3844346" lat="27.1893914" lon="56.3144452"/>
 <node id="5205874941" visible="true" version="2" changeset="135531958" timestamp="2023-04-30T10:44:49Z" user="s@jj@d" uid="14377768" lat="27.1893406" lon="56.3138013"/>
 <node id="5205874942" visible="true" version="2" changeset="135531958" timestamp="2023-04-30T10:44:49Z" user="s@jj@d" uid="14377768" lat="27.1894337" lon="56.3134258"/>
 <node id="5205874944" visible="true" version="1" changeset="53444991" timestamp="2017-11-02T08:50:27Z" user="Shahinnia" uid="3844346" lat="27.1889633" lon="56.3145587"/>
 <node id="5205874945" visible="true" version="1" changeset="53444991" timestamp="2017-11-02T08:50:27Z" user="Shahinnia" uid="3844346" lat="27.1889829" lon="56.3138730"/>
 <node id="5205874946" visible="true" version="3" changeset="144178473" timestamp="2023-11-18T15:12:23Z" user="Saeed SJ" uid="9998669" lat="27.1889769" lon="56.3136423"/>
 <node id="5205874948" visible="true" version="1" changeset="53444991" timestamp="2017-11-02T08:50:27Z" user="Shahinnia" uid="3844346" lat="27.1888172" lon="56.3136317"/>
 <node id="5205874949" visible="true" version="1" changeset="53444991" timestamp="2017-11-02T08:50:27Z" user="Shahinnia" uid="3844346" lat="27.1893287" lon="56.3138921"/>
 <node id="5205891674" visible="true" version="1" changeset="53445150" timestamp="2017-11-02T08:57:00Z" user="Shahinnia" uid="3844346" lat="27.1901030" lon="56.3142518"/>
 <node id="5206482574" visible="true" version="1" changeset="53452031" timestamp="2017-11-02T13:40:06Z" user="Shahinnia" uid="3844346" lat="27.1811949" lon="56.3011601"/>
 <node id="5206482575" visible="true" version="1" changeset="53452031" timestamp="2017-11-02T13:40:06Z" user="Shahinnia" uid="3844346" lat="27.1811936" lon="56.3011504"/>
 <node id="5206588421" visible="true" version="1" changeset="53453498" timestamp="2017-11-02T14:31:46Z" user="Shahinnia" uid="3844346" lat="27.1833658" lon="56.3109316"/>
 <node id="5206588422" visible="true" version="2" changeset="135603222" timestamp="2023-05-02T07:32:47Z" user="s@jj@d" uid="14377768" lat="27.1833206" lon="56.3106454"/>
 <node id="5206588423" visible="true" version="2" changeset="135603222" timestamp="2023-05-02T07:32:47Z" user="s@jj@d" uid="14377768" lat="27.1832621" lon="56.3106400"/>
 <node id="5206588425" visible="true" version="2" changeset="135603222" timestamp="2023-05-02T07:32:47Z" user="s@jj@d" uid="14377768" lat="27.1832167" lon="56.3101948"/>
 <node id="5206588429" visible="true" version="2" changeset="144321020" timestamp="2023-11-22T10:52:28Z" user="Saeed SJ" uid="9998669" lat="27.1827695" lon="56.3108164"/>
 <node id="5206588430" visible="true" version="2" changeset="144087235" timestamp="2023-11-16T09:59:55Z" user="Saeed SJ" uid="9998669" lat="27.1827272" lon="56.3105630"/>
 <node id="5206588432" visible="true" version="2" changeset="144087235" timestamp="2023-11-16T09:59:55Z" user="Saeed SJ" uid="9998669" lat="27.1826282" lon="56.3096678"/>
 <node id="5206588433" visible="true" version="2" changeset="144087235" timestamp="2023-11-16T09:59:55Z" user="Saeed SJ" uid="9998669" lat="27.1826162" lon="56.3094150"/>
 <node id="5206588436" visible="true" version="2" changeset="144087235" timestamp="2023-11-16T09:59:55Z" user="Saeed SJ" uid="9998669" lat="27.1826181" lon="56.3092694"/>
 <node id="5206588445" visible="true" version="1" changeset="53453498" timestamp="2017-11-02T14:31:46Z" user="Shahinnia" uid="3844346" lat="27.1848294" lon="56.3095667"/>
 <node id="5206588454" visible="true" version="1" changeset="53453498" timestamp="2017-11-02T14:31:46Z" user="Shahinnia" uid="3844346" lat="27.1846065" lon="56.3104248"/>
 <node id="5206588455" visible="true" version="1" changeset="53453498" timestamp="2017-11-02T14:31:46Z" user="Shahinnia" uid="3844346" lat="27.1848900" lon="56.3103641"/>
 <node id="5206588456" visible="true" version="1" changeset="53453498" timestamp="2017-11-02T14:31:46Z" user="Shahinnia" uid="3844346" lat="27.1847575" lon="56.3103925"/>
 <node id="5206588457" visible="true" version="2" changeset="135603222" timestamp="2023-05-02T07:32:47Z" user="s@jj@d" uid="14377768" lat="27.1846486" lon="56.3099823"/>
 <node id="5206588458" visible="true" version="2" changeset="144087235" timestamp="2023-11-16T09:59:55Z" user="Saeed SJ" uid="9998669" lat="27.1840935" lon="56.3104854"/>
 <node id="5206588459" visible="true" version="2" changeset="135603222" timestamp="2023-05-02T07:32:47Z" user="s@jj@d" uid="14377768" lat="27.1838442" lon="56.3105053"/>
 <node id="5206588460" visible="true" version="2" changeset="135603222" timestamp="2023-05-02T07:32:47Z" user="s@jj@d" uid="14377768" lat="27.1837577" lon="56.3104919"/>
 <node id="5206588462" visible="true" version="1" changeset="53453498" timestamp="2017-11-02T14:31:46Z" user="Shahinnia" uid="3844346" lat="27.1832347" lon="56.3104838"/>
 <node id="5206588463" visible="true" version="3" changeset="144087235" timestamp="2023-11-16T09:59:55Z" user="Saeed SJ" uid="9998669" lat="27.1837707" lon="56.3102021"/>
 <node id="5206588470" visible="true" version="2" changeset="144087235" timestamp="2023-11-16T09:59:55Z" user="Saeed SJ" uid="9998669" lat="27.1827141" lon="56.3102839"/>
 <node id="5206588471" visible="true" version="3" changeset="137528298" timestamp="2023-06-19T16:58:25Z" user="kiaraSh-Q" uid="2693232" lat="27.1829462" lon="56.3111437"/>
 <node id="5206588472" visible="true" version="3" changeset="137528298" timestamp="2023-06-19T16:58:25Z" user="kiaraSh-Q" uid="2693232" lat="27.1829043" lon="56.3115778"/>
 <node id="5206588473" visible="true" version="2" changeset="137528298" timestamp="2023-06-19T16:58:25Z" user="kiaraSh-Q" uid="2693232" lat="27.1829138" lon="56.3116570"/>
 <node id="5206588474" visible="true" version="3" changeset="137528298" timestamp="2023-06-19T16:58:25Z" user="kiaraSh-Q" uid="2693232" lat="27.1829535" lon="56.3117545"/>
 <node id="5206588475" visible="true" version="3" changeset="137528298" timestamp="2023-06-19T16:58:25Z" user="kiaraSh-Q" uid="2693232" lat="27.1830076" lon="56.3121656"/>
 <node id="5206588476" visible="true" version="3" changeset="79354975" timestamp="2020-01-08T20:22:25Z" user="Afnui12" uid="10074686" lat="27.1829806" lon="56.3131414"/>
 <node id="5206588477" visible="true" version="2" changeset="71042874" timestamp="2019-06-08T04:28:48Z" user="fereydoon555" uid="9543799" lat="27.1830218" lon="56.3135050"/>
 <node id="5206588478" visible="true" version="2" changeset="71042874" timestamp="2019-06-08T04:28:48Z" user="fereydoon555" uid="9543799" lat="27.1830649" lon="56.3137158"/>
 <node id="5206588479" visible="true" version="2" changeset="71042874" timestamp="2019-06-08T04:28:48Z" user="fereydoon555" uid="9543799" lat="27.1831302" lon="56.3140321"/>
 <node id="5206605755" visible="true" version="2" changeset="71042874" timestamp="2019-06-08T04:28:48Z" user="fereydoon555" uid="9543799" lat="27.1832439" lon="56.3156436"/>
 <node id="5206605756" visible="true" version="2" changeset="71042874" timestamp="2019-06-08T04:28:48Z" user="fereydoon555" uid="9543799" lat="27.1832711" lon="56.3159595"/>
 <node id="5206605757" visible="true" version="2" changeset="144164000" timestamp="2023-11-18T07:30:02Z" user="Saeed SJ" uid="9998669" lat="27.1833594" lon="56.3161874"/>
 <node id="5206605758" visible="true" version="1" changeset="53453680" timestamp="2017-11-02T14:38:45Z" user="Shahinnia" uid="3844346" lat="27.1833940" lon="56.3165134"/>
 <node id="5206605759" visible="true" version="1" changeset="53453680" timestamp="2017-11-02T14:38:45Z" user="Shahinnia" uid="3844346" lat="27.1830391" lon="56.3165551"/>
 <node id="5206605760" visible="true" version="1" changeset="53453680" timestamp="2017-11-02T14:38:45Z" user="Shahinnia" uid="3844346" lat="27.1836600" lon="56.3164949"/>
 <node id="5206605761" visible="true" version="1" changeset="53453680" timestamp="2017-11-02T14:38:45Z" user="Shahinnia" uid="3844346" lat="27.1840018" lon="56.3165396"/>
 <node id="5206605763" visible="true" version="2" changeset="79346171" timestamp="2020-01-08T15:51:29Z" user="Afnui12" uid="10074686" lat="27.1844609" lon="56.3165590"/>
 <node id="5206605764" visible="true" version="2" changeset="79346171" timestamp="2020-01-08T15:51:29Z" user="Afnui12" uid="10074686" lat="27.1845728" lon="56.3165452"/>
 <node id="5206605765" visible="true" version="2" changeset="79346171" timestamp="2020-01-08T15:51:29Z" user="Afnui12" uid="10074686" lat="27.1846543" lon="56.3164606"/>
 <node id="5206605766" visible="true" version="1" changeset="53453680" timestamp="2017-11-02T14:38:45Z" user="Shahinnia" uid="3844346" lat="27.1847669" lon="56.3164499"/>
 <node id="5206605767" visible="true" version="2" changeset="135570135" timestamp="2023-05-01T11:45:24Z" user="s@jj@d" uid="14377768" lat="27.1842965" lon="56.3159662"/>
 <node id="5206605768" visible="true" version="2" changeset="79346171" timestamp="2020-01-08T15:51:29Z" user="Afnui12" uid="10074686" lat="27.1832976" lon="56.3160825"/>
 <node id="5206605769" visible="true" version="1" changeset="53453680" timestamp="2017-11-02T14:38:45Z" user="Shahinnia" uid="3844346" lat="27.1840175" lon="56.3159858"/>
 <node id="5206605770" visible="true" version="3" changeset="144164000" timestamp="2023-11-18T07:30:02Z" user="Saeed SJ" uid="9998669" lat="27.1840246" lon="56.3161981"/>
 <node id="5206605772" visible="true" version="2" changeset="79346171" timestamp="2020-01-08T15:51:29Z" user="Afnui12" uid="10074686" lat="27.1843693" lon="56.3165617"/>
 <node id="5206605773" visible="true" version="1" changeset="53453680" timestamp="2017-11-02T14:38:45Z" user="Shahinnia" uid="3844346" lat="27.1843653" lon="56.3162721"/>
 <node id="5206605774" visible="true" version="2" changeset="135570039" timestamp="2023-05-01T11:42:19Z" user="s@jj@d" uid="14377768" lat="27.1846564" lon="56.3162958"/>
 <node id="5206605775" visible="true" version="1" changeset="53453680" timestamp="2017-11-02T14:38:45Z" user="Shahinnia" uid="3844346" lat="27.1835146" lon="56.3102346"/>
 <node id="5206605776" visible="true" version="2" changeset="135603222" timestamp="2023-05-02T07:32:47Z" user="s@jj@d" uid="14377768" lat="27.1832236" lon="56.3102975"/>
 <node id="5206605777" visible="true" version="2" changeset="135602877" timestamp="2023-05-02T07:24:03Z" user="s@jj@d" uid="14377768" lat="27.1837342" lon="56.3119768"/>
 <node id="5206605778" visible="true" version="1" changeset="53453680" timestamp="2017-11-02T14:38:45Z" user="Shahinnia" uid="3844346" lat="27.1835457" lon="56.3119895"/>
 <node id="5206605779" visible="true" version="1" changeset="53453680" timestamp="2017-11-02T14:38:46Z" user="Shahinnia" uid="3844346" lat="27.1834980" lon="56.3118930"/>
 <node id="5206605780" visible="true" version="1" changeset="53453680" timestamp="2017-11-02T14:38:46Z" user="Shahinnia" uid="3844346" lat="27.1834885" lon="56.3116677"/>
 <node id="5206605781" visible="true" version="1" changeset="53453680" timestamp="2017-11-02T14:38:46Z" user="Shahinnia" uid="3844346" lat="27.1834455" lon="56.3114477"/>
 <node id="5206605782" visible="true" version="1" changeset="53453680" timestamp="2017-11-02T14:38:46Z" user="Shahinnia" uid="3844346" lat="27.1834690" lon="56.3109889"/>
 <node id="5206605783" visible="true" version="2" changeset="144087663" timestamp="2023-11-16T10:10:36Z" user="Saeed SJ" uid="9998669" lat="27.1832138" lon="56.3117862"/>
 <node id="5206605784" visible="true" version="3" changeset="137528298" timestamp="2023-06-19T16:58:25Z" user="kiaraSh-Q" uid="2693232" lat="27.1830045" lon="56.3118822"/>
 <node id="5206605785" visible="true" version="2" changeset="144087663" timestamp="2023-11-16T10:10:36Z" user="Saeed SJ" uid="9998669" lat="27.1831864" lon="56.3116011"/>
 <node id="5206605786" visible="true" version="3" changeset="137528298" timestamp="2023-06-19T16:58:25Z" user="kiaraSh-Q" uid="2693232" lat="27.1829217" lon="56.3116963"/>
 <node id="5206605787" visible="true" version="1" changeset="53453680" timestamp="2017-11-02T14:38:46Z" user="Shahinnia" uid="3844346" lat="27.1832525" lon="56.3114585"/>
 <node id="5206605788" visible="true" version="1" changeset="53453680" timestamp="2017-11-02T14:38:46Z" user="Shahinnia" uid="3844346" lat="27.1831666" lon="56.3114264"/>
 <node id="5206605789" visible="true" version="1" changeset="53453680" timestamp="2017-11-02T14:38:46Z" user="Shahinnia" uid="3844346" lat="27.1831236" lon="56.3113834"/>
 <node id="5206605790" visible="true" version="1" changeset="53453680" timestamp="2017-11-02T14:38:46Z" user="Shahinnia" uid="3844346" lat="27.1834600" lon="56.3111637"/>
 <node id="5206605791" visible="true" version="2" changeset="144087663" timestamp="2023-11-16T10:10:36Z" user="Saeed SJ" uid="9998669" lat="27.1832644" lon="56.3111622"/>
 <node id="5206605792" visible="true" version="2" changeset="135602877" timestamp="2023-05-02T07:24:03Z" user="s@jj@d" uid="14377768" lat="27.1838178" lon="56.3112597"/>
 <node id="5206605793" visible="true" version="2" changeset="135602877" timestamp="2023-05-02T07:24:03Z" user="s@jj@d" uid="14377768" lat="27.1838798" lon="56.3113241"/>
 <node id="5206605794" visible="true" version="2" changeset="135602877" timestamp="2023-05-02T07:24:03Z" user="s@jj@d" uid="14377768" lat="27.1841315" lon="56.3113349"/>
 <node id="5206605795" visible="true" version="2" changeset="135602877" timestamp="2023-05-02T07:24:03Z" user="s@jj@d" uid="14377768" lat="27.1840904" lon="56.3118136"/>
 <node id="5206605798" visible="true" version="1" changeset="53453680" timestamp="2017-11-02T14:38:46Z" user="Shahinnia" uid="3844346" lat="27.1840770" lon="56.3109256"/>
 <node id="5206605800" visible="true" version="1" changeset="53453680" timestamp="2017-11-02T14:38:46Z" user="Shahinnia" uid="3844346" lat="27.1839203" lon="56.3116004"/>
 <node id="5206605801" visible="true" version="2" changeset="144087663" timestamp="2023-11-16T10:10:36Z" user="Saeed SJ" uid="9998669" lat="27.1838225" lon="56.3116152"/>
 <node id="5206605802" visible="true" version="2" changeset="135602877" timestamp="2023-05-02T07:24:03Z" user="s@jj@d" uid="14377768" lat="27.1837181" lon="56.3116312"/>
 <node id="5206605806" visible="true" version="1" changeset="53453680" timestamp="2017-11-02T14:38:46Z" user="Shahinnia" uid="3844346" lat="27.1844918" lon="56.3108806"/>
 <node id="5206605807" visible="true" version="2" changeset="135602877" timestamp="2023-05-02T07:24:03Z" user="s@jj@d" uid="14377768" lat="27.1840461" lon="56.3115421"/>
 <node id="5206605808" visible="true" version="2" changeset="135602877" timestamp="2023-05-02T07:24:03Z" user="s@jj@d" uid="14377768" lat="27.1843825" lon="56.3114496"/>
 <node id="5206605809" visible="true" version="3" changeset="144087663" timestamp="2023-11-16T10:10:36Z" user="Saeed SJ" uid="9998669" lat="27.1845358" lon="56.3114225"/>
 <node id="5206605810" visible="true" version="3" changeset="144164000" timestamp="2023-11-18T07:30:02Z" user="Saeed SJ" uid="9998669" lat="27.1844276" lon="56.3123212"/>
 <node id="5206605812" visible="true" version="2" changeset="135602877" timestamp="2023-05-02T07:24:03Z" user="s@jj@d" uid="14377768" lat="27.1838323" lon="56.3118441"/>
 <node id="5206605813" visible="true" version="3" changeset="137528298" timestamp="2023-06-19T16:58:25Z" user="kiaraSh-Q" uid="2693232" lat="27.1838603" lon="56.3123746"/>
 <node id="5206661278" visible="true" version="3" changeset="79354956" timestamp="2020-01-08T20:22:05Z" user="Afnui12" uid="10074686" lat="27.1837621" lon="56.3143496"/>
 <node id="5206661279" visible="true" version="2" changeset="79346013" timestamp="2020-01-08T15:46:49Z" user="Afnui12" uid="10074686" lat="27.1839810" lon="56.3143627"/>
 <node id="5206661281" visible="true" version="3" changeset="144164000" timestamp="2023-11-18T07:30:02Z" user="Saeed SJ" uid="9998669" lat="27.1839088" lon="56.3135173"/>
 <node id="5206661283" visible="true" version="2" changeset="144164000" timestamp="2023-11-18T07:30:02Z" user="Saeed SJ" uid="9998669" lat="27.1839784" lon="56.3127914"/>
 <node id="5206661284" visible="true" version="3" changeset="144164000" timestamp="2023-11-18T07:30:02Z" user="Saeed SJ" uid="9998669" lat="27.1840261" lon="56.3123586"/>
 <node id="5206661285" visible="true" version="2" changeset="144164000" timestamp="2023-11-18T07:30:02Z" user="Saeed SJ" uid="9998669" lat="27.1839784" lon="56.3126049"/>
 <node id="5206661286" visible="true" version="2" changeset="144164000" timestamp="2023-11-18T07:30:02Z" user="Saeed SJ" uid="9998669" lat="27.1843938" lon="56.3126265"/>
 <node id="5206661287" visible="true" version="2" changeset="135602877" timestamp="2023-05-02T07:24:03Z" user="s@jj@d" uid="14377768" lat="27.1843757" lon="56.3123245"/>
 <node id="5206664894" visible="true" version="3" changeset="144087663" timestamp="2023-11-16T10:10:36Z" user="Saeed SJ" uid="9998669" lat="27.1840918" lon="56.3123511"/>
 <node id="5206664895" visible="true" version="3" changeset="144087663" timestamp="2023-11-16T10:10:36Z" user="Saeed SJ" uid="9998669" lat="27.1840272" lon="56.3118170"/>
 <node id="5206664896" visible="true" version="3" changeset="144087663" timestamp="2023-11-16T10:10:36Z" user="Saeed SJ" uid="9998669" lat="27.1840597" lon="56.3120410"/>
 <node id="5206664897" visible="true" version="1" changeset="53454729" timestamp="2017-11-02T15:19:54Z" user="Shahinnia" uid="3844346" lat="27.1838467" lon="56.3120863"/>
 <node id="5206664898" visible="true" version="1" changeset="53454729" timestamp="2017-11-02T15:19:54Z" user="Shahinnia" uid="3844346" lat="27.1843678" lon="56.3120888"/>
 <node id="5206664899" visible="true" version="2" changeset="144087663" timestamp="2023-11-16T10:10:36Z" user="Saeed SJ" uid="9998669" lat="27.1842388" lon="56.3121114"/>
 <node id="5206664900" visible="true" version="1" changeset="53454729" timestamp="2017-11-02T15:19:54Z" user="Shahinnia" uid="3844346" lat="27.1843554" lon="56.3120375"/>
 <node id="5206664901" visible="true" version="2" changeset="135602877" timestamp="2023-05-02T07:24:03Z" user="s@jj@d" uid="14377768" lat="27.1845625" lon="56.3120100"/>
 <node id="5206664902" visible="true" version="3" changeset="144164000" timestamp="2023-11-18T07:30:02Z" user="Saeed SJ" uid="9998669" lat="27.1844821" lon="56.3127171"/>
 <node id="5206664903" visible="true" version="2" changeset="135602877" timestamp="2023-05-02T07:24:03Z" user="s@jj@d" uid="14377768" lat="27.1846443" lon="56.3127305"/>
 <node id="5206664904" visible="true" version="1" changeset="53454729" timestamp="2017-11-02T15:19:54Z" user="Shahinnia" uid="3844346" lat="27.1847207" lon="56.3128244"/>
 <node id="5206664905" visible="true" version="2" changeset="144164000" timestamp="2023-11-18T07:30:02Z" user="Saeed SJ" uid="9998669" lat="27.1849885" lon="56.3129142"/>
 <node id="5206664906" visible="true" version="1" changeset="53454729" timestamp="2017-11-02T15:19:54Z" user="Shahinnia" uid="3844346" lat="27.1846755" lon="56.3127989"/>
 <node id="5206664907" visible="true" version="2" changeset="144164000" timestamp="2023-11-18T07:30:02Z" user="Saeed SJ" uid="9998669" lat="27.1846323" lon="56.3130782"/>
 <node id="5206664908" visible="true" version="2" changeset="144320798" timestamp="2023-11-22T10:46:35Z" user="Saeed SJ" uid="9998669" lat="27.1847515" lon="56.3125499"/>
 <node id="5206664909" visible="true" version="1" changeset="53454729" timestamp="2017-11-02T15:19:54Z" user="Shahinnia" uid="3844346" lat="27.1850693" lon="56.3126305"/>
 <node id="5206664911" visible="true" version="2" changeset="144163732" timestamp="2023-11-18T07:14:12Z" user="Saeed SJ" uid="9998669" lat="27.1854748" lon="56.3139188"/>
 <node id="5206664912" visible="true" version="1" changeset="53454729" timestamp="2017-11-02T15:19:54Z" user="Shahinnia" uid="3844346" lat="27.1853566" lon="56.3136090"/>
 <node id="5206664913" visible="true" version="2" changeset="144164000" timestamp="2023-11-18T07:30:02Z" user="Saeed SJ" uid="9998669" lat="27.1853196" lon="56.3133129"/>
 <node id="5206664914" visible="true" version="2" changeset="144164000" timestamp="2023-11-18T07:30:02Z" user="Saeed SJ" uid="9998669" lat="27.1852910" lon="56.3130299"/>
 <node id="5206664915" visible="true" version="2" changeset="135602187" timestamp="2023-05-02T07:01:08Z" user="s@jj@d" uid="14377768" lat="27.1853681" lon="56.3139659"/>
 <node id="5206664916" visible="true" version="2" changeset="135602187" timestamp="2023-05-02T07:01:08Z" user="s@jj@d" uid="14377768" lat="27.1851487" lon="56.3140262"/>
 <node id="5206664917" visible="true" version="1" changeset="53454729" timestamp="2017-11-02T15:19:54Z" user="Shahinnia" uid="3844346" lat="27.1850962" lon="56.3139270"/>
 <node id="5206664918" visible="true" version="1" changeset="53454729" timestamp="2017-11-02T15:19:54Z" user="Shahinnia" uid="3844346" lat="27.1851057" lon="56.3137285"/>
 <node id="5206664919" visible="true" version="2" changeset="144164000" timestamp="2023-11-18T07:30:02Z" user="Saeed SJ" uid="9998669" lat="27.1850950" lon="56.3135300"/>
 <node id="5206664920" visible="true" version="1" changeset="53454729" timestamp="2017-11-02T15:19:54Z" user="Shahinnia" uid="3844346" lat="27.1850055" lon="56.3134549"/>
 <node id="5206665221" visible="true" version="1" changeset="53454729" timestamp="2017-11-02T15:19:54Z" user="Shahinnia" uid="3844346" lat="27.1848010" lon="56.3134372"/>
 <node id="5206665222" visible="true" version="1" changeset="53454729" timestamp="2017-11-02T15:19:54Z" user="Shahinnia" uid="3844346" lat="27.1851024" lon="56.3137968"/>
 <node id="5206665223" visible="true" version="1" changeset="53454729" timestamp="2017-11-02T15:19:54Z" user="Shahinnia" uid="3844346" lat="27.1854323" lon="56.3138049"/>
 <node id="5206665224" visible="true" version="1" changeset="53454729" timestamp="2017-11-02T15:19:54Z" user="Shahinnia" uid="3844346" lat="27.1853354" lon="56.3135084"/>
 <node id="5206665225" visible="true" version="2" changeset="135602187" timestamp="2023-05-02T07:01:08Z" user="s@jj@d" uid="14377768" lat="27.1850911" lon="56.3139710"/>
 <node id="5206665226" visible="true" version="1" changeset="53454729" timestamp="2017-11-02T15:19:54Z" user="Shahinnia" uid="3844346" lat="27.1849565" lon="56.3139505"/>
 <node id="5206665227" visible="true" version="2" changeset="135602187" timestamp="2023-05-02T07:01:08Z" user="s@jj@d" uid="14377768" lat="27.1848658" lon="56.3139244"/>
 <node id="5206665228" visible="true" version="2" changeset="135602187" timestamp="2023-05-02T07:01:08Z" user="s@jj@d" uid="14377768" lat="27.1849428" lon="56.3136025"/>
 <node id="5206665230" visible="true" version="2" changeset="144164000" timestamp="2023-11-18T07:30:02Z" user="Saeed SJ" uid="9998669" lat="27.1845415" lon="56.3130786"/>
 <node id="5206665231" visible="true" version="2" changeset="144164000" timestamp="2023-11-18T07:30:02Z" user="Saeed SJ" uid="9998669" lat="27.1845184" lon="56.3134653"/>
 <node id="5206665232" visible="true" version="2" changeset="144164000" timestamp="2023-11-18T07:30:02Z" user="Saeed SJ" uid="9998669" lat="27.1845340" lon="56.3131822"/>
 <node id="5206665233" visible="true" version="2" changeset="135602877" timestamp="2023-05-02T07:24:03Z" user="s@jj@d" uid="14377768" lat="27.1842221" lon="56.3131635"/>
 <node id="5206665234" visible="true" version="2" changeset="135602877" timestamp="2023-05-02T07:24:03Z" user="s@jj@d" uid="14377768" lat="27.1845074" lon="56.3136450"/>
 <node id="5206665235" visible="true" version="1" changeset="53454729" timestamp="2017-11-02T15:19:54Z" user="Shahinnia" uid="3844346" lat="27.1847142" lon="56.3136735"/>
 <node id="5206665236" visible="true" version="1" changeset="53454729" timestamp="2017-11-02T15:19:54Z" user="Shahinnia" uid="3844346" lat="27.1848548" lon="56.3139618"/>
 <node id="5206665237" visible="true" version="1" changeset="53454729" timestamp="2017-11-02T15:19:54Z" user="Shahinnia" uid="3844346" lat="27.1848071" lon="56.3141228"/>
 <node id="5206665238" visible="true" version="2" changeset="135602187" timestamp="2023-05-02T07:01:08Z" user="s@jj@d" uid="14377768" lat="27.1848381" lon="56.3142629"/>
 <node id="5206665239" visible="true" version="2" changeset="144164000" timestamp="2023-11-18T07:30:02Z" user="Saeed SJ" uid="9998669" lat="27.1844846" lon="56.3143126"/>
 <node id="5206665240" visible="true" version="1" changeset="53454729" timestamp="2017-11-02T15:19:55Z" user="Shahinnia" uid="3844346" lat="27.1845120" lon="56.3141711"/>
 <node id="5206665241" visible="true" version="1" changeset="53454729" timestamp="2017-11-02T15:19:55Z" user="Shahinnia" uid="3844346" lat="27.1848343" lon="56.3150719"/>
 <node id="5206665242" visible="true" version="1" changeset="53454729" timestamp="2017-11-02T15:19:55Z" user="Shahinnia" uid="3844346" lat="27.1848630" lon="56.3148949"/>
 <node id="5206665243" visible="true" version="2" changeset="144164000" timestamp="2023-11-18T07:30:02Z" user="Saeed SJ" uid="9998669" lat="27.1848761" lon="56.3146736"/>
 <node id="5206665244" visible="true" version="1" changeset="53454729" timestamp="2017-11-02T15:19:55Z" user="Shahinnia" uid="3844346" lat="27.1848486" lon="56.3144818"/>
 <node id="5206665245" visible="true" version="2" changeset="144164000" timestamp="2023-11-18T07:30:02Z" user="Saeed SJ" uid="9998669" lat="27.1844610" lon="56.3145166"/>
 <node id="5206665246" visible="true" version="2" changeset="135602187" timestamp="2023-05-02T07:01:08Z" user="s@jj@d" uid="14377768" lat="27.1848415" lon="56.3151617">
  <tag k="barrier" v="block"/>
  <tag k="bicycle" v="yes"/>
  <tag k="foot" v="yes"/>
  <tag k="motorcycle" v="yes"/>
 </node>
 <node id="5206665247" visible="true" version="1" changeset="53454729" timestamp="2017-11-02T15:19:55Z" user="Shahinnia" uid="3844346" lat="27.1850252" lon="56.3148681"/>
 <node id="5206665248" visible="true" version="2" changeset="144164000" timestamp="2023-11-18T07:30:02Z" user="Saeed SJ" uid="9998669" lat="27.1852828" lon="56.3147863"/>
 <node id="5206665249" visible="true" version="2" changeset="144164000" timestamp="2023-11-18T07:30:02Z" user="Saeed SJ" uid="9998669" lat="27.1852566" lon="56.3146535"/>
 <node id="5206665250" visible="true" version="1" changeset="53454729" timestamp="2017-11-02T15:19:55Z" user="Shahinnia" uid="3844346" lat="27.1852018" lon="56.3143155"/>
 <node id="5206665251" visible="true" version="1" changeset="53454729" timestamp="2017-11-02T15:19:55Z" user="Shahinnia" uid="3844346" lat="27.1852167" lon="56.3144476"/>
 <node id="5206665252" visible="true" version="1" changeset="53454729" timestamp="2017-11-02T15:19:55Z" user="Shahinnia" uid="3844346" lat="27.1848571" lon="56.3145386"/>
 <node id="5206665254" visible="true" version="1" changeset="53454729" timestamp="2017-11-02T15:19:55Z" user="Shahinnia" uid="3844346" lat="27.1855989" lon="56.3154335"/>
 <node id="5206665256" visible="true" version="1" changeset="53454729" timestamp="2017-11-02T15:19:55Z" user="Shahinnia" uid="3844346" lat="27.1851136" lon="56.3155066"/>
 <node id="5206665639" visible="true" version="1" changeset="53454744" timestamp="2017-11-02T15:20:33Z" user="Shahinnia" uid="3844346" lat="27.1857169" lon="56.3159623"/>
 <node id="5206665640" visible="true" version="1" changeset="53454744" timestamp="2017-11-02T15:20:33Z" user="Shahinnia" uid="3844346" lat="27.1855262" lon="56.3154418"/>
 <node id="5206674912" visible="true" version="1" changeset="53454916" timestamp="2017-11-02T15:28:08Z" user="Shahinnia" uid="3844346" lat="27.1855912" lon="56.3163666"/>
 <node id="5206674913" visible="true" version="1" changeset="53454916" timestamp="2017-11-02T15:28:08Z" user="Shahinnia" uid="3844346" lat="27.1854314" lon="56.3163746"/>
 <node id="5206674914" visible="true" version="1" changeset="53454916" timestamp="2017-11-02T15:28:08Z" user="Shahinnia" uid="3844346" lat="27.1853860" lon="56.3161359"/>
 <node id="5206674915" visible="true" version="1" changeset="53454916" timestamp="2017-11-02T15:28:08Z" user="Shahinnia" uid="3844346" lat="27.1854242" lon="56.3161386"/>
 <node id="5206674916" visible="true" version="1" changeset="53454916" timestamp="2017-11-02T15:28:08Z" user="Shahinnia" uid="3844346" lat="27.1854170" lon="56.3160501"/>
 <node id="5206674917" visible="true" version="1" changeset="53454916" timestamp="2017-11-02T15:28:08Z" user="Shahinnia" uid="3844346" lat="27.1856556" lon="56.3160179"/>
 <node id="5206674918" visible="true" version="1" changeset="53454916" timestamp="2017-11-02T15:28:08Z" user="Shahinnia" uid="3844346" lat="27.1848359" lon="56.3160850"/>
 <node id="5206674920" visible="true" version="2" changeset="135602187" timestamp="2023-05-02T07:01:08Z" user="s@jj@d" uid="14377768" lat="27.1852066" lon="56.3160097"/>
 <node id="5206675921" visible="true" version="1" changeset="53454916" timestamp="2017-11-02T15:28:08Z" user="Shahinnia" uid="3844346" lat="27.1853772" lon="56.3160205"/>
 <node id="5206675922" visible="true" version="1" changeset="53454916" timestamp="2017-11-02T15:28:08Z" user="Shahinnia" uid="3844346" lat="27.1855694" lon="56.3156195"/>
 <node id="5206675923" visible="true" version="1" changeset="53454916" timestamp="2017-11-02T15:28:08Z" user="Shahinnia" uid="3844346" lat="27.1856505" lon="56.3158609"/>
 <node id="5206675924" visible="true" version="2" changeset="135602187" timestamp="2023-05-02T07:01:08Z" user="s@jj@d" uid="14377768" lat="27.1854841" lon="56.3152404"/>
 <node id="5206675925" visible="true" version="1" changeset="53454916" timestamp="2017-11-02T15:28:08Z" user="Shahinnia" uid="3844346" lat="27.1853493" lon="56.3151747"/>
 <node id="5206675926" visible="true" version="2" changeset="144164000" timestamp="2023-11-18T07:30:02Z" user="Saeed SJ" uid="9998669" lat="27.1851215" lon="56.3151640"/>
 <node id="5206675927" visible="true" version="1" changeset="53454916" timestamp="2017-11-02T15:28:08Z" user="Shahinnia" uid="3844346" lat="27.1845380" lon="56.3152547"/>
 <node id="5206675928" visible="true" version="2" changeset="144164000" timestamp="2023-11-18T07:30:02Z" user="Saeed SJ" uid="9998669" lat="27.1852049" lon="56.3154890"/>
 <node id="5206675929" visible="true" version="2" changeset="135602187" timestamp="2023-05-02T07:01:08Z" user="s@jj@d" uid="14377768" lat="27.1849636" lon="56.3151493"/>
 <node id="5206675930" visible="true" version="1" changeset="53454916" timestamp="2017-11-02T15:28:08Z" user="Shahinnia" uid="3844346" lat="27.1848587" lon="56.3149215"/>
 <node id="5206675931" visible="true" version="2" changeset="135602187" timestamp="2023-05-02T07:01:08Z" user="s@jj@d" uid="14377768" lat="27.1846053" lon="56.3148925"/>
 <node id="5206675932" visible="true" version="2" changeset="144164000" timestamp="2023-11-18T07:30:02Z" user="Saeed SJ" uid="9998669" lat="27.1846081" lon="56.3146946"/>
 <node id="5206675933" visible="true" version="2" changeset="79346013" timestamp="2020-01-08T15:46:49Z" user="Afnui12" uid="10074686" lat="27.1840021" lon="56.3141394"/>
 <node id="5206675934" visible="true" version="2" changeset="79346013" timestamp="2020-01-08T15:46:49Z" user="Afnui12" uid="10074686" lat="27.1839734" lon="56.3144952"/>
 <node id="5206675935" visible="true" version="2" changeset="79346013" timestamp="2020-01-08T15:46:49Z" user="Afnui12" uid="10074686" lat="27.1839886" lon="56.3143128"/>
 <node id="5206675936" visible="true" version="3" changeset="144164000" timestamp="2023-11-18T07:30:02Z" user="Saeed SJ" uid="9998669" lat="27.1840741" lon="56.3138132"/>
 <node id="5206703707" visible="true" version="4" changeset="135602187" timestamp="2023-05-02T07:01:08Z" user="s@jj@d" uid="14377768" lat="27.1835900" lon="56.3151576"/>
 <node id="5206703708" visible="true" version="2" changeset="79346013" timestamp="2020-01-08T15:46:49Z" user="Afnui12" uid="10074686" lat="27.1835882" lon="56.3149955"/>
 <node id="5206703709" visible="true" version="2" changeset="79346013" timestamp="2020-01-08T15:46:49Z" user="Afnui12" uid="10074686" lat="27.1835979" lon="56.3149161"/>
 <node id="5206703710" visible="true" version="2" changeset="79346013" timestamp="2020-01-08T15:46:49Z" user="Afnui12" uid="10074686" lat="27.1835935" lon="56.3146945"/>
 <node id="5206703711" visible="true" version="2" changeset="79346013" timestamp="2020-01-08T15:46:49Z" user="Afnui12" uid="10074686" lat="27.1836371" lon="56.3146624"/>
 <node id="5206703712" visible="true" version="1" changeset="53455245" timestamp="2017-11-02T15:41:46Z" user="Shahinnia" uid="3844346" lat="27.1836360" lon="56.3143443"/>
 <node id="5206703713" visible="true" version="2" changeset="79346013" timestamp="2020-01-08T15:46:49Z" user="Afnui12" uid="10074686" lat="27.1836397" lon="56.3145128"/>
 <node id="5206703714" visible="true" version="1" changeset="53455245" timestamp="2017-11-02T15:41:46Z" user="Shahinnia" uid="3844346" lat="27.1833431" lon="56.3144690"/>
 <node id="5206703715" visible="true" version="2" changeset="71042874" timestamp="2019-06-08T04:28:48Z" user="fereydoon555" uid="9543799" lat="27.1831462" lon="56.3144441"/>
 <node id="5206703718" visible="true" version="3" changeset="144320798" timestamp="2023-11-22T10:46:35Z" user="Saeed SJ" uid="9998669" lat="27.1831945" lon="56.3149926"/>
 <node id="5206703719" visible="true" version="2" changeset="71042874" timestamp="2019-06-08T04:28:48Z" user="fereydoon555" uid="9543799" lat="27.1831987" lon="56.3151696"/>
 <node id="5206703720" visible="true" version="1" changeset="53455245" timestamp="2017-11-02T15:41:46Z" user="Shahinnia" uid="3844346" lat="27.1834028" lon="56.3144780"/>
 <node id="5206706921" visible="true" version="2" changeset="135602187" timestamp="2023-05-02T07:01:08Z" user="s@jj@d" uid="14377768" lat="27.1834062" lon="56.3142725"/>
 <node id="5206706922" visible="true" version="1" changeset="53455245" timestamp="2017-11-02T15:41:46Z" user="Shahinnia" uid="3844346" lat="27.1834671" lon="56.3142604"/>
 <node id="5206706923" visible="true" version="2" changeset="79346013" timestamp="2020-01-08T15:46:49Z" user="Afnui12" uid="10074686" lat="27.1834811" lon="56.3139201"/>
 <node id="5206706924" visible="true" version="2" changeset="79346013" timestamp="2020-01-08T15:46:49Z" user="Afnui12" uid="10074686" lat="27.1835385" lon="56.3139097"/>
 <node id="5206706926" visible="true" version="2" changeset="71042874" timestamp="2019-06-08T04:28:48Z" user="fereydoon555" uid="9543799" lat="27.1831546" lon="56.3142560"/>
 <node id="5206706927" visible="true" version="2" changeset="71042874" timestamp="2019-06-08T04:28:48Z" user="fereydoon555" uid="9543799" lat="27.1831199" lon="56.3138903"/>
 <node id="5206706929" visible="true" version="1" changeset="53455245" timestamp="2017-11-02T15:41:46Z" user="Shahinnia" uid="3844346" lat="27.1834720" lon="56.3140838"/>
 <node id="5206706930" visible="true" version="1" changeset="53455245" timestamp="2017-11-02T15:41:46Z" user="Shahinnia" uid="3844346" lat="27.1833630" lon="56.3134761"/>
 <node id="5206706931" visible="true" version="2" changeset="135602877" timestamp="2023-05-02T07:24:03Z" user="s@jj@d" uid="14377768" lat="27.1832854" lon="56.3134762"/>
 <node id="5206706933" visible="true" version="2" changeset="144164000" timestamp="2023-11-18T07:30:02Z" user="Saeed SJ" uid="9998669" lat="27.1835658" lon="56.3132521"/>
 <node id="5206706934" visible="true" version="2" changeset="144164000" timestamp="2023-11-18T07:30:02Z" user="Saeed SJ" uid="9998669" lat="27.1835049" lon="56.3129933"/>
 <node id="5206706935" visible="true" version="2" changeset="135602877" timestamp="2023-05-02T07:24:03Z" user="s@jj@d" uid="14377768" lat="27.1833934" lon="56.3129913"/>
 <node id="5206706937" visible="true" version="3" changeset="137528298" timestamp="2023-06-19T16:58:25Z" user="kiaraSh-Q" uid="2693232" lat="27.1833590" lon="56.3124409"/>
 <node id="5206706938" visible="true" version="2" changeset="144164000" timestamp="2023-11-18T07:30:02Z" user="Saeed SJ" uid="9998669" lat="27.1837257" lon="56.3132197"/>
 <node id="5206706939" visible="true" version="2" changeset="144164000" timestamp="2023-11-18T07:30:02Z" user="Saeed SJ" uid="9998669" lat="27.1837050" lon="56.3129856"/>
 <node id="5206706940" visible="true" version="3" changeset="144164000" timestamp="2023-11-18T07:30:02Z" user="Saeed SJ" uid="9998669" lat="27.1836788" lon="56.3128932"/>
 <node id="5206706941" visible="true" version="4" changeset="144164000" timestamp="2023-11-18T07:30:02Z" user="Saeed SJ" uid="9998669" lat="27.1836591" lon="56.3123941"/>
 <node id="5206706942" visible="true" version="3" changeset="144164000" timestamp="2023-11-18T07:30:02Z" user="Saeed SJ" uid="9998669" lat="27.1836741" lon="56.3127464"/>
 <node id="5206706943" visible="true" version="2" changeset="135602877" timestamp="2023-05-02T07:24:03Z" user="s@jj@d" uid="14377768" lat="27.1833789" lon="56.3127552"/>
 <node id="5206706944" visible="true" version="2" changeset="135602877" timestamp="2023-05-02T07:24:03Z" user="s@jj@d" uid="14377768" lat="27.1829657" lon="56.3127697"/>
 <node id="5206706945" visible="true" version="3" changeset="135602877" timestamp="2023-05-02T07:24:03Z" user="s@jj@d" uid="14377768" lat="27.1832463" lon="56.3131438"/>
 <node id="5206706946" visible="true" version="2" changeset="70879199" timestamp="2019-06-03T09:45:53Z" user="fereydoon555" uid="9543799" lat="27.1833623" lon="56.3121276"/>
 <node id="5206706947" visible="true" version="1" changeset="53455245" timestamp="2017-11-02T15:41:46Z" user="Shahinnia" uid="3844346" lat="27.1837313" lon="56.3121451"/>
 <node id="5206714971" visible="true" version="1" changeset="53455420" timestamp="2017-11-02T15:48:00Z" user="Shahinnia" uid="3844346" lat="27.1834491" lon="56.3113782"/>
 <node id="5206714972" visible="true" version="3" changeset="144087663" timestamp="2023-11-16T10:10:36Z" user="Saeed SJ" uid="9998669" lat="27.1835287" lon="56.3113880"/>
 <node id="5206714974" visible="true" version="1" changeset="53455420" timestamp="2017-11-02T15:48:00Z" user="Shahinnia" uid="3844346" lat="27.1836412" lon="56.3101977"/>
 <node id="5206714975" visible="true" version="1" changeset="53455420" timestamp="2017-11-02T15:48:01Z" user="Shahinnia" uid="3844346" lat="27.1842568" lon="56.3147692"/>
 <node id="5206714976" visible="true" version="1" changeset="53455420" timestamp="2017-11-02T15:48:01Z" user="Shahinnia" uid="3844346" lat="27.1841709" lon="56.3147531"/>
 <node id="5206714977" visible="true" version="2" changeset="144164000" timestamp="2023-11-18T07:30:02Z" user="Saeed SJ" uid="9998669" lat="27.1841483" lon="56.3146700"/>
 <node id="5206714978" visible="true" version="1" changeset="53455420" timestamp="2017-11-02T15:48:01Z" user="Shahinnia" uid="3844346" lat="27.1841288" lon="56.3145093"/>
 <node id="5206714979" visible="true" version="1" changeset="53455420" timestamp="2017-11-02T15:48:01Z" user="Shahinnia" uid="3844346" lat="27.1838417" lon="56.3146834"/>
 <node id="5206714980" visible="true" version="1" changeset="53455420" timestamp="2017-11-02T15:48:01Z" user="Shahinnia" uid="3844346" lat="27.1838226" lon="56.3147424"/>
 <node id="5206714981" visible="true" version="1" changeset="53455420" timestamp="2017-11-02T15:48:01Z" user="Shahinnia" uid="3844346" lat="27.1837940" lon="56.3148818"/>
 <node id="5206714982" visible="true" version="2" changeset="144320798" timestamp="2023-11-22T10:46:35Z" user="Saeed SJ" uid="9998669" lat="27.1837844" lon="56.3149824"/>
 <node id="5206714983" visible="true" version="1" changeset="53455420" timestamp="2017-11-02T15:48:01Z" user="Shahinnia" uid="3844346" lat="27.1837701" lon="56.3151447"/>
 <node id="5206714984" visible="true" version="2" changeset="79346013" timestamp="2020-01-08T15:46:49Z" user="Afnui12" uid="10074686" lat="27.1840618" lon="56.3155584"/>
 <node id="5206714985" visible="true" version="2" changeset="135570135" timestamp="2023-05-01T11:45:24Z" user="s@jj@d" uid="14377768" lat="27.1839890" lon="56.3152265"/>
 <node id="5206714986" visible="true" version="1" changeset="53455420" timestamp="2017-11-02T15:48:01Z" user="Shahinnia" uid="3844346" lat="27.1839544" lon="56.3149884"/>
 <node id="5206714987" visible="true" version="2" changeset="79346013" timestamp="2020-01-08T15:46:49Z" user="Afnui12" uid="10074686" lat="27.1840428" lon="56.3149442"/>
 <node id="5206714988" visible="true" version="2" changeset="79346013" timestamp="2020-01-08T15:46:49Z" user="Afnui12" uid="10074686" lat="27.1839822" lon="56.3146688"/>
 <node id="5206714989" visible="true" version="1" changeset="53455420" timestamp="2017-11-02T15:48:01Z" user="Shahinnia" uid="3844346" lat="27.1839030" lon="56.3155890"/>
 <node id="5206714990" visible="true" version="3" changeset="144164000" timestamp="2023-11-18T07:30:02Z" user="Saeed SJ" uid="9998669" lat="27.1837289" lon="56.3156493"/>
 <node id="5206714991" visible="true" version="1" changeset="53455420" timestamp="2017-11-02T15:48:01Z" user="Shahinnia" uid="3844346" lat="27.1836167" lon="56.3156963"/>
 <node id="5206714992" visible="true" version="1" changeset="53455420" timestamp="2017-11-02T15:48:01Z" user="Shahinnia" uid="3844346" lat="27.1834210" lon="56.3157607"/>
 <node id="5206714993" visible="true" version="2" changeset="71042874" timestamp="2019-06-08T04:28:48Z" user="fereydoon555" uid="9543799" lat="27.1832678" lon="56.3157627"/>
 <node id="5206714994" visible="true" version="2" changeset="79346013" timestamp="2020-01-08T15:46:49Z" user="Afnui12" uid="10074686" lat="27.1836540" lon="56.3151589"/>
 <node id="5206714995" visible="true" version="2" changeset="144164000" timestamp="2023-11-18T07:30:02Z" user="Saeed SJ" uid="9998669" lat="27.1836788" lon="56.3156741"/>
 <node id="5206714996" visible="true" version="3" changeset="135570135" timestamp="2023-05-01T11:45:24Z" user="s@jj@d" uid="14377768" lat="27.1836578" lon="56.3153326"/>
 <node id="5206714997" visible="true" version="3" changeset="79346013" timestamp="2020-01-08T15:46:49Z" user="Afnui12" uid="10074686" lat="27.1832165" lon="56.3154133"/>
 <node id="5206715000" visible="true" version="3" changeset="144164000" timestamp="2023-11-18T07:30:02Z" user="Saeed SJ" uid="9998669" lat="27.1841676" lon="56.3151470"/>
 <node id="5206715001" visible="true" version="1" changeset="53455420" timestamp="2017-11-02T15:48:01Z" user="Shahinnia" uid="3844346" lat="27.1844700" lon="56.3150869"/>
 <node id="5206715002" visible="true" version="2" changeset="144164000" timestamp="2023-11-18T07:30:02Z" user="Saeed SJ" uid="9998669" lat="27.1844458" lon="56.3148089"/>
 <node id="5206715003" visible="true" version="3" changeset="135570135" timestamp="2023-05-01T11:45:24Z" user="s@jj@d" uid="14377768" lat="27.1842741" lon="56.3155372"/>
 <node id="5206715004" visible="true" version="1" changeset="53455420" timestamp="2017-11-02T15:48:01Z" user="Shahinnia" uid="3844346" lat="27.1845650" lon="56.3153100"/>
 <node id="5206715005" visible="true" version="2" changeset="135570135" timestamp="2023-05-01T11:45:24Z" user="s@jj@d" uid="14377768" lat="27.1841917" lon="56.3153641"/>
 <node id="5206715006" visible="true" version="2" changeset="135570135" timestamp="2023-05-01T11:45:24Z" user="s@jj@d" uid="14377768" lat="27.1840283" lon="56.3153922"/>
 <node id="5206715007" visible="true" version="2" changeset="135570039" timestamp="2023-05-01T11:42:19Z" user="s@jj@d" uid="14377768" lat="27.1846615" lon="56.3161882"/>
 <node id="5206715008" visible="true" version="1" changeset="53455420" timestamp="2017-11-02T15:48:01Z" user="Shahinnia" uid="3844346" lat="27.1848874" lon="56.3161848"/>
 <node id="5206715009" visible="true" version="2" changeset="135570135" timestamp="2023-05-01T11:45:24Z" user="s@jj@d" uid="14377768" lat="27.1845732" lon="56.3159619"/>
 <node id="5206715010" visible="true" version="1" changeset="53455420" timestamp="2017-11-02T15:48:01Z" user="Shahinnia" uid="3844346" lat="27.1847971" lon="56.3159583"/>
 <node id="5206715011" visible="true" version="1" changeset="53455420" timestamp="2017-11-02T15:48:01Z" user="Shahinnia" uid="3844346" lat="27.1850050" lon="56.3160456"/>
 <node id="5206715012" visible="true" version="1" changeset="53455420" timestamp="2017-11-02T15:48:01Z" user="Shahinnia" uid="3844346" lat="27.1849809" lon="56.3158081"/>
 <node id="5206715013" visible="true" version="1" changeset="53455420" timestamp="2017-11-02T15:48:01Z" user="Shahinnia" uid="3844346" lat="27.1847750" lon="56.3158330"/>
 <node id="5206715014" visible="true" version="1" changeset="53455420" timestamp="2017-11-02T15:48:01Z" user="Shahinnia" uid="3844346" lat="27.1851718" lon="56.3158296"/>
 <node id="5206715015" visible="true" version="1" changeset="53455420" timestamp="2017-11-02T15:48:01Z" user="Shahinnia" uid="3844346" lat="27.1850695" lon="56.3166575"/>
 <node id="5206715016" visible="true" version="1" changeset="53455420" timestamp="2017-11-02T15:48:01Z" user="Shahinnia" uid="3844346" lat="27.1852051" lon="56.3165715"/>
 <node id="5206715017" visible="true" version="1" changeset="53455420" timestamp="2017-11-02T15:48:01Z" user="Shahinnia" uid="3844346" lat="27.1852696" lon="56.3168714"/>
 <node id="5206715018" visible="true" version="1" changeset="53455420" timestamp="2017-11-02T15:48:01Z" user="Shahinnia" uid="3844346" lat="27.1852432" lon="56.3166439"/>
 <node id="5206715019" visible="true" version="1" changeset="53455420" timestamp="2017-11-02T15:48:01Z" user="Shahinnia" uid="3844346" lat="27.1855813" lon="56.3166256"/>
 <node id="5206715020" visible="true" version="2" changeset="135602187" timestamp="2023-05-02T07:01:08Z" user="s@jj@d" uid="14377768" lat="27.1854327" lon="56.3164270">
  <tag k="barrier" v="block"/>
  <tag k="bicycle" v="yes"/>
  <tag k="foot" v="yes"/>
  <tag k="motorcycle" v="yes"/>
 </node>
 <node id="5206727950" visible="true" version="1" changeset="53455609" timestamp="2017-11-02T15:55:35Z" user="Shahinnia" uid="3844346" lat="27.1856194" lon="56.3164329"/>
 <node id="5206727951" visible="true" version="2" changeset="135602187" timestamp="2023-05-02T07:01:08Z" user="s@jj@d" uid="14377768" lat="27.1854130" lon="56.3163568"/>
 <node id="5206727952" visible="true" version="1" changeset="53455609" timestamp="2017-11-02T15:55:35Z" user="Shahinnia" uid="3844346" lat="27.1853431" lon="56.3160163"/>
 <node id="5206727953" visible="true" version="1" changeset="53455609" timestamp="2017-11-02T15:55:35Z" user="Shahinnia" uid="3844346" lat="27.1850123" lon="56.3164852"/>
 <node id="5206727954" visible="true" version="1" changeset="53455609" timestamp="2017-11-02T15:55:35Z" user="Shahinnia" uid="3844346" lat="27.1853791" lon="56.3162151"/>
 <node id="5206727955" visible="true" version="1" changeset="53455609" timestamp="2017-11-02T15:55:35Z" user="Shahinnia" uid="3844346" lat="27.1851009" lon="56.3160231"/>
 <node id="5206727956" visible="true" version="1" changeset="53455609" timestamp="2017-11-02T15:55:35Z" user="Shahinnia" uid="3844346" lat="27.1851290" lon="56.3163993"/>
 <node id="5206727957" visible="true" version="1" changeset="53455609" timestamp="2017-11-02T15:55:35Z" user="Shahinnia" uid="3844346" lat="27.1849371" lon="56.3162938"/>
 <node id="5206727958" visible="true" version="1" changeset="53455609" timestamp="2017-11-02T15:55:35Z" user="Shahinnia" uid="3844346" lat="27.1851188" lon="56.3162627"/>
 <node id="5206727959" visible="true" version="1" changeset="53455609" timestamp="2017-11-02T15:55:35Z" user="Shahinnia" uid="3844346" lat="27.1853869" lon="56.3173670"/>
 <node id="5206727960" visible="true" version="2" changeset="135569951" timestamp="2023-05-01T11:39:11Z" user="s@jj@d" uid="14377768" lat="27.1853315" lon="56.3173643"/>
 <node id="5206727961" visible="true" version="1" changeset="53455609" timestamp="2017-11-02T15:55:35Z" user="Shahinnia" uid="3844346" lat="27.1853249" lon="56.3172543"/>
 <node id="5206727963" visible="true" version="1" changeset="53455609" timestamp="2017-11-02T15:55:35Z" user="Shahinnia" uid="3844346" lat="27.1853359" lon="56.3168439"/>
 <node id="5206727964" visible="true" version="2" changeset="135569951" timestamp="2023-05-01T11:39:11Z" user="s@jj@d" uid="14377768" lat="27.1853994" lon="56.3168205"/>
 <node id="5206727966" visible="true" version="2" changeset="135569951" timestamp="2023-05-01T11:39:11Z" user="s@jj@d" uid="14377768" lat="27.1855260" lon="56.3173526"/>
 <node id="5206727967" visible="true" version="2" changeset="135569951" timestamp="2023-05-01T11:39:11Z" user="s@jj@d" uid="14377768" lat="27.1853936" lon="56.3174211"/>
 <node id="5206727969" visible="true" version="1" changeset="53455609" timestamp="2017-11-02T15:55:35Z" user="Shahinnia" uid="3844346" lat="27.1850615" lon="56.3174382"/>
 <node id="5206727971" visible="true" version="1" changeset="53455609" timestamp="2017-11-02T15:55:35Z" user="Shahinnia" uid="3844346" lat="27.1848102" lon="56.3169333"/>
 <node id="5206727972" visible="true" version="1" changeset="53455609" timestamp="2017-11-02T15:55:35Z" user="Shahinnia" uid="3844346" lat="27.1847673" lon="56.3169708"/>
 <node id="5206727974" visible="true" version="1" changeset="53455609" timestamp="2017-11-02T15:55:35Z" user="Shahinnia" uid="3844346" lat="27.1848150" lon="56.3174536"/>
 <node id="5206727975" visible="true" version="1" changeset="53455609" timestamp="2017-11-02T15:55:35Z" user="Shahinnia" uid="3844346" lat="27.1848197" lon="56.3177809"/>
 <node id="5206727976" visible="true" version="2" changeset="135569951" timestamp="2023-05-01T11:39:11Z" user="s@jj@d" uid="14377768" lat="27.1850559" lon="56.3176250"/>
 <node id="5206727978" visible="true" version="1" changeset="53455609" timestamp="2017-11-02T15:55:35Z" user="Shahinnia" uid="3844346" lat="27.1850329" lon="56.3169108"/>
 <node id="5206727979" visible="true" version="1" changeset="53455609" timestamp="2017-11-02T15:55:35Z" user="Shahinnia" uid="3844346" lat="27.1850541" lon="56.3173670"/>
 <node id="5206727980" visible="true" version="1" changeset="53455609" timestamp="2017-11-02T15:55:35Z" user="Shahinnia" uid="3844346" lat="27.1848031" lon="56.3173641"/>
 <node id="5206727981" visible="true" version="1" changeset="53455609" timestamp="2017-11-02T15:55:36Z" user="Shahinnia" uid="3844346" lat="27.1847732" lon="56.3171168"/>
 <node id="5206727986" visible="true" version="2" changeset="135570039" timestamp="2023-05-01T11:42:19Z" user="s@jj@d" uid="14377768" lat="27.1843739" lon="56.3170797"/>
 <node id="5206727988" visible="true" version="1" changeset="53455609" timestamp="2017-11-02T15:55:36Z" user="Shahinnia" uid="3844346" lat="27.1841782" lon="56.3170563"/>
 <node id="5206727989" visible="true" version="1" changeset="53455609" timestamp="2017-11-02T15:55:36Z" user="Shahinnia" uid="3844346" lat="27.1841007" lon="56.3170535"/>
 <node id="5206727990" visible="true" version="1" changeset="53455609" timestamp="2017-11-02T15:55:36Z" user="Shahinnia" uid="3844346" lat="27.1840864" lon="56.3174129"/>
 <node id="5206727991" visible="true" version="2" changeset="79346171" timestamp="2020-01-08T15:51:29Z" user="Afnui12" uid="10074686" lat="27.1841879" lon="56.3168756"/>
 <node id="5206727992" visible="true" version="1" changeset="53455609" timestamp="2017-11-02T15:55:36Z" user="Shahinnia" uid="3844346" lat="27.1843663" lon="56.3168912"/>
 <node id="5206727996" visible="true" version="2" changeset="135570039" timestamp="2023-05-01T11:42:19Z" user="s@jj@d" uid="14377768" lat="27.1843736" lon="56.3171546"/>
 <node id="5206727997" visible="true" version="1" changeset="53455609" timestamp="2017-11-02T15:55:36Z" user="Shahinnia" uid="3844346" lat="27.1843806" lon="56.3173498"/>
 <node id="5206727998" visible="true" version="1" changeset="53455609" timestamp="2017-11-02T15:55:36Z" user="Shahinnia" uid="3844346" lat="27.1840167" lon="56.3174034"/>
 <node id="5206727999" visible="true" version="1" changeset="53455609" timestamp="2017-11-02T15:55:36Z" user="Shahinnia" uid="3844346" lat="27.1837587" lon="56.3174374"/>
 <node id="5206728000" visible="true" version="1" changeset="53455609" timestamp="2017-11-02T15:55:36Z" user="Shahinnia" uid="3844346" lat="27.1840079" lon="56.3170426"/>
 <node id="5206728001" visible="true" version="1" changeset="53455609" timestamp="2017-11-02T15:55:36Z" user="Shahinnia" uid="3844346" lat="27.1838695" lon="56.3170695"/>
 <node id="5206728002" visible="true" version="1" changeset="53455609" timestamp="2017-11-02T15:55:36Z" user="Shahinnia" uid="3844346" lat="27.1838671" lon="56.3168093"/>
 <node id="5206728003" visible="true" version="1" changeset="53455609" timestamp="2017-11-02T15:55:36Z" user="Shahinnia" uid="3844346" lat="27.1840378" lon="56.3165427"/>
 <node id="5206728004" visible="true" version="2" changeset="79346171" timestamp="2020-01-08T15:51:29Z" user="Afnui12" uid="10074686" lat="27.1839951" lon="56.3168272"/>
 <node id="5206728005" visible="true" version="2" changeset="79346171" timestamp="2020-01-08T15:51:29Z" user="Afnui12" uid="10074686" lat="27.1838149" lon="56.3167937"/>
 <node id="5206728006" visible="true" version="1" changeset="53455609" timestamp="2017-11-02T15:55:36Z" user="Shahinnia" uid="3844346" lat="27.1837028" lon="56.3167870"/>
 <node id="5206728007" visible="true" version="2" changeset="79346171" timestamp="2020-01-08T15:51:29Z" user="Afnui12" uid="10074686" lat="27.1838693" lon="56.3171411"/>
 <node id="5206728008" visible="true" version="1" changeset="53455609" timestamp="2017-11-02T15:55:36Z" user="Shahinnia" uid="3844346" lat="27.1838675" lon="56.3173208"/>
 <node id="5206728009" visible="true" version="1" changeset="53455609" timestamp="2017-11-02T15:55:36Z" user="Shahinnia" uid="3844346" lat="27.1837880" lon="56.3176596"/>
 <node id="5206728010" visible="true" version="1" changeset="53455609" timestamp="2017-11-02T15:55:36Z" user="Shahinnia" uid="3844346" lat="27.1837141" lon="56.3173484"/>
 <node id="5206728011" visible="true" version="1" changeset="53455609" timestamp="2017-11-02T15:55:36Z" user="Shahinnia" uid="3844346" lat="27.1835948" lon="56.3172331"/>
 <node id="5206728012" visible="true" version="1" changeset="53455609" timestamp="2017-11-02T15:55:36Z" user="Shahinnia" uid="3844346" lat="27.1834588" lon="56.3171634"/>
 <node id="5206728013" visible="true" version="3" changeset="144320798" timestamp="2023-11-22T10:46:35Z" user="Saeed SJ" uid="9998669" lat="27.1833511" lon="56.3171231"/>
 <node id="5206728014" visible="true" version="1" changeset="53455609" timestamp="2017-11-02T15:55:36Z" user="Shahinnia" uid="3844346" lat="27.1832620" lon="56.3168626"/>
 <node id="5206728015" visible="true" version="2" changeset="144164000" timestamp="2023-11-18T07:30:02Z" user="Saeed SJ" uid="9998669" lat="27.1832266" lon="56.3165329"/>
 <node id="5206728016" visible="true" version="1" changeset="53455609" timestamp="2017-11-02T15:55:36Z" user="Shahinnia" uid="3844346" lat="27.1832656" lon="56.3169087"/>
 <node id="5206728017" visible="true" version="2" changeset="79346171" timestamp="2020-01-08T15:51:29Z" user="Afnui12" uid="10074686" lat="27.1836206" lon="56.3169164"/>
 <node id="5206728018" visible="true" version="2" changeset="144164000" timestamp="2023-11-18T07:30:02Z" user="Saeed SJ" uid="9998669" lat="27.1830918" lon="56.3170699"/>
 <node id="5206728019" visible="true" version="2" changeset="144164000" timestamp="2023-11-18T07:30:02Z" user="Saeed SJ" uid="9998669" lat="27.1832814" lon="56.3170722"/>
 <node id="5206728020" visible="true" version="1" changeset="53455609" timestamp="2017-11-02T15:55:36Z" user="Shahinnia" uid="3844346" lat="27.1836958" lon="56.3176739"/>
 <node id="5206728821" visible="true" version="1" changeset="53455609" timestamp="2017-11-02T15:55:36Z" user="Shahinnia" uid="3844346" lat="27.1838843" lon="56.3176524"/>
 <node id="5206728822" visible="true" version="2" changeset="79346171" timestamp="2020-01-08T15:51:29Z" user="Afnui12" uid="10074686" lat="27.1839087" lon="56.3177785"/>
 <node id="5206728823" visible="true" version="2" changeset="79346171" timestamp="2020-01-08T15:51:29Z" user="Afnui12" uid="10074686" lat="27.1840497" lon="56.3177614"/>
 <node id="5206728824" visible="true" version="2" changeset="79346171" timestamp="2020-01-08T15:51:29Z" user="Afnui12" uid="10074686" lat="27.1840486" lon="56.3175745"/>
 <node id="5206728825" visible="true" version="1" changeset="53455609" timestamp="2017-11-02T15:55:36Z" user="Shahinnia" uid="3844346" lat="27.1842594" lon="56.3175601"/>
 <node id="5206728826" visible="true" version="1" changeset="53455609" timestamp="2017-11-02T15:55:36Z" user="Shahinnia" uid="3844346" lat="27.1846170" lon="56.3175413"/>
 <node id="5206728827" visible="true" version="1" changeset="53455609" timestamp="2017-11-02T15:55:36Z" user="Shahinnia" uid="3844346" lat="27.1848158" lon="56.3175118"/>
 <node id="5206728828" visible="true" version="2" changeset="135569951" timestamp="2023-05-01T11:39:11Z" user="s@jj@d" uid="14377768" lat="27.1846396" lon="56.3176667"/>
 <node id="5206728829" visible="true" version="1" changeset="53455609" timestamp="2017-11-02T15:55:36Z" user="Shahinnia" uid="3844346" lat="27.1846026" lon="56.3173482"/>
 <node id="5206728830" visible="true" version="1" changeset="53455609" timestamp="2017-11-02T15:55:36Z" user="Shahinnia" uid="3844346" lat="27.1846061" lon="56.3171464"/>
 <node id="5206728831" visible="true" version="1" changeset="53455609" timestamp="2017-11-02T15:55:36Z" user="Shahinnia" uid="3844346" lat="27.1834112" lon="56.3182047"/>
 <node id="5206728832" visible="true" version="1" changeset="53455609" timestamp="2017-11-02T15:55:36Z" user="Shahinnia" uid="3844346" lat="27.1834923" lon="56.3183764"/>
 <node id="5206728833" visible="true" version="1" changeset="53455609" timestamp="2017-11-02T15:55:36Z" user="Shahinnia" uid="3844346" lat="27.1835782" lon="56.3184515"/>
 <node id="5206728835" visible="true" version="2" changeset="134715979" timestamp="2023-04-10T08:10:53Z" user="F777" uid="13691644" lat="27.1844218" lon="56.3183608"/>
 <node id="5206734143" visible="true" version="1" changeset="53455670" timestamp="2017-11-02T15:57:37Z" user="Shahinnia" uid="3844346" lat="27.1837396" lon="56.3179190"/>
 <node id="5206734144" visible="true" version="2" changeset="144320798" timestamp="2023-11-22T10:46:35Z" user="Saeed SJ" uid="9998669" lat="27.1833358" lon="56.3177075"/>
 <node id="5210343026" visible="true" version="1" changeset="53502656" timestamp="2017-11-04T12:17:45Z" user="Shahinnia" uid="3844346" lat="27.1851469" lon="56.3117335"/>
 <node id="5210343027" visible="true" version="1" changeset="53502656" timestamp="2017-11-04T12:17:45Z" user="Shahinnia" uid="3844346" lat="27.1854943" lon="56.3121326"/>
 <node id="5210343028" visible="true" version="1" changeset="53502656" timestamp="2017-11-04T12:17:45Z" user="Shahinnia" uid="3844346" lat="27.1854908" lon="56.3116900"/>
 <node id="5210343029" visible="true" version="1" changeset="53502656" timestamp="2017-11-04T12:17:45Z" user="Shahinnia" uid="3844346" lat="27.1852078" lon="56.3121986"/>
 <node id="5210343031" visible="true" version="1" changeset="53502656" timestamp="2017-11-04T12:17:45Z" user="Shahinnia" uid="3844346" lat="27.1860716" lon="56.3121112"/>
 <node id="5210343032" visible="true" version="1" changeset="53502656" timestamp="2017-11-04T12:17:45Z" user="Shahinnia" uid="3844346" lat="27.1865377" lon="56.3125111"/>
 <node id="5210343033" visible="true" version="1" changeset="53502656" timestamp="2017-11-04T12:17:45Z" user="Shahinnia" uid="3844346" lat="27.1863194" lon="56.3125055"/>
 <node id="5210343034" visible="true" version="1" changeset="53502656" timestamp="2017-11-04T12:17:45Z" user="Shahinnia" uid="3844346" lat="27.1861428" lon="56.3124894"/>
 <node id="5210343035" visible="true" version="2" changeset="144095536" timestamp="2023-11-16T12:56:16Z" user="Saeed SJ" uid="9998669" lat="27.1860498" lon="56.3124599"/>
 <node id="5210343036" visible="true" version="1" changeset="53502656" timestamp="2017-11-04T12:17:45Z" user="Shahinnia" uid="3844346" lat="27.1858290" lon="56.3124637"/>
 <node id="5210343037" visible="true" version="1" changeset="53502656" timestamp="2017-11-04T12:17:45Z" user="Shahinnia" uid="3844346" lat="27.1855427" lon="56.3125227"/>
 <node id="5210343038" visible="true" version="1" changeset="53502656" timestamp="2017-11-04T12:17:45Z" user="Shahinnia" uid="3844346" lat="27.1853191" lon="56.3125835"/>
 <node id="5210343039" visible="true" version="2" changeset="144095536" timestamp="2023-11-16T12:56:16Z" user="Saeed SJ" uid="9998669" lat="27.1860496" lon="56.3122438"/>
 <node id="5210343040" visible="true" version="2" changeset="144095536" timestamp="2023-11-16T12:56:16Z" user="Saeed SJ" uid="9998669" lat="27.1860962" lon="56.3118911"/>
 <node id="5210343041" visible="true" version="1" changeset="53502656" timestamp="2017-11-04T12:17:45Z" user="Shahinnia" uid="3844346" lat="27.1861205" lon="56.3116447"/>
 <node id="5210343042" visible="true" version="1" changeset="53502656" timestamp="2017-11-04T12:17:45Z" user="Shahinnia" uid="3844346" lat="27.1868553" lon="56.3127250"/>
 <node id="5210343043" visible="true" version="1" changeset="53502656" timestamp="2017-11-04T12:17:45Z" user="Shahinnia" uid="3844346" lat="27.1865413" lon="56.3122363"/>
 <node id="5210343044" visible="true" version="1" changeset="53502656" timestamp="2017-11-04T12:17:45Z" user="Shahinnia" uid="3844346" lat="27.1867820" lon="56.3110422"/>
 <node id="5210343045" visible="true" version="1" changeset="53502656" timestamp="2017-11-04T12:17:45Z" user="Shahinnia" uid="3844346" lat="27.1882739" lon="56.3114260"/>
 <node id="5210343046" visible="true" version="1" changeset="53502656" timestamp="2017-11-04T12:17:45Z" user="Shahinnia" uid="3844346" lat="27.1882982" lon="56.3121137"/>
 <node id="5210343047" visible="true" version="2" changeset="134855755" timestamp="2023-04-13T10:14:06Z" user="F777" uid="13691644" lat="27.1874459" lon="56.3119007"/>
 <node id="5210343048" visible="true" version="2" changeset="134855755" timestamp="2023-04-13T10:14:06Z" user="F777" uid="13691644" lat="27.1874510" lon="56.3119164"/>
 <node id="5210343049" visible="true" version="2" changeset="134855755" timestamp="2023-04-13T10:14:06Z" user="F777" uid="13691644" lat="27.1875359" lon="56.3118775"/>
 <node id="5210343050" visible="true" version="2" changeset="134855755" timestamp="2023-04-13T10:14:06Z" user="F777" uid="13691644" lat="27.1875293" lon="56.3118615"/>
 <node id="5210343051" visible="true" version="2" changeset="134855755" timestamp="2023-04-13T10:14:06Z" user="F777" uid="13691644" lat="27.1874602" lon="56.3119294"/>
 <node id="5210343052" visible="true" version="2" changeset="134855755" timestamp="2023-04-13T10:14:06Z" user="F777" uid="13691644" lat="27.1874726" lon="56.3119385"/>
 <node id="5210343053" visible="true" version="2" changeset="134855755" timestamp="2023-04-13T10:14:06Z" user="F777" uid="13691644" lat="27.1874869" lon="56.3119427"/>
 <node id="5210343054" visible="true" version="2" changeset="134855755" timestamp="2023-04-13T10:14:06Z" user="F777" uid="13691644" lat="27.1875016" lon="56.3119416"/>
 <node id="5210343055" visible="true" version="2" changeset="134855755" timestamp="2023-04-13T10:14:06Z" user="F777" uid="13691644" lat="27.1875153" lon="56.3119353"/>
 <node id="5210343056" visible="true" version="2" changeset="134855755" timestamp="2023-04-13T10:14:06Z" user="F777" uid="13691644" lat="27.1875265" lon="56.3119245"/>
 <node id="5210343057" visible="true" version="2" changeset="134855755" timestamp="2023-04-13T10:14:06Z" user="F777" uid="13691644" lat="27.1875342" lon="56.3119103"/>
 <node id="5210343058" visible="true" version="2" changeset="134855755" timestamp="2023-04-13T10:14:06Z" user="F777" uid="13691644" lat="27.1875374" lon="56.3118940"/>
 <node id="5210343059" visible="true" version="2" changeset="134855755" timestamp="2023-04-13T10:14:06Z" user="F777" uid="13691644" lat="27.1875183" lon="56.3118489"/>
 <node id="5210343060" visible="true" version="2" changeset="134855755" timestamp="2023-04-13T10:14:06Z" user="F777" uid="13691644" lat="27.1875043" lon="56.3118412"/>
 <node id="5210343061" visible="true" version="2" changeset="134855755" timestamp="2023-04-13T10:14:06Z" user="F777" uid="13691644" lat="27.1874887" lon="56.3118391"/>
 <node id="5210343062" visible="true" version="2" changeset="134855755" timestamp="2023-04-13T10:14:06Z" user="F777" uid="13691644" lat="27.1874734" lon="56.3118431"/>
 <node id="5210343063" visible="true" version="2" changeset="134855755" timestamp="2023-04-13T10:14:06Z" user="F777" uid="13691644" lat="27.1874602" lon="56.3118526"/>
 <node id="5210343064" visible="true" version="2" changeset="134855755" timestamp="2023-04-13T10:14:06Z" user="F777" uid="13691644" lat="27.1874506" lon="56.3118664"/>
 <node id="5210343065" visible="true" version="2" changeset="134855755" timestamp="2023-04-13T10:14:06Z" user="F777" uid="13691644" lat="27.1874456" lon="56.3118831"/>
 <node id="5210343066" visible="true" version="2" changeset="134855755" timestamp="2023-04-13T10:14:06Z" user="F777" uid="13691644" lat="27.1873202" lon="56.3118837"/>
 <node id="5210343067" visible="true" version="2" changeset="134855755" timestamp="2023-04-13T10:14:06Z" user="F777" uid="13691644" lat="27.1875233" lon="56.3120852"/>
 <node id="5210343068" visible="true" version="2" changeset="134855755" timestamp="2023-04-13T10:14:06Z" user="F777" uid="13691644" lat="27.1874864" lon="56.3116834"/>
 <node id="5210343069" visible="true" version="2" changeset="134855755" timestamp="2023-04-13T10:14:06Z" user="F777" uid="13691644" lat="27.1876579" lon="56.3119043"/>
 <node id="5210343070" visible="true" version="2" changeset="144095536" timestamp="2023-11-16T12:56:16Z" user="Saeed SJ" uid="9998669" lat="27.1860392" lon="56.3136013"/>
 <node id="5210343071" visible="true" version="2" changeset="144095536" timestamp="2023-11-16T12:56:16Z" user="Saeed SJ" uid="9998669" lat="27.1861118" lon="56.3133339"/>
 <node id="5210343072" visible="true" version="2" changeset="144095536" timestamp="2023-11-16T12:56:16Z" user="Saeed SJ" uid="9998669" lat="27.1861142" lon="56.3131474"/>
 <node id="5210343073" visible="true" version="2" changeset="135569845" timestamp="2023-05-01T11:35:57Z" user="s@jj@d" uid="14377768" lat="27.1860367" lon="56.3128403"/>
 <node id="5210343074" visible="true" version="2" changeset="135569845" timestamp="2023-05-01T11:35:57Z" user="s@jj@d" uid="14377768" lat="27.1859812" lon="56.3124498"/>
 <node id="5210343076" visible="true" version="2" changeset="135569845" timestamp="2023-05-01T11:35:57Z" user="s@jj@d" uid="14377768" lat="27.1864228" lon="56.3130633"/>
 <node id="5210343077" visible="true" version="2" changeset="135569845" timestamp="2023-05-01T11:35:57Z" user="s@jj@d" uid="14377768" lat="27.1864014" lon="56.3128662"/>
 <node id="5210343078" visible="true" version="2" changeset="135569845" timestamp="2023-05-01T11:35:57Z" user="s@jj@d" uid="14377768" lat="27.1862940" lon="56.3128835"/>
 <node id="5210343079" visible="true" version="3" changeset="144095536" timestamp="2023-11-16T12:56:16Z" user="Saeed SJ" uid="9998669" lat="27.1860860" lon="56.3130177"/>
 <node id="5210343080" visible="true" version="2" changeset="144095536" timestamp="2023-11-16T12:56:16Z" user="Saeed SJ" uid="9998669" lat="27.1865349" lon="56.3134933"/>
 <node id="5210343081" visible="true" version="1" changeset="53502656" timestamp="2017-11-04T12:17:46Z" user="Shahinnia" uid="3844346" lat="27.1865208" lon="56.3130564"/>
 <node id="5210343082" visible="true" version="1" changeset="53502656" timestamp="2017-11-04T12:17:46Z" user="Shahinnia" uid="3844346" lat="27.1865266" lon="56.3133208"/>
 <node id="5210343083" visible="true" version="1" changeset="53502656" timestamp="2017-11-04T12:17:46Z" user="Shahinnia" uid="3844346" lat="27.1855546" lon="56.3130951"/>
 <node id="5210343084" visible="true" version="2" changeset="135569845" timestamp="2023-05-01T11:35:57Z" user="s@jj@d" uid="14377768" lat="27.1860064" lon="56.3126772"/>
 <node id="5210381121" visible="true" version="2" changeset="144095536" timestamp="2023-11-16T12:56:16Z" user="Saeed SJ" uid="9998669" lat="27.1861973" lon="56.3127491"/>
 <node id="5210381122" visible="true" version="1" changeset="53503085" timestamp="2017-11-04T12:38:07Z" user="Shahinnia" uid="3844346" lat="27.1875197" lon="56.3137662"/>
 <node id="5210381123" visible="true" version="1" changeset="53503085" timestamp="2017-11-04T12:38:07Z" user="Shahinnia" uid="3844346" lat="27.1868282" lon="56.3135489"/>
 <node id="5210381124" visible="true" version="1" changeset="53503085" timestamp="2017-11-04T12:38:07Z" user="Shahinnia" uid="3844346" lat="27.1885614" lon="56.3163409"/>
 <node id="5210381125" visible="true" version="2" changeset="122367542" timestamp="2022-06-14T10:57:52Z" user="hasaan22" uid="9514331" lat="27.1885523" lon="56.3151176"/>
 <node id="5210381126" visible="true" version="1" changeset="53503085" timestamp="2017-11-04T12:38:07Z" user="Shahinnia" uid="3844346" lat="27.1885547" lon="56.3144886"/>
 <node id="5210381127" visible="true" version="1" changeset="53503085" timestamp="2017-11-04T12:38:07Z" user="Shahinnia" uid="3844346" lat="27.1884992" lon="56.3142940"/>
 <node id="5210381128" visible="true" version="1" changeset="53503085" timestamp="2017-11-04T12:38:07Z" user="Shahinnia" uid="3844346" lat="27.1884038" lon="56.3141599"/>
 <node id="5210381129" visible="true" version="1" changeset="53503085" timestamp="2017-11-04T12:38:07Z" user="Shahinnia" uid="3844346" lat="27.1883631" lon="56.3140784"/>
 <node id="5210381130" visible="true" version="3" changeset="135569845" timestamp="2023-05-01T11:35:57Z" user="s@jj@d" uid="14377768" lat="27.1881896" lon="56.3152842"/>
 <node id="5210381133" visible="true" version="3" changeset="144163732" timestamp="2023-11-18T07:14:12Z" user="Saeed SJ" uid="9998669" lat="27.1882098" lon="56.3140284"/>
 <node id="5210381134" visible="true" version="2" changeset="135569845" timestamp="2023-05-01T11:35:57Z" user="s@jj@d" uid="14377768" lat="27.1875913" lon="56.3152186"/>
 <node id="5210381138" visible="true" version="2" changeset="144163732" timestamp="2023-11-18T07:14:12Z" user="Saeed SJ" uid="9998669" lat="27.1885505" lon="56.3152614"/>
 <node id="5210381139" visible="true" version="1" changeset="53503085" timestamp="2017-11-04T12:38:07Z" user="Shahinnia" uid="3844346" lat="27.1883326" lon="56.3164181"/>
 <node id="5210381140" visible="true" version="2" changeset="144163732" timestamp="2023-11-18T07:14:12Z" user="Saeed SJ" uid="9998669" lat="27.1883038" lon="56.3162685"/>
 <node id="5210381141" visible="true" version="2" changeset="144163732" timestamp="2023-11-18T07:14:12Z" user="Saeed SJ" uid="9998669" lat="27.1882691" lon="56.3161210"/>
 <node id="5210381142" visible="true" version="3" changeset="144163732" timestamp="2023-11-18T07:14:12Z" user="Saeed SJ" uid="9998669" lat="27.1881260" lon="56.3161210"/>
 <node id="5210381143" visible="true" version="1" changeset="53503085" timestamp="2017-11-04T12:38:07Z" user="Shahinnia" uid="3844346" lat="27.1880329" lon="56.3160352"/>
 <node id="5210381144" visible="true" version="2" changeset="135569845" timestamp="2023-05-01T11:35:57Z" user="s@jj@d" uid="14377768" lat="27.1879709" lon="56.3158809"/>
 <node id="5210381145" visible="true" version="2" changeset="135569845" timestamp="2023-05-01T11:35:57Z" user="s@jj@d" uid="14377768" lat="27.1878659" lon="56.3158340"/>
 <node id="5210381146" visible="true" version="2" changeset="144163732" timestamp="2023-11-18T07:14:12Z" user="Saeed SJ" uid="9998669" lat="27.1877222" lon="56.3157925"/>
 <node id="5210381147" visible="true" version="2" changeset="135569845" timestamp="2023-05-01T11:35:57Z" user="s@jj@d" uid="14377768" lat="27.1875629" lon="56.3157662"/>
 <node id="5210381150" visible="true" version="1" changeset="53503085" timestamp="2017-11-04T12:38:08Z" user="Shahinnia" uid="3844346" lat="27.1876506" lon="56.3147222"/>
 <node id="5210381151" visible="true" version="2" changeset="135569845" timestamp="2023-05-01T11:35:57Z" user="s@jj@d" uid="14377768" lat="27.1875894" lon="56.3145647"/>
 <node id="5210381152" visible="true" version="2" changeset="135569845" timestamp="2023-05-01T11:35:57Z" user="s@jj@d" uid="14377768" lat="27.1873365" lon="56.3142684"/>
 <node id="5210381154" visible="true" version="1" changeset="53503085" timestamp="2017-11-04T12:38:08Z" user="Shahinnia" uid="3844346" lat="27.1870465" lon="56.3141643"/>
 <node id="5210381155" visible="true" version="1" changeset="53503085" timestamp="2017-11-04T12:38:08Z" user="Shahinnia" uid="3844346" lat="27.1873200" lon="56.3157683"/>
 <node id="5210381159" visible="true" version="1" changeset="53503085" timestamp="2017-11-04T12:38:08Z" user="Shahinnia" uid="3844346" lat="27.1863234" lon="56.3159860"/>
 <node id="5210381160" visible="true" version="1" changeset="53503085" timestamp="2017-11-04T12:38:08Z" user="Shahinnia" uid="3844346" lat="27.1868138" lon="56.3158730"/>
 <node id="5210381161" visible="true" version="1" changeset="53503085" timestamp="2017-11-04T12:38:08Z" user="Shahinnia" uid="3844346" lat="27.1875118" lon="56.3157723"/>
 <node id="5210381162" visible="true" version="1" changeset="53503085" timestamp="2017-11-04T12:38:08Z" user="Shahinnia" uid="3844346" lat="27.1867906" lon="56.3150865"/>
 <node id="5210381163" visible="true" version="2" changeset="71043646" timestamp="2019-06-08T05:52:48Z" user="fereydoon555" uid="9543799" lat="27.1868586" lon="56.3155121"/>
 <node id="5210381164" visible="true" version="1" changeset="53503085" timestamp="2017-11-04T12:38:08Z" user="Shahinnia" uid="3844346" lat="27.1863927" lon="56.3152955"/>
 <node id="5210381165" visible="true" version="1" changeset="53503085" timestamp="2017-11-04T12:38:08Z" user="Shahinnia" uid="3844346" lat="27.1865550" lon="56.3153009"/>
 <node id="5210381166" visible="true" version="1" changeset="53503085" timestamp="2017-11-04T12:38:08Z" user="Shahinnia" uid="3844346" lat="27.1868326" lon="56.3152909"/>
 <node id="5210381167" visible="true" version="1" changeset="53503085" timestamp="2017-11-04T12:38:08Z" user="Shahinnia" uid="3844346" lat="27.1863035" lon="56.3147902"/>
 <node id="5210381168" visible="true" version="1" changeset="53503085" timestamp="2017-11-04T12:38:08Z" user="Shahinnia" uid="3844346" lat="27.1867460" lon="56.3147084"/>
 <node id="5210381169" visible="true" version="2" changeset="144163732" timestamp="2023-11-18T07:14:12Z" user="Saeed SJ" uid="9998669" lat="27.1864322" lon="56.3143662"/>
 <node id="5210381170" visible="true" version="2" changeset="62915613" timestamp="2018-09-25T14:22:48Z" user="Mesut ozil" uid="8377537" lat="27.1862577" lon="56.3139488"/>
 <node id="5210381171" visible="true" version="1" changeset="53503085" timestamp="2017-11-04T12:38:08Z" user="Shahinnia" uid="3844346" lat="27.1861950" lon="56.3140312"/>
 <node id="5210381172" visible="true" version="1" changeset="53503085" timestamp="2017-11-04T12:38:08Z" user="Shahinnia" uid="3844346" lat="27.1859946" lon="56.3140795"/>
 <node id="5210381173" visible="true" version="1" changeset="53503085" timestamp="2017-11-04T12:38:08Z" user="Shahinnia" uid="3844346" lat="27.1855594" lon="56.3142025"/>
 <node id="5210381174" visible="true" version="1" changeset="53503085" timestamp="2017-11-04T12:38:08Z" user="Shahinnia" uid="3844346" lat="27.1861889" lon="56.3143796"/>
 <node id="5210381175" visible="true" version="1" changeset="53503085" timestamp="2017-11-04T12:38:08Z" user="Shahinnia" uid="3844346" lat="27.1859455" lon="56.3143743"/>
 <node id="5210381176" visible="true" version="1" changeset="53503085" timestamp="2017-11-04T12:38:08Z" user="Shahinnia" uid="3844346" lat="27.1856284" lon="56.3144330"/>
 <node id="5210381177" visible="true" version="1" changeset="53503085" timestamp="2017-11-04T12:38:08Z" user="Shahinnia" uid="3844346" lat="27.1860336" lon="56.3143762"/>
 <node id="5210381178" visible="true" version="1" changeset="53503085" timestamp="2017-11-04T12:38:08Z" user="Shahinnia" uid="3844346" lat="27.1860934" lon="56.3148368"/>
 <node id="5210381179" visible="true" version="1" changeset="53503085" timestamp="2017-11-04T12:38:08Z" user="Shahinnia" uid="3844346" lat="27.1864676" lon="56.3145804"/>
 <node id="5210381180" visible="true" version="1" changeset="53503085" timestamp="2017-11-04T12:38:08Z" user="Shahinnia" uid="3844346" lat="27.1857587" lon="56.3152731"/>
 <node id="5210381181" visible="true" version="1" changeset="53503085" timestamp="2017-11-04T12:38:08Z" user="Shahinnia" uid="3844346" lat="27.1859887" lon="56.3152283"/>
 <node id="5210381182" visible="true" version="1" changeset="53503085" timestamp="2017-11-04T12:38:08Z" user="Shahinnia" uid="3844346" lat="27.1860698" lon="56.3151639"/>
 <node id="5210381183" visible="true" version="1" changeset="53503085" timestamp="2017-11-04T12:38:08Z" user="Shahinnia" uid="3844346" lat="27.1860340" lon="56.3148499"/>
 <node id="5210381184" visible="true" version="1" changeset="53503085" timestamp="2017-11-04T12:38:08Z" user="Shahinnia" uid="3844346" lat="27.1860914" lon="56.3156409"/>
 <node id="5210381185" visible="true" version="1" changeset="53503085" timestamp="2017-11-04T12:38:08Z" user="Shahinnia" uid="3844346" lat="27.1862422" lon="56.3156162"/>
 <node id="5210381186" visible="true" version="1" changeset="53503085" timestamp="2017-11-04T12:38:08Z" user="Shahinnia" uid="3844346" lat="27.1863090" lon="56.3155572"/>
 <node id="5210381187" visible="true" version="1" changeset="53503085" timestamp="2017-11-04T12:38:08Z" user="Shahinnia" uid="3844346" lat="27.1865428" lon="56.3155303"/>
 <node id="5210381191" visible="true" version="2" changeset="135569845" timestamp="2023-05-01T11:35:57Z" user="s@jj@d" uid="14377768" lat="27.1863459" lon="56.3150516"/>
 <node id="5210381192" visible="true" version="1" changeset="53503085" timestamp="2017-11-04T12:38:08Z" user="Shahinnia" uid="3844346" lat="27.1865237" lon="56.3150154"/>
 <node id="5210381193" visible="true" version="1" changeset="53503085" timestamp="2017-11-04T12:38:08Z" user="Shahinnia" uid="3844346" lat="27.1865667" lon="56.3149564"/>
 <node id="5210381194" visible="true" version="1" changeset="53503085" timestamp="2017-11-04T12:38:08Z" user="Shahinnia" uid="3844346" lat="27.1867620" lon="56.3149139"/>
 <node id="5210381195" visible="true" version="1" changeset="53503085" timestamp="2017-11-04T12:38:08Z" user="Shahinnia" uid="3844346" lat="27.1862445" lon="56.3154103"/>
 <node id="5210381196" visible="true" version="1" changeset="53503085" timestamp="2017-11-04T12:38:08Z" user="Shahinnia" uid="3844346" lat="27.1859382" lon="56.3152381"/>
 <node id="5210381197" visible="true" version="1" changeset="53503085" timestamp="2017-11-04T12:38:08Z" user="Shahinnia" uid="3844346" lat="27.1864640" lon="56.3157268"/>
 <node id="5210381198" visible="true" version="1" changeset="53503085" timestamp="2017-11-04T12:38:08Z" user="Shahinnia" uid="3844346" lat="27.1865102" lon="56.3159430"/>
 <node id="5210381199" visible="true" version="1" changeset="53503085" timestamp="2017-11-04T12:38:08Z" user="Shahinnia" uid="3844346" lat="27.1863587" lon="56.3155515"/>
 <node id="5210381200" visible="true" version="1" changeset="53503085" timestamp="2017-11-04T12:38:08Z" user="Shahinnia" uid="3844346" lat="27.1863718" lon="56.3157522"/>
 <node id="5210381201" visible="true" version="2" changeset="144164000" timestamp="2023-11-18T07:30:02Z" user="Saeed SJ" uid="9998669" lat="27.1862179" lon="56.3162198"/>
 <node id="5210381202" visible="true" version="1" changeset="53503085" timestamp="2017-11-04T12:38:09Z" user="Shahinnia" uid="3844346" lat="27.1864611" lon="56.3161757"/>
 <node id="5210381203" visible="true" version="2" changeset="144164000" timestamp="2023-11-18T07:30:02Z" user="Saeed SJ" uid="9998669" lat="27.1861094" lon="56.3159704"/>
 <node id="5210381204" visible="true" version="1" changeset="53503085" timestamp="2017-11-04T12:38:09Z" user="Shahinnia" uid="3844346" lat="27.1856652" lon="56.3162120"/>
 <node id="5210381205" visible="true" version="1" changeset="53503085" timestamp="2017-11-04T12:38:09Z" user="Shahinnia" uid="3844346" lat="27.1857694" lon="56.3162506"/>
 <node id="5210381206" visible="true" version="1" changeset="53503085" timestamp="2017-11-04T12:38:09Z" user="Shahinnia" uid="3844346" lat="27.1858028" lon="56.3163204"/>
 <node id="5210381207" visible="true" version="1" changeset="53503085" timestamp="2017-11-04T12:38:09Z" user="Shahinnia" uid="3844346" lat="27.1858267" lon="56.3164438"/>
 <node id="5210381208" visible="true" version="1" changeset="53503085" timestamp="2017-11-04T12:38:09Z" user="Shahinnia" uid="3844346" lat="27.1859651" lon="56.3162560"/>
 <node id="5210381209" visible="true" version="1" changeset="53503085" timestamp="2017-11-04T12:38:09Z" user="Shahinnia" uid="3844346" lat="27.1857646" lon="56.3165189"/>
 <node id="5210381210" visible="true" version="2" changeset="135570039" timestamp="2023-05-01T11:42:19Z" user="s@jj@d" uid="14377768" lat="27.1844778" lon="56.3168867">
  <tag k="barrier" v="block"/>
  <tag k="bicycle" v="yes"/>
  <tag k="foot" v="yes"/>
  <tag k="motorcycle" v="yes"/>
 </node>
 <node id="5210405771" visible="true" version="2" changeset="61007192" timestamp="2018-07-24T06:12:03Z" user="shokrian" uid="3790533" lat="27.1850825" lon="56.3210907"/>
 <node id="5210405772" visible="true" version="2" changeset="61007192" timestamp="2018-07-24T06:12:03Z" user="shokrian" uid="3790533" lat="27.1856801" lon="56.3193896"/>
 <node id="5210405775" visible="true" version="1" changeset="53503325" timestamp="2017-11-04T12:51:47Z" user="Shahinnia" uid="3844346" lat="27.1885382" lon="56.3187124"/>
 <node id="5210405776" visible="true" version="1" changeset="53503325" timestamp="2017-11-04T12:51:47Z" user="Shahinnia" uid="3844346" lat="27.1886909" lon="56.3187875"/>
 <node id="5210405777" visible="true" version="1" changeset="53503325" timestamp="2017-11-04T12:51:47Z" user="Shahinnia" uid="3844346" lat="27.1887195" lon="56.3190611"/>
 <node id="5210405778" visible="true" version="1" changeset="53503325" timestamp="2017-11-04T12:51:47Z" user="Shahinnia" uid="3844346" lat="27.1889526" lon="56.3206740"/>
 <node id="5210405779" visible="true" version="2" changeset="144165330" timestamp="2023-11-18T08:33:36Z" user="Saeed SJ" uid="9998669" lat="27.1889664" lon="56.3198695"/>
 <node id="5210410561" visible="true" version="2" changeset="133811487" timestamp="2023-03-18T06:09:35Z" user="ali-14" uid="13408893" lat="27.1889934" lon="56.3184765"/>
 <node id="5210410562" visible="true" version="1" changeset="53503431" timestamp="2017-11-04T12:56:13Z" user="Shahinnia" uid="3844346" lat="27.1892129" lon="56.3183719"/>
 <node id="5210410563" visible="true" version="1" changeset="53503431" timestamp="2017-11-04T12:56:13Z" user="Shahinnia" uid="3844346" lat="27.1894944" lon="56.3182432"/>
 <node id="5210410567" visible="true" version="1" changeset="53503431" timestamp="2017-11-04T12:56:13Z" user="Shahinnia" uid="3844346" lat="27.1919001" lon="56.3173700"/>
 <node id="5210410568" visible="true" version="2" changeset="129146387" timestamp="2022-11-20T07:37:54Z" user="nshz" uid="9513428" lat="27.1922509" lon="56.3172520"/>
 <node id="5210410570" visible="true" version="1" changeset="53503431" timestamp="2017-11-04T12:56:13Z" user="Shahinnia" uid="3844346" lat="27.1935273" lon="56.3168433"/>
 <node id="5210410575" visible="true" version="2" changeset="109564290" timestamp="2021-08-12T10:19:25Z" user="lvlahdi" uid="223057" lat="27.1952019" lon="56.3186073"/>
 <node id="5210814652" visible="true" version="1" changeset="53508863" timestamp="2017-11-04T16:39:32Z" user="Shahinnia" uid="3844346" lat="27.1930026" lon="56.3345280"/>
 <node id="5210814655" visible="true" version="1" changeset="53508863" timestamp="2017-11-04T16:39:32Z" user="Shahinnia" uid="3844346" lat="27.1929644" lon="56.3344422"/>
 <node id="5218298863" visible="true" version="2" changeset="109564290" timestamp="2021-08-12T10:19:25Z" user="lvlahdi" uid="223057" lat="27.1957767" lon="56.3185126"/>
 <node id="5218318156" visible="true" version="2" changeset="144281955" timestamp="2023-11-21T11:00:55Z" user="Saeed SJ" uid="9998669" lat="27.1915228" lon="56.3188091"/>
 <node id="5218318164" visible="true" version="1" changeset="53615807" timestamp="2017-11-08T17:04:30Z" user="Shahinnia" uid="3844346" lat="27.1920339" lon="56.3173185"/>
 <node id="5218318165" visible="true" version="2" changeset="144281955" timestamp="2023-11-21T11:00:55Z" user="Saeed SJ" uid="9998669" lat="27.1925129" lon="56.3171631"/>
 <node id="5218318169" visible="true" version="2" changeset="144281955" timestamp="2023-11-21T11:00:55Z" user="Saeed SJ" uid="9998669" lat="27.1910042" lon="56.3177118"/>
 <node id="5218318172" visible="true" version="2" changeset="144167080" timestamp="2023-11-18T09:40:02Z" user="Saeed SJ" uid="9998669" lat="27.1902278" lon="56.3179926"/>
 <node id="5218318173" visible="true" version="2" changeset="102792783" timestamp="2021-04-12T09:58:47Z" user="🅢🅐🅜🅐🅝➤" uid="12256000" lat="27.1905600" lon="56.3190689"/>
 <node id="5221645574" visible="true" version="1" changeset="53668422" timestamp="2017-11-10T14:42:37Z" user="Shahinnia" uid="3844346" lat="27.1905672" lon="56.3265128"/>
 <node id="5221993254" visible="true" version="1" changeset="53674007" timestamp="2017-11-10T18:15:56Z" user="Shahinnia" uid="3844346" lat="27.1923393" lon="56.3155794"/>
 <node id="5221993257" visible="true" version="1" changeset="53674007" timestamp="2017-11-10T18:15:56Z" user="Shahinnia" uid="3844346" lat="27.1916616" lon="56.3162065"/>
 <node id="5222003761" visible="true" version="1" changeset="53674163" timestamp="2017-11-10T18:21:24Z" user="Shahinnia" uid="3844346" lat="27.1909107" lon="56.3167587"/>
 <node id="5250946901" visible="true" version="1" changeset="54131464" timestamp="2017-11-27T20:01:47Z" user="lvlahdi" uid="223057" lat="27.1944285" lon="56.3371070"/>
 <node id="5780874454" visible="true" version="1" changeset="61007192" timestamp="2018-07-24T06:12:02Z" user="shokrian" uid="3790533" lat="27.1854044" lon="56.3195298"/>
 <node id="5780874455" visible="true" version="1" changeset="61007192" timestamp="2018-07-24T06:12:03Z" user="shokrian" uid="3790533" lat="27.1852067" lon="56.3197539"/>
 <node id="5780874456" visible="true" version="1" changeset="61007192" timestamp="2018-07-24T06:12:03Z" user="shokrian" uid="3790533" lat="27.1850895" lon="56.3201018"/>
 <node id="5895547343" visible="true" version="3" changeset="62764635" timestamp="2018-09-20T14:03:01Z" user="wambacher" uid="201359" lat="27.1804503" lon="56.3006535"/>
 <node id="5895571927" visible="true" version="4" changeset="62764635" timestamp="2018-09-20T14:03:01Z" user="wambacher" uid="201359" lat="27.1887338" lon="56.3104132"/>
 <node id="5895571928" visible="true" version="3" changeset="62764635" timestamp="2018-09-20T14:03:01Z" user="wambacher" uid="201359" lat="27.1842072" lon="56.3108623"/>
 <node id="5895571929" visible="true" version="3" changeset="62764635" timestamp="2018-09-20T14:03:01Z" user="wambacher" uid="201359" lat="27.1831180" lon="56.3109951"/>
 <node id="5895571930" visible="true" version="3" changeset="62764635" timestamp="2018-09-20T14:03:01Z" user="wambacher" uid="201359" lat="27.1822595" lon="56.3111724"/>
 <node id="5895571931" visible="true" version="3" changeset="62764635" timestamp="2018-09-20T14:03:01Z" user="wambacher" uid="201359" lat="27.1819234" lon="56.3091406"/>
 <node id="5895571932" visible="true" version="3" changeset="62764635" timestamp="2018-09-20T14:03:01Z" user="wambacher" uid="201359" lat="27.1815023" lon="56.3066471"/>
 <node id="5895571933" visible="true" version="4" changeset="62764635" timestamp="2018-09-20T14:03:01Z" user="wambacher" uid="201359" lat="27.1812042" lon="56.3045540"/>
 <node id="5895571934" visible="true" version="3" changeset="62764635" timestamp="2018-09-20T14:03:01Z" user="wambacher" uid="201359" lat="27.1810065" lon="56.3045714"/>
 <node id="5895591711" visible="true" version="3" changeset="62764635" timestamp="2018-09-20T14:03:01Z" user="wambacher" uid="201359" lat="27.1828455" lon="56.3193086"/>
 <node id="5895591718" visible="true" version="3" changeset="79346061" timestamp="2020-01-08T15:48:07Z" user="Afnui12" uid="10074686" lat="27.1859609" lon="56.3142679">
  <tag k="name" v="نایبند جنوبی"/>
  <tag k="name:en" v="Nayband Jonoobi"/>
  <tag k="place" v="neighbourhood"/>
 </node>
 <node id="5895928378" visible="true" version="3" changeset="62764635" timestamp="2018-09-20T14:03:03Z" user="wambacher" uid="201359" lat="27.1923097" lon="56.3120269"/>
 <node id="5895928379" visible="true" version="4" changeset="62764635" timestamp="2018-09-20T14:03:03Z" user="wambacher" uid="201359" lat="27.1887510" lon="56.3124219"/>
 <node id="5895928383" visible="true" version="3" changeset="62764635" timestamp="2018-09-20T14:03:03Z" user="wambacher" uid="201359" lat="27.1894285" lon="56.3124224"/>
 <node id="5895928384" visible="true" version="3" changeset="62764635" timestamp="2018-09-20T14:03:03Z" user="wambacher" uid="201359" lat="27.1901658" lon="56.3120838"/>
 <node id="5895929485" visible="true" version="3" changeset="62764635" timestamp="2018-09-20T14:03:03Z" user="wambacher" uid="201359" lat="27.1903414" lon="56.3119904"/>
 <node id="5895929486" visible="true" version="3" changeset="62764635" timestamp="2018-09-20T14:03:03Z" user="wambacher" uid="201359" lat="27.1907849" lon="56.3128002"/>
 <node id="5895929487" visible="true" version="3" changeset="62764635" timestamp="2018-09-20T14:03:03Z" user="wambacher" uid="201359" lat="27.1912699" lon="56.3125874"/>
 <node id="5895929488" visible="true" version="3" changeset="62764635" timestamp="2018-09-20T14:03:03Z" user="wambacher" uid="201359" lat="27.1919352" lon="56.3123983"/>
 <node id="5895929489" visible="true" version="3" changeset="62764635" timestamp="2018-09-20T14:03:03Z" user="wambacher" uid="201359" lat="27.1923222" lon="56.3123089"/>
 <node id="5901555014" visible="true" version="4" changeset="62764635" timestamp="2018-09-20T14:03:06Z" user="wambacher" uid="201359" lat="27.1881621" lon="56.3055973"/>
 <node id="5903157955" visible="true" version="3" changeset="62764635" timestamp="2018-09-20T14:03:07Z" user="wambacher" uid="201359" lat="27.1885548" lon="56.3082626"/>
 <node id="5913431059" visible="true" version="1" changeset="62690475" timestamp="2018-09-18T09:29:40Z" user="lvlahdi" uid="223057" lat="27.1831615" lon="56.3179061"/>
 <node id="5913431060" visible="true" version="1" changeset="62690475" timestamp="2018-09-18T09:29:40Z" user="lvlahdi" uid="223057" lat="27.1832406" lon="56.3183447"/>
 <node id="5913431061" visible="true" version="1" changeset="62690475" timestamp="2018-09-18T09:29:40Z" user="lvlahdi" uid="223057" lat="27.1835852" lon="56.3190324"/>
 <node id="5913431062" visible="true" version="1" changeset="62690475" timestamp="2018-09-18T09:29:40Z" user="lvlahdi" uid="223057" lat="27.1837073" lon="56.3191038"/>
 <node id="5913431066" visible="true" version="1" changeset="62690475" timestamp="2018-09-18T09:29:40Z" user="lvlahdi" uid="223057" lat="27.1830250" lon="56.3163099"/>
 <node id="5929060051" visible="true" version="2" changeset="144322324" timestamp="2023-11-22T11:31:40Z" user="Saeed SJ" uid="9998669" lat="27.1814615" lon="56.2938471"/>
 <node id="5929060053" visible="true" version="2" changeset="144322324" timestamp="2023-11-22T11:31:40Z" user="Saeed SJ" uid="9998669" lat="27.1815087" lon="56.2946943"/>
 <node id="5929060054" visible="true" version="2" changeset="144322324" timestamp="2023-11-22T11:31:40Z" user="Saeed SJ" uid="9998669" lat="27.1816794" lon="56.2961741"/>
 <node id="5929060071" visible="true" version="2" changeset="144322324" timestamp="2023-11-22T11:31:40Z" user="Saeed SJ" uid="9998669" lat="27.1822914" lon="56.3005693"/>
 <node id="5929060292" visible="true" version="3" changeset="144087235" timestamp="2023-11-16T09:59:55Z" user="Saeed SJ" uid="9998669" lat="27.1838999" lon="56.3108579"/>
 <node id="5929060293" visible="true" version="2" changeset="144087663" timestamp="2023-11-16T10:10:36Z" user="Saeed SJ" uid="9998669" lat="27.1850101" lon="56.3114158"/>
 <node id="5929060294" visible="true" version="2" changeset="144087663" timestamp="2023-11-16T10:10:36Z" user="Saeed SJ" uid="9998669" lat="27.1842578" lon="56.3114832"/>
 <node id="5929060295" visible="true" version="2" changeset="79346171" timestamp="2020-01-08T15:51:29Z" user="Afnui12" uid="10074686" lat="27.1836236" lon="56.3169032"/>
 <node id="5929060296" visible="true" version="2" changeset="79346171" timestamp="2020-01-08T15:51:29Z" user="Afnui12" uid="10074686" lat="27.1836231" lon="56.3168054"/>
 <node id="5929060298" visible="true" version="2" changeset="144163732" timestamp="2023-11-18T07:14:12Z" user="Saeed SJ" uid="9998669" lat="27.1858822" lon="56.3138188"/>
 <node id="5929060299" visible="true" version="2" changeset="144163732" timestamp="2023-11-18T07:14:12Z" user="Saeed SJ" uid="9998669" lat="27.1863403" lon="56.3138911"/>
 <node id="5929060300" visible="true" version="1" changeset="62915613" timestamp="2018-09-25T14:22:44Z" user="Mesut ozil" uid="8377537" lat="27.1868578" lon="56.3140078"/>
 <node id="5929060308" visible="true" version="1" changeset="62915613" timestamp="2018-09-25T14:22:45Z" user="Mesut ozil" uid="8377537" lat="27.1881961" lon="56.3139111"/>
 <node id="5929060310" visible="true" version="2" changeset="134857882" timestamp="2023-04-13T11:06:25Z" user="F777" uid="13691644" lat="27.1885032" lon="56.3135051"/>
 <node id="5929060311" visible="true" version="2" changeset="134857882" timestamp="2023-04-13T11:06:25Z" user="F777" uid="13691644" lat="27.1882670" lon="56.3137740"/>
 <node id="5929060312" visible="true" version="2" changeset="134857882" timestamp="2023-04-13T11:06:25Z" user="F777" uid="13691644" lat="27.1876834" lon="56.3137439"/>
 <node id="5929060313" visible="true" version="2" changeset="134857882" timestamp="2023-04-13T11:06:25Z" user="F777" uid="13691644" lat="27.1877143" lon="56.3129865"/>
 <node id="5929060314" visible="true" version="3" changeset="134200564" timestamp="2023-03-28T03:33:33Z" user="mrash14" uid="2350452" lat="27.1884087" lon="56.3115914">
  <tag k="amenity" v="townhall"/>
  <tag k="email" v="sa.hosseini@ssaa.ir"/>
  <tag k="fax" v="07633344526"/>
  <tag k="name" v="اداره کل ثبت اسناد"/>
  <tag k="phone" v="+98 76 3334 4527"/>
  <tag k="website" v="https://hr.ssaa.ir"/>
 </node>
 <node id="5929060315" visible="true" version="1" changeset="62915613" timestamp="2018-09-25T14:22:45Z" user="Mesut ozil" uid="8377537" lat="27.1878867" lon="56.3104414"/>
 <node id="5929060316" visible="true" version="2" changeset="134857882" timestamp="2023-04-13T11:06:25Z" user="F777" uid="13691644" lat="27.1878099" lon="56.3098690"/>
 <node id="5929060322" visible="true" version="1" changeset="62915613" timestamp="2018-09-25T14:22:45Z" user="Mesut ozil" uid="8377537" lat="27.1857137" lon="56.3132916"/>
 <node id="5929060323" visible="true" version="1" changeset="62915613" timestamp="2018-09-25T14:22:45Z" user="Mesut ozil" uid="8377537" lat="27.1852741" lon="56.3105051">
  <tag k="amenity" v="place_of_worship"/>
  <tag k="denomination" v="sunni"/>
  <tag k="name" v="مسجد فاروق اعظم"/>
  <tag k="religion" v="muslim"/>
 </node>
 <node id="5929060331" visible="true" version="1" changeset="62915613" timestamp="2018-09-25T14:22:45Z" user="Mesut ozil" uid="8377537" lat="27.1838007" lon="56.3051131"/>
 <node id="5931584443" visible="true" version="1" changeset="62948378" timestamp="2018-09-26T14:25:47Z" user="Mesut ozil" uid="8377537" lat="27.1903631" lon="56.3141745"/>
 <node id="5943192005" visible="true" version="1" changeset="63096460" timestamp="2018-10-01T14:29:17Z" user="Mesut ozil" uid="8377537" lat="27.1928383" lon="56.3170783"/>
 <node id="5943192007" visible="true" version="1" changeset="63096460" timestamp="2018-10-01T14:29:17Z" user="Mesut ozil" uid="8377537" lat="27.1926105" lon="56.3171391"/>
 <node id="5943192009" visible="true" version="1" changeset="63096460" timestamp="2018-10-01T14:29:17Z" user="Mesut ozil" uid="8377537" lat="27.1930622" lon="56.3170089"/>
 <node id="5943192011" visible="true" version="1" changeset="63096460" timestamp="2018-10-01T14:29:17Z" user="Mesut ozil" uid="8377537" lat="27.1934886" lon="56.3188412"/>
 <node id="6072900364" visible="true" version="1" changeset="64643558" timestamp="2018-11-19T10:24:45Z" user="Amin Saleh" uid="6270762" lat="27.2007573" lon="56.3085554"/>
 <node id="6072900365" visible="true" version="1" changeset="64643558" timestamp="2018-11-19T10:24:45Z" user="Amin Saleh" uid="6270762" lat="27.2002298" lon="56.3083608"/>
 <node id="6072900366" visible="true" version="1" changeset="64643558" timestamp="2018-11-19T10:24:45Z" user="Amin Saleh" uid="6270762" lat="27.1999078" lon="56.3083327"/>
 <node id="6072900367" visible="true" version="1" changeset="64643558" timestamp="2018-11-19T10:24:45Z" user="Amin Saleh" uid="6270762" lat="27.1993161" lon="56.3086814"/>
 <node id="6072900368" visible="true" version="1" changeset="64643558" timestamp="2018-11-19T10:24:45Z" user="Amin Saleh" uid="6270762" lat="27.1987806" lon="56.3090166"/>
 <node id="6072900369" visible="true" version="1" changeset="64643558" timestamp="2018-11-19T10:24:45Z" user="Amin Saleh" uid="6270762" lat="27.1984323" lon="56.3090461"/>
 <node id="6072900370" visible="true" version="1" changeset="64643558" timestamp="2018-11-19T10:24:45Z" user="Amin Saleh" uid="6270762" lat="27.1979062" lon="56.3091977"/>
 <node id="6072900371" visible="true" version="1" changeset="64643558" timestamp="2018-11-19T10:24:45Z" user="Amin Saleh" uid="6270762" lat="27.1969484" lon="56.3094619"/>
 <node id="6072900372" visible="true" version="1" changeset="64643558" timestamp="2018-11-19T10:24:45Z" user="Amin Saleh" uid="6270762" lat="27.1968410" lon="56.3094646"/>
 <node id="6072900373" visible="true" version="1" changeset="64643558" timestamp="2018-11-19T10:24:45Z" user="Amin Saleh" uid="6270762" lat="27.1958295" lon="56.3096389"/>
 <node id="6072900374" visible="true" version="1" changeset="64643558" timestamp="2018-11-19T10:24:45Z" user="Amin Saleh" uid="6270762" lat="27.1950136" lon="56.3097100"/>
 <node id="6072900375" visible="true" version="1" changeset="64643558" timestamp="2018-11-19T10:24:45Z" user="Amin Saleh" uid="6270762" lat="27.1952068" lon="56.3114588"/>
 <node id="6072900376" visible="true" version="1" changeset="64643558" timestamp="2018-11-19T10:24:45Z" user="Amin Saleh" uid="6270762" lat="27.1947225" lon="56.3115433"/>
 <node id="6072900377" visible="true" version="1" changeset="64643558" timestamp="2018-11-19T10:24:45Z" user="Amin Saleh" uid="6270762" lat="27.1944112" lon="56.3116439"/>
 <node id="6072900378" visible="true" version="1" changeset="64643558" timestamp="2018-11-19T10:24:45Z" user="Amin Saleh" uid="6270762" lat="27.1942203" lon="56.3116264"/>
 <node id="6072900379" visible="true" version="1" changeset="64643558" timestamp="2018-11-19T10:24:45Z" user="Amin Saleh" uid="6270762" lat="27.1938661" lon="56.3116747"/>
 <node id="6072900380" visible="true" version="1" changeset="64643558" timestamp="2018-11-19T10:24:45Z" user="Amin Saleh" uid="6270762" lat="27.1935845" lon="56.3117404"/>
 <node id="6072900381" visible="true" version="1" changeset="64643558" timestamp="2018-11-19T10:24:45Z" user="Amin Saleh" uid="6270762" lat="27.1933567" lon="56.3117713"/>
 <node id="6072900382" visible="true" version="1" changeset="64643558" timestamp="2018-11-19T10:24:45Z" user="Amin Saleh" uid="6270762" lat="27.1931157" lon="56.3118343"/>
 <node id="6072900383" visible="true" version="1" changeset="64643558" timestamp="2018-11-19T10:24:45Z" user="Amin Saleh" uid="6270762" lat="27.1922461" lon="56.3119738"/>
 <node id="6072900384" visible="true" version="1" changeset="64643558" timestamp="2018-11-19T10:24:45Z" user="Amin Saleh" uid="6270762" lat="27.1921817" lon="56.3120113"/>
 <node id="6072900585" visible="true" version="1" changeset="64643558" timestamp="2018-11-19T10:24:45Z" user="Amin Saleh" uid="6270762" lat="27.1923284" lon="56.3122702"/>
 <node id="6072900586" visible="true" version="1" changeset="64643558" timestamp="2018-11-19T10:24:45Z" user="Amin Saleh" uid="6270762" lat="27.1923344" lon="56.3123198"/>
 <node id="6072900587" visible="true" version="1" changeset="64643558" timestamp="2018-11-19T10:24:45Z" user="Amin Saleh" uid="6270762" lat="27.1917058" lon="56.3123828"/>
 <node id="6072900588" visible="true" version="1" changeset="64643558" timestamp="2018-11-19T10:24:45Z" user="Amin Saleh" uid="6270762" lat="27.1915602" lon="56.3124298"/>
 <node id="6072900589" visible="true" version="1" changeset="64643558" timestamp="2018-11-19T10:24:45Z" user="Amin Saleh" uid="6270762" lat="27.1915387" lon="56.3125035"/>
 <node id="6072900590" visible="true" version="1" changeset="64643558" timestamp="2018-11-19T10:24:45Z" user="Amin Saleh" uid="6270762" lat="27.1913503" lon="56.3125344"/>
 <node id="6072900591" visible="true" version="1" changeset="64643558" timestamp="2018-11-19T10:24:45Z" user="Amin Saleh" uid="6270762" lat="27.1912918" lon="56.3125840"/>
 <node id="6072900592" visible="true" version="1" changeset="64643558" timestamp="2018-11-19T10:24:45Z" user="Amin Saleh" uid="6270762" lat="27.1907825" lon="56.3128307"/>
 <node id="6072900593" visible="true" version="1" changeset="64643558" timestamp="2018-11-19T10:24:45Z" user="Amin Saleh" uid="6270762" lat="27.1903745" lon="56.3119671"/>
 <node id="6072900594" visible="true" version="1" changeset="64643558" timestamp="2018-11-19T10:24:45Z" user="Amin Saleh" uid="6270762" lat="27.1896635" lon="56.3123587"/>
 <node id="6072900595" visible="true" version="1" changeset="64643558" timestamp="2018-11-19T10:24:45Z" user="Amin Saleh" uid="6270762" lat="27.1893534" lon="56.3124472"/>
 <node id="6072900596" visible="true" version="1" changeset="64643558" timestamp="2018-11-19T10:24:46Z" user="Amin Saleh" uid="6270762" lat="27.1890215" lon="56.3195700"/>
 <node id="6072901339" visible="true" version="1" changeset="64643558" timestamp="2018-11-19T10:24:50Z" user="Amin Saleh" uid="6270762" lat="27.1849037" lon="56.3211349"/>
 <node id="6072901340" visible="true" version="1" changeset="64643558" timestamp="2018-11-19T10:24:50Z" user="Amin Saleh" uid="6270762" lat="27.1851948" lon="56.3192815"/>
 <node id="6072901681" visible="true" version="1" changeset="64643558" timestamp="2018-11-19T10:24:52Z" user="Amin Saleh" uid="6270762" lat="27.1829019" lon="56.3110216"/>
 <node id="6072901682" visible="true" version="1" changeset="64643558" timestamp="2018-11-19T10:24:52Z" user="Amin Saleh" uid="6270762" lat="27.1852437" lon="56.3107487"/>
 <node id="6072901683" visible="true" version="1" changeset="64643558" timestamp="2018-11-19T10:24:53Z" user="Amin Saleh" uid="6270762" lat="27.1860847" lon="56.3106655"/>
 <node id="6072901684" visible="true" version="1" changeset="64643558" timestamp="2018-11-19T10:24:53Z" user="Amin Saleh" uid="6270762" lat="27.1875616" lon="56.3105187"/>
 <node id="6072901885" visible="true" version="1" changeset="64643558" timestamp="2018-11-19T10:24:53Z" user="Amin Saleh" uid="6270762" lat="27.1883227" lon="56.3104409"/>
 <node id="6072901886" visible="true" version="1" changeset="64643558" timestamp="2018-11-19T10:24:53Z" user="Amin Saleh" uid="6270762" lat="27.1887426" lon="56.3104033"/>
 <node id="6072903125" visible="true" version="1" changeset="64643558" timestamp="2018-11-19T10:25:01Z" user="Amin Saleh" uid="6270762" lat="27.1889409" lon="56.3189438"/>
 <node id="6072903126" visible="true" version="1" changeset="64643558" timestamp="2018-11-19T10:25:01Z" user="Amin Saleh" uid="6270762" lat="27.1888366" lon="56.3183448"/>
 <node id="6072903127" visible="true" version="1" changeset="64643558" timestamp="2018-11-19T10:25:01Z" user="Amin Saleh" uid="6270762" lat="27.1887340" lon="56.3153715"/>
 <node id="6072903128" visible="true" version="1" changeset="64643558" timestamp="2018-11-19T10:25:01Z" user="Amin Saleh" uid="6270762" lat="27.1887378" lon="56.3124654"/>
 <node id="6072903129" visible="true" version="1" changeset="64643558" timestamp="2018-11-19T10:25:01Z" user="Amin Saleh" uid="6270762" lat="27.1887367" lon="56.3099568"/>
 <node id="6072903130" visible="true" version="1" changeset="64643558" timestamp="2018-11-19T10:25:01Z" user="Amin Saleh" uid="6270762" lat="27.1885632" lon="56.3083234"/>
 <node id="6072903131" visible="true" version="1" changeset="64643558" timestamp="2018-11-19T10:25:01Z" user="Amin Saleh" uid="6270762" lat="27.1882713" lon="56.3067422"/>
 <node id="6181241827" visible="true" version="1" changeset="65993669" timestamp="2019-01-03T16:04:19Z" user="kiaraSh-Q" uid="2693232" lat="27.1808246" lon="56.3012778">
  <tag k="crossing_ref" v="zebra"/>
  <tag k="highway" v="crossing"/>
 </node>
 <node id="6181241828" visible="true" version="1" changeset="65993669" timestamp="2019-01-03T16:04:19Z" user="kiaraSh-Q" uid="2693232" lat="27.1809651" lon="56.3012521">
  <tag k="crossing_ref" v="zebra"/>
  <tag k="highway" v="crossing"/>
 </node>
 <node id="6181241829" visible="true" version="1" changeset="65993669" timestamp="2019-01-03T16:04:19Z" user="kiaraSh-Q" uid="2693232" lat="27.1812017" lon="56.3012087">
  <tag k="crossing_ref" v="zebra"/>
  <tag k="highway" v="crossing"/>
 </node>
 <node id="6181241830" visible="true" version="1" changeset="65993669" timestamp="2019-01-03T16:04:19Z" user="kiaraSh-Q" uid="2693232" lat="27.1807996" lon="56.3010820"/>
 <node id="6337355676" visible="true" version="2" changeset="144163732" timestamp="2023-11-18T07:14:12Z" user="Saeed SJ" uid="9998669" lat="27.1882053" lon="56.3147416"/>
 <node id="6517795366" visible="true" version="1" changeset="70877238" timestamp="2019-06-03T08:37:52Z" user="fereydoon555" uid="9543799" lat="27.1821149" lon="56.3075435"/>
 <node id="6517795367" visible="true" version="1" changeset="70877238" timestamp="2019-06-03T08:37:52Z" user="fereydoon555" uid="9543799" lat="27.1873553" lon="56.3085463"/>
 <node id="6533236482" visible="true" version="1" changeset="71042803" timestamp="2019-06-08T04:20:19Z" user="fereydoon555" uid="9543799" lat="27.1830116" lon="56.3151428"/>
 <node id="6533299016" visible="true" version="1" changeset="71043096" timestamp="2019-06-08T04:58:05Z" user="fereydoon555" uid="9543799" lat="27.1856242" lon="56.3127691"/>
 <node id="6533309950" visible="true" version="2" changeset="135569845" timestamp="2023-05-01T11:35:57Z" user="s@jj@d" uid="14377768" lat="27.1866803" lon="56.3140775"/>
 <node id="6533355730" visible="true" version="1" changeset="71044132" timestamp="2019-06-08T06:36:46Z" user="fereydoon555" uid="9543799" lat="27.1896254" lon="56.3191076"/>
 <node id="6533525610" visible="true" version="3" changeset="130777282" timestamp="2023-01-02T08:50:20Z" user="ali-14" uid="13408893" lat="27.1932851" lon="56.3350959"/>
 <node id="6545047102" visible="true" version="3" changeset="144278458" timestamp="2023-11-21T09:20:18Z" user="Saeed SJ" uid="9998669" lat="27.1932002" lon="56.3349280">
  <tag k="highway" v="traffic_signals"/>
  <tag k="traffic_signals" v="signal"/>
 </node>
 <node id="6545047108" visible="true" version="2" changeset="71219831" timestamp="2019-06-13T13:57:17Z" user="Mhabnd" uid="9609499" lat="27.1931643" lon="56.3348547">
  <tag k="highway" v="traffic_signals"/>
  <tag k="traffic_signals" v="signal"/>
 </node>
 <node id="6545047109" visible="true" version="1" changeset="71219677" timestamp="2019-06-13T13:53:41Z" user="Mhabnd" uid="9609499" lat="27.1932410" lon="56.3350097"/>
 <node id="6545047115" visible="true" version="1" changeset="71219677" timestamp="2019-06-13T13:53:41Z" user="Mhabnd" uid="9609499" lat="27.1930162" lon="56.3345584"/>
 <node id="7117318362" visible="true" version="1" changeset="79346171" timestamp="2020-01-08T15:51:29Z" user="Afnui12" uid="10074686" lat="27.1847837" lon="56.3169413"/>
 <node id="7117318363" visible="true" version="1" changeset="79346171" timestamp="2020-01-08T15:51:29Z" user="Afnui12" uid="10074686" lat="27.1842050" lon="56.3168712"/>
 <node id="7117318364" visible="true" version="1" changeset="79346171" timestamp="2020-01-08T15:51:29Z" user="Afnui12" uid="10074686" lat="27.1841831" lon="56.3168943"/>
 <node id="7117318365" visible="true" version="1" changeset="79346171" timestamp="2020-01-08T15:51:29Z" user="Afnui12" uid="10074686" lat="27.1840582" lon="56.3175685"/>
 <node id="7117318366" visible="true" version="1" changeset="79346171" timestamp="2020-01-08T15:51:29Z" user="Afnui12" uid="10074686" lat="27.1840454" lon="56.3175860"/>
 <node id="7117318367" visible="true" version="1" changeset="79346171" timestamp="2020-01-08T15:51:29Z" user="Afnui12" uid="10074686" lat="27.1840537" lon="56.3177466"/>
 <node id="7117318368" visible="true" version="1" changeset="79346171" timestamp="2020-01-08T15:51:29Z" user="Afnui12" uid="10074686" lat="27.1840382" lon="56.3177687"/>
 <node id="7117318369" visible="true" version="1" changeset="79346171" timestamp="2020-01-08T15:51:29Z" user="Afnui12" uid="10074686" lat="27.1839177" lon="56.3177804"/>
 <node id="7117318370" visible="true" version="1" changeset="79346171" timestamp="2020-01-08T15:51:29Z" user="Afnui12" uid="10074686" lat="27.1839037" lon="56.3177704"/>
 <node id="7117318371" visible="true" version="1" changeset="79346171" timestamp="2020-01-08T15:51:29Z" user="Afnui12" uid="10074686" lat="27.1838864" lon="56.3176614"/>
 <node id="7117318372" visible="true" version="1" changeset="79346171" timestamp="2020-01-08T15:51:29Z" user="Afnui12" uid="10074686" lat="27.1838762" lon="56.3176483"/>
 <node id="7117318373" visible="true" version="2" changeset="144320798" timestamp="2023-11-22T10:46:35Z" user="Saeed SJ" uid="9998669" lat="27.1833160" lon="56.3171051"/>
 <node id="7117318374" visible="true" version="2" changeset="144320798" timestamp="2023-11-22T10:46:35Z" user="Saeed SJ" uid="9998669" lat="27.1833886" lon="56.3171367"/>
 <node id="7117318375" visible="true" version="1" changeset="79346171" timestamp="2020-01-08T15:51:29Z" user="Afnui12" uid="10074686" lat="27.1838585" lon="56.3173333"/>
 <node id="7117318376" visible="true" version="1" changeset="79346171" timestamp="2020-01-08T15:51:29Z" user="Afnui12" uid="10074686" lat="27.1838698" lon="56.3173071"/>
 <node id="7117318377" visible="true" version="1" changeset="79346171" timestamp="2020-01-08T15:51:29Z" user="Afnui12" uid="10074686" lat="27.1836060" lon="56.3169193"/>
 <node id="7117318378" visible="true" version="1" changeset="79346171" timestamp="2020-01-08T15:51:29Z" user="Afnui12" uid="10074686" lat="27.1836218" lon="56.3168230"/>
 <node id="7117318379" visible="true" version="1" changeset="79346171" timestamp="2020-01-08T15:51:29Z" user="Afnui12" uid="10074686" lat="27.1836316" lon="56.3167960"/>
 <node id="7117318380" visible="true" version="1" changeset="79346171" timestamp="2020-01-08T15:51:29Z" user="Afnui12" uid="10074686" lat="27.1840054" lon="56.3168071"/>
 <node id="7117318381" visible="true" version="1" changeset="79346171" timestamp="2020-01-08T15:51:29Z" user="Afnui12" uid="10074686" lat="27.1839744" lon="56.3168326"/>
 <node id="7117318382" visible="true" version="1" changeset="79346171" timestamp="2020-01-08T15:51:29Z" user="Afnui12" uid="10074686" lat="27.1846890" lon="56.3164531"/>
 <node id="7117318383" visible="true" version="1" changeset="79346171" timestamp="2020-01-08T15:51:29Z" user="Afnui12" uid="10074686" lat="27.1846317" lon="56.3164692"/>
 <node id="7117318384" visible="true" version="1" changeset="79346171" timestamp="2020-01-08T15:51:29Z" user="Afnui12" uid="10074686" lat="27.1845923" lon="56.3165255"/>
 <node id="7117331490" visible="true" version="1" changeset="79346013" timestamp="2020-01-08T15:46:49Z" user="Afnui12" uid="10074686" lat="27.1840483" lon="56.3155679"/>
 <node id="7117331491" visible="true" version="1" changeset="79346013" timestamp="2020-01-08T15:46:49Z" user="Afnui12" uid="10074686" lat="27.1840674" lon="56.3155304"/>
 <node id="7117331492" visible="true" version="2" changeset="135570135" timestamp="2023-05-01T11:45:24Z" user="s@jj@d" uid="14377768" lat="27.1839594" lon="56.3152668"/>
 <node id="7117331494" visible="true" version="1" changeset="79346013" timestamp="2020-01-08T15:46:49Z" user="Afnui12" uid="10074686" lat="27.1835406" lon="56.3139003"/>
 <node id="7117331495" visible="true" version="1" changeset="79346013" timestamp="2020-01-08T15:46:49Z" user="Afnui12" uid="10074686" lat="27.1835331" lon="56.3139134"/>
 <node id="7117331496" visible="true" version="1" changeset="79346013" timestamp="2020-01-08T15:46:49Z" user="Afnui12" uid="10074686" lat="27.1834877" lon="56.3139138"/>
 <node id="7117331497" visible="true" version="1" changeset="79346013" timestamp="2020-01-08T15:46:49Z" user="Afnui12" uid="10074686" lat="27.1834798" lon="56.3139290"/>
 <node id="7117331498" visible="true" version="1" changeset="79346013" timestamp="2020-01-08T15:46:49Z" user="Afnui12" uid="10074686" lat="27.1834702" lon="56.3142504"/>
 <node id="7117331499" visible="true" version="1" changeset="79346013" timestamp="2020-01-08T15:46:49Z" user="Afnui12" uid="10074686" lat="27.1834603" lon="56.3142637"/>
 <node id="7117331500" visible="true" version="1" changeset="79346013" timestamp="2020-01-08T15:46:49Z" user="Afnui12" uid="10074686" lat="27.1836430" lon="56.3143403"/>
 <node id="7117331501" visible="true" version="1" changeset="79346013" timestamp="2020-01-08T15:46:49Z" user="Afnui12" uid="10074686" lat="27.1836336" lon="56.3143531"/>
 <node id="7117331502" visible="true" version="1" changeset="79346013" timestamp="2020-01-08T15:46:49Z" user="Afnui12" uid="10074686" lat="27.1836392" lon="56.3146485"/>
 <node id="7117331503" visible="true" version="1" changeset="79346013" timestamp="2020-01-08T15:46:49Z" user="Afnui12" uid="10074686" lat="27.1836321" lon="56.3146698"/>
 <node id="7117331504" visible="true" version="1" changeset="79346013" timestamp="2020-01-08T15:46:49Z" user="Afnui12" uid="10074686" lat="27.1835976" lon="56.3146863"/>
 <node id="7117331505" visible="true" version="1" changeset="79346013" timestamp="2020-01-08T15:46:49Z" user="Afnui12" uid="10074686" lat="27.1835919" lon="56.3147038"/>
 <node id="7117331506" visible="true" version="1" changeset="79346013" timestamp="2020-01-08T15:46:49Z" user="Afnui12" uid="10074686" lat="27.1837576" lon="56.3151477"/>
 <node id="7117331507" visible="true" version="1" changeset="79346013" timestamp="2020-01-08T15:46:49Z" user="Afnui12" uid="10074686" lat="27.1837784" lon="56.3151307"/>
 <node id="7117331508" visible="true" version="1" changeset="79346013" timestamp="2020-01-08T15:46:49Z" user="Afnui12" uid="10074686" lat="27.1839545" lon="56.3150051"/>
 <node id="7117331509" visible="true" version="1" changeset="79346013" timestamp="2020-01-08T15:46:49Z" user="Afnui12" uid="10074686" lat="27.1839612" lon="56.3149785"/>
 <node id="7117331510" visible="true" version="1" changeset="79346013" timestamp="2020-01-08T15:46:49Z" user="Afnui12" uid="10074686" lat="27.1840269" lon="56.3149564"/>
 <node id="7117331511" visible="true" version="1" changeset="79346013" timestamp="2020-01-08T15:46:49Z" user="Afnui12" uid="10074686" lat="27.1840459" lon="56.3149095"/>
 <node id="7117331512" visible="true" version="1" changeset="79346013" timestamp="2020-01-08T15:46:49Z" user="Afnui12" uid="10074686" lat="27.1838343" lon="56.3146964"/>
 <node id="7117331513" visible="true" version="1" changeset="79346013" timestamp="2020-01-08T15:46:49Z" user="Afnui12" uid="10074686" lat="27.1838636" lon="56.3146762"/>
 <node id="7117331514" visible="true" version="1" changeset="79346013" timestamp="2020-01-08T15:46:49Z" user="Afnui12" uid="10074686" lat="27.1841843" lon="56.3147574"/>
 <node id="7117331515" visible="true" version="1" changeset="79346013" timestamp="2020-01-08T15:46:49Z" user="Afnui12" uid="10074686" lat="27.1841584" lon="56.3147388"/>
 <node id="7117331516" visible="true" version="1" changeset="79346013" timestamp="2020-01-08T15:46:49Z" user="Afnui12" uid="10074686" lat="27.1842042" lon="56.3147607"/>
 <node id="7117331517" visible="true" version="2" changeset="144164000" timestamp="2023-11-18T07:30:02Z" user="Saeed SJ" uid="9998669" lat="27.1841551" lon="56.3147272"/>
 <node id="7117331518" visible="true" version="1" changeset="79346013" timestamp="2020-01-08T15:46:49Z" user="Afnui12" uid="10074686" lat="27.1839669" lon="56.3144771"/>
 <node id="7117331519" visible="true" version="1" changeset="79346013" timestamp="2020-01-08T15:46:49Z" user="Afnui12" uid="10074686" lat="27.1839886" lon="56.3145101"/>
 <node id="7117331520" visible="true" version="1" changeset="79346013" timestamp="2020-01-08T15:46:49Z" user="Afnui12" uid="10074686" lat="27.1843733" lon="56.3141727"/>
 <node id="7117331521" visible="true" version="1" changeset="79346013" timestamp="2020-01-08T15:46:49Z" user="Afnui12" uid="10074686" lat="27.1844124" lon="56.3141913"/>
 <node id="7117331522" visible="true" version="1" changeset="79346013" timestamp="2020-01-08T15:46:49Z" user="Afnui12" uid="10074686" lat="27.1842967" lon="56.3141575"/>
 <node id="7117344585" visible="true" version="1" changeset="79346171" timestamp="2020-01-08T15:51:29Z" user="Afnui12" uid="10074686" lat="27.1845553" lon="56.3165510"/>
 <node id="7117344587" visible="true" version="1" changeset="79346171" timestamp="2020-01-08T15:51:29Z" user="Afnui12" uid="10074686" lat="27.1843305" lon="56.3161918"/>
 <node id="7117887915" visible="true" version="2" changeset="144320798" timestamp="2023-11-22T10:46:35Z" user="Saeed SJ" uid="9998669" lat="27.1837847" lon="56.3141186"/>
 <node id="7117887916" visible="true" version="2" changeset="144320798" timestamp="2023-11-22T10:46:35Z" user="Saeed SJ" uid="9998669" lat="27.1837829" lon="56.3141537"/>
 <node id="7946039677" visible="true" version="1" changeset="91562621" timestamp="2020-09-26T20:00:24Z" user="silver7223" uid="8707610" lat="27.1877440" lon="56.3138102">
  <tag k="addr:street" v="بلوار چمران"/>
  <tag k="name" v="آرایشگاه مردانه"/>
  <tag k="shop" v="cosmetics"/>
 </node>
 <node id="7946039814" visible="true" version="1" changeset="91562647" timestamp="2020-09-26T20:01:18Z" user="silver7223" uid="8707610" lat="27.1878706" lon="56.3137861">
  <tag k="addr:street" v="بلوار چمران"/>
  <tag k="name" v="سوپرمارکت سالار"/>
  <tag k="shop" v="convenience"/>
 </node>
 <node id="7946041344" visible="true" version="1" changeset="91562559" timestamp="2020-09-26T19:57:43Z" user="silver7223" uid="8707610" lat="27.1876899" lon="56.3138051">
  <tag k="addr:street" v="چمران"/>
  <tag k="name" v="سوپرمارکت چمران"/>
  <tag k="opening_hours" v="Mo-Su 08:00-23:00"/>
  <tag k="shop" v="convenience"/>
 </node>
 <node id="7946042140" visible="true" version="1" changeset="91562575" timestamp="2020-09-26T19:58:38Z" user="silver7223" uid="8707610" lat="27.1877545" lon="56.3138035">
  <tag k="addr:street" v="بلوار چمران"/>
  <tag k="name" v="پرده سرای میلاد"/>
  <tag k="shop" v="interior_decoration"/>
 </node>
 <node id="7946045007" visible="true" version="1" changeset="91562518" timestamp="2020-09-26T19:56:18Z" user="silver7223" uid="8707610" lat="27.1876050" lon="56.3138388">
  <tag k="addr:housenumber" v="0ساختمان وفایی"/>
  <tag k="addr:street" v="بلوار چمران"/>
  <tag k="name" v="املاک وفایی"/>
  <tag k="opening_hours" v="Mo-Th, Sa, Su 09:00-19:00"/>
  <tag k="shop" v="estate_agent"/>
 </node>
 <node id="8268919220" visible="true" version="1" changeset="96570675" timestamp="2020-12-29T04:28:04Z" user="nshz" uid="9513428" lat="27.1891848" lon="56.3172029"/>
 <node id="8268989156" visible="true" version="2" changeset="109564290" timestamp="2021-08-12T10:19:25Z" user="lvlahdi" uid="223057" lat="27.1964549" lon="56.3184079"/>
 <node id="8733683854" visible="true" version="1" changeset="104729022" timestamp="2021-05-15T11:32:43Z" user="fereydoon555" uid="9543799" lat="27.1894250" lon="56.3222648"/>
 <node id="8733683866" visible="true" version="1" changeset="104729022" timestamp="2021-05-15T11:32:43Z" user="fereydoon555" uid="9543799" lat="27.1893864" lon="56.3221000"/>
 <node id="8757137934" visible="true" version="1" changeset="105152641" timestamp="2021-05-23T04:53:46Z" user="nshz" uid="9513428" lat="27.1825577" lon="56.3113617"/>
 <node id="8757137935" visible="true" version="1" changeset="105152641" timestamp="2021-05-23T04:53:46Z" user="nshz" uid="9513428" lat="27.1823842" lon="56.3110251"/>
 <node id="8757137936" visible="true" version="1" changeset="105152641" timestamp="2021-05-23T04:53:46Z" user="nshz" uid="9513428" lat="27.1823173" lon="56.3105375"/>
 <node id="8757137937" visible="true" version="1" changeset="105152641" timestamp="2021-05-23T04:53:46Z" user="nshz" uid="9513428" lat="27.1822052" lon="56.3097891"/>
 <node id="8757137938" visible="true" version="2" changeset="134633758" timestamp="2023-04-07T21:51:16Z" user="kiaraSh-Q" uid="2693232" lat="27.1820831" lon="56.3087937"/>
 <node id="9274377770" visible="true" version="2" changeset="135602877" timestamp="2023-05-02T07:24:03Z" user="s@jj@d" uid="14377768" lat="27.1839500" lon="56.3137612">
  <tag k="barrier" v="block"/>
 </node>
 <node id="9609626120" visible="true" version="2" changeset="122059530" timestamp="2022-06-07T08:37:23Z" user="kiaraSh-Q" uid="2693232" lat="27.1850315" lon="56.3118906">
  <tag k="amenity" v="pharmacy"/>
  <tag k="dispensing" v="yes"/>
  <tag k="healthcare" v="pharmacy"/>
  <tag k="name" v="داروخانه هلیا حسینی"/>
 </node>
 <node id="9654744559" visible="true" version="2" changeset="119518207" timestamp="2022-04-09T21:19:58Z" user="kiaraSh-Q" uid="2693232" lat="27.1837831" lon="56.3216992"/>
 <node id="9816972266" visible="true" version="1" changeset="122367542" timestamp="2022-06-14T10:57:52Z" user="hasaan22" uid="9514331" lat="27.1886678" lon="56.3151106"/>
 <node id="9816972267" visible="true" version="1" changeset="122367542" timestamp="2022-06-14T10:57:52Z" user="hasaan22" uid="9514331" lat="27.1886018" lon="56.3151106"/>
 <node id="9816972268" visible="true" version="2" changeset="135569845" timestamp="2023-05-01T11:35:57Z" user="s@jj@d" uid="14377768" lat="27.1886632" lon="56.3148638"/>
 <node id="9816972269" visible="true" version="2" changeset="135569845" timestamp="2023-05-01T11:35:57Z" user="s@jj@d" uid="14377768" lat="27.1886041" lon="56.3148677"/>
 <node id="9816974419" visible="true" version="1" changeset="122367502" timestamp="2022-06-14T10:56:56Z" user="hasaan22" uid="9514331" lat="27.1887922" lon="56.3151844"/>
 <node id="9816974420" visible="true" version="1" changeset="122367502" timestamp="2022-06-14T10:56:56Z" user="hasaan22" uid="9514331" lat="27.1887822" lon="56.3148236"/>
 <node id="10131990826" visible="true" version="1" changeset="128114264" timestamp="2022-10-27T07:17:35Z" user="Saeed SJ" uid="9998669" lat="27.1859803" lon="56.3107246"/>
 <node id="10131990827" visible="true" version="1" changeset="128114264" timestamp="2022-10-27T07:17:35Z" user="Saeed SJ" uid="9998669" lat="27.1859705" lon="56.3106305"/>
 <node id="10131990828" visible="true" version="1" changeset="128114264" timestamp="2022-10-27T07:17:35Z" user="Saeed SJ" uid="9998669" lat="27.1857584" lon="56.3106569"/>
 <node id="10157516195" visible="true" version="1" changeset="128493994" timestamp="2022-11-04T17:25:48Z" user="DaryaSea" uid="14174743" lat="27.1829937" lon="56.3111731">
  <tag k="amenity" v="fast_food"/>
  <tag k="name" v="باب استار"/>
 </node>
 <node id="10177204109" visible="true" version="1" changeset="128795085" timestamp="2022-11-11T22:10:21Z" user="Hasan Bardal" uid="8306266" lat="27.1821079" lon="56.3075041"/>
 <node id="10203405158" visible="true" version="1" changeset="129146387" timestamp="2022-11-20T07:37:54Z" user="nshz" uid="9513428" lat="27.1924046" lon="56.3171941"/>
 <node id="10269351378" visible="true" version="2" changeset="134638212" timestamp="2023-04-08T04:10:50Z" user="kiaraSh-Q" uid="2693232" lat="27.1825929" lon="56.3117339"/>
 <node id="10269351379" visible="true" version="2" changeset="137528298" timestamp="2023-06-19T16:58:25Z" user="kiaraSh-Q" uid="2693232" lat="27.1830144" lon="56.3119503"/>
 <node id="10269351380" visible="true" version="1" changeset="130183585" timestamp="2022-12-17T11:55:16Z" user="ali-14" uid="13408893" lat="27.1828673" lon="56.3119349"/>
 <node id="10269351381" visible="true" version="1" changeset="130183585" timestamp="2022-12-17T11:55:16Z" user="ali-14" uid="13408893" lat="27.1824140" lon="56.3119684"/>
 <node id="10269351382" visible="true" version="1" changeset="130183585" timestamp="2022-12-17T11:55:16Z" user="ali-14" uid="13408893" lat="27.1824295" lon="56.3121481"/>
 <node id="10269351383" visible="true" version="1" changeset="130183585" timestamp="2022-12-17T11:55:16Z" user="ali-14" uid="13408893" lat="27.1828876" lon="56.3120864"/>
 <node id="10300123681" visible="true" version="1" changeset="130778252" timestamp="2023-01-02T09:17:19Z" user="ali-14" uid="13408893" lat="27.1921284" lon="56.3324210"/>
 <node id="10692785996" visible="true" version="1" changeset="133004483" timestamp="2023-02-25T13:13:26Z" user="Nastaran_Sabouri" uid="10924444" lat="27.1828589" lon="56.3111946">
  <tag k="amenity" v="cafe"/>
  <tag k="name" v="ال کافه"/>
 </node>
 <node id="10793998654" visible="true" version="1" changeset="134633758" timestamp="2023-04-07T21:51:16Z" user="kiaraSh-Q" uid="2693232" lat="27.1811315" lon="56.3057336"/>
 <node id="10793998655" visible="true" version="1" changeset="134633758" timestamp="2023-04-07T21:51:16Z" user="kiaraSh-Q" uid="2693232" lat="27.1813486" lon="56.3071230"/>
 <node id="10793998656" visible="true" version="1" changeset="134633758" timestamp="2023-04-07T21:51:16Z" user="kiaraSh-Q" uid="2693232" lat="27.1817089" lon="56.3090703"/>
 <node id="10793998657" visible="true" version="1" changeset="134633758" timestamp="2023-04-07T21:51:16Z" user="kiaraSh-Q" uid="2693232" lat="27.1821282" lon="56.3116077"/>
 <node id="10793998658" visible="true" version="1" changeset="134633758" timestamp="2023-04-07T21:51:16Z" user="kiaraSh-Q" uid="2693232" lat="27.1828613" lon="56.3191040"/>
 <node id="10793998659" visible="true" version="1" changeset="134633758" timestamp="2023-04-07T21:51:16Z" user="kiaraSh-Q" uid="2693232" lat="27.1828327" lon="56.3185452"/>
 <node id="10793998660" visible="true" version="1" changeset="134633758" timestamp="2023-04-07T21:51:16Z" user="kiaraSh-Q" uid="2693232" lat="27.1828828" lon="56.3178331"/>
 <node id="10793998661" visible="true" version="1" changeset="134633758" timestamp="2023-04-07T21:51:16Z" user="kiaraSh-Q" uid="2693232" lat="27.1822648" lon="56.3122286"/>
 <node id="10793998662" visible="true" version="1" changeset="134633758" timestamp="2023-04-07T21:51:16Z" user="kiaraSh-Q" uid="2693232" lat="27.1823698" lon="56.3125706"/>
 <node id="10793998663" visible="true" version="1" changeset="134633758" timestamp="2023-04-07T21:51:16Z" user="kiaraSh-Q" uid="2693232" lat="27.1829293" lon="56.3176735"/>
 <node id="10793998664" visible="true" version="1" changeset="134633758" timestamp="2023-04-07T21:51:16Z" user="kiaraSh-Q" uid="2693232" lat="27.1828852" lon="56.3174508"/>
 <node id="10793998665" visible="true" version="1" changeset="134633758" timestamp="2023-04-07T21:51:16Z" user="kiaraSh-Q" uid="2693232" lat="27.1831304" lon="56.3188740"/>
 <node id="10793998666" visible="true" version="1" changeset="134633758" timestamp="2023-04-07T21:51:16Z" user="kiaraSh-Q" uid="2693232" lat="27.1833027" lon="56.3189059"/>
 <node id="10793998667" visible="true" version="1" changeset="134633758" timestamp="2023-04-07T21:51:16Z" user="kiaraSh-Q" uid="2693232" lat="27.1832300" lon="56.3185304"/>
 <node id="10793998668" visible="true" version="1" changeset="134633758" timestamp="2023-04-07T21:51:16Z" user="kiaraSh-Q" uid="2693232" lat="27.1831608" lon="56.3190441"/>
 <node id="10793998669" visible="true" version="1" changeset="134633758" timestamp="2023-04-07T21:51:16Z" user="kiaraSh-Q" uid="2693232" lat="27.1830164" lon="56.3182367"/>
 <node id="10793998670" visible="true" version="1" changeset="134633758" timestamp="2023-04-07T21:51:16Z" user="kiaraSh-Q" uid="2693232" lat="27.1830761" lon="56.3180222"/>
 <node id="10793998671" visible="true" version="1" changeset="134633758" timestamp="2023-04-07T21:51:16Z" user="kiaraSh-Q" uid="2693232" lat="27.1830438" lon="56.3178304"/>
 <node id="10793998672" visible="true" version="1" changeset="134633758" timestamp="2023-04-07T21:51:16Z" user="kiaraSh-Q" uid="2693232" lat="27.1829424" lon="56.3173650"/>
 <node id="10793998673" visible="true" version="1" changeset="134633758" timestamp="2023-04-07T21:51:16Z" user="kiaraSh-Q" uid="2693232" lat="27.1829174" lon="56.3172510"/>
 <node id="10793998674" visible="true" version="1" changeset="134633758" timestamp="2023-04-07T21:51:16Z" user="kiaraSh-Q" uid="2693232" lat="27.1827766" lon="56.3169050"/>
 <node id="10793998675" visible="true" version="1" changeset="134633758" timestamp="2023-04-07T21:51:16Z" user="kiaraSh-Q" uid="2693232" lat="27.1827289" lon="56.3165992"/>
 <node id="10793998676" visible="true" version="1" changeset="134633758" timestamp="2023-04-07T21:51:16Z" user="kiaraSh-Q" uid="2693232" lat="27.1827122" lon="56.3163471"/>
 <node id="10793998677" visible="true" version="1" changeset="134633758" timestamp="2023-04-07T21:51:16Z" user="kiaraSh-Q" uid="2693232" lat="27.1826096" lon="56.3143234"/>
 <node id="10793998678" visible="true" version="1" changeset="134633758" timestamp="2023-04-07T21:51:16Z" user="kiaraSh-Q" uid="2693232" lat="27.1826788" lon="56.3141839"/>
 <node id="10793998679" visible="true" version="1" changeset="134633758" timestamp="2023-04-07T21:51:16Z" user="kiaraSh-Q" uid="2693232" lat="27.1826549" lon="56.3136046"/>
 <node id="10793998680" visible="true" version="1" changeset="134633758" timestamp="2023-04-07T21:51:16Z" user="kiaraSh-Q" uid="2693232" lat="27.1826180" lon="56.3129501"/>
 <node id="10793998681" visible="true" version="1" changeset="134633758" timestamp="2023-04-07T21:51:16Z" user="kiaraSh-Q" uid="2693232" lat="27.1825213" lon="56.3126390"/>
 <node id="10793998682" visible="true" version="1" changeset="134633758" timestamp="2023-04-07T21:51:16Z" user="kiaraSh-Q" uid="2693232" lat="27.1824593" lon="56.3119268"/>
 <node id="10793998683" visible="true" version="1" changeset="134633758" timestamp="2023-04-07T21:51:16Z" user="kiaraSh-Q" uid="2693232" lat="27.1825201" lon="56.3117337"/>
 <node id="10793998684" visible="true" version="1" changeset="134633758" timestamp="2023-04-07T21:51:16Z" user="kiaraSh-Q" uid="2693232" lat="27.1824808" lon="56.3114615"/>
 <node id="10793998685" visible="true" version="1" changeset="134633758" timestamp="2023-04-07T21:51:16Z" user="kiaraSh-Q" uid="2693232" lat="27.1823817" lon="56.3111731"/>
 <node id="10793998686" visible="true" version="1" changeset="134633758" timestamp="2023-04-07T21:51:16Z" user="kiaraSh-Q" uid="2693232" lat="27.1823471" lon="56.3109814"/>
 <node id="10793998687" visible="true" version="1" changeset="134633758" timestamp="2023-04-07T21:51:16Z" user="kiaraSh-Q" uid="2693232" lat="27.1822624" lon="56.3103926"/>
 <node id="10793998688" visible="true" version="1" changeset="134633758" timestamp="2023-04-07T21:51:16Z" user="kiaraSh-Q" uid="2693232" lat="27.1821515" lon="56.3097234"/>
 <node id="10793998689" visible="true" version="1" changeset="134633758" timestamp="2023-04-07T21:51:16Z" user="kiaraSh-Q" uid="2693232" lat="27.1820871" lon="56.3091615"/>
 <node id="10793998690" visible="true" version="1" changeset="134633758" timestamp="2023-04-07T21:51:16Z" user="kiaraSh-Q" uid="2693232" lat="27.1820071" lon="56.3085473"/>
 <node id="10793998691" visible="true" version="1" changeset="134633758" timestamp="2023-04-07T21:51:16Z" user="kiaraSh-Q" uid="2693232" lat="27.1819165" lon="56.3080108"/>
 <node id="10793998692" visible="true" version="1" changeset="134633758" timestamp="2023-04-07T21:51:16Z" user="kiaraSh-Q" uid="2693232" lat="27.1817721" lon="56.3072585"/>
 <node id="10793998693" visible="true" version="1" changeset="134633758" timestamp="2023-04-07T21:51:16Z" user="kiaraSh-Q" uid="2693232" lat="27.1816576" lon="56.3066630"/>
 <node id="10793998694" visible="true" version="1" changeset="134633758" timestamp="2023-04-07T21:51:16Z" user="kiaraSh-Q" uid="2693232" lat="27.1815526" lon="56.3060984"/>
 <node id="10793998695" visible="true" version="1" changeset="134633758" timestamp="2023-04-07T21:51:16Z" user="kiaraSh-Q" uid="2693232" lat="27.1814500" lon="56.3053957"/>
 <node id="10793998696" visible="true" version="1" changeset="134633758" timestamp="2023-04-07T21:51:16Z" user="kiaraSh-Q" uid="2693232" lat="27.1813576" lon="56.3044146"/>
 <node id="10793998697" visible="true" version="1" changeset="134633758" timestamp="2023-04-07T21:51:16Z" user="kiaraSh-Q" uid="2693232" lat="27.1826514" lon="56.3183749"/>
 <node id="10794390857" visible="true" version="1" changeset="134638156" timestamp="2023-04-08T04:04:56Z" user="kiaraSh-Q" uid="2693232" lat="27.1821333" lon="56.3092031">
  <tag k="crossing:markings" v="zebra"/>
  <tag k="crossing_ref" v="zebra"/>
  <tag k="highway" v="crossing"/>
 </node>
 <node id="10794390858" visible="true" version="1" changeset="134638156" timestamp="2023-04-08T04:04:56Z" user="kiaraSh-Q" uid="2693232" lat="27.1822444" lon="56.3091915">
  <tag k="crossing:markings" v="zebra"/>
  <tag k="crossing_ref" v="zebra"/>
  <tag k="highway" v="crossing"/>
 </node>
 <node id="10794390859" visible="true" version="1" changeset="134638156" timestamp="2023-04-08T04:04:56Z" user="kiaraSh-Q" uid="2693232" lat="27.1823503" lon="56.3091805">
  <tag k="crossing:markings" v="zebra"/>
  <tag k="crossing_ref" v="zebra"/>
  <tag k="highway" v="crossing"/>
 </node>
 <node id="10794404074" visible="true" version="1" changeset="134638212" timestamp="2023-04-08T04:10:50Z" user="kiaraSh-Q" uid="2693232" lat="27.1827070" lon="56.3129386"/>
 <node id="10794404075" visible="true" version="1" changeset="134638212" timestamp="2023-04-08T04:10:50Z" user="kiaraSh-Q" uid="2693232" lat="27.1825571" lon="56.3125840"/>
 <node id="10794404076" visible="true" version="1" changeset="134638212" timestamp="2023-04-08T04:10:50Z" user="kiaraSh-Q" uid="2693232" lat="27.1825029" lon="56.3119554"/>
 <node id="10794404206" visible="true" version="1" changeset="134638197" timestamp="2023-04-08T04:08:58Z" user="kiaraSh-Q" uid="2693232" lat="27.1827845" lon="56.3166915">
  <tag k="crossing:markings" v="zebra"/>
  <tag k="crossing_ref" v="zebra"/>
  <tag k="highway" v="crossing"/>
 </node>
 <node id="10794404207" visible="true" version="1" changeset="134638197" timestamp="2023-04-08T04:08:58Z" user="kiaraSh-Q" uid="2693232" lat="27.1827703" lon="56.3140954"/>
 <node id="10794404208" visible="true" version="1" changeset="134638197" timestamp="2023-04-08T04:08:58Z" user="kiaraSh-Q" uid="2693232" lat="27.1827639" lon="56.3165755"/>
 <node id="10794404209" visible="true" version="1" changeset="134638197" timestamp="2023-04-08T04:08:58Z" user="kiaraSh-Q" uid="2693232" lat="27.1828288" lon="56.3169408"/>
 <node id="10794404210" visible="true" version="1" changeset="134638197" timestamp="2023-04-08T04:08:58Z" user="kiaraSh-Q" uid="2693232" lat="27.1826551" lon="56.3143930"/>
 <node id="10794408166" visible="true" version="1" changeset="134638145" timestamp="2023-04-08T04:03:54Z" user="kiaraSh-Q" uid="2693232" lat="27.1812004" lon="56.3034420">
  <tag k="crossing:markings" v="zebra"/>
  <tag k="crossing_ref" v="zebra"/>
  <tag k="highway" v="crossing"/>
 </node>
 <node id="10794408167" visible="true" version="1" changeset="134638145" timestamp="2023-04-08T04:03:54Z" user="kiaraSh-Q" uid="2693232" lat="27.1813282" lon="56.3034136">
  <tag k="crossing:markings" v="zebra"/>
  <tag k="crossing_ref" v="zebra"/>
  <tag k="highway" v="crossing"/>
 </node>
 <node id="10794408168" visible="true" version="1" changeset="134638145" timestamp="2023-04-08T04:03:54Z" user="kiaraSh-Q" uid="2693232" lat="27.1815137" lon="56.3033723">
  <tag k="crossing:markings" v="zebra"/>
  <tag k="crossing_ref" v="zebra"/>
  <tag k="highway" v="crossing"/>
 </node>
 <node id="10796940527" visible="true" version="1" changeset="134685986" timestamp="2023-04-09T12:28:20Z" user="Nastaran_Sabouri" uid="10924444" lat="27.1890026" lon="56.3171907">
  <tag k="amenity" v="fast_food"/>
  <tag k="name" v="شهر ساندویچ"/>
 </node>
 <node id="10798858827" visible="true" version="1" changeset="134715979" timestamp="2023-04-10T08:10:53Z" user="F777" uid="13691644" lat="27.1844760" lon="56.3187742"/>
 <node id="10798858828" visible="true" version="1" changeset="134715979" timestamp="2023-04-10T08:10:53Z" user="F777" uid="13691644" lat="27.1845285" lon="56.3187703"/>
 <node id="10798858829" visible="true" version="1" changeset="134715979" timestamp="2023-04-10T08:10:53Z" user="F777" uid="13691644" lat="27.1837194" lon="56.3184362"/>
 <node id="10805814632" visible="true" version="1" changeset="134839169" timestamp="2023-04-12T22:56:32Z" user="F777" uid="13691644" lat="27.1809064" lon="56.3191541"/>
 <node id="10807125941" visible="true" version="1" changeset="134853943" timestamp="2023-04-13T09:33:46Z" user="F777" uid="13691644" lat="27.1882994" lon="56.3061230"/>
 <node id="10807125944" visible="true" version="1" changeset="134853943" timestamp="2023-04-13T09:33:46Z" user="F777" uid="13691644" lat="27.1883163" lon="56.3056673">
  <tag k="crossing" v="unmarked"/>
  <tag k="crossing:markings" v="no"/>
  <tag k="highway" v="crossing"/>
 </node>
 <node id="10807175281" visible="true" version="1" changeset="134855755" timestamp="2023-04-13T10:14:06Z" user="F777" uid="13691644" lat="27.1882306" lon="56.3101015"/>
 <node id="10807175282" visible="true" version="1" changeset="134855755" timestamp="2023-04-13T10:14:06Z" user="F777" uid="13691644" lat="27.1882560" lon="56.3100721"/>
 <node id="10807175283" visible="true" version="1" changeset="134855755" timestamp="2023-04-13T10:14:06Z" user="F777" uid="13691644" lat="27.1882885" lon="56.3100533"/>
 <node id="10807175284" visible="true" version="1" changeset="134855755" timestamp="2023-04-13T10:14:06Z" user="F777" uid="13691644" lat="27.1884254" lon="56.3102302"/>
 <node id="10807175285" visible="true" version="1" changeset="134855755" timestamp="2023-04-13T10:14:06Z" user="F777" uid="13691644" lat="27.1884033" lon="56.3102648"/>
 <node id="10807175286" visible="true" version="1" changeset="134855755" timestamp="2023-04-13T10:14:06Z" user="F777" uid="13691644" lat="27.1883724" lon="56.3102893"/>
 <node id="10807175287" visible="true" version="1" changeset="134855755" timestamp="2023-04-13T10:14:06Z" user="F777" uid="13691644" lat="27.1883360" lon="56.3103010"/>
 <node id="10807175288" visible="true" version="1" changeset="134855755" timestamp="2023-04-13T10:14:06Z" user="F777" uid="13691644" lat="27.1882982" lon="56.3102986"/>
 <node id="10807175289" visible="true" version="2" changeset="144095536" timestamp="2023-11-16T12:56:16Z" user="Saeed SJ" uid="9998669" lat="27.1875197" lon="56.3121577"/>
 <node id="10807188644" visible="true" version="1" changeset="134856083" timestamp="2023-04-13T10:22:43Z" user="F777" uid="13691644" lat="27.1883153" lon="56.3056946">
  <tag k="highway" v="traffic_signals"/>
  <tag k="traffic_signals" v="signal"/>
 </node>
 <node id="10807284802" visible="true" version="2" changeset="135997804" timestamp="2023-05-12T01:07:39Z" user="DesMoinesRiver" uid="17110692" lat="27.1883347" lon="56.3053188"/>
 <node id="10807313411" visible="true" version="1" changeset="134857882" timestamp="2023-04-13T11:06:25Z" user="F777" uid="13691644" lat="27.1878423" lon="56.3101101"/>
 <node id="10857718289" visible="true" version="1" changeset="135531958" timestamp="2023-04-30T10:44:49Z" user="s@jj@d" uid="14377768" lat="27.1903336" lon="56.3168977"/>
 <node id="10857745053" visible="true" version="1" changeset="135532197" timestamp="2023-04-30T10:53:29Z" user="s@jj@d" uid="14377768" lat="27.1887492" lon="56.3095116"/>
 <node id="10857745054" visible="true" version="1" changeset="135532197" timestamp="2023-04-30T10:53:29Z" user="s@jj@d" uid="14377768" lat="27.1888702" lon="56.3096470"/>
 <node id="10857745055" visible="true" version="1" changeset="135532197" timestamp="2023-04-30T10:53:29Z" user="s@jj@d" uid="14377768" lat="27.1888891" lon="56.3099174"/>
 <node id="10857745056" visible="true" version="1" changeset="135532197" timestamp="2023-04-30T10:53:29Z" user="s@jj@d" uid="14377768" lat="27.1889066" lon="56.3103384"/>
 <node id="10857745057" visible="true" version="2" changeset="144178473" timestamp="2023-11-18T15:12:23Z" user="Saeed SJ" uid="9998669" lat="27.1889036" lon="56.3113167"/>
 <node id="10857745058" visible="true" version="1" changeset="135532197" timestamp="2023-04-30T10:53:29Z" user="s@jj@d" uid="14377768" lat="27.1888027" lon="56.3114219"/>
 <node id="10857810264" visible="true" version="1" changeset="135534012" timestamp="2023-04-30T11:54:11Z" user="s@jj@d" uid="14377768" lat="27.1922127" lon="56.3157047"/>
 <node id="10860133299" visible="true" version="1" changeset="135568911" timestamp="2023-05-01T11:08:27Z" user="s@jj@d" uid="14377768" lat="27.1915562" lon="56.3306607"/>
 <node id="10860140326" visible="true" version="1" changeset="135569219" timestamp="2023-05-01T11:17:32Z" user="s@jj@d" uid="14377768" lat="27.1914165" lon="56.3164190"/>
 <node id="10860152824" visible="true" version="2" changeset="144164000" timestamp="2023-11-18T07:30:02Z" user="Saeed SJ" uid="9998669" lat="27.1840260" lon="56.3164209"/>
 <node id="10860178482" visible="true" version="1" changeset="135569845" timestamp="2023-05-01T11:35:57Z" user="s@jj@d" uid="14377768" lat="27.1857662" lon="56.3172685"/>
 <node id="10860178483" visible="true" version="1" changeset="135569845" timestamp="2023-05-01T11:35:57Z" user="s@jj@d" uid="14377768" lat="27.1861766" lon="56.3171907"/>
 <node id="10860178484" visible="true" version="1" changeset="135569845" timestamp="2023-05-01T11:35:57Z" user="s@jj@d" uid="14377768" lat="27.1862195" lon="56.3173945"/>
 <node id="10860178485" visible="true" version="1" changeset="135569845" timestamp="2023-05-01T11:35:57Z" user="s@jj@d" uid="14377768" lat="27.1877548" lon="56.3168071"/>
 <node id="10860178486" visible="true" version="1" changeset="135569845" timestamp="2023-05-01T11:35:57Z" user="s@jj@d" uid="14377768" lat="27.1879672" lon="56.3167065"/>
 <node id="10860178487" visible="true" version="1" changeset="135569845" timestamp="2023-05-01T11:35:57Z" user="s@jj@d" uid="14377768" lat="27.1876260" lon="56.3146345"/>
 <node id="10860178488" visible="true" version="1" changeset="135569845" timestamp="2023-05-01T11:35:57Z" user="s@jj@d" uid="14377768" lat="27.1872061" lon="56.3144924"/>
 <node id="10860178489" visible="true" version="1" changeset="135569845" timestamp="2023-05-01T11:35:57Z" user="s@jj@d" uid="14377768" lat="27.1874315" lon="56.3140221"/>
 <node id="10860178490" visible="true" version="2" changeset="144163732" timestamp="2023-11-18T07:14:12Z" user="Saeed SJ" uid="9998669" lat="27.1873874" lon="56.3160186"/>
 <node id="10860178491" visible="true" version="1" changeset="135569845" timestamp="2023-05-01T11:35:57Z" user="s@jj@d" uid="14377768" lat="27.1872180" lon="56.3160655"/>
 <node id="10860178492" visible="true" version="2" changeset="144163732" timestamp="2023-11-18T07:14:12Z" user="Saeed SJ" uid="9998669" lat="27.1877512" lon="56.3161473"/>
 <node id="10860178493" visible="true" version="1" changeset="135569845" timestamp="2023-05-01T11:35:57Z" user="s@jj@d" uid="14377768" lat="27.1880053" lon="56.3159569"/>
 <node id="10860178494" visible="true" version="1" changeset="135569845" timestamp="2023-05-01T11:35:57Z" user="s@jj@d" uid="14377768" lat="27.1882027" lon="56.3148738"/>
 <node id="10860178495" visible="true" version="2" changeset="144095536" timestamp="2023-11-16T12:56:16Z" user="Saeed SJ" uid="9998669" lat="27.1872096" lon="56.3108205"/>
 <node id="10860178496" visible="true" version="1" changeset="135569845" timestamp="2023-05-01T11:35:57Z" user="s@jj@d" uid="14377768" lat="27.1870975" lon="56.3121414"/>
 <node id="10860178497" visible="true" version="1" changeset="135569845" timestamp="2023-05-01T11:35:57Z" user="s@jj@d" uid="14377768" lat="27.1862971" lon="56.3129407"/>
 <node id="10861762755" visible="true" version="2" changeset="144164000" timestamp="2023-11-18T07:30:02Z" user="Saeed SJ" uid="9998669" lat="27.1849443" lon="56.3137950"/>
 <node id="10861762756" visible="true" version="1" changeset="135602187" timestamp="2023-05-02T07:01:08Z" user="s@jj@d" uid="14377768" lat="27.1850981" lon="56.3140310"/>
 <node id="10861805421" visible="true" version="1" changeset="135602877" timestamp="2023-05-02T07:24:03Z" user="s@jj@d" uid="14377768" lat="27.1841582" lon="56.3115085"/>
 <node id="10861805422" visible="true" version="2" changeset="144087663" timestamp="2023-11-16T10:10:36Z" user="Saeed SJ" uid="9998669" lat="27.1846535" lon="56.3114533"/>
 <node id="10861805423" visible="true" version="1" changeset="135602877" timestamp="2023-05-02T07:24:03Z" user="s@jj@d" uid="14377768" lat="27.1845835" lon="56.3123047"/>
 <node id="10861805425" visible="true" version="1" changeset="135602877" timestamp="2023-05-02T07:24:03Z" user="s@jj@d" uid="14377768" lat="27.1844152" lon="56.3136388"/>
 <node id="10861805426" visible="true" version="2" changeset="144164000" timestamp="2023-11-18T07:30:02Z" user="Saeed SJ" uid="9998669" lat="27.1843714" lon="56.3127060"/>
 <node id="10861805427" visible="true" version="2" changeset="144164000" timestamp="2023-11-18T07:30:02Z" user="Saeed SJ" uid="9998669" lat="27.1835094" lon="56.3131541"/>
 <node id="10861805428" visible="true" version="1" changeset="135602877" timestamp="2023-05-02T07:24:03Z" user="s@jj@d" uid="14377768" lat="27.1829764" lon="56.3130171"/>
 <node id="10861805429" visible="true" version="2" changeset="144164000" timestamp="2023-11-18T07:30:02Z" user="Saeed SJ" uid="9998669" lat="27.1838229" lon="56.3132317"/>
 <node id="10861805430" visible="true" version="2" changeset="144164000" timestamp="2023-11-18T07:30:02Z" user="Saeed SJ" uid="9998669" lat="27.1839131" lon="56.3137582"/>
 <node id="10861819667" visible="true" version="1" changeset="135603222" timestamp="2023-05-02T07:32:47Z" user="s@jj@d" uid="14377768" lat="27.1832610" lon="56.3100694"/>
 <node id="10861819668" visible="true" version="1" changeset="135603222" timestamp="2023-05-02T07:32:47Z" user="s@jj@d" uid="14377768" lat="27.1835077" lon="56.3101861"/>
 <node id="10861819669" visible="true" version="1" changeset="135603222" timestamp="2023-05-02T07:32:47Z" user="s@jj@d" uid="14377768" lat="27.1838446" lon="56.3101415"/>
 <node id="10861925693" visible="true" version="1" changeset="135606087" timestamp="2023-05-02T08:56:36Z" user="s@jj@d" uid="14377768" lat="27.1896593" lon="56.3232598"/>
 <node id="10888575889" visible="true" version="1" changeset="135997804" timestamp="2023-05-12T01:07:39Z" user="DesMoinesRiver" uid="17110692" lat="27.1883223" lon="56.3054595"/>
 <node id="10888575890" visible="true" version="1" changeset="135997804" timestamp="2023-05-12T01:07:39Z" user="DesMoinesRiver" uid="17110692" lat="27.1883048" lon="56.3058946"/>
 <node id="10981349406" visible="true" version="6" changeset="163372012" timestamp="2025-03-08T16:53:24Z" user="Elhamn1992" uid="15022952" lat="27.1830056" lon="56.3127290">
  <tag k="contact:instagram" v="salmont_"/>
  <tag k="disused:amenity" v="restaurant"/>
  <tag k="old_name" v="مریخ بستنی (ایس پک )"/>
 </node>
 <node id="10989877862" visible="true" version="1" changeset="137528298" timestamp="2023-06-19T16:58:25Z" user="kiaraSh-Q" uid="2693232" lat="27.1829087" lon="56.3115097"/>
 <node id="10989877863" visible="true" version="1" changeset="137528298" timestamp="2023-06-19T16:58:25Z" user="kiaraSh-Q" uid="2693232" lat="27.1829837" lon="56.3118187"/>
 <node id="10989877864" visible="true" version="1" changeset="137528298" timestamp="2023-06-19T16:58:25Z" user="kiaraSh-Q" uid="2693232" lat="27.1830166" lon="56.3120408"/>
 <node id="10989877865" visible="true" version="1" changeset="137528298" timestamp="2023-06-19T16:58:25Z" user="kiaraSh-Q" uid="2693232" lat="27.1830131" lon="56.3121342"/>
 <node id="11115997324" visible="true" version="1" changeset="139905653" timestamp="2023-08-15T09:44:18Z" user="Nastaran_Sabouri" uid="10924444" lat="27.1831977" lon="56.3145956">
  <tag k="name" v="تابلو سازی"/>
  <tag k="shop" v="mall"/>
 </node>
 <node id="11133371701" visible="true" version="1" changeset="140163511" timestamp="2023-08-21T06:29:43Z" user="Market Google Support" uid="18514305" lat="27.1846800" lon="56.3103007">
  <tag k="addr:city" v="بندرعباس"/>
  <tag k="addr:street" v="بلوار چمران، جمران 26"/>
  <tag k="name" v="دیتا سنتر ابر باران"/>
  <tag k="office" v="company"/>
  <tag k="phone" v="07633331381"/>
 </node>
 <node id="11242188254" visible="true" version="2" changeset="144086948" timestamp="2023-11-16T09:51:45Z" user="Saeed SJ" uid="9998669" lat="27.1841575" lon="56.3063368"/>
 <node id="11348221858" visible="true" version="2" changeset="144322324" timestamp="2023-11-22T11:31:40Z" user="Saeed SJ" uid="9998669" lat="27.1815586" lon="56.2951108"/>
 <node id="11348391889" visible="true" version="1" changeset="144009394" timestamp="2023-11-14T12:50:52Z" user="Saeed SJ" uid="9998669" lat="27.1834580" lon="56.3038765"/>
 <node id="11353691513" visible="true" version="1" changeset="144087235" timestamp="2023-11-16T09:59:55Z" user="Saeed SJ" uid="9998669" lat="27.1840785" lon="56.3101099"/>
 <node id="11353691514" visible="true" version="1" changeset="144087235" timestamp="2023-11-16T09:59:55Z" user="Saeed SJ" uid="9998669" lat="27.1832646" lon="56.3101673"/>
 <node id="11353691516" visible="true" version="1" changeset="144087235" timestamp="2023-11-16T09:59:55Z" user="Saeed SJ" uid="9998669" lat="27.1827373" lon="56.3100667"/>
 <node id="11353691517" visible="true" version="1" changeset="144087235" timestamp="2023-11-16T09:59:55Z" user="Saeed SJ" uid="9998669" lat="27.1827015" lon="56.3098213"/>
 <node id="11353735097" visible="true" version="1" changeset="144087040" timestamp="2023-11-16T09:54:44Z" user="Saeed SJ" uid="9998669" lat="27.1854787" lon="56.3104798"/>
 <node id="11353735098" visible="true" version="1" changeset="144087040" timestamp="2023-11-16T09:54:44Z" user="Saeed SJ" uid="9998669" lat="27.1866084" lon="56.3101378"/>
 <node id="11353735099" visible="true" version="1" changeset="144087040" timestamp="2023-11-16T09:54:44Z" user="Saeed SJ" uid="9998669" lat="27.1866036" lon="56.3103215"/>
 <node id="11353765916" visible="true" version="1" changeset="144087663" timestamp="2023-11-16T10:10:36Z" user="Saeed SJ" uid="9998669" lat="27.1840540" lon="56.3120018"/>
 <node id="11353765917" visible="true" version="1" changeset="144087663" timestamp="2023-11-16T10:10:36Z" user="Saeed SJ" uid="9998669" lat="27.1842199" lon="56.3119774"/>
 <node id="11353765918" visible="true" version="1" changeset="144087663" timestamp="2023-11-16T10:10:36Z" user="Saeed SJ" uid="9998669" lat="27.1845415" lon="56.3117392"/>
 <node id="11353765919" visible="true" version="1" changeset="144087663" timestamp="2023-11-16T10:10:36Z" user="Saeed SJ" uid="9998669" lat="27.1841945" lon="56.3117988"/>
 <node id="11353765920" visible="true" version="1" changeset="144087663" timestamp="2023-11-16T10:10:36Z" user="Saeed SJ" uid="9998669" lat="27.1842744" lon="56.3123342"/>
 <node id="11353765921" visible="true" version="1" changeset="144087663" timestamp="2023-11-16T10:10:36Z" user="Saeed SJ" uid="9998669" lat="27.1846775" lon="56.3117141"/>
 <node id="11353765922" visible="true" version="1" changeset="144087663" timestamp="2023-11-16T10:10:36Z" user="Saeed SJ" uid="9998669" lat="27.1834628" lon="56.3109167"/>
 <node id="11355622675" visible="true" version="1" changeset="144095536" timestamp="2023-11-16T12:56:16Z" user="Saeed SJ" uid="9998669" lat="27.1860675" lon="56.3134972"/>
 <node id="11355622676" visible="true" version="1" changeset="144095536" timestamp="2023-11-16T12:56:16Z" user="Saeed SJ" uid="9998669" lat="27.1868298" lon="56.3134908"/>
 <node id="11355622677" visible="true" version="1" changeset="144095536" timestamp="2023-11-16T12:56:16Z" user="Saeed SJ" uid="9998669" lat="27.1874029" lon="56.3128746"/>
 <node id="11355622678" visible="true" version="1" changeset="144095536" timestamp="2023-11-16T12:56:16Z" user="Saeed SJ" uid="9998669" lat="27.1874017" lon="56.3123479"/>
 <node id="11355622679" visible="true" version="1" changeset="144095536" timestamp="2023-11-16T12:56:16Z" user="Saeed SJ" uid="9998669" lat="27.1877037" lon="56.3119084"/>
 <node id="11355622680" visible="true" version="1" changeset="144095536" timestamp="2023-11-16T12:56:16Z" user="Saeed SJ" uid="9998669" lat="27.1872843" lon="56.3117015"/>
 <node id="11355622681" visible="true" version="1" changeset="144095536" timestamp="2023-11-16T12:56:16Z" user="Saeed SJ" uid="9998669" lat="27.1876773" lon="56.3116667"/>
 <node id="11355622682" visible="true" version="1" changeset="144095536" timestamp="2023-11-16T12:56:16Z" user="Saeed SJ" uid="9998669" lat="27.1877299" lon="56.3121494"/>
 <node id="11355622683" visible="true" version="1" changeset="144095536" timestamp="2023-11-16T12:56:16Z" user="Saeed SJ" uid="9998669" lat="27.1879493" lon="56.3123305"/>
 <node id="11355622684" visible="true" version="1" changeset="144095536" timestamp="2023-11-16T12:56:16Z" user="Saeed SJ" uid="9998669" lat="27.1879552" lon="56.3121937"/>
 <node id="11355622685" visible="true" version="1" changeset="144095536" timestamp="2023-11-16T12:56:16Z" user="Saeed SJ" uid="9998669" lat="27.1879135" lon="56.3123922"/>
 <node id="11355622686" visible="true" version="1" changeset="144095536" timestamp="2023-11-16T12:56:16Z" user="Saeed SJ" uid="9998669" lat="27.1879099" lon="56.3126899"/>
 <node id="11355622687" visible="true" version="1" changeset="144095536" timestamp="2023-11-16T12:56:16Z" user="Saeed SJ" uid="9998669" lat="27.1878532" lon="56.3127855"/>
 <node id="11355622688" visible="true" version="1" changeset="144095536" timestamp="2023-11-16T12:56:16Z" user="Saeed SJ" uid="9998669" lat="27.1858139" lon="56.3129580"/>
 <node id="11359587621" visible="true" version="1" changeset="144164000" timestamp="2023-11-18T07:30:02Z" user="Saeed SJ" uid="9998669" lat="27.1839669" lon="56.3155797"/>
 <node id="11359587622" visible="true" version="1" changeset="144164000" timestamp="2023-11-18T07:30:02Z" user="Saeed SJ" uid="9998669" lat="27.1837619" lon="56.3158742"/>
 <node id="11359587623" visible="true" version="1" changeset="144164000" timestamp="2023-11-18T07:30:02Z" user="Saeed SJ" uid="9998669" lat="27.1842863" lon="56.3157717"/>
 <node id="11359587624" visible="true" version="1" changeset="144164000" timestamp="2023-11-18T07:30:02Z" user="Saeed SJ" uid="9998669" lat="27.1840042" lon="56.3158321"/>
 <node id="11359587625" visible="true" version="1" changeset="144164000" timestamp="2023-11-18T07:30:02Z" user="Saeed SJ" uid="9998669" lat="27.1841521" lon="56.3149779"/>
 <node id="11359587626" visible="true" version="1" changeset="144164000" timestamp="2023-11-18T07:30:02Z" user="Saeed SJ" uid="9998669" lat="27.1835282" lon="56.3132478"/>
 <node id="11359587627" visible="true" version="1" changeset="144164000" timestamp="2023-11-18T07:30:02Z" user="Saeed SJ" uid="9998669" lat="27.1842109" lon="56.3132019"/>
 <node id="11359587628" visible="true" version="1" changeset="144164000" timestamp="2023-11-18T07:30:02Z" user="Saeed SJ" uid="9998669" lat="27.1839875" lon="56.3129045"/>
 <node id="11359587629" visible="true" version="1" changeset="144164000" timestamp="2023-11-18T07:30:02Z" user="Saeed SJ" uid="9998669" lat="27.1839577" lon="56.3129649"/>
 <node id="11359587630" visible="true" version="1" changeset="144164000" timestamp="2023-11-18T07:30:02Z" user="Saeed SJ" uid="9998669" lat="27.1839863" lon="56.3132197"/>
 <node id="11359587631" visible="true" version="1" changeset="144164000" timestamp="2023-11-18T07:30:02Z" user="Saeed SJ" uid="9998669" lat="27.1845482" lon="56.3129702"/>
 <node id="11359587632" visible="true" version="1" changeset="144164000" timestamp="2023-11-18T07:30:02Z" user="Saeed SJ" uid="9998669" lat="27.1851876" lon="56.3153332"/>
 <node id="11359587633" visible="true" version="1" changeset="144164000" timestamp="2023-11-18T07:30:02Z" user="Saeed SJ" uid="9998669" lat="27.1862267" lon="56.3162962"/>
 <node id="11359587634" visible="true" version="1" changeset="144164000" timestamp="2023-11-18T07:30:02Z" user="Saeed SJ" uid="9998669" lat="27.1862875" lon="56.3162948"/>
 <node id="11359587635" visible="true" version="1" changeset="144164000" timestamp="2023-11-18T07:30:02Z" user="Saeed SJ" uid="9998669" lat="27.1862863" lon="56.3163364"/>
 <node id="11359587636" visible="true" version="1" changeset="144164000" timestamp="2023-11-18T07:30:02Z" user="Saeed SJ" uid="9998669" lat="27.1863496" lon="56.3163337"/>
 <node id="11359587637" visible="true" version="1" changeset="144164000" timestamp="2023-11-18T07:30:02Z" user="Saeed SJ" uid="9998669" lat="27.1863508" lon="56.3165377"/>
 <node id="11359587638" visible="true" version="1" changeset="144164000" timestamp="2023-11-18T07:30:02Z" user="Saeed SJ" uid="9998669" lat="27.1861670" lon="56.3159689"/>
 <node id="11359587639" visible="true" version="1" changeset="144164000" timestamp="2023-11-18T07:30:02Z" user="Saeed SJ" uid="9998669" lat="27.1861766" lon="56.3160990"/>
 <node id="11359587640" visible="true" version="1" changeset="144164000" timestamp="2023-11-18T07:30:02Z" user="Saeed SJ" uid="9998669" lat="27.1862088" lon="56.3160950"/>
 <node id="11359587641" visible="true" version="1" changeset="144164000" timestamp="2023-11-18T07:30:02Z" user="Saeed SJ" uid="9998669" lat="27.1861169" lon="56.3162827"/>
 <node id="11359587642" visible="true" version="1" changeset="144164000" timestamp="2023-11-18T07:30:02Z" user="Saeed SJ" uid="9998669" lat="27.1860859" lon="56.3164410"/>
 <node id="11359587643" visible="true" version="1" changeset="144164000" timestamp="2023-11-18T07:30:02Z" user="Saeed SJ" uid="9998669" lat="27.1860984" lon="56.3166070"/>
 <node id="11359631196" visible="true" version="1" changeset="144163732" timestamp="2023-11-18T07:14:12Z" user="Saeed SJ" uid="9998669" lat="27.1885614" lon="56.3159936"/>
 <node id="11359631197" visible="true" version="1" changeset="144163732" timestamp="2023-11-18T07:14:12Z" user="Saeed SJ" uid="9998669" lat="27.1886695" lon="56.3152528"/>
 <node id="11359631198" visible="true" version="1" changeset="144163732" timestamp="2023-11-18T07:14:12Z" user="Saeed SJ" uid="9998669" lat="27.1875969" lon="56.3151718"/>
 <node id="11359631199" visible="true" version="1" changeset="144163732" timestamp="2023-11-18T07:14:12Z" user="Saeed SJ" uid="9998669" lat="27.1872245" lon="56.3151405"/>
 <node id="11359631200" visible="true" version="1" changeset="144163732" timestamp="2023-11-18T07:14:12Z" user="Saeed SJ" uid="9998669" lat="27.1859310" lon="56.3140975"/>
 <node id="11359631201" visible="true" version="1" changeset="144163732" timestamp="2023-11-18T07:14:12Z" user="Saeed SJ" uid="9998669" lat="27.1863293" lon="56.3140109"/>
 <node id="11359631202" visible="true" version="1" changeset="144163732" timestamp="2023-11-18T07:14:12Z" user="Saeed SJ" uid="9998669" lat="27.1876336" lon="56.3148646"/>
 <node id="11359631203" visible="true" version="1" changeset="144163732" timestamp="2023-11-18T07:14:12Z" user="Saeed SJ" uid="9998669" lat="27.1871946" lon="56.3149793"/>
 <node id="11359631204" visible="true" version="1" changeset="144163732" timestamp="2023-11-18T07:14:12Z" user="Saeed SJ" uid="9998669" lat="27.1867512" lon="56.3147754"/>
 <node id="11359631205" visible="true" version="1" changeset="144163732" timestamp="2023-11-18T07:14:12Z" user="Saeed SJ" uid="9998669" lat="27.1871804" lon="56.3160752"/>
 <node id="11359631206" visible="true" version="1" changeset="144163732" timestamp="2023-11-18T07:14:12Z" user="Saeed SJ" uid="9998669" lat="27.1871173" lon="56.3158102"/>
 <node id="11359631207" visible="true" version="1" changeset="144163732" timestamp="2023-11-18T07:14:12Z" user="Saeed SJ" uid="9998669" lat="27.1868356" lon="56.3166402"/>
 <node id="11359631208" visible="true" version="1" changeset="144163732" timestamp="2023-11-18T07:14:12Z" user="Saeed SJ" uid="9998669" lat="27.1873958" lon="56.3161862"/>
 <node id="11359631209" visible="true" version="1" changeset="144163732" timestamp="2023-11-18T07:14:12Z" user="Saeed SJ" uid="9998669" lat="27.1872419" lon="56.3162129"/>
 <node id="11359631210" visible="true" version="1" changeset="144163732" timestamp="2023-11-18T07:14:12Z" user="Saeed SJ" uid="9998669" lat="27.1874166" lon="56.3160118"/>
 <node id="11359631211" visible="true" version="1" changeset="144163732" timestamp="2023-11-18T07:14:12Z" user="Saeed SJ" uid="9998669" lat="27.1873874" lon="56.3157697"/>
 <node id="11359631212" visible="true" version="1" changeset="144163732" timestamp="2023-11-18T07:14:12Z" user="Saeed SJ" uid="9998669" lat="27.1877353" lon="56.3159523"/>
 <node id="11359631213" visible="true" version="1" changeset="144163732" timestamp="2023-11-18T07:14:12Z" user="Saeed SJ" uid="9998669" lat="27.1881181" lon="56.3164868"/>
 <node id="11359631214" visible="true" version="1" changeset="144163732" timestamp="2023-11-18T07:14:12Z" user="Saeed SJ" uid="9998669" lat="27.1878586" lon="56.3164853"/>
 <node id="11359631215" visible="true" version="1" changeset="144163732" timestamp="2023-11-18T07:14:12Z" user="Saeed SJ" uid="9998669" lat="27.1880972" lon="56.3157570"/>
 <node id="11359631216" visible="true" version="1" changeset="144163732" timestamp="2023-11-18T07:14:12Z" user="Saeed SJ" uid="9998669" lat="27.1880471" lon="56.3157517"/>
 <node id="11359631217" visible="true" version="1" changeset="144163732" timestamp="2023-11-18T07:14:12Z" user="Saeed SJ" uid="9998669" lat="27.1882833" lon="56.3157088"/>
 <node id="11359631218" visible="true" version="1" changeset="144163732" timestamp="2023-11-18T07:14:12Z" user="Saeed SJ" uid="9998669" lat="27.1877357" lon="56.3162264"/>
 <node id="11359631219" visible="true" version="1" changeset="144163732" timestamp="2023-11-18T07:14:12Z" user="Saeed SJ" uid="9998669" lat="27.1875461" lon="56.3164866"/>
 <node id="11359697111" visible="true" version="1" changeset="144165330" timestamp="2023-11-18T08:33:36Z" user="Saeed SJ" uid="9998669" lat="27.1891230" lon="56.3198481"/>
 <node id="11359820188" visible="true" version="1" changeset="144169143" timestamp="2023-11-18T10:48:10Z" user="Saeed SJ" uid="9998669" lat="27.1891112" lon="56.3172470"/>
 <node id="11360124802" visible="true" version="1" changeset="144176879" timestamp="2023-11-18T14:28:43Z" user="Saeed SJ" uid="9998669" lat="27.1890480" lon="56.3104892"/>
 <node id="11360247707" visible="true" version="1" changeset="144178473" timestamp="2023-11-18T15:12:23Z" user="Saeed SJ" uid="9998669" lat="27.1889669" lon="56.3119555"/>
 <node id="11360247708" visible="true" version="1" changeset="144178473" timestamp="2023-11-18T15:12:23Z" user="Saeed SJ" uid="9998669" lat="27.1889965" lon="56.3124860"/>
 <node id="11360247709" visible="true" version="1" changeset="144178473" timestamp="2023-11-18T15:12:23Z" user="Saeed SJ" uid="9998669" lat="27.1889362" lon="56.3116838"/>
 <node id="11360247710" visible="true" version="1" changeset="144178473" timestamp="2023-11-18T15:12:23Z" user="Saeed SJ" uid="9998669" lat="27.1893284" lon="56.3119612"/>
 <node id="11368318161" visible="true" version="1" changeset="144321020" timestamp="2023-11-22T10:52:28Z" user="Saeed SJ" uid="9998669" lat="27.1849712" lon="56.3102280"/>
 <node id="11368326694" visible="true" version="1" changeset="144321380" timestamp="2023-11-22T11:03:18Z" user="Saeed SJ" uid="9998669" lat="27.1810985" lon="56.3004650"/>
 <node id="11368326695" visible="true" version="1" changeset="144321380" timestamp="2023-11-22T11:03:18Z" user="Saeed SJ" uid="9998669" lat="27.1826756" lon="56.3016467"/>
 <node id="11368326696" visible="true" version="1" changeset="144321380" timestamp="2023-11-22T11:03:18Z" user="Saeed SJ" uid="9998669" lat="27.1814019" lon="56.3026065"/>
 <node id="11368329171" visible="true" version="1" changeset="144320798" timestamp="2023-11-22T10:46:35Z" user="Saeed SJ" uid="9998669" lat="27.1847510" lon="56.3126993"/>
 <node id="11368329172" visible="true" version="1" changeset="144320798" timestamp="2023-11-22T10:46:35Z" user="Saeed SJ" uid="9998669" lat="27.1833671" lon="56.3138889"/>
 <node id="11368329173" visible="true" version="1" changeset="144320798" timestamp="2023-11-22T10:46:35Z" user="Saeed SJ" uid="9998669" lat="27.1833707" lon="56.3179564"/>
 <node id="11486183420" visible="true" version="1" changeset="145872999" timestamp="2024-01-04T10:05:51Z" user="sara kamali" uid="20493954" lat="27.1890382" lon="56.3131172">
  <tag k="addr:city" v="بندرعباس"/>
  <tag k="addr:street" v="بلوار امام خمینی"/>
  <tag k="name" v="مرکز تخصصی پوست و اسپا نازیلا"/>
  <tag k="opening_hours" v="12:00-08:00"/>
  <tag k="operator" v="نازیلا"/>
  <tag k="phone" v="09174805301"/>
  <tag k="shop" v="beauty"/>
 </node>
 <node id="12010153526" visible="true" version="3" changeset="155471583" timestamp="2024-08-19T17:06:40Z" user="sendi2490" uid="20978684" lat="27.1829957" lon="56.3126148">
  <tag k="cuisine" v="coffee_shop;ice_cream;juice;نوشیدنی;ایس_پک"/>
  <tag k="internet_access" v="no"/>
  <tag k="name" v="ایس پک خواجه عطا ( ایس چاکلت)"/>
  <tag k="opening_hours" v="24/7"/>
  <tag k="outdoor_seating" v="yes"/>
  <tag k="phone" v="09175760917"/>
  <tag k="shop" v="supermarket"/>
  <tag k="website" v="https://marscream.ir/"/>
 </node>
 <node id="12120678435" visible="true" version="1" changeset="155471583" timestamp="2024-08-19T17:06:40Z" user="sendi2490" uid="20978684" lat="27.1829959" lon="56.3126689">
  <tag k="name" v="مریخ بستنی"/>
  <tag k="opening_hours" v="24/7"/>
  <tag k="operator" v="amin"/>
  <tag k="payment:cash" v="yes"/>
  <tag k="payment:credit_cards" v="yes"/>
  <tag k="phone" v="09333830917"/>
  <tag k="shop" v="mall"/>
 </node>
 <node id="12134225500" visible="true" version="1" changeset="155707539" timestamp="2024-08-24T17:24:45Z" user="FEFdiego" uid="18356406" lat="27.1854098" lon="56.3186049">
  <tag k="name" v="مبل كوروش"/>
  <tag k="shop" v="furniture"/>
 </node>
 <node id="12166713814" visible="true" version="1" changeset="156415111" timestamp="2024-09-09T21:30:24Z" user="dezhpoor" uid="19775575" lat="27.1883988" lon="56.3155138">
  <tag k="name" v="فروشگاه رنگ خان احمدی"/>
  <tag k="opening_hours" v="07:00-21:00"/>
  <tag k="phone" v="09179011365"/>
  <tag k="shop" v="paint"/>
 </node>
 <node id="12813702850" visible="true" version="1" changeset="165880784" timestamp="2025-05-06T08:54:23Z" user="Hormozpelasco" uid="22867056" lat="27.1885257" lon="56.3162792">
  <tag k="addr:city" v="بندرعباس"/>
  <tag k="addr:postcode" v="7916765672"/>
  <tag k="addr:street" v="بلوار امام خمینی.نایبند جنوبی.نرسیده به اداره شیلات.جنب ای نور"/>
  <tag k="air_conditioning" v="yes"/>
  <tag k="brand" v="هرمز پلاسکو"/>
  <tag k="currency:AED" v="yes"/>
  <tag k="currency:EUR" v="yes"/>
  <tag k="currency:USD" v="yes"/>
  <tag k="ele" v="200"/>
  <tag k="email" v="hormoz.land.bnd@gmail.com"/>
  <tag k="level" v="0"/>
  <tag k="mobile" v="+989370861009"/>
  <tag k="name" v="هرمز پلاسکو"/>
  <tag k="official_name" v="khane hormoz"/>
  <tag k="opening_hours" v="24/7"/>
  <tag k="payment:app" v="yes"/>
  <tag k="payment:bancomat" v="yes"/>
  <tag k="payment:cash" v="yes"/>
  <tag k="payment:debit_cards" v="yes"/>
  <tag k="payment:euro" v="yes"/>
  <tag k="payment:usa" v="yes"/>
  <tag k="payment:کارت_بانکی" v="yes"/>
  <tag k="phone" v="+987633342676"/>
  <tag k="shop" v="supermarket"/>
  <tag k="start_date" v="2023-01-01"/>
  <tag k="stroller" v="yes"/>
  <tag k="website" v="http://instagram.com/khanehormoz.bnd"/>
  <tag k="wheelchair" v="yes"/>
 </node>
 <node id="12996031277" visible="true" version="2" changeset="168878521" timestamp="2025-07-13T15:22:50Z" user="user_5359" uid="5359" lat="27.1866440" lon="56.3137700">
  <tag k="addr:city" v="بندرعباس"/>
  <tag k="addr:postcode" v="7916756759"/>
  <tag k="addr:street" v="چمران ۳"/>
  <tag k="email" v="shahryarbandar@gmail.com"/>
  <tag k="name" v="آپاراتی و تابگیری شهریار"/>
  <tag k="opening_hours" v="Mo-Su 07:00-22:00"/>
  <tag k="operator" v="شهریار شیرکول"/>
  <tag k="payment:cash" v="yes"/>
  <tag k="phone" v="07633350569"/>
  <tag k="shop" v="tyres"/>
 </node>
 <node id="13226846101" visible="true" version="1" changeset="173158635" timestamp="2025-10-11T23:03:06Z" user="kiaraSh-Q" uid="2693232" lat="27.1889906" lon="56.3118220">
  <tag k="name" v="نانوایی"/>
  <tag k="shop" v="bakery"/>
 </node>
 <node id="13536972079" visible="true" version="1" changeset="178316042" timestamp="2026-02-09T14:53:56Z" user="Nastaran_Sabouri" uid="10924444" lat="27.1829220" lon="56.3197540"/>
 <node id="13891167315" visible="true" version="1" changeset="183298296" timestamp="2026-05-28T10:44:38Z" user="Mohamad4439" uid="11200579" lat="27.1830432" lon="56.3126436">
  <tag k="addr:city" v="بندرعباس"/>
  <tag k="addr:street" v="وحدت ۱"/>
  <tag k="amenity" v="ice_cream"/>
  <tag k="delivery" v="yes"/>
  <tag k="mobile" v="+98 9177109719"/>
  <tag k="name" v="بستنی عشایر"/>
  <tag k="phone" v="+987633660831"/>
  <tag k="takeaway" v="yes"/>
 </node>
 <node id="13925599953" visible="true" version="1" changeset="183910849" timestamp="2026-06-10T08:28:06Z" user="dezhpoor" uid="19775575" lat="27.1891032" lon="56.3130544">
  <tag k="name" v="کارشناس تصادفات و امور وسایل نقلیه زمینی موتوری"/>
  <tag k="office" v="lawyer"/>
  <tag k="phone" v="09170951327"/>
 </node>
 <way id="26415662" visible="true" version="5" changeset="134839169" timestamp="2023-04-12T22:56:32Z" user="F777" uid="13691644">
  <nd ref="10805814632"/>
  <nd ref="4607721727"/>
  <tag k="man_made" v="pier"/>
 </way>
 <way id="31523429" visible="true" version="26" changeset="144163732" timestamp="2023-11-18T07:14:12Z" user="Saeed SJ" uid="9998669">
  <nd ref="352780633"/>
  <nd ref="3776206969"/>
  <nd ref="352780634"/>
  <nd ref="4857457102"/>
  <nd ref="352780635"/>
  <nd ref="4308824846"/>
  <nd ref="352780636"/>
  <nd ref="2929230060"/>
  <nd ref="3151538064"/>
  <nd ref="4308824850"/>
  <nd ref="352780637"/>
  <nd ref="4684611405"/>
  <nd ref="352780638"/>
  <nd ref="4308800235"/>
  <nd ref="352780639"/>
  <nd ref="2929230064"/>
  <nd ref="4308800234"/>
  <nd ref="4308800212"/>
  <nd ref="4308800219"/>
  <nd ref="5174920522"/>
  <nd ref="4308800213"/>
  <nd ref="4308800218"/>
  <nd ref="4308800205"/>
  <nd ref="352780643"/>
  <nd ref="9816972268"/>
  <nd ref="9816972266"/>
  <nd ref="11359631197"/>
  <nd ref="4603176595"/>
  <nd ref="352780644"/>
  <nd ref="352780645"/>
  <nd ref="4308409346"/>
  <nd ref="4308772717"/>
  <nd ref="352780646"/>
  <tag k="highway" v="primary"/>
  <tag k="maxspeed" v="60"/>
  <tag k="name" v="بلوار امام خمینی"/>
  <tag k="name:en" v="Imam Khomeini Boulevard"/>
  <tag k="name:fa" v="بلوار امام خمینی"/>
  <tag k="oneway" v="yes"/>
  <tag k="source:maxspeed" v="sign"/>
 </way>
 <way id="31523476" visible="true" version="36" changeset="144165330" timestamp="2023-11-18T08:33:36Z" user="Saeed SJ" uid="9998669">
  <nd ref="293642143"/>
  <nd ref="352781242"/>
  <nd ref="352781244"/>
  <nd ref="4693071603"/>
  <nd ref="352781245"/>
  <nd ref="4693071601"/>
  <nd ref="352781246"/>
  <nd ref="5250946901"/>
  <nd ref="352781248"/>
  <nd ref="6533525610"/>
  <nd ref="6545047109"/>
  <nd ref="6545047102"/>
  <nd ref="6545047108"/>
  <nd ref="4730415188"/>
  <nd ref="6545047115"/>
  <nd ref="5210814652"/>
  <nd ref="5210814655"/>
  <nd ref="4759522099"/>
  <nd ref="352781250"/>
  <nd ref="10300123681"/>
  <nd ref="352781254"/>
  <nd ref="352781256"/>
  <nd ref="4759522231"/>
  <nd ref="10860133299"/>
  <nd ref="352781257"/>
  <nd ref="4759522257"/>
  <nd ref="4313908415"/>
  <nd ref="4313908467"/>
  <nd ref="352781258"/>
  <nd ref="5221645574"/>
  <nd ref="4313916683"/>
  <nd ref="4313916682"/>
  <nd ref="4324691291"/>
  <nd ref="4324691290"/>
  <nd ref="352781264"/>
  <nd ref="11359697111"/>
  <nd ref="4324690888"/>
  <nd ref="4313932866"/>
  <nd ref="4308772730"/>
  <nd ref="5210410561"/>
  <nd ref="352781268"/>
  <tag k="cycleway:right" v="lane"/>
  <tag k="highway" v="primary"/>
  <tag k="lanes" v="3"/>
  <tag k="lit" v="yes"/>
  <tag k="maxspeed" v="60"/>
  <tag k="name" v="بلوار امام خمینی"/>
  <tag k="name:en" v="Imam Khomeini Boulevard"/>
  <tag k="oneway" v="yes"/>
  <tag k="sidewalk" v="right"/>
  <tag k="source" v="Yahoo"/>
  <tag k="source:maxspeed" v="sign"/>
  <tag k="surface" v="asphalt"/>
 </way>
 <way id="31523485" visible="true" version="31" changeset="135997804" timestamp="2023-05-12T01:07:39Z" user="DesMoinesRiver" uid="17110692">
  <nd ref="352781269"/>
  <nd ref="354974248"/>
  <nd ref="4308772729"/>
  <nd ref="354974289"/>
  <nd ref="352781270"/>
  <nd ref="9816974419"/>
  <nd ref="9816974420"/>
  <nd ref="3776232467"/>
  <nd ref="5205874948"/>
  <nd ref="5205874935"/>
  <nd ref="3385560238"/>
  <nd ref="5205874932"/>
  <nd ref="4308800214"/>
  <nd ref="5185656114"/>
  <nd ref="4703303653"/>
  <nd ref="5205862258"/>
  <nd ref="4308800226"/>
  <nd ref="10857745058"/>
  <nd ref="10857745053"/>
  <nd ref="352781276"/>
  <nd ref="352781277"/>
  <nd ref="4684611406"/>
  <nd ref="355239155"/>
  <nd ref="352781279"/>
  <nd ref="4308824851"/>
  <nd ref="352781280"/>
  <nd ref="352781282"/>
  <nd ref="4857764148"/>
  <nd ref="352781284"/>
  <nd ref="4308824857"/>
  <nd ref="352781285"/>
  <nd ref="3776232477"/>
  <nd ref="352781286"/>
  <nd ref="10807125941"/>
  <nd ref="10888575890"/>
  <nd ref="10807188644"/>
  <nd ref="10807125944"/>
  <nd ref="10888575889"/>
  <nd ref="10807284802"/>
  <tag k="highway" v="primary"/>
  <tag k="name" v="بلوار امام خمینی"/>
  <tag k="name:en" v="Imam Khomeini Boulevard"/>
  <tag k="oneway" v="yes"/>
 </way>
 <way id="31523486" visible="true" version="5" changeset="52985601" timestamp="2017-10-16T15:41:11Z" user="Claudius Henrichs" uid="18069">
  <nd ref="352781268"/>
  <nd ref="352781269"/>
  <tag k="bridge" v="yes"/>
  <tag k="highway" v="primary"/>
  <tag k="layer" v="1"/>
  <tag k="name" v="بلوار امام خمینی"/>
  <tag k="name:en" v="Imam Khomeini Boulevard"/>
  <tag k="oneway" v="yes"/>
  <tag k="source" v="Yahoo"/>
 </way>
 <way id="31523487" visible="true" version="6" changeset="52985601" timestamp="2017-10-16T15:41:11Z" user="Claudius Henrichs" uid="18069">
  <nd ref="352780646"/>
  <nd ref="4308772712"/>
  <nd ref="352780647"/>
  <tag k="bridge" v="yes"/>
  <tag k="highway" v="primary"/>
  <tag k="layer" v="1"/>
  <tag k="name" v="بلوار امام خمینی"/>
  <tag k="name:en" v="Imam Khomeini Boulevard"/>
  <tag k="oneway" v="yes"/>
  <tag k="source" v="Yahoo"/>
 </way>
 <way id="31523489" visible="true" version="31" changeset="135606087" timestamp="2023-05-02T08:56:36Z" user="s@jj@d" uid="14377768">
  <nd ref="352780647"/>
  <nd ref="4308772716"/>
  <nd ref="4308772740"/>
  <nd ref="5210405779"/>
  <nd ref="352780648"/>
  <nd ref="352780649"/>
  <nd ref="8733683866"/>
  <nd ref="3780438361"/>
  <nd ref="8733683854"/>
  <nd ref="352780650"/>
  <nd ref="10861925693"/>
  <nd ref="4313916681"/>
  <tag k="highway" v="primary"/>
  <tag k="lanes" v="3"/>
  <tag k="maxspeed" v="60"/>
  <tag k="name" v="بلوار امام خمینی"/>
  <tag k="name:en" v="Imam Khomeini Boulevard"/>
  <tag k="oneway" v="yes"/>
  <tag k="source" v="Yahoo"/>
  <tag k="source:maxspeed" v="sign"/>
  <tag k="surface" v="asphalt"/>
 </way>
 <way id="31557096" visible="true" version="2" changeset="99197715" timestamp="2021-02-12T22:09:22Z" user="MURrashed" uid="12040658">
  <nd ref="353114589"/>
  <nd ref="353114622"/>
  <tag k="highway" v="secondary_link"/>
  <tag k="source" v="Yahoo"/>
 </way>
 <way id="31557098" visible="true" version="10" changeset="144320812" timestamp="2023-11-22T10:46:58Z" user="Saeed SJ" uid="9998669">
  <nd ref="4308824816"/>
  <nd ref="4308824815"/>
  <nd ref="4308824828"/>
  <nd ref="5029055827"/>
  <nd ref="5206588445"/>
  <nd ref="5029054916"/>
  <nd ref="5206588455"/>
  <nd ref="4308800266"/>
  <nd ref="4308800259"/>
  <nd ref="4087032399"/>
  <nd ref="4308800274"/>
  <nd ref="5929060293"/>
  <nd ref="5029054915"/>
  <nd ref="353114582"/>
  <nd ref="3385566557"/>
  <nd ref="353114583"/>
  <nd ref="353114584"/>
  <nd ref="353114585"/>
  <nd ref="353114586"/>
  <nd ref="353114587"/>
  <nd ref="5929060299"/>
  <nd ref="353114589"/>
  <nd ref="5929060300"/>
  <nd ref="353114590"/>
  <nd ref="10860178489"/>
  <nd ref="353114591"/>
  <nd ref="5210381133"/>
  <nd ref="353114592"/>
  <nd ref="5210381129"/>
  <nd ref="353114681"/>
  <nd ref="353114682"/>
  <nd ref="352780643"/>
  <tag k="highway" v="secondary"/>
  <tag k="name" v="بلوار چمران"/>
  <tag k="name:en" v="Chamran Boulevard"/>
  <tag k="oneway" v="yes"/>
  <tag k="source" v="Yahoo"/>
  <tag k="surface" v="asphalt"/>
 </way>
 <way id="31727497" visible="true" version="6" changeset="111317334" timestamp="2021-09-17T04:41:18Z" user="EgholmIsland" uid="11890876">
  <nd ref="4939720100"/>
  <nd ref="354974282"/>
  <nd ref="4798101202"/>
  <nd ref="354974284"/>
  <nd ref="354974287"/>
  <nd ref="4691732245"/>
  <nd ref="354974289"/>
  <tag k="highway" v="primary_link"/>
  <tag k="oneway" v="yes"/>
  <tag k="source" v="Yahoo"/>
 </way>
 <way id="197030860" visible="true" version="22" changeset="134638212" timestamp="2023-04-08T04:10:50Z" user="kiaraSh-Q" uid="2693232">
  <nd ref="353111309"/>
  <nd ref="4308381140"/>
  <nd ref="1572276122"/>
  <nd ref="4672497276"/>
  <nd ref="4672497275"/>
  <nd ref="4672497274"/>
  <nd ref="4672497273"/>
  <nd ref="1572276124"/>
  <nd ref="1572276127"/>
  <nd ref="4672497272"/>
  <nd ref="4672497271"/>
  <nd ref="4672497270"/>
  <nd ref="3151537729"/>
  <nd ref="4672497269"/>
  <nd ref="4672497268"/>
  <nd ref="4672497267"/>
  <nd ref="4672497266"/>
  <nd ref="1572276132"/>
  <nd ref="6181241828"/>
  <nd ref="4672497239"/>
  <nd ref="4672497283"/>
  <nd ref="4672497282"/>
  <nd ref="4672497281"/>
  <nd ref="4672497280"/>
  <nd ref="1572276136"/>
  <nd ref="4672497279"/>
  <nd ref="10794408167"/>
  <nd ref="4672497278"/>
  <nd ref="4672497277"/>
  <nd ref="1572276137"/>
  <nd ref="1572276138"/>
  <nd ref="4308381160"/>
  <nd ref="3151537738"/>
  <nd ref="10794390858"/>
  <nd ref="8757137934"/>
  <nd ref="10269351378"/>
  <nd ref="10794404074"/>
  <nd ref="4308381161"/>
  <nd ref="10794404207"/>
  <nd ref="4308381168"/>
  <nd ref="3151537744"/>
  <nd ref="4308381187"/>
  <nd ref="1572276142"/>
  <nd ref="4308381162"/>
  <nd ref="5913431059"/>
  <nd ref="5913431060"/>
  <nd ref="1572276144"/>
  <nd ref="4308379693"/>
  <tag k="highway" v="primary"/>
  <tag k="lanes" v="3"/>
  <tag k="lit" v="yes"/>
  <tag k="maxspeed" v="60"/>
  <tag k="name" v="بلوار خواجه‌عطا"/>
  <tag k="name:en" v="KhajeAta Boulevard"/>
  <tag k="oneway" v="yes"/>
  <tag k="source" v="gps tracks;Bing"/>
  <tag k="source:maxspeed" v="sign"/>
  <tag k="surface" v="asphalt"/>
 </way>
 <way id="251778631" visible="true" version="2" changeset="134855755" timestamp="2023-04-13T10:14:06Z" user="F777" uid="13691644">
  <nd ref="10807175284"/>
  <nd ref="10807175285"/>
  <nd ref="10807175286"/>
  <nd ref="10807175287"/>
  <nd ref="10807175288"/>
  <nd ref="2579546820"/>
  <nd ref="2579546818"/>
  <nd ref="2579546815"/>
  <nd ref="2579546814"/>
  <nd ref="2579546817"/>
  <nd ref="10807175281"/>
  <nd ref="10807175282"/>
  <nd ref="10807175283"/>
  <nd ref="2579546823"/>
  <nd ref="2579546826"/>
  <nd ref="2579546828"/>
  <nd ref="2579546827"/>
  <nd ref="2579546825"/>
  <nd ref="2579546824"/>
  <nd ref="10807175284"/>
  <tag k="building" v="yes"/>
 </way>
 <way id="251778638" visible="true" version="3" changeset="135569845" timestamp="2023-05-01T11:35:57Z" user="s@jj@d" uid="14377768">
  <nd ref="2579546796"/>
  <nd ref="2579546809"/>
  <nd ref="2579546811"/>
  <nd ref="2579546798"/>
  <nd ref="2579546796"/>
  <tag k="building" v="yes"/>
 </way>
 <way id="251778644" visible="true" version="1" changeset="19449486" timestamp="2013-12-14T14:54:47Z" user="miurahr" uid="21118">
  <nd ref="2579546777"/>
  <nd ref="2579546778"/>
  <nd ref="2579546794"/>
  <nd ref="2579546790"/>
  <nd ref="2579546777"/>
  <tag k="building" v="yes"/>
 </way>
 <way id="331477766" visible="true" version="10" changeset="144178473" timestamp="2023-11-18T15:12:23Z" user="Saeed SJ" uid="9998669">
  <nd ref="3385560250"/>
  <nd ref="5205862274"/>
  <nd ref="5205862273"/>
  <nd ref="5205874931"/>
  <nd ref="5145439058"/>
  <nd ref="3385560244"/>
  <nd ref="5205874925"/>
  <nd ref="3385560239"/>
  <nd ref="11360247708"/>
  <nd ref="3385560238"/>
  <tag k="highway" v="residential"/>
  <tag k="maxspeed" v="30"/>
  <tag k="name" v="طراوت ۵"/>
 </way>
 <way id="331477973" visible="true" version="2" changeset="52985601" timestamp="2017-10-16T15:41:14Z" user="Claudius Henrichs" uid="18069">
  <nd ref="3385565140"/>
  <nd ref="3385565144"/>
  <tag k="bridge" v="yes"/>
  <tag k="highway" v="footway"/>
  <tag k="layer" v="1"/>
 </way>
 <way id="331477974" visible="true" version="4" changeset="122367502" timestamp="2022-06-14T10:56:56Z" user="hasaan22" uid="9514331">
  <nd ref="3385565142"/>
  <nd ref="3385565144"/>
  <nd ref="3385565143"/>
  <tag k="handrail" v="yes"/>
  <tag k="highway" v="steps"/>
 </way>
 <way id="331477975" visible="true" version="5" changeset="122367542" timestamp="2022-06-14T10:57:52Z" user="hasaan22" uid="9514331">
  <nd ref="9816972267"/>
  <nd ref="3385565140"/>
  <nd ref="9816972269"/>
  <tag k="handrail" v="yes"/>
  <tag k="highway" v="steps"/>
 </way>
 <way id="331478172" visible="true" version="3" changeset="134855755" timestamp="2023-04-13T10:14:06Z" user="F777" uid="13691644">
  <nd ref="3385566590"/>
  <nd ref="5210343069"/>
  <nd ref="3385566589"/>
  <nd ref="5210343068"/>
  <nd ref="3385566585"/>
  <nd ref="5210343066"/>
  <nd ref="3385566586"/>
  <nd ref="5210343067"/>
  <nd ref="3385566590"/>
  <tag k="area" v="yes"/>
  <tag k="leisure" v="park"/>
 </way>
 <way id="331478173" visible="true" version="13" changeset="144163732" timestamp="2023-11-18T07:14:12Z" user="Saeed SJ" uid="9998669">
  <nd ref="353114589"/>
  <nd ref="6533309950"/>
  <nd ref="3385566568"/>
  <nd ref="3385566570"/>
  <nd ref="5210381168"/>
  <nd ref="11359631204"/>
  <nd ref="5210381194"/>
  <nd ref="5210381162"/>
  <nd ref="5210381166"/>
  <nd ref="5210381163"/>
  <nd ref="3385566576"/>
  <nd ref="5210381160"/>
  <nd ref="5174920532"/>
  <nd ref="3385566579"/>
  <nd ref="4710072787"/>
  <nd ref="4710072788"/>
  <nd ref="4710076689"/>
  <nd ref="4710076690"/>
  <tag k="highway" v="residential"/>
  <tag k="maxspeed" v="30"/>
  <tag k="name" v="چمران ۶"/>
 </way>
 <way id="331478174" visible="true" version="9" changeset="71043795" timestamp="2019-06-08T06:05:12Z" user="fereydoon555" uid="9543799">
  <nd ref="3385566557"/>
  <nd ref="3385566554"/>
  <nd ref="5206664909"/>
  <nd ref="3385566552"/>
  <nd ref="5206664905"/>
  <nd ref="3385566551"/>
  <nd ref="5206665221"/>
  <nd ref="5029054910"/>
  <nd ref="3385566546"/>
  <nd ref="5206665235"/>
  <nd ref="3385566543"/>
  <nd ref="5206665240"/>
  <nd ref="3385566540"/>
  <nd ref="5206665239"/>
  <nd ref="3385566539"/>
  <nd ref="5206665245"/>
  <nd ref="3385566538"/>
  <nd ref="5206715002"/>
  <nd ref="3385566537"/>
  <nd ref="5206715001"/>
  <nd ref="3385566541"/>
  <nd ref="5206675927"/>
  <nd ref="5206715004"/>
  <nd ref="3385566544"/>
  <nd ref="3385566545"/>
  <nd ref="5206715013"/>
  <nd ref="5206715010"/>
  <nd ref="3385566548"/>
  <nd ref="5206674918"/>
  <nd ref="5206715008"/>
  <nd ref="5206727957"/>
  <nd ref="5206727953"/>
  <nd ref="3385566553"/>
  <nd ref="5206715015"/>
  <nd ref="3385566555"/>
  <nd ref="3385566556"/>
  <tag k="highway" v="tertiary"/>
  <tag k="name" v="چمران ۱۸"/>
 </way>
 <way id="331478175" visible="true" version="6" changeset="61192655" timestamp="2018-07-30T11:54:38Z" user="Mesut ozil" uid="8377537">
  <nd ref="3385566563"/>
  <nd ref="5210343044"/>
  <nd ref="3385566582"/>
  <tag k="highway" v="residential"/>
  <tag k="maxspeed" v="30"/>
  <tag k="name" v="وحدت ۱۳/۱"/>
 </way>
 <way id="331478176" visible="true" version="4" changeset="139365313" timestamp="2023-08-02T21:32:12Z" user="Mateusz Konieczny" uid="1722488">
  <nd ref="3385566566"/>
  <nd ref="3385566580"/>
  <tag k="highway" v="service"/>
  <tag k="service" v="alley"/>
 </way>
 <way id="331478177" visible="true" version="5" changeset="61192655" timestamp="2018-07-30T11:54:37Z" user="Mesut ozil" uid="8377537">
  <nd ref="3385566591"/>
  <nd ref="3385566592"/>
  <tag k="highway" v="residential"/>
  <tag k="maxspeed" v="30"/>
  <tag k="name" v="وحدت ۱۵"/>
 </way>
 <way id="331478179" visible="true" version="3" changeset="55483967" timestamp="2018-01-16T07:11:10Z" user="kiaraSh-Q" uid="2693232">
  <nd ref="3385566567"/>
  <nd ref="5210343043"/>
  <nd ref="3385566566"/>
  <nd ref="5210343032"/>
  <nd ref="3385566565"/>
  <nd ref="5210343042"/>
  <nd ref="5174919518"/>
  <tag k="highway" v="residential"/>
  <tag k="maxspeed" v="30"/>
  <tag k="name" v="چمران ۳"/>
 </way>
 <way id="331478180" visible="true" version="5" changeset="70879414" timestamp="2019-06-03T09:52:46Z" user="fereydoon555" uid="9543799">
  <nd ref="3385566588"/>
  <nd ref="5210381122"/>
  <nd ref="353116957"/>
  <tag k="highway" v="residential"/>
  <tag k="maxspeed" v="30"/>
  <tag k="name" v="چمران ۱"/>
 </way>
 <way id="331478181" visible="true" version="8" changeset="144095536" timestamp="2023-11-16T12:56:16Z" user="Saeed SJ" uid="9998669">
  <nd ref="10860178495"/>
  <nd ref="3385566582"/>
  <nd ref="11355622680"/>
  <nd ref="3385566583"/>
  <nd ref="5174920523"/>
  <tag k="highway" v="residential"/>
  <tag k="maxspeed" v="30"/>
  <tag k="name" v="وحدت ۱۳"/>
 </way>
 <way id="331478182" visible="true" version="7" changeset="62915613" timestamp="2018-09-25T14:22:59Z" user="Mesut ozil" uid="8377537">
  <nd ref="3385566562"/>
  <nd ref="3385566563"/>
  <nd ref="3385566564"/>
  <nd ref="3385566560"/>
  <nd ref="3385566558"/>
  <nd ref="5174919513"/>
  <tag k="highway" v="residential"/>
  <tag k="maxspeed" v="30"/>
  <tag k="name" v="وحدت ۱۱"/>
 </way>
 <way id="331478183" visible="true" version="13" changeset="161727456" timestamp="2025-01-24T20:33:17Z" user="sendi2490" uid="20978684">
  <nd ref="3385566533"/>
  <nd ref="5206706937"/>
  <nd ref="5206706941"/>
  <nd ref="3385566535"/>
  <nd ref="5206605813"/>
  <nd ref="5206661284"/>
  <nd ref="5206664894"/>
  <nd ref="3385566536"/>
  <nd ref="11353765920"/>
  <nd ref="5206661287"/>
  <nd ref="5206605810"/>
  <nd ref="3385566542"/>
  <nd ref="10861805423"/>
  <nd ref="3385566549"/>
  <nd ref="353114582"/>
  <tag k="highway" v="residential"/>
  <tag k="maxspeed" v="30"/>
  <tag k="name" v="مریخ"/>
 </way>
 <way id="331478328" visible="true" version="8" changeset="144321020" timestamp="2023-11-22T10:52:28Z" user="Saeed SJ" uid="9998669">
  <nd ref="3385569470"/>
  <nd ref="5202265313"/>
  <nd ref="3385569467"/>
  <nd ref="3385569469"/>
  <nd ref="6517795367"/>
  <tag k="highway" v="residential"/>
  <tag k="maxspeed" v="30"/>
  <tag k="name" v="وحدت ۱۴ - بهارستان ۱۳"/>
 </way>
 <way id="374253018" visible="true" version="8" changeset="62948378" timestamp="2018-09-26T14:25:53Z" user="Mesut ozil" uid="8377537">
  <nd ref="3385560256"/>
  <nd ref="3776232465"/>
  <nd ref="5145439051"/>
  <nd ref="5931584443"/>
  <nd ref="5205891674"/>
  <nd ref="3776232466"/>
  <nd ref="4691732250"/>
  <nd ref="5205874938"/>
  <nd ref="5205874944"/>
  <nd ref="3776232467"/>
  <tag k="highway" v="residential"/>
  <tag k="maxspeed" v="30"/>
  <tag k="name" v="طراوت ۳"/>
 </way>
 <way id="431605686" visible="true" version="7" changeset="144419033" timestamp="2023-11-24T19:10:47Z" user="fereydoon555" uid="9543799">
  <nd ref="4308381140"/>
  <nd ref="4308381141"/>
  <nd ref="4308381142"/>
  <nd ref="4308381143"/>
  <nd ref="4308381144"/>
  <nd ref="4308381145"/>
  <nd ref="4607721765"/>
  <nd ref="4308381146"/>
  <nd ref="4308381147"/>
  <nd ref="6181241830"/>
  <nd ref="6181241827"/>
  <nd ref="4308381148"/>
  <nd ref="4308381149"/>
  <nd ref="4308381150"/>
  <nd ref="10794408166"/>
  <nd ref="4308381151"/>
  <nd ref="4308381152"/>
  <nd ref="4308381153"/>
  <nd ref="4308381154"/>
  <nd ref="4308381155"/>
  <nd ref="4308381156"/>
  <nd ref="4308381157"/>
  <nd ref="4308381158"/>
  <nd ref="8757137938"/>
  <nd ref="10794390857"/>
  <nd ref="8757137937"/>
  <nd ref="8757137936"/>
  <nd ref="8757137935"/>
  <nd ref="8757137934"/>
  <tag k="highway" v="tertiary"/>
  <tag k="name" v="کنار گذر خواجه عطا"/>
  <tag k="oneway" v="yes"/>
 </way>
 <way id="431605687" visible="true" version="2" changeset="71042803" timestamp="2019-06-08T04:20:19Z" user="fereydoon555" uid="9543799">
  <nd ref="4308381168"/>
  <nd ref="4308381169"/>
  <nd ref="4308381170"/>
  <nd ref="4308381171"/>
  <nd ref="4308381172"/>
  <nd ref="4308381173"/>
  <nd ref="4308381174"/>
  <nd ref="4308381175"/>
  <nd ref="4308381176"/>
  <nd ref="3151537746"/>
  <tag k="highway" v="primary_link"/>
  <tag k="oneway" v="yes"/>
 </way>
 <way id="431605688" visible="true" version="2" changeset="71042803" timestamp="2019-06-08T04:20:19Z" user="fereydoon555" uid="9543799">
  <nd ref="4308381178"/>
  <nd ref="6533236482"/>
  <nd ref="4308381179"/>
  <nd ref="4308381180"/>
  <nd ref="4308381181"/>
  <nd ref="4308381182"/>
  <nd ref="4308381183"/>
  <nd ref="4308381184"/>
  <nd ref="4308381185"/>
  <nd ref="4308381186"/>
  <nd ref="4308381187"/>
  <tag k="highway" v="primary_link"/>
  <tag k="oneway" v="yes"/>
 </way>
 <way id="431606020" visible="true" version="6" changeset="144278458" timestamp="2023-11-21T09:20:18Z" user="Saeed SJ" uid="9998669">
  <nd ref="4308379693"/>
  <nd ref="4308379692"/>
  <tag k="bridge" v="yes"/>
  <tag k="highway" v="primary"/>
  <tag k="layer" v="1"/>
  <tag k="oneway" v="yes"/>
 </way>
 <way id="431606021" visible="true" version="25" changeset="144321380" timestamp="2023-11-22T11:03:18Z" user="Saeed SJ" uid="9998669">
  <nd ref="4308379694"/>
  <nd ref="4308409360"/>
  <nd ref="1572276145"/>
  <nd ref="4308381163"/>
  <nd ref="5206728018"/>
  <nd ref="3151537747"/>
  <nd ref="5206605759"/>
  <nd ref="5913431066"/>
  <nd ref="4308381164"/>
  <nd ref="4308381165"/>
  <nd ref="4308381178"/>
  <nd ref="1572276143"/>
  <nd ref="4308381166"/>
  <nd ref="3151537746"/>
  <nd ref="4308381167"/>
  <nd ref="5029054904"/>
  <nd ref="3385566531"/>
  <nd ref="4308800254"/>
  <nd ref="4308800265"/>
  <nd ref="5029055821"/>
  <nd ref="3151537740"/>
  <nd ref="10794390859"/>
  <nd ref="3151537739"/>
  <nd ref="4937650068"/>
  <nd ref="3151537737"/>
  <nd ref="6517795366"/>
  <nd ref="10177204109"/>
  <nd ref="1572276139"/>
  <nd ref="3151537736"/>
  <nd ref="2929232028"/>
  <nd ref="3151537735"/>
  <nd ref="10794408168"/>
  <nd ref="3151537734"/>
  <nd ref="11368326696"/>
  <nd ref="4672497250"/>
  <nd ref="6181241829"/>
  <nd ref="5206482574"/>
  <nd ref="5206482575"/>
  <nd ref="4672497251"/>
  <nd ref="11368326694"/>
  <nd ref="1572276131"/>
  <nd ref="1572276123"/>
  <nd ref="2579258536"/>
  <nd ref="3889488618"/>
  <nd ref="4308368503"/>
  <tag k="highway" v="primary"/>
  <tag k="lanes" v="3"/>
  <tag k="lit" v="yes"/>
  <tag k="maxspeed" v="60"/>
  <tag k="name" v="بلوار خواجه‌عطا"/>
  <tag k="name:en" v="Khajeh Ata Boulevard"/>
  <tag k="oneway" v="yes"/>
  <tag k="source:maxspeed" v="sign"/>
  <tag k="surface" v="asphalt"/>
 </way>
 <way id="431606022" visible="true" version="2" changeset="42925400" timestamp="2016-10-15T20:44:52Z" user="kesler" uid="13908">
  <nd ref="4308379695"/>
  <nd ref="4308379694"/>
  <tag k="bridge" v="yes"/>
  <tag k="highway" v="primary"/>
  <tag k="layer" v="1"/>
  <tag k="oneway" v="yes"/>
 </way>
 <way id="431608158" visible="true" version="6" changeset="144278458" timestamp="2023-11-21T09:20:18Z" user="Saeed SJ" uid="9998669">
  <nd ref="4308409338"/>
  <nd ref="4672497731"/>
  <nd ref="4672497732"/>
  <nd ref="1572276151"/>
  <nd ref="4672497725"/>
  <nd ref="4672497726"/>
  <nd ref="3776249868"/>
  <nd ref="4672497698"/>
  <nd ref="4308409339"/>
  <nd ref="4672497730"/>
  <nd ref="4672497727"/>
  <nd ref="4672497728"/>
  <nd ref="4672497699"/>
  <nd ref="4672497729"/>
  <nd ref="3776249867"/>
  <nd ref="4672497700"/>
  <nd ref="4672497701"/>
  <nd ref="4672497702"/>
  <nd ref="4672497703"/>
  <nd ref="4308409340"/>
  <nd ref="4672497704"/>
  <nd ref="4672497705"/>
  <nd ref="4672497706"/>
  <nd ref="4672497707"/>
  <nd ref="4672497708"/>
  <nd ref="3776249866"/>
  <nd ref="4672497710"/>
  <nd ref="4672497709"/>
  <nd ref="4672497711"/>
  <nd ref="4672497712"/>
  <nd ref="4672497713"/>
  <nd ref="4672497714"/>
  <nd ref="4672497715"/>
  <nd ref="4672497716"/>
  <nd ref="3776249865"/>
  <nd ref="4672497717"/>
  <nd ref="3776249864"/>
  <nd ref="4672497718"/>
  <nd ref="4672497719"/>
  <nd ref="4308409341"/>
  <nd ref="4672497720"/>
  <nd ref="4672497721"/>
  <nd ref="4672497722"/>
  <nd ref="4308409342"/>
  <nd ref="4672497723"/>
  <nd ref="4672497724"/>
  <nd ref="4308772715"/>
  <nd ref="4308772716"/>
  <tag k="highway" v="secondary"/>
  <tag k="name" v="شهدای شیلات"/>
  <tag k="oneway" v="yes"/>
  <tag k="surface" v="asphalt"/>
 </way>
 <way id="431649613" visible="true" version="4" changeset="144278458" timestamp="2023-11-21T09:20:18Z" user="Saeed SJ" uid="9998669">
  <nd ref="4308409346"/>
  <nd ref="4308409347"/>
  <nd ref="4308409348"/>
  <nd ref="4308409349"/>
  <nd ref="4308409350"/>
  <nd ref="4308409351"/>
  <nd ref="4308409352"/>
  <nd ref="4308409353"/>
  <nd ref="4308409354"/>
  <nd ref="4308409355"/>
  <nd ref="4308409356"/>
  <nd ref="5913431062"/>
  <nd ref="4308409357"/>
  <nd ref="5913431061"/>
  <nd ref="4308409358"/>
  <nd ref="4308409359"/>
  <nd ref="4308409360"/>
  <tag k="highway" v="secondary"/>
  <tag k="name" v="شهدای شیلات"/>
  <tag k="oneway" v="yes"/>
 </way>
 <way id="431649614" visible="true" version="2" changeset="45893616" timestamp="2017-02-07T18:48:18Z" user="lvlahdi" uid="223057">
  <nd ref="4308772717"/>
  <nd ref="4308772718"/>
  <nd ref="4308772721"/>
  <nd ref="4308772723"/>
  <nd ref="4308772724"/>
  <nd ref="4308772725"/>
  <nd ref="4308772726"/>
  <nd ref="4308772727"/>
  <nd ref="4308772728"/>
  <nd ref="4308772729"/>
  <tag k="highway" v="primary_link"/>
  <tag k="oneway" v="yes"/>
 </way>
 <way id="431649615" visible="true" version="2" changeset="119651830" timestamp="2022-04-13T07:11:31Z" user="kiaraSh-Q" uid="2693232">
  <nd ref="4308772730"/>
  <nd ref="4308772731"/>
  <nd ref="4308772732"/>
  <nd ref="4308772733"/>
  <nd ref="4308772734"/>
  <nd ref="4308772735"/>
  <nd ref="4308772736"/>
  <nd ref="4308772737"/>
  <nd ref="4308772738"/>
  <nd ref="4308772739"/>
  <nd ref="4308772740"/>
  <tag k="highway" v="primary_link"/>
  <tag k="oneway" v="yes"/>
  <tag k="surface" v="asphalt"/>
 </way>
 <way id="431652902" visible="true" version="33" changeset="144321380" timestamp="2023-11-22T11:03:18Z" user="Saeed SJ" uid="9998669">
  <nd ref="4308800205"/>
  <nd ref="4308800206"/>
  <nd ref="4308800207"/>
  <nd ref="4308800208"/>
  <nd ref="4308800209"/>
  <nd ref="4308800210"/>
  <nd ref="5929060308"/>
  <nd ref="353116957"/>
  <nd ref="353116958"/>
  <nd ref="5174919514"/>
  <nd ref="353114622"/>
  <nd ref="353116959"/>
  <nd ref="353116960"/>
  <nd ref="5210343070"/>
  <nd ref="353116961"/>
  <nd ref="5929060322"/>
  <nd ref="353116962"/>
  <nd ref="5210343083"/>
  <nd ref="353116963"/>
  <nd ref="5210343038"/>
  <nd ref="353116964"/>
  <nd ref="5210343029"/>
  <nd ref="5210343026"/>
  <nd ref="4308800244"/>
  <nd ref="4087032400"/>
  <nd ref="4308800243"/>
  <nd ref="4308800253"/>
  <nd ref="5202265292"/>
  <nd ref="11368318161"/>
  <nd ref="5202265283"/>
  <nd ref="4308824829"/>
  <nd ref="4308824817"/>
  <nd ref="4308824818"/>
  <nd ref="4308824839"/>
  <nd ref="353116968"/>
  <nd ref="353116969"/>
  <nd ref="353116970"/>
  <nd ref="4700598069"/>
  <nd ref="11242188254"/>
  <nd ref="353116971"/>
  <nd ref="5929060331"/>
  <nd ref="5202242190"/>
  <nd ref="5202242200"/>
  <nd ref="5202242198"/>
  <nd ref="5174892492"/>
  <nd ref="11348391889"/>
  <nd ref="4649220699"/>
  <nd ref="5174892478"/>
  <nd ref="353116972"/>
  <nd ref="4723466157"/>
  <nd ref="353116973"/>
  <nd ref="3776206960"/>
  <nd ref="3385569460"/>
  <nd ref="11368326695"/>
  <nd ref="5202176009"/>
  <nd ref="5202188131"/>
  <nd ref="5202175993"/>
  <nd ref="353116975"/>
  <nd ref="5929060071"/>
  <nd ref="3385569454"/>
  <nd ref="353116976"/>
  <nd ref="353116977"/>
  <nd ref="3385569449"/>
  <nd ref="5202151441"/>
  <nd ref="5202175963"/>
  <nd ref="5202142916"/>
  <nd ref="5202163348"/>
  <nd ref="4308381135"/>
  <nd ref="3377877334"/>
  <nd ref="3377877337"/>
  <nd ref="3377877336"/>
  <nd ref="4315389291"/>
  <nd ref="5201719393"/>
  <nd ref="5929060054"/>
  <nd ref="5201719392"/>
  <nd ref="5201719390"/>
  <nd ref="5201719388"/>
  <nd ref="5164906360"/>
  <nd ref="11348221858"/>
  <nd ref="4315388823"/>
  <nd ref="5929060053"/>
  <nd ref="4315388821"/>
  <nd ref="4315388822"/>
  <nd ref="4315388834"/>
  <nd ref="353116982"/>
  <nd ref="5929060051"/>
  <nd ref="4826655451"/>
  <nd ref="4826655450"/>
  <nd ref="5184174436"/>
  <nd ref="4826655449"/>
  <nd ref="353116983"/>
  <nd ref="4315388809"/>
  <nd ref="353116984"/>
  <nd ref="1572276135"/>
  <nd ref="4315388818"/>
  <nd ref="353116985"/>
  <tag k="highway" v="secondary"/>
  <tag k="name" v="بلوار چمران"/>
  <tag k="name:en" v="Chamran Boulevard"/>
  <tag k="oneway" v="yes"/>
  <tag k="source" v="Yahoo"/>
 </way>
 <way id="431652903" visible="true" version="4" changeset="119651830" timestamp="2022-04-13T07:12:22Z" user="kiaraSh-Q" uid="2693232">
  <nd ref="353114592"/>
  <nd ref="4308800198"/>
  <nd ref="4308800200"/>
  <nd ref="4308800201"/>
  <nd ref="4308800202"/>
  <nd ref="4308800203"/>
  <nd ref="4308800204"/>
  <nd ref="4308800199"/>
  <nd ref="4308800210"/>
  <tag k="highway" v="secondary_link"/>
  <tag k="oneway" v="yes"/>
  <tag k="surface" v="asphalt"/>
 </way>
 <way id="431652905" visible="true" version="3" changeset="119651830" timestamp="2022-04-13T07:12:35Z" user="kiaraSh-Q" uid="2693232">
  <nd ref="4308800214"/>
  <nd ref="4672497697"/>
  <nd ref="4308800215"/>
  <nd ref="4672497696"/>
  <nd ref="4308800216"/>
  <nd ref="4672497695"/>
  <nd ref="4308800217"/>
  <nd ref="4672497694"/>
  <nd ref="4672497693"/>
  <nd ref="4308800218"/>
  <tag k="highway" v="primary_link"/>
  <tag k="oneway" v="yes"/>
  <tag k="surface" v="asphalt"/>
 </way>
 <way id="431652906" visible="true" version="2" changeset="46363921" timestamp="2017-02-24T10:53:38Z" user="lvlahdi" uid="223057">
  <nd ref="4308800219"/>
  <nd ref="4308800220"/>
  <nd ref="4308800221"/>
  <nd ref="4308800222"/>
  <nd ref="4308800223"/>
  <nd ref="4308800224"/>
  <nd ref="4308800225"/>
  <nd ref="4703303652"/>
  <nd ref="4308800226"/>
  <tag k="highway" v="primary_link"/>
  <tag k="oneway" v="yes"/>
 </way>
 <way id="431652907" visible="true" version="8" changeset="128114264" timestamp="2022-10-27T07:17:35Z" user="Saeed SJ" uid="9998669">
  <nd ref="4087032400"/>
  <nd ref="4308800248"/>
  <nd ref="4308800227"/>
  <nd ref="5174919508"/>
  <nd ref="10131990826"/>
  <nd ref="4308800228"/>
  <nd ref="3385566562"/>
  <nd ref="3385566581"/>
  <nd ref="4308800229"/>
  <nd ref="3385566591"/>
  <nd ref="4308800230"/>
  <nd ref="4308800232"/>
  <nd ref="4308800233"/>
  <nd ref="4308800234"/>
  <tag k="highway" v="tertiary"/>
  <tag k="name" v="وحدت"/>
  <tag k="oneway" v="yes"/>
 </way>
 <way id="431652908" visible="true" version="11" changeset="128114264" timestamp="2022-10-27T07:17:35Z" user="Saeed SJ" uid="9998669">
  <nd ref="4308800235"/>
  <nd ref="4308800236"/>
  <nd ref="4308800237"/>
  <nd ref="4308800238"/>
  <nd ref="5929060315"/>
  <nd ref="4308800239"/>
  <nd ref="3385569470"/>
  <nd ref="5202265296"/>
  <nd ref="4308800240"/>
  <nd ref="4308800241"/>
  <nd ref="5070713924"/>
  <nd ref="10131990827"/>
  <nd ref="10131990828"/>
  <nd ref="4308800242"/>
  <nd ref="5202265290"/>
  <nd ref="4308800249"/>
  <nd ref="4308800243"/>
  <tag k="highway" v="tertiary"/>
  <tag k="name" v="وحدت"/>
  <tag k="oneway" v="yes"/>
 </way>
 <way id="431652909" visible="true" version="1" changeset="40816319" timestamp="2016-07-18T11:14:45Z" user="hamid5300" uid="2324635">
  <nd ref="4308800244"/>
  <nd ref="4308800245"/>
  <nd ref="4308800246"/>
  <nd ref="4308800247"/>
  <nd ref="4308800248"/>
  <tag k="highway" v="secondary_link"/>
  <tag k="oneway" v="yes"/>
 </way>
 <way id="431652910" visible="true" version="1" changeset="40816319" timestamp="2016-07-18T11:14:45Z" user="hamid5300" uid="2324635">
  <nd ref="4308800249"/>
  <nd ref="4308800250"/>
  <nd ref="4308800251"/>
  <nd ref="4308800252"/>
  <nd ref="4308800253"/>
  <tag k="highway" v="secondary_link"/>
  <tag k="oneway" v="yes"/>
 </way>
 <way id="431652911" visible="true" version="6" changeset="137528298" timestamp="2023-06-19T16:58:25Z" user="kiaraSh-Q" uid="2693232">
  <nd ref="4308800254"/>
  <nd ref="4308800255"/>
  <nd ref="4308800256"/>
  <nd ref="4308800257"/>
  <nd ref="5206605782"/>
  <nd ref="4308800258"/>
  <nd ref="5206605798"/>
  <nd ref="5206605806"/>
  <nd ref="4308800270"/>
  <nd ref="4087032399"/>
  <tag k="highway" v="tertiary"/>
  <tag k="name" v="وحدت"/>
  <tag k="oneway" v="yes"/>
 </way>
 <way id="431652912" visible="true" version="7" changeset="144087663" timestamp="2023-11-16T10:10:36Z" user="Saeed SJ" uid="9998669">
  <nd ref="4308800259"/>
  <nd ref="4308800269"/>
  <nd ref="5029054920"/>
  <nd ref="5929060292"/>
  <nd ref="11353765922"/>
  <nd ref="5206588421"/>
  <nd ref="4308800260"/>
  <nd ref="4308800261"/>
  <nd ref="4308800262"/>
  <nd ref="4308800263"/>
  <nd ref="4308800264"/>
  <nd ref="4308800265"/>
  <tag k="highway" v="tertiary"/>
  <tag k="name" v="وحدت"/>
  <tag k="oneway" v="yes"/>
 </way>
 <way id="431652915" visible="true" version="1" changeset="40816319" timestamp="2016-07-18T11:14:45Z" user="hamid5300" uid="2324635">
  <nd ref="4308800266"/>
  <nd ref="4308800267"/>
  <nd ref="4308800268"/>
  <nd ref="4308800269"/>
  <tag k="highway" v="secondary_link"/>
  <tag k="oneway" v="yes"/>
 </way>
 <way id="431652916" visible="true" version="1" changeset="40816319" timestamp="2016-07-18T11:14:45Z" user="hamid5300" uid="2324635">
  <nd ref="4308800270"/>
  <nd ref="4308800271"/>
  <nd ref="4308800272"/>
  <nd ref="4308800273"/>
  <nd ref="4308800274"/>
  <tag k="highway" v="secondary_link"/>
  <tag k="oneway" v="yes"/>
 </way>
 <way id="432313034" visible="true" version="2" changeset="59799801" timestamp="2018-06-13T07:05:25Z" user="Mesut ozil" uid="8377537">
  <nd ref="352782506"/>
  <nd ref="352782507"/>
  <nd ref="352782509"/>
  <nd ref="352782510"/>
  <nd ref="352782511"/>
  <nd ref="352782512"/>
  <nd ref="352782513"/>
  <nd ref="352782055"/>
  <nd ref="352782058"/>
  <nd ref="352782063"/>
  <nd ref="352782067"/>
  <nd ref="352782071"/>
  <nd ref="352782075"/>
  <nd ref="352782080"/>
  <tag k="name" v="خور"/>
  <tag k="source" v="Yahoo"/>
  <tag k="waterway" v="river"/>
 </way>
 <way id="465339603" visible="true" version="10" changeset="144164000" timestamp="2023-11-18T07:30:02Z" user="Saeed SJ" uid="9998669">
  <nd ref="4603176595"/>
  <nd ref="5210381124"/>
  <nd ref="4603176596"/>
  <nd ref="5210381139"/>
  <nd ref="4603176597"/>
  <nd ref="4603176598"/>
  <nd ref="4603176599"/>
  <nd ref="10860178486"/>
  <nd ref="4603176600"/>
  <nd ref="10860178485"/>
  <nd ref="4603176601"/>
  <nd ref="4710076690"/>
  <nd ref="4603176603"/>
  <nd ref="11359631207"/>
  <nd ref="4603176604"/>
  <nd ref="4603176605"/>
  <nd ref="4603176606"/>
  <nd ref="4603176607"/>
  <nd ref="4603176608"/>
  <nd ref="11359587637"/>
  <nd ref="11359587643"/>
  <nd ref="4603176609"/>
  <nd ref="4603176610"/>
  <nd ref="4603176611"/>
  <nd ref="5206727964"/>
  <nd ref="5206727963"/>
  <nd ref="5206715017"/>
  <nd ref="4603176612"/>
  <nd ref="3385566556"/>
  <tag k="highway" v="tertiary"/>
  <tag k="name" v="شیلات"/>
 </way>
 <way id="475427075" visible="true" version="5" changeset="128322873" timestamp="2022-11-01T04:04:20Z" user="user_17541432" uid="17541432">
  <nd ref="4691727115"/>
  <nd ref="4691727116"/>
  <nd ref="4691727117"/>
  <nd ref="4691727118"/>
  <nd ref="4691727119"/>
  <nd ref="4691727120"/>
  <nd ref="4691727121"/>
  <nd ref="4691727115"/>
  <tag k="addr:city" v="بندرعباس"/>
  <tag k="amenity" v="place_of_worship"/>
  <tag k="building" v="shrine"/>
  <tag k="denomination" v="shia"/>
  <tag k="name" v="حرم امامزاده سید مظفر"/>
  <tag k="name:en" v="Seyed Mozafar Holy Shrine"/>
  <tag k="opening_hours" v="24/7"/>
  <tag k="phone" v="+9807633337550"/>
  <tag k="place_of_worship" v="shrine"/>
 </way>
 <way id="475427578" visible="true" version="12" changeset="135569219" timestamp="2023-05-01T11:17:32Z" user="s@jj@d" uid="14377768">
  <nd ref="3776232473"/>
  <nd ref="5221993254"/>
  <nd ref="10857810264"/>
  <nd ref="4691732241"/>
  <nd ref="4691732256"/>
  <nd ref="5221993257"/>
  <nd ref="10860140326"/>
  <nd ref="4691732254"/>
  <nd ref="4691732243"/>
  <nd ref="5222003761"/>
  <nd ref="4691732244"/>
  <nd ref="4691732251"/>
  <nd ref="10857718289"/>
  <nd ref="4691732246"/>
  <nd ref="8268919220"/>
  <tag k="highway" v="residential"/>
  <tag k="maxspeed" v="30"/>
  <tag k="name" v="طراوت ۲"/>
 </way>
 <way id="476905534" visible="true" version="1" changeset="46363499" timestamp="2017-02-24T10:35:14Z" user="lvlahdi" uid="223057">
  <nd ref="4703283136"/>
  <nd ref="4703283137"/>
  <nd ref="4703283138"/>
  <nd ref="4703283139"/>
  <nd ref="4703283136"/>
  <tag k="building" v="yes"/>
  <tag k="name" v="فروشگاه گامرون"/>
  <tag k="shop" v="supermarket"/>
 </way>
 <way id="476905536" visible="true" version="1" changeset="46363499" timestamp="2017-02-24T10:35:14Z" user="lvlahdi" uid="223057">
  <nd ref="4703283140"/>
  <nd ref="4703283137"/>
  <nd ref="4703283136"/>
  <nd ref="4703283141"/>
  <nd ref="4703283140"/>
  <tag k="building" v="yes"/>
  <tag k="name" v="فروشگاه ماهی"/>
  <tag k="shop" v="seafood"/>
 </way>
 <way id="476908137" visible="true" version="2" changeset="49879620" timestamp="2017-06-28T06:40:40Z" user="ezzatalla" uid="1865465">
  <nd ref="4703303654"/>
  <nd ref="4703303655"/>
  <nd ref="4703303656"/>
  <nd ref="4703303657"/>
  <nd ref="4703303658"/>
  <nd ref="4703303654"/>
  <tag k="building" v="yes"/>
  <tag k="name" v="اداره کل ورزش و جوانان هرمزگان"/>
  <tag k="office" v="government"/>
 </way>
 <way id="480624858" visible="true" version="2" changeset="62915613" timestamp="2018-09-25T14:22:58Z" user="Mesut ozil" uid="8377537">
  <nd ref="4736002108"/>
  <nd ref="4736002109"/>
  <nd ref="4736002110"/>
  <nd ref="4736002111"/>
  <nd ref="4736002108"/>
  <tag k="leisure" v="pitch"/>
  <tag k="name" v="باشگاه شاهین"/>
  <tag k="sport" v="soccer"/>
 </way>
 <way id="487330863" visible="true" version="3" changeset="71043038" timestamp="2019-06-08T04:50:17Z" user="fereydoon555" uid="9543799">
  <nd ref="4308800230"/>
  <nd ref="4798101203"/>
  <nd ref="4798101204"/>
  <nd ref="4798101205"/>
  <nd ref="4798101206"/>
  <nd ref="4798101207"/>
  <nd ref="4308800237"/>
  <tag k="highway" v="tertiary_link"/>
  <tag k="oneway" v="yes"/>
 </way>
 <way id="514850504" visible="true" version="4" changeset="135602877" timestamp="2023-05-02T07:24:03Z" user="s@jj@d" uid="14377768">
  <nd ref="5029054902"/>
  <nd ref="5029054899"/>
  <tag k="highway" v="residential"/>
  <tag k="maxspeed" v="30"/>
 </way>
 <way id="514850505" visible="true" version="9" changeset="168843193" timestamp="2025-07-12T16:20:44Z" user="آپاراتی و تابگیری شهریار" uid="23090031">
  <nd ref="5029054904"/>
  <nd ref="5206588478"/>
  <nd ref="5029054903"/>
  <nd ref="5029054902"/>
  <nd ref="5029054887"/>
  <nd ref="10861805430"/>
  <nd ref="9274377770"/>
  <nd ref="5029054889"/>
  <nd ref="5206675936"/>
  <nd ref="5029054890"/>
  <nd ref="5029054891"/>
  <nd ref="5206665250"/>
  <nd ref="5029054893"/>
  <nd ref="5206665240"/>
  <tag k="highway" v="residential"/>
  <tag k="name" v="ساحل ۹"/>
 </way>
 <way id="514850507" visible="true" version="5" changeset="135602877" timestamp="2023-05-02T07:24:03Z" user="s@jj@d" uid="14377768">
  <nd ref="5029054910"/>
  <nd ref="5206665231"/>
  <nd ref="5029054909"/>
  <nd ref="5029054908"/>
  <nd ref="5206661281"/>
  <nd ref="5029054896"/>
  <nd ref="5029054898"/>
  <nd ref="5029054899"/>
  <tag k="highway" v="residential"/>
  <tag k="maxspeed" v="30"/>
  <tag k="name" v="ساحل ۱۰"/>
 </way>
 <way id="514850509" visible="true" version="5" changeset="61192694" timestamp="2018-07-30T11:55:51Z" user="Mesut ozil" uid="8377537">
  <nd ref="5029054920"/>
  <nd ref="5206588458"/>
  <nd ref="5029054919"/>
  <tag k="highway" v="residential"/>
  <tag k="maxspeed" v="30"/>
  <tag k="name" v="وحدت ۶"/>
 </way>
 <way id="514850517" visible="true" version="8" changeset="144087663" timestamp="2023-11-16T10:10:36Z" user="Saeed SJ" uid="9998669">
  <nd ref="5029054915"/>
  <nd ref="11353765921"/>
  <nd ref="11353765918"/>
  <nd ref="5029054911"/>
  <nd ref="11353765919"/>
  <nd ref="5206605795"/>
  <nd ref="5206664895"/>
  <tag k="highway" v="residential"/>
  <tag k="maxspeed" v="30"/>
  <tag k="name" v="چمران ۲۲"/>
 </way>
 <way id="533400755" visible="true" version="8" changeset="135569845" timestamp="2023-05-01T11:35:57Z" user="s@jj@d" uid="14377768">
  <nd ref="5174919508"/>
  <nd ref="5174919511"/>
  <tag k="highway" v="residential"/>
  <tag k="maxspeed" v="30"/>
  <tag k="name" v="وحدت ۹"/>
 </way>
 <way id="533400756" visible="true" version="6" changeset="144095536" timestamp="2023-11-16T12:56:16Z" user="Saeed SJ" uid="9998669">
  <nd ref="5174919514"/>
  <nd ref="5174919515"/>
  <nd ref="5210381123"/>
  <nd ref="11355622676"/>
  <nd ref="5174919517"/>
  <nd ref="5174919518"/>
  <tag k="highway" v="residential"/>
  <tag k="maxspeed" v="30"/>
  <tag k="name" v="چمران ۳"/>
 </way>
 <way id="533400757" visible="true" version="6" changeset="144321020" timestamp="2023-11-22T10:52:28Z" user="Saeed SJ" uid="9998669">
  <nd ref="5174919519"/>
  <nd ref="3385566580"/>
  <nd ref="5174919520"/>
  <nd ref="5174920523"/>
  <tag k="highway" v="residential"/>
  <tag k="maxspeed" v="30"/>
  <tag k="name" v="وحدت ۱۳"/>
 </way>
 <way id="533400758" visible="true" version="6" changeset="144095536" timestamp="2023-11-16T12:56:16Z" user="Saeed SJ" uid="9998669">
  <nd ref="5174920521"/>
  <nd ref="10860178496"/>
  <nd ref="5174919520"/>
  <tag k="bicycle" v="yes"/>
  <tag k="highway" v="footway"/>
 </way>
 <way id="533400759" visible="true" version="5" changeset="144095536" timestamp="2023-11-16T12:56:16Z" user="Saeed SJ" uid="9998669">
  <nd ref="5174920522"/>
  <nd ref="5210343046"/>
  <nd ref="3385566592"/>
  <nd ref="11355622682"/>
  <nd ref="10807175289"/>
  <nd ref="5174920523"/>
  <tag k="highway" v="residential"/>
  <tag k="maxspeed" v="30"/>
  <tag k="name" v="مرداد ۲"/>
 </way>
 <way id="533400760" visible="true" version="6" changeset="144095536" timestamp="2023-11-16T12:56:16Z" user="Saeed SJ" uid="9998669">
  <nd ref="3385566588"/>
  <nd ref="5174920524"/>
  <nd ref="11355622687"/>
  <nd ref="11355622686"/>
  <nd ref="11355622685"/>
  <tag k="highway" v="service"/>
  <tag k="name" v="وحدت ۱۵"/>
  <tag k="service" v="alley"/>
 </way>
 <way id="533400761" visible="true" version="8" changeset="144163732" timestamp="2023-11-18T07:14:12Z" user="Saeed SJ" uid="9998669">
  <nd ref="3385566570"/>
  <nd ref="5174920526"/>
  <nd ref="5174920527"/>
  <nd ref="11359631203"/>
  <nd ref="5174920528"/>
  <nd ref="11359631199"/>
  <nd ref="5174920529"/>
  <nd ref="5174920530"/>
  <nd ref="5174920531"/>
  <nd ref="5210381155"/>
  <tag k="highway" v="residential"/>
  <tag k="maxspeed" v="30"/>
  <tag k="name" v="چمران ۶/۱"/>
 </way>
 <way id="533400762" visible="true" version="9" changeset="144320798" timestamp="2023-11-22T10:46:35Z" user="Saeed SJ" uid="9998669">
  <nd ref="5174920537"/>
  <nd ref="5210381180"/>
  <nd ref="5174920538"/>
  <nd ref="5210381176"/>
  <nd ref="5174920539"/>
  <nd ref="5210381173"/>
  <nd ref="5206664911"/>
  <nd ref="5206665223"/>
  <nd ref="5206664912"/>
  <nd ref="5206665224"/>
  <nd ref="5206664913"/>
  <nd ref="5206664914"/>
  <nd ref="353114583"/>
  <tag k="highway" v="residential"/>
  <tag k="maxspeed" v="30"/>
  <tag k="name" v="چمران ۱۴"/>
 </way>
 <way id="533400763" visible="true" version="11" changeset="144320798" timestamp="2023-11-22T10:46:35Z" user="Saeed SJ" uid="9998669">
  <nd ref="4603176611"/>
  <nd ref="5206715019"/>
  <nd ref="5174920542"/>
  <nd ref="5206727950"/>
  <nd ref="5210381204"/>
  <nd ref="5206665639"/>
  <nd ref="5174920540"/>
  <nd ref="5174920537"/>
  <tag k="highway" v="residential"/>
  <tag k="maxspeed" v="30"/>
 </way>
 <way id="533400764" visible="true" version="5" changeset="144320798" timestamp="2023-11-22T10:46:35Z" user="Saeed SJ" uid="9998669">
  <nd ref="4603176606"/>
  <nd ref="5174920533"/>
  <nd ref="5210381202"/>
  <nd ref="5210381159"/>
  <nd ref="5174920535"/>
  <nd ref="5210381184"/>
  <nd ref="5174920536"/>
  <nd ref="5174920537"/>
  <tag k="highway" v="residential"/>
  <tag k="maxspeed" v="30"/>
  <tag k="name" v="دوخ آبادی"/>
 </way>
 <way id="533400765" visible="true" version="5" changeset="134839169" timestamp="2023-04-12T22:56:32Z" user="F777" uid="13691644">
  <nd ref="5174920543"/>
  <nd ref="5174920544"/>
  <nd ref="5174920545"/>
  <nd ref="5174920546"/>
  <nd ref="10798858828"/>
  <nd ref="10798858827"/>
  <nd ref="5174920547"/>
  <nd ref="5174920543"/>
  <tag k="name" v="پژوهشکده اکولوژی خلیج فارس و دریای عمان"/>
  <tag k="name:en" v="Persian Gulf and Oman Sea Ecological Research Institute"/>
  <tag k="name:fa" v="پژوهشکده اکولوژی خلیج فارس و دریای عمان"/>
  <tag k="office" v="educational_institution"/>
 </way>
 <way id="533400766" visible="true" version="2" changeset="65660873" timestamp="2018-12-21T07:21:20Z" user="kiaraSh-Q" uid="2693232">
  <nd ref="5174920549"/>
  <nd ref="5174920550"/>
  <nd ref="5174920551"/>
  <nd ref="5174920552"/>
  <nd ref="5174920553"/>
  <nd ref="5174920554"/>
  <nd ref="5174920555"/>
  <nd ref="5174920556"/>
  <nd ref="5174920557"/>
  <nd ref="5174920558"/>
  <nd ref="5174920559"/>
  <nd ref="5174920560"/>
  <nd ref="5174920561"/>
  <nd ref="5174920562"/>
  <nd ref="5174920563"/>
  <nd ref="5174920564"/>
  <nd ref="5174920565"/>
  <nd ref="5174920566"/>
  <nd ref="5174920567"/>
  <nd ref="5174920568"/>
  <nd ref="5174920549"/>
  <tag k="name" v="اداره کل شیلات استان هرمزگان"/>
  <tag k="office" v="government"/>
 </way>
 <way id="537164435" visible="true" version="5" changeset="144087040" timestamp="2023-11-16T09:54:44Z" user="Saeed SJ" uid="9998669">
  <nd ref="5202265289"/>
  <nd ref="5202265291"/>
  <nd ref="11353735097"/>
  <nd ref="5202265290"/>
  <tag k="highway" v="residential"/>
  <tag k="maxspeed" v="30"/>
  <tag k="name" v="وحدت ۸"/>
 </way>
 <way id="537164438" visible="true" version="5" changeset="70878697" timestamp="2019-06-03T09:26:49Z" user="fereydoon555" uid="9543799">
  <nd ref="5202265296"/>
  <nd ref="5202265319"/>
  <nd ref="5202265310"/>
  <nd ref="5202265299"/>
  <nd ref="5202265300"/>
  <nd ref="5202265301"/>
  <nd ref="5202265302"/>
  <nd ref="5202265316"/>
  <tag k="highway" v="residential"/>
  <tag k="maxspeed" v="30"/>
  <tag k="name" v="وحدت ۱۲"/>
 </way>
 <way id="537645345" visible="true" version="3" changeset="144178473" timestamp="2023-11-18T15:12:23Z" user="Saeed SJ" uid="9998669">
  <nd ref="11360247709"/>
  <nd ref="5205862259"/>
  <tag k="highway" v="residential"/>
  <tag k="maxspeed" v="30"/>
 </way>
 <way id="537648323" visible="true" version="5" changeset="144178473" timestamp="2023-11-18T15:12:23Z" user="Saeed SJ" uid="9998669">
  <nd ref="5205874932"/>
  <nd ref="5205874933"/>
  <nd ref="5205874934"/>
  <tag k="highway" v="service"/>
  <tag k="maxspeed" v="30"/>
  <tag k="name" v="طراوت"/>
  <tag k="service" v="alley"/>
 </way>
 <way id="537648327" visible="true" version="5" changeset="135531958" timestamp="2023-04-30T10:44:49Z" user="s@jj@d" uid="14377768">
  <nd ref="5205874948"/>
  <nd ref="5205874946"/>
  <nd ref="5205874945"/>
  <nd ref="5205874949"/>
  <nd ref="5205874941"/>
  <nd ref="5205874942"/>
  <tag k="highway" v="residential"/>
  <tag k="maxspeed" v="30"/>
  <tag k="name" v="طراوت ۴"/>
 </way>
 <way id="537648328" visible="true" version="3" changeset="62948378" timestamp="2018-09-26T14:25:53Z" user="Mesut ozil" uid="8377537">
  <nd ref="5205874944"/>
  <nd ref="5205874945"/>
  <tag k="highway" v="residential"/>
  <tag k="maxspeed" v="30"/>
 </way>
 <way id="537749287" visible="true" version="6" changeset="144321020" timestamp="2023-11-22T10:52:28Z" user="Saeed SJ" uid="9998669">
  <nd ref="4308800263"/>
  <nd ref="5206588429"/>
  <nd ref="5206588430"/>
  <nd ref="5206588470"/>
  <tag k="highway" v="residential"/>
  <tag k="maxspeed" v="30"/>
  <tag k="name" v="بهارستان ۱"/>
 </way>
 <way id="537749291" visible="true" version="4" changeset="144321020" timestamp="2023-11-22T10:52:28Z" user="Saeed SJ" uid="9998669">
  <nd ref="5206588470"/>
  <nd ref="11353691516"/>
  <nd ref="11353691517"/>
  <nd ref="5206588432"/>
  <nd ref="5206588433"/>
  <nd ref="5206588436"/>
  <nd ref="3151537743"/>
  <tag k="highway" v="residential"/>
  <tag k="maxspeed" v="30"/>
  <tag k="name" v="بهارستان ۱"/>
 </way>
 <way id="537749300" visible="true" version="7" changeset="144087235" timestamp="2023-11-16T09:59:55Z" user="Saeed SJ" uid="9998669">
  <nd ref="5206588454"/>
  <nd ref="5206588456"/>
  <nd ref="5206588455"/>
  <tag k="highway" v="service"/>
  <tag k="maxspeed" v="30"/>
  <tag k="name" v="چمران ۲۴"/>
  <tag k="service" v="alley"/>
 </way>
 <way id="537749301" visible="true" version="3" changeset="144087235" timestamp="2023-11-16T09:59:55Z" user="Saeed SJ" uid="9998669">
  <nd ref="5206588456"/>
  <nd ref="5206588457"/>
  <tag k="highway" v="service"/>
  <tag k="maxspeed" v="30"/>
  <tag k="service" v="alley"/>
 </way>
 <way id="537749302" visible="true" version="7" changeset="144578980" timestamp="2023-11-29T08:48:34Z" user="ali-14" uid="13408893">
  <nd ref="5206588458"/>
  <nd ref="5206588459"/>
  <nd ref="5206588460"/>
  <tag k="bicycle" v="yes"/>
  <tag k="highway" v="footway"/>
  <tag k="maxspeed" v="30"/>
  <tag k="name" v="وحدت ۶/۱"/>
  <tag k="service" v="alley"/>
 </way>
 <way id="537749303" visible="true" version="8" changeset="144087235" timestamp="2023-11-16T09:59:55Z" user="Saeed SJ" uid="9998669">
  <nd ref="5029054916"/>
  <nd ref="5206588457"/>
  <nd ref="5029054917"/>
  <nd ref="5029054918"/>
  <nd ref="11353691513"/>
  <nd ref="5029054919"/>
  <nd ref="10861819669"/>
  <nd ref="5206588463"/>
  <tag k="highway" v="residential"/>
  <tag k="maxspeed" v="30"/>
  <tag k="name" v="چمران ۲۶"/>
 </way>
 <way id="537749307" visible="true" version="6" changeset="144321020" timestamp="2023-11-22T10:52:28Z" user="Saeed SJ" uid="9998669">
  <nd ref="5206588425"/>
  <nd ref="5206588470"/>
  <tag k="highway" v="service"/>
  <tag k="maxspeed" v="30"/>
  <tag k="service" v="alley"/>
 </way>
 <way id="537749308" visible="true" version="2" changeset="144321020" timestamp="2023-11-22T10:52:28Z" user="Saeed SJ" uid="9998669">
  <nd ref="4308800262"/>
  <nd ref="4308800256"/>
  <tag k="highway" v="tertiary_link"/>
 </way>
 <way id="537749309" visible="true" version="12" changeset="137528298" timestamp="2023-06-19T16:58:25Z" user="kiaraSh-Q" uid="2693232">
  <nd ref="5206605758"/>
  <nd ref="5206605757"/>
  <nd ref="5206605768"/>
  <nd ref="5206605756"/>
  <nd ref="5206714993"/>
  <nd ref="5206605755"/>
  <nd ref="5206714997"/>
  <nd ref="5206703719"/>
  <nd ref="5206703718"/>
  <nd ref="5206703715"/>
  <nd ref="5206706926"/>
  <nd ref="5206588479"/>
  <nd ref="5206706927"/>
  <nd ref="5206588478"/>
  <nd ref="5206588477"/>
  <nd ref="5206588476"/>
  <nd ref="10861805428"/>
  <nd ref="5206706944"/>
  <nd ref="3385566533"/>
  <nd ref="3385566532"/>
  <nd ref="5206588475"/>
  <nd ref="10989877865"/>
  <nd ref="10989877864"/>
  <nd ref="10269351379"/>
  <nd ref="5206605784"/>
  <nd ref="10989877863"/>
  <nd ref="5206588474"/>
  <nd ref="5206605786"/>
  <nd ref="5206588473"/>
  <nd ref="5206588472"/>
  <nd ref="10989877862"/>
  <nd ref="5206588471"/>
  <nd ref="4308800256"/>
  <tag k="highway" v="residential"/>
  <tag k="maxspeed" v="30"/>
  <tag k="name" v="وحدت ۱"/>
  <tag k="oneway" v="yes"/>
 </way>
 <way id="537752915" visible="true" version="6" changeset="79346171" timestamp="2020-01-08T15:51:29Z" user="Afnui12" uid="10074686">
  <nd ref="5206605759"/>
  <nd ref="5206728015"/>
  <nd ref="5206605758"/>
  <nd ref="5206605760"/>
  <nd ref="5206605761"/>
  <nd ref="5206728003"/>
  <nd ref="5206605772"/>
  <nd ref="5206605763"/>
  <nd ref="7117344585"/>
  <nd ref="5206605764"/>
  <nd ref="7117318384"/>
  <nd ref="7117318383"/>
  <nd ref="5206605765"/>
  <nd ref="7117318382"/>
  <nd ref="5206605766"/>
  <tag k="highway" v="residential"/>
  <tag k="maxspeed" v="30"/>
  <tag k="name" v="ساحل ۴"/>
 </way>
 <way id="537752919" visible="true" version="4" changeset="144164000" timestamp="2023-11-18T07:30:02Z" user="Saeed SJ" uid="9998669">
  <nd ref="5206605769"/>
  <nd ref="5206605770"/>
  <nd ref="10860152824"/>
  <tag k="highway" v="service"/>
  <tag k="maxspeed" v="30"/>
  <tag k="service" v="alley"/>
 </way>
 <way id="537752921" visible="true" version="3" changeset="139365229" timestamp="2023-08-02T21:28:45Z" user="Mateusz Konieczny" uid="1722488">
  <nd ref="5206605773"/>
  <nd ref="5206605774"/>
  <tag k="highway" v="service"/>
  <tag k="service" v="alley"/>
 </way>
 <way id="537752922" visible="true" version="3" changeset="144087235" timestamp="2023-11-16T09:59:55Z" user="Saeed SJ" uid="9998669">
  <nd ref="5206588463"/>
  <nd ref="5206714974"/>
  <nd ref="10861819668"/>
  <nd ref="5206605775"/>
  <nd ref="5206605776"/>
  <tag k="bicycle" v="yes"/>
  <tag k="highway" v="footway"/>
  <tag k="motorcycle" v="yes"/>
 </way>
 <way id="537752923" visible="true" version="8" changeset="135603222" timestamp="2023-05-02T07:32:47Z" user="s@jj@d" uid="14377768">
  <nd ref="3385566535"/>
  <nd ref="5206706947"/>
  <nd ref="5206605777"/>
  <nd ref="5206605778"/>
  <nd ref="5206605779"/>
  <nd ref="5206605780"/>
  <nd ref="5206605781"/>
  <nd ref="5206714971"/>
  <nd ref="5206605790"/>
  <nd ref="5206605782"/>
  <tag k="bicycle" v="yes"/>
  <tag k="highway" v="footway"/>
  <tag k="motorcycle" v="yes"/>
  <tag k="name" v="وحدت ۳"/>
 </way>
 <way id="537752925" visible="true" version="7" changeset="144087663" timestamp="2023-11-16T10:10:36Z" user="Saeed SJ" uid="9998669">
  <nd ref="5206605807"/>
  <nd ref="5206605800"/>
  <nd ref="5206605801"/>
  <nd ref="5206605802"/>
  <nd ref="5206605780"/>
  <tag k="bicycle" v="yes"/>
  <tag k="highway" v="footway"/>
  <tag k="name" v="چمران ۲۴"/>
 </way>
 <way id="537752927" visible="true" version="4" changeset="144087663" timestamp="2023-11-16T10:10:36Z" user="Saeed SJ" uid="9998669">
  <nd ref="5206605783"/>
  <nd ref="5206605785"/>
  <nd ref="5206605786"/>
  <tag k="bicycle" v="yes"/>
  <tag k="highway" v="footway"/>
 </way>
 <way id="537752929" visible="true" version="5" changeset="144087663" timestamp="2023-11-16T10:10:36Z" user="Saeed SJ" uid="9998669">
  <nd ref="5206605781"/>
  <nd ref="5206605787"/>
  <nd ref="5206605788"/>
  <nd ref="5206605789"/>
  <tag k="bicycle" v="yes"/>
  <tag k="highway" v="footway"/>
 </way>
 <way id="537752931" visible="true" version="5" changeset="144087663" timestamp="2023-11-16T10:10:36Z" user="Saeed SJ" uid="9998669">
  <nd ref="5206605790"/>
  <nd ref="5206605791"/>
  <tag k="bicycle" v="yes"/>
  <tag k="highway" v="footway"/>
 </way>
 <way id="537752933" visible="true" version="6" changeset="135602877" timestamp="2023-05-02T07:24:03Z" user="s@jj@d" uid="14377768">
  <nd ref="5206605790"/>
  <nd ref="5206605792"/>
  <nd ref="5206605793"/>
  <nd ref="5206605794"/>
  <tag k="bicycle" v="yes"/>
  <tag k="highway" v="footway"/>
  <tag k="maxspeed" v="30"/>
  <tag k="motorcycle" v="yes"/>
  <tag k="name" v="وحدت ۵/۱"/>
 </way>
 <way id="537752934" visible="true" version="6" changeset="135602877" timestamp="2023-05-02T07:24:03Z" user="s@jj@d" uid="14377768">
  <nd ref="10861805421"/>
  <nd ref="5206605794"/>
  <nd ref="5206605798"/>
  <tag k="highway" v="residential"/>
  <tag k="maxspeed" v="30"/>
  <tag k="name" v="وحدت ۵"/>
 </way>
 <way id="537752939" visible="true" version="5" changeset="135602877" timestamp="2023-05-02T07:24:03Z" user="s@jj@d" uid="14377768">
  <nd ref="5206605809"/>
  <nd ref="5206605806"/>
  <tag k="highway" v="residential"/>
  <tag k="maxspeed" v="30"/>
  <tag k="name" v="وحدت ۷"/>
 </way>
 <way id="537752942" visible="true" version="7" changeset="135602877" timestamp="2023-05-02T07:24:03Z" user="s@jj@d" uid="14377768">
  <nd ref="5029054911"/>
  <nd ref="5206664900"/>
  <nd ref="5206664898"/>
  <nd ref="5206605810"/>
  <tag k="highway" v="residential"/>
  <tag k="maxspeed" v="30"/>
 </way>
 <way id="537759182" visible="true" version="3" changeset="144087663" timestamp="2023-11-16T10:10:36Z" user="Saeed SJ" uid="9998669">
  <nd ref="5206664894"/>
  <nd ref="5206664896"/>
  <nd ref="11353765916"/>
  <nd ref="5206664895"/>
  <tag k="bicycle" v="yes"/>
  <tag k="highway" v="footway"/>
  <tag k="motorcycle" v="yes"/>
 </way>
 <way id="537759184" visible="true" version="3" changeset="144087663" timestamp="2023-11-16T10:10:36Z" user="Saeed SJ" uid="9998669">
  <nd ref="11353765920"/>
  <nd ref="5206664899"/>
  <tag k="highway" v="service"/>
  <tag k="maxspeed" v="30"/>
  <tag k="service" v="alley"/>
 </way>
 <way id="537759185" visible="true" version="3" changeset="144087663" timestamp="2023-11-16T10:10:36Z" user="Saeed SJ" uid="9998669">
  <nd ref="5206664900"/>
  <nd ref="5206664901"/>
  <tag k="bicycle" v="yes"/>
  <tag k="highway" v="footway"/>
 </way>
 <way id="537759187" visible="true" version="5" changeset="62915613" timestamp="2018-09-25T14:22:56Z" user="Mesut ozil" uid="8377537">
  <nd ref="5206664902"/>
  <nd ref="5206664903"/>
  <nd ref="5206664906"/>
  <nd ref="5206664904"/>
  <nd ref="5206664905"/>
  <nd ref="353114583"/>
  <tag k="highway" v="residential"/>
  <tag k="maxspeed" v="30"/>
  <tag k="name" v="چمران ۱۶"/>
 </way>
 <way id="537759188" visible="true" version="2" changeset="135602877" timestamp="2023-05-02T07:24:03Z" user="s@jj@d" uid="14377768">
  <nd ref="5206664906"/>
  <nd ref="5206664907"/>
  <nd ref="3385566551"/>
  <tag k="highway" v="footway"/>
 </way>
 <way id="537759189" visible="true" version="3" changeset="139365229" timestamp="2023-08-02T21:28:45Z" user="Mateusz Konieczny" uid="1722488">
  <nd ref="5206664908"/>
  <nd ref="5206664909"/>
  <tag k="highway" v="service"/>
  <tag k="service" v="alley"/>
 </way>
 <way id="537759191" visible="true" version="4" changeset="144164000" timestamp="2023-11-18T07:30:02Z" user="Saeed SJ" uid="9998669">
  <nd ref="10861762755"/>
  <nd ref="5206665222"/>
  <nd ref="5206665223"/>
  <tag k="bicycle" v="yes"/>
  <tag k="highway" v="footway"/>
 </way>
 <way id="537759192" visible="true" version="2" changeset="55485277" timestamp="2018-01-16T09:02:20Z" user="kiaraSh-Q" uid="2693232">
  <nd ref="5206664919"/>
  <nd ref="5206665224"/>
  <tag k="highway" v="residential"/>
  <tag k="maxspeed" v="30"/>
 </way>
 <way id="537759193" visible="true" version="6" changeset="135602187" timestamp="2023-05-02T07:01:08Z" user="s@jj@d" uid="14377768">
  <nd ref="5206664916"/>
  <nd ref="10861762756"/>
  <nd ref="5206665225"/>
  <nd ref="5206665226"/>
  <nd ref="5206665227"/>
  <nd ref="5206665236"/>
  <nd ref="5206665237"/>
  <nd ref="5206665238"/>
  <tag k="bicycle" v="yes"/>
  <tag k="highway" v="footway"/>
  <tag k="motorcycle" v="yes"/>
  <tag k="name" v="چمران ۱۲"/>
 </way>
 <way id="537759194" visible="true" version="2" changeset="55485277" timestamp="2018-01-16T09:02:22Z" user="kiaraSh-Q" uid="2693232">
  <nd ref="5206665230"/>
  <nd ref="5206665232"/>
  <nd ref="5206665231"/>
  <tag k="highway" v="residential"/>
  <tag k="maxspeed" v="30"/>
 </way>
 <way id="537759195" visible="true" version="2" changeset="55485277" timestamp="2018-01-16T09:02:23Z" user="kiaraSh-Q" uid="2693232">
  <nd ref="5206665232"/>
  <nd ref="5206665233"/>
  <tag k="highway" v="residential"/>
  <tag k="maxspeed" v="30"/>
 </way>
 <way id="537759196" visible="true" version="3" changeset="135602877" timestamp="2023-05-02T07:24:03Z" user="s@jj@d" uid="14377768">
  <nd ref="5206665231"/>
  <nd ref="5206665234"/>
  <nd ref="5206665235"/>
  <tag k="bicycle" v="yes"/>
  <tag k="highway" v="footway"/>
  <tag k="motorcycle" v="yes"/>
 </way>
 <way id="537759198" visible="true" version="3" changeset="55485277" timestamp="2018-01-16T09:02:25Z" user="kiaraSh-Q" uid="2693232">
  <nd ref="5206665246"/>
  <nd ref="5206665241"/>
  <nd ref="5206675930"/>
  <nd ref="5206665242"/>
  <nd ref="5206665243"/>
  <nd ref="5206665252"/>
  <nd ref="5206665244"/>
  <nd ref="5206665245"/>
  <tag k="highway" v="residential"/>
  <tag k="maxspeed" v="30"/>
 </way>
 <way id="537759199" visible="true" version="2" changeset="55485277" timestamp="2018-01-16T09:02:26Z" user="kiaraSh-Q" uid="2693232">
  <nd ref="5206665242"/>
  <nd ref="5206665247"/>
  <nd ref="5206665248"/>
  <nd ref="5206665249"/>
  <nd ref="5206665251"/>
  <nd ref="5206665250"/>
  <nd ref="5206664916"/>
  <tag k="highway" v="residential"/>
  <tag k="maxspeed" v="30"/>
 </way>
 <way id="537759200" visible="true" version="2" changeset="55485277" timestamp="2018-01-16T09:02:27Z" user="kiaraSh-Q" uid="2693232">
  <nd ref="5206665248"/>
  <nd ref="5174920538"/>
  <tag k="highway" v="residential"/>
  <tag k="maxspeed" v="30"/>
 </way>
 <way id="537759202" visible="true" version="2" changeset="135602187" timestamp="2023-05-02T07:01:08Z" user="s@jj@d" uid="14377768">
  <nd ref="5206665251"/>
  <nd ref="5206665252"/>
  <tag k="bicycle" v="yes"/>
  <tag k="highway" v="footway"/>
  <tag k="motorcycle" v="yes"/>
 </way>
 <way id="537759203" visible="true" version="6" changeset="144320798" timestamp="2023-11-22T10:46:35Z" user="Saeed SJ" uid="9998669">
  <nd ref="5174920537"/>
  <nd ref="5206665254"/>
  <nd ref="5206665640"/>
  <nd ref="5206675928"/>
  <nd ref="5206665256"/>
  <nd ref="3385566545"/>
  <tag k="highway" v="residential"/>
  <tag k="maxspeed" v="30"/>
  <tag k="name" v="دوخ آبادی"/>
 </way>
 <way id="537760716" visible="true" version="1" changeset="53454916" timestamp="2017-11-02T15:28:08Z" user="Shahinnia" uid="3844346">
  <nd ref="5206674912"/>
  <nd ref="5206674913"/>
  <nd ref="5206674914"/>
  <nd ref="5206674915"/>
  <nd ref="5206674916"/>
  <nd ref="5206674917"/>
  <nd ref="5206674912"/>
  <tag k="landuse" v="grass"/>
 </way>
 <way id="537760717" visible="true" version="5" changeset="71042715" timestamp="2019-06-08T04:10:59Z" user="fereydoon555" uid="9543799">
  <nd ref="5206674918"/>
  <nd ref="5206715011"/>
  <nd ref="5206727955"/>
  <nd ref="5206674920"/>
  <nd ref="5206727952"/>
  <nd ref="5206675921"/>
  <nd ref="5206665639"/>
  <tag k="highway" v="residential"/>
  <tag k="maxspeed" v="30"/>
 </way>
 <way id="537760718" visible="true" version="3" changeset="71043646" timestamp="2019-06-08T05:52:48Z" user="fereydoon555" uid="9543799">
  <nd ref="5206665640"/>
  <nd ref="5206675922"/>
  <nd ref="5206675923"/>
  <nd ref="5206665639"/>
  <tag k="highway" v="footway"/>
 </way>
 <way id="537760719" visible="true" version="4" changeset="144164000" timestamp="2023-11-18T07:30:02Z" user="Saeed SJ" uid="9998669">
  <nd ref="5206675926"/>
  <nd ref="5206675929"/>
  <nd ref="5206665246"/>
  <nd ref="5206675927"/>
  <tag k="highway" v="service"/>
  <tag k="maxspeed" v="30"/>
  <tag k="service" v="alley"/>
 </way>
 <way id="537760720" visible="true" version="3" changeset="144164000" timestamp="2023-11-18T07:30:02Z" user="Saeed SJ" uid="9998669">
  <nd ref="5206675928"/>
  <nd ref="11359587632"/>
  <nd ref="5206675926"/>
  <tag k="highway" v="service"/>
  <tag k="maxspeed" v="30"/>
  <tag k="service" v="alley"/>
 </way>
 <way id="537760721" visible="true" version="3" changeset="144164000" timestamp="2023-11-18T07:30:02Z" user="Saeed SJ" uid="9998669">
  <nd ref="5206665256"/>
  <nd ref="5206675929"/>
  <tag k="highway" v="service"/>
  <tag k="maxspeed" v="30"/>
  <tag k="service" v="alley"/>
 </way>
 <way id="537760722" visible="true" version="2" changeset="55485277" timestamp="2018-01-16T09:02:34Z" user="kiaraSh-Q" uid="2693232">
  <nd ref="5206665243"/>
  <nd ref="5206675932"/>
  <nd ref="3385566538"/>
  <tag k="highway" v="residential"/>
  <tag k="maxspeed" v="30"/>
 </way>
 <way id="537760723" visible="true" version="2" changeset="135602187" timestamp="2023-05-02T07:01:08Z" user="s@jj@d" uid="14377768">
  <nd ref="5206675930"/>
  <nd ref="5206675931"/>
  <nd ref="5206675932"/>
  <tag k="bicycle" v="yes"/>
  <tag k="highway" v="footway"/>
  <tag k="motorcycle" v="yes"/>
 </way>
 <way id="537760724" visible="true" version="4" changeset="79346013" timestamp="2020-01-08T15:46:49Z" user="Afnui12" uid="10074686">
  <nd ref="5206665245"/>
  <nd ref="5206714978"/>
  <nd ref="7117331519"/>
  <nd ref="5206675934"/>
  <tag k="highway" v="residential"/>
  <tag k="maxspeed" v="30"/>
 </way>
 <way id="537760725" visible="true" version="4" changeset="79346013" timestamp="2020-01-08T15:46:49Z" user="Afnui12" uid="10074686">
  <nd ref="5206675934"/>
  <nd ref="7117331518"/>
  <nd ref="5206661279"/>
  <nd ref="5206675935"/>
  <nd ref="5206675933"/>
  <nd ref="5206675936"/>
  <tag k="highway" v="residential"/>
  <tag k="maxspeed" v="30"/>
 </way>
 <way id="537760726" visible="true" version="3" changeset="79346013" timestamp="2020-01-08T15:46:49Z" user="Afnui12" uid="10074686">
  <nd ref="5206675933"/>
  <nd ref="7117331522"/>
  <nd ref="7117331520"/>
  <nd ref="7117331521"/>
  <nd ref="3385566540"/>
  <tag k="highway" v="residential"/>
  <tag k="maxspeed" v="30"/>
 </way>
 <way id="537760853" visible="true" version="5" changeset="144164000" timestamp="2023-11-18T07:30:02Z" user="Saeed SJ" uid="9998669">
  <nd ref="7117331501"/>
  <nd ref="5206703712"/>
  <nd ref="7117331500"/>
  <nd ref="5206661278"/>
  <nd ref="5206661279"/>
  <tag k="bicycle" v="yes"/>
  <tag k="highway" v="footway"/>
  <tag k="motorcycle" v="yes"/>
 </way>
 <way id="537760855" visible="true" version="2" changeset="135602877" timestamp="2023-05-02T07:24:03Z" user="s@jj@d" uid="14377768">
  <nd ref="10861805430"/>
  <nd ref="5206661281"/>
  <tag k="highway" v="residential"/>
 </way>
 <way id="537760856" visible="true" version="2" changeset="55485277" timestamp="2018-01-16T09:02:38Z" user="kiaraSh-Q" uid="2693232">
  <nd ref="5206661283"/>
  <nd ref="5206661285"/>
  <nd ref="5206661284"/>
  <tag k="highway" v="residential"/>
  <tag k="maxspeed" v="30"/>
 </way>
 <way id="537760857" visible="true" version="5" changeset="71043096" timestamp="2019-06-08T04:58:05Z" user="fereydoon555" uid="9543799">
  <nd ref="5206661285"/>
  <nd ref="5206661286"/>
  <tag k="highway" v="footway"/>
  <tag k="name" v="چمران ۲۰/۱"/>
 </way>
 <way id="537764303" visible="true" version="5" changeset="144164000" timestamp="2023-11-18T07:30:02Z" user="Saeed SJ" uid="9998669">
  <nd ref="5206703707"/>
  <nd ref="5206703708"/>
  <nd ref="5206703709"/>
  <nd ref="7117331505"/>
  <nd ref="5206703710"/>
  <nd ref="7117331504"/>
  <nd ref="7117331503"/>
  <nd ref="5206703711"/>
  <nd ref="7117331502"/>
  <nd ref="5206703713"/>
  <nd ref="7117331501"/>
  <tag k="bicycle" v="yes"/>
  <tag k="highway" v="footway"/>
  <tag k="motorcycle" v="yes"/>
 </way>
 <way id="537764304" visible="true" version="4" changeset="135602187" timestamp="2023-05-02T07:01:08Z" user="s@jj@d" uid="14377768">
  <nd ref="5206703720"/>
  <nd ref="5206703714"/>
  <nd ref="5206703715"/>
  <tag k="highway" v="residential"/>
  <tag k="maxspeed" v="30"/>
  <tag k="name" v="ساحل ۸"/>
 </way>
 <way id="537764308" visible="true" version="4" changeset="79346200" timestamp="2020-01-08T15:52:07Z" user="Afnui12" uid="10074686">
  <nd ref="5206703707"/>
  <nd ref="5206703719"/>
  <tag k="highway" v="residential"/>
  <tag k="maxspeed" v="30"/>
 </way>
 <way id="537764310" visible="true" version="6" changeset="144320798" timestamp="2023-11-22T10:46:35Z" user="Saeed SJ" uid="9998669">
  <nd ref="5206703720"/>
  <nd ref="5206706921"/>
  <nd ref="7117331499"/>
  <nd ref="5206706922"/>
  <nd ref="7117331498"/>
  <nd ref="5206706929"/>
  <nd ref="7117331497"/>
  <nd ref="5206706923"/>
  <nd ref="7117331496"/>
  <nd ref="7117331495"/>
  <nd ref="5206706924"/>
  <nd ref="7117331494"/>
  <nd ref="5029054902"/>
  <tag k="bicycle" v="yes"/>
  <tag k="highway" v="footway"/>
  <tag k="motorcycle" v="yes"/>
 </way>
 <way id="537764311" visible="true" version="4" changeset="79346200" timestamp="2020-01-08T15:52:07Z" user="Afnui12" uid="10074686">
  <nd ref="5206706921"/>
  <nd ref="5206706926"/>
  <tag k="highway" v="residential"/>
  <tag k="maxspeed" v="30"/>
 </way>
 <way id="537764314" visible="true" version="6" changeset="144320798" timestamp="2023-11-22T10:46:35Z" user="Saeed SJ" uid="9998669">
  <nd ref="5206661278"/>
  <nd ref="7117887916"/>
  <nd ref="7117887915"/>
  <tag k="bicycle" v="yes"/>
  <tag k="highway" v="footway"/>
  <tag k="motorcycle" v="yes"/>
 </way>
 <way id="537764317" visible="true" version="4" changeset="144164000" timestamp="2023-11-18T07:30:02Z" user="Saeed SJ" uid="9998669">
  <nd ref="5206706933"/>
  <nd ref="11359587626"/>
  <nd ref="10861805427"/>
  <nd ref="5206706934"/>
  <nd ref="5206706935"/>
  <tag k="bicycle" v="yes"/>
  <tag k="highway" v="footway"/>
 </way>
 <way id="537764319" visible="true" version="5" changeset="137528298" timestamp="2023-06-19T16:58:25Z" user="kiaraSh-Q" uid="2693232">
  <nd ref="5206706935"/>
  <nd ref="5206706943"/>
  <nd ref="5206706937"/>
  <tag k="bicycle" v="yes"/>
  <tag k="highway" v="footway"/>
  <tag k="motorcycle" v="yes"/>
 </way>
 <way id="537764320" visible="true" version="3" changeset="144164000" timestamp="2023-11-18T07:30:02Z" user="Saeed SJ" uid="9998669">
  <nd ref="5206706939"/>
  <nd ref="5206706940"/>
  <nd ref="5206706942"/>
  <nd ref="5206706941"/>
  <tag k="highway" v="residential"/>
  <tag k="maxspeed" v="30"/>
 </way>
 <way id="537764321" visible="true" version="5" changeset="135602877" timestamp="2023-05-02T07:24:03Z" user="s@jj@d" uid="14377768">
  <nd ref="5206706942"/>
  <nd ref="5206706943"/>
  <nd ref="5206706944"/>
  <tag k="bicycle" v="yes"/>
  <tag k="highway" v="footway"/>
  <tag k="motorcycle" v="yes"/>
  <tag k="name" v="ساحل ۱۱"/>
 </way>
 <way id="537764323" visible="true" version="4" changeset="79354995" timestamp="2020-01-08T20:22:58Z" user="Afnui12" uid="10074686">
  <nd ref="5206588476"/>
  <nd ref="5206706945"/>
  <tag k="highway" v="residential"/>
  <tag k="maxspeed" v="30"/>
 </way>
 <way id="537764324" visible="true" version="5" changeset="137528298" timestamp="2023-06-19T16:58:25Z" user="kiaraSh-Q" uid="2693232">
  <nd ref="5206588475"/>
  <nd ref="5206706946"/>
  <tag k="highway" v="residential"/>
  <tag k="maxspeed" v="30"/>
  <tag k="name" v="ساحل ۱۲"/>
 </way>
 <way id="537765788" visible="true" version="4" changeset="144578980" timestamp="2023-11-29T08:48:34Z" user="ali-14" uid="13408893">
  <nd ref="5206714971"/>
  <nd ref="5206714972"/>
  <tag k="bicycle" v="yes"/>
  <tag k="highway" v="footway"/>
  <tag k="service" v="alley"/>
 </way>
 <way id="537765792" visible="true" version="4" changeset="144164000" timestamp="2023-11-18T07:30:02Z" user="Saeed SJ" uid="9998669">
  <nd ref="5206715002"/>
  <nd ref="5206714975"/>
  <nd ref="7117331516"/>
  <nd ref="7117331514"/>
  <nd ref="5206714976"/>
  <nd ref="7117331515"/>
  <nd ref="7117331517"/>
  <nd ref="5206714977"/>
  <nd ref="5206714978"/>
  <tag k="highway" v="service"/>
  <tag k="maxspeed" v="30"/>
  <tag k="service" v="alley"/>
 </way>
 <way id="537765794" visible="true" version="5" changeset="144320798" timestamp="2023-11-22T10:46:35Z" user="Saeed SJ" uid="9998669">
  <nd ref="5206714977"/>
  <nd ref="5206714988"/>
  <nd ref="7117331513"/>
  <nd ref="5206714979"/>
  <nd ref="7117331512"/>
  <nd ref="5206714980"/>
  <nd ref="5206714981"/>
  <nd ref="5206714982"/>
  <nd ref="7117331507"/>
  <nd ref="5206714983"/>
  <nd ref="7117331506"/>
  <nd ref="5206714994"/>
  <tag k="bicycle" v="yes"/>
  <tag k="highway" v="footway"/>
  <tag k="motorcycle" v="yes"/>
 </way>
 <way id="537765796" visible="true" version="5" changeset="135570135" timestamp="2023-05-01T11:45:24Z" user="s@jj@d" uid="14377768">
  <nd ref="5206714984"/>
  <nd ref="7117331491"/>
  <nd ref="5206715006"/>
  <nd ref="5206714985"/>
  <nd ref="7117331508"/>
  <nd ref="5206714986"/>
  <nd ref="7117331509"/>
  <nd ref="7117331510"/>
  <nd ref="5206714987"/>
  <nd ref="7117331511"/>
  <nd ref="5206714988"/>
  <tag k="bicycle" v="yes"/>
  <tag k="highway" v="footway"/>
  <tag k="motorcycle" v="yes"/>
 </way>
 <way id="537765798" visible="true" version="5" changeset="144164000" timestamp="2023-11-18T07:30:02Z" user="Saeed SJ" uid="9998669">
  <nd ref="5206714984"/>
  <nd ref="7117331490"/>
  <nd ref="11359587621"/>
  <nd ref="5206714989"/>
  <nd ref="5206714990"/>
  <nd ref="5206714995"/>
  <nd ref="5206714991"/>
  <nd ref="5206714992"/>
  <nd ref="5206714993"/>
  <tag k="highway" v="residential"/>
  <tag k="maxspeed" v="30"/>
  <tag k="name" v="ساحل ۶"/>
 </way>
 <way id="537765800" visible="true" version="4" changeset="135570142" timestamp="2023-05-01T11:45:46Z" user="s@jj@d" uid="14377768">
  <nd ref="5206714994"/>
  <nd ref="5206714996"/>
  <nd ref="5206714995"/>
  <tag k="highway" v="footway"/>
 </way>
 <way id="537765804" visible="true" version="5" changeset="135570135" timestamp="2023-05-01T11:45:24Z" user="s@jj@d" uid="14377768">
  <nd ref="5206714996"/>
  <nd ref="7117331492"/>
  <nd ref="5206714985"/>
  <nd ref="5206715000"/>
  <nd ref="5206715001"/>
  <tag k="bicycle" v="yes"/>
  <tag k="highway" v="footway"/>
  <tag k="motorcycle" v="yes"/>
  <tag k="name" v="ساحل ۷"/>
 </way>
 <way id="537765808" visible="true" version="2" changeset="55485277" timestamp="2018-01-16T09:03:02Z" user="kiaraSh-Q" uid="2693232">
  <nd ref="5206715003"/>
  <nd ref="3385566544"/>
  <tag k="highway" v="residential"/>
  <tag k="maxspeed" v="30"/>
 </way>
 <way id="537765809" visible="true" version="3" changeset="135570135" timestamp="2023-05-01T11:45:24Z" user="s@jj@d" uid="14377768">
  <nd ref="5206715004"/>
  <nd ref="5206715005"/>
  <nd ref="5206715006"/>
  <tag k="bicycle" v="yes"/>
  <tag k="highway" v="footway"/>
  <tag k="motorcycle" v="yes"/>
 </way>
 <way id="537765811" visible="true" version="3" changeset="144164000" timestamp="2023-11-18T07:30:02Z" user="Saeed SJ" uid="9998669">
  <nd ref="5206715005"/>
  <nd ref="5206715000"/>
  <nd ref="11359587625"/>
  <nd ref="5206714987"/>
  <tag k="bicycle" v="yes"/>
  <tag k="highway" v="footway"/>
  <tag k="motorcycle" v="yes"/>
 </way>
 <way id="537765813" visible="true" version="3" changeset="139365229" timestamp="2023-08-02T21:28:45Z" user="Mateusz Konieczny" uid="1722488">
  <nd ref="5206715007"/>
  <nd ref="5206715008"/>
  <tag k="highway" v="service"/>
  <tag k="service" v="alley"/>
 </way>
 <way id="537765815" visible="true" version="3" changeset="135570135" timestamp="2023-05-01T11:45:24Z" user="s@jj@d" uid="14377768">
  <nd ref="5206605768"/>
  <nd ref="5206605769"/>
  <nd ref="5206605767"/>
  <tag k="highway" v="residential"/>
  <tag k="maxspeed" v="30"/>
  <tag k="name" v="ساحل ۵"/>
 </way>
 <way id="537765817" visible="true" version="3" changeset="139365229" timestamp="2023-08-02T21:28:45Z" user="Mateusz Konieczny" uid="1722488">
  <nd ref="5206715011"/>
  <nd ref="5206715012"/>
  <nd ref="5206715013"/>
  <tag k="highway" v="service"/>
  <tag k="service" v="alley"/>
 </way>
 <way id="537765820" visible="true" version="3" changeset="139365229" timestamp="2023-08-02T21:28:45Z" user="Mateusz Konieczny" uid="1722488">
  <nd ref="5206674920"/>
  <nd ref="5206715014"/>
  <tag k="highway" v="service"/>
  <tag k="service" v="alley"/>
 </way>
 <way id="537765822" visible="true" version="3" changeset="135602187" timestamp="2023-05-02T07:01:08Z" user="s@jj@d" uid="14377768">
  <nd ref="5206715015"/>
  <nd ref="5206715016"/>
  <tag k="bicycle" v="yes"/>
  <tag k="highway" v="footway"/>
  <tag k="maxspeed" v="30"/>
  <tag k="motorcycle" v="yes"/>
 </way>
 <way id="537765825" visible="true" version="3" changeset="144164000" timestamp="2023-11-18T07:30:02Z" user="Saeed SJ" uid="9998669">
  <nd ref="5206715017"/>
  <nd ref="5206715018"/>
  <nd ref="5206715016"/>
  <tag k="bicycle" v="yes"/>
  <tag k="highway" v="footway"/>
  <tag k="motorcycle" v="yes"/>
 </way>
 <way id="537765829" visible="true" version="3" changeset="135602187" timestamp="2023-05-02T07:01:08Z" user="s@jj@d" uid="14377768">
  <nd ref="5206715016"/>
  <nd ref="5206715020"/>
  <tag k="bicycle" v="yes"/>
  <tag k="highway" v="footway"/>
  <tag k="maxspeed" v="30"/>
  <tag k="motorcycle" v="yes"/>
 </way>
 <way id="537767691" visible="true" version="2" changeset="55485277" timestamp="2018-01-16T09:03:07Z" user="kiaraSh-Q" uid="2693232">
  <nd ref="5206727950"/>
  <nd ref="5206715020"/>
  <nd ref="5206727951"/>
  <nd ref="5206727954"/>
  <nd ref="5206727952"/>
  <tag k="highway" v="residential"/>
  <tag k="maxspeed" v="30"/>
 </way>
 <way id="537767692" visible="true" version="2" changeset="135602187" timestamp="2023-05-02T07:01:08Z" user="s@jj@d" uid="14377768">
  <nd ref="5206727953"/>
  <nd ref="5206727956"/>
  <nd ref="5206727954"/>
  <tag k="bicycle" v="yes"/>
  <tag k="highway" v="footway"/>
  <tag k="motorcycle" v="yes"/>
 </way>
 <way id="537767693" visible="true" version="2" changeset="135602187" timestamp="2023-05-02T07:01:08Z" user="s@jj@d" uid="14377768">
  <nd ref="5206727955"/>
  <nd ref="5206727958"/>
  <nd ref="5206727956"/>
  <tag k="bicycle" v="yes"/>
  <tag k="highway" v="footway"/>
  <tag k="motorcycle" v="yes"/>
 </way>
 <way id="537767694" visible="true" version="2" changeset="135602187" timestamp="2023-05-02T07:01:08Z" user="s@jj@d" uid="14377768">
  <nd ref="5206727957"/>
  <nd ref="5206727958"/>
  <tag k="bicycle" v="yes"/>
  <tag k="highway" v="footway"/>
  <tag k="motorcycle" v="yes"/>
 </way>
 <way id="537767695" visible="true" version="4" changeset="144164000" timestamp="2023-11-18T07:30:02Z" user="Saeed SJ" uid="9998669">
  <nd ref="5206727959"/>
  <nd ref="5206727960"/>
  <nd ref="5206727961"/>
  <nd ref="5206727963"/>
  <tag k="bicycle" v="yes"/>
  <tag k="highway" v="footway"/>
 </way>
 <way id="537767696" visible="true" version="5" changeset="144164000" timestamp="2023-11-18T07:30:02Z" user="Saeed SJ" uid="9998669">
  <nd ref="5206727966"/>
  <nd ref="5206727959"/>
  <nd ref="5206727967"/>
  <nd ref="5206727969"/>
  <tag k="highway" v="service"/>
  <tag k="maxspeed" v="30"/>
  <tag k="name" v="بینا"/>
  <tag k="service" v="alley"/>
 </way>
 <way id="537767697" visible="true" version="5" changeset="144164000" timestamp="2023-11-18T07:30:02Z" user="Saeed SJ" uid="9998669">
  <nd ref="3385566556"/>
  <nd ref="5206727978"/>
  <nd ref="5206727971"/>
  <nd ref="7117318362"/>
  <nd ref="5206727972"/>
  <nd ref="5206727981"/>
  <nd ref="5206727980"/>
  <nd ref="5206727974"/>
  <nd ref="5206728827"/>
  <nd ref="5206727975"/>
  <tag k="highway" v="service"/>
  <tag k="maxspeed" v="30"/>
  <tag k="service" v="alley"/>
 </way>
 <way id="537767698" visible="true" version="4" changeset="135569951" timestamp="2023-05-01T11:39:11Z" user="s@jj@d" uid="14377768">
  <nd ref="5206727976"/>
  <nd ref="5206727969"/>
  <nd ref="5206727979"/>
  <nd ref="5206727978"/>
  <tag k="highway" v="residential"/>
  <tag k="maxspeed" v="30"/>
  <tag k="name" v="صالحی"/>
 </way>
 <way id="537767699" visible="true" version="3" changeset="144164000" timestamp="2023-11-18T07:30:02Z" user="Saeed SJ" uid="9998669">
  <nd ref="5206727979"/>
  <nd ref="5206727980"/>
  <tag k="highway" v="service"/>
  <tag k="maxspeed" v="30"/>
  <tag k="service" v="alley"/>
 </way>
 <way id="537767700" visible="true" version="5" changeset="144164000" timestamp="2023-11-18T07:30:02Z" user="Saeed SJ" uid="9998669">
  <nd ref="5206727986"/>
  <nd ref="5206727988"/>
  <nd ref="5206727989"/>
  <tag k="highway" v="service"/>
  <tag k="maxspeed" v="30"/>
  <tag k="service" v="alley"/>
 </way>
 <way id="537767701" visible="true" version="4" changeset="144164000" timestamp="2023-11-18T07:30:02Z" user="Saeed SJ" uid="9998669">
  <nd ref="5206727988"/>
  <nd ref="7117318364"/>
  <nd ref="5206727991"/>
  <nd ref="7117318363"/>
  <nd ref="5206727992"/>
  <tag k="highway" v="service"/>
  <tag k="maxspeed" v="30"/>
  <tag k="service" v="alley"/>
 </way>
 <way id="537767703" visible="true" version="3" changeset="144164000" timestamp="2023-11-18T07:30:02Z" user="Saeed SJ" uid="9998669">
  <nd ref="5206727989"/>
  <nd ref="5206728000"/>
  <nd ref="5206728001"/>
  <nd ref="5206728002"/>
  <tag k="bicycle" v="yes"/>
  <tag k="highway" v="footway"/>
 </way>
 <way id="537767704" visible="true" version="5" changeset="144164000" timestamp="2023-11-18T07:30:02Z" user="Saeed SJ" uid="9998669">
  <nd ref="7117318377"/>
  <nd ref="5206728017"/>
  <nd ref="5929060295"/>
  <nd ref="7117318378"/>
  <nd ref="5929060296"/>
  <nd ref="7117318379"/>
  <nd ref="5206728006"/>
  <nd ref="5206728005"/>
  <tag k="bicycle" v="yes"/>
  <tag k="highway" v="footway"/>
  <tag k="name" v="ساحل ۳"/>
 </way>
 <way id="537767705" visible="true" version="3" changeset="79346171" timestamp="2020-01-08T15:51:29Z" user="Afnui12" uid="10074686">
  <nd ref="5206728001"/>
  <nd ref="5206728007"/>
  <nd ref="7117318376"/>
  <nd ref="5206728008"/>
  <nd ref="7117318375"/>
  <nd ref="5206727999"/>
  <tag k="highway" v="residential"/>
  <tag k="maxspeed" v="30"/>
 </way>
 <way id="537767706" visible="true" version="3" changeset="62915613" timestamp="2018-09-25T14:22:55Z" user="Mesut ozil" uid="8377537">
  <nd ref="5206728009"/>
  <nd ref="5206727999"/>
  <tag k="highway" v="residential"/>
  <tag k="maxspeed" v="30"/>
 </way>
 <way id="537767707" visible="true" version="4" changeset="79346171" timestamp="2020-01-08T15:51:29Z" user="Afnui12" uid="10074686">
  <nd ref="5206727997"/>
  <nd ref="5206727990"/>
  <nd ref="5206727998"/>
  <nd ref="5206727999"/>
  <nd ref="5206728010"/>
  <nd ref="5206728011"/>
  <nd ref="5206728012"/>
  <nd ref="7117318374"/>
  <nd ref="5206728013"/>
  <nd ref="7117318373"/>
  <nd ref="5206728019"/>
  <nd ref="5206728018"/>
  <tag k="highway" v="residential"/>
  <tag k="maxspeed" v="30"/>
  <tag k="name" v="ساحل ۲"/>
 </way>
 <way id="537767710" visible="true" version="5" changeset="135569951" timestamp="2023-05-01T11:39:11Z" user="s@jj@d" uid="14377768">
  <nd ref="5206728827"/>
  <nd ref="5206728826"/>
  <nd ref="5206728825"/>
  <nd ref="7117318365"/>
  <nd ref="5206728824"/>
  <nd ref="7117318366"/>
  <nd ref="7117318367"/>
  <nd ref="5206728823"/>
  <nd ref="7117318368"/>
  <nd ref="7117318369"/>
  <nd ref="5206728822"/>
  <nd ref="7117318370"/>
  <nd ref="7117318371"/>
  <nd ref="5206728821"/>
  <nd ref="7117318372"/>
  <nd ref="5206728009"/>
  <nd ref="5206728020"/>
  <nd ref="5206734144"/>
  <tag k="bicycle" v="yes"/>
  <tag k="highway" v="footway"/>
  <tag k="motorcycle" v="yes"/>
  <tag k="name" v="ساحل ۱"/>
 </way>
 <way id="537767711" visible="true" version="3" changeset="139365229" timestamp="2023-08-02T21:28:45Z" user="Mateusz Konieczny" uid="1722488">
  <nd ref="5206728828"/>
  <nd ref="5206728826"/>
  <nd ref="5206728829"/>
  <nd ref="5206728830"/>
  <tag k="highway" v="service"/>
  <tag k="service" v="alley"/>
 </way>
 <way id="537767712" visible="true" version="3" changeset="134715979" timestamp="2023-04-10T08:10:53Z" user="F777" uid="13691644">
  <nd ref="1572276145"/>
  <nd ref="5206728831"/>
  <nd ref="5206728832"/>
  <nd ref="5206728833"/>
  <nd ref="10798858829"/>
  <nd ref="5206728835"/>
  <tag k="access" v="private"/>
  <tag k="highway" v="service"/>
 </way>
 <way id="537768004" visible="true" version="5" changeset="144578980" timestamp="2023-11-29T08:48:34Z" user="ali-14" uid="13408893">
  <nd ref="5206734143"/>
  <nd ref="5206728020"/>
  <tag k="bicycle" v="yes"/>
  <tag k="highway" v="footway"/>
  <tag k="service" v="alley"/>
 </way>
 <way id="538247958" visible="true" version="2" changeset="135569845" timestamp="2023-05-01T11:35:57Z" user="s@jj@d" uid="14377768">
  <nd ref="5210343027"/>
  <nd ref="5210343028"/>
  <tag k="bicycle" v="yes"/>
  <tag k="highway" v="footway"/>
  <tag k="motorcycle" v="yes"/>
 </way>
 <way id="538247961" visible="true" version="4" changeset="70879414" timestamp="2019-06-03T09:52:46Z" user="fereydoon555" uid="9543799">
  <nd ref="5210343029"/>
  <nd ref="5210343027"/>
  <nd ref="5210343031"/>
  <tag k="highway" v="residential"/>
  <tag k="maxspeed" v="30"/>
  <tag k="name" v="چمران ۱۵"/>
 </way>
 <way id="538247964" visible="true" version="3" changeset="62915613" timestamp="2018-09-25T14:22:59Z" user="Mesut ozil" uid="8377537">
  <nd ref="5210343032"/>
  <nd ref="5210343033"/>
  <nd ref="5210343034"/>
  <nd ref="5210343035"/>
  <nd ref="5210343074"/>
  <nd ref="5210343036"/>
  <nd ref="5210343037"/>
  <nd ref="5210343038"/>
  <tag k="highway" v="residential"/>
  <tag k="maxspeed" v="30"/>
  <tag k="name" v="چمران ۱۳"/>
 </way>
 <way id="538247967" visible="true" version="2" changeset="55485277" timestamp="2018-01-16T09:05:56Z" user="kiaraSh-Q" uid="2693232">
  <nd ref="5210343035"/>
  <nd ref="5210343039"/>
  <nd ref="5210343031"/>
  <nd ref="5210343040"/>
  <nd ref="5210343041"/>
  <tag k="highway" v="residential"/>
  <tag k="maxspeed" v="30"/>
 </way>
 <way id="538247971" visible="true" version="3" changeset="144095536" timestamp="2023-11-16T12:56:16Z" user="Saeed SJ" uid="9998669">
  <nd ref="5210343039"/>
  <nd ref="5210343043"/>
  <tag k="bicycle" v="yes"/>
  <tag k="highway" v="footway"/>
 </way>
 <way id="538247974" visible="true" version="3" changeset="62915613" timestamp="2018-09-25T14:22:59Z" user="Mesut ozil" uid="8377537">
  <nd ref="5210343026"/>
  <nd ref="5210343028"/>
  <nd ref="5174919511"/>
  <nd ref="5174919512"/>
  <nd ref="5210343041"/>
  <nd ref="5174919513"/>
  <nd ref="3385566559"/>
  <nd ref="3385566561"/>
  <nd ref="3385566567"/>
  <nd ref="3385566575"/>
  <nd ref="3385566583"/>
  <tag k="highway" v="residential"/>
  <tag k="maxspeed" v="30"/>
  <tag k="name" v="چمران ۱۷"/>
 </way>
 <way id="538247978" visible="true" version="2" changeset="55485277" timestamp="2018-01-16T09:05:58Z" user="kiaraSh-Q" uid="2693232">
  <nd ref="3385566575"/>
  <nd ref="5210343044"/>
  <tag k="highway" v="residential"/>
  <tag k="maxspeed" v="30"/>
 </way>
 <way id="538247981" visible="true" version="4" changeset="61192655" timestamp="2018-07-30T11:54:37Z" user="Mesut ozil" uid="8377537">
  <nd ref="5210343045"/>
  <nd ref="5210343046"/>
  <tag k="highway" v="residential"/>
  <tag k="maxspeed" v="30"/>
  <tag k="name" v="مرداد ۱"/>
 </way>
 <way id="538247983" visible="true" version="2" changeset="134855755" timestamp="2023-04-13T10:14:06Z" user="F777" uid="13691644">
  <nd ref="5210343059"/>
  <nd ref="5210343060"/>
  <nd ref="5210343061"/>
  <nd ref="5210343062"/>
  <nd ref="5210343063"/>
  <nd ref="5210343064"/>
  <nd ref="5210343065"/>
  <nd ref="5210343047"/>
  <nd ref="5210343048"/>
  <nd ref="5210343051"/>
  <nd ref="5210343052"/>
  <nd ref="5210343053"/>
  <nd ref="5210343054"/>
  <nd ref="5210343055"/>
  <nd ref="5210343056"/>
  <nd ref="5210343057"/>
  <nd ref="5210343058"/>
  <nd ref="5210343049"/>
  <nd ref="5210343050"/>
  <nd ref="5210343059"/>
  <tag k="highway" v="footway"/>
  <tag k="surface" v="paved"/>
 </way>
 <way id="538247990" visible="true" version="2" changeset="134725189" timestamp="2023-04-10T11:30:36Z" user="F777" uid="13691644">
  <nd ref="5210343047"/>
  <nd ref="5210343066"/>
  <nd ref="3385566583"/>
  <tag k="highway" v="footway"/>
 </way>
 <way id="538247993" visible="true" version="2" changeset="134855755" timestamp="2023-04-13T10:14:06Z" user="F777" uid="13691644">
  <nd ref="5210343054"/>
  <nd ref="10807175289"/>
  <tag k="highway" v="footway"/>
 </way>
 <way id="538247997" visible="true" version="3" changeset="144095536" timestamp="2023-11-16T12:56:16Z" user="Saeed SJ" uid="9998669">
  <nd ref="5210343061"/>
  <nd ref="5210343068"/>
  <tag k="highway" v="footway"/>
 </way>
 <way id="538248000" visible="true" version="2" changeset="144095536" timestamp="2023-11-16T12:56:16Z" user="Saeed SJ" uid="9998669">
  <nd ref="5210343058"/>
  <nd ref="5210343069"/>
  <nd ref="11355622679"/>
  <tag k="highway" v="footway"/>
 </way>
 <way id="538248003" visible="true" version="5" changeset="144095536" timestamp="2023-11-16T12:56:16Z" user="Saeed SJ" uid="9998669">
  <nd ref="5174919518"/>
  <nd ref="5174919519"/>
  <nd ref="11355622677"/>
  <nd ref="3385566588"/>
  <tag k="highway" v="residential"/>
  <tag k="maxspeed" v="30"/>
  <tag k="name" v="چمران ۱"/>
 </way>
 <way id="538248006" visible="true" version="4" changeset="144095536" timestamp="2023-11-16T12:56:16Z" user="Saeed SJ" uid="9998669">
  <nd ref="5210343070"/>
  <nd ref="11355622675"/>
  <nd ref="5210343071"/>
  <nd ref="5210343072"/>
  <nd ref="5210343079"/>
  <nd ref="5210343073"/>
  <tag k="highway" v="residential"/>
  <tag k="maxspeed" v="30"/>
  <tag k="name" v="چمران ۵"/>
 </way>
 <way id="538248010" visible="true" version="5" changeset="135569845" timestamp="2023-05-01T11:35:57Z" user="s@jj@d" uid="14377768">
  <nd ref="5174919517"/>
  <nd ref="5210343081"/>
  <nd ref="5210343076"/>
  <nd ref="5210343077"/>
  <nd ref="5210343078"/>
  <nd ref="10860178497"/>
  <nd ref="5210343079"/>
  <tag k="highway" v="residential"/>
  <tag k="maxspeed" v="30"/>
  <tag k="name" v="چمران ۷"/>
 </way>
 <way id="538248014" visible="true" version="3" changeset="144095536" timestamp="2023-11-16T12:56:16Z" user="Saeed SJ" uid="9998669">
  <nd ref="5210343080"/>
  <nd ref="5210343082"/>
  <nd ref="5210343081"/>
  <tag k="highway" v="service"/>
  <tag k="maxspeed" v="30"/>
  <tag k="service" v="alley"/>
 </way>
 <way id="538248017" visible="true" version="3" changeset="144095536" timestamp="2023-11-16T12:56:16Z" user="Saeed SJ" uid="9998669">
  <nd ref="5210343071"/>
  <nd ref="5210343082"/>
  <tag k="highway" v="service"/>
  <tag k="maxspeed" v="30"/>
  <tag k="service" v="alley"/>
 </way>
 <way id="538248020" visible="true" version="4" changeset="144095536" timestamp="2023-11-16T12:56:16Z" user="Saeed SJ" uid="9998669">
  <nd ref="5210343083"/>
  <nd ref="11355622688"/>
  <tag k="highway" v="residential"/>
  <tag k="maxspeed" v="30"/>
  <tag k="name" v="چمران ۹"/>
 </way>
 <way id="538248024" visible="true" version="5" changeset="144095536" timestamp="2023-11-16T12:56:16Z" user="Saeed SJ" uid="9998669">
  <nd ref="353116963"/>
  <nd ref="6533299016"/>
  <tag k="bicycle" v="yes"/>
  <tag k="highway" v="footway"/>
  <tag k="name" v="چمران ۱۱"/>
 </way>
 <way id="538271771" visible="true" version="3" changeset="144095536" timestamp="2023-11-16T12:56:16Z" user="Saeed SJ" uid="9998669">
  <nd ref="5210343034"/>
  <nd ref="5210381121"/>
  <tag k="highway" v="service"/>
  <tag k="maxspeed" v="30"/>
  <tag k="service" v="alley"/>
 </way>
 <way id="538271773" visible="true" version="4" changeset="144095536" timestamp="2023-11-16T12:56:16Z" user="Saeed SJ" uid="9998669">
  <nd ref="5210381122"/>
  <nd ref="5210381123"/>
  <tag k="highway" v="service"/>
  <tag k="maxspeed" v="30"/>
  <tag k="name" v="شهید امرادادی"/>
  <tag k="service" v="alley"/>
 </way>
 <way id="538271775" visible="true" version="6" changeset="144163732" timestamp="2023-11-18T07:14:12Z" user="Saeed SJ" uid="9998669">
  <nd ref="5210381138"/>
  <nd ref="5210381125"/>
  <nd ref="3385565139"/>
  <nd ref="5210381126"/>
  <nd ref="5210381127"/>
  <nd ref="5210381128"/>
  <nd ref="5210381129"/>
  <tag k="bicycle" v="yes"/>
  <tag k="highway" v="footway"/>
 </way>
 <way id="538271777" visible="true" version="9" changeset="144163732" timestamp="2023-11-18T07:14:12Z" user="Saeed SJ" uid="9998669">
  <nd ref="5210381134"/>
  <nd ref="5210381130"/>
  <tag k="bicycle" v="yes"/>
  <tag k="highway" v="footway"/>
  <tag k="name" v="چمران ۲"/>
 </way>
 <way id="538271780" visible="true" version="8" changeset="144163732" timestamp="2023-11-18T07:14:12Z" user="Saeed SJ" uid="9998669">
  <nd ref="5210381139"/>
  <nd ref="5210381140"/>
  <nd ref="5210381141"/>
  <nd ref="5210381142"/>
  <nd ref="5210381143"/>
  <nd ref="10860178493"/>
  <nd ref="5210381144"/>
  <nd ref="5210381145"/>
  <nd ref="5210381146"/>
  <nd ref="5210381147"/>
  <nd ref="5210381134"/>
  <nd ref="11359631198"/>
  <nd ref="11359631202"/>
  <nd ref="5210381150"/>
  <nd ref="10860178487"/>
  <nd ref="5210381151"/>
  <nd ref="5210381152"/>
  <nd ref="5210381154"/>
  <nd ref="6533309950"/>
  <tag k="highway" v="residential"/>
  <tag k="maxspeed" v="30"/>
  <tag k="name" v="چمران ۴"/>
 </way>
 <way id="538271784" visible="true" version="6" changeset="144163732" timestamp="2023-11-18T07:14:12Z" user="Saeed SJ" uid="9998669">
  <nd ref="5210381159"/>
  <nd ref="5210381198"/>
  <nd ref="5210381160"/>
  <nd ref="11359631206"/>
  <nd ref="5210381155"/>
  <nd ref="11359631211"/>
  <nd ref="5210381161"/>
  <nd ref="5210381147"/>
  <tag k="bicycle" v="yes"/>
  <tag k="highway" v="footway"/>
  <tag k="motorcycle" v="yes"/>
  <tag k="name" v="چمران ۴/۱"/>
 </way>
 <way id="538271786" visible="true" version="5" changeset="135569845" timestamp="2023-05-01T11:35:57Z" user="s@jj@d" uid="14377768">
  <nd ref="5210381162"/>
  <nd ref="5174920528"/>
  <tag k="bicycle" v="yes"/>
  <tag k="highway" v="footway"/>
  <tag k="motorcycle" v="yes"/>
  <tag k="name" v="چمران ۶/۳"/>
 </way>
 <way id="538271788" visible="true" version="5" changeset="135569845" timestamp="2023-05-01T11:35:57Z" user="s@jj@d" uid="14377768">
  <nd ref="5210381163"/>
  <nd ref="5174920530"/>
  <tag k="bicycle" v="yes"/>
  <tag k="highway" v="footway"/>
  <tag k="motorcycle" v="yes"/>
  <tag k="name" v="چمران ۶/۷"/>
 </way>
 <way id="538271790" visible="true" version="5" changeset="144163732" timestamp="2023-11-18T07:14:12Z" user="Saeed SJ" uid="9998669">
  <nd ref="5210381164"/>
  <nd ref="5210381165"/>
  <nd ref="5210381166"/>
  <tag k="highway" v="service"/>
  <tag k="name" v="چمران ۶/۸"/>
  <tag k="service" v="alley"/>
 </way>
 <way id="538271792" visible="true" version="2" changeset="55485277" timestamp="2018-01-16T09:06:16Z" user="kiaraSh-Q" uid="2693232">
  <nd ref="5210381167"/>
  <nd ref="5210381191"/>
  <nd ref="5210381164"/>
  <tag k="highway" v="residential"/>
  <tag k="maxspeed" v="30"/>
 </way>
 <way id="538271794" visible="true" version="5" changeset="133464591" timestamp="2023-03-09T06:02:59Z" user="nshz" uid="9513428">
  <nd ref="5210381168"/>
  <nd ref="5210381167"/>
  <nd ref="5210381178"/>
  <nd ref="5210381183"/>
  <tag k="highway" v="residential"/>
  <tag k="maxspeed" v="30"/>
  <tag k="name" v="چمران ۶/۴"/>
 </way>
 <way id="538271796" visible="true" version="7" changeset="172766561" timestamp="2025-10-02T21:29:28Z" user="Elhamn1992" uid="15022952">
  <nd ref="5210381176"/>
  <nd ref="5210381175"/>
  <nd ref="5210381177"/>
  <nd ref="5210381174"/>
  <nd ref="5210381169"/>
  <tag k="highway" v="footway"/>
  <tag k="maxspeed" v="30"/>
  <tag k="name" v="چمران ۸"/>
 </way>
 <way id="538271798" visible="true" version="7" changeset="144163732" timestamp="2023-11-18T07:14:12Z" user="Saeed SJ" uid="9998669">
  <nd ref="5206665250"/>
  <nd ref="5210381173"/>
  <nd ref="11359631200"/>
  <nd ref="5210381172"/>
  <nd ref="5210381171"/>
  <nd ref="5210381170"/>
  <nd ref="353114587"/>
  <tag k="bicycle" v="yes"/>
  <tag k="highway" v="footway"/>
  <tag k="motorcycle" v="yes"/>
  <tag k="name" v="چمران 10"/>
 </way>
 <way id="538271802" visible="true" version="6" changeset="144163732" timestamp="2023-11-18T07:14:12Z" user="Saeed SJ" uid="9998669">
  <nd ref="5210381177"/>
  <nd ref="5210381178"/>
  <tag k="bicycle" v="yes"/>
  <tag k="highway" v="footway"/>
 </way>
 <way id="538271804" visible="true" version="5" changeset="144163732" timestamp="2023-11-18T07:14:12Z" user="Saeed SJ" uid="9998669">
  <nd ref="5210381179"/>
  <nd ref="3385566570"/>
  <tag k="highway" v="service"/>
  <tag k="maxspeed" v="30"/>
  <tag k="name" v="چمران ۶/۲"/>
  <tag k="service" v="alley"/>
 </way>
 <way id="538271806" visible="true" version="3" changeset="144163732" timestamp="2023-11-18T07:14:12Z" user="Saeed SJ" uid="9998669">
  <nd ref="5210381180"/>
  <nd ref="5210381196"/>
  <nd ref="5210381181"/>
  <nd ref="5210381182"/>
  <nd ref="5210381183"/>
  <tag k="highway" v="service"/>
  <tag k="maxspeed" v="30"/>
  <tag k="service" v="alley"/>
 </way>
 <way id="538271809" visible="true" version="3" changeset="135569845" timestamp="2023-05-01T11:35:57Z" user="s@jj@d" uid="14377768">
  <nd ref="5210381184"/>
  <nd ref="5210381185"/>
  <nd ref="5210381186"/>
  <nd ref="5210381199"/>
  <nd ref="5210381187"/>
  <tag k="bicycle" v="yes"/>
  <tag k="highway" v="footway"/>
  <tag k="maxspeed" v="30"/>
  <tag k="motorcycle" v="yes"/>
 </way>
 <way id="538271811" visible="true" version="5" changeset="135569845" timestamp="2023-05-01T11:35:57Z" user="s@jj@d" uid="14377768">
  <nd ref="5210381191"/>
  <nd ref="5210381192"/>
  <nd ref="5210381193"/>
  <nd ref="5210381194"/>
  <tag k="bicycle" v="yes"/>
  <tag k="highway" v="footway"/>
  <tag k="motorcycle" v="yes"/>
  <tag k="name" v="چمران ۶/۶"/>
 </way>
 <way id="538271813" visible="true" version="3" changeset="144163732" timestamp="2023-11-18T07:14:12Z" user="Saeed SJ" uid="9998669">
  <nd ref="5174920536"/>
  <nd ref="5210381195"/>
  <tag k="highway" v="service"/>
  <tag k="maxspeed" v="30"/>
  <tag k="service" v="alley"/>
 </way>
 <way id="538271815" visible="true" version="4" changeset="144163732" timestamp="2023-11-18T07:14:12Z" user="Saeed SJ" uid="9998669">
  <nd ref="5210381196"/>
  <nd ref="5174920536"/>
  <tag k="bicycle" v="yes"/>
  <tag k="highway" v="footway"/>
 </way>
 <way id="538271817" visible="true" version="3" changeset="135569845" timestamp="2023-05-01T11:35:57Z" user="s@jj@d" uid="14377768">
  <nd ref="5174920535"/>
  <nd ref="5210381200"/>
  <nd ref="5210381197"/>
  <nd ref="5210381198"/>
  <tag k="bicycle" v="yes"/>
  <tag k="highway" v="footway"/>
  <tag k="motorcycle" v="yes"/>
 </way>
 <way id="538271819" visible="true" version="3" changeset="135569845" timestamp="2023-05-01T11:35:57Z" user="s@jj@d" uid="14377768">
  <nd ref="5210381199"/>
  <nd ref="5210381200"/>
  <tag k="bicycle" v="yes"/>
  <tag k="highway" v="footway"/>
  <tag k="motorcycle" v="yes"/>
 </way>
 <way id="538271821" visible="true" version="3" changeset="139365229" timestamp="2023-08-02T21:28:45Z" user="Mateusz Konieczny" uid="1722488">
  <nd ref="5210381201"/>
  <nd ref="5210381202"/>
  <tag k="highway" v="service"/>
  <tag k="service" v="alley"/>
 </way>
 <way id="538271823" visible="true" version="3" changeset="139365229" timestamp="2023-08-02T21:28:45Z" user="Mateusz Konieczny" uid="1722488">
  <nd ref="5210381203"/>
  <nd ref="5210381184"/>
  <tag k="highway" v="service"/>
  <tag k="service" v="alley"/>
 </way>
 <way id="538271825" visible="true" version="3" changeset="139365229" timestamp="2023-08-02T21:28:45Z" user="Mateusz Konieczny" uid="1722488">
  <nd ref="5210381204"/>
  <nd ref="5210381205"/>
  <nd ref="5210381206"/>
  <nd ref="5210381207"/>
  <tag k="highway" v="service"/>
  <tag k="service" v="alley"/>
 </way>
 <way id="538271827" visible="true" version="3" changeset="139365229" timestamp="2023-08-02T21:28:45Z" user="Mateusz Konieczny" uid="1722488">
  <nd ref="5210381205"/>
  <nd ref="5210381208"/>
  <tag k="highway" v="service"/>
  <tag k="service" v="alley"/>
 </way>
 <way id="538271829" visible="true" version="3" changeset="139365229" timestamp="2023-08-02T21:28:45Z" user="Mateusz Konieczny" uid="1722488">
  <nd ref="4603176609"/>
  <nd ref="5210381209"/>
  <tag k="highway" v="service"/>
  <tag k="service" v="alley"/>
 </way>
 <way id="538271832" visible="true" version="3" changeset="139365229" timestamp="2023-08-02T21:28:45Z" user="Mateusz Konieczny" uid="1722488">
  <nd ref="5206727992"/>
  <nd ref="5210381210"/>
  <nd ref="5206605763"/>
  <tag k="highway" v="service"/>
  <tag k="service" v="alley"/>
 </way>
 <way id="538279031" visible="true" version="8" changeset="134210679" timestamp="2023-03-28T09:07:14Z" user="mrash14" uid="2350452">
  <nd ref="5210405771"/>
  <nd ref="5780874456"/>
  <nd ref="5780874455"/>
  <nd ref="5780874454"/>
  <nd ref="5210405772"/>
  <nd ref="5210405775"/>
  <nd ref="5210405776"/>
  <nd ref="5210405777"/>
  <nd ref="5210405778"/>
  <nd ref="4710098197"/>
  <nd ref="5210405771"/>
  <tag k="addr:street" v="بلوار امام خمینی"/>
  <tag k="email" v="khalijefars@irib.ir"/>
  <tag k="name" v="صدا و سیمای مرکز هرمزگان (بندرعباس)"/>
  <tag k="office" v="government"/>
  <tag k="phone" v="+98 76 3333 8111"/>
  <tag k="sms" v="30007617"/>
  <tag k="website" v="http://khalijefars.irib.ir"/>
 </way>
 <way id="538280180" visible="true" version="11" changeset="133811487" timestamp="2023-03-18T06:09:35Z" user="ali-14" uid="13408893">
  <nd ref="5210410561"/>
  <nd ref="5210410562"/>
  <nd ref="5210410563"/>
  <nd ref="5218318172"/>
  <nd ref="5218318169"/>
  <nd ref="5210410567"/>
  <nd ref="5218318164"/>
  <nd ref="5210410568"/>
  <nd ref="10203405158"/>
  <nd ref="5218318165"/>
  <nd ref="5943192007"/>
  <nd ref="5943192005"/>
  <nd ref="5943192009"/>
  <nd ref="5210410570"/>
  <nd ref="4313932855"/>
  <tag k="highway" v="tertiary"/>
  <tag k="maxspeed" v="30"/>
  <tag k="name" v="شهید تابدار"/>
  <tag k="surface" v="asphalt"/>
 </way>
 <way id="597186750" visible="true" version="3" changeset="135569845" timestamp="2023-05-01T11:35:57Z" user="s@jj@d" uid="14377768">
  <nd ref="5210381166"/>
  <nd ref="5174920529"/>
  <tag k="bicycle" v="yes"/>
  <tag k="highway" v="footway"/>
  <tag k="motorcycle" v="yes"/>
  <tag k="name" v="چمران ۶/۵"/>
 </way>
 <way id="597186753" visible="true" version="4" changeset="144321020" timestamp="2023-11-22T10:52:28Z" user="Saeed SJ" uid="9998669">
  <nd ref="5070708815"/>
  <nd ref="5202265314"/>
  <nd ref="5070708817"/>
  <nd ref="5070708818"/>
  <nd ref="5070708819"/>
  <nd ref="5202265309"/>
  <nd ref="5070708820"/>
  <nd ref="5070713921"/>
  <nd ref="5070713922"/>
  <nd ref="5202265288"/>
  <nd ref="5070713923"/>
  <nd ref="5070713924"/>
  <tag k="highway" v="tertiary"/>
  <tag k="name" v="وحدت ۱۰ - بهارستان ۹"/>
 </way>
 <way id="597186757" visible="true" version="4" changeset="144087235" timestamp="2023-11-16T09:59:55Z" user="Saeed SJ" uid="9998669">
  <nd ref="5206588421"/>
  <nd ref="5206588422"/>
  <nd ref="5206588423"/>
  <nd ref="5206588462"/>
  <nd ref="5206605776"/>
  <nd ref="5206588425"/>
  <nd ref="11353691514"/>
  <nd ref="10861819667"/>
  <tag k="highway" v="footway"/>
  <tag k="name" v="وحدت ۲"/>
 </way>
 <way id="624318911" visible="true" version="3" changeset="62764635" timestamp="2018-09-20T14:03:11Z" user="wambacher" uid="201359">
  <nd ref="5895571927"/>
  <nd ref="5895571928"/>
  <nd ref="5895571929"/>
  <nd ref="5895571930"/>
  <tag k="boundary" v="administrative"/>
  <tag k="name" v="مرز محله"/>
  <tag k="source" v="snapp"/>
 </way>
 <way id="624318912" visible="true" version="4" changeset="62764635" timestamp="2018-09-20T14:03:11Z" user="wambacher" uid="201359">
  <nd ref="5895571930"/>
  <nd ref="5895571931"/>
  <nd ref="5895571932"/>
  <nd ref="5895571933"/>
  <nd ref="5895571934"/>
  <nd ref="5895547343"/>
  <tag k="boundary" v="administrative"/>
  <tag k="name" v="مرز محله"/>
  <tag k="source" v="snapp"/>
 </way>
 <way id="624322588" visible="true" version="3" changeset="62764635" timestamp="2018-09-20T14:03:12Z" user="wambacher" uid="201359">
  <nd ref="5895571930"/>
  <nd ref="5895591711"/>
  <tag k="boundary" v="administrative"/>
  <tag k="name" v="مرز محله"/>
  <tag k="source" v="snapp"/>
 </way>
 <way id="624358394" visible="true" version="6" changeset="62764635" timestamp="2018-09-20T14:03:14Z" user="wambacher" uid="201359">
  <nd ref="5895928379"/>
  <nd ref="5895571927"/>
  <tag k="boundary" v="administrative"/>
  <tag k="name" v="مرز محله"/>
  <tag k="source" v="snapp"/>
 </way>
 <way id="624358397" visible="true" version="3" changeset="62764635" timestamp="2018-09-20T14:03:14Z" user="wambacher" uid="201359">
  <nd ref="5895928379"/>
  <nd ref="5895928383"/>
  <nd ref="5895928384"/>
  <nd ref="5895929485"/>
  <nd ref="5895929486"/>
  <nd ref="5895929487"/>
  <nd ref="5895929488"/>
  <nd ref="5895929489"/>
  <nd ref="5895928378"/>
  <tag k="boundary" v="administrative"/>
  <tag k="name" v="مرز محله"/>
  <tag k="source" v="snapp"/>
 </way>
 <way id="625201241" visible="true" version="3" changeset="62764635" timestamp="2018-09-20T14:03:17Z" user="wambacher" uid="201359">
  <nd ref="5895571927"/>
  <nd ref="5903157955"/>
  <nd ref="5901555014"/>
  <tag k="boundary" v="administrative"/>
  <tag k="name" v="مرز محله"/>
  <tag k="source" v="snapp"/>
 </way>
 <way id="628048199" visible="true" version="3" changeset="144087235" timestamp="2023-11-16T09:59:55Z" user="Saeed SJ" uid="9998669">
  <nd ref="5929060292"/>
  <nd ref="5206588459"/>
  <tag k="bicycle" v="yes"/>
  <tag k="highway" v="footway"/>
  <tag k="name" v="وحدت ۴"/>
 </way>
 <way id="628048200" visible="true" version="4" changeset="144578980" timestamp="2023-11-29T08:48:34Z" user="ali-14" uid="13408893">
  <nd ref="5206588463"/>
  <nd ref="5206588460"/>
  <nd ref="5206588462"/>
  <tag k="bicycle" v="yes"/>
  <tag k="highway" v="footway"/>
  <tag k="maxspeed" v="30"/>
  <tag k="service" v="alley"/>
 </way>
 <way id="628048201" visible="true" version="2" changeset="144320798" timestamp="2023-11-22T10:46:35Z" user="Saeed SJ" uid="9998669">
  <nd ref="11368329173"/>
  <nd ref="5206734144"/>
  <nd ref="5206728019"/>
  <nd ref="5206728016"/>
  <nd ref="5206728014"/>
  <nd ref="5206728015"/>
  <tag k="highway" v="residential"/>
  <tag k="maxspeed" v="30"/>
 </way>
 <way id="628048202" visible="true" version="3" changeset="144164000" timestamp="2023-11-18T07:30:02Z" user="Saeed SJ" uid="9998669">
  <nd ref="5206665225"/>
  <nd ref="5206664917"/>
  <nd ref="5206665222"/>
  <nd ref="5206664918"/>
  <nd ref="5206664919"/>
  <nd ref="5206664920"/>
  <nd ref="5206665221"/>
  <tag k="bicycle" v="yes"/>
  <tag k="highway" v="footway"/>
 </way>
 <way id="628048203" visible="true" version="3" changeset="144163732" timestamp="2023-11-18T07:14:12Z" user="Saeed SJ" uid="9998669">
  <nd ref="10860178494"/>
  <nd ref="3385565139"/>
  <tag k="highway" v="service"/>
  <tag k="maxspeed" v="30"/>
  <tag k="service" v="alley"/>
 </way>
 <way id="628048205" visible="true" version="3" changeset="134857882" timestamp="2023-04-13T11:06:25Z" user="F777" uid="13691644">
  <nd ref="4736002109"/>
  <nd ref="5929060310"/>
  <nd ref="5929060311"/>
  <nd ref="5929060312"/>
  <nd ref="5929060313"/>
  <nd ref="4736002110"/>
  <nd ref="4736002109"/>
  <tag k="amenity" v="school"/>
  <tag k="name" v="دبستان ۱۳ آبان"/>
  <tag k="name:en" v="13 Aban Junior School"/>
  <tag k="name:fa" v="دبستان ۱۳ آبان"/>
 </way>
 <way id="628048206" visible="true" version="3" changeset="135569845" timestamp="2023-05-01T11:35:57Z" user="s@jj@d" uid="14377768">
  <nd ref="5929060315"/>
  <nd ref="10807313411"/>
  <nd ref="5929060316"/>
  <tag k="highway" v="residential"/>
  <tag k="name" v="وحدت ۱۶"/>
 </way>
 <way id="629528577" visible="true" version="5" changeset="144281955" timestamp="2023-11-21T11:00:55Z" user="Saeed SJ" uid="9998669">
  <nd ref="8268989156"/>
  <nd ref="5218298863"/>
  <nd ref="5210410575"/>
  <nd ref="5943192011"/>
  <nd ref="4759522294"/>
  <nd ref="4759522295"/>
  <nd ref="5218318156"/>
  <nd ref="4313932871"/>
  <nd ref="4313932870"/>
  <nd ref="5218318173"/>
  <nd ref="4313932868"/>
  <nd ref="6533355730"/>
  <nd ref="4690049106"/>
  <nd ref="4313932866"/>
  <tag k="highway" v="residential"/>
  <tag k="maxspeed" v="30"/>
  <tag k="name" v="اخلاص"/>
 </way>
 <way id="646311322" visible="true" version="3" changeset="80341653" timestamp="2020-01-31T00:50:54Z" user="OSMIran" uid="10314471">
  <nd ref="6072901886"/>
  <nd ref="6072903128"/>
  <tag k="admin_level" v="11"/>
  <tag k="boundary" v="administrative"/>
  <tag k="name" v="مرز محله"/>
 </way>
 <way id="646311323" visible="true" version="3" changeset="80341653" timestamp="2020-01-31T00:50:54Z" user="OSMIran" uid="10314471">
  <nd ref="6072903128"/>
  <nd ref="6072903127"/>
  <nd ref="6072903126"/>
  <tag k="admin_level" v="11"/>
  <tag k="boundary" v="administrative"/>
  <tag k="name" v="مرز محله"/>
 </way>
 <way id="646311329" visible="true" version="5" changeset="129423132" timestamp="2022-11-27T06:16:49Z" user="Marziyeh Bashiri" uid="6363900">
  <nd ref="4383143010"/>
  <nd ref="4383143018"/>
  <nd ref="4383143028"/>
  <nd ref="4383143031"/>
  <nd ref="4383143033"/>
  <nd ref="4383143034"/>
  <nd ref="4383143035"/>
  <nd ref="4383143036"/>
  <nd ref="4383143037"/>
  <nd ref="4672497284"/>
  <nd ref="4383142915"/>
  <nd ref="4672497285"/>
  <nd ref="4383142860"/>
  <nd ref="4778233970"/>
  <nd ref="4778233971"/>
  <tag k="admin_level" v="7"/>
  <tag k="boundary" v="administrative"/>
 </way>
 <way id="646311330" visible="true" version="5" changeset="129423132" timestamp="2022-11-27T06:16:49Z" user="Marziyeh Bashiri" uid="6363900">
  <nd ref="4383142674"/>
  <nd ref="4383142675"/>
  <nd ref="4383143049"/>
  <nd ref="4383143211"/>
  <nd ref="4383143061"/>
  <nd ref="4383143198"/>
  <nd ref="4383143045"/>
  <nd ref="4383143011"/>
  <nd ref="4383143010"/>
  <tag k="admin_level" v="7"/>
  <tag k="boundary" v="administrative"/>
 </way>
 <way id="646311333" visible="true" version="4" changeset="178316042" timestamp="2026-02-09T14:53:56Z" user="Nastaran_Sabouri" uid="10924444">
  <nd ref="6072901340"/>
  <nd ref="13536972079"/>
  <tag k="admin_level" v="11"/>
  <tag k="boundary" v="administrative"/>
  <tag k="name" v="مرز محله"/>
 </way>
 <way id="646311334" visible="true" version="3" changeset="80341653" timestamp="2020-01-31T00:50:54Z" user="OSMIran" uid="10314471">
  <nd ref="6072903126"/>
  <nd ref="6072903125"/>
  <nd ref="6072900596"/>
  <tag k="admin_level" v="11"/>
  <tag k="boundary" v="administrative"/>
  <tag k="name" v="مرز محله"/>
 </way>
 <way id="646311399" visible="true" version="3" changeset="80341653" timestamp="2020-01-31T00:50:54Z" user="OSMIran" uid="10314471">
  <nd ref="6072903128"/>
  <nd ref="6072900595"/>
  <nd ref="6072900594"/>
  <nd ref="6072900593"/>
  <nd ref="6072900592"/>
  <nd ref="6072900591"/>
  <nd ref="6072900590"/>
  <nd ref="6072900589"/>
  <nd ref="6072900588"/>
  <nd ref="6072900587"/>
  <nd ref="6072900586"/>
  <nd ref="6072900585"/>
  <nd ref="6072900384"/>
  <nd ref="6072900383"/>
  <nd ref="6072900382"/>
  <nd ref="6072900381"/>
  <nd ref="6072900380"/>
  <nd ref="6072900379"/>
  <nd ref="6072900378"/>
  <nd ref="6072900377"/>
  <nd ref="6072900376"/>
  <nd ref="6072900375"/>
  <nd ref="6072900374"/>
  <nd ref="6072900373"/>
  <nd ref="6072900372"/>
  <nd ref="6072900371"/>
  <nd ref="6072900370"/>
  <nd ref="6072900369"/>
  <nd ref="6072900368"/>
  <nd ref="6072900367"/>
  <nd ref="6072900366"/>
  <nd ref="6072900365"/>
  <nd ref="6072900364"/>
  <tag k="admin_level" v="11"/>
  <tag k="boundary" v="administrative"/>
  <tag k="name" v="مرز محله"/>
 </way>
 <way id="646311434" visible="true" version="3" changeset="80341653" timestamp="2020-01-31T00:50:54Z" user="OSMIran" uid="10314471">
  <nd ref="6072901340"/>
  <nd ref="6072901339"/>
  <tag k="admin_level" v="11"/>
  <tag k="boundary" v="administrative"/>
  <tag k="name" v="مرز محله"/>
 </way>
 <way id="646311435" visible="true" version="3" changeset="80341653" timestamp="2020-01-31T00:50:54Z" user="OSMIran" uid="10314471">
  <nd ref="6072903126"/>
  <nd ref="6072901340"/>
  <tag k="admin_level" v="11"/>
  <tag k="boundary" v="administrative"/>
  <tag k="name" v="مرز محله"/>
 </way>
 <way id="646311451" visible="true" version="4" changeset="105152641" timestamp="2021-05-23T04:53:46Z" user="nshz" uid="9513428">
  <nd ref="6072901886"/>
  <nd ref="6072901885"/>
  <nd ref="6072901684"/>
  <nd ref="6072901683"/>
  <nd ref="6072901682"/>
  <nd ref="6072901681"/>
  <nd ref="8757137935"/>
  <nd ref="4383143010"/>
  <tag k="admin_level" v="11"/>
  <tag k="boundary" v="administrative"/>
  <tag k="name" v="مرز محله"/>
 </way>
 <way id="646311487" visible="true" version="5" changeset="134856083" timestamp="2023-04-13T10:22:43Z" user="F777" uid="13691644">
  <nd ref="5184235473"/>
  <nd ref="3776206983"/>
  <nd ref="6072903131"/>
  <nd ref="6072903130"/>
  <nd ref="6072903129"/>
  <nd ref="6072901886"/>
  <tag k="admin_level" v="11"/>
  <tag k="boundary" v="administrative"/>
  <tag k="name" v="مرز محله"/>
 </way>
 <way id="656646555" visible="true" version="5" changeset="134633758" timestamp="2023-04-07T21:51:16Z" user="kiaraSh-Q" uid="2693232">
  <nd ref="1696151109"/>
  <nd ref="1696151114"/>
  <nd ref="1696151129"/>
  <nd ref="1696151130"/>
  <nd ref="1696151134"/>
  <nd ref="1696151136"/>
 </way>
 <way id="676752872" visible="true" version="1" changeset="68130120" timestamp="2019-03-14T09:40:27Z" user="B&amp;hz@d" uid="9481499">
  <nd ref="6337355676"/>
  <nd ref="5210381150"/>
  <tag k="highway" v="residential"/>
 </way>
 <way id="694243673" visible="true" version="1" changeset="70879199" timestamp="2019-06-03T09:45:53Z" user="fereydoon555" uid="9543799">
  <nd ref="5206706946"/>
  <nd ref="5206706947"/>
  <tag k="highway" v="footway"/>
  <tag k="name" v="ساحل ۱۲"/>
 </way>
 <way id="694244366" visible="true" version="2" changeset="135569845" timestamp="2023-05-01T11:35:57Z" user="s@jj@d" uid="14377768">
  <nd ref="5174920526"/>
  <nd ref="10860178488"/>
  <nd ref="5210381152"/>
  <tag k="highway" v="residential"/>
 </way>
 <way id="695761048" visible="true" version="1" changeset="71042803" timestamp="2019-06-08T04:20:19Z" user="fereydoon555" uid="9543799">
  <nd ref="5929060298"/>
  <nd ref="5206664911"/>
  <tag k="highway" v="footway"/>
  <tag k="name" v="چمران ۱۲"/>
 </way>
 <way id="695761049" visible="true" version="1" changeset="71042803" timestamp="2019-06-08T04:20:19Z" user="fereydoon555" uid="9543799">
  <nd ref="353114586"/>
  <nd ref="5929060298"/>
  <tag k="highway" v="residential"/>
  <tag k="maxspeed" v="30"/>
  <tag k="name" v="چمران ۱۲"/>
 </way>
 <way id="695763882" visible="true" version="2" changeset="144164000" timestamp="2023-11-18T07:30:02Z" user="Saeed SJ" uid="9998669">
  <nd ref="5206661286"/>
  <nd ref="5206605810"/>
  <tag k="highway" v="residential"/>
  <tag k="maxspeed" v="30"/>
  <tag k="name" v="چمران ۲۰/۱"/>
 </way>
 <way id="695763883" visible="true" version="3" changeset="144164000" timestamp="2023-11-18T07:30:02Z" user="Saeed SJ" uid="9998669">
  <nd ref="5029054905"/>
  <nd ref="5206665233"/>
  <nd ref="11359587627"/>
  <nd ref="5029054907"/>
  <nd ref="5029054908"/>
  <tag k="highway" v="residential"/>
  <tag k="maxspeed" v="30"/>
 </way>
 <way id="695763884" visible="true" version="2" changeset="144095536" timestamp="2023-11-16T12:56:16Z" user="Saeed SJ" uid="9998669">
  <nd ref="5210343079"/>
  <nd ref="5929060322"/>
  <tag k="bicycle" v="yes"/>
  <tag k="highway" v="footway"/>
  <tag k="name" v="چمران ۷"/>
 </way>
 <way id="695763885" visible="true" version="2" changeset="144578980" timestamp="2023-11-29T08:48:34Z" user="ali-14" uid="13408893">
  <nd ref="6533299016"/>
  <nd ref="5210343084"/>
  <tag k="bicycle" v="yes"/>
  <tag k="highway" v="footway"/>
  <tag k="maxspeed" v="30"/>
  <tag k="name" v="چمران ۱۱"/>
 </way>
 <way id="695766157" visible="true" version="2" changeset="135569845" timestamp="2023-05-01T11:35:57Z" user="s@jj@d" uid="14377768">
  <nd ref="5210381130"/>
  <nd ref="10860178494"/>
  <nd ref="6337355676"/>
  <nd ref="5210381133"/>
  <tag k="highway" v="residential"/>
  <tag k="maxspeed" v="30"/>
  <tag k="name" v="چمران ۲"/>
 </way>
 <way id="916601495" visible="true" version="2" changeset="137528298" timestamp="2023-06-19T16:58:25Z" user="kiaraSh-Q" uid="2693232">
  <nd ref="3385566531"/>
  <nd ref="3385566532"/>
  <tag k="highway" v="primary_link"/>
  <tag k="surface" v="asphalt"/>
 </way>
 <way id="967025408" visible="true" version="2" changeset="109371638" timestamp="2021-08-09T03:20:35Z" user="hasaan22" uid="9514331">
  <nd ref="4308800243"/>
  <nd ref="4308800259"/>
  <tag k="highway" v="tertiary"/>
  <tag k="oneway" v="yes"/>
 </way>
 <way id="967025409" visible="true" version="2" changeset="109371638" timestamp="2021-08-09T03:20:35Z" user="hasaan22" uid="9514331">
  <nd ref="4087032399"/>
  <nd ref="4087032400"/>
  <tag k="highway" v="tertiary"/>
  <tag k="oneway" v="yes"/>
 </way>
 <way id="971609070" visible="true" version="2" changeset="133811487" timestamp="2023-03-18T06:09:35Z" user="ali-14" uid="13408893">
  <nd ref="354974248"/>
  <nd ref="4939720100"/>
  <tag k="highway" v="tertiary"/>
  <tag k="name" v="شهید تابدار"/>
 </way>
 <way id="989364328" visible="true" version="2" changeset="135532197" timestamp="2023-04-30T10:53:29Z" user="s@jj@d" uid="14377768">
  <nd ref="5185656105"/>
  <nd ref="5185656106"/>
  <nd ref="10857745056"/>
  <tag k="highway" v="residential"/>
  <tag k="maxspeed" v="30"/>
  <tag k="name" v="طراوت ۷"/>
 </way>
 <way id="1069561276" visible="true" version="1" changeset="122367502" timestamp="2022-06-14T10:56:56Z" user="hasaan22" uid="9514331">
  <nd ref="3385565143"/>
  <nd ref="9816974420"/>
  <tag k="highway" v="footway"/>
 </way>
 <way id="1069561277" visible="true" version="1" changeset="122367502" timestamp="2022-06-14T10:56:56Z" user="hasaan22" uid="9514331">
  <nd ref="9816974419"/>
  <nd ref="3385565142"/>
  <tag k="highway" v="footway"/>
 </way>
 <way id="1069561485" visible="true" version="1" changeset="122367542" timestamp="2022-06-14T10:57:52Z" user="hasaan22" uid="9514331">
  <nd ref="9816972267"/>
  <nd ref="9816972266"/>
  <tag k="highway" v="footway"/>
 </way>
 <way id="1069561486" visible="true" version="1" changeset="122367542" timestamp="2022-06-14T10:57:52Z" user="hasaan22" uid="9514331">
  <nd ref="5210381125"/>
  <nd ref="9816972267"/>
  <tag k="highway" v="footway"/>
 </way>
 <way id="1069561487" visible="true" version="1" changeset="122367542" timestamp="2022-06-14T10:57:52Z" user="hasaan22" uid="9514331">
  <nd ref="9816972268"/>
  <nd ref="9816972269"/>
  <nd ref="3385565139"/>
  <tag k="highway" v="footway"/>
 </way>
 <way id="1107308922" visible="true" version="1" changeset="128114264" timestamp="2022-10-27T07:17:35Z" user="Saeed SJ" uid="9998669">
  <nd ref="10131990827"/>
  <nd ref="10131990826"/>
  <tag k="highway" v="tertiary_link"/>
 </way>
 <way id="1107308923" visible="true" version="1" changeset="128114264" timestamp="2022-10-27T07:17:35Z" user="Saeed SJ" uid="9998669">
  <nd ref="10131990828"/>
  <nd ref="5174919508"/>
  <tag k="highway" v="tertiary_link"/>
 </way>
 <way id="1122864197" visible="true" version="1" changeset="130183585" timestamp="2022-12-17T11:55:16Z" user="ali-14" uid="13408893">
  <nd ref="10269351379"/>
  <nd ref="10269351380"/>
  <tag k="highway" v="footway"/>
 </way>
 <way id="1122864198" visible="true" version="1" changeset="130183585" timestamp="2022-12-17T11:55:16Z" user="ali-14" uid="13408893">
  <nd ref="10269351380"/>
  <nd ref="10269351383"/>
  <tag k="highway" v="steps"/>
 </way>
 <way id="1122864199" visible="true" version="1" changeset="130183585" timestamp="2022-12-17T11:55:16Z" user="ali-14" uid="13408893">
  <nd ref="10269351381"/>
  <nd ref="10269351382"/>
  <tag k="highway" v="steps"/>
 </way>
 <way id="1122864200" visible="true" version="1" changeset="130183585" timestamp="2022-12-17T11:55:16Z" user="ali-14" uid="13408893">
  <nd ref="10269351383"/>
  <nd ref="10269351382"/>
  <tag k="bridge" v="yes"/>
  <tag k="highway" v="footway"/>
  <tag k="layer" v="1"/>
 </way>
 <way id="1152832196" visible="true" version="4" changeset="143026278" timestamp="2023-10-23T16:31:55Z" user="Saeed SJ" uid="9998669">
  <nd ref="5210381183"/>
  <nd ref="5174920538"/>
  <tag k="highway" v="service"/>
  <tag k="motorcycle" v="yes"/>
  <tag k="motor_vehicle" v="no"/>
  <tag k="name" v="چمران ۶/۴"/>
  <tag k="service" v="alley"/>
 </way>
 <way id="1160573594" visible="true" version="1" changeset="134633758" timestamp="2023-04-07T21:51:16Z" user="kiaraSh-Q" uid="2693232">
  <nd ref="1696151136"/>
  <nd ref="10793998661"/>
  <nd ref="10793998662"/>
  <nd ref="1696151142"/>
  <nd ref="1696151152"/>
  <tag k="natural" v="coastline"/>
  <tag k="source" v="Bing;PGS"/>
 </way>
 <way id="1160573596" visible="true" version="1" changeset="134633758" timestamp="2023-04-07T21:51:16Z" user="kiaraSh-Q" uid="2693232">
  <nd ref="10793998671"/>
  <nd ref="10793998663"/>
  <nd ref="10793998664"/>
  <nd ref="10793998672"/>
 </way>
 <way id="1160573597" visible="true" version="1" changeset="134633758" timestamp="2023-04-07T21:51:16Z" user="kiaraSh-Q" uid="2693232">
  <nd ref="10793998670"/>
  <nd ref="10793998671"/>
 </way>
 <way id="1160573598" visible="true" version="1" changeset="134633758" timestamp="2023-04-07T21:51:16Z" user="kiaraSh-Q" uid="2693232">
  <nd ref="10793998665"/>
  <nd ref="10793998669"/>
  <nd ref="10793998670"/>
 </way>
 <way id="1160573599" visible="true" version="1" changeset="134633758" timestamp="2023-04-07T21:51:16Z" user="kiaraSh-Q" uid="2693232">
  <nd ref="289419212"/>
  <nd ref="10793998668"/>
  <nd ref="10793998665"/>
 </way>
 <way id="1160573600" visible="true" version="1" changeset="134633758" timestamp="2023-04-07T21:51:16Z" user="kiaraSh-Q" uid="2693232">
  <nd ref="1696151062"/>
  <nd ref="10793998654"/>
  <nd ref="10793998655"/>
  <nd ref="10793998656"/>
  <nd ref="10793998657"/>
  <nd ref="1696151136"/>
  <tag k="natural" v="coastline"/>
 </way>
 <way id="1160573601" visible="true" version="1" changeset="134633758" timestamp="2023-04-07T21:51:16Z" user="kiaraSh-Q" uid="2693232">
  <nd ref="10793998658"/>
  <nd ref="289419212"/>
  <tag k="natural" v="coastline"/>
  <tag k="source" v="Bing;PGS"/>
 </way>
 <way id="1160573602" visible="true" version="1" changeset="134633758" timestamp="2023-04-07T21:51:16Z" user="kiaraSh-Q" uid="2693232">
  <nd ref="1696151152"/>
  <nd ref="1696151158"/>
  <nd ref="10793998697"/>
  <nd ref="1696151162"/>
  <nd ref="10793998658"/>
  <tag k="natural" v="coastline"/>
  <tag k="source" v="Bing;PGS"/>
 </way>
 <way id="1160573603" visible="true" version="1" changeset="134633758" timestamp="2023-04-07T21:51:16Z" user="kiaraSh-Q" uid="2693232">
  <nd ref="1696151152"/>
  <nd ref="10793998660"/>
  <nd ref="10793998659"/>
  <nd ref="10793998658"/>
 </way>
 <way id="1160573604" visible="true" version="1" changeset="134633758" timestamp="2023-04-07T21:51:16Z" user="kiaraSh-Q" uid="2693232">
  <nd ref="289419212"/>
  <nd ref="1696151166"/>
  <nd ref="1696151206"/>
  <nd ref="352782080"/>
  <nd ref="1696151216"/>
  <nd ref="1696151197"/>
  <nd ref="9654744559"/>
  <tag k="natural" v="coastline"/>
  <tag k="source" v="Bing;PGS"/>
 </way>
 <way id="1160573606" visible="true" version="1" changeset="134633758" timestamp="2023-04-07T21:51:16Z" user="kiaraSh-Q" uid="2693232">
  <nd ref="10793998671"/>
  <nd ref="10793998672"/>
 </way>
 <way id="1160573607" visible="true" version="1" changeset="134633758" timestamp="2023-04-07T21:51:16Z" user="kiaraSh-Q" uid="2693232">
  <nd ref="10793998670"/>
  <nd ref="10793998667"/>
  <nd ref="10793998666"/>
  <nd ref="10793998665"/>
 </way>
 <way id="1160573608" visible="true" version="1" changeset="134633758" timestamp="2023-04-07T21:51:16Z" user="kiaraSh-Q" uid="2693232">
  <nd ref="10793998672"/>
  <nd ref="10793998673"/>
  <nd ref="10793998674"/>
  <nd ref="10793998675"/>
  <nd ref="10793998676"/>
  <nd ref="10793998677"/>
  <nd ref="10793998678"/>
  <nd ref="10793998679"/>
  <nd ref="10793998680"/>
  <nd ref="10793998681"/>
  <nd ref="10793998682"/>
  <nd ref="10793998683"/>
  <nd ref="10793998684"/>
  <nd ref="10793998685"/>
  <nd ref="10793998686"/>
  <nd ref="10793998687"/>
  <nd ref="10793998688"/>
  <nd ref="10793998689"/>
  <nd ref="10793998690"/>
  <nd ref="10793998691"/>
  <nd ref="10793998692"/>
  <nd ref="10793998693"/>
  <nd ref="10793998694"/>
  <nd ref="10793998695"/>
  <nd ref="10793998696"/>
  <nd ref="1696151109"/>
 </way>
 <way id="1160607746" visible="true" version="1" changeset="134638197" timestamp="2023-04-08T04:08:58Z" user="kiaraSh-Q" uid="2693232">
  <nd ref="10794404207"/>
  <nd ref="10794404210"/>
  <nd ref="10794404208"/>
  <nd ref="10794404206"/>
  <nd ref="10794404209"/>
  <nd ref="4308381162"/>
  <tag k="highway" v="tertiary"/>
  <tag k="maxspeed" v="30"/>
  <tag k="oneway" v="yes"/>
  <tag k="surface" v="asphalt"/>
 </way>
 <way id="1160607747" visible="true" version="2" changeset="144164000" timestamp="2023-11-18T07:30:02Z" user="Saeed SJ" uid="9998669">
  <nd ref="3151537747"/>
  <nd ref="1572276142"/>
  <nd ref="10794404206"/>
  <tag k="bicycle" v="yes"/>
  <tag k="footway" v="crossing"/>
  <tag k="highway" v="footway"/>
 </way>
 <way id="1160607929" visible="true" version="1" changeset="134638212" timestamp="2023-04-08T04:10:50Z" user="kiaraSh-Q" uid="2693232">
  <nd ref="10794404076"/>
  <nd ref="10269351381"/>
  <tag k="highway" v="footway"/>
 </way>
 <way id="1160607930" visible="true" version="1" changeset="134638212" timestamp="2023-04-08T04:10:50Z" user="kiaraSh-Q" uid="2693232">
  <nd ref="10269351378"/>
  <nd ref="10794404076"/>
  <nd ref="10794404075"/>
  <nd ref="10794404074"/>
  <tag k="highway" v="tertiary"/>
  <tag k="oneway" v="yes"/>
  <tag k="surface" v="asphalt"/>
 </way>
 <way id="1167515313" visible="true" version="2" changeset="144178473" timestamp="2023-11-18T15:12:23Z" user="Saeed SJ" uid="9998669">
  <nd ref="11360247708"/>
  <nd ref="5205874933"/>
  <nd ref="11360247707"/>
  <nd ref="11360247709"/>
  <nd ref="10857745057"/>
  <nd ref="10857745056"/>
  <nd ref="10857745055"/>
  <nd ref="10857745054"/>
  <nd ref="10857745053"/>
  <tag k="highway" v="residential"/>
  <tag k="oneway" v="yes"/>
 </way>
 <way id="1167515315" visible="true" version="2" changeset="144178473" timestamp="2023-11-18T15:12:23Z" user="Saeed SJ" uid="9998669">
  <nd ref="5185656114"/>
  <nd ref="11360247707"/>
  <nd ref="5185656113"/>
  <nd ref="11360247710"/>
  <nd ref="5205862261"/>
  <tag k="highway" v="service"/>
  <tag k="maxspeed" v="30"/>
  <tag k="name" v="طراوت ۶"/>
  <tag k="service" v="alley"/>
 </way>
 <way id="1167721385" visible="true" version="1" changeset="135569845" timestamp="2023-05-01T11:35:57Z" user="s@jj@d" uid="14377768">
  <nd ref="352780644"/>
  <nd ref="10860178484"/>
  <nd ref="10860178483"/>
  <nd ref="10860178482"/>
  <tag k="highway" v="service"/>
 </way>
 <way id="1167721386" visible="true" version="1" changeset="135569845" timestamp="2023-05-01T11:35:57Z" user="s@jj@d" uid="14377768">
  <nd ref="5210381152"/>
  <nd ref="10860178489"/>
  <tag k="highway" v="residential"/>
 </way>
 <way id="1167721387" visible="true" version="2" changeset="144163732" timestamp="2023-11-18T07:14:12Z" user="Saeed SJ" uid="9998669">
  <nd ref="10860178490"/>
  <nd ref="10860178491"/>
  <nd ref="11359631205"/>
  <nd ref="5174920532"/>
  <tag k="highway" v="residential"/>
 </way>
 <way id="1167721388" visible="true" version="2" changeset="144163732" timestamp="2023-11-18T07:14:12Z" user="Saeed SJ" uid="9998669">
  <nd ref="4710072787"/>
  <nd ref="11359631209"/>
  <nd ref="10860178491"/>
  <tag k="highway" v="residential"/>
 </way>
 <way id="1167721389" visible="true" version="2" changeset="144163732" timestamp="2023-11-18T07:14:12Z" user="Saeed SJ" uid="9998669">
  <nd ref="10860178492"/>
  <nd ref="5210381142"/>
  <nd ref="11359631213"/>
  <nd ref="4603176598"/>
  <tag k="highway" v="residential"/>
 </way>
 <way id="1167721390" visible="true" version="2" changeset="144095536" timestamp="2023-11-16T12:56:16Z" user="Saeed SJ" uid="9998669">
  <nd ref="3385566581"/>
  <nd ref="10860178495"/>
  <tag k="bicycle" v="yes"/>
  <tag k="highway" v="footway"/>
  <tag k="name" v="وحدت ۱۳"/>
 </way>
 <way id="1167721391" visible="true" version="2" changeset="144095536" timestamp="2023-11-16T12:56:16Z" user="Saeed SJ" uid="9998669">
  <nd ref="5210343073"/>
  <nd ref="5210343084"/>
  <nd ref="5210343074"/>
  <tag k="bicycle" v="yes"/>
  <tag k="highway" v="footway"/>
  <tag k="name" v="چمران ۵"/>
 </way>
 <way id="1167721814" visible="true" version="1" changeset="135569951" timestamp="2023-05-01T11:39:11Z" user="s@jj@d" uid="14377768">
  <nd ref="5206727964"/>
  <nd ref="5206727966"/>
  <tag k="highway" v="footway"/>
  <tag k="name" v="بینا"/>
 </way>
 <way id="1167722049" visible="true" version="1" changeset="135570039" timestamp="2023-05-01T11:42:19Z" user="s@jj@d" uid="14377768">
  <nd ref="5206715007"/>
  <nd ref="5206605774"/>
  <tag k="highway" v="footway"/>
 </way>
 <way id="1167722050" visible="true" version="1" changeset="135570039" timestamp="2023-05-01T11:42:19Z" user="s@jj@d" uid="14377768">
  <nd ref="5206605761"/>
  <nd ref="10860152824"/>
  <tag k="highway" v="footway"/>
 </way>
 <way id="1167722051" visible="true" version="1" changeset="135570039" timestamp="2023-05-01T11:42:19Z" user="s@jj@d" uid="14377768">
  <nd ref="5206605773"/>
  <nd ref="5206605772"/>
  <tag k="highway" v="residential"/>
  <tag k="maxspeed" v="30"/>
 </way>
 <way id="1167722052" visible="true" version="2" changeset="144164000" timestamp="2023-11-18T07:30:02Z" user="Saeed SJ" uid="9998669">
  <nd ref="5206605770"/>
  <nd ref="7117344587"/>
  <tag k="highway" v="service"/>
  <tag k="maxspeed" v="30"/>
  <tag k="service" v="alley"/>
 </way>
 <way id="1167722053" visible="true" version="1" changeset="135570039" timestamp="2023-05-01T11:42:19Z" user="s@jj@d" uid="14377768">
  <nd ref="5206727986"/>
  <nd ref="5206727996"/>
  <nd ref="5206727997"/>
  <tag k="highway" v="residential"/>
  <tag k="maxspeed" v="30"/>
 </way>
 <way id="1167722054" visible="true" version="2" changeset="144164000" timestamp="2023-11-18T07:30:02Z" user="Saeed SJ" uid="9998669">
  <nd ref="5206727989"/>
  <nd ref="5206727990"/>
  <tag k="bicycle" v="yes"/>
  <tag k="highway" v="footway"/>
 </way>
 <way id="1167722055" visible="true" version="2" changeset="144164000" timestamp="2023-11-18T07:30:02Z" user="Saeed SJ" uid="9998669">
  <nd ref="5206727981"/>
  <nd ref="5206728830"/>
  <nd ref="5206727996"/>
  <tag k="highway" v="service"/>
  <tag k="maxspeed" v="30"/>
  <tag k="service" v="alley"/>
 </way>
 <way id="1167722483" visible="true" version="1" changeset="135570135" timestamp="2023-05-01T11:45:24Z" user="s@jj@d" uid="14377768">
  <nd ref="5206714997"/>
  <nd ref="5206714996"/>
  <tag k="highway" v="residential"/>
  <tag k="maxspeed" v="30"/>
  <tag k="name" v="ساحل ۷"/>
 </way>
 <way id="1167722484" visible="true" version="2" changeset="144164000" timestamp="2023-11-18T07:30:02Z" user="Saeed SJ" uid="9998669">
  <nd ref="5206715003"/>
  <nd ref="11359587623"/>
  <nd ref="5206605767"/>
  <tag k="highway" v="footway"/>
 </way>
 <way id="1167722485" visible="true" version="1" changeset="135570135" timestamp="2023-05-01T11:45:24Z" user="s@jj@d" uid="14377768">
  <nd ref="5206715009"/>
  <nd ref="5206715010"/>
  <tag k="highway" v="residential"/>
  <tag k="maxspeed" v="30"/>
 </way>
 <way id="1167893618" visible="true" version="2" changeset="144164000" timestamp="2023-11-18T07:30:02Z" user="Saeed SJ" uid="9998669">
  <nd ref="5206703713"/>
  <nd ref="5206703720"/>
  <tag k="bicycle" v="yes"/>
  <tag k="highway" v="footway"/>
  <tag k="motorcycle" v="yes"/>
  <tag k="name" v="ساحل ۸"/>
 </way>
 <way id="1167893619" visible="true" version="1" changeset="135602187" timestamp="2023-05-02T07:01:08Z" user="s@jj@d" uid="14377768">
  <nd ref="5206714994"/>
  <nd ref="5206703707"/>
  <tag k="highway" v="residential"/>
  <tag k="maxspeed" v="30"/>
 </way>
 <way id="1167893620" visible="true" version="1" changeset="135602187" timestamp="2023-05-02T07:01:08Z" user="s@jj@d" uid="14377768">
  <nd ref="5206675924"/>
  <nd ref="5206675925"/>
  <nd ref="5206675926"/>
  <tag k="bicycle" v="yes"/>
  <tag k="highway" v="footway"/>
  <tag k="motorcycle" v="yes"/>
 </way>
 <way id="1167893621" visible="true" version="1" changeset="135602187" timestamp="2023-05-02T07:01:08Z" user="s@jj@d" uid="14377768">
  <nd ref="5210381180"/>
  <nd ref="5206675924"/>
  <tag k="highway" v="residential"/>
  <tag k="maxspeed" v="30"/>
 </way>
 <way id="1167893622" visible="true" version="2" changeset="144164000" timestamp="2023-11-18T07:30:02Z" user="Saeed SJ" uid="9998669">
  <nd ref="5206664911"/>
  <nd ref="5206664915"/>
  <nd ref="5206664916"/>
  <tag k="highway" v="service"/>
  <tag k="maxspeed" v="30"/>
  <tag k="name" v="چمران ۱۲"/>
  <tag k="service" v="alley"/>
 </way>
 <way id="1167893623" visible="true" version="1" changeset="135602187" timestamp="2023-05-02T07:01:08Z" user="s@jj@d" uid="14377768">
  <nd ref="5206665238"/>
  <nd ref="5206665239"/>
  <tag k="highway" v="residential"/>
  <tag k="maxspeed" v="30"/>
 </way>
 <way id="1167893624" visible="true" version="2" changeset="144164000" timestamp="2023-11-18T07:30:02Z" user="Saeed SJ" uid="9998669">
  <nd ref="10861762755"/>
  <nd ref="5206665228"/>
  <nd ref="3385566546"/>
  <tag k="highway" v="service"/>
  <tag k="maxspeed" v="30"/>
  <tag k="service" v="alley"/>
 </way>
 <way id="1167896605" visible="true" version="2" changeset="144087663" timestamp="2023-11-16T10:10:36Z" user="Saeed SJ" uid="9998669">
  <nd ref="5206605812"/>
  <nd ref="5206664897"/>
  <nd ref="5206605813"/>
  <tag k="bicycle" v="yes"/>
  <tag k="highway" v="footway"/>
  <tag k="motorcycle" v="yes"/>
  <tag k="name" v="چمران ۲۲"/>
 </way>
 <way id="1167896606" visible="true" version="1" changeset="135602877" timestamp="2023-05-02T07:24:03Z" user="s@jj@d" uid="14377768">
  <nd ref="5206664895"/>
  <nd ref="5206605812"/>
  <tag k="bicycle" v="yes"/>
  <tag k="highway" v="footway"/>
  <tag k="maxspeed" v="30"/>
  <tag k="motorcycle" v="yes"/>
  <tag k="name" v="چمران ۲۲"/>
 </way>
 <way id="1167896607" visible="true" version="2" changeset="144087663" timestamp="2023-11-16T10:10:36Z" user="Saeed SJ" uid="9998669">
  <nd ref="5206605809"/>
  <nd ref="5206605808"/>
  <nd ref="5929060294"/>
  <nd ref="10861805421"/>
  <nd ref="5206605807"/>
  <tag k="highway" v="residential"/>
  <tag k="maxspeed" v="30"/>
  <tag k="name" v="چمران ۲۴"/>
 </way>
 <way id="1167896608" visible="true" version="2" changeset="144087663" timestamp="2023-11-16T10:10:36Z" user="Saeed SJ" uid="9998669">
  <nd ref="5206605795"/>
  <nd ref="5206605807"/>
  <tag k="highway" v="service"/>
  <tag k="service" v="alley"/>
 </way>
 <way id="1167896609" visible="true" version="1" changeset="135602877" timestamp="2023-05-02T07:24:03Z" user="s@jj@d" uid="14377768">
  <nd ref="5929060294"/>
  <nd ref="5029054911"/>
  <tag k="bicycle" v="yes"/>
  <tag k="highway" v="footway"/>
  <tag k="motorcycle" v="yes"/>
 </way>
 <way id="1167896610" visible="true" version="1" changeset="135602877" timestamp="2023-05-02T07:24:03Z" user="s@jj@d" uid="14377768">
  <nd ref="10861805423"/>
  <nd ref="5206664901"/>
  <tag k="highway" v="residential"/>
 </way>
 <way id="1167896611" visible="true" version="2" changeset="168843193" timestamp="2025-07-12T16:20:44Z" user="آپاراتی و تابگیری شهریار" uid="23090031">
  <nd ref="5206665234"/>
  <nd ref="10861805425"/>
  <nd ref="5206665250"/>
  <tag k="bicycle" v="yes"/>
  <tag k="highway" v="footway"/>
  <tag k="motorcycle" v="yes"/>
 </way>
 <way id="1167896612" visible="true" version="1" changeset="135602877" timestamp="2023-05-02T07:24:03Z" user="s@jj@d" uid="14377768">
  <nd ref="5029054899"/>
  <nd ref="5206706930"/>
  <nd ref="5206706931"/>
  <nd ref="5206588477"/>
  <tag k="bicycle" v="yes"/>
  <tag k="highway" v="footway"/>
  <tag k="maxspeed" v="30"/>
  <tag k="motorcycle" v="yes"/>
  <tag k="name" v="ساحل ۱۰"/>
 </way>
 <way id="1167896613" visible="true" version="1" changeset="135602877" timestamp="2023-05-02T07:24:03Z" user="s@jj@d" uid="14377768">
  <nd ref="10861805427"/>
  <nd ref="5206706945"/>
  <tag k="bicycle" v="yes"/>
  <tag k="highway" v="footway"/>
  <tag k="motorcycle" v="yes"/>
 </way>
 <way id="1167896614" visible="true" version="1" changeset="135602877" timestamp="2023-05-02T07:24:03Z" user="s@jj@d" uid="14377768">
  <nd ref="5206706935"/>
  <nd ref="10861805428"/>
  <tag k="bicycle" v="yes"/>
  <tag k="highway" v="footway"/>
  <tag k="motorcycle" v="yes"/>
 </way>
 <way id="1167896615" visible="true" version="1" changeset="135602877" timestamp="2023-05-02T07:24:03Z" user="s@jj@d" uid="14377768">
  <nd ref="5029054898"/>
  <nd ref="10861805429"/>
  <tag k="highway" v="residential"/>
 </way>
 <way id="1224050445" visible="true" version="1" changeset="144087040" timestamp="2023-11-16T09:54:44Z" user="Saeed SJ" uid="9998669">
  <nd ref="11353735099"/>
  <nd ref="11353735098"/>
  <nd ref="5202267525"/>
  <tag k="highway" v="service"/>
  <tag k="service" v="alley"/>
 </way>
 <way id="1224050466" visible="true" version="1" changeset="144087049" timestamp="2023-11-16T09:55:05Z" user="Saeed SJ" uid="9998669">
  <nd ref="4308824847"/>
  <nd ref="4308800236"/>
  <tag k="bicycle" v="yes"/>
  <tag k="highway" v="footway"/>
 </way>
 <way id="1224051222" visible="true" version="1" changeset="144087235" timestamp="2023-11-16T09:59:55Z" user="Saeed SJ" uid="9998669">
  <nd ref="5206588430"/>
  <nd ref="5206588462"/>
  <tag k="highway" v="footway"/>
 </way>
 <way id="1224053968" visible="true" version="1" changeset="144087663" timestamp="2023-11-16T10:10:36Z" user="Saeed SJ" uid="9998669">
  <nd ref="11353765917"/>
  <nd ref="11353765916"/>
  <tag k="bicycle" v="yes"/>
  <tag k="highway" v="footway"/>
 </way>
 <way id="1224053969" visible="true" version="1" changeset="144087663" timestamp="2023-11-16T10:10:36Z" user="Saeed SJ" uid="9998669">
  <nd ref="11353765918"/>
  <nd ref="5206664901"/>
  <tag k="bicycle" v="yes"/>
  <tag k="highway" v="footway"/>
 </way>
 <way id="1224053970" visible="true" version="1" changeset="144087663" timestamp="2023-11-16T10:10:36Z" user="Saeed SJ" uid="9998669">
  <nd ref="11353765919"/>
  <nd ref="11353765917"/>
  <nd ref="5206664899"/>
  <tag k="bicycle" v="yes"/>
  <tag k="highway" v="footway"/>
 </way>
 <way id="1224053971" visible="true" version="1" changeset="144087663" timestamp="2023-11-16T10:10:36Z" user="Saeed SJ" uid="9998669">
  <nd ref="5206664898"/>
  <nd ref="5206664899"/>
  <tag k="bicycle" v="yes"/>
  <tag k="highway" v="footway"/>
 </way>
 <way id="1224053972" visible="true" version="1" changeset="144087663" timestamp="2023-11-16T10:10:36Z" user="Saeed SJ" uid="9998669">
  <nd ref="5206664897"/>
  <nd ref="5206664896"/>
  <tag k="bicycle" v="yes"/>
  <tag k="highway" v="footway"/>
  <tag k="motorcycle" v="yes"/>
 </way>
 <way id="1224053973" visible="true" version="1" changeset="144087663" timestamp="2023-11-16T10:10:36Z" user="Saeed SJ" uid="9998669">
  <nd ref="5206605801"/>
  <nd ref="5206605812"/>
  <tag k="bicycle" v="yes"/>
  <tag k="highway" v="footway"/>
 </way>
 <way id="1224053974" visible="true" version="1" changeset="144087663" timestamp="2023-11-16T10:10:36Z" user="Saeed SJ" uid="9998669">
  <nd ref="5206605780"/>
  <nd ref="5206605783"/>
  <nd ref="5206605784"/>
  <tag k="bicycle" v="yes"/>
  <tag k="highway" v="footway"/>
  <tag k="name" v="چمران ۲۴"/>
 </way>
 <way id="1224053975" visible="true" version="2" changeset="144320798" timestamp="2023-11-22T10:46:35Z" user="Saeed SJ" uid="9998669">
  <nd ref="5929060293"/>
  <nd ref="10861805422"/>
  <tag k="bicycle" v="yes"/>
  <tag k="highway" v="footway"/>
  <tag k="name" v="چمران ۲۴"/>
 </way>
 <way id="1224053976" visible="true" version="2" changeset="144320798" timestamp="2023-11-22T10:46:35Z" user="Saeed SJ" uid="9998669">
  <nd ref="11353765921"/>
  <nd ref="10861805422"/>
  <tag k="highway" v="service"/>
  <tag k="service" v="alley"/>
 </way>
 <way id="1224053977" visible="true" version="1" changeset="144087663" timestamp="2023-11-16T10:10:36Z" user="Saeed SJ" uid="9998669">
  <nd ref="11353765922"/>
  <nd ref="5206605782"/>
  <tag k="highway" v="tertiary_link"/>
 </way>
 <way id="1224446589" visible="true" version="1" changeset="144095536" timestamp="2023-11-16T12:56:16Z" user="Saeed SJ" uid="9998669">
  <nd ref="11355622676"/>
  <nd ref="5210343080"/>
  <nd ref="11355622675"/>
  <tag k="bicycle" v="yes"/>
  <tag k="highway" v="footway"/>
 </way>
 <way id="1224446590" visible="true" version="1" changeset="144095536" timestamp="2023-11-16T12:56:16Z" user="Saeed SJ" uid="9998669">
  <nd ref="11355622678"/>
  <nd ref="11355622677"/>
  <tag k="bicycle" v="yes"/>
  <tag k="highway" v="footway"/>
 </way>
 <way id="1224446591" visible="true" version="1" changeset="144095536" timestamp="2023-11-16T12:56:16Z" user="Saeed SJ" uid="9998669">
  <nd ref="3385566575"/>
  <nd ref="5174920521"/>
  <tag k="highway" v="service"/>
  <tag k="maxspeed" v="30"/>
  <tag k="name" v="مرداد ۲"/>
  <tag k="service" v="alley"/>
 </way>
 <way id="1224446592" visible="true" version="1" changeset="144095536" timestamp="2023-11-16T12:56:16Z" user="Saeed SJ" uid="9998669">
  <nd ref="11355622682"/>
  <nd ref="11355622679"/>
  <nd ref="11355622681"/>
  <nd ref="5210343068"/>
  <nd ref="11355622680"/>
  <tag k="footway" v="ب"/>
  <tag k="highway" v="footway"/>
 </way>
 <way id="1224446593" visible="true" version="1" changeset="144095536" timestamp="2023-11-16T12:56:16Z" user="Saeed SJ" uid="9998669">
  <nd ref="3385566592"/>
  <nd ref="11355622684"/>
  <nd ref="11355622683"/>
  <nd ref="11355622685"/>
  <tag k="highway" v="footway"/>
 </way>
 <way id="1224446594" visible="true" version="1" changeset="144095536" timestamp="2023-11-16T12:56:16Z" user="Saeed SJ" uid="9998669">
  <nd ref="5210381121"/>
  <nd ref="5210343073"/>
  <tag k="bicycle" v="yes"/>
  <tag k="highway" v="footway"/>
 </way>
 <way id="1224446595" visible="true" version="1" changeset="144095536" timestamp="2023-11-16T12:56:16Z" user="Saeed SJ" uid="9998669">
  <nd ref="11355622688"/>
  <nd ref="5210343073"/>
  <tag k="bicycle" v="yes"/>
  <tag k="highway" v="footway"/>
  <tag k="name" v="چمران ۹"/>
 </way>
 <way id="1224942018" visible="true" version="1" changeset="144163732" timestamp="2023-11-18T07:14:12Z" user="Saeed SJ" uid="9998669">
  <nd ref="5210381124"/>
  <nd ref="11359631196"/>
  <tag k="bicycle" v="yes"/>
  <tag k="highway" v="footway"/>
 </way>
 <way id="1224942019" visible="true" version="1" changeset="144163732" timestamp="2023-11-18T07:14:12Z" user="Saeed SJ" uid="9998669">
  <nd ref="11359631196"/>
  <nd ref="5210381138"/>
  <nd ref="11359631197"/>
  <tag k="highway" v="residential"/>
  <tag k="name" v="کنارگذر"/>
 </way>
 <way id="1224942020" visible="true" version="1" changeset="144163732" timestamp="2023-11-18T07:14:12Z" user="Saeed SJ" uid="9998669">
  <nd ref="11359631199"/>
  <nd ref="11359631198"/>
  <tag k="bicycle" v="yes"/>
  <tag k="highway" v="footway"/>
 </way>
 <way id="1224942021" visible="true" version="1" changeset="144163732" timestamp="2023-11-18T07:14:12Z" user="Saeed SJ" uid="9998669">
  <nd ref="11359631200"/>
  <nd ref="5929060298"/>
  <tag k="bicycle" v="yes"/>
  <tag k="highway" v="footway"/>
  <tag k="motorcycle" v="yes"/>
  <tag k="name" v="چمران 10"/>
 </way>
 <way id="1224942022" visible="true" version="1" changeset="144163732" timestamp="2023-11-18T07:14:12Z" user="Saeed SJ" uid="9998669">
  <nd ref="5210381169"/>
  <nd ref="5210381179"/>
  <tag k="bicycle" v="yes"/>
  <tag k="highway" v="footway"/>
 </way>
 <way id="1224942023" visible="true" version="1" changeset="144163732" timestamp="2023-11-18T07:14:12Z" user="Saeed SJ" uid="9998669">
  <nd ref="11359631203"/>
  <nd ref="11359631202"/>
  <tag k="highway" v="service"/>
  <tag k="service" v="alley"/>
 </way>
 <way id="1224942024" visible="true" version="1" changeset="144163732" timestamp="2023-11-18T07:14:12Z" user="Saeed SJ" uid="9998669">
  <nd ref="11359631204"/>
  <nd ref="5174920527"/>
  <tag k="bicycle" v="yes"/>
  <tag k="highway" v="footway"/>
 </way>
 <way id="1224942025" visible="true" version="1" changeset="144163732" timestamp="2023-11-18T07:14:12Z" user="Saeed SJ" uid="9998669">
  <nd ref="11359631206"/>
  <nd ref="11359631205"/>
  <tag k="highway" v="service"/>
  <tag k="service" v="alley"/>
 </way>
 <way id="1224942026" visible="true" version="1" changeset="144163732" timestamp="2023-11-18T07:14:12Z" user="Saeed SJ" uid="9998669">
  <nd ref="4603176605"/>
  <nd ref="3385566579"/>
  <tag k="bicycle" v="yes"/>
  <tag k="highway" v="footway"/>
 </way>
 <way id="1224942027" visible="true" version="1" changeset="144163732" timestamp="2023-11-18T07:14:12Z" user="Saeed SJ" uid="9998669">
  <nd ref="4710072788"/>
  <nd ref="11359631207"/>
  <tag k="bicycle" v="yes"/>
  <tag k="highway" v="footway"/>
 </way>
 <way id="1224942028" visible="true" version="1" changeset="144163732" timestamp="2023-11-18T07:14:12Z" user="Saeed SJ" uid="9998669">
  <nd ref="10860178490"/>
  <nd ref="11359631208"/>
  <tag k="bicycle" v="yes"/>
  <tag k="highway" v="footway"/>
 </way>
 <way id="1224942029" visible="true" version="1" changeset="144163732" timestamp="2023-11-18T07:14:12Z" user="Saeed SJ" uid="9998669">
  <nd ref="11359631209"/>
  <nd ref="11359631208"/>
  <tag k="highway" v="service"/>
  <tag k="service" v="alley"/>
 </way>
 <way id="1224942030" visible="true" version="1" changeset="144163732" timestamp="2023-11-18T07:14:12Z" user="Saeed SJ" uid="9998669">
  <nd ref="11359631211"/>
  <nd ref="11359631210"/>
  <tag k="bicycle" v="yes"/>
  <tag k="highway" v="footway"/>
 </way>
 <way id="1224942031" visible="true" version="1" changeset="144163732" timestamp="2023-11-18T07:14:12Z" user="Saeed SJ" uid="9998669">
  <nd ref="11359631212"/>
  <nd ref="11359631210"/>
  <nd ref="10860178490"/>
  <tag k="bicycle" v="yes"/>
  <tag k="highway" v="footway"/>
 </way>
 <way id="1224942032" visible="true" version="1" changeset="144163732" timestamp="2023-11-18T07:14:12Z" user="Saeed SJ" uid="9998669">
  <nd ref="11359631214"/>
  <nd ref="11359631213"/>
  <tag k="bicycle" v="yes"/>
  <tag k="highway" v="footway"/>
 </way>
 <way id="1224942033" visible="true" version="1" changeset="144163732" timestamp="2023-11-18T07:14:12Z" user="Saeed SJ" uid="9998669">
  <nd ref="10860178493"/>
  <nd ref="11359631216"/>
  <nd ref="11359631215"/>
  <nd ref="5210381130"/>
  <tag k="bicycle" v="yes"/>
  <tag k="highway" v="footway"/>
 </way>
 <way id="1224942034" visible="true" version="1" changeset="144163732" timestamp="2023-11-18T07:14:12Z" user="Saeed SJ" uid="9998669">
  <nd ref="5210381141"/>
  <nd ref="11359631217"/>
  <tag k="bicycle" v="yes"/>
  <tag k="highway" v="footway"/>
 </way>
 <way id="1224942035" visible="true" version="1" changeset="144163732" timestamp="2023-11-18T07:14:12Z" user="Saeed SJ" uid="9998669">
  <nd ref="4710076689"/>
  <nd ref="11359631219"/>
  <nd ref="11359631218"/>
  <nd ref="10860178492"/>
  <tag k="footway" v="ب"/>
  <tag k="highway" v="footway"/>
 </way>
 <way id="1224942036" visible="true" version="1" changeset="144163732" timestamp="2023-11-18T07:14:12Z" user="Saeed SJ" uid="9998669">
  <nd ref="5210381146"/>
  <nd ref="11359631212"/>
  <nd ref="10860178492"/>
  <tag k="bicycle" v="yes"/>
  <tag k="highway" v="footway"/>
 </way>
 <way id="1224943550" visible="true" version="1" changeset="144164000" timestamp="2023-11-18T07:30:02Z" user="Saeed SJ" uid="9998669">
  <nd ref="5206728005"/>
  <nd ref="5206728002"/>
  <nd ref="7117318381"/>
  <nd ref="5206728004"/>
  <nd ref="7117318380"/>
  <nd ref="5206728003"/>
  <tag k="highway" v="service"/>
  <tag k="maxspeed" v="30"/>
  <tag k="name" v="ساحل ۳"/>
  <tag k="service" v="alley"/>
 </way>
 <way id="1224943551" visible="true" version="1" changeset="144164000" timestamp="2023-11-18T07:30:02Z" user="Saeed SJ" uid="9998669">
  <nd ref="5206728016"/>
  <nd ref="7117318377"/>
  <tag k="highway" v="residential"/>
  <tag k="maxspeed" v="30"/>
  <tag k="name" v="ساحل ۳"/>
 </way>
 <way id="1224943552" visible="true" version="1" changeset="144164000" timestamp="2023-11-18T07:30:02Z" user="Saeed SJ" uid="9998669">
  <nd ref="5206605773"/>
  <nd ref="7117344587"/>
  <tag k="highway" v="footway"/>
 </way>
 <way id="1224943553" visible="true" version="1" changeset="144164000" timestamp="2023-11-18T07:30:02Z" user="Saeed SJ" uid="9998669">
  <nd ref="11359587621"/>
  <nd ref="11359587624"/>
  <tag k="highway" v="footway"/>
 </way>
 <way id="1224943554" visible="true" version="1" changeset="144164000" timestamp="2023-11-18T07:30:02Z" user="Saeed SJ" uid="9998669">
  <nd ref="5206714990"/>
  <nd ref="11359587622"/>
  <tag k="highway" v="footway"/>
 </way>
 <way id="1224943555" visible="true" version="1" changeset="144164000" timestamp="2023-11-18T07:30:02Z" user="Saeed SJ" uid="9998669">
  <nd ref="5206605756"/>
  <nd ref="11359587622"/>
  <nd ref="11359587624"/>
  <nd ref="11359587623"/>
  <tag k="highway" v="footway"/>
 </way>
 <way id="1224943556" visible="true" version="1" changeset="144164000" timestamp="2023-11-18T07:30:02Z" user="Saeed SJ" uid="9998669">
  <nd ref="5206706930"/>
  <nd ref="5029054903"/>
  <tag k="bicycle" v="yes"/>
  <tag k="highway" v="footway"/>
 </way>
 <way id="1224943557" visible="true" version="1" changeset="144164000" timestamp="2023-11-18T07:30:02Z" user="Saeed SJ" uid="9998669">
  <nd ref="5029054899"/>
  <nd ref="5206706933"/>
  <tag k="highway" v="residential"/>
  <tag k="maxspeed" v="30"/>
 </way>
 <way id="1224943558" visible="true" version="1" changeset="144164000" timestamp="2023-11-18T07:30:02Z" user="Saeed SJ" uid="9998669">
  <nd ref="11359587627"/>
  <nd ref="11359587630"/>
  <nd ref="10861805429"/>
  <tag k="bicycle" v="yes"/>
  <tag k="highway" v="footway"/>
 </way>
 <way id="1224943559" visible="true" version="1" changeset="144164000" timestamp="2023-11-18T07:30:02Z" user="Saeed SJ" uid="9998669">
  <nd ref="11359587630"/>
  <nd ref="11359587629"/>
  <nd ref="11359587628"/>
  <nd ref="5206661283"/>
  <tag k="bicycle" v="yes"/>
  <tag k="highway" v="footway"/>
 </way>
 <way id="1224943560" visible="true" version="1" changeset="144164000" timestamp="2023-11-18T07:30:02Z" user="Saeed SJ" uid="9998669">
  <nd ref="5206706933"/>
  <nd ref="5206706938"/>
  <nd ref="10861805429"/>
  <tag k="bicycle" v="yes"/>
  <tag k="highway" v="footway"/>
 </way>
 <way id="1224943561" visible="true" version="1" changeset="144164000" timestamp="2023-11-18T07:30:02Z" user="Saeed SJ" uid="9998669">
  <nd ref="5206706938"/>
  <nd ref="5206706939"/>
  <tag k="bicycle" v="yes"/>
  <tag k="highway" v="footway"/>
 </way>
 <way id="1224943562" visible="true" version="1" changeset="144164000" timestamp="2023-11-18T07:30:02Z" user="Saeed SJ" uid="9998669">
  <nd ref="5029054905"/>
  <nd ref="11359587631"/>
  <nd ref="5206665230"/>
  <tag k="bicycle" v="yes"/>
  <tag k="highway" v="footway"/>
 </way>
 <way id="1224943563" visible="true" version="1" changeset="144164000" timestamp="2023-11-18T07:30:02Z" user="Saeed SJ" uid="9998669">
  <nd ref="10861805426"/>
  <nd ref="5206664902"/>
  <tag k="bicycle" v="yes"/>
  <tag k="highway" v="footway"/>
 </way>
 <way id="1224943564" visible="true" version="1" changeset="144164000" timestamp="2023-11-18T07:30:02Z" user="Saeed SJ" uid="9998669">
  <nd ref="5206661286"/>
  <nd ref="10861805426"/>
  <nd ref="5029054905"/>
  <tag k="bicycle" v="yes"/>
  <tag k="highway" v="footway"/>
 </way>
 <way id="1224943565" visible="true" version="1" changeset="144164000" timestamp="2023-11-18T07:30:02Z" user="Saeed SJ" uid="9998669">
  <nd ref="11359587637"/>
  <nd ref="11359587636"/>
  <nd ref="11359587635"/>
  <nd ref="11359587634"/>
  <nd ref="11359587633"/>
  <nd ref="5210381201"/>
  <tag k="bicycle" v="yes"/>
  <tag k="highway" v="footway"/>
 </way>
 <way id="1224943566" visible="true" version="1" changeset="144164000" timestamp="2023-11-18T07:30:02Z" user="Saeed SJ" uid="9998669">
  <nd ref="5210381201"/>
  <nd ref="11359587640"/>
  <nd ref="11359587639"/>
  <nd ref="11359587638"/>
  <nd ref="5210381203"/>
  <tag k="bicycle" v="yes"/>
  <tag k="highway" v="footway"/>
 </way>
 <way id="1224943567" visible="true" version="1" changeset="144164000" timestamp="2023-11-18T07:30:02Z" user="Saeed SJ" uid="9998669">
  <nd ref="11359587641"/>
  <nd ref="5210381208"/>
  <tag k="bicycle" v="yes"/>
  <tag k="highway" v="footway"/>
 </way>
 <way id="1224943568" visible="true" version="1" changeset="144164000" timestamp="2023-11-18T07:30:02Z" user="Saeed SJ" uid="9998669">
  <nd ref="11359587643"/>
  <nd ref="11359587642"/>
  <nd ref="11359587641"/>
  <nd ref="5210381201"/>
  <tag k="bicycle" v="yes"/>
  <tag k="highway" v="footway"/>
 </way>
 <way id="1224964420" visible="true" version="1" changeset="144169143" timestamp="2023-11-18T10:48:10Z" user="Saeed SJ" uid="9998669">
  <nd ref="354974287"/>
  <nd ref="11359820188"/>
  <nd ref="8268919220"/>
  <tag k="bicycle" v="yes"/>
  <tag k="highway" v="footway"/>
 </way>
 <way id="1225002578" visible="true" version="1" changeset="144176879" timestamp="2023-11-18T14:28:43Z" user="Saeed SJ" uid="9998669">
  <nd ref="11360124802"/>
  <nd ref="5185656105"/>
  <tag k="highway" v="footway"/>
 </way>
 <way id="1225010915" visible="true" version="1" changeset="144178473" timestamp="2023-11-18T15:12:23Z" user="Saeed SJ" uid="9998669">
  <nd ref="10857745058"/>
  <nd ref="10857745057"/>
  <tag k="highway" v="residential"/>
  <tag k="oneway" v="yes"/>
 </way>
 <way id="1225872990" visible="true" version="1" changeset="144320798" timestamp="2023-11-22T10:46:35Z" user="Saeed SJ" uid="9998669">
  <nd ref="5174920532"/>
  <nd ref="5174920533"/>
  <tag k="highway" v="residential"/>
  <tag k="maxspeed" v="30"/>
 </way>
 <way id="1225872991" visible="true" version="1" changeset="144320798" timestamp="2023-11-22T10:46:35Z" user="Saeed SJ" uid="9998669">
  <nd ref="3385566549"/>
  <nd ref="5206664908"/>
  <nd ref="11368329171"/>
  <nd ref="5206664906"/>
  <tag k="bicycle" v="yes"/>
  <tag k="highway" v="footway"/>
 </way>
 <way id="1225872992" visible="true" version="1" changeset="144320798" timestamp="2023-11-22T10:46:35Z" user="Saeed SJ" uid="9998669">
  <nd ref="10861805422"/>
  <nd ref="5206605809"/>
  <tag k="highway" v="service"/>
  <tag k="name" v="چمران ۲۴"/>
  <tag k="service" v="alley"/>
 </way>
 <way id="1225872993" visible="true" version="1" changeset="144320798" timestamp="2023-11-22T10:46:35Z" user="Saeed SJ" uid="9998669">
  <nd ref="7117331496"/>
  <nd ref="11368329172"/>
  <nd ref="5206706927"/>
  <tag k="bicycle" v="yes"/>
  <tag k="highway" v="footway"/>
  <tag k="motorcycle" v="yes"/>
 </way>
 <way id="1225872994" visible="true" version="1" changeset="144320798" timestamp="2023-11-22T10:46:35Z" user="Saeed SJ" uid="9998669">
  <nd ref="5206675933"/>
  <nd ref="7117887915"/>
  <nd ref="5206706929"/>
  <tag k="bicycle" v="yes"/>
  <tag k="highway" v="footway"/>
  <tag k="motorcycle" v="yes"/>
 </way>
 <way id="1225872995" visible="true" version="1" changeset="144320798" timestamp="2023-11-22T10:46:35Z" user="Saeed SJ" uid="9998669">
  <nd ref="5206703718"/>
  <nd ref="5206703708"/>
  <nd ref="5206714982"/>
  <tag k="bicycle" v="yes"/>
  <tag k="highway" v="footway"/>
  <tag k="motorcycle" v="yes"/>
 </way>
 <way id="1225872996" visible="true" version="1" changeset="144320798" timestamp="2023-11-22T10:46:35Z" user="Saeed SJ" uid="9998669">
  <nd ref="5206728831"/>
  <nd ref="11368329173"/>
  <tag k="bicycle" v="yes"/>
  <tag k="highway" v="footway"/>
  <tag k="motorcycle" v="yes"/>
 </way>
 <way id="1225873768" visible="true" version="1" changeset="144321020" timestamp="2023-11-22T10:52:28Z" user="Saeed SJ" uid="9998669">
  <nd ref="11368318161"/>
  <nd ref="5202265291"/>
  <tag k="bicycle" v="yes"/>
  <tag k="highway" v="footway"/>
  <tag k="name" v="چمران ۱۹"/>
 </way>
 <way id="1434950160" visible="true" version="1" changeset="172766561" timestamp="2025-10-02T21:29:28Z" user="Elhamn1992" uid="15022952">
  <nd ref="5210381169"/>
  <nd ref="11359631201"/>
  <nd ref="5929060299"/>
  <tag k="highway" v="service"/>
  <tag k="maxspeed" v="30"/>
  <tag k="name" v="چمران ۸"/>
  <tag k="service" v="alley"/>
 </way>
 <way id="1475608671" visible="true" version="1" changeset="178316042" timestamp="2026-02-09T14:53:56Z" user="Nastaran_Sabouri" uid="10924444">
  <nd ref="5895591711"/>
  <nd ref="13536972079"/>
  <tag k="admin_level" v="11"/>
  <tag k="boundary" v="administrative"/>
  <tag k="name" v="بلوار ساحلی"/>
  <tag k="source" v="snapp"/>
 </way>
 <relation id="4651288" visible="true" version="2" changeset="122367502" timestamp="2022-06-14T10:56:56Z" user="hasaan22" uid="9514331">
  <member type="way" ref="1069561277" role=""/>
  <member type="way" ref="331477974" role=""/>
  <member type="way" ref="1069561276" role=""/>
  <tag k="type" v="bridge"/>
 </relation>
 <relation id="6556098" visible="true" version="26" changeset="181785931" timestamp="2026-04-24T22:32:14Z" user="fact_machine" uid="22696384">
  <member type="way" ref="652414037" role="outer"/>
  <member type="way" ref="1117530349" role="outer"/>
  <member type="way" ref="652610634" role="outer"/>
  <member type="way" ref="652476628" role="outer"/>
  <member type="way" ref="652414031" role="outer"/>
  <member type="way" ref="440583750" role="outer"/>
  <member type="way" ref="440583857" role="outer"/>
  <member type="way" ref="1412720203" role="outer"/>
  <member type="way" ref="440581587" role="outer"/>
  <member type="way" ref="440582601" role="outer"/>
  <member type="way" ref="440579806" role="outer"/>
  <member type="way" ref="440582756" role="outer"/>
  <member type="way" ref="440576448" role="outer"/>
  <member type="way" ref="440584467" role="outer"/>
  <member type="way" ref="440575019" role="outer"/>
  <member type="way" ref="440575494" role="outer"/>
  <member type="way" ref="440579242" role="outer"/>
  <member type="way" ref="440576348" role="outer"/>
  <member type="way" ref="440575898" role="outer"/>
  <member type="way" ref="440577010" role="outer"/>
  <member type="way" ref="440577635" role="outer"/>
  <member type="way" ref="440577425" role="outer"/>
  <member type="way" ref="480408654" role="outer"/>
  <member type="relation" ref="6556819" role="subarea"/>
  <member type="relation" ref="6557558" role="subarea"/>
  <member type="relation" ref="6557661" role="subarea"/>
  <member type="relation" ref="6558973" role="subarea"/>
  <member type="relation" ref="12234356" role="subarea"/>
  <member type="relation" ref="7072823" role="subarea"/>
  <member type="relation" ref="16551980" role="subarea"/>
  <member type="relation" ref="16125800" role="subarea"/>
  <tag k="admin_level" v="6"/>
  <tag k="boundary" v="administrative"/>
  <tag k="name" v="بخش مرکزی شهرستان بندرعباس"/>
  <tag k="place" v="district"/>
  <tag k="type" v="boundary"/>
  <tag k="wikidata" v="Q5060748"/>
  <tag k="wikipedia" v="fa:بخش مرکزی شهرستان بندرعباس"/>
 </relation>
 <relation id="7072823" visible="true" version="29" changeset="178316042" timestamp="2026-02-09T14:53:56Z" user="Nastaran_Sabouri" uid="10924444">
  <member type="way" ref="646311379" role="outer"/>
  <member type="way" ref="646311463" role="outer"/>
  <member type="way" ref="646311376" role="outer"/>
  <member type="way" ref="646311129" role="outer"/>
  <member type="way" ref="646311375" role="outer"/>
  <member type="way" ref="653460937" role="outer"/>
  <member type="way" ref="646311117" role="outer"/>
  <member type="way" ref="485866618" role="outer"/>
  <member type="way" ref="646311153" role="outer"/>
  <member type="way" ref="646311154" role="outer"/>
  <member type="way" ref="646311155" role="outer"/>
  <member type="way" ref="646311324" role="outer"/>
  <member type="way" ref="646311325" role="outer"/>
  <member type="way" ref="646311326" role="outer"/>
  <member type="way" ref="646311327" role="outer"/>
  <member type="way" ref="646311328" role="outer"/>
  <member type="way" ref="646311329" role="outer"/>
  <member type="way" ref="646311330" role="outer"/>
  <member type="way" ref="646311332" role="outer"/>
  <member type="way" ref="1475608672" role="outer"/>
  <member type="way" ref="646311368" role="outer"/>
  <member type="way" ref="646311102" role="outer"/>
  <member type="way" ref="646311096" role="outer"/>
  <member type="way" ref="646311410" role="outer"/>
  <member type="way" ref="646311304" role="outer"/>
  <member type="way" ref="646311297" role="outer"/>
  <member type="way" ref="646311411" role="outer"/>
  <member type="way" ref="646311295" role="outer"/>
  <member type="way" ref="646311271" role="outer"/>
  <member type="way" ref="646311270" role="outer"/>
  <member type="way" ref="646311269" role="outer"/>
  <member type="way" ref="646311268" role="outer"/>
  <member type="way" ref="646311238" role="outer"/>
  <member type="way" ref="646311237" role="outer"/>
  <member type="way" ref="646311480" role="outer"/>
  <member type="way" ref="646311482" role="outer"/>
  <member type="way" ref="1117530346" role="outer"/>
  <member type="node" ref="4736094012" role="admin_centre"/>
  <tag k="admin_level" v="7"/>
  <tag k="boundary" v="administrative"/>
  <tag k="name" v="شهر بندرعباس"/>
  <tag k="name:ar" v="بندر عباس"/>
  <tag k="name:cs" v="Bandar Abbás"/>
  <tag k="name:en" v="Bandar Abbas"/>
  <tag k="name:fa" v="شهر بندرعباس"/>
  <tag k="name:hi" v="बंदर अब्बास शहर"/>
  <tag k="name:ko" v="반다르아바스"/>
  <tag k="name:ku" v="Bender Ebas"/>
  <tag k="name:nl" v="Bandar Abbas"/>
  <tag k="place" v="city"/>
  <tag k="type" v="boundary"/>
  <tag k="wikidata" v="Q154814"/>
  <tag k="wikipedia" v="fa:بندرعباس"/>
 </relation>
 <relation id="8672238" visible="true" version="10" changeset="80341653" timestamp="2020-01-31T00:51:14Z" user="OSMIran" uid="10314471">
  <member type="node" ref="5895571935" role="admin_centre"/>
  <member type="way" ref="646311329" role="outer"/>
  <member type="way" ref="646311451" role="outer"/>
  <member type="way" ref="646311487" role="outer"/>
  <member type="way" ref="646311233" role="outer"/>
  <member type="way" ref="646311234" role="outer"/>
  <member type="way" ref="646311235" role="outer"/>
  <member type="way" ref="646311450" role="outer"/>
  <tag k="admin_level" v="11"/>
  <tag k="boundary" v="administrative"/>
  <tag k="name" v="خواجه عطا"/>
  <tag k="name:en" v="khaje atta"/>
  <tag k="place" v="neighbourhood"/>
  <tag k="type" v="boundary"/>
 </relation>
 <relation id="8672299" visible="true" version="7" changeset="178316042" timestamp="2026-02-09T14:53:56Z" user="Nastaran_Sabouri" uid="10924444">
  <member type="node" ref="5895591718" role="admin_centre"/>
  <member type="way" ref="1475608670" role="outer"/>
  <member type="way" ref="646311333" role="outer"/>
  <member type="way" ref="646311435" role="outer"/>
  <member type="way" ref="646311323" role="outer"/>
  <member type="way" ref="646311322" role="outer"/>
  <member type="way" ref="646311451" role="outer"/>
  <member type="way" ref="646311330" role="outer"/>
  <tag k="admin_level" v="11"/>
  <tag k="boundary" v="administrative"/>
  <tag k="name" v="نایبند جنوبی"/>
  <tag k="name:en" v="nayband jonoobi"/>
  <tag k="place" v="neighbourhood"/>
  <tag k="type" v="boundary"/>
 </relation>
 <relation id="8672333" visible="true" version="7" changeset="134839169" timestamp="2023-04-12T22:56:32Z" user="F777" uid="13691644">
  <member type="node" ref="5895619352" role="admin_centre"/>
  <member type="way" ref="646311336" role="outer"/>
  <member type="way" ref="646311335" role="outer"/>
  <member type="way" ref="646311334" role="outer"/>
  <member type="way" ref="646311435" role="outer"/>
  <member type="way" ref="646311434" role="outer"/>
  <tag k="admin_level" v="11"/>
  <tag k="boundary" v="administrative"/>
  <tag k="name" v="صدا و سیمای مرکز خلیج فارس"/>
  <tag k="name:en" v="seda va simaye markaz khalij fars"/>
  <tag k="name:fa" v="صدا و سیمای مرکز خلیج فارس"/>
  <tag k="place" v="neighbourhood"/>
  <tag k="type" v="boundary"/>
 </relation>
 <relation id="8672510" visible="true" version="20" changeset="129991351" timestamp="2022-12-12T09:26:48Z" user="f_kia" uid="15483956">
  <member type="way" ref="1121173879" role="outer"/>
  <member type="way" ref="646311397" role="outer"/>
  <member type="way" ref="646311230" role="outer"/>
  <member type="way" ref="646311436" role="outer"/>
  <member type="way" ref="646311399" role="outer"/>
  <member type="way" ref="646311322" role="outer"/>
  <member type="way" ref="646311487" role="outer"/>
  <member type="way" ref="646311231" role="outer"/>
  <member type="way" ref="646311227" role="outer"/>
  <member type="way" ref="646311398" role="outer"/>
  <member type="node" ref="5205656005" role="admin_centre"/>
  <tag k="admin_level" v="11"/>
  <tag k="boundary" v="administrative"/>
  <tag k="name" v="آزادگان"/>
  <tag k="name:en" v="Azadegan"/>
  <tag k="place" v="neighbourhood"/>
  <tag k="type" v="boundary"/>
 </relation>
 <relation id="8672697" visible="true" version="12" changeset="80341653" timestamp="2020-01-31T00:51:14Z" user="OSMIran" uid="10314471">
  <member type="node" ref="5895978114" role="admin_centre"/>
  <member type="way" ref="646311323" role="outer"/>
  <member type="way" ref="646311334" role="outer"/>
  <member type="way" ref="646311400" role="outer"/>
  <member type="way" ref="646311477" role="outer"/>
  <member type="way" ref="646311245" role="outer"/>
  <member type="way" ref="697952112" role="outer"/>
  <member type="way" ref="646311243" role="outer"/>
  <member type="way" ref="646311399" role="outer"/>
  <tag k="admin_level" v="11"/>
  <tag k="boundary" v="administrative"/>
  <tag k="name" v="نایبند شمالی"/>
  <tag k="name:en" v="nayband shomali"/>
  <tag k="place" v="neighbourhood"/>
  <tag k="type" v="boundary"/>
 </relation>
 <relation id="8688483" visible="true" version="12" changeset="178316042" timestamp="2026-02-09T14:53:56Z" user="Nastaran_Sabouri" uid="10924444">
  <member type="way" ref="1475608672" role="outer"/>
  <member type="way" ref="646311368" role="outer"/>
  <member type="way" ref="646311367" role="outer"/>
  <member type="way" ref="646311474" role="outer"/>
  <member type="way" ref="646311419" role="outer"/>
  <member type="way" ref="646311348" role="outer"/>
  <member type="way" ref="646311346" role="outer"/>
  <member type="way" ref="646311353" role="outer"/>
  <member type="way" ref="646311338" role="outer"/>
  <member type="way" ref="646311344" role="outer"/>
  <member type="way" ref="646311434" role="outer"/>
  <member type="way" ref="646311333" role="outer"/>
  <member type="way" ref="1475608670" role="outer"/>
  <member type="way" ref="646311332" role="outer"/>
  <tag k="boundary" v="administrative"/>
  <tag k="name" v="بلوار ساحلی"/>
  <tag k="name:en" v="Saheli Boulvard"/>
  <tag k="name:fa" v="بلوار ساحلی"/>
  <tag k="place" v="neighbourhood"/>
  <tag k="type" v="boundary"/>
 </relation>
 <relation id="9326284" visible="true" version="79" changeset="182087484" timestamp="2026-05-01T18:09:36Z" user="Bojan📷" uid="792910">
  <member type="way" ref="1163641748" role="outer"/>
  <member type="way" ref="1163641747" role="outer"/>
  <member type="way" ref="1163641751" role="outer"/>
  <member type="way" ref="1163641750" role="outer"/>
  <member type="way" ref="1163641753" role="outer"/>
  <member type="way" ref="1039093792" role="outer"/>
  <member type="way" ref="1039096377" role="outer"/>
  <member type="way" ref="1039096378" role="outer"/>
  <member type="way" ref="1039096373" role="outer"/>
  <member type="way" ref="1039096374" role="outer"/>
  <member type="way" ref="465276744" role="outer"/>
  <member type="way" ref="1039096379" role="outer"/>
  <member type="way" ref="157394001" role="outer"/>
  <member type="way" ref="157396056" role="outer"/>
  <member type="way" ref="932831480" role="outer"/>
  <member type="way" ref="1298085733" role="outer"/>
  <member type="way" ref="1298089293" role="outer"/>
  <member type="way" ref="1298089294" role="outer"/>
  <member type="way" ref="1298085734" role="outer"/>
  <member type="way" ref="932831481" role="outer"/>
  <member type="way" ref="157433605" role="outer"/>
  <member type="way" ref="642146676" role="outer"/>
  <member type="way" ref="642146668" role="outer"/>
  <member type="way" ref="642146667" role="outer"/>
  <member type="way" ref="642146670" role="outer"/>
  <member type="way" ref="642146671" role="outer"/>
  <member type="way" ref="642146666" role="outer"/>
  <member type="way" ref="642146678" role="outer"/>
  <member type="way" ref="642146679" role="outer"/>
  <member type="way" ref="797997436" role="outer"/>
  <member type="way" ref="797997415" role="outer"/>
  <member type="way" ref="797997414" role="outer"/>
  <member type="way" ref="440574431" role="outer"/>
  <member type="way" ref="157428308" role="outer"/>
  <member type="way" ref="670533308" role="outer"/>
  <member type="way" ref="157681919" role="outer"/>
  <member type="way" ref="798277293" role="outer"/>
  <member type="way" ref="798277292" role="outer"/>
  <member type="way" ref="798277290" role="outer"/>
  <member type="way" ref="798277285" role="outer"/>
  <member type="way" ref="798277286" role="outer"/>
  <member type="way" ref="798277282" role="outer"/>
  <member type="way" ref="798277283" role="outer"/>
  <member type="way" ref="798277289" role="outer"/>
  <member type="way" ref="1050842615" role="outer"/>
  <member type="way" ref="1050842616" role="outer"/>
  <member type="way" ref="1050841869" role="outer"/>
  <member type="way" ref="1050841870" role="outer"/>
  <member type="way" ref="798277270" role="outer"/>
  <member type="way" ref="798277271" role="outer"/>
  <member type="way" ref="798277287" role="outer"/>
  <member type="way" ref="157682136" role="outer"/>
  <member type="way" ref="1235194286" role="outer"/>
  <member type="way" ref="1235194284" role="outer"/>
  <member type="way" ref="157681952" role="outer"/>
  <member type="way" ref="896808535" role="outer"/>
  <member type="way" ref="896808989" role="outer"/>
  <member type="way" ref="896808990" role="outer"/>
  <member type="way" ref="896809823" role="outer"/>
  <member type="way" ref="896809824" role="outer"/>
  <member type="way" ref="896808536" role="outer"/>
  <member type="way" ref="642159177" role="outer"/>
  <member type="way" ref="642159178" role="outer"/>
  <member type="way" ref="157681934" role="outer"/>
  <member type="way" ref="469118151" role="outer"/>
  <member type="way" ref="656362520" role="outer"/>
  <member type="way" ref="469118150" role="outer"/>
  <member type="way" ref="656362522" role="outer"/>
  <member type="way" ref="157681989" role="outer"/>
  <member type="way" ref="157681918" role="outer"/>
  <member type="way" ref="670533313" role="outer"/>
  <member type="way" ref="670533312" role="outer"/>
  <member type="way" ref="415406189" role="outer"/>
  <member type="way" ref="235987109" role="outer"/>
  <member type="way" ref="964901377" role="outer"/>
  <member type="way" ref="200423283" role="outer"/>
  <member type="way" ref="298767900" role="outer"/>
  <member type="way" ref="298786716" role="outer"/>
  <member type="way" ref="323025739" role="outer"/>
  <member type="way" ref="298750359" role="outer"/>
  <member type="way" ref="298774394" role="outer"/>
  <member type="way" ref="298773145" role="outer"/>
  <member type="way" ref="298773143" role="outer"/>
  <member type="way" ref="298767895" role="outer"/>
  <member type="way" ref="298767902" role="outer"/>
  <member type="way" ref="298767898" role="outer"/>
  <member type="way" ref="13860203" role="outer"/>
  <member type="way" ref="13860087" role="outer"/>
  <member type="way" ref="13860085" role="outer"/>
  <member type="way" ref="230117213" role="outer"/>
  <member type="way" ref="13860169" role="outer"/>
  <member type="way" ref="298493966" role="outer"/>
  <member type="way" ref="1325470975" role="outer"/>
  <member type="way" ref="230016637" role="outer"/>
  <member type="way" ref="211251481" role="outer"/>
  <member type="way" ref="211254242" role="outer"/>
  <member type="way" ref="1431437215" role="outer"/>
  <member type="way" ref="1431437216" role="outer"/>
  <member type="way" ref="211254241" role="outer"/>
  <member type="way" ref="13860081" role="outer"/>
  <member type="way" ref="1426586304" role="outer"/>
  <member type="way" ref="202667817" role="outer"/>
  <member type="way" ref="96927485" role="outer"/>
  <member type="way" ref="96927488" role="outer"/>
  <member type="way" ref="46881025" role="outer"/>
  <member type="way" ref="46881029" role="outer"/>
  <member type="way" ref="13860155" role="outer"/>
  <member type="way" ref="144903577" role="outer"/>
  <member type="way" ref="144903591" role="outer"/>
  <member type="way" ref="13860119" role="outer"/>
  <member type="way" ref="144903580" role="outer"/>
  <member type="way" ref="144903586" role="outer"/>
  <member type="way" ref="13860185" role="outer"/>
  <member type="way" ref="144892882" role="outer"/>
  <member type="way" ref="144892878" role="outer"/>
  <member type="way" ref="13860159" role="outer"/>
  <member type="way" ref="144847009" role="outer"/>
  <member type="way" ref="144847018" role="outer"/>
  <member type="way" ref="13860152" role="outer"/>
  <member type="way" ref="144787333" role="outer"/>
  <member type="way" ref="144787327" role="outer"/>
  <member type="way" ref="13860114" role="outer"/>
  <member type="way" ref="144665349" role="outer"/>
  <member type="way" ref="144665385" role="outer"/>
  <member type="way" ref="13860112" role="outer"/>
  <member type="way" ref="144659098" role="outer"/>
  <member type="way" ref="144659095" role="outer"/>
  <member type="way" ref="13860076" role="outer"/>
  <member type="way" ref="144654927" role="outer"/>
  <member type="way" ref="13860198" role="outer"/>
  <member type="way" ref="144648983" role="outer"/>
  <member type="way" ref="13860077" role="outer"/>
  <member type="way" ref="144489537" role="outer"/>
  <member type="way" ref="144489540" role="outer"/>
  <member type="way" ref="13860103" role="outer"/>
  <member type="way" ref="144500702" role="outer"/>
  <member type="way" ref="144500698" role="outer"/>
  <member type="way" ref="144500695" role="outer"/>
  <member type="way" ref="13860071" role="outer"/>
  <member type="way" ref="144559932" role="outer"/>
  <member type="way" ref="13860075" role="outer"/>
  <member type="way" ref="144559916" role="outer"/>
  <member type="way" ref="144559906" role="outer"/>
  <member type="way" ref="13860072" role="outer"/>
  <member type="way" ref="144566090" role="outer"/>
  <member type="way" ref="144566039" role="outer"/>
  <member type="way" ref="13860098" role="outer"/>
  <member type="way" ref="144583687" role="outer"/>
  <member type="way" ref="144583646" role="outer"/>
  <member type="way" ref="13860180" role="outer"/>
  <member type="way" ref="144627663" role="outer"/>
  <member type="way" ref="13860066" role="outer"/>
  <member type="way" ref="144635513" role="outer"/>
  <member type="way" ref="13860206" role="outer"/>
  <member type="way" ref="13860189" role="outer"/>
  <member type="way" ref="144928544" role="outer"/>
  <member type="way" ref="144928550" role="outer"/>
  <member type="way" ref="13860082" role="outer"/>
  <member type="way" ref="144928552" role="outer"/>
  <member type="way" ref="13860160" role="outer"/>
  <member type="way" ref="144928549" role="outer"/>
  <member type="way" ref="144928553" role="outer"/>
  <member type="way" ref="13860188" role="outer"/>
  <member type="way" ref="144947249" role="outer"/>
  <member type="way" ref="144947250" role="outer"/>
  <member type="way" ref="13860195" role="outer"/>
  <member type="way" ref="144954832" role="outer"/>
  <member type="way" ref="144954834" role="outer"/>
  <member type="way" ref="13860156" role="outer"/>
  <member type="way" ref="145015861" role="outer"/>
  <member type="way" ref="145015885" role="outer"/>
  <member type="way" ref="13860101" role="outer"/>
  <member type="way" ref="145045651" role="outer"/>
  <member type="way" ref="13860172" role="outer"/>
  <member type="way" ref="145045639" role="outer"/>
  <member type="way" ref="13860199" role="outer"/>
  <member type="way" ref="145288387" role="outer"/>
  <member type="way" ref="13860179" role="outer"/>
  <member type="way" ref="145288395" role="outer"/>
  <member type="way" ref="13860090" role="outer"/>
  <member type="way" ref="145290411" role="outer"/>
  <member type="way" ref="13860201" role="outer"/>
  <member type="way" ref="145297186" role="outer"/>
  <member type="way" ref="145297196" role="outer"/>
  <member type="way" ref="13860093" role="outer"/>
  <member type="way" ref="145431082" role="outer"/>
  <member type="way" ref="145431072" role="outer"/>
  <member type="way" ref="145431090" role="outer"/>
  <member type="way" ref="13860133" role="outer"/>
  <member type="way" ref="145436965" role="outer"/>
  <member type="way" ref="13860149" role="outer"/>
  <member type="way" ref="145436968" role="outer"/>
  <member type="way" ref="13860073" role="outer"/>
  <member type="way" ref="145442297" role="outer"/>
  <member type="way" ref="145442278" role="outer"/>
  <member type="way" ref="13860126" role="outer"/>
  <member type="way" ref="932340403" role="outer"/>
  <member type="way" ref="13860176" role="outer"/>
  <member type="way" ref="670533310" role="outer"/>
  <member type="way" ref="670533311" role="outer"/>
  <member type="way" ref="441360915" role="outer"/>
  <member type="way" ref="441360889" role="outer"/>
  <member type="way" ref="19130574" role="outer"/>
  <member type="way" ref="19130677" role="outer"/>
  <member type="way" ref="441360898" role="outer"/>
  <member type="way" ref="441360908" role="outer"/>
  <member type="way" ref="441360894" role="outer"/>
  <member type="way" ref="441360899" role="outer"/>
  <member type="way" ref="441360891" role="outer"/>
  <member type="way" ref="441360907" role="outer"/>
  <member type="way" ref="441360893" role="outer"/>
  <member type="way" ref="441360886" role="outer"/>
  <member type="way" ref="541008283" role="outer"/>
  <member type="way" ref="157371207" role="outer"/>
  <member type="way" ref="157371208" role="outer"/>
  <member type="way" ref="541008291" role="outer"/>
  <member type="way" ref="157366647" role="outer"/>
  <member type="way" ref="157366688" role="outer"/>
  <member type="way" ref="157377372" role="outer"/>
  <member type="way" ref="157377342" role="outer"/>
  <member type="way" ref="541008306" role="outer"/>
  <member type="way" ref="541008308" role="outer"/>
  <member type="way" ref="541008301" role="outer"/>
  <member type="way" ref="157394002" role="outer"/>
  <member type="way" ref="465267067" role="outer"/>
  <member type="way" ref="656644730" role="outer"/>
  <member type="way" ref="1077019096" role="outer"/>
  <member type="way" ref="656644840" role="outer"/>
  <member type="way" ref="1077019097" role="outer"/>
  <member type="way" ref="656646552" role="outer"/>
  <member type="way" ref="656646554" role="outer"/>
  <member type="way" ref="1160573604" role="outer"/>
  <member type="way" ref="1160573601" role="outer"/>
  <member type="way" ref="1160573602" role="outer"/>
  <member type="way" ref="1160573594" role="outer"/>
  <member type="way" ref="1160573600" role="outer"/>
  <member type="way" ref="1160573605" role="outer"/>
  <member type="way" ref="660196198" role="outer"/>
  <member type="way" ref="656644841" role="outer"/>
  <member type="way" ref="656644842" role="outer"/>
  <member type="way" ref="656644843" role="outer"/>
  <member type="way" ref="1102608527" role="outer"/>
  <member type="way" ref="1160594469" role="outer"/>
  <member type="way" ref="656645364" role="outer"/>
  <member type="way" ref="1169549006" role="outer"/>
  <member type="way" ref="541008302" role="outer"/>
  <member type="way" ref="1050628716" role="outer"/>
  <member type="way" ref="660196474" role="outer"/>
  <member type="way" ref="1050627500" role="outer"/>
  <member type="way" ref="1050627501" role="outer"/>
  <member type="way" ref="465274504" role="outer"/>
  <member type="way" ref="1050627502" role="outer"/>
  <member type="way" ref="1039093791" role="outer"/>
  <member type="way" ref="160052043" role="inner"/>
  <member type="way" ref="160052044" role="inner"/>
  <member type="way" ref="412997708" role="inner"/>
  <member type="way" ref="412997706" role="inner"/>
  <member type="way" ref="412618936" role="inner"/>
  <member type="way" ref="412618937" role="inner"/>
  <member type="way" ref="412618938" role="inner"/>
  <member type="way" ref="412618931" role="inner"/>
  <member type="way" ref="412618932" role="inner"/>
  <member type="way" ref="412618933" role="inner"/>
  <member type="way" ref="412618934" role="inner"/>
  <member type="way" ref="412618935" role="inner"/>
  <member type="way" ref="412996303" role="inner"/>
  <member type="way" ref="412702233" role="inner"/>
  <member type="way" ref="412702232" role="inner"/>
  <member type="way" ref="412702235" role="inner"/>
  <member type="way" ref="412702234" role="inner"/>
  <member type="way" ref="412702237" role="inner"/>
  <member type="way" ref="412702236" role="inner"/>
  <member type="way" ref="412699056" role="inner"/>
  <member type="way" ref="412699055" role="inner"/>
  <member type="way" ref="412695065" role="inner"/>
  <member type="way" ref="412695064" role="inner"/>
  <member type="way" ref="412695066" role="inner"/>
  <member type="way" ref="412695063" role="inner"/>
  <member type="way" ref="412628136" role="inner"/>
  <member type="way" ref="412628137" role="inner"/>
  <member type="way" ref="412628138" role="inner"/>
  <member type="way" ref="412628139" role="inner"/>
  <member type="way" ref="412628135" role="inner"/>
  <member type="way" ref="413002368" role="inner"/>
  <member type="way" ref="413002371" role="inner"/>
  <member type="way" ref="413002365" role="inner"/>
  <member type="way" ref="413002366" role="inner"/>
  <member type="way" ref="413002361" role="inner"/>
  <member type="way" ref="413002363" role="inner"/>
  <member type="way" ref="413002356" role="inner"/>
  <member type="way" ref="413002358" role="inner"/>
  <member type="way" ref="413002353" role="inner"/>
  <member type="way" ref="413002347" role="inner"/>
  <member type="way" ref="160052047" role="inner"/>
  <member type="way" ref="160052055" role="inner"/>
  <member type="way" ref="412624721" role="inner"/>
  <member type="way" ref="412624722" role="inner"/>
  <member type="way" ref="656361290" role="inner"/>
  <member type="way" ref="160052046" role="inner"/>
  <member type="way" ref="160052056" role="inner"/>
  <member type="way" ref="160052050" role="inner"/>
  <member type="way" ref="160052051" role="inner"/>
  <member type="way" ref="160052053" role="inner"/>
  <member type="way" ref="160052075" role="inner"/>
  <member type="way" ref="160052068" role="inner"/>
  <member type="way" ref="4524442" role="inner"/>
  <member type="way" ref="642160454" role="inner"/>
  <member type="way" ref="1037479869" role="inner"/>
  <member type="way" ref="1037479868" role="inner"/>
  <member type="way" ref="642162612" role="inner"/>
  <member type="way" ref="642162611" role="inner"/>
  <member type="way" ref="1037485349" role="inner"/>
  <member type="way" ref="1037485348" role="inner"/>
  <member type="way" ref="1037485347" role="inner"/>
  <member type="way" ref="1037480375" role="inner"/>
  <member type="way" ref="1037480374" role="inner"/>
  <member type="way" ref="642163939" role="inner"/>
  <member type="way" ref="642163951" role="inner"/>
  <member type="way" ref="642146684" role="inner"/>
  <member type="way" ref="642150107" role="inner"/>
  <member type="way" ref="642150106" role="inner"/>
  <member type="way" ref="642146681" role="inner"/>
  <member type="way" ref="642221528" role="inner"/>
  <member type="way" ref="642221525" role="inner"/>
  <member type="way" ref="642221529" role="inner"/>
  <member type="way" ref="642221524" role="inner"/>
  <member type="way" ref="642221944" role="inner"/>
  <member type="way" ref="642222371" role="inner"/>
  <member type="way" ref="642222369" role="inner"/>
  <member type="way" ref="642221945" role="inner"/>
  <member type="way" ref="160052070" role="inner"/>
  <member type="way" ref="19130623" role="inner"/>
  <member type="way" ref="144447967" role="inner"/>
  <member type="way" ref="144447968" role="inner"/>
  <member type="way" ref="144447969" role="inner"/>
  <member type="way" ref="144583607" role="inner"/>
  <member type="way" ref="144583762" role="inner"/>
  <member type="way" ref="144583756" role="inner"/>
  <member type="way" ref="144583748" role="inner"/>
  <member type="way" ref="144583745" role="inner"/>
  <member type="way" ref="160047541" role="inner"/>
  <member type="way" ref="144847008" role="inner"/>
  <member type="way" ref="144847039" role="inner"/>
  <member type="way" ref="144847040" role="inner"/>
  <member type="way" ref="160052052" role="inner"/>
  <member type="way" ref="160056057" role="inner"/>
  <member type="way" ref="203445975" role="inner"/>
  <member type="way" ref="11952747" role="inner"/>
  <member type="way" ref="144489534" role="inner"/>
  <member type="way" ref="145015856" role="inner"/>
  <member type="way" ref="145015914" role="inner"/>
  <member type="way" ref="145288382" role="inner"/>
  <member type="way" ref="145288396" role="inner"/>
  <member type="way" ref="145288397" role="inner"/>
  <member type="way" ref="145288386" role="inner"/>
  <member type="way" ref="144892884" role="inner"/>
  <member type="way" ref="144500703" role="inner"/>
  <member type="way" ref="144500690" role="inner"/>
  <member type="way" ref="144500687" role="inner"/>
  <member type="way" ref="145290408" role="inner"/>
  <member type="way" ref="144635514" role="inner"/>
  <member type="way" ref="144635515" role="inner"/>
  <member type="way" ref="144640219" role="inner"/>
  <member type="way" ref="144640218" role="inner"/>
  <member type="way" ref="144640217" role="inner"/>
  <member type="way" ref="144640216" role="inner"/>
  <member type="way" ref="541008282" role="inner"/>
  <member type="way" ref="144903587" role="inner"/>
  <member type="way" ref="144903585" role="inner"/>
  <member type="way" ref="144903584" role="inner"/>
  <member type="way" ref="144903590" role="inner"/>
  <member type="way" ref="144903589" role="inner"/>
  <member type="way" ref="144903588" role="inner"/>
  <member type="way" ref="144903595" role="inner"/>
  <member type="way" ref="144903594" role="inner"/>
  <member type="way" ref="144903599" role="inner"/>
  <member type="way" ref="144903598" role="inner"/>
  <member type="way" ref="144903597" role="inner"/>
  <member type="way" ref="144903596" role="inner"/>
  <member type="way" ref="144903600" role="inner"/>
  <member type="way" ref="144903574" role="inner"/>
  <member type="way" ref="144903576" role="inner"/>
  <member type="way" ref="144903583" role="inner"/>
  <member type="way" ref="144903582" role="inner"/>
  <member type="way" ref="145297185" role="inner"/>
  <member type="way" ref="145297227" role="inner"/>
  <member type="way" ref="145430890" role="inner"/>
  <member type="way" ref="145430889" role="inner"/>
  <member type="way" ref="145430885" role="inner"/>
  <member type="way" ref="144907207" role="inner"/>
  <member type="way" ref="144907206" role="inner"/>
  <member type="way" ref="144907210" role="inner"/>
  <member type="way" ref="144907209" role="inner"/>
  <member type="way" ref="144907208" role="inner"/>
  <member type="way" ref="144648991" role="inner"/>
  <member type="way" ref="144648982" role="inner"/>
  <member type="way" ref="144648981" role="inner"/>
  <member type="way" ref="144648992" role="inner"/>
  <member type="way" ref="145045671" role="inner"/>
  <member type="way" ref="145045667" role="inner"/>
  <member type="way" ref="145045673" role="inner"/>
  <member type="way" ref="145436972" role="inner"/>
  <member type="way" ref="145436967" role="inner"/>
  <member type="way" ref="145436966" role="inner"/>
  <member type="way" ref="145436964" role="inner"/>
  <member type="way" ref="144654930" role="inner"/>
  <member type="way" ref="144654929" role="inner"/>
  <member type="way" ref="144654928" role="inner"/>
  <member type="way" ref="144654926" role="inner"/>
  <member type="way" ref="144654925" role="inner"/>
  <member type="way" ref="144654924" role="inner"/>
  <member type="way" ref="144787335" role="inner"/>
  <member type="way" ref="144787334" role="inner"/>
  <member type="way" ref="144787325" role="inner"/>
  <member type="way" ref="144787326" role="inner"/>
  <member type="way" ref="144659103" role="inner"/>
  <member type="way" ref="144659102" role="inner"/>
  <member type="way" ref="144659101" role="inner"/>
  <member type="way" ref="144659100" role="inner"/>
  <member type="way" ref="144659094" role="inner"/>
  <member type="way" ref="144659104" role="inner"/>
  <member type="way" ref="144665405" role="inner"/>
  <member type="way" ref="144665404" role="inner"/>
  <member type="way" ref="144665403" role="inner"/>
  <member type="way" ref="144665381" role="inner"/>
  <member type="way" ref="144665409" role="inner"/>
  <member type="way" ref="144665408" role="inner"/>
  <member type="way" ref="144928551" role="inner"/>
  <member type="way" ref="144928559" role="inner"/>
  <member type="way" ref="144928558" role="inner"/>
  <member type="way" ref="144928557" role="inner"/>
  <member type="way" ref="144928543" role="inner"/>
  <member type="way" ref="13860070" role="inner"/>
  <member type="way" ref="13860069" role="inner"/>
  <member type="way" ref="13860183" role="inner"/>
  <member type="way" ref="13860190" role="inner"/>
  <member type="way" ref="13860163" role="inner"/>
  <member type="way" ref="13860161" role="inner"/>
  <member type="way" ref="13860168" role="inner"/>
  <member type="way" ref="13860205" role="inner"/>
  <member type="way" ref="13860121" role="inner"/>
  <member type="way" ref="13860099" role="inner"/>
  <member type="way" ref="13860105" role="inner"/>
  <member type="way" ref="13860111" role="inner"/>
  <member type="way" ref="13860128" role="inner"/>
  <member type="way" ref="13860132" role="inner"/>
  <member type="way" ref="13860136" role="inner"/>
  <member type="way" ref="13860142" role="inner"/>
  <member type="way" ref="13860141" role="inner"/>
  <member type="way" ref="157649272" role="inner"/>
  <member type="way" ref="144947251" role="inner"/>
  <member type="way" ref="144947248" role="inner"/>
  <member type="way" ref="144559896" role="inner"/>
  <member type="way" ref="144559944" role="inner"/>
  <member type="way" ref="144954835" role="inner"/>
  <member type="way" ref="144954833" role="inner"/>
  <member type="way" ref="144435675" role="inner"/>
  <member type="way" ref="19130676" role="inner"/>
  <member type="way" ref="415406190" role="inner"/>
  <member type="way" ref="136710399" role="inner"/>
  <member type="way" ref="136710533" role="inner"/>
  <member type="way" ref="298775517" role="inner"/>
  <member type="way" ref="298779601" role="inner"/>
  <member type="way" ref="298779959" role="inner"/>
  <member type="way" ref="298779958" role="inner"/>
  <member type="way" ref="144971477" role="inner"/>
  <member type="way" ref="144971479" role="inner"/>
  <member type="way" ref="343127660" role="inner"/>
  <member type="way" ref="136653428" role="inner"/>
  <member type="way" ref="964474359" role="inner"/>
  <member type="way" ref="235987116" role="inner"/>
  <member type="way" ref="211255126" role="inner"/>
  <member type="way" ref="211255130" role="inner"/>
  <member type="way" ref="211255129" role="inner"/>
  <member type="way" ref="145442307" role="inner"/>
  <member type="way" ref="145442308" role="inner"/>
  <member type="way" ref="13860124" role="inner"/>
  <member type="way" ref="13860109" role="inner"/>
  <member type="way" ref="964478021" role="inner"/>
  <member type="way" ref="964478754" role="inner"/>
  <tag k="gns:dsg" v="STRT"/>
  <tag k="gns:uni" v="-4307103"/>
  <tag k="maxwidth" v="52 nautical miles"/>
  <tag k="name" v="تنگه هرمز - مضیق هرمز"/>
  <tag k="name:ar" v="مضیق هرمز"/>
  <tag k="name:az" v="Hörmüz boğazı"/>
  <tag k="name:bg" v="Ормузки проток"/>
  <tag k="name:ca" v="Estret d'Ormuz"/>
  <tag k="name:cs" v="Hormuzský průliv"/>
  <tag k="name:de" v="Straße von Hormus"/>
  <tag k="name:en" v="Strait of Hormuz"/>
  <tag k="name:eo" v="Hormuza Markolo"/>
  <tag k="name:es" v="Estrecho de Ormuz"/>
  <tag k="name:fa" v="تنگه هرمز"/>
  <tag k="name:fi" v="Hormuzinsalmi"/>
  <tag k="name:fr" v="Détroit d'Ormuz"/>
  <tag k="name:hi" v="होर्मुज की जलडमरूमध्य"/>
  <tag k="name:hr" v="Hormuški tjesnac"/>
  <tag k="name:hu" v="Hormuzi-szoros"/>
  <tag k="name:it" v="Stretto di Hormuz"/>
  <tag k="name:ja" v="ホルムズ海峡"/>
  <tag k="name:ko" v="호르무즈 해협"/>
  <tag k="name:ml" v="ഹൊർമുസ് കടലിടുക്ക്"/>
  <tag k="name:nl" v="Straat van Hormuz"/>
  <tag k="name:pnb" v="پانی گلی ہرمز"/>
  <tag k="name:pt" v="Estreito de Ormuz"/>
  <tag k="name:ru" v="Ормузский пролив"/>
  <tag k="name:sk" v="Hormuzský prieliv"/>
  <tag k="name:sl" v="Hormuška ožina"/>
  <tag k="name:sr" v="Ормуски мореуз"/>
  <tag k="name:sr-Latn" v="Ormuski moreuz"/>
  <tag k="name:sv" v="Hormuzsundet"/>
  <tag k="name:tr" v="Hürmüz Boğazı"/>
  <tag k="name:uk" v="Ормузька протока"/>
  <tag k="name:ur" v="آبنائے ہرمز"/>
  <tag k="name:vi" v="Eo biển Hormuz"/>
  <tag k="name:zh" v="霍尔木兹海峡"/>
  <tag k="name:zh-Hans" v="霍尔木兹海峡"/>
  <tag k="name:zh-Hant" v="霍爾木茲海峽"/>
  <tag k="natural" v="strait"/>
  <tag k="short_name" v="Hormuz"/>
  <tag k="short_name:cs" v="Hormuz"/>
  <tag k="source" v="https://ar.wikipedia.org/wiki/مضيق_هرمز"/>
  <tag k="type" v="multipolygon"/>
  <tag k="width" v="21 nautical miles"/>
  <tag k="wikidata" v="Q79883"/>
  <tag k="wikimedia_commons" v="Category:Strait of Hormuz"/>
  <tag k="wikipedia" v="ar:مضيق هرمز"/>
 </relation>
 <relation id="9668940" visible="true" version="3" changeset="109398361" timestamp="2021-08-09T10:40:50Z" user="CalleNorzaragay" uid="10888855">
  <member type="way" ref="971609070" role="from"/>
  <member type="node" ref="4939720100" role="via"/>
  <member type="way" ref="31727497" role="to"/>
  <tag k="restriction" v="no_left_turn"/>
  <tag k="type" v="restriction"/>
 </relation>
 <relation id="12234356" visible="true" version="4" changeset="181828250" timestamp="2026-04-26T02:06:37Z" user="fact_machine" uid="22696384">
  <member type="way" ref="646311269" role="outer"/>
  <member type="way" ref="646311268" role="outer"/>
  <member type="way" ref="646311238" role="outer"/>
  <member type="way" ref="646311237" role="outer"/>
  <member type="way" ref="646311480" role="outer"/>
  <member type="way" ref="646311482" role="outer"/>
  <member type="way" ref="1117530346" role="outer"/>
  <member type="way" ref="1117530347" role="outer"/>
  <member type="way" ref="440581585" role="outer"/>
  <member type="way" ref="440582601" role="outer"/>
  <member type="way" ref="440579806" role="outer"/>
  <member type="way" ref="440581022" role="outer"/>
  <member type="way" ref="440574782" role="outer"/>
  <member type="way" ref="440579242" role="outer"/>
  <member type="way" ref="440576348" role="outer"/>
  <member type="way" ref="440575898" role="outer"/>
  <member type="way" ref="440578966" role="outer"/>
  <member type="way" ref="440577425" role="outer"/>
  <member type="way" ref="480408654" role="outer"/>
  <member type="way" ref="652414037" role="outer"/>
  <member type="way" ref="1117530349" role="outer"/>
  <member type="way" ref="1117530350" role="outer"/>
  <member type="way" ref="1117530348" role="outer"/>
  <member type="way" ref="653460937" role="outer"/>
  <member type="way" ref="646311117" role="outer"/>
  <member type="way" ref="485866618" role="outer"/>
  <member type="way" ref="646311153" role="outer"/>
  <member type="way" ref="646311154" role="outer"/>
  <member type="way" ref="646311155" role="outer"/>
  <member type="way" ref="646311324" role="outer"/>
  <member type="way" ref="646311325" role="outer"/>
  <member type="way" ref="646311326" role="outer"/>
  <member type="way" ref="646311327" role="outer"/>
  <member type="way" ref="646311328" role="outer"/>
  <member type="way" ref="646311329" role="outer"/>
  <member type="way" ref="646311330" role="outer"/>
  <member type="way" ref="646311332" role="outer"/>
  <member type="way" ref="1475608672" role="outer"/>
  <member type="way" ref="646311368" role="outer"/>
  <member type="way" ref="646311102" role="outer"/>
  <member type="way" ref="646311096" role="outer"/>
  <member type="way" ref="646311410" role="outer"/>
  <member type="way" ref="646311304" role="outer"/>
  <member type="way" ref="646311297" role="outer"/>
  <member type="way" ref="646311411" role="outer"/>
  <member type="way" ref="646311295" role="outer"/>
  <member type="way" ref="646311271" role="outer"/>
  <member type="way" ref="646311270" role="outer"/>
  <tag k="admin_level" v="7"/>
  <tag k="boundary" v="administrative"/>
  <tag k="name" v="دهستان ایسین"/>
  <tag k="type" v="boundary"/>
  <tag k="wikidata" v="Q5681519"/>
  <tag k="wikipedia" v="fa:دهستان ایسین"/>
 </relation>
 <relation id="15695137" visible="true" version="1" changeset="134633758" timestamp="2023-04-07T21:51:16Z" user="kiaraSh-Q" uid="2693232">
  <member type="way" ref="1160573600" role="outer"/>
  <member type="way" ref="1160573595" role="outer"/>
  <member type="way" ref="656646555" role="outer"/>
  <tag k="natural" v="beach"/>
  <tag k="type" v="multipolygon"/>
 </relation>
 <relation id="15695138" visible="true" version="1" changeset="134633758" timestamp="2023-04-07T21:51:16Z" user="kiaraSh-Q" uid="2693232">
  <member type="way" ref="1160573602" role="outer"/>
  <member type="way" ref="1160573603" role="outer"/>
  <tag k="natural" v="beach"/>
  <tag k="type" v="multipolygon"/>
 </relation>
 <relation id="15695139" visible="true" version="1" changeset="134633758" timestamp="2023-04-07T21:51:16Z" user="kiaraSh-Q" uid="2693232">
  <member type="way" ref="1160573596" role="outer"/>
  <member type="way" ref="1160573606" role="outer"/>
  <tag k="amenity" v="parking"/>
  <tag k="type" v="multipolygon"/>
 </relation>
 <relation id="15695140" visible="true" version="1" changeset="134633758" timestamp="2023-04-07T21:51:16Z" user="kiaraSh-Q" uid="2693232">
  <member type="way" ref="1160573607" role="outer"/>
  <member type="way" ref="1160573598" role="outer"/>
  <tag k="amenity" v="parking"/>
  <tag k="type" v="multipolygon"/>
 </relation>
 <relation id="15695141" visible="true" version="1" changeset="134633758" timestamp="2023-04-07T21:51:16Z" user="kiaraSh-Q" uid="2693232">
  <member type="way" ref="1160573608" role="outer"/>
  <member type="way" ref="1160573596" role="outer"/>
  <member type="way" ref="1160573597" role="outer"/>
  <member type="way" ref="1160573598" role="outer"/>
  <member type="way" ref="1160573599" role="outer"/>
  <member type="way" ref="1160573601" role="outer"/>
  <member type="way" ref="1160573603" role="outer"/>
  <member type="way" ref="1160573594" role="outer"/>
  <member type="way" ref="656646555" role="outer"/>
  <tag k="leisure" v="park"/>
  <tag k="name" v="ساحل خواجه عطا"/>
  <tag k="type" v="multipolygon"/>
 </relation>
 <relation id="20193753" visible="true" version="1" changeset="178316042" timestamp="2026-02-09T14:53:56Z" user="Nastaran_Sabouri" uid="10924444">
  <member type="node" ref="5903548997" role="admin_centre"/>
  <member type="way" ref="646311333" role="outer"/>
  <member type="way" ref="646311434" role="outer"/>
  <member type="way" ref="646311338" role="outer"/>
  <member type="way" ref="646311344" role="outer"/>
  <member type="way" ref="646311353" role="outer"/>
  <member type="way" ref="646311346" role="outer"/>
  <member type="way" ref="646311348" role="outer"/>
  <member type="way" ref="646311419" role="outer"/>
  <member type="way" ref="646311474" role="outer"/>
  <member type="way" ref="646311367" role="outer"/>
  <member type="way" ref="646311368" role="outer"/>
  <member type="way" ref="625245009" role="outer"/>
  <tag k="admin_level" v="11"/>
  <tag k="boundary" v="administrative"/>
  <tag k="name" v="بلوار ساحلی"/>
  <tag k="place" v="neighbourhood"/>
  <tag k="type" v="boundary"/>
 </relation>
</osm>
