<?xml version="1.0" encoding="UTF-8"?>
<osm version="0.6" generator="openstreetmap-cgimap 2.1.0 (1337 spike-08.openstreetmap.org)" copyright="OpenStreetMap and contributors" attribution="http://www.openstreetmap.org/copyright" license="http://opendatacommons.org/licenses/odbl/1-0/">
 <bounds minlat="39.1931200" minlon="-119.8206300" maxlat="39.2090000" maxlon="-119.8026300"/>
 <node id="140184894" visible="true" version="10" changeset="90810434" timestamp="2020-09-13T06:02:22Z" user="user_1282393" uid="1282393" lat="39.2090940" lon="-119.8048530">
  <tag k="highway" v="motorway_junction"/>
  <tag k="old_ref" v="42;44"/>
  <tag k="ref" v="10"/>
 </node>
 <node id="140192261" visible="true" version="4" changeset="168321493" timestamp="2025-06-30T18:06:30Z" user="btwhite92" uid="730573" lat="39.2088403" lon="-119.8022199"/>
 <node id="140192465" visible="true" version="3" changeset="168321493" timestamp="2025-06-30T18:06:30Z" user="btwhite92" uid="730573" lat="39.2092193" lon="-119.8012672"/>
 <node id="140211640" visible="true" version="3" changeset="168321493" timestamp="2025-06-30T18:06:30Z" user="btwhite92" uid="730573" lat="39.2095124" lon="-119.8007827"/>
 <node id="140274691" visible="true" version="3" changeset="26008759" timestamp="2014-10-11T17:13:21Z" user="btwhite92" uid="730573" lat="39.2113162" lon="-119.8067347"/>
 <node id="140297853" visible="true" version="2" changeset="3278264" timestamp="2009-12-03T06:32:29Z" user="woodpeck_fixbot" uid="147510" lat="39.2100370" lon="-119.8040640"/>
 <node id="140297856" visible="true" version="2" changeset="3278264" timestamp="2009-12-03T06:32:29Z" user="woodpeck_fixbot" uid="147510" lat="39.2097480" lon="-119.8040760"/>
 <node id="140297859" visible="true" version="2" changeset="2908312" timestamp="2009-10-21T02:15:24Z" user="woodpeck_fixbot" uid="147510" lat="39.2095800" lon="-119.8040730"/>
 <node id="140297864" visible="true" version="2" changeset="3278264" timestamp="2009-12-03T06:32:29Z" user="woodpeck_fixbot" uid="147510" lat="39.2094110" lon="-119.8040590"/>
 <node id="140297867" visible="true" version="2" changeset="3278264" timestamp="2009-12-03T06:32:29Z" user="woodpeck_fixbot" uid="147510" lat="39.2092690" lon="-119.8040270"/>
 <node id="140297870" visible="true" version="2" changeset="3278264" timestamp="2009-12-03T06:32:29Z" user="woodpeck_fixbot" uid="147510" lat="39.2090640" lon="-119.8039410"/>
 <node id="140297873" visible="true" version="2" changeset="2908312" timestamp="2009-10-21T02:15:24Z" user="woodpeck_fixbot" uid="147510" lat="39.2089480" lon="-119.8038870"/>
 <node id="140297876" visible="true" version="2" changeset="3278264" timestamp="2009-12-03T06:32:29Z" user="woodpeck_fixbot" uid="147510" lat="39.2088470" lon="-119.8038030"/>
 <node id="140297879" visible="true" version="2" changeset="3278264" timestamp="2009-12-03T06:32:29Z" user="woodpeck_fixbot" uid="147510" lat="39.2087730" lon="-119.8037230"/>
 <node id="140297882" visible="true" version="2" changeset="2908312" timestamp="2009-10-21T02:15:24Z" user="woodpeck_fixbot" uid="147510" lat="39.2087130" lon="-119.8036290"/>
 <node id="140297885" visible="true" version="3" changeset="83278497" timestamp="2020-04-09T03:28:18Z" user="larz86" uid="8127210" lat="39.2086957" lon="-119.8035878"/>
 <node id="140297887" visible="true" version="3" changeset="83278497" timestamp="2020-04-09T03:28:18Z" user="larz86" uid="8127210" lat="39.2086839" lon="-119.8034997"/>
 <node id="140297889" visible="true" version="3" changeset="83278497" timestamp="2020-04-09T03:28:18Z" user="larz86" uid="8127210" lat="39.2086738" lon="-119.8033897"/>
 <node id="140297891" visible="true" version="3" changeset="83278497" timestamp="2020-04-09T03:28:18Z" user="larz86" uid="8127210" lat="39.2086841" lon="-119.8030370"/>
 <node id="140297894" visible="true" version="3" changeset="83278497" timestamp="2020-04-09T03:28:18Z" user="larz86" uid="8127210" lat="39.2087076" lon="-119.8027820"/>
 <node id="140297899" visible="true" version="3" changeset="83278497" timestamp="2020-04-09T03:28:18Z" user="larz86" uid="8127210" lat="39.2087506" lon="-119.8025415"/>
 <node id="140297902" visible="true" version="3" changeset="83278497" timestamp="2020-04-09T03:28:18Z" user="larz86" uid="8127210" lat="39.2087960" lon="-119.8023338"/>
 <node id="140297904" visible="true" version="3" changeset="83278497" timestamp="2020-04-09T03:28:18Z" user="larz86" uid="8127210" lat="39.2088157" lon="-119.8022692"/>
 <node id="140297906" visible="true" version="3" changeset="168321493" timestamp="2025-06-30T18:06:30Z" user="btwhite92" uid="730573" lat="39.2089253" lon="-119.8020261"/>
 <node id="140297908" visible="true" version="3" changeset="168321493" timestamp="2025-06-30T18:06:30Z" user="btwhite92" uid="730573" lat="39.2090511" lon="-119.8016747"/>
 <node id="140297928" visible="true" version="3" changeset="168321493" timestamp="2025-06-30T18:06:30Z" user="btwhite92" uid="730573" lat="39.2091777" lon="-119.8013594"/>
 <node id="140297932" visible="true" version="3" changeset="168321493" timestamp="2025-06-30T18:06:30Z" user="btwhite92" uid="730573" lat="39.2093062" lon="-119.8010968"/>
 <node id="140297935" visible="true" version="3" changeset="168321493" timestamp="2025-06-30T18:06:30Z" user="btwhite92" uid="730573" lat="39.2093921" lon="-119.8009497"/>
 <node id="140297938" visible="true" version="3" changeset="168321493" timestamp="2025-06-30T18:06:30Z" user="btwhite92" uid="730573" lat="39.2095993" lon="-119.8006753"/>
 <node id="140297941" visible="true" version="3" changeset="168321493" timestamp="2025-06-30T18:06:30Z" user="btwhite92" uid="730573" lat="39.2096988" lon="-119.8005889"/>
 <node id="140297943" visible="true" version="3" changeset="168321493" timestamp="2025-06-30T18:06:30Z" user="btwhite92" uid="730573" lat="39.2098245" lon="-119.8005095"/>
 <node id="140297946" visible="true" version="3" changeset="168321493" timestamp="2025-06-30T18:06:30Z" user="btwhite92" uid="730573" lat="39.2099539" lon="-119.8004383"/>
 <node id="140297950" visible="true" version="3" changeset="168321493" timestamp="2025-06-30T18:06:30Z" user="btwhite92" uid="730573" lat="39.2100869" lon="-119.8003799"/>
 <node id="140297953" visible="true" version="3" changeset="168321493" timestamp="2025-06-30T18:06:30Z" user="btwhite92" uid="730573" lat="39.2106278" lon="-119.8001838"/>
 <node id="140297958" visible="true" version="3" changeset="168321493" timestamp="2025-06-30T18:06:30Z" user="btwhite92" uid="730573" lat="39.2107101" lon="-119.8001452"/>
 <node id="140297961" visible="true" version="3" changeset="168321493" timestamp="2025-06-30T18:06:30Z" user="btwhite92" uid="730573" lat="39.2108332" lon="-119.8000448"/>
 <node id="140297963" visible="true" version="3" changeset="168321493" timestamp="2025-06-30T18:06:30Z" user="btwhite92" uid="730573" lat="39.2108739" lon="-119.7999876"/>
 <node id="140297967" visible="true" version="3" changeset="168321493" timestamp="2025-06-30T18:06:30Z" user="btwhite92" uid="730573" lat="39.2109119" lon="-119.7999071"/>
 <node id="140297970" visible="true" version="3" changeset="168321493" timestamp="2025-06-30T18:06:30Z" user="btwhite92" uid="730573" lat="39.2109508" lon="-119.7998055"/>
 <node id="140297973" visible="true" version="3" changeset="168321493" timestamp="2025-06-30T18:06:30Z" user="btwhite92" uid="730573" lat="39.2111091" lon="-119.7994249"/>
 <node id="140297976" visible="true" version="3" changeset="168321493" timestamp="2025-06-30T18:06:30Z" user="btwhite92" uid="730573" lat="39.2111941" lon="-119.7992474"/>
 <node id="140297979" visible="true" version="3" changeset="168321493" timestamp="2025-06-30T18:06:30Z" user="btwhite92" uid="730573" lat="39.2113370" lon="-119.7990209"/>
 <node id="140297981" visible="true" version="3" changeset="168321493" timestamp="2025-06-30T18:06:30Z" user="btwhite92" uid="730573" lat="39.2114049" lon="-119.7989357"/>
 <node id="140297983" visible="true" version="4" changeset="168321493" timestamp="2025-06-30T18:06:30Z" user="btwhite92" uid="730573" lat="39.2115808" lon="-119.7988226">
  <tag k="highway" v="turning_circle"/>
 </node>
 <node id="140467675" visible="true" version="4" changeset="80428050" timestamp="2020-02-02T08:20:31Z" user="KindredCoda" uid="14293" lat="39.2120795" lon="-119.8064941"/>
 <node id="140467678" visible="true" version="4" changeset="80428050" timestamp="2020-02-02T08:20:31Z" user="KindredCoda" uid="14293" lat="39.2114385" lon="-119.8063579"/>
 <node id="140467680" visible="true" version="4" changeset="80428050" timestamp="2020-02-02T08:20:31Z" user="KindredCoda" uid="14293" lat="39.2108113" lon="-119.8061940"/>
 <node id="140467683" visible="true" version="4" changeset="80428050" timestamp="2020-02-02T08:20:31Z" user="KindredCoda" uid="14293" lat="39.2105928" lon="-119.8061128"/>
 <node id="140467686" visible="true" version="4" changeset="80428050" timestamp="2020-02-02T08:20:31Z" user="KindredCoda" uid="14293" lat="39.2103925" lon="-119.8060263"/>
 <node id="140467689" visible="true" version="4" changeset="80428050" timestamp="2020-02-02T08:20:31Z" user="KindredCoda" uid="14293" lat="39.2099655" lon="-119.8058092"/>
 <node id="140467692" visible="true" version="4" changeset="80428050" timestamp="2020-02-02T08:20:31Z" user="KindredCoda" uid="14293" lat="39.2097861" lon="-119.8056949"/>
 <node id="140467694" visible="true" version="4" changeset="80428050" timestamp="2020-02-02T08:20:31Z" user="KindredCoda" uid="14293" lat="39.2094117" lon="-119.8054143"/>
 <node id="140467695" visible="true" version="4" changeset="80428050" timestamp="2020-02-02T08:20:31Z" user="KindredCoda" uid="14293" lat="39.2092397" lon="-119.8052626"/>
 <node id="140467698" visible="true" version="4" changeset="80428050" timestamp="2020-02-02T08:20:31Z" user="KindredCoda" uid="14293" lat="39.2090855" lon="-119.8051093"/>
 <node id="140467701" visible="true" version="4" changeset="80428050" timestamp="2020-02-02T08:20:31Z" user="KindredCoda" uid="14293" lat="39.2089092" lon="-119.8049332"/>
 <node id="140467704" visible="true" version="5" changeset="181176002" timestamp="2026-04-11T06:23:50Z" user="Flap Slimy Outward" uid="22417964" lat="39.2087286" lon="-119.8047358"/>
 <node id="140467707" visible="true" version="4" changeset="80428050" timestamp="2020-02-02T08:20:31Z" user="KindredCoda" uid="14293" lat="39.2085846" lon="-119.8045547"/>
 <node id="140467710" visible="true" version="4" changeset="80428050" timestamp="2020-02-02T08:20:31Z" user="KindredCoda" uid="14293" lat="39.2084368" lon="-119.8043593"/>
 <node id="140470284" visible="true" version="3" changeset="3278264" timestamp="2009-12-03T07:17:41Z" user="woodpeck_fixbot" uid="147510" lat="39.2089060" lon="-119.8046590"/>
 <node id="140470287" visible="true" version="3" changeset="3278264" timestamp="2009-12-03T07:17:41Z" user="woodpeck_fixbot" uid="147510" lat="39.2087190" lon="-119.8044500"/>
 <node id="140470290" visible="true" version="3" changeset="3278264" timestamp="2009-12-03T07:17:41Z" user="woodpeck_fixbot" uid="147510" lat="39.2084590" lon="-119.8041060"/>
 <node id="140671093" visible="true" version="2" changeset="3136604" timestamp="2009-11-16T21:55:00Z" user="woodpeck_fixbot" uid="147510" lat="39.1897140" lon="-119.7975400"/>
 <node id="140679288" visible="true" version="5" changeset="7834160" timestamp="2011-04-11T15:26:12Z" user="NE2" uid="207745" lat="39.2071253" lon="-119.8008771"/>
 <node id="140679292" visible="true" version="2" changeset="3339516" timestamp="2009-12-10T07:23:18Z" user="woodpeck_fixbot" uid="147510" lat="39.2071720" lon="-119.8014530"/>
 <node id="140679295" visible="true" version="2" changeset="3339516" timestamp="2009-12-10T07:23:18Z" user="woodpeck_fixbot" uid="147510" lat="39.2072310" lon="-119.8018310"/>
 <node id="140679299" visible="true" version="3" changeset="44720012" timestamp="2016-12-28T02:12:25Z" user="btwhite92" uid="730573" lat="39.2072857" lon="-119.8020959"/>
 <node id="140679302" visible="true" version="3" changeset="44720012" timestamp="2016-12-28T02:12:25Z" user="btwhite92" uid="730573" lat="39.2073337" lon="-119.8023022"/>
 <node id="140679305" visible="true" version="3" changeset="44720012" timestamp="2016-12-28T02:12:25Z" user="btwhite92" uid="730573" lat="39.2075171" lon="-119.8030116"/>
 <node id="140679308" visible="true" version="3" changeset="44720012" timestamp="2016-12-28T02:12:25Z" user="btwhite92" uid="730573" lat="39.2075995" lon="-119.8032623"/>
 <node id="140679310" visible="true" version="3" changeset="44720012" timestamp="2016-12-28T02:12:25Z" user="btwhite92" uid="730573" lat="39.2076767" lon="-119.8034574"/>
 <node id="140679326" visible="true" version="3" changeset="26008759" timestamp="2014-10-11T17:13:21Z" user="btwhite92" uid="730573" lat="39.2077834" lon="-119.8036791"/>
 <node id="140685105" visible="true" version="2" changeset="3339516" timestamp="2009-12-10T07:24:28Z" user="woodpeck_fixbot" uid="147510" lat="39.2079560" lon="-119.8153810"/>
 <node id="140685110" visible="true" version="2" changeset="3339516" timestamp="2009-12-10T07:24:28Z" user="woodpeck_fixbot" uid="147510" lat="39.2079350" lon="-119.8154370"/>
 <node id="140685113" visible="true" version="2" changeset="3339516" timestamp="2009-12-10T07:24:28Z" user="woodpeck_fixbot" uid="147510" lat="39.2078930" lon="-119.8155140"/>
 <node id="140685116" visible="true" version="2" changeset="3339516" timestamp="2009-12-10T07:24:28Z" user="woodpeck_fixbot" uid="147510" lat="39.2077870" lon="-119.8156360"/>
 <node id="140685120" visible="true" version="2" changeset="3339516" timestamp="2009-12-10T07:24:28Z" user="woodpeck_fixbot" uid="147510" lat="39.2077030" lon="-119.8156890"/>
 <node id="140685123" visible="true" version="2" changeset="3339516" timestamp="2009-12-10T07:24:28Z" user="woodpeck_fixbot" uid="147510" lat="39.2076230" lon="-119.8156970"/>
 <node id="140685126" visible="true" version="2" changeset="3339516" timestamp="2009-12-10T07:24:28Z" user="woodpeck_fixbot" uid="147510" lat="39.2075730" lon="-119.8157120"/>
 <node id="140685130" visible="true" version="2" changeset="3339516" timestamp="2009-12-10T07:24:28Z" user="woodpeck_fixbot" uid="147510" lat="39.2074360" lon="-119.8157200"/>
 <node id="140685133" visible="true" version="2" changeset="3339516" timestamp="2009-12-10T07:24:28Z" user="woodpeck_fixbot" uid="147510" lat="39.2073780" lon="-119.8157120"/>
 <node id="140685137" visible="true" version="2" changeset="3339516" timestamp="2009-12-10T07:24:28Z" user="woodpeck_fixbot" uid="147510" lat="39.2071950" lon="-119.8157120"/>
 <node id="140685140" visible="true" version="2" changeset="3339516" timestamp="2009-12-10T07:24:28Z" user="woodpeck_fixbot" uid="147510" lat="39.2070310" lon="-119.8157420"/>
 <node id="140685143" visible="true" version="2" changeset="3339516" timestamp="2009-12-10T07:24:28Z" user="woodpeck_fixbot" uid="147510" lat="39.2067530" lon="-119.8158800"/>
 <node id="140685147" visible="true" version="2" changeset="3339516" timestamp="2009-12-10T07:24:28Z" user="woodpeck_fixbot" uid="147510" lat="39.2057610" lon="-119.8164290"/>
 <node id="140685150" visible="true" version="2" changeset="3339516" timestamp="2009-12-10T07:24:29Z" user="woodpeck_fixbot" uid="147510" lat="39.2056050" lon="-119.8164900"/>
 <node id="140685153" visible="true" version="3" changeset="95253548" timestamp="2020-12-04T00:07:57Z" user="BryanOSullivan" uid="10729167" lat="39.2052380" lon="-119.8165809"/>
 <node id="140685157" visible="true" version="3" changeset="95253548" timestamp="2020-12-04T00:07:57Z" user="BryanOSullivan" uid="10729167" lat="39.2051238" lon="-119.8165823"/>
 <node id="140685160" visible="true" version="3" changeset="95253548" timestamp="2020-12-04T00:07:57Z" user="BryanOSullivan" uid="10729167" lat="39.2049408" lon="-119.8165506"/>
 <node id="140685163" visible="true" version="2" changeset="3339516" timestamp="2009-12-10T07:24:29Z" user="woodpeck_fixbot" uid="147510" lat="39.2044010" lon="-119.8162220"/>
 <node id="140685167" visible="true" version="2" changeset="3339516" timestamp="2009-12-10T07:24:29Z" user="woodpeck_fixbot" uid="147510" lat="39.2040940" lon="-119.8162160"/>
 <node id="140685173" visible="true" version="2" changeset="3339516" timestamp="2009-12-10T07:24:29Z" user="woodpeck_fixbot" uid="147510" lat="39.2039340" lon="-119.8162080"/>
 <node id="140685177" visible="true" version="2" changeset="3339516" timestamp="2009-12-10T07:24:29Z" user="woodpeck_fixbot" uid="147510" lat="39.2037980" lon="-119.8162080"/>
 <node id="140685179" visible="true" version="2" changeset="3339516" timestamp="2009-12-10T07:24:29Z" user="woodpeck_fixbot" uid="147510" lat="39.2034780" lon="-119.8162080"/>
 <node id="140685182" visible="true" version="2" changeset="3339516" timestamp="2009-12-10T07:24:29Z" user="woodpeck_fixbot" uid="147510" lat="39.2031100" lon="-119.8162230"/>
 <node id="140685185" visible="true" version="2" changeset="3339516" timestamp="2009-12-10T07:24:30Z" user="woodpeck_fixbot" uid="147510" lat="39.2028430" lon="-119.8162230"/>
 <node id="140685188" visible="true" version="2" changeset="3339516" timestamp="2009-12-10T07:24:30Z" user="woodpeck_fixbot" uid="147510" lat="39.2024500" lon="-119.8162540"/>
 <node id="140685194" visible="true" version="2" changeset="3339516" timestamp="2009-12-10T07:24:30Z" user="woodpeck_fixbot" uid="147510" lat="39.2023240" lon="-119.8162460"/>
 <node id="140685197" visible="true" version="2" changeset="3339516" timestamp="2009-12-10T07:24:30Z" user="woodpeck_fixbot" uid="147510" lat="39.2022320" lon="-119.8162230"/>
 <node id="140685200" visible="true" version="2" changeset="3339516" timestamp="2009-12-10T07:24:30Z" user="woodpeck_fixbot" uid="147510" lat="39.2021410" lon="-119.8161700"/>
 <node id="140685204" visible="true" version="2" changeset="3339516" timestamp="2009-12-10T07:24:30Z" user="woodpeck_fixbot" uid="147510" lat="39.2020950" lon="-119.8161240"/>
 <node id="140685207" visible="true" version="2" changeset="3339516" timestamp="2009-12-10T07:24:30Z" user="woodpeck_fixbot" uid="147510" lat="39.2020190" lon="-119.8160020"/>
 <node id="140685246" visible="true" version="2" changeset="3339516" timestamp="2009-12-10T07:24:30Z" user="woodpeck_fixbot" uid="147510" lat="39.2019580" lon="-119.8158040"/>
 <node id="140685248" visible="true" version="2" changeset="3339516" timestamp="2009-12-10T07:24:30Z" user="woodpeck_fixbot" uid="147510" lat="39.2018200" lon="-119.8150410"/>
 <node id="140685251" visible="true" version="2" changeset="3339516" timestamp="2009-12-10T07:24:30Z" user="woodpeck_fixbot" uid="147510" lat="39.2018090" lon="-119.8149260"/>
 <node id="140685253" visible="true" version="2" changeset="3339516" timestamp="2009-12-10T07:24:30Z" user="woodpeck_fixbot" uid="147510" lat="39.2017440" lon="-119.8145370"/>
 <node id="140685255" visible="true" version="2" changeset="3339516" timestamp="2009-12-10T07:24:30Z" user="woodpeck_fixbot" uid="147510" lat="39.2016980" lon="-119.8143160"/>
 <node id="140685257" visible="true" version="2" changeset="3339516" timestamp="2009-12-10T07:24:30Z" user="woodpeck_fixbot" uid="147510" lat="39.2016980" lon="-119.8141170"/>
 <node id="140685269" visible="true" version="2" changeset="3339516" timestamp="2009-12-10T07:24:30Z" user="woodpeck_fixbot" uid="147510" lat="39.2017940" lon="-119.8133930"/>
 <node id="140685277" visible="true" version="2" changeset="3339516" timestamp="2009-12-10T07:24:30Z" user="woodpeck_fixbot" uid="147510" lat="39.2018660" lon="-119.8129880"/>
 <node id="140685284" visible="true" version="2" changeset="3339516" timestamp="2009-12-10T07:24:30Z" user="woodpeck_fixbot" uid="147510" lat="39.2018780" lon="-119.8128510"/>
 <node id="140685290" visible="true" version="3" changeset="95253548" timestamp="2020-12-04T00:07:57Z" user="BryanOSullivan" uid="10729167" lat="39.2018968" lon="-119.8123318"/>
 <node id="140688370" visible="true" version="2" changeset="3136604" timestamp="2009-11-16T21:58:23Z" user="woodpeck_fixbot" uid="147510" lat="39.2005270" lon="-119.8061750"/>
 <node id="140688373" visible="true" version="2" changeset="3136604" timestamp="2009-11-16T21:58:23Z" user="woodpeck_fixbot" uid="147510" lat="39.2005000" lon="-119.8060840"/>
 <node id="140688377" visible="true" version="2" changeset="3136604" timestamp="2009-11-16T21:58:23Z" user="woodpeck_fixbot" uid="147510" lat="39.2005000" lon="-119.8059770"/>
 <node id="140688380" visible="true" version="2" changeset="3136604" timestamp="2009-11-16T21:58:23Z" user="woodpeck_fixbot" uid="147510" lat="39.2005200" lon="-119.8059080"/>
 <node id="140688384" visible="true" version="2" changeset="3136604" timestamp="2009-11-16T21:58:23Z" user="woodpeck_fixbot" uid="147510" lat="39.2005500" lon="-119.8058240"/>
 <node id="140688387" visible="true" version="2" changeset="3136604" timestamp="2009-11-16T21:58:23Z" user="woodpeck_fixbot" uid="147510" lat="39.2009430" lon="-119.8051830"/>
 <node id="140688391" visible="true" version="2" changeset="3136604" timestamp="2009-11-16T21:58:23Z" user="woodpeck_fixbot" uid="147510" lat="39.2009580" lon="-119.8051530"/>
 <node id="140688394" visible="true" version="2" changeset="3136604" timestamp="2009-11-16T21:58:24Z" user="woodpeck_fixbot" uid="147510" lat="39.2009740" lon="-119.8051380"/>
 <node id="140688397" visible="true" version="2" changeset="3136604" timestamp="2009-11-16T21:58:24Z" user="woodpeck_fixbot" uid="147510" lat="39.2011640" lon="-119.8048170"/>
 <node id="140693330" visible="true" version="2" changeset="3136604" timestamp="2009-11-16T21:59:41Z" user="woodpeck_fixbot" uid="147510" lat="39.2068370" lon="-119.8056640"/>
 <node id="140693333" visible="true" version="2" changeset="3136604" timestamp="2009-11-16T21:59:41Z" user="woodpeck_fixbot" uid="147510" lat="39.2067380" lon="-119.8056110"/>
 <node id="140693336" visible="true" version="2" changeset="3136604" timestamp="2009-11-16T21:59:41Z" user="woodpeck_fixbot" uid="147510" lat="39.2067030" lon="-119.8055800"/>
 <node id="140693339" visible="true" version="2" changeset="3136604" timestamp="2009-11-16T21:59:41Z" user="woodpeck_fixbot" uid="147510" lat="39.2065800" lon="-119.8055070"/>
 <node id="140693344" visible="true" version="2" changeset="3136604" timestamp="2009-11-16T21:59:41Z" user="woodpeck_fixbot" uid="147510" lat="39.2065510" lon="-119.8054890"/>
 <node id="140693347" visible="true" version="2" changeset="3136604" timestamp="2009-11-16T21:59:41Z" user="woodpeck_fixbot" uid="147510" lat="39.2065010" lon="-119.8054500"/>
 <node id="140693350" visible="true" version="2" changeset="3136604" timestamp="2009-11-16T21:59:41Z" user="woodpeck_fixbot" uid="147510" lat="39.2064740" lon="-119.8054430"/>
 <node id="140693352" visible="true" version="2" changeset="3136604" timestamp="2009-11-16T21:59:41Z" user="woodpeck_fixbot" uid="147510" lat="39.2064250" lon="-119.8054120"/>
 <node id="140693356" visible="true" version="2" changeset="3136604" timestamp="2009-11-16T21:59:41Z" user="woodpeck_fixbot" uid="147510" lat="39.2062990" lon="-119.8053890"/>
 <node id="140693359" visible="true" version="2" changeset="3136604" timestamp="2009-11-16T21:59:41Z" user="woodpeck_fixbot" uid="147510" lat="39.2061810" lon="-119.8054050"/>
 <node id="140693362" visible="true" version="2" changeset="3136604" timestamp="2009-11-16T21:59:41Z" user="woodpeck_fixbot" uid="147510" lat="39.2061120" lon="-119.8054280"/>
 <node id="140693364" visible="true" version="2" changeset="3136604" timestamp="2009-11-16T21:59:41Z" user="woodpeck_fixbot" uid="147510" lat="39.2060810" lon="-119.8054500"/>
 <node id="140693366" visible="true" version="2" changeset="3136604" timestamp="2009-11-16T21:59:41Z" user="woodpeck_fixbot" uid="147510" lat="39.2059900" lon="-119.8054960"/>
 <node id="140693369" visible="true" version="2" changeset="3136604" timestamp="2009-11-16T21:59:41Z" user="woodpeck_fixbot" uid="147510" lat="39.2057950" lon="-119.8056720"/>
 <node id="140693372" visible="true" version="2" changeset="3136604" timestamp="2009-11-16T21:59:41Z" user="woodpeck_fixbot" uid="147510" lat="39.2056620" lon="-119.8058010"/>
 <node id="140693375" visible="true" version="2" changeset="3136604" timestamp="2009-11-16T21:59:42Z" user="woodpeck_fixbot" uid="147510" lat="39.2056470" lon="-119.8058240"/>
 <node id="140693378" visible="true" version="2" changeset="3136604" timestamp="2009-11-16T21:59:42Z" user="woodpeck_fixbot" uid="147510" lat="39.2056050" lon="-119.8058620"/>
 <node id="140693381" visible="true" version="2" changeset="3136604" timestamp="2009-11-16T21:59:42Z" user="woodpeck_fixbot" uid="147510" lat="39.2055550" lon="-119.8059160"/>
 <node id="140693384" visible="true" version="2" changeset="3136604" timestamp="2009-11-16T21:59:42Z" user="woodpeck_fixbot" uid="147510" lat="39.2055370" lon="-119.8059230"/>
 <node id="140693389" visible="true" version="2" changeset="3136604" timestamp="2009-11-16T21:59:42Z" user="woodpeck_fixbot" uid="147510" lat="39.2053110" lon="-119.8061450"/>
 <node id="140693391" visible="true" version="2" changeset="3136604" timestamp="2009-11-16T21:59:42Z" user="woodpeck_fixbot" uid="147510" lat="39.2052000" lon="-119.8062440"/>
 <node id="140693394" visible="true" version="2" changeset="3136604" timestamp="2009-11-16T21:59:42Z" user="woodpeck_fixbot" uid="147510" lat="39.2050590" lon="-119.8063510"/>
 <node id="140693397" visible="true" version="2" changeset="3136604" timestamp="2009-11-16T21:59:42Z" user="woodpeck_fixbot" uid="147510" lat="39.2049180" lon="-119.8064270"/>
 <node id="140693399" visible="true" version="2" changeset="3136604" timestamp="2009-11-16T21:59:42Z" user="woodpeck_fixbot" uid="147510" lat="39.2046700" lon="-119.8065110"/>
 <node id="140693404" visible="true" version="2" changeset="3136604" timestamp="2009-11-16T21:59:42Z" user="woodpeck_fixbot" uid="147510" lat="39.2046200" lon="-119.8065190"/>
 <node id="140693407" visible="true" version="2" changeset="3136604" timestamp="2009-11-16T21:59:42Z" user="woodpeck_fixbot" uid="147510" lat="39.2041640" lon="-119.8066720"/>
 <node id="140693410" visible="true" version="3" changeset="91951669" timestamp="2020-10-05T02:57:47Z" user="vkatredd" uid="10457697" lat="39.2039132" lon="-119.8068140"/>
 <node id="140693414" visible="true" version="2" changeset="3136604" timestamp="2009-11-16T21:59:42Z" user="woodpeck_fixbot" uid="147510" lat="39.2032520" lon="-119.8073130"/>
 <node id="140693417" visible="true" version="2" changeset="3136604" timestamp="2009-11-16T21:59:42Z" user="woodpeck_fixbot" uid="147510" lat="39.2027740" lon="-119.8076930"/>
 <node id="140693420" visible="true" version="2" changeset="3136604" timestamp="2009-11-16T21:59:42Z" user="woodpeck_fixbot" uid="147510" lat="39.2026670" lon="-119.8077700"/>
 <node id="140693423" visible="true" version="2" changeset="3136604" timestamp="2009-11-16T21:59:42Z" user="woodpeck_fixbot" uid="147510" lat="39.2026520" lon="-119.8077930"/>
 <node id="140693428" visible="true" version="2" changeset="3136604" timestamp="2009-11-16T21:59:42Z" user="woodpeck_fixbot" uid="147510" lat="39.2025600" lon="-119.8078380"/>
 <node id="140693431" visible="true" version="2" changeset="3136604" timestamp="2009-11-16T21:59:42Z" user="woodpeck_fixbot" uid="147510" lat="39.2023660" lon="-119.8078920"/>
 <node id="140693435" visible="true" version="2" changeset="3136604" timestamp="2009-11-16T21:59:43Z" user="woodpeck_fixbot" uid="147510" lat="39.2020000" lon="-119.8079380"/>
 <node id="140693438" visible="true" version="2" changeset="3136604" timestamp="2009-11-16T21:59:43Z" user="woodpeck_fixbot" uid="147510" lat="39.2018200" lon="-119.8079530"/>
 <node id="140693441" visible="true" version="2" changeset="3136604" timestamp="2009-11-16T21:59:43Z" user="woodpeck_fixbot" uid="147510" lat="39.2016560" lon="-119.8080220"/>
 <node id="140693444" visible="true" version="2" changeset="3136604" timestamp="2009-11-16T21:59:43Z" user="woodpeck_fixbot" uid="147510" lat="39.2013820" lon="-119.8081430"/>
 <node id="140693447" visible="true" version="2" changeset="3136604" timestamp="2009-11-16T21:59:43Z" user="woodpeck_fixbot" uid="147510" lat="39.2007300" lon="-119.8086000"/>
 <node id="140693450" visible="true" version="2" changeset="3136604" timestamp="2009-11-16T21:59:43Z" user="woodpeck_fixbot" uid="147510" lat="39.2006070" lon="-119.8087460"/>
 <node id="140693453" visible="true" version="2" changeset="3136604" timestamp="2009-11-16T21:59:43Z" user="woodpeck_fixbot" uid="147510" lat="39.2005580" lon="-119.8088460"/>
 <node id="140693456" visible="true" version="2" changeset="3136604" timestamp="2009-11-16T21:59:43Z" user="woodpeck_fixbot" uid="147510" lat="39.2005200" lon="-119.8089750"/>
 <node id="140693459" visible="true" version="2" changeset="3136604" timestamp="2009-11-16T21:59:43Z" user="woodpeck_fixbot" uid="147510" lat="39.2004810" lon="-119.8092040"/>
 <node id="140693462" visible="true" version="2" changeset="3136604" timestamp="2009-11-16T21:59:43Z" user="woodpeck_fixbot" uid="147510" lat="39.2004550" lon="-119.8094640"/>
 <node id="140693465" visible="true" version="2" changeset="3136604" timestamp="2009-11-16T21:59:43Z" user="woodpeck_fixbot" uid="147510" lat="39.2004010" lon="-119.8097920"/>
 <node id="140693468" visible="true" version="2" changeset="3136604" timestamp="2009-11-16T21:59:44Z" user="woodpeck_fixbot" uid="147510" lat="39.2002530" lon="-119.8103790"/>
 <node id="140693471" visible="true" version="2" changeset="3136604" timestamp="2009-11-16T21:59:44Z" user="woodpeck_fixbot" uid="147510" lat="39.2002140" lon="-119.8105850"/>
 <node id="140693474" visible="true" version="2" changeset="3136604" timestamp="2009-11-16T21:59:44Z" user="woodpeck_fixbot" uid="147510" lat="39.2001880" lon="-119.8108600"/>
 <node id="140693478" visible="true" version="2" changeset="3136604" timestamp="2009-11-16T21:59:44Z" user="woodpeck_fixbot" uid="147510" lat="39.2001540" lon="-119.8114960"/>
 <node id="140693481" visible="true" version="3" changeset="95253548" timestamp="2020-12-04T00:07:57Z" user="BryanOSullivan" uid="10729167" lat="39.2001450" lon="-119.8119164"/>
 <node id="140693484" visible="true" version="2" changeset="3136604" timestamp="2009-11-16T21:59:44Z" user="woodpeck_fixbot" uid="147510" lat="39.2001500" lon="-119.8123930"/>
 <node id="140693487" visible="true" version="2" changeset="3136604" timestamp="2009-11-16T21:59:44Z" user="woodpeck_fixbot" uid="147510" lat="39.2001420" lon="-119.8125440"/>
 <node id="140693489" visible="true" version="2" changeset="3136604" timestamp="2009-11-16T21:59:44Z" user="woodpeck_fixbot" uid="147510" lat="39.2001380" lon="-119.8128960"/>
 <node id="140693492" visible="true" version="2" changeset="3136604" timestamp="2009-11-16T21:59:44Z" user="woodpeck_fixbot" uid="147510" lat="39.2001150" lon="-119.8136070"/>
 <node id="140693495" visible="true" version="2" changeset="3136604" timestamp="2009-11-16T21:59:44Z" user="woodpeck_fixbot" uid="147510" lat="39.2001010" lon="-119.8143130"/>
 <node id="140693498" visible="true" version="2" changeset="3136604" timestamp="2009-11-16T21:59:44Z" user="woodpeck_fixbot" uid="147510" lat="39.2000700" lon="-119.8147140"/>
 <node id="140693501" visible="true" version="2" changeset="3136604" timestamp="2009-11-16T21:59:44Z" user="woodpeck_fixbot" uid="147510" lat="39.2000670" lon="-119.8147880"/>
 <node id="140693504" visible="true" version="2" changeset="3136604" timestamp="2009-11-16T21:59:44Z" user="woodpeck_fixbot" uid="147510" lat="39.2000550" lon="-119.8148420"/>
 <node id="140693507" visible="true" version="2" changeset="3136604" timestamp="2009-11-16T21:59:44Z" user="woodpeck_fixbot" uid="147510" lat="39.2000380" lon="-119.8150200"/>
 <node id="140693510" visible="true" version="2" changeset="3136604" timestamp="2009-11-16T21:59:44Z" user="woodpeck_fixbot" uid="147510" lat="39.2000240" lon="-119.8151080"/>
 <node id="140693513" visible="true" version="2" changeset="3136604" timestamp="2009-11-16T21:59:44Z" user="woodpeck_fixbot" uid="147510" lat="39.2000070" lon="-119.8153200"/>
 <node id="140693517" visible="true" version="2" changeset="3136604" timestamp="2009-11-16T21:59:44Z" user="woodpeck_fixbot" uid="147510" lat="39.2000060" lon="-119.8154270"/>
 <node id="140693520" visible="true" version="2" changeset="3136604" timestamp="2009-11-16T21:59:44Z" user="woodpeck_fixbot" uid="147510" lat="39.2000250" lon="-119.8156420"/>
 <node id="140693523" visible="true" version="2" changeset="3136604" timestamp="2009-11-16T21:59:45Z" user="woodpeck_fixbot" uid="147510" lat="39.2000430" lon="-119.8157220"/>
 <node id="140693526" visible="true" version="2" changeset="3136604" timestamp="2009-11-16T21:59:45Z" user="woodpeck_fixbot" uid="147510" lat="39.2000570" lon="-119.8158160"/>
 <node id="140693530" visible="true" version="2" changeset="3136604" timestamp="2009-11-16T21:59:45Z" user="woodpeck_fixbot" uid="147510" lat="39.2000880" lon="-119.8160890"/>
 <node id="140693533" visible="true" version="2" changeset="3136604" timestamp="2009-11-16T21:59:45Z" user="woodpeck_fixbot" uid="147510" lat="39.2000920" lon="-119.8162200"/>
 <node id="140693536" visible="true" version="2" changeset="3136604" timestamp="2009-11-16T21:59:45Z" user="woodpeck_fixbot" uid="147510" lat="39.2001100" lon="-119.8164570"/>
 <node id="140693539" visible="true" version="2" changeset="3136604" timestamp="2009-11-16T21:59:45Z" user="woodpeck_fixbot" uid="147510" lat="39.2001150" lon="-119.8164800"/>
 <node id="140693542" visible="true" version="2" changeset="3136604" timestamp="2009-11-16T21:59:45Z" user="woodpeck_fixbot" uid="147510" lat="39.2001380" lon="-119.8167890"/>
 <node id="140693544" visible="true" version="2" changeset="3136604" timestamp="2009-11-16T21:59:45Z" user="woodpeck_fixbot" uid="147510" lat="39.2001460" lon="-119.8170790"/>
 <node id="140693547" visible="true" version="2" changeset="3136604" timestamp="2009-11-16T21:59:45Z" user="woodpeck_fixbot" uid="147510" lat="39.2001370" lon="-119.8171780"/>
 <node id="140693549" visible="true" version="2" changeset="3136604" timestamp="2009-11-16T21:59:45Z" user="woodpeck_fixbot" uid="147510" lat="39.2001090" lon="-119.8176350"/>
 <node id="140693552" visible="true" version="2" changeset="3136604" timestamp="2009-11-16T21:59:45Z" user="woodpeck_fixbot" uid="147510" lat="39.2001340" lon="-119.8178600"/>
 <node id="140693555" visible="true" version="2" changeset="3136604" timestamp="2009-11-16T21:59:45Z" user="woodpeck_fixbot" uid="147510" lat="39.2001690" lon="-119.8180490"/>
 <node id="140693559" visible="true" version="2" changeset="3136604" timestamp="2009-11-16T21:59:45Z" user="woodpeck_fixbot" uid="147510" lat="39.2001900" lon="-119.8182610"/>
 <node id="140693563" visible="true" version="2" changeset="3136604" timestamp="2009-11-16T21:59:45Z" user="woodpeck_fixbot" uid="147510" lat="39.2001880" lon="-119.8184970"/>
 <node id="140694237" visible="true" version="2" changeset="3136604" timestamp="2009-11-16T21:59:57Z" user="woodpeck_fixbot" uid="147510" lat="39.1889530" lon="-119.7975690"/>
 <node id="140694247" visible="true" version="2" changeset="3136604" timestamp="2009-11-16T21:59:57Z" user="woodpeck_fixbot" uid="147510" lat="39.1900900" lon="-119.7975310"/>
 <node id="140694250" visible="true" version="2" changeset="3136604" timestamp="2009-11-16T21:59:57Z" user="woodpeck_fixbot" uid="147510" lat="39.1901640" lon="-119.7975370"/>
 <node id="140694253" visible="true" version="2" changeset="3136604" timestamp="2009-11-16T21:59:57Z" user="woodpeck_fixbot" uid="147510" lat="39.1902890" lon="-119.7975460"/>
 <node id="140694256" visible="true" version="2" changeset="3136604" timestamp="2009-11-16T21:59:57Z" user="woodpeck_fixbot" uid="147510" lat="39.1903460" lon="-119.7975620"/>
 <node id="140694260" visible="true" version="2" changeset="3136604" timestamp="2009-11-16T21:59:57Z" user="woodpeck_fixbot" uid="147510" lat="39.1904530" lon="-119.7976150"/>
 <node id="140694262" visible="true" version="2" changeset="3136604" timestamp="2009-11-16T21:59:57Z" user="woodpeck_fixbot" uid="147510" lat="39.1912500" lon="-119.7981800"/>
 <node id="140694266" visible="true" version="2" changeset="3136604" timestamp="2009-11-16T21:59:57Z" user="woodpeck_fixbot" uid="147510" lat="39.1917800" lon="-119.7985840"/>
 <node id="140694269" visible="true" version="2" changeset="3136604" timestamp="2009-11-16T21:59:57Z" user="woodpeck_fixbot" uid="147510" lat="39.1922680" lon="-119.7989730"/>
 <node id="140694273" visible="true" version="2" changeset="3136604" timestamp="2009-11-16T21:59:57Z" user="woodpeck_fixbot" uid="147510" lat="39.1924320" lon="-119.7991260"/>
 <node id="140694277" visible="true" version="2" changeset="3136604" timestamp="2009-11-16T21:59:57Z" user="woodpeck_fixbot" uid="147510" lat="39.1925810" lon="-119.7993090"/>
 <node id="140694282" visible="true" version="2" changeset="3136604" timestamp="2009-11-16T21:59:57Z" user="woodpeck_fixbot" uid="147510" lat="39.1929470" lon="-119.7998350"/>
 <node id="140694285" visible="true" version="2" changeset="3136604" timestamp="2009-11-16T21:59:58Z" user="woodpeck_fixbot" uid="147510" lat="39.1931230" lon="-119.8001020"/>
 <node id="140694289" visible="true" version="2" changeset="3136604" timestamp="2009-11-16T21:59:58Z" user="woodpeck_fixbot" uid="147510" lat="39.1932300" lon="-119.8002400"/>
 <node id="140694292" visible="true" version="2" changeset="3136604" timestamp="2009-11-16T21:59:58Z" user="woodpeck_fixbot" uid="147510" lat="39.1942250" lon="-119.8012390"/>
 <node id="140694296" visible="true" version="2" changeset="3136604" timestamp="2009-11-16T21:59:58Z" user="woodpeck_fixbot" uid="147510" lat="39.1947020" lon="-119.8018490"/>
 <node id="140694302" visible="true" version="2" changeset="3136604" timestamp="2009-11-16T21:59:58Z" user="woodpeck_fixbot" uid="147510" lat="39.1970210" lon="-119.8053130"/>
 <node id="140694308" visible="true" version="2" changeset="3136604" timestamp="2009-11-16T21:59:58Z" user="woodpeck_fixbot" uid="147510" lat="39.1975170" lon="-119.8060230"/>
 <node id="140694313" visible="true" version="2" changeset="3136604" timestamp="2009-11-16T21:59:58Z" user="woodpeck_fixbot" uid="147510" lat="39.1975500" lon="-119.8060750"/>
 <node id="140694315" visible="true" version="2" changeset="3136604" timestamp="2009-11-16T21:59:58Z" user="woodpeck_fixbot" uid="147510" lat="39.1975980" lon="-119.8061520"/>
 <node id="140694318" visible="true" version="2" changeset="3136604" timestamp="2009-11-16T21:59:58Z" user="woodpeck_fixbot" uid="147510" lat="39.1977460" lon="-119.8063740"/>
 <node id="140694320" visible="true" version="2" changeset="3136604" timestamp="2009-11-16T21:59:58Z" user="woodpeck_fixbot" uid="147510" lat="39.1978380" lon="-119.8065340"/>
 <node id="140694324" visible="true" version="3" changeset="72288454" timestamp="2019-07-16T07:00:44Z" user="user_1282393" uid="1282393" lat="39.1979958" lon="-119.8068859"/>
 <node id="140694330" visible="true" version="2" changeset="3136604" timestamp="2009-11-16T21:59:59Z" user="woodpeck_fixbot" uid="147510" lat="39.1981350" lon="-119.8072200"/>
 <node id="140694333" visible="true" version="2" changeset="3136604" timestamp="2009-11-16T21:59:59Z" user="woodpeck_fixbot" uid="147510" lat="39.1982230" lon="-119.8074490"/>
 <node id="140694336" visible="true" version="2" changeset="3136604" timestamp="2009-11-16T21:59:59Z" user="woodpeck_fixbot" uid="147510" lat="39.1983110" lon="-119.8077240"/>
 <node id="140694340" visible="true" version="2" changeset="3136604" timestamp="2009-11-16T21:59:59Z" user="woodpeck_fixbot" uid="147510" lat="39.1988350" lon="-119.8092190"/>
 <node id="140694343" visible="true" version="2" changeset="3136604" timestamp="2009-11-16T21:59:59Z" user="woodpeck_fixbot" uid="147510" lat="39.1989300" lon="-119.8095250"/>
 <node id="140694347" visible="true" version="2" changeset="3136604" timestamp="2009-11-16T21:59:59Z" user="woodpeck_fixbot" uid="147510" lat="39.1990100" lon="-119.8097380"/>
 <node id="140694350" visible="true" version="2" changeset="3136604" timestamp="2009-11-16T21:59:59Z" user="woodpeck_fixbot" uid="147510" lat="39.1991500" lon="-119.8100590"/>
 <node id="140694353" visible="true" version="2" changeset="3136604" timestamp="2009-11-16T21:59:59Z" user="woodpeck_fixbot" uid="147510" lat="39.1992490" lon="-119.8103030"/>
 <node id="140694359" visible="true" version="2" changeset="3136604" timestamp="2009-11-16T21:59:59Z" user="woodpeck_fixbot" uid="147510" lat="39.1993410" lon="-119.8106380"/>
 <node id="140694362" visible="true" version="2" changeset="3136604" timestamp="2009-11-16T21:59:59Z" user="woodpeck_fixbot" uid="147510" lat="39.1994970" lon="-119.8110350"/>
 <node id="140694365" visible="true" version="3" changeset="95253548" timestamp="2020-12-04T00:07:57Z" user="BryanOSullivan" uid="10729167" lat="39.1995505" lon="-119.8111916"/>
 <node id="140694368" visible="true" version="2" changeset="3136604" timestamp="2009-11-16T21:59:59Z" user="woodpeck_fixbot" uid="147510" lat="39.1996500" lon="-119.8113400"/>
 <node id="140694372" visible="true" version="2" changeset="3136604" timestamp="2009-11-16T21:59:59Z" user="woodpeck_fixbot" uid="147510" lat="39.1997900" lon="-119.8115360"/>
 <node id="140694375" visible="true" version="2" changeset="3136604" timestamp="2009-11-16T21:59:59Z" user="woodpeck_fixbot" uid="147510" lat="39.2002110" lon="-119.8120120"/>
 <node id="140694381" visible="true" version="2" changeset="3136604" timestamp="2009-11-16T21:59:59Z" user="woodpeck_fixbot" uid="147510" lat="39.2002730" lon="-119.8120600"/>
 <node id="140694383" visible="true" version="2" changeset="3136604" timestamp="2009-11-16T22:00:00Z" user="woodpeck_fixbot" uid="147510" lat="39.2003820" lon="-119.8121410"/>
 <node id="140694384" visible="true" version="3" changeset="95253548" timestamp="2020-12-04T00:07:57Z" user="BryanOSullivan" uid="10729167" lat="39.2004584" lon="-119.8122000"/>
 <node id="140694386" visible="true" version="3" changeset="95253548" timestamp="2020-12-04T00:07:57Z" user="BryanOSullivan" uid="10729167" lat="39.2005574" lon="-119.8122654"/>
 <node id="140694387" visible="true" version="3" changeset="95253548" timestamp="2020-12-04T00:07:57Z" user="BryanOSullivan" uid="10729167" lat="39.2007526" lon="-119.8123140"/>
 <node id="140694389" visible="true" version="3" changeset="95253548" timestamp="2020-12-04T00:07:57Z" user="BryanOSullivan" uid="10729167" lat="39.2009419" lon="-119.8123422"/>
 <node id="140694392" visible="true" version="2" changeset="3136604" timestamp="2009-11-16T22:00:00Z" user="woodpeck_fixbot" uid="147510" lat="39.2012940" lon="-119.8123400"/>
 <node id="140694394" visible="true" version="2" changeset="3136604" timestamp="2009-11-16T22:00:00Z" user="woodpeck_fixbot" uid="147510" lat="39.2015720" lon="-119.8123170"/>
 <node id="140694395" visible="true" version="2" changeset="3136604" timestamp="2009-11-16T22:00:00Z" user="woodpeck_fixbot" uid="147510" lat="39.2017750" lon="-119.8123170"/>
 <node id="140694398" visible="true" version="2" changeset="3136604" timestamp="2009-11-16T22:00:00Z" user="woodpeck_fixbot" uid="147510" lat="39.2018170" lon="-119.8123250"/>
 <node id="140695172" visible="true" version="2" changeset="3339516" timestamp="2009-12-10T07:25:15Z" user="woodpeck_fixbot" uid="147510" lat="39.2079970" lon="-119.8184770"/>
 <node id="140695175" visible="true" version="2" changeset="3339516" timestamp="2009-12-10T07:25:15Z" user="woodpeck_fixbot" uid="147510" lat="39.2079400" lon="-119.8184460"/>
 <node id="140695178" visible="true" version="2" changeset="3339516" timestamp="2009-12-10T07:25:15Z" user="woodpeck_fixbot" uid="147510" lat="39.2078770" lon="-119.8183930"/>
 <node id="140695181" visible="true" version="2" changeset="3339516" timestamp="2009-12-10T07:25:15Z" user="woodpeck_fixbot" uid="147510" lat="39.2077970" lon="-119.8182950"/>
 <node id="140695185" visible="true" version="2" changeset="3339516" timestamp="2009-12-10T07:25:15Z" user="woodpeck_fixbot" uid="147510" lat="39.2077590" lon="-119.8182570"/>
 <node id="140695188" visible="true" version="2" changeset="3339516" timestamp="2009-12-10T07:25:15Z" user="woodpeck_fixbot" uid="147510" lat="39.2077030" lon="-119.8182300"/>
 <node id="140695193" visible="true" version="2" changeset="3339516" timestamp="2009-12-10T07:25:15Z" user="woodpeck_fixbot" uid="147510" lat="39.2076690" lon="-119.8182190"/>
 <node id="140695196" visible="true" version="2" changeset="3339516" timestamp="2009-12-10T07:25:15Z" user="woodpeck_fixbot" uid="147510" lat="39.2074910" lon="-119.8182220"/>
 <node id="140695207" visible="true" version="2" changeset="3339516" timestamp="2009-12-10T07:25:15Z" user="woodpeck_fixbot" uid="147510" lat="39.2073360" lon="-119.8181660"/>
 <node id="140695210" visible="true" version="2" changeset="3339516" timestamp="2009-12-10T07:25:15Z" user="woodpeck_fixbot" uid="147510" lat="39.2071970" lon="-119.8181270"/>
 <node id="140695217" visible="true" version="2" changeset="3339516" timestamp="2009-12-10T07:25:15Z" user="woodpeck_fixbot" uid="147510" lat="39.2070530" lon="-119.8180790"/>
 <node id="140695223" visible="true" version="2" changeset="3339516" timestamp="2009-12-10T07:25:15Z" user="woodpeck_fixbot" uid="147510" lat="39.2068440" lon="-119.8180190"/>
 <node id="140695226" visible="true" version="2" changeset="3339516" timestamp="2009-12-10T07:25:15Z" user="woodpeck_fixbot" uid="147510" lat="39.2065280" lon="-119.8179700"/>
 <node id="140695229" visible="true" version="2" changeset="3339516" timestamp="2009-12-10T07:25:16Z" user="woodpeck_fixbot" uid="147510" lat="39.2062780" lon="-119.8179550"/>
 <node id="140695233" visible="true" version="2" changeset="3339516" timestamp="2009-12-10T07:25:16Z" user="woodpeck_fixbot" uid="147510" lat="39.2058340" lon="-119.8180010"/>
 <node id="140695235" visible="true" version="2" changeset="3339516" timestamp="2009-12-10T07:25:16Z" user="woodpeck_fixbot" uid="147510" lat="39.2057870" lon="-119.8180180"/>
 <node id="140695239" visible="true" version="2" changeset="3339516" timestamp="2009-12-10T07:25:16Z" user="woodpeck_fixbot" uid="147510" lat="39.2056490" lon="-119.8180950"/>
 <node id="140695242" visible="true" version="2" changeset="3339516" timestamp="2009-12-10T07:25:16Z" user="woodpeck_fixbot" uid="147510" lat="39.2056000" lon="-119.8181310"/>
 <node id="140695244" visible="true" version="2" changeset="3339516" timestamp="2009-12-10T07:25:16Z" user="woodpeck_fixbot" uid="147510" lat="39.2055010" lon="-119.8182460"/>
 <node id="140695245" visible="true" version="2" changeset="3339516" timestamp="2009-12-10T07:25:16Z" user="woodpeck_fixbot" uid="147510" lat="39.2054600" lon="-119.8183160"/>
 <node id="140695246" visible="true" version="2" changeset="3339516" timestamp="2009-12-10T07:25:16Z" user="woodpeck_fixbot" uid="147510" lat="39.2054370" lon="-119.8184340"/>
 <node id="140695247" visible="true" version="2" changeset="3339516" timestamp="2009-12-10T07:25:16Z" user="woodpeck_fixbot" uid="147510" lat="39.2054310" lon="-119.8185700"/>
 <node id="140695248" visible="true" version="2" changeset="3339516" timestamp="2009-12-10T07:25:16Z" user="woodpeck_fixbot" uid="147510" lat="39.2054310" lon="-119.8187060"/>
 <node id="140695249" visible="true" version="2" changeset="3339516" timestamp="2009-12-10T07:25:16Z" user="woodpeck_fixbot" uid="147510" lat="39.2054370" lon="-119.8187450"/>
 <node id="140695250" visible="true" version="2" changeset="3339516" timestamp="2009-12-10T07:25:16Z" user="woodpeck_fixbot" uid="147510" lat="39.2054520" lon="-119.8187750"/>
 <node id="140695252" visible="true" version="2" changeset="3339516" timestamp="2009-12-10T07:25:16Z" user="woodpeck_fixbot" uid="147510" lat="39.2055000" lon="-119.8188320"/>
 <node id="140695253" visible="true" version="2" changeset="3339516" timestamp="2009-12-10T07:25:16Z" user="woodpeck_fixbot" uid="147510" lat="39.2055680" lon="-119.8189030"/>
 <node id="140695256" visible="true" version="2" changeset="3339516" timestamp="2009-12-10T07:25:16Z" user="woodpeck_fixbot" uid="147510" lat="39.2055760" lon="-119.8189450"/>
 <node id="140695259" visible="true" version="2" changeset="3339516" timestamp="2009-12-10T07:25:16Z" user="woodpeck_fixbot" uid="147510" lat="39.2055740" lon="-119.8189690"/>
 <node id="140695263" visible="true" version="2" changeset="3339516" timestamp="2009-12-10T07:25:16Z" user="woodpeck_fixbot" uid="147510" lat="39.2055570" lon="-119.8189970"/>
 <node id="140695265" visible="true" version="2" changeset="3339516" timestamp="2009-12-10T07:25:16Z" user="woodpeck_fixbot" uid="147510" lat="39.2055320" lon="-119.8190180"/>
 <node id="140695268" visible="true" version="2" changeset="3339516" timestamp="2009-12-10T07:25:16Z" user="woodpeck_fixbot" uid="147510" lat="39.2054760" lon="-119.8190520"/>
 <node id="140695270" visible="true" version="2" changeset="3339516" timestamp="2009-12-10T07:25:16Z" user="woodpeck_fixbot" uid="147510" lat="39.2054240" lon="-119.8190570"/>
 <node id="140695271" visible="true" version="2" changeset="3339516" timestamp="2009-12-10T07:25:16Z" user="woodpeck_fixbot" uid="147510" lat="39.2053650" lon="-119.8190480"/>
 <node id="140695274" visible="true" version="2" changeset="3339516" timestamp="2009-12-10T07:25:16Z" user="woodpeck_fixbot" uid="147510" lat="39.2053170" lon="-119.8190340"/>
 <node id="140695276" visible="true" version="2" changeset="3339516" timestamp="2009-12-10T07:25:16Z" user="woodpeck_fixbot" uid="147510" lat="39.2052920" lon="-119.8190100"/>
 <node id="140695278" visible="true" version="2" changeset="3339516" timestamp="2009-12-10T07:25:17Z" user="woodpeck_fixbot" uid="147510" lat="39.2052690" lon="-119.8189750"/>
 <node id="140695281" visible="true" version="2" changeset="3339516" timestamp="2009-12-10T07:25:17Z" user="woodpeck_fixbot" uid="147510" lat="39.2052250" lon="-119.8188230"/>
 <node id="140695284" visible="true" version="2" changeset="3339516" timestamp="2009-12-10T07:25:17Z" user="woodpeck_fixbot" uid="147510" lat="39.2050770" lon="-119.8184190"/>
 <node id="140695287" visible="true" version="2" changeset="3339516" timestamp="2009-12-10T07:25:17Z" user="woodpeck_fixbot" uid="147510" lat="39.2049490" lon="-119.8181240"/>
 <node id="140695290" visible="true" version="2" changeset="3339516" timestamp="2009-12-10T07:25:17Z" user="woodpeck_fixbot" uid="147510" lat="39.2048940" lon="-119.8180350"/>
 <node id="140695293" visible="true" version="2" changeset="3339516" timestamp="2009-12-10T07:25:17Z" user="woodpeck_fixbot" uid="147510" lat="39.2048490" lon="-119.8179300"/>
 <node id="140695297" visible="true" version="2" changeset="3339516" timestamp="2009-12-10T07:25:17Z" user="woodpeck_fixbot" uid="147510" lat="39.2048310" lon="-119.8178590"/>
 <node id="140695300" visible="true" version="2" changeset="3339516" timestamp="2009-12-10T07:25:17Z" user="woodpeck_fixbot" uid="147510" lat="39.2048150" lon="-119.8178030"/>
 <node id="140695302" visible="true" version="2" changeset="3339516" timestamp="2009-12-10T07:25:17Z" user="woodpeck_fixbot" uid="147510" lat="39.2048050" lon="-119.8177660"/>
 <node id="140695305" visible="true" version="2" changeset="3339516" timestamp="2009-12-10T07:25:17Z" user="woodpeck_fixbot" uid="147510" lat="39.2047790" lon="-119.8177030"/>
 <node id="140695307" visible="true" version="2" changeset="3339516" timestamp="2009-12-10T07:25:17Z" user="woodpeck_fixbot" uid="147510" lat="39.2047330" lon="-119.8176350"/>
 <node id="140695310" visible="true" version="2" changeset="3339516" timestamp="2009-12-10T07:25:17Z" user="woodpeck_fixbot" uid="147510" lat="39.2046840" lon="-119.8175890"/>
 <node id="140695315" visible="true" version="2" changeset="3339516" timestamp="2009-12-10T07:25:17Z" user="woodpeck_fixbot" uid="147510" lat="39.2046230" lon="-119.8175530"/>
 <node id="140695318" visible="true" version="2" changeset="3339516" timestamp="2009-12-10T07:25:17Z" user="woodpeck_fixbot" uid="147510" lat="39.2045470" lon="-119.8175370"/>
 <node id="140695321" visible="true" version="2" changeset="3339516" timestamp="2009-12-10T07:25:17Z" user="woodpeck_fixbot" uid="147510" lat="39.2044120" lon="-119.8175300"/>
 <node id="140695324" visible="true" version="2" changeset="3339516" timestamp="2009-12-10T07:25:17Z" user="woodpeck_fixbot" uid="147510" lat="39.2042690" lon="-119.8175410"/>
 <node id="140695327" visible="true" version="2" changeset="3339516" timestamp="2009-12-10T07:25:17Z" user="woodpeck_fixbot" uid="147510" lat="39.2042120" lon="-119.8175460"/>
 <node id="140695334" visible="true" version="2" changeset="3339516" timestamp="2009-12-10T07:25:17Z" user="woodpeck_fixbot" uid="147510" lat="39.2039470" lon="-119.8175560"/>
 <node id="140695633" visible="true" version="4" changeset="80428050" timestamp="2020-02-02T08:20:31Z" user="KindredCoda" uid="14293" lat="39.2082855" lon="-119.8041402"/>
 <node id="140695637" visible="true" version="3" changeset="3339516" timestamp="2009-12-10T07:25:22Z" user="woodpeck_fixbot" uid="147510" lat="39.2082530" lon="-119.8040800"/>
 <node id="140695641" visible="true" version="4" changeset="34710131" timestamp="2015-10-18T13:09:57Z" user="user_1282393" uid="1282393" lat="39.2079508" lon="-119.8035605"/>
 <node id="140695644" visible="true" version="4" changeset="34710131" timestamp="2015-10-18T13:09:57Z" user="user_1282393" uid="1282393" lat="39.2078415" lon="-119.8033666"/>
 <node id="140695647" visible="true" version="4" changeset="34710131" timestamp="2015-10-18T13:09:57Z" user="user_1282393" uid="1282393" lat="39.2077041" lon="-119.8030917"/>
 <node id="140695650" visible="true" version="4" changeset="34710131" timestamp="2015-10-18T13:09:57Z" user="user_1282393" uid="1282393" lat="39.2076276" lon="-119.8029189"/>
 <node id="140695653" visible="true" version="4" changeset="34710131" timestamp="2015-10-18T13:09:57Z" user="user_1282393" uid="1282393" lat="39.2075328" lon="-119.8026496"/>
 <node id="140695656" visible="true" version="4" changeset="34710131" timestamp="2015-10-18T13:09:57Z" user="user_1282393" uid="1282393" lat="39.2074206" lon="-119.8022988"/>
 <node id="140695659" visible="true" version="4" changeset="34710131" timestamp="2015-10-18T13:09:57Z" user="user_1282393" uid="1282393" lat="39.2073483" lon="-119.8020373"/>
 <node id="140695662" visible="true" version="5" changeset="34710131" timestamp="2015-10-18T13:09:57Z" user="user_1282393" uid="1282393" lat="39.2072591" lon="-119.8016470"/>
 <node id="140695730" visible="true" version="6" changeset="13304964" timestamp="2012-09-30T06:41:01Z" user="NE2" uid="207745" lat="39.2055598" lon="-119.7902644"/>
 <node id="140696605" visible="true" version="2" changeset="3339516" timestamp="2009-12-10T07:25:35Z" user="woodpeck_fixbot" uid="147510" lat="39.2019270" lon="-119.8120190"/>
 <node id="140696608" visible="true" version="2" changeset="3339516" timestamp="2009-12-10T07:25:36Z" user="woodpeck_fixbot" uid="147510" lat="39.2019420" lon="-119.8119130"/>
 <node id="140696612" visible="true" version="2" changeset="3339516" timestamp="2009-12-10T07:25:36Z" user="woodpeck_fixbot" uid="147510" lat="39.2019770" lon="-119.8117830"/>
 <node id="140696615" visible="true" version="2" changeset="3339516" timestamp="2009-12-10T07:25:36Z" user="woodpeck_fixbot" uid="147510" lat="39.2020190" lon="-119.8116610"/>
 <node id="140696619" visible="true" version="2" changeset="3339516" timestamp="2009-12-10T07:25:36Z" user="woodpeck_fixbot" uid="147510" lat="39.2020570" lon="-119.8116000"/>
 <node id="140696624" visible="true" version="2" changeset="3339516" timestamp="2009-12-10T07:25:36Z" user="woodpeck_fixbot" uid="147510" lat="39.2020950" lon="-119.8115540"/>
 <node id="140696627" visible="true" version="2" changeset="3339516" timestamp="2009-12-10T07:25:36Z" user="woodpeck_fixbot" uid="147510" lat="39.2022290" lon="-119.8114620"/>
 <node id="140696630" visible="true" version="2" changeset="3339516" timestamp="2009-12-10T07:25:36Z" user="woodpeck_fixbot" uid="147510" lat="39.2023770" lon="-119.8113710"/>
 <node id="140696633" visible="true" version="2" changeset="3339516" timestamp="2009-12-10T07:25:36Z" user="woodpeck_fixbot" uid="147510" lat="39.2025570" lon="-119.8113100"/>
 <node id="140696636" visible="true" version="2" changeset="3339516" timestamp="2009-12-10T07:25:36Z" user="woodpeck_fixbot" uid="147510" lat="39.2026520" lon="-119.8112870"/>
 <node id="140696639" visible="true" version="2" changeset="3339516" timestamp="2009-12-10T07:25:36Z" user="woodpeck_fixbot" uid="147510" lat="39.2028430" lon="-119.8112180"/>
 <node id="140696642" visible="true" version="2" changeset="3339516" timestamp="2009-12-10T07:25:36Z" user="woodpeck_fixbot" uid="147510" lat="39.2031670" lon="-119.8110430"/>
 <node id="140696646" visible="true" version="2" changeset="3339516" timestamp="2009-12-10T07:25:36Z" user="woodpeck_fixbot" uid="147510" lat="39.2035350" lon="-119.8107810"/>
 <node id="140696648" visible="true" version="2" changeset="3339516" timestamp="2009-12-10T07:25:36Z" user="woodpeck_fixbot" uid="147510" lat="39.2042110" lon="-119.8102550"/>
 <node id="140696650" visible="true" version="2" changeset="3339516" timestamp="2009-12-10T07:25:36Z" user="woodpeck_fixbot" uid="147510" lat="39.2045470" lon="-119.8100070"/>
 <node id="140696652" visible="true" version="2" changeset="3339516" timestamp="2009-12-10T07:25:36Z" user="woodpeck_fixbot" uid="147510" lat="39.2048360" lon="-119.8098090"/>
 <node id="140696655" visible="true" version="2" changeset="3339516" timestamp="2009-12-10T07:25:36Z" user="woodpeck_fixbot" uid="147510" lat="39.2050570" lon="-119.8097260"/>
 <node id="140696657" visible="true" version="2" changeset="3339516" timestamp="2009-12-10T07:25:36Z" user="woodpeck_fixbot" uid="147510" lat="39.2052170" lon="-119.8097120"/>
 <node id="140696659" visible="true" version="2" changeset="3339516" timestamp="2009-12-10T07:25:36Z" user="woodpeck_fixbot" uid="147510" lat="39.2054930" lon="-119.8097680"/>
 <node id="140696661" visible="true" version="3" changeset="91627118" timestamp="2020-09-28T09:06:48Z" user="riysingh" uid="10127777" lat="39.2059860" lon="-119.8098680"/>
 <node id="140699616" visible="true" version="2" changeset="3339516" timestamp="2009-12-10T07:26:14Z" user="woodpeck_fixbot" uid="147510" lat="39.2062840" lon="-119.8041230"/>
 <node id="140699619" visible="true" version="2" changeset="3339516" timestamp="2009-12-10T07:26:14Z" user="woodpeck_fixbot" uid="147510" lat="39.2062790" lon="-119.8040880"/>
 <node id="140699622" visible="true" version="2" changeset="3339516" timestamp="2009-12-10T07:26:14Z" user="woodpeck_fixbot" uid="147510" lat="39.2062880" lon="-119.8039250"/>
 <node id="140699626" visible="true" version="2" changeset="3339516" timestamp="2009-12-10T07:26:14Z" user="woodpeck_fixbot" uid="147510" lat="39.2063110" lon="-119.8037990"/>
 <node id="140699629" visible="true" version="2" changeset="3339516" timestamp="2009-12-10T07:26:14Z" user="woodpeck_fixbot" uid="147510" lat="39.2063420" lon="-119.8036880"/>
 <node id="140699633" visible="true" version="2" changeset="3339516" timestamp="2009-12-10T07:26:14Z" user="woodpeck_fixbot" uid="147510" lat="39.2063500" lon="-119.8036470"/>
 <node id="140699636" visible="true" version="2" changeset="3339516" timestamp="2009-12-10T07:26:14Z" user="woodpeck_fixbot" uid="147510" lat="39.2064230" lon="-119.8033990"/>
 <node id="140699639" visible="true" version="2" changeset="3339516" timestamp="2009-12-10T07:26:14Z" user="woodpeck_fixbot" uid="147510" lat="39.2064370" lon="-119.8032980"/>
 <node id="140699643" visible="true" version="2" changeset="3339516" timestamp="2009-12-10T07:26:14Z" user="woodpeck_fixbot" uid="147510" lat="39.2064450" lon="-119.8031700"/>
 <node id="140699646" visible="true" version="2" changeset="3339516" timestamp="2009-12-10T07:26:14Z" user="woodpeck_fixbot" uid="147510" lat="39.2064410" lon="-119.8031320"/>
 <node id="140699652" visible="true" version="2" changeset="3339516" timestamp="2009-12-10T07:26:14Z" user="woodpeck_fixbot" uid="147510" lat="39.2064450" lon="-119.8030630"/>
 <node id="140699655" visible="true" version="2" changeset="3339516" timestamp="2009-12-10T07:26:14Z" user="woodpeck_fixbot" uid="147510" lat="39.2064370" lon="-119.8030090"/>
 <node id="140699658" visible="true" version="3" changeset="72288454" timestamp="2019-07-16T06:57:46Z" user="user_1282393" uid="1282393" lat="39.2064290" lon="-119.8028490">
  <tag k="highway" v="turning_circle"/>
 </node>
 <node id="140701938" visible="true" version="4" changeset="97491872" timestamp="2021-01-14T11:14:09Z" user="sunilaak" uid="10086280" lat="39.1987144" lon="-119.8110491">
  <tag k="highway" v="turning_circle"/>
 </node>
 <node id="140701941" visible="true" version="2" changeset="3339516" timestamp="2009-12-10T07:26:46Z" user="woodpeck_fixbot" uid="147510" lat="39.1986080" lon="-119.8107640"/>
 <node id="140701944" visible="true" version="2" changeset="3339516" timestamp="2009-12-10T07:26:46Z" user="woodpeck_fixbot" uid="147510" lat="39.1986050" lon="-119.8106180"/>
 <node id="140701948" visible="true" version="2" changeset="3339516" timestamp="2009-12-10T07:26:46Z" user="woodpeck_fixbot" uid="147510" lat="39.1986610" lon="-119.8104640"/>
 <node id="140701951" visible="true" version="2" changeset="3339516" timestamp="2009-12-10T07:26:47Z" user="woodpeck_fixbot" uid="147510" lat="39.1987670" lon="-119.8103590"/>
 <node id="140701954" visible="true" version="2" changeset="3339516" timestamp="2009-12-10T07:26:47Z" user="woodpeck_fixbot" uid="147510" lat="39.1988080" lon="-119.8103490"/>
 <node id="140701958" visible="true" version="2" changeset="3339516" timestamp="2009-12-10T07:26:47Z" user="woodpeck_fixbot" uid="147510" lat="39.1990210" lon="-119.8102960"/>
 <node id="140701964" visible="true" version="2" changeset="3339516" timestamp="2009-12-10T07:26:47Z" user="woodpeck_fixbot" uid="147510" lat="39.1990740" lon="-119.8102420"/>
 <node id="140701967" visible="true" version="2" changeset="3339516" timestamp="2009-12-10T07:26:47Z" user="woodpeck_fixbot" uid="147510" lat="39.1991160" lon="-119.8101730"/>
 <node id="140701970" visible="true" version="2" changeset="3339516" timestamp="2009-12-10T07:26:47Z" user="woodpeck_fixbot" uid="147510" lat="39.1991460" lon="-119.8100970"/>
 <node id="140708481" visible="true" version="4" changeset="72288454" timestamp="2019-07-16T07:01:57Z" user="user_1282393" uid="1282393" lat="39.2003212" lon="-119.8198582">
  <tag k="highway" v="turning_circle"/>
 </node>
 <node id="140708497" visible="true" version="2" changeset="3339516" timestamp="2009-12-10T07:28:23Z" user="woodpeck_fixbot" uid="147510" lat="39.2002370" lon="-119.8198240"/>
 <node id="140708500" visible="true" version="2" changeset="3339516" timestamp="2009-12-10T07:28:23Z" user="woodpeck_fixbot" uid="147510" lat="39.2001570" lon="-119.8197860"/>
 <node id="140708507" visible="true" version="2" changeset="3339516" timestamp="2009-12-10T07:28:24Z" user="woodpeck_fixbot" uid="147510" lat="39.2000730" lon="-119.8197630"/>
 <node id="140708510" visible="true" version="2" changeset="3339516" timestamp="2009-12-10T07:28:24Z" user="woodpeck_fixbot" uid="147510" lat="39.1999210" lon="-119.8197480"/>
 <node id="140708514" visible="true" version="2" changeset="3339516" timestamp="2009-12-10T07:28:24Z" user="woodpeck_fixbot" uid="147510" lat="39.1997720" lon="-119.8197630"/>
 <node id="140708517" visible="true" version="2" changeset="3339516" timestamp="2009-12-10T07:28:24Z" user="woodpeck_fixbot" uid="147510" lat="39.1995120" lon="-119.8198320"/>
 <node id="140708522" visible="true" version="2" changeset="3339516" timestamp="2009-12-10T07:28:24Z" user="woodpeck_fixbot" uid="147510" lat="39.1991500" lon="-119.8199460"/>
 <node id="140708526" visible="true" version="2" changeset="3339516" timestamp="2009-12-10T07:28:24Z" user="woodpeck_fixbot" uid="147510" lat="39.1989210" lon="-119.8200000"/>
 <node id="140708531" visible="true" version="2" changeset="3339516" timestamp="2009-12-10T07:28:24Z" user="woodpeck_fixbot" uid="147510" lat="39.1988030" lon="-119.8199770"/>
 <node id="140708534" visible="true" version="2" changeset="3339516" timestamp="2009-12-10T07:28:24Z" user="woodpeck_fixbot" uid="147510" lat="39.1986200" lon="-119.8199080"/>
 <node id="140708538" visible="true" version="2" changeset="3339516" timestamp="2009-12-10T07:28:24Z" user="woodpeck_fixbot" uid="147510" lat="39.1984250" lon="-119.8198470"/>
 <node id="140708541" visible="true" version="2" changeset="3339516" timestamp="2009-12-10T07:28:24Z" user="woodpeck_fixbot" uid="147510" lat="39.1982800" lon="-119.8198090"/>
 <node id="140708546" visible="true" version="2" changeset="3339516" timestamp="2009-12-10T07:28:24Z" user="woodpeck_fixbot" uid="147510" lat="39.1981850" lon="-119.8197480"/>
 <node id="140708548" visible="true" version="2" changeset="3339516" timestamp="2009-12-10T07:28:24Z" user="woodpeck_fixbot" uid="147510" lat="39.1981390" lon="-119.8197100"/>
 <node id="140708550" visible="true" version="2" changeset="3339516" timestamp="2009-12-10T07:28:24Z" user="woodpeck_fixbot" uid="147510" lat="39.1980820" lon="-119.8196180"/>
 <node id="140708552" visible="true" version="2" changeset="3339516" timestamp="2009-12-10T07:28:24Z" user="woodpeck_fixbot" uid="147510" lat="39.1980170" lon="-119.8194580"/>
 <node id="140708554" visible="true" version="2" changeset="3339516" timestamp="2009-12-10T07:28:24Z" user="woodpeck_fixbot" uid="147510" lat="39.1979560" lon="-119.8192670"/>
 <node id="140708556" visible="true" version="2" changeset="3339516" timestamp="2009-12-10T07:28:24Z" user="woodpeck_fixbot" uid="147510" lat="39.1979260" lon="-119.8191990"/>
 <node id="140708558" visible="true" version="2" changeset="3339516" timestamp="2009-12-10T07:28:24Z" user="woodpeck_fixbot" uid="147510" lat="39.1979030" lon="-119.8190230"/>
 <node id="140708563" visible="true" version="2" changeset="3339516" timestamp="2009-12-10T07:28:24Z" user="woodpeck_fixbot" uid="147510" lat="39.1979030" lon="-119.8189240"/>
 <node id="140708565" visible="true" version="2" changeset="3339516" timestamp="2009-12-10T07:28:24Z" user="woodpeck_fixbot" uid="147510" lat="39.1979600" lon="-119.8186490"/>
 <node id="140708567" visible="true" version="2" changeset="3339516" timestamp="2009-12-10T07:28:25Z" user="woodpeck_fixbot" uid="147510" lat="39.1980740" lon="-119.8183290"/>
 <node id="140708569" visible="true" version="2" changeset="3339516" timestamp="2009-12-10T07:28:25Z" user="woodpeck_fixbot" uid="147510" lat="39.1981620" lon="-119.8181300"/>
 <node id="140708572" visible="true" version="2" changeset="3339516" timestamp="2009-12-10T07:28:25Z" user="woodpeck_fixbot" uid="147510" lat="39.1982350" lon="-119.8180160"/>
 <node id="140708574" visible="true" version="2" changeset="3339516" timestamp="2009-12-10T07:28:25Z" user="woodpeck_fixbot" uid="147510" lat="39.1984440" lon="-119.8178330"/>
 <node id="140708577" visible="true" version="2" changeset="3339516" timestamp="2009-12-10T07:28:25Z" user="woodpeck_fixbot" uid="147510" lat="39.1984630" lon="-119.8178250"/>
 <node id="140708579" visible="true" version="2" changeset="3339516" timestamp="2009-12-10T07:28:25Z" user="woodpeck_fixbot" uid="147510" lat="39.1985410" lon="-119.8177860"/>
 <node id="140708582" visible="true" version="2" changeset="3339516" timestamp="2009-12-10T07:28:25Z" user="woodpeck_fixbot" uid="147510" lat="39.1986030" lon="-119.8177460"/>
 <node id="140708587" visible="true" version="2" changeset="3339516" timestamp="2009-12-10T07:28:25Z" user="woodpeck_fixbot" uid="147510" lat="39.1986640" lon="-119.8177200"/>
 <node id="140708589" visible="true" version="2" changeset="3339516" timestamp="2009-12-10T07:28:25Z" user="woodpeck_fixbot" uid="147510" lat="39.1987600" lon="-119.8176950"/>
 <node id="140708591" visible="true" version="2" changeset="3339516" timestamp="2009-12-10T07:28:25Z" user="woodpeck_fixbot" uid="147510" lat="39.1988800" lon="-119.8176800"/>
 <node id="140708593" visible="true" version="2" changeset="3339516" timestamp="2009-12-10T07:28:25Z" user="woodpeck_fixbot" uid="147510" lat="39.1989620" lon="-119.8176790"/>
 <node id="140708595" visible="true" version="2" changeset="3339516" timestamp="2009-12-10T07:28:25Z" user="woodpeck_fixbot" uid="147510" lat="39.1990580" lon="-119.8176990"/>
 <node id="140708597" visible="true" version="2" changeset="3339516" timestamp="2009-12-10T07:28:25Z" user="woodpeck_fixbot" uid="147510" lat="39.1991320" lon="-119.8177250"/>
 <node id="140708600" visible="true" version="2" changeset="3339516" timestamp="2009-12-10T07:28:25Z" user="woodpeck_fixbot" uid="147510" lat="39.1991830" lon="-119.8177620"/>
 <node id="140708603" visible="true" version="2" changeset="3339516" timestamp="2009-12-10T07:28:25Z" user="woodpeck_fixbot" uid="147510" lat="39.1992590" lon="-119.8178050"/>
 <node id="140708607" visible="true" version="2" changeset="3339516" timestamp="2009-12-10T07:28:25Z" user="woodpeck_fixbot" uid="147510" lat="39.1993870" lon="-119.8178980"/>
 <node id="140708611" visible="true" version="2" changeset="3339516" timestamp="2009-12-10T07:28:25Z" user="woodpeck_fixbot" uid="147510" lat="39.1994340" lon="-119.8179420"/>
 <node id="140708614" visible="true" version="2" changeset="3339516" timestamp="2009-12-10T07:28:25Z" user="woodpeck_fixbot" uid="147510" lat="39.1997760" lon="-119.8183540"/>
 <node id="140708616" visible="true" version="2" changeset="3339516" timestamp="2009-12-10T07:28:25Z" user="woodpeck_fixbot" uid="147510" lat="39.1999220" lon="-119.8184520"/>
 <node id="140708619" visible="true" version="2" changeset="3339516" timestamp="2009-12-10T07:28:25Z" user="woodpeck_fixbot" uid="147510" lat="39.2000450" lon="-119.8184670"/>
 <node id="140708623" visible="true" version="2" changeset="3339516" timestamp="2009-12-10T07:28:25Z" user="woodpeck_fixbot" uid="147510" lat="39.2003610" lon="-119.8185350"/>
 <node id="140708626" visible="true" version="2" changeset="3339516" timestamp="2009-12-10T07:28:26Z" user="woodpeck_fixbot" uid="147510" lat="39.2005080" lon="-119.8185590"/>
 <node id="140708630" visible="true" version="2" changeset="3339516" timestamp="2009-12-10T07:28:26Z" user="woodpeck_fixbot" uid="147510" lat="39.2006180" lon="-119.8185890"/>
 <node id="140708636" visible="true" version="2" changeset="3339516" timestamp="2009-12-10T07:28:26Z" user="woodpeck_fixbot" uid="147510" lat="39.2007900" lon="-119.8186070"/>
 <node id="140708641" visible="true" version="2" changeset="3339516" timestamp="2009-12-10T07:28:26Z" user="woodpeck_fixbot" uid="147510" lat="39.2008500" lon="-119.8186180"/>
 <node id="140720793" visible="true" version="2" changeset="3136604" timestamp="2009-11-16T22:03:14Z" user="woodpeck_fixbot" uid="147510" lat="39.1984480" lon="-119.8177720"/>
 <node id="140720796" visible="true" version="2" changeset="3136604" timestamp="2009-11-16T22:03:14Z" user="woodpeck_fixbot" uid="147510" lat="39.1982880" lon="-119.8175280"/>
 <node id="140720799" visible="true" version="2" changeset="3136604" timestamp="2009-11-16T22:03:15Z" user="woodpeck_fixbot" uid="147510" lat="39.1982610" lon="-119.8174360"/>
 <node id="140720801" visible="true" version="2" changeset="3136604" timestamp="2009-11-16T22:03:15Z" user="woodpeck_fixbot" uid="147510" lat="39.1982460" lon="-119.8173220"/>
 <node id="140720803" visible="true" version="2" changeset="3136604" timestamp="2009-11-16T22:03:15Z" user="woodpeck_fixbot" uid="147510" lat="39.1982500" lon="-119.8171840"/>
 <node id="140720805" visible="true" version="2" changeset="3136604" timestamp="2009-11-16T22:03:15Z" user="woodpeck_fixbot" uid="147510" lat="39.1982800" lon="-119.8170470"/>
 <node id="140720807" visible="true" version="2" changeset="3136604" timestamp="2009-11-16T22:03:15Z" user="woodpeck_fixbot" uid="147510" lat="39.1983490" lon="-119.8169100"/>
 <node id="140720808" visible="true" version="2" changeset="3136604" timestamp="2009-11-16T22:03:15Z" user="woodpeck_fixbot" uid="147510" lat="39.1984410" lon="-119.8167420"/>
 <node id="140720809" visible="true" version="2" changeset="3136604" timestamp="2009-11-16T22:03:15Z" user="woodpeck_fixbot" uid="147510" lat="39.1984670" lon="-119.8166500"/>
 <node id="140720810" visible="true" version="2" changeset="3136604" timestamp="2009-11-16T22:03:15Z" user="woodpeck_fixbot" uid="147510" lat="39.1984790" lon="-119.8165890"/>
 <node id="140720811" visible="true" version="2" changeset="3136604" timestamp="2009-11-16T22:03:15Z" user="woodpeck_fixbot" uid="147510" lat="39.1984560" lon="-119.8164750"/>
 <node id="140720812" visible="true" version="2" changeset="3136604" timestamp="2009-11-16T22:03:15Z" user="woodpeck_fixbot" uid="147510" lat="39.1983720" lon="-119.8161850"/>
 <node id="140720814" visible="true" version="2" changeset="3136604" timestamp="2009-11-16T22:03:15Z" user="woodpeck_fixbot" uid="147510" lat="39.1983570" lon="-119.8161160"/>
 <node id="140720816" visible="true" version="2" changeset="3136604" timestamp="2009-11-16T22:03:15Z" user="woodpeck_fixbot" uid="147510" lat="39.1983450" lon="-119.8160020"/>
 <node id="140720817" visible="true" version="2" changeset="3136604" timestamp="2009-11-16T22:03:15Z" user="woodpeck_fixbot" uid="147510" lat="39.1983830" lon="-119.8158110"/>
 <node id="140720819" visible="true" version="2" changeset="3136604" timestamp="2009-11-16T22:03:15Z" user="woodpeck_fixbot" uid="147510" lat="39.1984370" lon="-119.8156810"/>
 <node id="140720821" visible="true" version="2" changeset="3136604" timestamp="2009-11-16T22:03:15Z" user="woodpeck_fixbot" uid="147510" lat="39.1985130" lon="-119.8155290"/>
 <node id="140720824" visible="true" version="2" changeset="3136604" timestamp="2009-11-16T22:03:15Z" user="woodpeck_fixbot" uid="147510" lat="39.1985630" lon="-119.8154530"/>
 <node id="140720827" visible="true" version="2" changeset="3136604" timestamp="2009-11-16T22:03:15Z" user="woodpeck_fixbot" uid="147510" lat="39.1986430" lon="-119.8152920"/>
 <node id="140720830" visible="true" version="2" changeset="3136604" timestamp="2009-11-16T22:03:15Z" user="woodpeck_fixbot" uid="147510" lat="39.1986850" lon="-119.8152240"/>
 <node id="140720834" visible="true" version="2" changeset="3136604" timestamp="2009-11-16T22:03:15Z" user="woodpeck_fixbot" uid="147510" lat="39.1987340" lon="-119.8151170"/>
 <node id="140720837" visible="true" version="2" changeset="3136604" timestamp="2009-11-16T22:03:16Z" user="woodpeck_fixbot" uid="147510" lat="39.1987530" lon="-119.8150940"/>
 <node id="140720840" visible="true" version="2" changeset="3136604" timestamp="2009-11-16T22:03:16Z" user="woodpeck_fixbot" uid="147510" lat="39.1987760" lon="-119.8150330"/>
 <node id="140720843" visible="true" version="2" changeset="3136604" timestamp="2009-11-16T22:03:16Z" user="woodpeck_fixbot" uid="147510" lat="39.1988260" lon="-119.8149260"/>
 <node id="140720846" visible="true" version="2" changeset="3136604" timestamp="2009-11-16T22:03:16Z" user="woodpeck_fixbot" uid="147510" lat="39.1988600" lon="-119.8148190"/>
 <node id="140720849" visible="true" version="2" changeset="3136604" timestamp="2009-11-16T22:03:16Z" user="woodpeck_fixbot" uid="147510" lat="39.1988790" lon="-119.8146360"/>
 <node id="140720852" visible="true" version="2" changeset="3136604" timestamp="2009-11-16T22:03:16Z" user="woodpeck_fixbot" uid="147510" lat="39.1988110" lon="-119.8143620"/>
 <node id="140720855" visible="true" version="2" changeset="3136604" timestamp="2009-11-16T22:03:16Z" user="woodpeck_fixbot" uid="147510" lat="39.1987720" lon="-119.8142620"/>
 <node id="140720858" visible="true" version="2" changeset="3136604" timestamp="2009-11-16T22:03:16Z" user="woodpeck_fixbot" uid="147510" lat="39.1987270" lon="-119.8140720"/>
 <node id="140720861" visible="true" version="2" changeset="3136604" timestamp="2009-11-16T22:03:16Z" user="woodpeck_fixbot" uid="147510" lat="39.1987190" lon="-119.8139270"/>
 <node id="140720864" visible="true" version="2" changeset="3136604" timestamp="2009-11-16T22:03:16Z" user="woodpeck_fixbot" uid="147510" lat="39.1987190" lon="-119.8137660"/>
 <node id="140720867" visible="true" version="2" changeset="3136604" timestamp="2009-11-16T22:03:16Z" user="woodpeck_fixbot" uid="147510" lat="39.1988980" lon="-119.8135530"/>
 <node id="140720870" visible="true" version="2" changeset="3136604" timestamp="2009-11-16T22:03:16Z" user="woodpeck_fixbot" uid="147510" lat="39.1991420" lon="-119.8132780"/>
 <node id="140720875" visible="true" version="2" changeset="3136604" timestamp="2009-11-16T22:03:16Z" user="woodpeck_fixbot" uid="147510" lat="39.1992150" lon="-119.8132020"/>
 <node id="140720878" visible="true" version="2" changeset="3136604" timestamp="2009-11-16T22:03:16Z" user="woodpeck_fixbot" uid="147510" lat="39.1992800" lon="-119.8131030"/>
 <node id="140720880" visible="true" version="2" changeset="3136604" timestamp="2009-11-16T22:03:16Z" user="woodpeck_fixbot" uid="147510" lat="39.1993480" lon="-119.8129580"/>
 <node id="140720882" visible="true" version="2" changeset="3136604" timestamp="2009-11-16T22:03:16Z" user="woodpeck_fixbot" uid="147510" lat="39.1993980" lon="-119.8127980"/>
 <node id="140720884" visible="true" version="2" changeset="3136604" timestamp="2009-11-16T22:03:16Z" user="woodpeck_fixbot" uid="147510" lat="39.1994170" lon="-119.8125760"/>
 <node id="140720887" visible="true" version="2" changeset="3136604" timestamp="2009-11-16T22:03:16Z" user="woodpeck_fixbot" uid="147510" lat="39.1994170" lon="-119.8121870"/>
 <node id="140720890" visible="true" version="2" changeset="3136604" timestamp="2009-11-16T22:03:16Z" user="woodpeck_fixbot" uid="147510" lat="39.1994260" lon="-119.8119060"/>
 <node id="140720893" visible="true" version="3" changeset="95253548" timestamp="2020-12-04T00:07:57Z" user="BryanOSullivan" uid="10729167" lat="39.1994392" lon="-119.8116201"/>
 <node id="140721577" visible="true" version="2" changeset="3136604" timestamp="2009-11-16T22:03:26Z" user="woodpeck_fixbot" uid="147510" lat="39.1971050" lon="-119.8102420"/>
 <node id="140721579" visible="true" version="2" changeset="3136604" timestamp="2009-11-16T22:03:26Z" user="woodpeck_fixbot" uid="147510" lat="39.1969600" lon="-119.8101650"/>
 <node id="140721582" visible="true" version="2" changeset="3136604" timestamp="2009-11-16T22:03:26Z" user="woodpeck_fixbot" uid="147510" lat="39.1969110" lon="-119.8101500"/>
 <node id="140721585" visible="true" version="2" changeset="3136604" timestamp="2009-11-16T22:03:26Z" user="woodpeck_fixbot" uid="147510" lat="39.1968080" lon="-119.8100590"/>
 <node id="140721587" visible="true" version="2" changeset="3136604" timestamp="2009-11-16T22:03:26Z" user="woodpeck_fixbot" uid="147510" lat="39.1967700" lon="-119.8100050"/>
 <node id="140721590" visible="true" version="2" changeset="3136604" timestamp="2009-11-16T22:03:26Z" user="woodpeck_fixbot" uid="147510" lat="39.1966970" lon="-119.8098070"/>
 <node id="140721593" visible="true" version="2" changeset="3136604" timestamp="2009-11-16T22:03:26Z" user="woodpeck_fixbot" uid="147510" lat="39.1966820" lon="-119.8096540"/>
 <node id="140721596" visible="true" version="2" changeset="3136604" timestamp="2009-11-16T22:03:26Z" user="woodpeck_fixbot" uid="147510" lat="39.1966820" lon="-119.8094640"/>
 <node id="140721599" visible="true" version="2" changeset="3136604" timestamp="2009-11-16T22:03:26Z" user="woodpeck_fixbot" uid="147510" lat="39.1966900" lon="-119.8094180"/>
 <node id="140721602" visible="true" version="2" changeset="3136604" timestamp="2009-11-16T22:03:26Z" user="woodpeck_fixbot" uid="147510" lat="39.1967200" lon="-119.8090130"/>
 <node id="140721605" visible="true" version="2" changeset="3136604" timestamp="2009-11-16T22:03:26Z" user="woodpeck_fixbot" uid="147510" lat="39.1967090" lon="-119.8089070"/>
 <node id="140721608" visible="true" version="2" changeset="3136604" timestamp="2009-11-16T22:03:26Z" user="woodpeck_fixbot" uid="147510" lat="39.1966590" lon="-119.8087920"/>
 <node id="140721614" visible="true" version="2" changeset="3136604" timestamp="2009-11-16T22:03:26Z" user="woodpeck_fixbot" uid="147510" lat="39.1965980" lon="-119.8087160"/>
 <node id="140721617" visible="true" version="2" changeset="3136604" timestamp="2009-11-16T22:03:26Z" user="woodpeck_fixbot" uid="147510" lat="39.1964610" lon="-119.8086010"/>
 <node id="140721621" visible="true" version="2" changeset="3136604" timestamp="2009-11-16T22:03:27Z" user="woodpeck_fixbot" uid="147510" lat="39.1963080" lon="-119.8085020"/>
 <node id="140721624" visible="true" version="2" changeset="3136604" timestamp="2009-11-16T22:03:27Z" user="woodpeck_fixbot" uid="147510" lat="39.1961750" lon="-119.8084410"/>
 <node id="140721626" visible="true" version="2" changeset="3136604" timestamp="2009-11-16T22:03:27Z" user="woodpeck_fixbot" uid="147510" lat="39.1961360" lon="-119.8083950"/>
 <node id="140721629" visible="true" version="2" changeset="3136604" timestamp="2009-11-16T22:03:27Z" user="woodpeck_fixbot" uid="147510" lat="39.1960790" lon="-119.8082660"/>
 <node id="140721650" visible="true" version="2" changeset="3136604" timestamp="2009-11-16T22:03:27Z" user="woodpeck_fixbot" uid="147510" lat="39.1959760" lon="-119.8077700"/>
 <node id="140721654" visible="true" version="2" changeset="3136604" timestamp="2009-11-16T22:03:27Z" user="woodpeck_fixbot" uid="147510" lat="39.1959300" lon="-119.8075710"/>
 <node id="140721657" visible="true" version="2" changeset="3136604" timestamp="2009-11-16T22:03:27Z" user="woodpeck_fixbot" uid="147510" lat="39.1958660" lon="-119.8072430"/>
 <node id="140721661" visible="true" version="2" changeset="3136604" timestamp="2009-11-16T22:03:27Z" user="woodpeck_fixbot" uid="147510" lat="39.1958200" lon="-119.8071520"/>
 <node id="140721666" visible="true" version="2" changeset="3136604" timestamp="2009-11-16T22:03:27Z" user="woodpeck_fixbot" uid="147510" lat="39.1957630" lon="-119.8070760"/>
 <node id="140721668" visible="true" version="2" changeset="3136604" timestamp="2009-11-16T22:03:27Z" user="woodpeck_fixbot" uid="147510" lat="39.1956180" lon="-119.8069380"/>
 <node id="140721671" visible="true" version="3" changeset="72288454" timestamp="2019-07-16T07:08:06Z" user="user_1282393" uid="1282393" lat="39.1954022" lon="-119.8054074"/>
 <node id="140721674" visible="true" version="4" changeset="72288454" timestamp="2019-07-16T07:08:18Z" user="user_1282393" uid="1282393" lat="39.1956029" lon="-119.8054581"/>
 <node id="140721676" visible="true" version="3" changeset="72288454" timestamp="2019-07-16T07:08:06Z" user="user_1282393" uid="1282393" lat="39.1958344" lon="-119.8057816"/>
 <node id="140721679" visible="true" version="3" changeset="72288454" timestamp="2019-07-16T07:08:06Z" user="user_1282393" uid="1282393" lat="39.1959548" lon="-119.8059008"/>
 <node id="140721682" visible="true" version="3" changeset="72288454" timestamp="2019-07-16T07:08:06Z" user="user_1282393" uid="1282393" lat="39.1960991" lon="-119.8059516"/>
 <node id="140721685" visible="true" version="3" changeset="72288454" timestamp="2019-07-16T07:08:06Z" user="user_1282393" uid="1282393" lat="39.1963249" lon="-119.8060683"/>
 <node id="140721689" visible="true" version="3" changeset="72288454" timestamp="2019-07-16T07:08:06Z" user="user_1282393" uid="1282393" lat="39.1965720" lon="-119.8062748"/>
 <node id="140721692" visible="true" version="3" changeset="72288454" timestamp="2019-07-16T07:08:06Z" user="user_1282393" uid="1282393" lat="39.1967804" lon="-119.8065065"/>
 <node id="140721695" visible="true" version="3" changeset="72288454" timestamp="2019-07-16T07:08:06Z" user="user_1282393" uid="1282393" lat="39.1969278" lon="-119.8067884"/>
 <node id="140721698" visible="true" version="2" changeset="3136604" timestamp="2009-11-16T22:03:28Z" user="woodpeck_fixbot" uid="147510" lat="39.1970140" lon="-119.8068320"/>
 <node id="140721701" visible="true" version="2" changeset="3136604" timestamp="2009-11-16T22:03:28Z" user="woodpeck_fixbot" uid="147510" lat="39.1971730" lon="-119.8068850"/>
 <node id="140721705" visible="true" version="3" changeset="72288454" timestamp="2019-07-16T07:00:44Z" user="user_1282393" uid="1282393" lat="39.1973735" lon="-119.8068995"/>
 <node id="140721720" visible="true" version="2" changeset="3136604" timestamp="2009-11-16T22:03:28Z" user="woodpeck_fixbot" uid="147510" lat="39.2017060" lon="-119.8080290"/>
 <node id="140721723" visible="true" version="2" changeset="3136604" timestamp="2009-11-16T22:03:28Z" user="woodpeck_fixbot" uid="147510" lat="39.2018170" lon="-119.8080900"/>
 <node id="140721728" visible="true" version="2" changeset="3136604" timestamp="2009-11-16T22:03:28Z" user="woodpeck_fixbot" uid="147510" lat="39.2018300" lon="-119.8081060"/>
 <node id="140721731" visible="true" version="2" changeset="3136604" timestamp="2009-11-16T22:03:28Z" user="woodpeck_fixbot" uid="147510" lat="39.2018850" lon="-119.8081440"/>
 <node id="140721732" visible="true" version="2" changeset="3136604" timestamp="2009-11-16T22:03:28Z" user="woodpeck_fixbot" uid="147510" lat="39.2020380" lon="-119.8083000"/>
 <node id="140721735" visible="true" version="2" changeset="3136604" timestamp="2009-11-16T22:03:28Z" user="woodpeck_fixbot" uid="147510" lat="39.2021330" lon="-119.8084110"/>
 <node id="140721737" visible="true" version="2" changeset="3136604" timestamp="2009-11-16T22:03:28Z" user="woodpeck_fixbot" uid="147510" lat="39.2021980" lon="-119.8084720"/>
 <node id="140721740" visible="true" version="2" changeset="3136604" timestamp="2009-11-16T22:03:28Z" user="woodpeck_fixbot" uid="147510" lat="39.2023850" lon="-119.8086620"/>
 <node id="140721743" visible="true" version="3" changeset="72288454" timestamp="2019-07-16T06:59:29Z" user="user_1282393" uid="1282393" lat="39.2025150" lon="-119.8087770">
  <tag k="highway" v="turning_circle"/>
 </node>
 <node id="140721788" visible="true" version="2" changeset="3136604" timestamp="2009-11-16T22:03:29Z" user="woodpeck_fixbot" uid="147510" lat="39.1995160" lon="-119.8070450"/>
 <node id="140721791" visible="true" version="2" changeset="3136604" timestamp="2009-11-16T22:03:29Z" user="woodpeck_fixbot" uid="147510" lat="39.1994090" lon="-119.8068080"/>
 <node id="140721793" visible="true" version="3" changeset="72288454" timestamp="2019-07-16T06:59:48Z" user="user_1282393" uid="1282393" lat="39.1990620" lon="-119.8060840">
  <tag k="highway" v="turning_circle"/>
 </node>
 <node id="140722793" visible="true" version="2" changeset="3136604" timestamp="2009-11-16T22:03:44Z" user="woodpeck_fixbot" uid="147510" lat="39.2080040" lon="-119.8152540"/>
 <node id="140722795" visible="true" version="2" changeset="3136604" timestamp="2009-11-16T22:03:44Z" user="woodpeck_fixbot" uid="147510" lat="39.2080080" lon="-119.8151400"/>
 <node id="140722797" visible="true" version="2" changeset="3136604" timestamp="2009-11-16T22:03:44Z" user="woodpeck_fixbot" uid="147510" lat="39.2080000" lon="-119.8146900"/>
 <node id="140722798" visible="true" version="2" changeset="3136604" timestamp="2009-11-16T22:03:44Z" user="woodpeck_fixbot" uid="147510" lat="39.2080000" lon="-119.8140720"/>
 <node id="140722799" visible="true" version="2" changeset="3136604" timestamp="2009-11-16T22:03:44Z" user="woodpeck_fixbot" uid="147510" lat="39.2079890" lon="-119.8130870"/>
 <node id="140722800" visible="true" version="2" changeset="3136604" timestamp="2009-11-16T22:03:44Z" user="woodpeck_fixbot" uid="147510" lat="39.2079960" lon="-119.8128510"/>
 <node id="140722801" visible="true" version="2" changeset="3136604" timestamp="2009-11-16T22:03:44Z" user="woodpeck_fixbot" uid="147510" lat="39.2079960" lon="-119.8105380"/>
 <node id="140722803" visible="true" version="2" changeset="3136604" timestamp="2009-11-16T22:03:44Z" user="woodpeck_fixbot" uid="147510" lat="39.2079930" lon="-119.8103030"/>
 <node id="140722804" visible="true" version="2" changeset="3136604" timestamp="2009-11-16T22:03:44Z" user="woodpeck_fixbot" uid="147510" lat="39.2079850" lon="-119.8100990"/>
 <node id="140722807" visible="true" version="2" changeset="3136604" timestamp="2009-11-16T22:03:44Z" user="woodpeck_fixbot" uid="147510" lat="39.2079770" lon="-119.8095660"/>
 <node id="140722810" visible="true" version="2" changeset="3136604" timestamp="2009-11-16T22:03:44Z" user="woodpeck_fixbot" uid="147510" lat="39.2079700" lon="-119.8094710"/>
 <node id="140722813" visible="true" version="2" changeset="3136604" timestamp="2009-11-16T22:03:44Z" user="woodpeck_fixbot" uid="147510" lat="39.2079390" lon="-119.8093410"/>
 <node id="140722815" visible="true" version="2" changeset="3136604" timestamp="2009-11-16T22:03:44Z" user="woodpeck_fixbot" uid="147510" lat="39.2078230" lon="-119.8090970"/>
 <node id="140722817" visible="true" version="2" changeset="3136604" timestamp="2009-11-16T22:03:44Z" user="woodpeck_fixbot" uid="147510" lat="39.2077900" lon="-119.8090360"/>
 <node id="140722819" visible="true" version="2" changeset="3136604" timestamp="2009-11-16T22:03:44Z" user="woodpeck_fixbot" uid="147510" lat="39.2077220" lon="-119.8088840"/>
 <node id="140722821" visible="true" version="2" changeset="3136604" timestamp="2009-11-16T22:03:44Z" user="woodpeck_fixbot" uid="147510" lat="39.2077060" lon="-119.8088380"/>
 <node id="140722823" visible="true" version="2" changeset="3136604" timestamp="2009-11-16T22:03:44Z" user="woodpeck_fixbot" uid="147510" lat="39.2076990" lon="-119.8087540"/>
 <node id="140722826" visible="true" version="2" changeset="3136604" timestamp="2009-11-16T22:03:45Z" user="woodpeck_fixbot" uid="147510" lat="39.2076870" lon="-119.8086780"/>
 <node id="140722829" visible="true" version="2" changeset="3136604" timestamp="2009-11-16T22:03:45Z" user="woodpeck_fixbot" uid="147510" lat="39.2076990" lon="-119.8085940"/>
 <node id="140722831" visible="true" version="2" changeset="3136604" timestamp="2009-11-16T22:03:45Z" user="woodpeck_fixbot" uid="147510" lat="39.2077530" lon="-119.8083990"/>
 <node id="140722834" visible="true" version="2" changeset="3136604" timestamp="2009-11-16T22:03:45Z" user="woodpeck_fixbot" uid="147510" lat="39.2077870" lon="-119.8082050"/>
 <node id="140722835" visible="true" version="2" changeset="3136604" timestamp="2009-11-16T22:03:45Z" user="woodpeck_fixbot" uid="147510" lat="39.2077900" lon="-119.8080900"/>
 <node id="140722838" visible="true" version="2" changeset="3136604" timestamp="2009-11-16T22:03:45Z" user="woodpeck_fixbot" uid="147510" lat="39.2077750" lon="-119.8079380"/>
 <node id="140722840" visible="true" version="2" changeset="3136604" timestamp="2009-11-16T22:03:45Z" user="woodpeck_fixbot" uid="147510" lat="39.2077100" lon="-119.8077620"/>
 <node id="140722844" visible="true" version="2" changeset="3136604" timestamp="2009-11-16T22:03:45Z" user="woodpeck_fixbot" uid="147510" lat="39.2075040" lon="-119.8073270"/>
 <node id="140722847" visible="true" version="2" changeset="3136604" timestamp="2009-11-16T22:03:45Z" user="woodpeck_fixbot" uid="147510" lat="39.2074010" lon="-119.8071370"/>
 <node id="140722850" visible="true" version="2" changeset="3136604" timestamp="2009-11-16T22:03:45Z" user="woodpeck_fixbot" uid="147510" lat="39.2073710" lon="-119.8070600"/>
 <node id="140722853" visible="true" version="2" changeset="3136604" timestamp="2009-11-16T22:03:45Z" user="woodpeck_fixbot" uid="147510" lat="39.2073440" lon="-119.8070140"/>
 <node id="140722856" visible="true" version="2" changeset="3136604" timestamp="2009-11-16T22:03:45Z" user="woodpeck_fixbot" uid="147510" lat="39.2073290" lon="-119.8069690"/>
 <node id="140722859" visible="true" version="2" changeset="3136604" timestamp="2009-11-16T22:03:45Z" user="woodpeck_fixbot" uid="147510" lat="39.2072940" lon="-119.8067700"/>
 <node id="140722862" visible="true" version="2" changeset="3136604" timestamp="2009-11-16T22:03:45Z" user="woodpeck_fixbot" uid="147510" lat="39.2072870" lon="-119.8066780"/>
 <node id="140722864" visible="true" version="2" changeset="3136604" timestamp="2009-11-16T22:03:45Z" user="woodpeck_fixbot" uid="147510" lat="39.2072720" lon="-119.8064730"/>
 <node id="140722867" visible="true" version="2" changeset="3136604" timestamp="2009-11-16T22:03:45Z" user="woodpeck_fixbot" uid="147510" lat="39.2072720" lon="-119.8063960"/>
 <node id="140722869" visible="true" version="2" changeset="3136604" timestamp="2009-11-16T22:03:45Z" user="woodpeck_fixbot" uid="147510" lat="39.2072380" lon="-119.8061620"/>
 <node id="140722872" visible="true" version="2" changeset="3136604" timestamp="2009-11-16T22:03:46Z" user="woodpeck_fixbot" uid="147510" lat="39.2071610" lon="-119.8059460"/>
 <node id="140722875" visible="true" version="2" changeset="3136604" timestamp="2009-11-16T22:03:46Z" user="woodpeck_fixbot" uid="147510" lat="39.2070810" lon="-119.8058320"/>
 <node id="140722877" visible="true" version="2" changeset="3136604" timestamp="2009-11-16T22:03:46Z" user="woodpeck_fixbot" uid="147510" lat="39.2069440" lon="-119.8057250"/>
 <node id="140724532" visible="true" version="3" changeset="72288454" timestamp="2019-07-16T06:57:21Z" user="user_1282393" uid="1282393" lat="39.2086460" lon="-119.8105330">
  <tag k="highway" v="turning_circle"/>
 </node>
 <node id="140726909" visible="true" version="2" changeset="3136604" timestamp="2009-11-16T22:05:06Z" user="woodpeck_fixbot" uid="147510" lat="39.1978680" lon="-119.8136290"/>
 <node id="140726913" visible="true" version="2" changeset="3136604" timestamp="2009-11-16T22:05:06Z" user="woodpeck_fixbot" uid="147510" lat="39.1978650" lon="-119.8137130"/>
 <node id="140726916" visible="true" version="2" changeset="3136604" timestamp="2009-11-16T22:05:06Z" user="woodpeck_fixbot" uid="147510" lat="39.1978000" lon="-119.8140720"/>
 <node id="140726921" visible="true" version="2" changeset="3136604" timestamp="2009-11-16T22:05:06Z" user="woodpeck_fixbot" uid="147510" lat="39.1977650" lon="-119.8142090"/>
 <node id="140726927" visible="true" version="2" changeset="3136604" timestamp="2009-11-16T22:05:06Z" user="woodpeck_fixbot" uid="147510" lat="39.1977390" lon="-119.8143540"/>
 <node id="140726931" visible="true" version="2" changeset="3136604" timestamp="2009-11-16T22:05:06Z" user="woodpeck_fixbot" uid="147510" lat="39.1977200" lon="-119.8144070"/>
 <node id="140726937" visible="true" version="2" changeset="3136604" timestamp="2009-11-16T22:05:06Z" user="woodpeck_fixbot" uid="147510" lat="39.1977040" lon="-119.8145520"/>
 <node id="140726940" visible="true" version="2" changeset="3136604" timestamp="2009-11-16T22:05:06Z" user="woodpeck_fixbot" uid="147510" lat="39.1977120" lon="-119.8146210"/>
 <node id="140726943" visible="true" version="4" changeset="98273740" timestamp="2021-01-28T07:06:17Z" user="mshahaba" uid="11705799" lat="39.1977122" lon="-119.8146510">
  <tag k="highway" v="turning_circle"/>
 </node>
 <node id="140729242" visible="true" version="2" changeset="3136604" timestamp="2009-11-16T22:05:35Z" user="woodpeck_fixbot" uid="147510" lat="39.1985880" lon="-119.8137400"/>
 <node id="140729244" visible="true" version="2" changeset="3136604" timestamp="2009-11-16T22:05:35Z" user="woodpeck_fixbot" uid="147510" lat="39.1984500" lon="-119.8137300"/>
 <node id="140729247" visible="true" version="2" changeset="3136604" timestamp="2009-11-16T22:05:35Z" user="woodpeck_fixbot" uid="147510" lat="39.1984030" lon="-119.8137270"/>
 <node id="140729251" visible="true" version="2" changeset="3136604" timestamp="2009-11-16T22:05:35Z" user="woodpeck_fixbot" uid="147510" lat="39.1982530" lon="-119.8137030"/>
 <node id="140729255" visible="true" version="2" changeset="3136604" timestamp="2009-11-16T22:05:35Z" user="woodpeck_fixbot" uid="147510" lat="39.1979740" lon="-119.8136380"/>
 <node id="140729266" visible="true" version="2" changeset="3136604" timestamp="2009-11-16T22:05:35Z" user="woodpeck_fixbot" uid="147510" lat="39.1979290" lon="-119.8129040"/>
 <node id="140729269" visible="true" version="2" changeset="3136604" timestamp="2009-11-16T22:05:35Z" user="woodpeck_fixbot" uid="147510" lat="39.1979260" lon="-119.8126910"/>
 <node id="140729271" visible="true" version="2" changeset="3136604" timestamp="2009-11-16T22:05:35Z" user="woodpeck_fixbot" uid="147510" lat="39.1979060" lon="-119.8125310"/>
 <node id="140729274" visible="true" version="2" changeset="3136604" timestamp="2009-11-16T22:05:35Z" user="woodpeck_fixbot" uid="147510" lat="39.1978680" lon="-119.8123930"/>
 <node id="140729279" visible="true" version="2" changeset="3136604" timestamp="2009-11-16T22:05:35Z" user="woodpeck_fixbot" uid="147510" lat="39.1977730" lon="-119.8121950"/>
 <node id="140729287" visible="true" version="2" changeset="3136604" timestamp="2009-11-16T22:05:36Z" user="woodpeck_fixbot" uid="147510" lat="39.1977010" lon="-119.8120880"/>
 <node id="140729291" visible="true" version="2" changeset="3136604" timestamp="2009-11-16T22:05:36Z" user="woodpeck_fixbot" uid="147510" lat="39.1974180" lon="-119.8117290"/>
 <node id="140729295" visible="true" version="2" changeset="3136604" timestamp="2009-11-16T22:05:36Z" user="woodpeck_fixbot" uid="147510" lat="39.1973920" lon="-119.8117070"/>
 <node id="140729299" visible="true" version="2" changeset="3136604" timestamp="2009-11-16T22:05:36Z" user="woodpeck_fixbot" uid="147510" lat="39.1973720" lon="-119.8116760"/>
 <node id="140729303" visible="true" version="2" changeset="3136604" timestamp="2009-11-16T22:05:36Z" user="woodpeck_fixbot" uid="147510" lat="39.1972580" lon="-119.8115460"/>
 <node id="140729308" visible="true" version="2" changeset="3136604" timestamp="2009-11-16T22:05:36Z" user="woodpeck_fixbot" uid="147510" lat="39.1971930" lon="-119.8114470"/>
 <node id="140729312" visible="true" version="2" changeset="3136604" timestamp="2009-11-16T22:05:36Z" user="woodpeck_fixbot" uid="147510" lat="39.1971210" lon="-119.8113020"/>
 <node id="140729317" visible="true" version="2" changeset="3136604" timestamp="2009-11-16T22:05:36Z" user="woodpeck_fixbot" uid="147510" lat="39.1970750" lon="-119.8111880"/>
 <node id="140729323" visible="true" version="2" changeset="3136604" timestamp="2009-11-16T22:05:36Z" user="woodpeck_fixbot" uid="147510" lat="39.1970440" lon="-119.8110890"/>
 <node id="140729326" visible="true" version="2" changeset="3136604" timestamp="2009-11-16T22:05:36Z" user="woodpeck_fixbot" uid="147510" lat="39.1970100" lon="-119.8109210"/>
 <node id="140729329" visible="true" version="2" changeset="3136604" timestamp="2009-11-16T22:05:36Z" user="woodpeck_fixbot" uid="147510" lat="39.1969990" lon="-119.8107220"/>
 <node id="140729332" visible="true" version="2" changeset="3136604" timestamp="2009-11-16T22:05:36Z" user="woodpeck_fixbot" uid="147510" lat="39.1970410" lon="-119.8104710"/>
 <node id="140729335" visible="true" version="2" changeset="3136604" timestamp="2009-11-16T22:05:36Z" user="woodpeck_fixbot" uid="147510" lat="39.1975220" lon="-119.8087250"/>
 <node id="140729339" visible="true" version="2" changeset="3136604" timestamp="2009-11-16T22:05:36Z" user="woodpeck_fixbot" uid="147510" lat="39.1975880" lon="-119.8085110"/>
 <node id="140729343" visible="true" version="2" changeset="3136604" timestamp="2009-11-16T22:05:36Z" user="woodpeck_fixbot" uid="147510" lat="39.1976420" lon="-119.8083580"/>
 <node id="140729347" visible="true" version="2" changeset="3136604" timestamp="2009-11-16T22:05:36Z" user="woodpeck_fixbot" uid="147510" lat="39.1977210" lon="-119.8082360"/>
 <node id="140729351" visible="true" version="2" changeset="3136604" timestamp="2009-11-16T22:05:36Z" user="woodpeck_fixbot" uid="147510" lat="39.1978690" lon="-119.8081000"/>
 <node id="140729356" visible="true" version="2" changeset="3136604" timestamp="2009-11-16T22:05:36Z" user="woodpeck_fixbot" uid="147510" lat="39.1980640" lon="-119.8079340"/>
 <node id="140729363" visible="true" version="2" changeset="3136604" timestamp="2009-11-16T22:05:36Z" user="woodpeck_fixbot" uid="147510" lat="39.1994170" lon="-119.8071140"/>
 <node id="140729367" visible="true" version="2" changeset="3136604" timestamp="2009-11-16T22:05:36Z" user="woodpeck_fixbot" uid="147510" lat="39.1996350" lon="-119.8069610"/>
 <node id="140729371" visible="true" version="2" changeset="3136604" timestamp="2009-11-16T22:05:36Z" user="woodpeck_fixbot" uid="147510" lat="39.1996710" lon="-119.8069180"/>
 <node id="140729374" visible="true" version="2" changeset="3136604" timestamp="2009-11-16T22:05:36Z" user="woodpeck_fixbot" uid="147510" lat="39.1996880" lon="-119.8069080"/>
 <node id="140729377" visible="true" version="2" changeset="3136604" timestamp="2009-11-16T22:05:36Z" user="woodpeck_fixbot" uid="147510" lat="39.1996990" lon="-119.8068850"/>
 <node id="140729380" visible="true" version="2" changeset="3136604" timestamp="2009-11-16T22:05:36Z" user="woodpeck_fixbot" uid="147510" lat="39.1997180" lon="-119.8068700"/>
 <node id="140729384" visible="true" version="2" changeset="3136604" timestamp="2009-11-16T22:05:37Z" user="woodpeck_fixbot" uid="147510" lat="39.1999090" lon="-119.8066330"/>
 <node id="140729387" visible="true" version="2" changeset="3136604" timestamp="2009-11-16T22:05:37Z" user="woodpeck_fixbot" uid="147510" lat="39.1999240" lon="-119.8066020"/>
 <node id="140729391" visible="true" version="2" changeset="3136604" timestamp="2009-11-16T22:05:37Z" user="woodpeck_fixbot" uid="147510" lat="39.1999590" lon="-119.8065720"/>
 <node id="140729395" visible="true" version="2" changeset="3136604" timestamp="2009-11-16T22:05:37Z" user="woodpeck_fixbot" uid="147510" lat="39.1999690" lon="-119.8065510"/>
 <node id="140729399" visible="true" version="2" changeset="3136604" timestamp="2009-11-16T22:05:37Z" user="woodpeck_fixbot" uid="147510" lat="39.1999860" lon="-119.8065410"/>
 <node id="140729403" visible="true" version="2" changeset="3136604" timestamp="2009-11-16T22:05:37Z" user="woodpeck_fixbot" uid="147510" lat="39.1999970" lon="-119.8065190"/>
 <node id="140729405" visible="true" version="2" changeset="3136604" timestamp="2009-11-16T22:05:37Z" user="woodpeck_fixbot" uid="147510" lat="39.2000140" lon="-119.8065090"/>
 <node id="140729408" visible="true" version="2" changeset="3136604" timestamp="2009-11-16T22:05:37Z" user="woodpeck_fixbot" uid="147510" lat="39.2000470" lon="-119.8064730"/>
 <node id="140729411" visible="true" version="2" changeset="3136604" timestamp="2009-11-16T22:05:37Z" user="woodpeck_fixbot" uid="147510" lat="39.2001760" lon="-119.8063510"/>
 <node id="140729415" visible="true" version="2" changeset="3136604" timestamp="2009-11-16T22:05:37Z" user="woodpeck_fixbot" uid="147510" lat="39.2001990" lon="-119.8063430"/>
 <node id="140729417" visible="true" version="2" changeset="3136604" timestamp="2009-11-16T22:05:37Z" user="woodpeck_fixbot" uid="147510" lat="39.2002450" lon="-119.8063050"/>
 <node id="140729420" visible="true" version="2" changeset="3136604" timestamp="2009-11-16T22:05:37Z" user="woodpeck_fixbot" uid="147510" lat="39.2005120" lon="-119.8061880"/>
 <node id="140729424" visible="true" version="2" changeset="3136604" timestamp="2009-11-16T22:05:37Z" user="woodpeck_fixbot" uid="147510" lat="39.2007260" lon="-119.8060910"/>
 <node id="140729427" visible="true" version="2" changeset="3136604" timestamp="2009-11-16T22:05:37Z" user="woodpeck_fixbot" uid="147510" lat="39.2008740" lon="-119.8060460"/>
 <node id="140729431" visible="true" version="2" changeset="3136604" timestamp="2009-11-16T22:05:37Z" user="woodpeck_fixbot" uid="147510" lat="39.2009660" lon="-119.8060070"/>
 <node id="140729434" visible="true" version="2" changeset="3136604" timestamp="2009-11-16T22:05:37Z" user="woodpeck_fixbot" uid="147510" lat="39.2010540" lon="-119.8059540"/>
 <node id="140729436" visible="true" version="2" changeset="3136604" timestamp="2009-11-16T22:05:37Z" user="woodpeck_fixbot" uid="147510" lat="39.2011220" lon="-119.8059010"/>
 <node id="140729439" visible="true" version="2" changeset="3136604" timestamp="2009-11-16T22:05:37Z" user="woodpeck_fixbot" uid="147510" lat="39.2013660" lon="-119.8057400"/>
 <node id="140729442" visible="true" version="2" changeset="3136604" timestamp="2009-11-16T22:05:37Z" user="woodpeck_fixbot" uid="147510" lat="39.2013930" lon="-119.8057170"/>
 <node id="140729445" visible="true" version="2" changeset="3136604" timestamp="2009-11-16T22:05:37Z" user="woodpeck_fixbot" uid="147510" lat="39.2016260" lon="-119.8056110"/>
 <node id="140729447" visible="true" version="2" changeset="3136604" timestamp="2009-11-16T22:05:37Z" user="woodpeck_fixbot" uid="147510" lat="39.2017560" lon="-119.8055650"/>
 <node id="140729451" visible="true" version="2" changeset="3136604" timestamp="2009-11-16T22:05:37Z" user="woodpeck_fixbot" uid="147510" lat="39.2019880" lon="-119.8055040"/>
 <node id="140729453" visible="true" version="2" changeset="3136604" timestamp="2009-11-16T22:05:37Z" user="woodpeck_fixbot" uid="147510" lat="39.2020370" lon="-119.8054890"/>
 <node id="140729456" visible="true" version="2" changeset="3136604" timestamp="2009-11-16T22:05:37Z" user="woodpeck_fixbot" uid="147510" lat="39.2021090" lon="-119.8054430"/>
 <node id="140729458" visible="true" version="2" changeset="3136604" timestamp="2009-11-16T22:05:38Z" user="woodpeck_fixbot" uid="147510" lat="39.2023790" lon="-119.8052480"/>
 <node id="140729462" visible="true" version="2" changeset="3136604" timestamp="2009-11-16T22:05:38Z" user="woodpeck_fixbot" uid="147510" lat="39.2024520" lon="-119.8052120"/>
 <node id="140729465" visible="true" version="2" changeset="3136604" timestamp="2009-11-16T22:05:38Z" user="woodpeck_fixbot" uid="147510" lat="39.2028080" lon="-119.8049720"/>
 <node id="140729467" visible="true" version="2" changeset="3136604" timestamp="2009-11-16T22:05:38Z" user="woodpeck_fixbot" uid="147510" lat="39.2028580" lon="-119.8049450"/>
 <node id="140729469" visible="true" version="2" changeset="3136604" timestamp="2009-11-16T22:05:38Z" user="woodpeck_fixbot" uid="147510" lat="39.2028870" lon="-119.8049170"/>
 <node id="140729470" visible="true" version="2" changeset="3136604" timestamp="2009-11-16T22:05:38Z" user="woodpeck_fixbot" uid="147510" lat="39.2030220" lon="-119.8048250"/>
 <node id="140729472" visible="true" version="2" changeset="3136604" timestamp="2009-11-16T22:05:38Z" user="woodpeck_fixbot" uid="147510" lat="39.2033440" lon="-119.8046400"/>
 <node id="140729473" visible="true" version="2" changeset="3136604" timestamp="2009-11-16T22:05:38Z" user="woodpeck_fixbot" uid="147510" lat="39.2034650" lon="-119.8046130"/>
 <node id="140729475" visible="true" version="2" changeset="3136604" timestamp="2009-11-16T22:05:38Z" user="woodpeck_fixbot" uid="147510" lat="39.2036360" lon="-119.8045940"/>
 <node id="140729477" visible="true" version="2" changeset="3136604" timestamp="2009-11-16T22:05:38Z" user="woodpeck_fixbot" uid="147510" lat="39.2038570" lon="-119.8046130"/>
 <node id="140729479" visible="true" version="2" changeset="3136604" timestamp="2009-11-16T22:05:38Z" user="woodpeck_fixbot" uid="147510" lat="39.2040790" lon="-119.8046590"/>
 <node id="140729481" visible="true" version="2" changeset="3136604" timestamp="2009-11-16T22:05:38Z" user="woodpeck_fixbot" uid="147510" lat="39.2042990" lon="-119.8046680"/>
 <node id="140729482" visible="true" version="2" changeset="3136604" timestamp="2009-11-16T22:05:38Z" user="woodpeck_fixbot" uid="147510" lat="39.2043630" lon="-119.8046770"/>
 <node id="140729484" visible="true" version="2" changeset="3136604" timestamp="2009-11-16T22:05:38Z" user="woodpeck_fixbot" uid="147510" lat="39.2046570" lon="-119.8046590"/>
 <node id="140729486" visible="true" version="2" changeset="3136604" timestamp="2009-11-16T22:05:38Z" user="woodpeck_fixbot" uid="147510" lat="39.2047640" lon="-119.8046390"/>
 <node id="140729487" visible="true" version="2" changeset="3136604" timestamp="2009-11-16T22:05:38Z" user="woodpeck_fixbot" uid="147510" lat="39.2050490" lon="-119.8045570"/>
 <node id="140729489" visible="true" version="2" changeset="3136604" timestamp="2009-11-16T22:05:38Z" user="woodpeck_fixbot" uid="147510" lat="39.2051770" lon="-119.8045010"/>
 <node id="140729491" visible="true" version="2" changeset="3136604" timestamp="2009-11-16T22:05:38Z" user="woodpeck_fixbot" uid="147510" lat="39.2052140" lon="-119.8044920"/>
 <node id="140729493" visible="true" version="2" changeset="3136604" timestamp="2009-11-16T22:05:38Z" user="woodpeck_fixbot" uid="147510" lat="39.2052490" lon="-119.8044740"/>
 <node id="140729495" visible="true" version="2" changeset="3136604" timestamp="2009-11-16T22:05:38Z" user="woodpeck_fixbot" uid="147510" lat="39.2057910" lon="-119.8042520"/>
 <node id="140729500" visible="true" version="2" changeset="3136604" timestamp="2009-11-16T22:05:38Z" user="woodpeck_fixbot" uid="147510" lat="39.2060060" lon="-119.8041690"/>
 <node id="140729504" visible="true" version="2" changeset="3136604" timestamp="2009-11-16T22:05:38Z" user="woodpeck_fixbot" uid="147510" lat="39.2061340" lon="-119.8041320"/>
 <node id="140729508" visible="true" version="2" changeset="3136604" timestamp="2009-11-16T22:05:38Z" user="woodpeck_fixbot" uid="147510" lat="39.2063190" lon="-119.8041390"/>
 <node id="140729512" visible="true" version="2" changeset="3136604" timestamp="2009-11-16T22:05:38Z" user="woodpeck_fixbot" uid="147510" lat="39.2064340" lon="-119.8041640"/>
 <node id="140729515" visible="true" version="2" changeset="3136604" timestamp="2009-11-16T22:05:39Z" user="woodpeck_fixbot" uid="147510" lat="39.2065380" lon="-119.8042080"/>
 <node id="140729519" visible="true" version="2" changeset="3136604" timestamp="2009-11-16T22:05:39Z" user="woodpeck_fixbot" uid="147510" lat="39.2067890" lon="-119.8043490"/>
 <node id="140729523" visible="true" version="2" changeset="3136604" timestamp="2009-11-16T22:05:39Z" user="woodpeck_fixbot" uid="147510" lat="39.2069190" lon="-119.8044130"/>
 <node id="140729527" visible="true" version="2" changeset="3136604" timestamp="2009-11-16T22:05:39Z" user="woodpeck_fixbot" uid="147510" lat="39.2071840" lon="-119.8045430"/>
 <node id="140730172" visible="true" version="2" changeset="3136604" timestamp="2009-11-16T22:05:45Z" user="woodpeck_fixbot" uid="147510" lat="39.2020070" lon="-119.8055950"/>
 <node id="140730176" visible="true" version="2" changeset="3136604" timestamp="2009-11-16T22:05:45Z" user="woodpeck_fixbot" uid="147510" lat="39.2020230" lon="-119.8058320"/>
 <node id="140730178" visible="true" version="2" changeset="3136604" timestamp="2009-11-16T22:05:45Z" user="woodpeck_fixbot" uid="147510" lat="39.2020450" lon="-119.8060070"/>
 <node id="140730180" visible="true" version="2" changeset="3136604" timestamp="2009-11-16T22:05:45Z" user="woodpeck_fixbot" uid="147510" lat="39.2020840" lon="-119.8062060"/>
 <node id="140730182" visible="true" version="2" changeset="3136604" timestamp="2009-11-16T22:05:45Z" user="woodpeck_fixbot" uid="147510" lat="39.2021410" lon="-119.8063580"/>
 <node id="140730184" visible="true" version="2" changeset="3136604" timestamp="2009-11-16T22:05:45Z" user="woodpeck_fixbot" uid="147510" lat="39.2022590" lon="-119.8066330"/>
 <node id="140731644" visible="true" version="2" changeset="3136604" timestamp="2009-11-16T22:06:04Z" user="woodpeck_fixbot" uid="147510" lat="39.2077040" lon="-119.8037190"/>
 <node id="140731647" visible="true" version="2" changeset="3136604" timestamp="2009-11-16T22:06:04Z" user="woodpeck_fixbot" uid="147510" lat="39.2075500" lon="-119.8038120"/>
 <node id="140731651" visible="true" version="2" changeset="3136604" timestamp="2009-11-16T22:06:04Z" user="woodpeck_fixbot" uid="147510" lat="39.2074460" lon="-119.8039000"/>
 <node id="140731655" visible="true" version="2" changeset="3136604" timestamp="2009-11-16T22:06:04Z" user="woodpeck_fixbot" uid="147510" lat="39.2072770" lon="-119.8042360"/>
 <node id="140731659" visible="true" version="2" changeset="3136604" timestamp="2009-11-16T22:06:04Z" user="woodpeck_fixbot" uid="147510" lat="39.2071140" lon="-119.8047510"/>
 <node id="140731663" visible="true" version="2" changeset="3136604" timestamp="2009-11-16T22:06:04Z" user="woodpeck_fixbot" uid="147510" lat="39.2069550" lon="-119.8052940"/>
 <node id="140731667" visible="true" version="2" changeset="3136604" timestamp="2009-11-16T22:06:04Z" user="woodpeck_fixbot" uid="147510" lat="39.2064110" lon="-119.8069970"/>
 <node id="140731671" visible="true" version="2" changeset="3136604" timestamp="2009-11-16T22:06:04Z" user="woodpeck_fixbot" uid="147510" lat="39.2061040" lon="-119.8080900"/>
 <node id="140731675" visible="true" version="2" changeset="3136604" timestamp="2009-11-16T22:06:04Z" user="woodpeck_fixbot" uid="147510" lat="39.2060620" lon="-119.8083270"/>
 <node id="140731681" visible="true" version="2" changeset="3136604" timestamp="2009-11-16T22:06:04Z" user="woodpeck_fixbot" uid="147510" lat="39.2060360" lon="-119.8087690"/>
 <node id="140731685" visible="true" version="2" changeset="3136604" timestamp="2009-11-16T22:06:04Z" user="woodpeck_fixbot" uid="147510" lat="39.2059560" lon="-119.8105850"/>
 <node id="140731688" visible="true" version="2" changeset="3136604" timestamp="2009-11-16T22:06:04Z" user="woodpeck_fixbot" uid="147510" lat="39.2059290" lon="-119.8110120"/>
 <node id="140731691" visible="true" version="2" changeset="3136604" timestamp="2009-11-16T22:06:05Z" user="woodpeck_fixbot" uid="147510" lat="39.2058830" lon="-119.8112720"/>
 <node id="140731694" visible="true" version="2" changeset="3136604" timestamp="2009-11-16T22:06:05Z" user="woodpeck_fixbot" uid="147510" lat="39.2057690" lon="-119.8116150"/>
 <node id="140731697" visible="true" version="2" changeset="3136604" timestamp="2009-11-16T22:06:05Z" user="woodpeck_fixbot" uid="147510" lat="39.2055660" lon="-119.8121410"/>
 <node id="140731701" visible="true" version="2" changeset="3136604" timestamp="2009-11-16T22:06:05Z" user="woodpeck_fixbot" uid="147510" lat="39.2055090" lon="-119.8122710"/>
 <node id="140731705" visible="true" version="2" changeset="3136604" timestamp="2009-11-16T22:06:05Z" user="woodpeck_fixbot" uid="147510" lat="39.2053600" lon="-119.8126530"/>
 <node id="140731707" visible="true" version="2" changeset="3136604" timestamp="2009-11-16T22:06:05Z" user="woodpeck_fixbot" uid="147510" lat="39.2052270" lon="-119.8129650"/>
 <node id="140731711" visible="true" version="2" changeset="3136604" timestamp="2009-11-16T22:06:05Z" user="woodpeck_fixbot" uid="147510" lat="39.2050550" lon="-119.8134080"/>
 <node id="140731715" visible="true" version="2" changeset="3136604" timestamp="2009-11-16T22:06:05Z" user="woodpeck_fixbot" uid="147510" lat="39.2044140" lon="-119.8149760"/>
 <node id="140731720" visible="true" version="2" changeset="3136604" timestamp="2009-11-16T22:06:05Z" user="woodpeck_fixbot" uid="147510" lat="39.2039320" lon="-119.8176030"/>
 <node id="140731722" visible="true" version="2" changeset="3136604" timestamp="2009-11-16T22:06:05Z" user="woodpeck_fixbot" uid="147510" lat="39.2039050" lon="-119.8177230"/>
 <node id="150933418" visible="true" version="6" changeset="152120459" timestamp="2024-06-01T13:05:32Z" user="Mateusz Konieczny - bot account" uid="3199858" lat="39.2082428" lon="-119.8054610">
  <tag k="ele" v="1573"/>
  <tag k="gnis:feature_id" v="860293"/>
  <tag k="name" v="Lakeview"/>
  <tag k="place" v="neighbourhood"/>
 </node>
 <node id="263586920" visible="true" version="4" changeset="165256651" timestamp="2025-04-21T20:09:54Z" user="idkwhatname2use" uid="16305471" lat="39.2152671" lon="-119.7988950">
  <tag k="attribution" v="USGS 2001 County Boundary"/>
  <tag k="source" v="county_import_v0.1"/>
 </node>
 <node id="439798244" visible="true" version="2" changeset="165256651" timestamp="2025-04-21T20:09:54Z" user="idkwhatname2use" uid="16305471" lat="39.2080710" lon="-119.7988844"/>
 <node id="439798245" visible="true" version="2" changeset="165256651" timestamp="2025-04-21T20:09:54Z" user="idkwhatname2use" uid="16305471" lat="39.2080593" lon="-119.8023207"/>
 <node id="439798610" visible="true" version="2" changeset="165256651" timestamp="2025-04-21T20:09:54Z" user="idkwhatname2use" uid="16305471" lat="39.2096685" lon="-119.8081276"/>
 <node id="439798633" visible="true" version="3" changeset="165256651" timestamp="2025-04-21T20:09:54Z" user="idkwhatname2use" uid="16305471" lat="39.2080176" lon="-119.8267356"/>
 <node id="439798636" visible="true" version="2" changeset="165256651" timestamp="2025-04-21T20:09:54Z" user="idkwhatname2use" uid="16305471" lat="39.2092280" lon="-119.8174266"/>
 <node id="439798637" visible="true" version="2" changeset="165256651" timestamp="2025-04-21T20:09:54Z" user="idkwhatname2use" uid="16305471" lat="39.2080598" lon="-119.8174301"/>
 <node id="460018625" visible="true" version="2" changeset="122970080" timestamp="2022-06-28T18:48:42Z" user="Sequencer" uid="9232223" lat="39.1980034" lon="-119.8337736"/>
 <node id="460018626" visible="true" version="2" changeset="122970080" timestamp="2022-06-28T18:48:42Z" user="Sequencer" uid="9232223" lat="39.1980923" lon="-119.8341990"/>
 <node id="460018627" visible="true" version="2" changeset="122970080" timestamp="2022-06-28T18:48:42Z" user="Sequencer" uid="9232223" lat="39.1982997" lon="-119.8348760"/>
 <node id="460018628" visible="true" version="2" changeset="122970080" timestamp="2022-06-28T18:48:42Z" user="Sequencer" uid="9232223" lat="39.1985036" lon="-119.8354401"/>
 <node id="460018629" visible="true" version="2" changeset="122970080" timestamp="2022-06-28T18:48:42Z" user="Sequencer" uid="9232223" lat="39.1985922" lon="-119.8356549"/>
 <node id="460018630" visible="true" version="2" changeset="122970080" timestamp="2022-06-28T18:48:42Z" user="Sequencer" uid="9232223" lat="39.1985625" lon="-119.8358250"/>
 <node id="460018631" visible="true" version="2" changeset="122970080" timestamp="2022-06-28T18:48:42Z" user="Sequencer" uid="9232223" lat="39.1984821" lon="-119.8358928"/>
 <node id="460018632" visible="true" version="3" changeset="122970080" timestamp="2022-06-28T18:48:42Z" user="Sequencer" uid="9232223" lat="39.1981415" lon="-119.8364029"/>
 <node id="460018633" visible="true" version="2" changeset="122970080" timestamp="2022-06-28T18:48:42Z" user="Sequencer" uid="9232223" lat="39.1981696" lon="-119.8364971"/>
 <node id="460018634" visible="true" version="2" changeset="122970080" timestamp="2022-06-28T18:48:42Z" user="Sequencer" uid="9232223" lat="39.1983802" lon="-119.8368552"/>
 <node id="460018635" visible="true" version="2" changeset="122970080" timestamp="2022-06-28T18:48:42Z" user="Sequencer" uid="9232223" lat="39.1984771" lon="-119.8372207"/>
 <node id="460018636" visible="true" version="2" changeset="122970080" timestamp="2022-06-28T18:48:42Z" user="Sequencer" uid="9232223" lat="39.1987813" lon="-119.8375919"/>
 <node id="460018637" visible="true" version="2" changeset="122970080" timestamp="2022-06-28T18:48:42Z" user="Sequencer" uid="9232223" lat="39.1989345" lon="-119.8378889"/>
 <node id="460018638" visible="true" version="2" changeset="122970080" timestamp="2022-06-28T18:48:42Z" user="Sequencer" uid="9232223" lat="39.1992308" lon="-119.8382363"/>
 <node id="460020753" visible="true" version="1" changeset="2090845" timestamp="2009-08-09T22:17:41Z" user="wallclimber21" uid="81024" lat="39.2082452" lon="-119.8185791"/>
 <node id="460020754" visible="true" version="2" changeset="95253548" timestamp="2020-12-04T00:07:57Z" user="BryanOSullivan" uid="10729167" lat="39.2084280" lon="-119.8187272"/>
 <node id="460020755" visible="true" version="1" changeset="2090845" timestamp="2009-08-09T22:17:41Z" user="wallclimber21" uid="81024" lat="39.2086043" lon="-119.8189139"/>
 <node id="460020756" visible="true" version="2" changeset="95253548" timestamp="2020-12-04T00:07:57Z" user="BryanOSullivan" uid="10729167" lat="39.2090999" lon="-119.8189911"/>
 <node id="460020757" visible="true" version="1" changeset="2090845" timestamp="2009-08-09T22:17:41Z" user="wallclimber21" uid="81024" lat="39.2096219" lon="-119.8190941"/>
 <node id="460020758" visible="true" version="2" changeset="95253548" timestamp="2020-12-04T00:07:57Z" user="BryanOSullivan" uid="10729167" lat="39.2099920" lon="-119.8192429"/>
 <node id="460020759" visible="true" version="2" changeset="95253548" timestamp="2020-12-04T00:07:57Z" user="BryanOSullivan" uid="10729167" lat="39.2108826" lon="-119.8194632"/>
 <node id="460020760" visible="true" version="1" changeset="2090845" timestamp="2009-08-09T22:17:42Z" user="wallclimber21" uid="81024" lat="39.2104997" lon="-119.8212656"/>
 <node id="460020761" visible="true" version="1" changeset="2090845" timestamp="2009-08-09T22:17:42Z" user="wallclimber21" uid="81024" lat="39.2105396" lon="-119.8216519"/>
 <node id="460020762" visible="true" version="1" changeset="2090845" timestamp="2009-08-09T22:17:42Z" user="wallclimber21" uid="81024" lat="39.2108190" lon="-119.8221754"/>
 <node id="460020763" visible="true" version="1" changeset="2090845" timestamp="2009-08-09T22:17:42Z" user="wallclimber21" uid="81024" lat="39.2109919" lon="-119.8224759"/>
 <node id="460020764" visible="true" version="1" changeset="2090845" timestamp="2009-08-09T22:17:42Z" user="wallclimber21" uid="81024" lat="39.2110451" lon="-119.8231453"/>
 <node id="460020765" visible="true" version="1" changeset="2090845" timestamp="2009-08-09T22:17:42Z" user="wallclimber21" uid="81024" lat="39.2111515" lon="-119.8239264"/>
 <node id="460020766" visible="true" version="1" changeset="2090845" timestamp="2009-08-09T22:17:42Z" user="wallclimber21" uid="81024" lat="39.2111116" lon="-119.8243212"/>
 <node id="460020767" visible="true" version="2" changeset="95253548" timestamp="2020-12-04T00:07:57Z" user="BryanOSullivan" uid="10729167" lat="39.2110782" lon="-119.8245730"/>
 <node id="460020768" visible="true" version="1" changeset="2090845" timestamp="2009-08-09T22:17:42Z" user="wallclimber21" uid="81024" lat="39.2111116" lon="-119.8251538"/>
 <node id="460020769" visible="true" version="1" changeset="2090845" timestamp="2009-08-09T22:17:43Z" user="wallclimber21" uid="81024" lat="39.2110052" lon="-119.8254284"/>
 <node id="460020770" visible="true" version="2" changeset="95253548" timestamp="2020-12-04T00:07:57Z" user="BryanOSullivan" uid="10729167" lat="39.2106642" lon="-119.8256396"/>
 <node id="460020771" visible="true" version="2" changeset="95253548" timestamp="2020-12-04T00:07:57Z" user="BryanOSullivan" uid="10729167" lat="39.2103431" lon="-119.8257162"/>
 <node id="460020772" visible="true" version="2" changeset="95253548" timestamp="2020-12-04T00:07:57Z" user="BryanOSullivan" uid="10729167" lat="39.2090639" lon="-119.8270824"/>
 <node id="460020773" visible="true" version="2" changeset="95253548" timestamp="2020-12-04T00:07:57Z" user="BryanOSullivan" uid="10729167" lat="39.2087205" lon="-119.8272531"/>
 <node id="460020774" visible="true" version="2" changeset="95253548" timestamp="2020-12-04T00:07:57Z" user="BryanOSullivan" uid="10729167" lat="39.2075139" lon="-119.8281429"/>
 <node id="460020775" visible="true" version="2" changeset="95253548" timestamp="2020-12-04T00:07:57Z" user="BryanOSullivan" uid="10729167" lat="39.2074281" lon="-119.8282644"/>
 <node id="460020776" visible="true" version="1" changeset="2090845" timestamp="2009-08-09T22:17:43Z" user="wallclimber21" uid="81024" lat="39.2074737" lon="-119.8285698"/>
 <node id="460020777" visible="true" version="1" changeset="2090845" timestamp="2009-08-09T22:17:43Z" user="wallclimber21" uid="81024" lat="39.2075402" lon="-119.8292221"/>
 <node id="460020778" visible="true" version="2" changeset="95253548" timestamp="2020-12-04T00:07:57Z" user="BryanOSullivan" uid="10729167" lat="39.2075292" lon="-119.8299552"/>
 <node id="460020779" visible="true" version="2" changeset="95253548" timestamp="2020-12-04T00:07:57Z" user="BryanOSullivan" uid="10729167" lat="39.2074191" lon="-119.8303626"/>
 <node id="460020780" visible="true" version="2" changeset="95253548" timestamp="2020-12-04T00:07:57Z" user="BryanOSullivan" uid="10729167" lat="39.2074466" lon="-119.8306307"/>
 <node id="460020781" visible="true" version="1" changeset="2090845" timestamp="2009-08-09T22:17:44Z" user="wallclimber21" uid="81024" lat="39.2075735" lon="-119.8308958"/>
 <node id="460020782" visible="true" version="2" changeset="95253548" timestamp="2020-12-04T00:07:57Z" user="BryanOSullivan" uid="10729167" lat="39.2076771" lon="-119.8313401"/>
 <node id="460020783" visible="true" version="2" changeset="95253548" timestamp="2020-12-04T00:07:57Z" user="BryanOSullivan" uid="10729167" lat="39.2076582" lon="-119.8315601"/>
 <node id="460020784" visible="true" version="2" changeset="95253548" timestamp="2020-12-04T00:07:57Z" user="BryanOSullivan" uid="10729167" lat="39.2075367" lon="-119.8317504"/>
 <node id="460020785" visible="true" version="1" changeset="2090845" timestamp="2009-08-09T22:17:44Z" user="wallclimber21" uid="81024" lat="39.2072144" lon="-119.8320717"/>
 <node id="460020786" visible="true" version="1" changeset="2090845" timestamp="2009-08-09T22:17:44Z" user="wallclimber21" uid="81024" lat="39.2070946" lon="-119.8325352"/>
 <node id="460020787" visible="true" version="2" changeset="95253548" timestamp="2020-12-04T00:07:57Z" user="BryanOSullivan" uid="10729167" lat="39.2070875" lon="-119.8331806"/>
 <node id="460020788" visible="true" version="2" changeset="95253548" timestamp="2020-12-04T00:07:57Z" user="BryanOSullivan" uid="10729167" lat="39.2070755" lon="-119.8334732"/>
 <node id="460020789" visible="true" version="2" changeset="95253548" timestamp="2020-12-04T00:07:57Z" user="BryanOSullivan" uid="10729167" lat="39.2067734" lon="-119.8338206"/>
 <node id="460020790" visible="true" version="2" changeset="95253548" timestamp="2020-12-04T00:07:57Z" user="BryanOSullivan" uid="10729167" lat="39.2065378" lon="-119.8339141"/>
 <node id="460020791" visible="true" version="2" changeset="95253548" timestamp="2020-12-04T00:07:57Z" user="BryanOSullivan" uid="10729167" lat="39.2063419" lon="-119.8338475"/>
 <node id="460020792" visible="true" version="1" changeset="2090845" timestamp="2009-08-09T22:17:44Z" user="wallclimber21" uid="81024" lat="39.2054918" lon="-119.8340802"/>
 <node id="460020793" visible="true" version="1" changeset="2090845" timestamp="2009-08-09T22:17:45Z" user="wallclimber21" uid="81024" lat="39.2051460" lon="-119.8341059"/>
 <node id="460020794" visible="true" version="1" changeset="2090845" timestamp="2009-08-09T22:17:45Z" user="wallclimber21" uid="81024" lat="39.2044210" lon="-119.8347668"/>
 <node id="460020795" visible="true" version="1" changeset="2090845" timestamp="2009-08-09T22:17:45Z" user="wallclimber21" uid="81024" lat="39.2041616" lon="-119.8349041"/>
 <node id="460020796" visible="true" version="1" changeset="2090845" timestamp="2009-08-09T22:17:45Z" user="wallclimber21" uid="81024" lat="39.2039355" lon="-119.8347926"/>
 <node id="460020797" visible="true" version="1" changeset="2090845" timestamp="2009-08-09T22:17:45Z" user="wallclimber21" uid="81024" lat="39.2037626" lon="-119.8345007"/>
 <node id="460020798" visible="true" version="1" changeset="2090845" timestamp="2009-08-09T22:17:45Z" user="wallclimber21" uid="81024" lat="39.2033901" lon="-119.8343291"/>
 <node id="460020799" visible="true" version="1" changeset="2090845" timestamp="2009-08-09T22:17:45Z" user="wallclimber21" uid="81024" lat="39.2030575" lon="-119.8338570"/>
 <node id="460020800" visible="true" version="1" changeset="2090845" timestamp="2009-08-09T22:17:45Z" user="wallclimber21" uid="81024" lat="39.2028913" lon="-119.8334622"/>
 <node id="460020801" visible="true" version="1" changeset="2090845" timestamp="2009-08-09T22:17:45Z" user="wallclimber21" uid="81024" lat="39.2028647" lon="-119.8332390"/>
 <node id="460020802" visible="true" version="1" changeset="2090845" timestamp="2009-08-09T22:17:46Z" user="wallclimber21" uid="81024" lat="39.2029644" lon="-119.8329558"/>
 <node id="460020803" visible="true" version="1" changeset="2090845" timestamp="2009-08-09T22:17:46Z" user="wallclimber21" uid="81024" lat="39.2030043" lon="-119.8326897"/>
 <node id="460020804" visible="true" version="1" changeset="2090845" timestamp="2009-08-09T22:17:46Z" user="wallclimber21" uid="81024" lat="39.2029312" lon="-119.8323893"/>
 <node id="460020805" visible="true" version="1" changeset="2090845" timestamp="2009-08-09T22:17:46Z" user="wallclimber21" uid="81024" lat="39.2027782" lon="-119.8321833"/>
 <node id="460020806" visible="true" version="1" changeset="2090845" timestamp="2009-08-09T22:17:46Z" user="wallclimber21" uid="81024" lat="39.2025055" lon="-119.8319258"/>
 <node id="460020807" visible="true" version="2" changeset="95253228" timestamp="2020-12-03T23:44:56Z" user="BryanOSullivan" uid="10729167" lat="39.2021746" lon="-119.8300625"/>
 <node id="460020808" visible="true" version="1" changeset="2090845" timestamp="2009-08-09T22:17:46Z" user="wallclimber21" uid="81024" lat="39.2015743" lon="-119.8313507"/>
 <node id="460020809" visible="true" version="1" changeset="2090845" timestamp="2009-08-09T22:17:46Z" user="wallclimber21" uid="81024" lat="39.2012883" lon="-119.8317027"/>
 <node id="460020810" visible="true" version="2" changeset="122970080" timestamp="2022-06-28T18:48:42Z" user="Sequencer" uid="9232223" lat="39.2009944" lon="-119.8317504"/>
 <node id="460020811" visible="true" version="3" changeset="122970080" timestamp="2022-06-28T18:48:42Z" user="Sequencer" uid="9232223" lat="39.2006193" lon="-119.8328137"/>
 <node id="460020812" visible="true" version="3" changeset="122970080" timestamp="2022-06-28T18:48:42Z" user="Sequencer" uid="9232223" lat="39.2000866" lon="-119.8331113"/>
 <node id="460020813" visible="true" version="2" changeset="122970080" timestamp="2022-06-28T18:48:42Z" user="Sequencer" uid="9232223" lat="39.1994800" lon="-119.8329695"/>
 <node id="460020814" visible="true" version="2" changeset="122970080" timestamp="2022-06-28T18:48:42Z" user="Sequencer" uid="9232223" lat="39.1987379" lon="-119.8331245"/>
 <node id="460020815" visible="true" version="2" changeset="122970080" timestamp="2022-06-28T18:48:42Z" user="Sequencer" uid="9232223" lat="39.1982251" lon="-119.8333259"/>
 <node id="460022384" visible="true" version="2" changeset="95253548" timestamp="2020-12-04T00:07:57Z" user="BryanOSullivan" uid="10729167" lat="39.2069699" lon="-119.8336428"/>
 <node id="460030523" visible="true" version="2" changeset="12133465" timestamp="2012-07-06T18:53:48Z" user="Chris Bell in California" uid="194231" lat="39.2235556" lon="-119.9098403">
  <tag k="power" v="tower"/>
 </node>
 <node id="460030524" visible="true" version="2" changeset="12133465" timestamp="2012-07-06T18:53:48Z" user="Chris Bell in California" uid="194231" lat="39.2261421" lon="-119.9148528">
  <tag k="power" v="tower"/>
 </node>
 <node id="460030525" visible="true" version="2" changeset="12133465" timestamp="2012-07-06T18:53:48Z" user="Chris Bell in California" uid="194231" lat="39.2317868" lon="-119.9183204">
  <tag k="power" v="tower"/>
 </node>
 <node id="460030526" visible="true" version="2" changeset="12133465" timestamp="2012-07-06T18:53:48Z" user="Chris Bell in California" uid="194231" lat="39.2395450" lon="-119.9227406">
  <tag k="power" v="tower"/>
 </node>
 <node id="460030527" visible="true" version="2" changeset="12133465" timestamp="2012-07-06T18:53:48Z" user="Chris Bell in California" uid="194231" lat="39.2394957" lon="-119.9240016"/>
 <node id="460030774" visible="true" version="2" changeset="12133465" timestamp="2012-07-06T18:53:48Z" user="Chris Bell in California" uid="194231" lat="39.2229710" lon="-119.9087962">
  <tag k="power" v="tower"/>
 </node>
 <node id="1762363152" visible="true" version="3" changeset="80428050" timestamp="2020-02-02T08:20:31Z" user="KindredCoda" uid="14293" lat="39.2132626" lon="-119.8067450"/>
 <node id="1815118560" visible="true" version="1" changeset="12133465" timestamp="2012-07-06T18:52:46Z" user="Chris Bell in California" uid="194231" lat="39.1890449" lon="-119.6968974"/>
 <node id="1815118571" visible="true" version="1" changeset="12133465" timestamp="2012-07-06T18:52:46Z" user="Chris Bell in California" uid="194231" lat="39.1900119" lon="-119.6963900">
  <tag k="power" v="tower"/>
 </node>
 <node id="1815118575" visible="true" version="1" changeset="12133465" timestamp="2012-07-06T18:52:46Z" user="Chris Bell in California" uid="194231" lat="39.1910675" lon="-119.6964492">
  <tag k="power" v="tower"/>
 </node>
 <node id="1815118593" visible="true" version="1" changeset="12133465" timestamp="2012-07-06T18:52:47Z" user="Chris Bell in California" uid="194231" lat="39.1929475" lon="-119.6964245">
  <tag k="power" v="tower"/>
 </node>
 <node id="1815118598" visible="true" version="1" changeset="12133465" timestamp="2012-07-06T18:52:47Z" user="Chris Bell in California" uid="194231" lat="39.1945428" lon="-119.6963604">
  <tag k="power" v="tower"/>
 </node>
 <node id="1815118605" visible="true" version="1" changeset="12133465" timestamp="2012-07-06T18:52:48Z" user="Chris Bell in California" uid="194231" lat="39.1966615" lon="-119.6964048">
  <tag k="power" v="tower"/>
 </node>
 <node id="1815118611" visible="true" version="1" changeset="12133465" timestamp="2012-07-06T18:52:48Z" user="Chris Bell in California" uid="194231" lat="39.1988165" lon="-119.6963900">
  <tag k="power" v="tower"/>
 </node>
 <node id="1815118615" visible="true" version="1" changeset="12133465" timestamp="2012-07-06T18:52:48Z" user="Chris Bell in California" uid="194231" lat="39.2005626" lon="-119.6963949">
  <tag k="power" v="tower"/>
 </node>
 <node id="1815118618" visible="true" version="1" changeset="12133465" timestamp="2012-07-06T18:52:48Z" user="Chris Bell in California" uid="194231" lat="39.2010249" lon="-119.6974821">
  <tag k="power" v="tower"/>
 </node>
 <node id="1815118620" visible="true" version="1" changeset="12133465" timestamp="2012-07-06T18:52:49Z" user="Chris Bell in California" uid="194231" lat="39.2021234" lon="-119.6999251">
  <tag k="power" v="tower"/>
 </node>
 <node id="1815118621" visible="true" version="1" changeset="12133465" timestamp="2012-07-06T18:52:49Z" user="Chris Bell in California" uid="194231" lat="39.2022001" lon="-119.8475677">
  <tag k="power" v="tower"/>
 </node>
 <node id="1815118622" visible="true" version="1" changeset="12133465" timestamp="2012-07-06T18:52:49Z" user="Chris Bell in California" uid="194231" lat="39.2023894" lon="-119.8500321">
  <tag k="power" v="tower"/>
 </node>
 <node id="1815118623" visible="true" version="1" changeset="12133465" timestamp="2012-07-06T18:52:49Z" user="Chris Bell in California" uid="194231" lat="39.2026970" lon="-119.8552315">
  <tag k="power" v="tower"/>
 </node>
 <node id="1815118624" visible="true" version="1" changeset="12133465" timestamp="2012-07-06T18:52:49Z" user="Chris Bell in California" uid="194231" lat="39.2028525" lon="-119.8573482">
  <tag k="power" v="tower"/>
 </node>
 <node id="1815118625" visible="true" version="1" changeset="12133465" timestamp="2012-07-06T18:52:49Z" user="Chris Bell in California" uid="194231" lat="39.2029181" lon="-119.7017197">
  <tag k="power" v="tower"/>
 </node>
 <node id="1815118626" visible="true" version="1" changeset="12133465" timestamp="2012-07-06T18:52:49Z" user="Chris Bell in California" uid="194231" lat="39.2030419" lon="-119.8462691">
  <tag k="power" v="tower"/>
 </node>
 <node id="1815118627" visible="true" version="1" changeset="12133465" timestamp="2012-07-06T18:52:49Z" user="Chris Bell in California" uid="194231" lat="39.2031499" lon="-119.8609805">
  <tag k="power" v="tower"/>
 </node>
 <node id="1815118630" visible="true" version="1" changeset="12133465" timestamp="2012-07-06T18:52:49Z" user="Chris Bell in California" uid="194231" lat="39.2037013" lon="-119.7034725">
  <tag k="power" v="tower"/>
 </node>
 <node id="1815118631" visible="true" version="1" changeset="12133465" timestamp="2012-07-06T18:52:49Z" user="Chris Bell in California" uid="194231" lat="39.2040414" lon="-119.8448537">
  <tag k="power" v="tower"/>
 </node>
 <node id="1815118632" visible="true" version="1" changeset="12133465" timestamp="2012-07-06T18:52:49Z" user="Chris Bell in California" uid="194231" lat="39.2044635" lon="-119.7052104">
  <tag k="power" v="tower"/>
 </node>
 <node id="1815118634" visible="true" version="1" changeset="12133465" timestamp="2012-07-06T18:52:49Z" user="Chris Bell in California" uid="194231" lat="39.2050346" lon="-119.7065145">
  <tag k="power" v="tower"/>
 </node>
 <node id="1815118635" visible="true" version="1" changeset="12133465" timestamp="2012-07-06T18:52:49Z" user="Chris Bell in California" uid="194231" lat="39.2053019" lon="-119.8628825">
  <tag k="power" v="tower"/>
 </node>
 <node id="1815118637" visible="true" version="1" changeset="12133465" timestamp="2012-07-06T18:52:49Z" user="Chris Bell in California" uid="194231" lat="39.2057382" lon="-119.8250115">
  <tag k="power" v="tower"/>
 </node>
 <node id="1815118639" visible="true" version="1" changeset="12133465" timestamp="2012-07-06T18:52:50Z" user="Chris Bell in California" uid="194231" lat="39.2060127" lon="-119.7086099">
  <tag k="power" v="tower"/>
 </node>
 <node id="1815118640" visible="true" version="1" changeset="12133465" timestamp="2012-07-06T18:52:50Z" user="Chris Bell in California" uid="194231" lat="39.2061950" lon="-119.8417659">
  <tag k="power" v="tower"/>
 </node>
 <node id="1815118641" visible="true" version="1" changeset="12133465" timestamp="2012-07-06T18:52:50Z" user="Chris Bell in California" uid="194231" lat="39.2064054" lon="-119.8638728">
  <tag k="power" v="tower"/>
 </node>
 <node id="1815118642" visible="true" version="1" changeset="12133465" timestamp="2012-07-06T18:52:50Z" user="Chris Bell in California" uid="194231" lat="39.2064082" lon="-119.8261111">
  <tag k="power" v="tower"/>
 </node>
 <node id="1815118643" visible="true" version="2" changeset="94754055" timestamp="2020-11-25T07:28:47Z" user="Sequencer" uid="9232223" lat="39.2067583" lon="-119.7103526">
  <tag k="power" v="tower"/>
 </node>
 <node id="1815118644" visible="true" version="1" changeset="12133465" timestamp="2012-07-06T18:52:50Z" user="Chris Bell in California" uid="194231" lat="39.2068270" lon="-119.8229776">
  <tag k="power" v="tower"/>
 </node>
 <node id="1815118646" visible="true" version="1" changeset="12133465" timestamp="2012-07-06T18:52:50Z" user="Chris Bell in California" uid="194231" lat="39.2074721" lon="-119.7120045">
  <tag k="power" v="tower"/>
 </node>
 <node id="1815118647" visible="true" version="1" changeset="12133465" timestamp="2012-07-06T18:52:50Z" user="Chris Bell in California" uid="194231" lat="39.2077416" lon="-119.8212456">
  <tag k="power" v="tower"/>
 </node>
 <node id="1815118648" visible="true" version="1" changeset="12133465" timestamp="2012-07-06T18:52:50Z" user="Chris Bell in California" uid="194231" lat="39.2079359" lon="-119.8652136">
  <tag k="power" v="tower"/>
 </node>
 <node id="1815118649" visible="true" version="1" changeset="12133465" timestamp="2012-07-06T18:52:50Z" user="Chris Bell in California" uid="194231" lat="39.2079957" lon="-119.8387876">
  <tag k="power" v="tower"/>
 </node>
 <node id="1815118651" visible="true" version="2" changeset="105555003" timestamp="2021-05-30T05:58:38Z" user="Sequencer" uid="9232223" lat="39.2084447" lon="-119.7141448">
  <tag k="power" v="tower"/>
 </node>
 <node id="1815118652" visible="true" version="1" changeset="12133465" timestamp="2012-07-06T18:52:51Z" user="Chris Bell in California" uid="194231" lat="39.2085068" lon="-119.8294669">
  <tag k="power" v="tower"/>
 </node>
 <node id="1815118653" visible="true" version="1" changeset="12133465" timestamp="2012-07-06T18:52:51Z" user="Chris Bell in California" uid="194231" lat="39.2086976" lon="-119.7975942">
  <tag k="power" v="tower"/>
 </node>
 <node id="1815118654" visible="true" version="1" changeset="12133465" timestamp="2012-07-06T18:52:51Z" user="Chris Bell in California" uid="194231" lat="39.2087668" lon="-119.8316002">
  <tag k="power" v="tower"/>
 </node>
 <node id="1815118655" visible="true" version="1" changeset="12133465" timestamp="2012-07-06T18:52:51Z" user="Chris Bell in California" uid="194231" lat="39.2087976" lon="-119.8008911">
  <tag k="power" v="tower"/>
 </node>
 <node id="1815118656" visible="true" version="1" changeset="12133465" timestamp="2012-07-06T18:52:51Z" user="Chris Bell in California" uid="194231" lat="39.2088079" lon="-119.8192200">
  <tag k="power" v="tower"/>
 </node>
 <node id="1815118657" visible="true" version="1" changeset="12133465" timestamp="2012-07-06T18:52:51Z" user="Chris Bell in California" uid="194231" lat="39.2088563" lon="-119.8181374">
  <tag k="power" v="tower"/>
 </node>
 <node id="1815118658" visible="true" version="1" changeset="12133465" timestamp="2012-07-06T18:52:51Z" user="Chris Bell in California" uid="194231" lat="39.2088743" lon="-119.8024846">
  <tag k="power" v="tower"/>
 </node>
 <node id="1815118659" visible="true" version="1" changeset="12133465" timestamp="2012-07-06T18:52:51Z" user="Chris Bell in California" uid="194231" lat="39.2089521" lon="-119.8164947">
  <tag k="power" v="tower"/>
 </node>
 <node id="1815118660" visible="true" version="1" changeset="12133465" timestamp="2012-07-06T18:52:51Z" user="Chris Bell in California" uid="194231" lat="39.2090444" lon="-119.8338102">
  <tag k="power" v="tower"/>
 </node>
 <node id="1815118661" visible="true" version="1" changeset="12133465" timestamp="2012-07-06T18:52:51Z" user="Chris Bell in California" uid="194231" lat="39.2091247" lon="-119.8083905">
  <tag k="power" v="tower"/>
 </node>
 <node id="1815118662" visible="true" version="1" changeset="12133465" timestamp="2012-07-06T18:52:51Z" user="Chris Bell in California" uid="194231" lat="39.2091802" lon="-119.8104731">
  <tag k="power" v="tower"/>
 </node>
 <node id="1815118663" visible="true" version="1" changeset="12133465" timestamp="2012-07-06T18:52:51Z" user="Chris Bell in California" uid="194231" lat="39.2093843" lon="-119.8364274">
  <tag k="power" v="tower"/>
 </node>
 <node id="1815118664" visible="true" version="1" changeset="12133465" timestamp="2012-07-06T18:52:51Z" user="Chris Bell in California" uid="194231" lat="39.2094491" lon="-119.7164097">
  <tag k="power" v="tower"/>
 </node>
 <node id="1815118665" visible="true" version="1" changeset="12133465" timestamp="2012-07-06T18:52:51Z" user="Chris Bell in California" uid="194231" lat="39.2095390" lon="-119.8666049">
  <tag k="power" v="tower"/>
 </node>
 <node id="1815118667" visible="true" version="1" changeset="12133465" timestamp="2012-07-06T18:52:51Z" user="Chris Bell in California" uid="194231" lat="39.2098812" lon="-119.7960804">
  <tag k="power" v="tower"/>
 </node>
 <node id="1815118670" visible="true" version="1" changeset="12133465" timestamp="2012-07-06T18:52:51Z" user="Chris Bell in California" uid="194231" lat="39.2104232" lon="-119.7186038">
  <tag k="power" v="tower"/>
 </node>
 <node id="1815118671" visible="true" version="1" changeset="12133465" timestamp="2012-07-06T18:52:51Z" user="Chris Bell in California" uid="194231" lat="39.2106915" lon="-119.8698416">
  <tag k="power" v="tower"/>
 </node>
 <node id="1815118672" visible="true" version="1" changeset="12133465" timestamp="2012-07-06T18:52:51Z" user="Chris Bell in California" uid="194231" lat="39.2108200" lon="-119.7949539">
  <tag k="power" v="tower"/>
 </node>
 <node id="1815118673" visible="true" version="1" changeset="12133465" timestamp="2012-07-06T18:52:52Z" user="Chris Bell in California" uid="194231" lat="39.2113343" lon="-119.7206597">
  <tag k="power" v="tower"/>
 </node>
 <node id="1815118676" visible="true" version="1" changeset="12133465" timestamp="2012-07-06T18:52:52Z" user="Chris Bell in California" uid="194231" lat="39.2119017" lon="-119.8732947">
  <tag k="power" v="tower"/>
 </node>
 <node id="1815118678" visible="true" version="1" changeset="12133465" timestamp="2012-07-06T18:52:52Z" user="Chris Bell in California" uid="194231" lat="39.2122952" lon="-119.7932340">
  <tag k="power" v="tower"/>
 </node>
 <node id="1815118680" visible="true" version="1" changeset="12133465" timestamp="2012-07-06T18:52:52Z" user="Chris Bell in California" uid="194231" lat="39.2127312" lon="-119.8755689">
  <tag k="power" v="tower"/>
 </node>
 <node id="1815118683" visible="true" version="1" changeset="12133465" timestamp="2012-07-06T18:52:52Z" user="Chris Bell in California" uid="194231" lat="39.2128566" lon="-119.7240592">
  <tag k="power" v="tower"/>
 </node>
 <node id="1815118685" visible="true" version="1" changeset="12133465" timestamp="2012-07-06T18:52:52Z" user="Chris Bell in California" uid="194231" lat="39.2134220" lon="-119.7253436">
  <tag k="power" v="tower"/>
 </node>
 <node id="1815118693" visible="true" version="2" changeset="94754055" timestamp="2020-11-25T07:28:47Z" user="Sequencer" uid="9232223" lat="39.2145303" lon="-119.7278471">
  <tag k="power" v="tower"/>
 </node>
 <node id="1815118694" visible="true" version="1" changeset="12133465" timestamp="2012-07-06T18:52:53Z" user="Chris Bell in California" uid="194231" lat="39.2147837" lon="-119.7903794">
  <tag k="power" v="tower"/>
 </node>
 <node id="1815118695" visible="true" version="1" changeset="12133465" timestamp="2012-07-06T18:52:53Z" user="Chris Bell in California" uid="194231" lat="39.2154010" lon="-119.7896074">
  <tag k="power" v="tower"/>
 </node>
 <node id="1815118696" visible="true" version="1" changeset="12133465" timestamp="2012-07-06T18:52:53Z" user="Chris Bell in California" uid="194231" lat="39.2155819" lon="-119.7883051">
  <tag k="power" v="tower"/>
 </node>
 <node id="1815118698" visible="true" version="2" changeset="94754055" timestamp="2020-11-25T07:28:47Z" user="Sequencer" uid="9232223" lat="39.2160782" lon="-119.7313715">
  <tag k="power" v="tower"/>
 </node>
 <node id="1815118700" visible="true" version="1" changeset="12133465" timestamp="2012-07-06T18:52:53Z" user="Chris Bell in California" uid="194231" lat="39.2162289" lon="-119.7837378">
  <tag k="power" v="tower"/>
 </node>
 <node id="1815118701" visible="true" version="1" changeset="12133465" timestamp="2012-07-06T18:52:53Z" user="Chris Bell in California" uid="194231" lat="39.2166217" lon="-119.7810787">
  <tag k="power" v="tower"/>
 </node>
 <node id="1815118704" visible="true" version="2" changeset="94754055" timestamp="2020-11-25T07:28:47Z" user="Sequencer" uid="9232223" lat="39.2168822" lon="-119.7331602">
  <tag k="power" v="tower"/>
 </node>
 <node id="1815118705" visible="true" version="1" changeset="12133465" timestamp="2012-07-06T18:52:53Z" user="Chris Bell in California" uid="194231" lat="39.2169264" lon="-119.7357984">
  <tag k="power" v="tower"/>
 </node>
 <node id="1815118706" visible="true" version="1" changeset="12133465" timestamp="2012-07-06T18:52:53Z" user="Chris Bell in California" uid="194231" lat="39.2169686" lon="-119.7787445">
  <tag k="power" v="tower"/>
 </node>
 <node id="1815118707" visible="true" version="1" changeset="12133465" timestamp="2012-07-06T18:52:53Z" user="Chris Bell in California" uid="194231" lat="39.2170457" lon="-119.7387094">
  <tag k="power" v="tower"/>
 </node>
 <node id="1815118708" visible="true" version="1" changeset="12133465" timestamp="2012-07-06T18:52:53Z" user="Chris Bell in California" uid="194231" lat="39.2170943" lon="-119.7400070">
  <tag k="power" v="tower"/>
 </node>
 <node id="1815118709" visible="true" version="1" changeset="12133465" timestamp="2012-07-06T18:52:53Z" user="Chris Bell in California" uid="194231" lat="39.2172225" lon="-119.7424233">
  <tag k="power" v="tower"/>
 </node>
 <node id="1815118710" visible="true" version="1" changeset="12133465" timestamp="2012-07-06T18:52:53Z" user="Chris Bell in California" uid="194231" lat="39.2172939" lon="-119.7447753">
  <tag k="power" v="tower"/>
 </node>
 <node id="1815118711" visible="true" version="1" changeset="12133465" timestamp="2012-07-06T18:52:54Z" user="Chris Bell in California" uid="194231" lat="39.2174121" lon="-119.7471813">
  <tag k="power" v="tower"/>
 </node>
 <node id="1815118712" visible="true" version="1" changeset="12133465" timestamp="2012-07-06T18:52:54Z" user="Chris Bell in California" uid="194231" lat="39.2175401" lon="-119.7498543">
  <tag k="power" v="tower"/>
 </node>
 <node id="1815118713" visible="true" version="1" changeset="12133465" timestamp="2012-07-06T18:52:54Z" user="Chris Bell in California" uid="194231" lat="39.2176115" lon="-119.7520029">
  <tag k="power" v="tower"/>
 </node>
 <node id="1815118714" visible="true" version="1" changeset="12133465" timestamp="2012-07-06T18:52:54Z" user="Chris Bell in California" uid="194231" lat="39.2176854" lon="-119.7541165">
  <tag k="power" v="tower"/>
 </node>
 <node id="1815118715" visible="true" version="1" changeset="12133465" timestamp="2012-07-06T18:52:54Z" user="Chris Bell in California" uid="194231" lat="39.2176890" lon="-119.7737577">
  <tag k="power" v="tower"/>
 </node>
 <node id="1815118716" visible="true" version="1" changeset="12133465" timestamp="2012-07-06T18:52:54Z" user="Chris Bell in California" uid="194231" lat="39.2178358" lon="-119.8905502">
  <tag k="power" v="tower"/>
 </node>
 <node id="1815118717" visible="true" version="1" changeset="12133465" timestamp="2012-07-06T18:52:54Z" user="Chris Bell in California" uid="194231" lat="39.2179168" lon="-119.9027188">
  <tag k="power" v="tower"/>
 </node>
 <node id="1815118718" visible="true" version="1" changeset="12133465" timestamp="2012-07-06T18:52:54Z" user="Chris Bell in California" uid="194231" lat="39.2179233" lon="-119.7605510">
  <tag k="power" v="tower"/>
 </node>
 <node id="1815118719" visible="true" version="1" changeset="12133465" timestamp="2012-07-06T18:52:54Z" user="Chris Bell in California" uid="194231" lat="39.2179532" lon="-119.7626273">
  <tag k="power" v="tower"/>
 </node>
 <node id="1815118720" visible="true" version="1" changeset="12133465" timestamp="2012-07-06T18:52:54Z" user="Chris Bell in California" uid="194231" lat="39.2179704" lon="-119.7717815">
  <tag k="power" v="tower"/>
 </node>
 <node id="1815118722" visible="true" version="1" changeset="12133465" timestamp="2012-07-06T18:52:54Z" user="Chris Bell in California" uid="194231" lat="39.2181567" lon="-119.7672275">
  <tag k="power" v="tower"/>
 </node>
 <node id="1815118723" visible="true" version="1" changeset="12133465" timestamp="2012-07-06T18:52:54Z" user="Chris Bell in California" uid="194231" lat="39.2182800" lon="-119.7698362">
  <tag k="power" v="tower"/>
 </node>
 <node id="1815118726" visible="true" version="1" changeset="12133465" timestamp="2012-07-06T18:52:54Z" user="Chris Bell in California" uid="194231" lat="39.2191715" lon="-119.9052613">
  <tag k="power" v="tower"/>
 </node>
 <node id="1815118728" visible="true" version="1" changeset="12133465" timestamp="2012-07-06T18:52:54Z" user="Chris Bell in California" uid="194231" lat="39.2201331" lon="-119.9062119">
  <tag k="power" v="tower"/>
 </node>
 <node id="1836306025" visible="true" version="2" changeset="34710131" timestamp="2015-10-18T13:09:57Z" user="user_1282393" uid="1282393" lat="39.2057286" lon="-119.7934703"/>
 <node id="1836306026" visible="true" version="2" changeset="34710131" timestamp="2015-10-18T13:09:57Z" user="user_1282393" uid="1282393" lat="39.2059545" lon="-119.7949659"/>
 <node id="1836306028" visible="true" version="2" changeset="34710131" timestamp="2015-10-18T13:09:57Z" user="user_1282393" uid="1282393" lat="39.2066846" lon="-119.7971943"/>
 <node id="1836306030" visible="true" version="2" changeset="34710131" timestamp="2015-10-18T13:09:57Z" user="user_1282393" uid="1282393" lat="39.2070120" lon="-119.7985625"/>
 <node id="1836306032" visible="true" version="2" changeset="13304964" timestamp="2012-09-30T06:41:01Z" user="NE2" uid="207745" lat="39.2072818" lon="-119.8010301"/>
 <node id="1836306034" visible="true" version="2" changeset="13304964" timestamp="2012-09-30T06:41:01Z" user="NE2" uid="207745" lat="39.2076342" lon="-119.8025059"/>
 <node id="1885634714" visible="true" version="2" changeset="83278497" timestamp="2020-04-09T03:28:18Z" user="larz86" uid="8127210" lat="39.2057264" lon="-119.7766229"/>
 <node id="1885634716" visible="true" version="2" changeset="83278497" timestamp="2020-04-09T03:28:18Z" user="larz86" uid="8127210" lat="39.2046482" lon="-119.7765746"/>
 <node id="1885634721" visible="true" version="2" changeset="181175523" timestamp="2026-04-11T05:56:45Z" user="Flap Slimy Outward" uid="22417964" lat="39.2063725" lon="-119.7801713"/>
 <node id="1939258237" visible="true" version="2" changeset="34710131" timestamp="2015-10-18T13:09:57Z" user="user_1282393" uid="1282393" lat="39.2074482" lon="-119.8018887"/>
 <node id="1939258239" visible="true" version="1" changeset="13304964" timestamp="2012-09-30T06:38:40Z" user="NE2" uid="207745" lat="39.2078674" lon="-119.8030619"/>
 <node id="1939258241" visible="true" version="2" changeset="181176002" timestamp="2026-04-11T06:23:50Z" user="Flap Slimy Outward" uid="22417964" lat="39.2081413" lon="-119.8036167"/>
 <node id="2201803124" visible="true" version="2" changeset="72288454" timestamp="2019-07-16T07:08:06Z" user="user_1282393" uid="1282393" lat="39.1943941" lon="-119.8065940"/>
 <node id="2201803126" visible="true" version="2" changeset="72288454" timestamp="2019-07-16T07:08:06Z" user="user_1282393" uid="1282393" lat="39.1936223" lon="-119.8047299"/>
 <node id="2201803132" visible="true" version="2" changeset="72288454" timestamp="2019-07-16T07:08:06Z" user="user_1282393" uid="1282393" lat="39.1942759" lon="-119.8064275"/>
 <node id="2201803141" visible="true" version="2" changeset="72288454" timestamp="2019-07-16T07:08:06Z" user="user_1282393" uid="1282393" lat="39.1937766" lon="-119.8052110"/>
 <node id="2201803143" visible="true" version="2" changeset="72288454" timestamp="2019-07-16T07:08:06Z" user="user_1282393" uid="1282393" lat="39.1941506" lon="-119.8061969"/>
 <node id="2201803146" visible="true" version="2" changeset="72288454" timestamp="2019-07-16T07:08:06Z" user="user_1282393" uid="1282393" lat="39.1932572" lon="-119.8037974"/>
 <node id="2201803148" visible="true" version="2" changeset="72288454" timestamp="2019-07-16T07:08:06Z" user="user_1282393" uid="1282393" lat="39.1946189" lon="-119.8067550"/>
 <node id="2201803150" visible="true" version="2" changeset="72288454" timestamp="2019-07-16T07:08:06Z" user="user_1282393" uid="1282393" lat="39.1939776" lon="-119.8058327"/>
 <node id="2201803155" visible="true" version="2" changeset="72288454" timestamp="2019-07-16T07:08:06Z" user="user_1282393" uid="1282393" lat="39.1945100" lon="-119.8066972"/>
 <node id="2201803160" visible="true" version="2" changeset="72288454" timestamp="2019-07-16T07:08:06Z" user="user_1282393" uid="1282393" lat="39.1952151" lon="-119.8065900">
  <tag k="highway" v="turning_circle"/>
 </node>
 <node id="2201807903" visible="true" version="2" changeset="72288454" timestamp="2019-07-16T07:08:06Z" user="user_1282393" uid="1282393" lat="39.1945872" lon="-119.8033199"/>
 <node id="2201807904" visible="true" version="2" changeset="72288454" timestamp="2019-07-16T07:08:06Z" user="user_1282393" uid="1282393" lat="39.1938468" lon="-119.8038576"/>
 <node id="2201807905" visible="true" version="2" changeset="72288454" timestamp="2019-07-16T07:08:06Z" user="user_1282393" uid="1282393" lat="39.1948445" lon="-119.8032988"/>
 <node id="2201807906" visible="true" version="2" changeset="72288454" timestamp="2019-07-16T07:08:06Z" user="user_1282393" uid="1282393" lat="39.1949785" lon="-119.8033838"/>
 <node id="2201807907" visible="true" version="2" changeset="72288454" timestamp="2019-07-16T07:08:06Z" user="user_1282393" uid="1282393" lat="39.1941610" lon="-119.8038851"/>
 <node id="2201807908" visible="true" version="2" changeset="72288454" timestamp="2019-07-16T07:08:06Z" user="user_1282393" uid="1282393" lat="39.1956812" lon="-119.8031923"/>
 <node id="2201807909" visible="true" version="2" changeset="72288454" timestamp="2019-07-16T07:08:06Z" user="user_1282393" uid="1282393" lat="39.1952660" lon="-119.8034626"/>
 <node id="2201807910" visible="true" version="2" changeset="72288454" timestamp="2019-07-16T07:08:06Z" user="user_1282393" uid="1282393" lat="39.1934346" lon="-119.8034322"/>
 <node id="2201807911" visible="true" version="2" changeset="72288454" timestamp="2019-07-16T07:08:06Z" user="user_1282393" uid="1282393" lat="39.1940824" lon="-119.8039636"/>
 <node id="2201807912" visible="true" version="2" changeset="72288454" timestamp="2019-07-16T07:08:06Z" user="user_1282393" uid="1282393" lat="39.1935836" lon="-119.8035913"/>
 <node id="2201807913" visible="true" version="2" changeset="72288454" timestamp="2019-07-16T07:08:06Z" user="user_1282393" uid="1282393" lat="39.1955480" lon="-119.8033220"/>
 <node id="2201807914" visible="true" version="2" changeset="72288454" timestamp="2019-07-16T07:08:06Z" user="user_1282393" uid="1282393" lat="39.1944152" lon="-119.8035350"/>
 <node id="2201807915" visible="true" version="2" changeset="72288454" timestamp="2019-07-16T07:08:06Z" user="user_1282393" uid="1282393" lat="39.1939348" lon="-119.8039428"/>
 <node id="2201807916" visible="true" version="2" changeset="72288454" timestamp="2019-07-16T07:08:06Z" user="user_1282393" uid="1282393" lat="39.1942474" lon="-119.8037673"/>
 <node id="2201807917" visible="true" version="2" changeset="72288454" timestamp="2019-07-16T07:08:06Z" user="user_1282393" uid="1282393" lat="39.1946525" lon="-119.8032863"/>
 <node id="2201807918" visible="true" version="2" changeset="72288454" timestamp="2019-07-16T07:08:06Z" user="user_1282393" uid="1282393" lat="39.1954413" lon="-119.8034104"/>
 <node id="2201807919" visible="true" version="2" changeset="72288454" timestamp="2019-07-16T07:08:06Z" user="user_1282393" uid="1282393" lat="39.1951185" lon="-119.8034607"/>
 <node id="2201807920" visible="true" version="2" changeset="72288454" timestamp="2019-07-16T07:08:06Z" user="user_1282393" uid="1282393" lat="39.1947294" lon="-119.8032804"/>
 <node id="2201807921" visible="true" version="2" changeset="72288454" timestamp="2019-07-16T07:08:06Z" user="user_1282393" uid="1282393" lat="39.1940048" lon="-119.8039749"/>
 <node id="2710963667" visible="true" version="1" changeset="21028640" timestamp="2014-03-10T16:07:08Z" user="Rudolf Mayer" uid="1249205" lat="39.1938076" lon="-119.7861495"/>
 <node id="2710963668" visible="true" version="1" changeset="21028640" timestamp="2014-03-10T16:07:08Z" user="Rudolf Mayer" uid="1249205" lat="39.1938903" lon="-119.7867211"/>
 <node id="2710963669" visible="true" version="1" changeset="21028640" timestamp="2014-03-10T16:07:08Z" user="Rudolf Mayer" uid="1249205" lat="39.1941797" lon="-119.7869650"/>
 <node id="2710963670" visible="true" version="1" changeset="21028640" timestamp="2014-03-10T16:07:08Z" user="Rudolf Mayer" uid="1249205" lat="39.1945400" lon="-119.7868812"/>
 <node id="2710963671" visible="true" version="1" changeset="21028640" timestamp="2014-03-10T16:07:08Z" user="Rudolf Mayer" uid="1249205" lat="39.1952370" lon="-119.7859742"/>
 <node id="2710963672" visible="true" version="1" changeset="21028640" timestamp="2014-03-10T16:07:08Z" user="Rudolf Mayer" uid="1249205" lat="39.1968613" lon="-119.7864925"/>
 <node id="2710963673" visible="true" version="1" changeset="21028640" timestamp="2014-03-10T16:07:08Z" user="Rudolf Mayer" uid="1249205" lat="39.1973693" lon="-119.7886418"/>
 <node id="2710963674" visible="true" version="1" changeset="21028640" timestamp="2014-03-10T16:07:08Z" user="Rudolf Mayer" uid="1249205" lat="39.1978064" lon="-119.7887713"/>
 <node id="2710963675" visible="true" version="1" changeset="21028640" timestamp="2014-03-10T16:07:08Z" user="Rudolf Mayer" uid="1249205" lat="39.1980722" lon="-119.7887180"/>
 <node id="2710963676" visible="true" version="2" changeset="81359381" timestamp="2020-02-23T04:59:10Z" user="larz86" uid="8127210" lat="39.1989522" lon="-119.7894375"/>
 <node id="2710963677" visible="true" version="2" changeset="81359381" timestamp="2020-02-23T04:59:10Z" user="larz86" uid="8127210" lat="39.1995279" lon="-119.7907697"/>
 <node id="2710963678" visible="true" version="1" changeset="21028640" timestamp="2014-03-10T16:07:08Z" user="Rudolf Mayer" uid="1249205" lat="39.1993538" lon="-119.7913931"/>
 <node id="2710963679" visible="true" version="1" changeset="21028640" timestamp="2014-03-10T16:07:08Z" user="Rudolf Mayer" uid="1249205" lat="39.1998500" lon="-119.7918962"/>
 <node id="2710963680" visible="true" version="1" changeset="21028640" timestamp="2014-03-10T16:07:08Z" user="Rudolf Mayer" uid="1249205" lat="39.2001099" lon="-119.7917742"/>
 <node id="2710963681" visible="true" version="1" changeset="21028640" timestamp="2014-03-10T16:07:08Z" user="Rudolf Mayer" uid="1249205" lat="39.2002989" lon="-119.7913779"/>
 <node id="2710963682" visible="true" version="1" changeset="21028640" timestamp="2014-03-10T16:07:08Z" user="Rudolf Mayer" uid="1249205" lat="39.2010726" lon="-119.7909435"/>
 <node id="2710963683" visible="true" version="1" changeset="21028640" timestamp="2014-03-10T16:07:08Z" user="Rudolf Mayer" uid="1249205" lat="39.2018581" lon="-119.7910502"/>
 <node id="2710963684" visible="true" version="1" changeset="21028640" timestamp="2014-03-10T16:07:08Z" user="Rudolf Mayer" uid="1249205" lat="39.2025668" lon="-119.7918886"/>
 <node id="2710963685" visible="true" version="1" changeset="21028640" timestamp="2014-03-10T16:07:08Z" user="Rudolf Mayer" uid="1249205" lat="39.2018876" lon="-119.7927117"/>
 <node id="2710963686" visible="true" version="1" changeset="21028640" timestamp="2014-03-10T16:07:08Z" user="Rudolf Mayer" uid="1249205" lat="39.2017636" lon="-119.7932909"/>
 <node id="2710963687" visible="true" version="1" changeset="21028640" timestamp="2014-03-10T16:07:08Z" user="Rudolf Mayer" uid="1249205" lat="39.2020471" lon="-119.7935272"/>
 <node id="2710963688" visible="true" version="1" changeset="21028640" timestamp="2014-03-10T16:07:08Z" user="Rudolf Mayer" uid="1249205" lat="39.2022892" lon="-119.7934434"/>
 <node id="2710963689" visible="true" version="1" changeset="21028640" timestamp="2014-03-10T16:07:08Z" user="Rudolf Mayer" uid="1249205" lat="39.2029625" lon="-119.7924144"/>
 <node id="2710963690" visible="true" version="1" changeset="21028640" timestamp="2014-03-10T16:07:08Z" user="Rudolf Mayer" uid="1249205" lat="39.2031220" lon="-119.7917209"/>
 <node id="2710963691" visible="true" version="1" changeset="21028640" timestamp="2014-03-10T16:07:08Z" user="Rudolf Mayer" uid="1249205" lat="39.2027204" lon="-119.7903109"/>
 <node id="2731452700" visible="true" version="2" changeset="82961806" timestamp="2020-04-02T07:34:39Z" user="larz86" uid="8127210" lat="39.1886962" lon="-119.8068247"/>
 <node id="2731452702" visible="true" version="2" changeset="83673160" timestamp="2020-04-17T02:04:33Z" user="larz86" uid="8127210" lat="39.1895943" lon="-119.8086223"/>
 <node id="2731452728" visible="true" version="2" changeset="83673160" timestamp="2020-04-17T02:04:33Z" user="larz86" uid="8127210" lat="39.1890663" lon="-119.8121172"/>
 <node id="3124364548" visible="true" version="1" changeset="26008759" timestamp="2014-10-11T17:12:56Z" user="btwhite92" uid="730573" lat="39.2096015" lon="-119.8057821"/>
 <node id="3124365233" visible="true" version="1" changeset="26008759" timestamp="2014-10-11T17:13:00Z" user="btwhite92" uid="730573" lat="39.2094063" lon="-119.8056306"/>
 <node id="3124365254" visible="true" version="1" changeset="26008759" timestamp="2014-10-11T17:13:00Z" user="btwhite92" uid="730573" lat="39.2092149" lon="-119.8054764"/>
 <node id="3124365298" visible="true" version="1" changeset="26008759" timestamp="2014-10-11T17:13:01Z" user="btwhite92" uid="730573" lat="39.2081405" lon="-119.8042291"/>
 <node id="3124365302" visible="true" version="1" changeset="26008759" timestamp="2014-10-11T17:13:01Z" user="btwhite92" uid="730573" lat="39.2107593" lon="-119.8064460"/>
 <node id="3124365305" visible="true" version="1" changeset="26008759" timestamp="2014-10-11T17:13:01Z" user="btwhite92" uid="730573" lat="39.2104536" lon="-119.8062837"/>
 <node id="3124365318" visible="true" version="1" changeset="26008759" timestamp="2014-10-11T17:13:02Z" user="btwhite92" uid="730573" lat="39.2090715" lon="-119.8053449"/>
 <node id="3124365325" visible="true" version="1" changeset="26008759" timestamp="2014-10-11T17:13:02Z" user="btwhite92" uid="730573" lat="39.2099903" lon="-119.8060329"/>
 <node id="3124365432" visible="true" version="1" changeset="26008759" timestamp="2014-10-11T17:13:02Z" user="btwhite92" uid="730573" lat="39.2089094" lon="-119.8051867"/>
 <node id="3124365461" visible="true" version="1" changeset="26008759" timestamp="2014-10-11T17:13:03Z" user="btwhite92" uid="730573" lat="39.2084106" lon="-119.8046127"/>
 <node id="3124365462" visible="true" version="1" changeset="26008759" timestamp="2014-10-11T17:13:03Z" user="btwhite92" uid="730573" lat="39.2085750" lon="-119.8048206"/>
 <node id="3124365465" visible="true" version="1" changeset="26008759" timestamp="2014-10-11T17:13:03Z" user="btwhite92" uid="730573" lat="39.2087349" lon="-119.8050016"/>
 <node id="3124365490" visible="true" version="1" changeset="26008759" timestamp="2014-10-11T17:13:03Z" user="btwhite92" uid="730573" lat="39.2082901" lon="-119.8044437"/>
 <node id="3124365664" visible="true" version="1" changeset="26008759" timestamp="2014-10-11T17:13:05Z" user="btwhite92" uid="730573" lat="39.2109939" lon="-119.8065680"/>
 <node id="3124365672" visible="true" version="1" changeset="26008759" timestamp="2014-10-11T17:13:05Z" user="btwhite92" uid="730573" lat="39.2097908" lon="-119.8059122"/>
 <node id="3235025443" visible="true" version="1" changeset="27467561" timestamp="2014-12-14T20:17:19Z" user="Parcanman" uid="422979" lat="39.2013415" lon="-119.8045056"/>
 <node id="3235025444" visible="true" version="1" changeset="27467561" timestamp="2014-12-14T20:17:19Z" user="Parcanman" uid="422979" lat="39.2014967" lon="-119.8042725"/>
 <node id="3235025445" visible="true" version="1" changeset="27467561" timestamp="2014-12-14T20:17:19Z" user="Parcanman" uid="422979" lat="39.2016136" lon="-119.8041189"/>
 <node id="3235025446" visible="true" version="1" changeset="27467561" timestamp="2014-12-14T20:17:19Z" user="Parcanman" uid="422979" lat="39.2017134" lon="-119.8039708"/>
 <node id="3235025447" visible="true" version="1" changeset="27467561" timestamp="2014-12-14T20:17:19Z" user="Parcanman" uid="422979" lat="39.2017411" lon="-119.8038200"/>
 <node id="3235025448" visible="true" version="1" changeset="27467561" timestamp="2014-12-14T20:17:19Z" user="Parcanman" uid="422979" lat="39.2017347" lon="-119.8036335"/>
 <node id="3235025449" visible="true" version="1" changeset="27467561" timestamp="2014-12-14T20:17:19Z" user="Parcanman" uid="422979" lat="39.2017007" lon="-119.8034306"/>
 <node id="3235025450" visible="true" version="1" changeset="27467561" timestamp="2014-12-14T20:17:19Z" user="Parcanman" uid="422979" lat="39.2016136" lon="-119.8029232"/>
 <node id="3235025451" visible="true" version="1" changeset="27467561" timestamp="2014-12-14T20:17:19Z" user="Parcanman" uid="422979" lat="39.2016008" lon="-119.8026874"/>
 <node id="3235025452" visible="true" version="1" changeset="27467561" timestamp="2014-12-14T20:17:19Z" user="Parcanman" uid="422979" lat="39.2016136" lon="-119.8024241"/>
 <node id="3235025453" visible="true" version="1" changeset="27467561" timestamp="2014-12-14T20:17:19Z" user="Parcanman" uid="422979" lat="39.2017198" lon="-119.8022322"/>
 <node id="3235025454" visible="true" version="1" changeset="27467561" timestamp="2014-12-14T20:17:19Z" user="Parcanman" uid="422979" lat="39.2018537" lon="-119.8019634"/>
 <node id="3235025455" visible="true" version="1" changeset="27467561" timestamp="2014-12-14T20:17:19Z" user="Parcanman" uid="422979" lat="39.2019153" lon="-119.8017276"/>
 <node id="3235025456" visible="true" version="1" changeset="27467561" timestamp="2014-12-14T20:17:19Z" user="Parcanman" uid="422979" lat="39.2019557" lon="-119.8014177"/>
 <node id="3235025457" visible="true" version="1" changeset="27467561" timestamp="2014-12-14T20:17:19Z" user="Parcanman" uid="422979" lat="39.2020407" lon="-119.8012120"/>
 <node id="3235025458" visible="true" version="1" changeset="27467561" timestamp="2014-12-14T20:17:19Z" user="Parcanman" uid="422979" lat="39.2021597" lon="-119.8011270"/>
 <node id="3235025459" visible="true" version="1" changeset="27467561" timestamp="2014-12-14T20:17:19Z" user="Parcanman" uid="422979" lat="39.2023573" lon="-119.8011955"/>
 <node id="3235025460" visible="true" version="1" changeset="27467561" timestamp="2014-12-14T20:17:19Z" user="Parcanman" uid="422979" lat="39.2027101" lon="-119.8012065"/>
 <node id="3235025461" visible="true" version="1" changeset="27467561" timestamp="2014-12-14T20:17:20Z" user="Parcanman" uid="422979" lat="39.2029184" lon="-119.8011544"/>
 <node id="3235025462" visible="true" version="1" changeset="27467561" timestamp="2014-12-14T20:17:20Z" user="Parcanman" uid="422979" lat="39.2031585" lon="-119.8009131"/>
 <node id="3235025463" visible="true" version="1" changeset="27467561" timestamp="2014-12-14T20:17:20Z" user="Parcanman" uid="422979" lat="39.2035602" lon="-119.8004524"/>
 <node id="3235025464" visible="true" version="1" changeset="27467561" timestamp="2014-12-14T20:17:20Z" user="Parcanman" uid="422979" lat="39.2038003" lon="-119.8000986"/>
 <node id="3235025465" visible="true" version="1" changeset="27467561" timestamp="2014-12-14T20:17:20Z" user="Parcanman" uid="422979" lat="39.2039958" lon="-119.7999094"/>
 <node id="3235025466" visible="true" version="1" changeset="27467561" timestamp="2014-12-14T20:17:20Z" user="Parcanman" uid="422979" lat="39.2042189" lon="-119.7998079"/>
 <node id="3235025467" visible="true" version="1" changeset="27467561" timestamp="2014-12-14T20:17:20Z" user="Parcanman" uid="422979" lat="39.2043698" lon="-119.7996269"/>
 <node id="3235025468" visible="true" version="1" changeset="27467561" timestamp="2014-12-14T20:17:20Z" user="Parcanman" uid="422979" lat="39.2046546" lon="-119.7990647"/>
 <node id="3235025469" visible="true" version="1" changeset="27467561" timestamp="2014-12-14T20:17:20Z" user="Parcanman" uid="422979" lat="39.2046971" lon="-119.7987658"/>
 <node id="3235025470" visible="true" version="1" changeset="27467561" timestamp="2014-12-14T20:17:20Z" user="Parcanman" uid="422979" lat="39.2047884" lon="-119.7984532"/>
 <node id="3235025471" visible="true" version="1" changeset="27467561" timestamp="2014-12-14T20:17:20Z" user="Parcanman" uid="422979" lat="39.2048947" lon="-119.7981872"/>
 <node id="3235025472" visible="true" version="1" changeset="27467561" timestamp="2014-12-14T20:17:20Z" user="Parcanman" uid="422979" lat="39.2049946" lon="-119.7979431"/>
 <node id="3235025473" visible="true" version="1" changeset="27467561" timestamp="2014-12-14T20:17:20Z" user="Parcanman" uid="422979" lat="39.2050264" lon="-119.7975647"/>
 <node id="3235025474" visible="true" version="1" changeset="27467561" timestamp="2014-12-14T20:17:20Z" user="Parcanman" uid="422979" lat="39.2050477" lon="-119.7973864"/>
 <node id="3235025475" visible="true" version="1" changeset="27467561" timestamp="2014-12-14T20:17:20Z" user="Parcanman" uid="422979" lat="39.2051476" lon="-119.7971643"/>
 <node id="3235025476" visible="true" version="1" changeset="27467561" timestamp="2014-12-14T20:17:20Z" user="Parcanman" uid="422979" lat="39.2052644" lon="-119.7969942"/>
 <node id="3235025477" visible="true" version="1" changeset="27467561" timestamp="2014-12-14T20:17:20Z" user="Parcanman" uid="422979" lat="39.2053856" lon="-119.7968160"/>
 <node id="3235025478" visible="true" version="1" changeset="27467561" timestamp="2014-12-14T20:17:20Z" user="Parcanman" uid="422979" lat="39.2054897" lon="-119.7967666"/>
 <node id="3235025479" visible="true" version="1" changeset="27467561" timestamp="2014-12-14T20:17:20Z" user="Parcanman" uid="422979" lat="39.2056491" lon="-119.7967803"/>
 <node id="3235025480" visible="true" version="3" changeset="153673961" timestamp="2024-07-07T18:32:23Z" user="CurlingMan13" uid="6641970" lat="39.2056788" lon="-119.7967337"/>
 <node id="3235025485" visible="true" version="2" changeset="175817334" timestamp="2025-12-11T19:26:02Z" user="idkwhatname2use" uid="16305471" lat="39.2064319" lon="-119.7977436"/>
 <node id="3791318761" visible="true" version="1" changeset="34710131" timestamp="2015-10-18T13:09:57Z" user="user_1282393" uid="1282393" lat="39.2068811" lon="-119.7978981"/>
 <node id="3791318762" visible="true" version="1" changeset="34710131" timestamp="2015-10-18T13:09:57Z" user="user_1282393" uid="1282393" lat="39.2058020" lon="-119.7942323"/>
 <node id="3791318763" visible="true" version="1" changeset="34710131" timestamp="2015-10-18T13:09:57Z" user="user_1282393" uid="1282393" lat="39.2062889" lon="-119.7959943"/>
 <node id="4080345091" visible="true" version="1" changeset="38088247" timestamp="2016-03-26T18:54:08Z" user="SteveBrown" uid="403806" lat="39.1950213" lon="-119.6963704"/>
 <node id="4318684525" visible="true" version="1" changeset="40998018" timestamp="2016-07-24T19:41:37Z" user="Yoshinion" uid="3151684" lat="39.2038762" lon="-119.8177895"/>
 <node id="4318684526" visible="true" version="1" changeset="40998018" timestamp="2016-07-24T19:41:37Z" user="Yoshinion" uid="3151684" lat="39.2038688" lon="-119.8178788"/>
 <node id="4318684527" visible="true" version="1" changeset="40998018" timestamp="2016-07-24T19:41:37Z" user="Yoshinion" uid="3151684" lat="39.2038935" lon="-119.8180159"/>
 <node id="4318684528" visible="true" version="1" changeset="40998018" timestamp="2016-07-24T19:41:37Z" user="Yoshinion" uid="3151684" lat="39.2039430" lon="-119.8183413"/>
 <node id="4318684529" visible="true" version="1" changeset="40998018" timestamp="2016-07-24T19:41:37Z" user="Yoshinion" uid="3151684" lat="39.2039479" lon="-119.8185933"/>
 <node id="4318684530" visible="true" version="2" changeset="95253548" timestamp="2020-12-04T00:07:57Z" user="BryanOSullivan" uid="10729167" lat="39.2039153" lon="-119.8188851"/>
 <node id="4318684531" visible="true" version="2" changeset="95253548" timestamp="2020-12-04T00:07:57Z" user="BryanOSullivan" uid="10729167" lat="39.2038582" lon="-119.8189076"/>
 <node id="4318684532" visible="true" version="1" changeset="40998018" timestamp="2016-07-24T19:41:37Z" user="Yoshinion" uid="3151684" lat="39.2037922" lon="-119.8188835"/>
 <node id="4318684533" visible="true" version="1" changeset="40998018" timestamp="2016-07-24T19:41:37Z" user="Yoshinion" uid="3151684" lat="39.2037081" lon="-119.8188612"/>
 <node id="4318684534" visible="true" version="1" changeset="40998018" timestamp="2016-07-24T19:41:37Z" user="Yoshinion" uid="3151684" lat="39.2034214" lon="-119.8187049"/>
 <node id="4318684535" visible="true" version="1" changeset="40998018" timestamp="2016-07-24T19:41:37Z" user="Yoshinion" uid="3151684" lat="39.2033374" lon="-119.8186411"/>
 <node id="4318684536" visible="true" version="1" changeset="40998018" timestamp="2016-07-24T19:41:37Z" user="Yoshinion" uid="3151684" lat="39.2032608" lon="-119.8185486"/>
 <node id="4318684537" visible="true" version="1" changeset="40998018" timestamp="2016-07-24T19:41:37Z" user="Yoshinion" uid="3151684" lat="39.2031965" lon="-119.8184497"/>
 <node id="4318684538" visible="true" version="1" changeset="40998018" timestamp="2016-07-24T19:41:37Z" user="Yoshinion" uid="3151684" lat="39.2031125" lon="-119.8183859"/>
 <node id="4318684539" visible="true" version="1" changeset="40998018" timestamp="2016-07-24T19:41:37Z" user="Yoshinion" uid="3151684" lat="39.2030210" lon="-119.8183285"/>
 <node id="4318684540" visible="true" version="1" changeset="40998018" timestamp="2016-07-24T19:41:37Z" user="Yoshinion" uid="3151684" lat="39.2028678" lon="-119.8182456"/>
 <node id="4318684541" visible="true" version="1" changeset="40998018" timestamp="2016-07-24T19:41:37Z" user="Yoshinion" uid="3151684" lat="39.2028035" lon="-119.8181658"/>
 <node id="4318684542" visible="true" version="1" changeset="40998018" timestamp="2016-07-24T19:41:37Z" user="Yoshinion" uid="3151684" lat="39.2027269" lon="-119.8180765"/>
 <node id="4318684543" visible="true" version="1" changeset="40998018" timestamp="2016-07-24T19:41:37Z" user="Yoshinion" uid="3151684" lat="39.2026329" lon="-119.8180415"/>
 <node id="4318684544" visible="true" version="1" changeset="40998018" timestamp="2016-07-24T19:41:37Z" user="Yoshinion" uid="3151684" lat="39.2025365" lon="-119.8180510"/>
 <node id="4318684545" visible="true" version="1" changeset="40998018" timestamp="2016-07-24T19:41:37Z" user="Yoshinion" uid="3151684" lat="39.2021188" lon="-119.8181435"/>
 <node id="4318684546" visible="true" version="1" changeset="40998018" timestamp="2016-07-24T19:41:37Z" user="Yoshinion" uid="3151684" lat="39.2020224" lon="-119.8181946"/>
 <node id="4318684547" visible="true" version="1" changeset="40998018" timestamp="2016-07-24T19:41:37Z" user="Yoshinion" uid="3151684" lat="39.2019483" lon="-119.8182743"/>
 <node id="4318684548" visible="true" version="1" changeset="40998018" timestamp="2016-07-24T19:41:37Z" user="Yoshinion" uid="3151684" lat="39.2018939" lon="-119.8183668"/>
 <node id="4318684549" visible="true" version="1" changeset="40998018" timestamp="2016-07-24T19:41:37Z" user="Yoshinion" uid="3151684" lat="39.2018741" lon="-119.8184242"/>
 <node id="4318684550" visible="true" version="1" changeset="40998018" timestamp="2016-07-24T19:41:37Z" user="Yoshinion" uid="3151684" lat="39.2018617" lon="-119.8185327"/>
 <node id="4318684551" visible="true" version="1" changeset="40998018" timestamp="2016-07-24T19:41:37Z" user="Yoshinion" uid="3151684" lat="39.2018716" lon="-119.8186284"/>
 <node id="4318684552" visible="true" version="1" changeset="40998018" timestamp="2016-07-24T19:41:37Z" user="Yoshinion" uid="3151684" lat="39.2019038" lon="-119.8187591"/>
 <node id="4318684553" visible="true" version="1" changeset="40998018" timestamp="2016-07-24T19:41:37Z" user="Yoshinion" uid="3151684" lat="39.2019680" lon="-119.8189122"/>
 <node id="4318684554" visible="true" version="1" changeset="40998018" timestamp="2016-07-24T19:41:37Z" user="Yoshinion" uid="3151684" lat="39.2020694" lon="-119.8191004"/>
 <node id="4318684555" visible="true" version="1" changeset="40998018" timestamp="2016-07-24T19:41:37Z" user="Yoshinion" uid="3151684" lat="39.2021905" lon="-119.8192153"/>
 <node id="4318684556" visible="true" version="1" changeset="40998018" timestamp="2016-07-24T19:41:37Z" user="Yoshinion" uid="3151684" lat="39.2024723" lon="-119.8195023"/>
 <node id="4318684557" visible="true" version="1" changeset="40998018" timestamp="2016-07-24T19:41:37Z" user="Yoshinion" uid="3151684" lat="39.2033769" lon="-119.8204273"/>
 <node id="4318684558" visible="true" version="1" changeset="40998018" timestamp="2016-07-24T19:41:37Z" user="Yoshinion" uid="3151684" lat="39.2034684" lon="-119.8205645"/>
 <node id="4318684559" visible="true" version="1" changeset="40998018" timestamp="2016-07-24T19:41:37Z" user="Yoshinion" uid="3151684" lat="39.2036612" lon="-119.8207176"/>
 <node id="4318684560" visible="true" version="1" changeset="40998018" timestamp="2016-07-24T19:41:37Z" user="Yoshinion" uid="3151684" lat="39.2038614" lon="-119.8208069"/>
 <node id="4318684561" visible="true" version="1" changeset="40998018" timestamp="2016-07-24T19:41:37Z" user="Yoshinion" uid="3151684" lat="39.2040122" lon="-119.8208197"/>
 <node id="4318684562" visible="true" version="1" changeset="40998018" timestamp="2016-07-24T19:41:37Z" user="Yoshinion" uid="3151684" lat="39.2044150" lon="-119.8208452"/>
 <node id="4318684563" visible="true" version="1" changeset="40998018" timestamp="2016-07-24T19:41:37Z" user="Yoshinion" uid="3151684" lat="39.2045732" lon="-119.8208771"/>
 <node id="4318684564" visible="true" version="1" changeset="40998018" timestamp="2016-07-24T19:41:37Z" user="Yoshinion" uid="3151684" lat="39.2046548" lon="-119.8209568"/>
 <node id="4318684565" visible="true" version="1" changeset="40998018" timestamp="2016-07-24T19:41:37Z" user="Yoshinion" uid="3151684" lat="39.2046993" lon="-119.8210366"/>
 <node id="4318684566" visible="true" version="1" changeset="40998018" timestamp="2016-07-24T19:41:37Z" user="Yoshinion" uid="3151684" lat="39.2047784" lon="-119.8210876"/>
 <node id="4318684567" visible="true" version="1" changeset="40998018" timestamp="2016-07-24T19:41:37Z" user="Yoshinion" uid="3151684" lat="39.2049563" lon="-119.8211578"/>
 <node id="4318684568" visible="true" version="1" changeset="40998018" timestamp="2016-07-24T19:41:37Z" user="Yoshinion" uid="3151684" lat="39.2050305" lon="-119.8212407"/>
 <node id="4318684569" visible="true" version="1" changeset="40998018" timestamp="2016-07-24T19:41:37Z" user="Yoshinion" uid="3151684" lat="39.2050948" lon="-119.8213747"/>
 <node id="4318684570" visible="true" version="1" changeset="40998018" timestamp="2016-07-24T19:41:37Z" user="Yoshinion" uid="3151684" lat="39.2051417" lon="-119.8215374"/>
 <node id="4318684571" visible="true" version="1" changeset="40998018" timestamp="2016-07-24T19:41:37Z" user="Yoshinion" uid="3151684" lat="39.2052480" lon="-119.8216458"/>
 <node id="4318684582" visible="true" version="1" changeset="40998018" timestamp="2016-07-24T19:41:38Z" user="Yoshinion" uid="3151684" lat="39.2041854" lon="-119.8208307"/>
 <node id="4318684583" visible="true" version="1" changeset="40998018" timestamp="2016-07-24T19:41:38Z" user="Yoshinion" uid="3151684" lat="39.2020938" lon="-119.8181568"/>
 <node id="4318684584" visible="true" version="1" changeset="40998018" timestamp="2016-07-24T19:41:38Z" user="Yoshinion" uid="3151684" lat="39.2020051" lon="-119.8181467"/>
 <node id="4318684585" visible="true" version="1" changeset="40998018" timestamp="2016-07-24T19:41:38Z" user="Yoshinion" uid="3151684" lat="39.2019260" lon="-119.8181084"/>
 <node id="4318684586" visible="true" version="1" changeset="40998018" timestamp="2016-07-24T19:41:38Z" user="Yoshinion" uid="3151684" lat="39.2018321" lon="-119.8180542"/>
 <node id="4318684587" visible="true" version="1" changeset="40998018" timestamp="2016-07-24T19:41:38Z" user="Yoshinion" uid="3151684" lat="39.2017703" lon="-119.8179968"/>
 <node id="4318684588" visible="true" version="1" changeset="40998018" timestamp="2016-07-24T19:41:38Z" user="Yoshinion" uid="3151684" lat="39.2017480" lon="-119.8179458"/>
 <node id="4318684689" visible="true" version="1" changeset="40998018" timestamp="2016-07-24T19:41:38Z" user="Yoshinion" uid="3151684" lat="39.2017332" lon="-119.8179043"/>
 <node id="4318684690" visible="true" version="1" changeset="40998018" timestamp="2016-07-24T19:41:38Z" user="Yoshinion" uid="3151684" lat="39.2009299" lon="-119.8186028"/>
 <node id="4318684691" visible="true" version="1" changeset="40998018" timestamp="2016-07-24T19:41:38Z" user="Yoshinion" uid="3151684" lat="39.2010263" lon="-119.8185582"/>
 <node id="4318684692" visible="true" version="1" changeset="40998018" timestamp="2016-07-24T19:41:38Z" user="Yoshinion" uid="3151684" lat="39.2011177" lon="-119.8184816"/>
 <node id="4318684693" visible="true" version="1" changeset="40998018" timestamp="2016-07-24T19:41:38Z" user="Yoshinion" uid="3151684" lat="39.2012018" lon="-119.8183349"/>
 <node id="4318684694" visible="true" version="1" changeset="40998018" timestamp="2016-07-24T19:41:38Z" user="Yoshinion" uid="3151684" lat="39.2013402" lon="-119.8181052"/>
 <node id="4318684695" visible="true" version="1" changeset="40998018" timestamp="2016-07-24T19:41:38Z" user="Yoshinion" uid="3151684" lat="39.2014144" lon="-119.8180159"/>
 <node id="4318684696" visible="true" version="1" changeset="40998018" timestamp="2016-07-24T19:41:38Z" user="Yoshinion" uid="3151684" lat="39.2014860" lon="-119.8179745"/>
 <node id="4318684697" visible="true" version="1" changeset="40998018" timestamp="2016-07-24T19:41:38Z" user="Yoshinion" uid="3151684" lat="39.2021559" lon="-119.8176714"/>
 <node id="4318684698" visible="true" version="1" changeset="40998018" timestamp="2016-07-24T19:41:38Z" user="Yoshinion" uid="3151684" lat="39.2022449" lon="-119.8176491"/>
 <node id="4318684699" visible="true" version="1" changeset="40998018" timestamp="2016-07-24T19:41:38Z" user="Yoshinion" uid="3151684" lat="39.2023091" lon="-119.8176427"/>
 <node id="4318684700" visible="true" version="1" changeset="40998018" timestamp="2016-07-24T19:41:38Z" user="Yoshinion" uid="3151684" lat="39.2025489" lon="-119.8176172"/>
 <node id="4318684701" visible="true" version="1" changeset="40998018" timestamp="2016-07-24T19:41:38Z" user="Yoshinion" uid="3151684" lat="39.2030853" lon="-119.8176077"/>
 <node id="4318684702" visible="true" version="1" changeset="40998018" timestamp="2016-07-24T19:41:38Z" user="Yoshinion" uid="3151684" lat="39.2033102" lon="-119.8176268"/>
 <node id="4318684703" visible="true" version="1" changeset="40998018" timestamp="2016-07-24T19:41:38Z" user="Yoshinion" uid="3151684" lat="39.2034486" lon="-119.8176651"/>
 <node id="4318684704" visible="true" version="1" changeset="40998018" timestamp="2016-07-24T19:41:38Z" user="Yoshinion" uid="3151684" lat="39.2036439" lon="-119.8178086"/>
 <node id="4318684705" visible="true" version="1" changeset="40998018" timestamp="2016-07-24T19:41:38Z" user="Yoshinion" uid="3151684" lat="39.2037576" lon="-119.8178437"/>
 <node id="4318684706" visible="true" version="1" changeset="40998018" timestamp="2016-07-24T19:41:38Z" user="Yoshinion" uid="3151684" lat="39.2038719" lon="-119.8178409"/>
 <node id="4318684707" visible="true" version="1" changeset="40998018" timestamp="2016-07-24T19:41:38Z" user="Yoshinion" uid="3151684" lat="39.2040122" lon="-119.8188963"/>
 <node id="4318684708" visible="true" version="1" changeset="40998018" timestamp="2016-07-24T19:41:38Z" user="Yoshinion" uid="3151684" lat="39.2041259" lon="-119.8189409"/>
 <node id="4318684709" visible="true" version="1" changeset="40998018" timestamp="2016-07-24T19:41:38Z" user="Yoshinion" uid="3151684" lat="39.2045337" lon="-119.8190590"/>
 <node id="4412826617" visible="true" version="2" changeset="122970080" timestamp="2022-06-28T18:48:42Z" user="Sequencer" uid="9232223" lat="39.2007149" lon="-119.8325687"/>
 <node id="4412826688" visible="true" version="2" changeset="122970080" timestamp="2022-06-28T18:48:42Z" user="Sequencer" uid="9232223" lat="39.2010721" lon="-119.8316890"/>
 <node id="4532553822" visible="true" version="1" changeset="44093658" timestamp="2016-12-01T18:37:34Z" user="Brian Reavis" uid="2323512" lat="39.2041330" lon="-119.8175600">
  <tag k="barrier" v="gate"/>
 </node>
 <node id="4576357928" visible="true" version="1" changeset="44720012" timestamp="2016-12-28T02:12:23Z" user="btwhite92" uid="730573" lat="39.2074265" lon="-119.8026788"/>
 <node id="6416529507" visible="true" version="1" changeset="69381986" timestamp="2019-04-19T16:46:44Z" user="SteveBrown" uid="403806" lat="39.2064647" lon="-119.7980146"/>
 <node id="6416529508" visible="true" version="1" changeset="69381986" timestamp="2019-04-19T16:46:44Z" user="SteveBrown" uid="403806" lat="39.2065947" lon="-119.7986916"/>
 <node id="6416529509" visible="true" version="1" changeset="69381986" timestamp="2019-04-19T16:46:44Z" user="SteveBrown" uid="403806" lat="39.2066551" lon="-119.7991770"/>
 <node id="6416529510" visible="true" version="1" changeset="69381986" timestamp="2019-04-19T16:46:44Z" user="SteveBrown" uid="403806" lat="39.2066690" lon="-119.7994825"/>
 <node id="6416529511" visible="true" version="1" changeset="69381986" timestamp="2019-04-19T16:46:44Z" user="SteveBrown" uid="403806" lat="39.2066643" lon="-119.7996503"/>
 <node id="6416529512" visible="true" version="1" changeset="69381986" timestamp="2019-04-19T16:46:44Z" user="SteveBrown" uid="403806" lat="39.2066597" lon="-119.7997701"/>
 <node id="6416529513" visible="true" version="1" changeset="69381986" timestamp="2019-04-19T16:46:44Z" user="SteveBrown" uid="403806" lat="39.2067015" lon="-119.7999738"/>
 <node id="6416529514" visible="true" version="1" changeset="69381986" timestamp="2019-04-19T16:46:44Z" user="SteveBrown" uid="403806" lat="39.2067293" lon="-119.8000337"/>
 <node id="6416529515" visible="true" version="1" changeset="69381986" timestamp="2019-04-19T16:46:44Z" user="SteveBrown" uid="403806" lat="39.2067154" lon="-119.8001655"/>
 <node id="6416529516" visible="true" version="1" changeset="69381986" timestamp="2019-04-19T16:46:44Z" user="SteveBrown" uid="403806" lat="39.2067804" lon="-119.8003453"/>
 <node id="6416529517" visible="true" version="1" changeset="69381986" timestamp="2019-04-19T16:46:44Z" user="SteveBrown" uid="403806" lat="39.2068083" lon="-119.8004711"/>
 <node id="6416529518" visible="true" version="1" changeset="69381986" timestamp="2019-04-19T16:46:44Z" user="SteveBrown" uid="403806" lat="39.2067990" lon="-119.8006089"/>
 <node id="6416529519" visible="true" version="1" changeset="69381986" timestamp="2019-04-19T16:46:44Z" user="SteveBrown" uid="403806" lat="39.2068501" lon="-119.8009025"/>
 <node id="6416529520" visible="true" version="1" changeset="69381986" timestamp="2019-04-19T16:46:44Z" user="SteveBrown" uid="403806" lat="39.2068965" lon="-119.8010523"/>
 <node id="6416529521" visible="true" version="1" changeset="69381986" timestamp="2019-04-19T16:46:44Z" user="SteveBrown" uid="403806" lat="39.2069011" lon="-119.8011841"/>
 <node id="6416529522" visible="true" version="1" changeset="69381986" timestamp="2019-04-19T16:46:44Z" user="SteveBrown" uid="403806" lat="39.2069336" lon="-119.8013099"/>
 <node id="6416529523" visible="true" version="1" changeset="69381986" timestamp="2019-04-19T16:46:44Z" user="SteveBrown" uid="403806" lat="39.2069336" lon="-119.8014118"/>
 <node id="6416529524" visible="true" version="1" changeset="69381986" timestamp="2019-04-19T16:46:44Z" user="SteveBrown" uid="403806" lat="39.2069522" lon="-119.8014896"/>
 <node id="6416529525" visible="true" version="1" changeset="69381986" timestamp="2019-04-19T16:46:44Z" user="SteveBrown" uid="403806" lat="39.2070265" lon="-119.8016993"/>
 <node id="6416529526" visible="true" version="1" changeset="69381986" timestamp="2019-04-19T16:46:44Z" user="SteveBrown" uid="403806" lat="39.2070729" lon="-119.8018971"/>
 <node id="6416529527" visible="true" version="1" changeset="69381986" timestamp="2019-04-19T16:46:44Z" user="SteveBrown" uid="403806" lat="39.2071024" lon="-119.8019567"/>
 <node id="6416529528" visible="true" version="1" changeset="69381986" timestamp="2019-04-19T16:46:44Z" user="SteveBrown" uid="403806" lat="39.2071222" lon="-119.8020663"/>
 <node id="6416529529" visible="true" version="1" changeset="69381986" timestamp="2019-04-19T16:46:44Z" user="SteveBrown" uid="403806" lat="39.2071389" lon="-119.8020996"/>
 <node id="6416529530" visible="true" version="1" changeset="69381986" timestamp="2019-04-19T16:46:44Z" user="SteveBrown" uid="403806" lat="39.2071874" lon="-119.8023502"/>
 <node id="6416529531" visible="true" version="1" changeset="69381986" timestamp="2019-04-19T16:46:44Z" user="SteveBrown" uid="403806" lat="39.2071920" lon="-119.8024775"/>
 <node id="6416529532" visible="true" version="1" changeset="69381986" timestamp="2019-04-19T16:46:44Z" user="SteveBrown" uid="403806" lat="39.2072102" lon="-119.8025617"/>
 <node id="6416529533" visible="true" version="1" changeset="69381986" timestamp="2019-04-19T16:46:44Z" user="SteveBrown" uid="403806" lat="39.2072405" lon="-119.8026420"/>
 <node id="6416529534" visible="true" version="1" changeset="69381986" timestamp="2019-04-19T16:46:44Z" user="SteveBrown" uid="403806" lat="39.2072982" lon="-119.8028006"/>
 <node id="6416529535" visible="true" version="1" changeset="69381986" timestamp="2019-04-19T16:46:44Z" user="SteveBrown" uid="403806" lat="39.2073422" lon="-119.8029376"/>
 <node id="6416529536" visible="true" version="1" changeset="69381986" timestamp="2019-04-19T16:46:44Z" user="SteveBrown" uid="403806" lat="39.2073558" lon="-119.8029885"/>
 <node id="6416529537" visible="true" version="1" changeset="69381986" timestamp="2019-04-19T16:46:44Z" user="SteveBrown" uid="403806" lat="39.2073634" lon="-119.8030649"/>
 <node id="6416529538" visible="true" version="1" changeset="69381986" timestamp="2019-04-19T16:46:44Z" user="SteveBrown" uid="403806" lat="39.2073907" lon="-119.8031315"/>
 <node id="6416529539" visible="true" version="1" changeset="69381986" timestamp="2019-04-19T16:46:44Z" user="SteveBrown" uid="403806" lat="39.2074074" lon="-119.8032274"/>
 <node id="6416529540" visible="true" version="1" changeset="69381986" timestamp="2019-04-19T16:46:44Z" user="SteveBrown" uid="403806" lat="39.2074120" lon="-119.8032744"/>
 <node id="6416529541" visible="true" version="1" changeset="69381986" timestamp="2019-04-19T16:46:44Z" user="SteveBrown" uid="403806" lat="39.2073968" lon="-119.8033390"/>
 <node id="6416529542" visible="true" version="1" changeset="69381986" timestamp="2019-04-19T16:46:44Z" user="SteveBrown" uid="403806" lat="39.2074286" lon="-119.8035152"/>
 <node id="6416529543" visible="true" version="1" changeset="69381986" timestamp="2019-04-19T16:46:44Z" user="SteveBrown" uid="403806" lat="39.2074378" lon="-119.8036210"/>
 <node id="6416529544" visible="true" version="1" changeset="69381986" timestamp="2019-04-19T16:46:44Z" user="SteveBrown" uid="403806" lat="39.2074575" lon="-119.8036836"/>
 <node id="6416529545" visible="true" version="1" changeset="69381986" timestamp="2019-04-19T16:46:44Z" user="SteveBrown" uid="403806" lat="39.2074590" lon="-119.8037502"/>
 <node id="6416529546" visible="true" version="1" changeset="69381986" timestamp="2019-04-19T16:46:44Z" user="SteveBrown" uid="403806" lat="39.2074711" lon="-119.8038031"/>
 <node id="6618477950" visible="true" version="1" changeset="72288454" timestamp="2019-07-16T07:00:44Z" user="user_1282393" uid="1282393" lat="39.1987846" lon="-119.8073861"/>
 <node id="6618477951" visible="true" version="1" changeset="72288454" timestamp="2019-07-16T07:00:44Z" user="user_1282393" uid="1282393" lat="39.1986330" lon="-119.8074780"/>
 <node id="6618488663" visible="true" version="1" changeset="72288454" timestamp="2019-07-16T07:08:06Z" user="user_1282393" uid="1282393" lat="39.1932280" lon="-119.8035527"/>
 <node id="6618488664" visible="true" version="1" changeset="72288454" timestamp="2019-07-16T07:08:06Z" user="user_1282393" uid="1282393" lat="39.1947664" lon="-119.8067558"/>
 <node id="6618488665" visible="true" version="1" changeset="72288454" timestamp="2019-07-16T07:08:06Z" user="user_1282393" uid="1282393" lat="39.1951046" lon="-119.8065628"/>
 <node id="6618488666" visible="true" version="1" changeset="72288454" timestamp="2019-07-16T07:08:06Z" user="user_1282393" uid="1282393" lat="39.1933098" lon="-119.8038761"/>
 <node id="6618488667" visible="true" version="1" changeset="72288454" timestamp="2019-07-16T07:08:06Z" user="user_1282393" uid="1282393" lat="39.1951926" lon="-119.8053616"/>
 <node id="6618488668" visible="true" version="1" changeset="72288454" timestamp="2019-07-16T07:08:06Z" user="user_1282393" uid="1282393" lat="39.1950364" lon="-119.8058343"/>
 <node id="6618488669" visible="true" version="1" changeset="72288454" timestamp="2019-07-16T07:08:06Z" user="user_1282393" uid="1282393" lat="39.1950267" lon="-119.8065884"/>
 <node id="6618488670" visible="true" version="1" changeset="72288454" timestamp="2019-07-16T07:08:06Z" user="user_1282393" uid="1282393" lat="39.1951414" lon="-119.8063799"/>
 <node id="6618488671" visible="true" version="1" changeset="72288454" timestamp="2019-07-16T07:08:06Z" user="user_1282393" uid="1282393" lat="39.1950078" lon="-119.8055049"/>
 <node id="6618488672" visible="true" version="1" changeset="72288454" timestamp="2019-07-16T07:08:06Z" user="user_1282393" uid="1282393" lat="39.1950002" lon="-119.8056518"/>
 <node id="6618488673" visible="true" version="1" changeset="72288454" timestamp="2019-07-16T07:08:06Z" user="user_1282393" uid="1282393" lat="39.1933717" lon="-119.8039857"/>
 <node id="6618488674" visible="true" version="1" changeset="72288454" timestamp="2019-07-16T07:08:06Z" user="user_1282393" uid="1282393" lat="39.1960344" lon="-119.8080513"/>
 <node id="6618488675" visible="true" version="1" changeset="72288454" timestamp="2019-07-16T07:08:06Z" user="user_1282393" uid="1282393" lat="39.1933573" lon="-119.8034172"/>
 <node id="6618488676" visible="true" version="1" changeset="72288454" timestamp="2019-07-16T07:08:06Z" user="user_1282393" uid="1282393" lat="39.1932765" lon="-119.8034611"/>
 <node id="6618488677" visible="true" version="1" changeset="72288454" timestamp="2019-07-16T07:08:06Z" user="user_1282393" uid="1282393" lat="39.1949130" lon="-119.8066709"/>
 <node id="6618488678" visible="true" version="1" changeset="72288454" timestamp="2019-07-16T07:08:06Z" user="user_1282393" uid="1282393" lat="39.1951053" lon="-119.8061921"/>
 <node id="6618488679" visible="true" version="1" changeset="72288454" timestamp="2019-07-16T07:08:06Z" user="user_1282393" uid="1282393" lat="39.1950791" lon="-119.8053848"/>
 <node id="6618488680" visible="true" version="1" changeset="72288454" timestamp="2019-07-16T07:08:06Z" user="user_1282393" uid="1282393" lat="39.1932225" lon="-119.8036664"/>
 <node id="7178586684" visible="true" version="1" changeset="80428050" timestamp="2020-02-02T08:20:31Z" user="KindredCoda" uid="14293" lat="39.2110168" lon="-119.8062595"/>
 <node id="7178605297" visible="true" version="1" changeset="80428050" timestamp="2020-02-02T08:20:31Z" user="KindredCoda" uid="14293" lat="39.2101725" lon="-119.8059233"/>
 <node id="7178605310" visible="true" version="1" changeset="80428050" timestamp="2020-02-02T08:20:31Z" user="KindredCoda" uid="14293" lat="39.2095920" lon="-119.8055575"/>
 <node id="7178605315" visible="true" version="1" changeset="80428050" timestamp="2020-02-02T08:20:31Z" user="KindredCoda" uid="14293" lat="39.2112322" lon="-119.8063147"/>
 <node id="7236218630" visible="true" version="1" changeset="81359381" timestamp="2020-02-23T04:59:10Z" user="larz86" uid="8127210" lat="39.1994161" lon="-119.7902924"/>
 <node id="7236218631" visible="true" version="1" changeset="81359381" timestamp="2020-02-23T04:59:10Z" user="larz86" uid="8127210" lat="39.1992675" lon="-119.7899598"/>
 <node id="7236218632" visible="true" version="1" changeset="81359381" timestamp="2020-02-23T04:59:10Z" user="larz86" uid="8127210" lat="39.1986502" lon="-119.7891752"/>
 <node id="7383769506" visible="true" version="1" changeset="83278497" timestamp="2020-04-09T03:28:18Z" user="larz86" uid="8127210" lat="39.2044985" lon="-119.7674980"/>
 <node id="7383769508" visible="true" version="1" changeset="83278497" timestamp="2020-04-09T03:28:18Z" user="larz86" uid="8127210" lat="39.2061712" lon="-119.7773471"/>
 <node id="7383769557" visible="true" version="1" changeset="83278497" timestamp="2020-04-09T03:28:18Z" user="larz86" uid="8127210" lat="39.2080456" lon="-119.7856627"/>
 <node id="7383769558" visible="true" version="1" changeset="83278497" timestamp="2020-04-09T03:28:18Z" user="larz86" uid="8127210" lat="39.2079575" lon="-119.7853794"/>
 <node id="7383769559" visible="true" version="1" changeset="83278497" timestamp="2020-04-09T03:28:18Z" user="larz86" uid="8127210" lat="39.2073382" lon="-119.7843171"/>
 <node id="7383769570" visible="true" version="1" changeset="83278497" timestamp="2020-04-09T03:28:18Z" user="larz86" uid="8127210" lat="39.2124358" lon="-119.7854382"/>
 <node id="7383769571" visible="true" version="1" changeset="83278497" timestamp="2020-04-09T03:28:18Z" user="larz86" uid="8127210" lat="39.2121823" lon="-119.7857708"/>
 <node id="7383769572" visible="true" version="1" changeset="83278497" timestamp="2020-04-09T03:28:18Z" user="larz86" uid="8127210" lat="39.2119869" lon="-119.7860068"/>
 <node id="7383769573" visible="true" version="1" changeset="83278497" timestamp="2020-04-09T03:28:18Z" user="larz86" uid="8127210" lat="39.2116793" lon="-119.7860873"/>
 <node id="7383769574" visible="true" version="1" changeset="83278497" timestamp="2020-04-09T03:28:18Z" user="larz86" uid="8127210" lat="39.2112304" lon="-119.7861088"/>
 <node id="7383769575" visible="true" version="1" changeset="83278497" timestamp="2020-04-09T03:28:18Z" user="larz86" uid="8127210" lat="39.2107461" lon="-119.7862113"/>
 <node id="7383769576" visible="true" version="1" changeset="83278497" timestamp="2020-04-09T03:28:18Z" user="larz86" uid="8127210" lat="39.2103720" lon="-119.7862971"/>
 <node id="7383769577" visible="true" version="1" changeset="83278497" timestamp="2020-04-09T03:28:18Z" user="larz86" uid="8127210" lat="39.2097818" lon="-119.7861255"/>
 <node id="7383769578" visible="true" version="1" changeset="83278497" timestamp="2020-04-09T03:28:18Z" user="larz86" uid="8127210" lat="39.2089006" lon="-119.7846771"/>
 <node id="7383769579" visible="true" version="1" changeset="83278497" timestamp="2020-04-09T03:28:18Z" user="larz86" uid="8127210" lat="39.2085889" lon="-119.7842345"/>
 <node id="7383769580" visible="true" version="1" changeset="83278497" timestamp="2020-04-09T03:28:18Z" user="larz86" uid="8127210" lat="39.2081504" lon="-119.7836089"/>
 <node id="7383769581" visible="true" version="1" changeset="83278497" timestamp="2020-04-09T03:28:18Z" user="larz86" uid="8127210" lat="39.2079177" lon="-119.7832603"/>
 <node id="7383769582" visible="true" version="1" changeset="83278497" timestamp="2020-04-09T03:28:18Z" user="larz86" uid="8127210" lat="39.2077181" lon="-119.7825575"/>
 <node id="7383769583" visible="true" version="1" changeset="83278497" timestamp="2020-04-09T03:28:18Z" user="larz86" uid="8127210" lat="39.2075103" lon="-119.7816027"/>
 <node id="7383769584" visible="true" version="1" changeset="83278497" timestamp="2020-04-09T03:28:18Z" user="larz86" uid="8127210" lat="39.2070572" lon="-119.7806853"/>
 <node id="7383769586" visible="true" version="2" changeset="181175523" timestamp="2026-04-11T05:56:45Z" user="Flap Slimy Outward" uid="22417964" lat="39.2063639" lon="-119.7783915"/>
 <node id="7383769590" visible="true" version="2" changeset="181175523" timestamp="2026-04-11T05:56:45Z" user="Flap Slimy Outward" uid="22417964" lat="39.2045715" lon="-119.7719267"/>
 <node id="7383769591" visible="true" version="2" changeset="181175523" timestamp="2026-04-11T05:56:45Z" user="Flap Slimy Outward" uid="22417964" lat="39.2045633" lon="-119.7714263"/>
 <node id="7383769592" visible="true" version="2" changeset="181175523" timestamp="2026-04-11T05:56:45Z" user="Flap Slimy Outward" uid="22417964" lat="39.2045410" lon="-119.7700754"/>
 <node id="7383769593" visible="true" version="2" changeset="181175523" timestamp="2026-04-11T05:56:45Z" user="Flap Slimy Outward" uid="22417964" lat="39.2044948" lon="-119.7633885"/>
 <node id="7383769594" visible="true" version="2" changeset="181175523" timestamp="2026-04-11T05:56:45Z" user="Flap Slimy Outward" uid="22417964" lat="39.2044821" lon="-119.7568013"/>
 <node id="7383769595" visible="true" version="1" changeset="83278497" timestamp="2020-04-09T03:28:18Z" user="larz86" uid="8127210" lat="39.2176683" lon="-119.7626050"/>
 <node id="7383769596" visible="true" version="1" changeset="83278497" timestamp="2020-04-09T03:28:18Z" user="larz86" uid="8127210" lat="39.2122288" lon="-119.7849918"/>
 <node id="7383769597" visible="true" version="1" changeset="83278497" timestamp="2020-04-09T03:28:18Z" user="larz86" uid="8127210" lat="39.2123410" lon="-119.7852654"/>
 <node id="7383769598" visible="true" version="1" changeset="83278497" timestamp="2020-04-09T03:28:18Z" user="larz86" uid="8127210" lat="39.2081961" lon="-119.7569397"/>
 <node id="7383769599" visible="true" version="1" changeset="83278497" timestamp="2020-04-09T03:28:18Z" user="larz86" uid="8127210" lat="39.2082128" lon="-119.7548972"/>
 <node id="7383769600" visible="true" version="1" changeset="83278497" timestamp="2020-04-09T03:28:18Z" user="larz86" uid="8127210" lat="39.2123531" lon="-119.7844264"/>
 <node id="7383769601" visible="true" version="1" changeset="83278497" timestamp="2020-04-09T03:28:18Z" user="larz86" uid="8127210" lat="39.2118915" lon="-119.7832425"/>
 <node id="7383769602" visible="true" version="1" changeset="83278497" timestamp="2020-04-09T03:28:18Z" user="larz86" uid="8127210" lat="39.2118935" lon="-119.7827471"/>
 <node id="7383769603" visible="true" version="1" changeset="83278497" timestamp="2020-04-09T03:28:18Z" user="larz86" uid="8127210" lat="39.2121771" lon="-119.7821776"/>
 <node id="7383769604" visible="true" version="1" changeset="83278497" timestamp="2020-04-09T03:28:18Z" user="larz86" uid="8127210" lat="39.2129507" lon="-119.7817319"/>
 <node id="7383769605" visible="true" version="1" changeset="83278497" timestamp="2020-04-09T03:28:18Z" user="larz86" uid="8127210" lat="39.2168412" lon="-119.8013448"/>
 <node id="7383769606" visible="true" version="1" changeset="83278497" timestamp="2020-04-09T03:28:18Z" user="larz86" uid="8127210" lat="39.2125431" lon="-119.7818823"/>
 <node id="7383769607" visible="true" version="1" changeset="83278497" timestamp="2020-04-09T03:28:18Z" user="larz86" uid="8127210" lat="39.2132064" lon="-119.7816660"/>
 <node id="7383769608" visible="true" version="1" changeset="83278497" timestamp="2020-04-09T03:28:18Z" user="larz86" uid="8127210" lat="39.2136668" lon="-119.7817511"/>
 <node id="7383769609" visible="true" version="1" changeset="83278497" timestamp="2020-04-09T03:28:18Z" user="larz86" uid="8127210" lat="39.2280259" lon="-119.7887484"/>
 <node id="7383769610" visible="true" version="1" changeset="83278497" timestamp="2020-04-09T03:28:18Z" user="larz86" uid="8127210" lat="39.2081525" lon="-119.7510687"/>
 <node id="7383769611" visible="true" version="1" changeset="83278497" timestamp="2020-04-09T03:28:18Z" user="larz86" uid="8127210" lat="39.2085494" lon="-119.7510669"/>
 <node id="7383769612" visible="true" version="1" changeset="83278497" timestamp="2020-04-09T03:28:18Z" user="larz86" uid="8127210" lat="39.2085525" lon="-119.7508165"/>
 <node id="7383769613" visible="true" version="1" changeset="83278497" timestamp="2020-04-09T03:28:18Z" user="larz86" uid="8127210" lat="39.2110262" lon="-119.7496426"/>
 <node id="7383769614" visible="true" version="1" changeset="83278497" timestamp="2020-04-09T03:28:18Z" user="larz86" uid="8127210" lat="39.2117913" lon="-119.7491736"/>
 <node id="7383769615" visible="true" version="1" changeset="83278497" timestamp="2020-04-09T03:28:18Z" user="larz86" uid="8127210" lat="39.2158605" lon="-119.7490438"/>
 <node id="7383769616" visible="true" version="1" changeset="83278497" timestamp="2020-04-09T03:28:18Z" user="larz86" uid="8127210" lat="39.2161724" lon="-119.7511434"/>
 <node id="7383769617" visible="true" version="1" changeset="83278497" timestamp="2020-04-09T03:28:18Z" user="larz86" uid="8127210" lat="39.2196277" lon="-119.7527109"/>
 <node id="7383769618" visible="true" version="1" changeset="83278497" timestamp="2020-04-09T03:28:18Z" user="larz86" uid="8127210" lat="39.2201649" lon="-119.7579659"/>
 <node id="7383769619" visible="true" version="1" changeset="83278497" timestamp="2020-04-09T03:28:18Z" user="larz86" uid="8127210" lat="39.2173462" lon="-119.7622483"/>
 <node id="7383769620" visible="true" version="1" changeset="83278497" timestamp="2020-04-09T03:28:18Z" user="larz86" uid="8127210" lat="39.2174225" lon="-119.7599080"/>
 <node id="7383769624" visible="true" version="1" changeset="83278497" timestamp="2020-04-09T03:28:18Z" user="larz86" uid="8127210" lat="39.2194335" lon="-119.7601908"/>
 <node id="7383769625" visible="true" version="1" changeset="83278497" timestamp="2020-04-09T03:28:18Z" user="larz86" uid="8127210" lat="39.2168202" lon="-119.7609730"/>
 <node id="7383769626" visible="true" version="1" changeset="83278497" timestamp="2020-04-09T03:28:18Z" user="larz86" uid="8127210" lat="39.2273803" lon="-119.7648394"/>
 <node id="7383769627" visible="true" version="1" changeset="83278497" timestamp="2020-04-09T03:28:18Z" user="larz86" uid="8127210" lat="39.2191582" lon="-119.7632405"/>
 <node id="7383769628" visible="true" version="1" changeset="83278497" timestamp="2020-04-09T03:28:18Z" user="larz86" uid="8127210" lat="39.2201693" lon="-119.7637397"/>
 <node id="7383769629" visible="true" version="1" changeset="83278497" timestamp="2020-04-09T03:28:18Z" user="larz86" uid="8127210" lat="39.2336007" lon="-119.7768419"/>
 <node id="7383769630" visible="true" version="1" changeset="83278497" timestamp="2020-04-09T03:28:18Z" user="larz86" uid="8127210" lat="39.2368002" lon="-119.7647765"/>
 <node id="7383769631" visible="true" version="1" changeset="83278497" timestamp="2020-04-09T03:28:18Z" user="larz86" uid="8127210" lat="39.2318938" lon="-119.7810206"/>
 <node id="7383769632" visible="true" version="1" changeset="83278497" timestamp="2020-04-09T03:28:18Z" user="larz86" uid="8127210" lat="39.2311893" lon="-119.7816708"/>
 <node id="7383769633" visible="true" version="1" changeset="83278497" timestamp="2020-04-09T03:28:18Z" user="larz86" uid="8127210" lat="39.2355303" lon="-119.7699250"/>
 <node id="7383769634" visible="true" version="1" changeset="83278497" timestamp="2020-04-09T03:28:18Z" user="larz86" uid="8127210" lat="39.2352384" lon="-119.7704937"/>
 <node id="7383769635" visible="true" version="1" changeset="83278497" timestamp="2020-04-09T03:28:18Z" user="larz86" uid="8127210" lat="39.2353608" lon="-119.7701823"/>
 <node id="7383769636" visible="true" version="1" changeset="83278497" timestamp="2020-04-09T03:28:18Z" user="larz86" uid="8127210" lat="39.2352025" lon="-119.7708658"/>
 <node id="7383769637" visible="true" version="1" changeset="83278497" timestamp="2020-04-09T03:28:18Z" user="larz86" uid="8127210" lat="39.2353625" lon="-119.7720793"/>
 <node id="7383769638" visible="true" version="1" changeset="83278497" timestamp="2020-04-09T03:28:18Z" user="larz86" uid="8127210" lat="39.2352589" lon="-119.7714793"/>
 <node id="7383769639" visible="true" version="1" changeset="83278497" timestamp="2020-04-09T03:28:18Z" user="larz86" uid="8127210" lat="39.2355707" lon="-119.7734565"/>
 <node id="7383769640" visible="true" version="1" changeset="83278497" timestamp="2020-04-09T03:28:18Z" user="larz86" uid="8127210" lat="39.2354823" lon="-119.7727645"/>
 <node id="7383769641" visible="true" version="1" changeset="83278497" timestamp="2020-04-09T03:28:18Z" user="larz86" uid="8127210" lat="39.2353686" lon="-119.7753481"/>
 <node id="7383769642" visible="true" version="1" changeset="83278497" timestamp="2020-04-09T03:28:18Z" user="larz86" uid="8127210" lat="39.2355560" lon="-119.7744023"/>
 <node id="7383769643" visible="true" version="1" changeset="83278497" timestamp="2020-04-09T03:28:18Z" user="larz86" uid="8127210" lat="39.2355922" lon="-119.7739530"/>
 <node id="7383769644" visible="true" version="1" changeset="83278497" timestamp="2020-04-09T03:28:18Z" user="larz86" uid="8127210" lat="39.2347624" lon="-119.7760270"/>
 <node id="7383769645" visible="true" version="1" changeset="83278497" timestamp="2020-04-09T03:28:18Z" user="larz86" uid="8127210" lat="39.2350812" lon="-119.7757349"/>
 <node id="7383769646" visible="true" version="1" changeset="83278497" timestamp="2020-04-09T03:28:18Z" user="larz86" uid="8127210" lat="39.2340980" lon="-119.7763833"/>
 <node id="7383769647" visible="true" version="1" changeset="83278497" timestamp="2020-04-09T03:28:18Z" user="larz86" uid="8127210" lat="39.2329294" lon="-119.7786030"/>
 <node id="7383769648" visible="true" version="1" changeset="83278497" timestamp="2020-04-09T03:28:18Z" user="larz86" uid="8127210" lat="39.2332509" lon="-119.7776706"/>
 <node id="7383769649" visible="true" version="1" changeset="83278497" timestamp="2020-04-09T03:28:18Z" user="larz86" uid="8127210" lat="39.2325491" lon="-119.7799875"/>
 <node id="7383769650" visible="true" version="1" changeset="83278497" timestamp="2020-04-09T03:28:18Z" user="larz86" uid="8127210" lat="39.2322188" lon="-119.7807204"/>
 <node id="7383769651" visible="true" version="1" changeset="83278497" timestamp="2020-04-09T03:28:18Z" user="larz86" uid="8127210" lat="39.2324324" lon="-119.7803556"/>
 <node id="7383769652" visible="true" version="1" changeset="83278497" timestamp="2020-04-09T03:28:18Z" user="larz86" uid="8127210" lat="39.2141876" lon="-119.7823009"/>
 <node id="7383769653" visible="true" version="1" changeset="83278497" timestamp="2020-04-09T03:28:18Z" user="larz86" uid="8127210" lat="39.2146595" lon="-119.7820085"/>
 <node id="7383769654" visible="true" version="1" changeset="83278497" timestamp="2020-04-09T03:28:18Z" user="larz86" uid="8127210" lat="39.2148623" lon="-119.7823182"/>
 <node id="7383769655" visible="true" version="1" changeset="83278497" timestamp="2020-04-09T03:28:18Z" user="larz86" uid="8127210" lat="39.2140610" lon="-119.7822597"/>
 <node id="7383769656" visible="true" version="1" changeset="83278497" timestamp="2020-04-09T03:28:18Z" user="larz86" uid="8127210" lat="39.2151221" lon="-119.7824731"/>
 <node id="7383769657" visible="true" version="1" changeset="83278497" timestamp="2020-04-09T03:28:18Z" user="larz86" uid="8127210" lat="39.2152733" lon="-119.7828655"/>
 <node id="7383769658" visible="true" version="1" changeset="83278497" timestamp="2020-04-09T03:28:18Z" user="larz86" uid="8127210" lat="39.2145407" lon="-119.8023322"/>
 <node id="7383769659" visible="true" version="1" changeset="83278497" timestamp="2020-04-09T03:28:18Z" user="larz86" uid="8127210" lat="39.2264072" lon="-119.7926225"/>
 <node id="7383769660" visible="true" version="1" changeset="83278497" timestamp="2020-04-09T03:28:18Z" user="larz86" uid="8127210" lat="39.2287771" lon="-119.7860485"/>
 <node id="7383769661" visible="true" version="1" changeset="83278497" timestamp="2020-04-09T03:28:18Z" user="larz86" uid="8127210" lat="39.2305679" lon="-119.7824098"/>
 <node id="7383769662" visible="true" version="1" changeset="83278497" timestamp="2020-04-09T03:28:18Z" user="larz86" uid="8127210" lat="39.2299808" lon="-119.7838017"/>
 <node id="7383769663" visible="true" version="1" changeset="83278497" timestamp="2020-04-09T03:28:18Z" user="larz86" uid="8127210" lat="39.2292432" lon="-119.7850380"/>
 <node id="7383769664" visible="true" version="1" changeset="83278497" timestamp="2020-04-09T03:28:18Z" user="larz86" uid="8127210" lat="39.2270805" lon="-119.7911833"/>
 <node id="7383769665" visible="true" version="1" changeset="83278497" timestamp="2020-04-09T03:28:18Z" user="larz86" uid="8127210" lat="39.2215095" lon="-119.7998218"/>
 <node id="7383769666" visible="true" version="1" changeset="83278497" timestamp="2020-04-09T03:28:18Z" user="larz86" uid="8127210" lat="39.2247070" lon="-119.7960506"/>
 <node id="7383769667" visible="true" version="1" changeset="83278497" timestamp="2020-04-09T03:28:18Z" user="larz86" uid="8127210" lat="39.2257087" lon="-119.7942471"/>
 <node id="7383769668" visible="true" version="1" changeset="83278497" timestamp="2020-04-09T03:28:18Z" user="larz86" uid="8127210" lat="39.2253166" lon="-119.7950253"/>
 <node id="7383769669" visible="true" version="1" changeset="83278497" timestamp="2020-04-09T03:28:18Z" user="larz86" uid="8127210" lat="39.2237318" lon="-119.7970320"/>
 <node id="7383769670" visible="true" version="1" changeset="83278497" timestamp="2020-04-09T03:28:18Z" user="larz86" uid="8127210" lat="39.2225854" lon="-119.7984343"/>
 <node id="7383769671" visible="true" version="1" changeset="83278497" timestamp="2020-04-09T03:28:18Z" user="larz86" uid="8127210" lat="39.2219449" lon="-119.7993908"/>
 <node id="7383769672" visible="true" version="1" changeset="83278497" timestamp="2020-04-09T03:28:18Z" user="larz86" uid="8127210" lat="39.2151351" lon="-119.7839791"/>
 <node id="7383769673" visible="true" version="1" changeset="83278497" timestamp="2020-04-09T03:28:18Z" user="larz86" uid="8127210" lat="39.2146449" lon="-119.7843683"/>
 <node id="7383769674" visible="true" version="1" changeset="83278497" timestamp="2020-04-09T03:28:18Z" user="larz86" uid="8127210" lat="39.2144163" lon="-119.7852045"/>
 <node id="7383769675" visible="true" version="1" changeset="83278497" timestamp="2020-04-09T03:28:18Z" user="larz86" uid="8127210" lat="39.2145398" lon="-119.7854624"/>
 <node id="7383769676" visible="true" version="1" changeset="83278497" timestamp="2020-04-09T03:28:18Z" user="larz86" uid="8127210" lat="39.2141089" lon="-119.7858444"/>
 <node id="7383769677" visible="true" version="1" changeset="83278497" timestamp="2020-04-09T03:28:18Z" user="larz86" uid="8127210" lat="39.2132904" lon="-119.7855533"/>
 <node id="7383769678" visible="true" version="1" changeset="83278497" timestamp="2020-04-09T03:28:18Z" user="larz86" uid="8127210" lat="39.2123807" lon="-119.7861140"/>
 <node id="7383769679" visible="true" version="1" changeset="83278497" timestamp="2020-04-09T03:28:18Z" user="larz86" uid="8127210" lat="39.2132448" lon="-119.8026416"/>
 <node id="7383769680" visible="true" version="1" changeset="83278497" timestamp="2020-04-09T03:28:18Z" user="larz86" uid="8127210" lat="39.2114497" lon="-119.8035366"/>
 <node id="7383769681" visible="true" version="1" changeset="83278497" timestamp="2020-04-09T03:28:18Z" user="larz86" uid="8127210" lat="39.2102101" lon="-119.8038845"/>
 <node id="7383769682" visible="true" version="1" changeset="83278497" timestamp="2020-04-09T03:28:18Z" user="larz86" uid="8127210" lat="39.2093331" lon="-119.8042681"/>
 <node id="7383769683" visible="true" version="1" changeset="83278497" timestamp="2020-04-09T03:28:18Z" user="larz86" uid="8127210" lat="39.2063536" lon="-119.7953516"/>
 <node id="7383769684" visible="true" version="1" changeset="83278497" timestamp="2020-04-09T03:28:18Z" user="larz86" uid="8127210" lat="39.2075421" lon="-119.8013637"/>
 <node id="7383769685" visible="true" version="1" changeset="83278497" timestamp="2020-04-09T03:28:18Z" user="larz86" uid="8127210" lat="39.2106401" lon="-119.7896466"/>
 <node id="7383769686" visible="true" version="1" changeset="83278497" timestamp="2020-04-09T03:28:18Z" user="larz86" uid="8127210" lat="39.2096687" lon="-119.7896071"/>
 <node id="7383769687" visible="true" version="1" changeset="83278497" timestamp="2020-04-09T03:28:18Z" user="larz86" uid="8127210" lat="39.2057663" lon="-119.7903621"/>
 <node id="7383769688" visible="true" version="1" changeset="83278497" timestamp="2020-04-09T03:28:18Z" user="larz86" uid="8127210" lat="39.2087802" lon="-119.7895845"/>
 <node id="7383769689" visible="true" version="1" changeset="83278497" timestamp="2020-04-09T03:28:18Z" user="larz86" uid="8127210" lat="39.2057490" lon="-119.7835445"/>
 <node id="7383769690" visible="true" version="1" changeset="83278497" timestamp="2020-04-09T03:28:18Z" user="larz86" uid="8127210" lat="39.2083937" lon="-119.7892374"/>
 <node id="7383769691" visible="true" version="1" changeset="83278497" timestamp="2020-04-09T03:28:18Z" user="larz86" uid="8127210" lat="39.2072039" lon="-119.7840867"/>
 <node id="7383769692" visible="true" version="1" changeset="83278497" timestamp="2020-04-09T03:28:18Z" user="larz86" uid="8127210" lat="39.2081462" lon="-119.7859860"/>
 <node id="7383769693" visible="true" version="1" changeset="83278497" timestamp="2020-04-09T03:28:18Z" user="larz86" uid="8127210" lat="39.2080610" lon="-119.7870589"/>
 <node id="7383769694" visible="true" version="1" changeset="83278497" timestamp="2020-04-09T03:28:18Z" user="larz86" uid="8127210" lat="39.2082937" lon="-119.7866404"/>
 <node id="7383769695" visible="true" version="1" changeset="83278497" timestamp="2020-04-09T03:28:18Z" user="larz86" uid="8127210" lat="39.2080656" lon="-119.7881179"/>
 <node id="7383769696" visible="true" version="1" changeset="83278497" timestamp="2020-04-09T03:28:18Z" user="larz86" uid="8127210" lat="39.2083979" lon="-119.7886819"/>
 <node id="7383769697" visible="true" version="1" changeset="83278497" timestamp="2020-04-09T03:28:18Z" user="larz86" uid="8127210" lat="39.2083073" lon="-119.8035227"/>
 <node id="7383769698" visible="true" version="1" changeset="83278497" timestamp="2020-04-09T03:28:18Z" user="larz86" uid="8127210" lat="39.2078554" lon="-119.8025156"/>
 <node id="7383769699" visible="true" version="1" changeset="83278497" timestamp="2020-04-09T03:28:18Z" user="larz86" uid="8127210" lat="39.2088350" lon="-119.8043637"/>
 <node id="7383769700" visible="true" version="1" changeset="83278497" timestamp="2020-04-09T03:28:18Z" user="larz86" uid="8127210" lat="39.2070336" lon="-119.7977083"/>
 <node id="7383769701" visible="true" version="1" changeset="83278497" timestamp="2020-04-09T03:28:18Z" user="larz86" uid="8127210" lat="39.2074033" lon="-119.8003407"/>
 <node id="7383769702" visible="true" version="1" changeset="83278497" timestamp="2020-04-09T03:28:18Z" user="larz86" uid="8127210" lat="39.2072679" lon="-119.7988329"/>
 <node id="7383769703" visible="true" version="1" changeset="83278497" timestamp="2020-04-09T03:28:18Z" user="larz86" uid="8127210" lat="39.2071607" lon="-119.7982025"/>
 <node id="7383769704" visible="true" version="1" changeset="83278497" timestamp="2020-04-09T03:28:18Z" user="larz86" uid="8127210" lat="39.2066309" lon="-119.7960638"/>
 <node id="7383769705" visible="true" version="1" changeset="83278497" timestamp="2020-04-09T03:28:18Z" user="larz86" uid="8127210" lat="39.2059857" lon="-119.7923225"/>
 <node id="7383769706" visible="true" version="1" changeset="83278497" timestamp="2020-04-09T03:28:18Z" user="larz86" uid="8127210" lat="39.2058216" lon="-119.7921193"/>
 <node id="7383769707" visible="true" version="1" changeset="83278497" timestamp="2020-04-09T03:28:18Z" user="larz86" uid="8127210" lat="39.2057114" lon="-119.7870129"/>
 <node id="7383769708" visible="true" version="1" changeset="83278497" timestamp="2020-04-09T03:28:18Z" user="larz86" uid="8127210" lat="39.2056993" lon="-119.7891303"/>
 <node id="7383769709" visible="true" version="1" changeset="83278497" timestamp="2020-04-09T03:28:18Z" user="larz86" uid="8127210" lat="39.2057368" lon="-119.7846954"/>
 <node id="7383769710" visible="true" version="1" changeset="83278497" timestamp="2020-04-09T03:28:18Z" user="larz86" uid="8127210" lat="39.2055053" lon="-119.7835196"/>
 <node id="7383769711" visible="true" version="1" changeset="83278497" timestamp="2020-04-09T03:28:18Z" user="larz86" uid="8127210" lat="39.2079695" lon="-119.7876919"/>
 <node id="7383769712" visible="true" version="1" changeset="83278497" timestamp="2020-04-09T03:28:18Z" user="larz86" uid="8127210" lat="39.2079612" lon="-119.7873271"/>
 <node id="7383769713" visible="true" version="1" changeset="83278497" timestamp="2020-04-09T03:28:18Z" user="larz86" uid="8127210" lat="39.2082272" lon="-119.7868657"/>
 <node id="7383769714" visible="true" version="1" changeset="83278497" timestamp="2020-04-09T03:28:18Z" user="larz86" uid="8127210" lat="39.2081784" lon="-119.7863132"/>
 <node id="7383769715" visible="true" version="1" changeset="83278497" timestamp="2020-04-09T03:28:18Z" user="larz86" uid="8127210" lat="39.2091999" lon="-119.7852457"/>
 <node id="7383769716" visible="true" version="1" changeset="83278497" timestamp="2020-04-09T03:28:18Z" user="larz86" uid="8127210" lat="39.2095657" lon="-119.7858572"/>
 <node id="7383769719" visible="true" version="1" changeset="83278497" timestamp="2020-04-09T03:28:18Z" user="larz86" uid="8127210" lat="39.2100811" lon="-119.7862435"/>
 <node id="7383769720" visible="true" version="1" changeset="83278497" timestamp="2020-04-09T03:28:18Z" user="larz86" uid="8127210" lat="39.2103591" lon="-119.7883636"/>
 <node id="7383769721" visible="true" version="1" changeset="83278497" timestamp="2020-04-09T03:28:18Z" user="larz86" uid="8127210" lat="39.2104431" lon="-119.7897248"/>
 <node id="7383769722" visible="true" version="1" changeset="83278497" timestamp="2020-04-09T03:28:18Z" user="larz86" uid="8127210" lat="39.2103720" lon="-119.7874091"/>
 <node id="7383769723" visible="true" version="1" changeset="83278497" timestamp="2020-04-09T03:28:18Z" user="larz86" uid="8127210" lat="39.2109161" lon="-119.7867743"/>
 <node id="7383769724" visible="true" version="1" changeset="83278497" timestamp="2020-04-09T03:28:18Z" user="larz86" uid="8127210" lat="39.2108930" lon="-119.7864420"/>
 <node id="7383769725" visible="true" version="1" changeset="83278497" timestamp="2020-04-09T03:28:18Z" user="larz86" uid="8127210" lat="39.2115082" lon="-119.7864292"/>
 <node id="7383769726" visible="true" version="1" changeset="83278497" timestamp="2020-04-09T03:28:18Z" user="larz86" uid="8127210" lat="39.2120335" lon="-119.7863802"/>
 <node id="7383769727" visible="true" version="1" changeset="83278497" timestamp="2020-04-09T03:28:18Z" user="larz86" uid="8127210" lat="39.2127168" lon="-119.7859699"/>
 <node id="7383769728" visible="true" version="1" changeset="83278497" timestamp="2020-04-09T03:28:18Z" user="larz86" uid="8127210" lat="39.2129244" lon="-119.7856424"/>
 <node id="7383769729" visible="true" version="1" changeset="83278497" timestamp="2020-04-09T03:28:18Z" user="larz86" uid="8127210" lat="39.2145385" lon="-119.7846208"/>
 <node id="7383769730" visible="true" version="1" changeset="83278497" timestamp="2020-04-09T03:28:18Z" user="larz86" uid="8127210" lat="39.2145337" lon="-119.7848248"/>
 <node id="7383769731" visible="true" version="1" changeset="83278497" timestamp="2020-04-09T03:28:18Z" user="larz86" uid="8127210" lat="39.2137127" lon="-119.7856060"/>
 <node id="7383769732" visible="true" version="1" changeset="83278497" timestamp="2020-04-09T03:28:18Z" user="larz86" uid="8127210" lat="39.2143505" lon="-119.7857633"/>
 <node id="7383769733" visible="true" version="1" changeset="83278497" timestamp="2020-04-09T03:28:18Z" user="larz86" uid="8127210" lat="39.2192146" lon="-119.8006577"/>
 <node id="7383769734" visible="true" version="1" changeset="83278497" timestamp="2020-04-09T03:28:18Z" user="larz86" uid="8127210" lat="39.2205951" lon="-119.8002330"/>
 <node id="7383769735" visible="true" version="1" changeset="83278497" timestamp="2020-04-09T03:28:18Z" user="larz86" uid="8127210" lat="39.2243046" lon="-119.7965198"/>
 <node id="7383769736" visible="true" version="1" changeset="83278497" timestamp="2020-04-09T03:28:18Z" user="larz86" uid="8127210" lat="39.2250159" lon="-119.7955728"/>
 <node id="7383769737" visible="true" version="1" changeset="83278497" timestamp="2020-04-09T03:28:18Z" user="larz86" uid="8127210" lat="39.2261036" lon="-119.7934106"/>
 <node id="7383769738" visible="true" version="1" changeset="83278497" timestamp="2020-04-09T03:28:18Z" user="larz86" uid="8127210" lat="39.2282987" lon="-119.7881736"/>
 <node id="7383769739" visible="true" version="1" changeset="83278497" timestamp="2020-04-09T03:28:18Z" user="larz86" uid="8127210" lat="39.2285119" lon="-119.7871620"/>
 <node id="7383769740" visible="true" version="1" changeset="83278497" timestamp="2020-04-09T03:28:18Z" user="larz86" uid="8127210" lat="39.2286144" lon="-119.7865918"/>
 <node id="7383769741" visible="true" version="1" changeset="83278497" timestamp="2020-04-09T03:28:18Z" user="larz86" uid="8127210" lat="39.2289852" lon="-119.7855338"/>
 <node id="7383769742" visible="true" version="1" changeset="83278497" timestamp="2020-04-09T03:28:18Z" user="larz86" uid="8127210" lat="39.2296048" lon="-119.7844319"/>
 <node id="7383769743" visible="true" version="1" changeset="83278497" timestamp="2020-04-09T03:28:18Z" user="larz86" uid="8127210" lat="39.2297928" lon="-119.7841517"/>
 <node id="7383769744" visible="true" version="1" changeset="83278497" timestamp="2020-04-09T03:28:18Z" user="larz86" uid="8127210" lat="39.2302671" lon="-119.7830763"/>
 <node id="7383769745" visible="true" version="1" changeset="83278497" timestamp="2020-04-09T03:28:18Z" user="larz86" uid="8127210" lat="39.2308485" lon="-119.7820350"/>
 <node id="7383769746" visible="true" version="1" changeset="83278497" timestamp="2020-04-09T03:28:18Z" user="larz86" uid="8127210" lat="39.2338815" lon="-119.7765388"/>
 <node id="7383769747" visible="true" version="1" changeset="83278497" timestamp="2020-04-09T03:28:18Z" user="larz86" uid="8127210" lat="39.2334175" lon="-119.7772375"/>
 <node id="7383769748" visible="true" version="1" changeset="83278497" timestamp="2020-04-09T03:28:18Z" user="larz86" uid="8127210" lat="39.2344801" lon="-119.7762320"/>
 <node id="7383769749" visible="true" version="1" changeset="83278497" timestamp="2020-04-09T03:28:18Z" user="larz86" uid="8127210" lat="39.2354831" lon="-119.7748645"/>
 <node id="7383769750" visible="true" version="1" changeset="83278497" timestamp="2020-04-09T03:28:18Z" user="larz86" uid="8127210" lat="39.2383001" lon="-119.7666341"/>
 <node id="7383769751" visible="true" version="1" changeset="83278497" timestamp="2020-04-09T03:28:18Z" user="larz86" uid="8127210" lat="39.2353341" lon="-119.7695989"/>
 <node id="7383769752" visible="true" version="1" changeset="83278497" timestamp="2020-04-09T03:28:18Z" user="larz86" uid="8127210" lat="39.2356620" lon="-119.7692400"/>
 <node id="7383769753" visible="true" version="1" changeset="83278497" timestamp="2020-04-09T03:28:18Z" user="larz86" uid="8127210" lat="39.2358674" lon="-119.7694843"/>
 <node id="7383769754" visible="true" version="1" changeset="83278497" timestamp="2020-04-09T03:28:18Z" user="larz86" uid="8127210" lat="39.2369694" lon="-119.7683834"/>
 <node id="7383769755" visible="true" version="1" changeset="83278497" timestamp="2020-04-09T03:28:18Z" user="larz86" uid="8127210" lat="39.2378632" lon="-119.7672563"/>
 <node id="7383769756" visible="true" version="1" changeset="83278497" timestamp="2020-04-09T03:28:18Z" user="larz86" uid="8127210" lat="39.2374433" lon="-119.7678413"/>
 <node id="7383769757" visible="true" version="1" changeset="83278497" timestamp="2020-04-09T03:28:18Z" user="larz86" uid="8127210" lat="39.2371842" lon="-119.7647739"/>
 <node id="7383769758" visible="true" version="1" changeset="83278497" timestamp="2020-04-09T03:28:18Z" user="larz86" uid="8127210" lat="39.2380123" lon="-119.7655974"/>
 <node id="7383769759" visible="true" version="1" changeset="83278497" timestamp="2020-04-09T03:28:18Z" user="larz86" uid="8127210" lat="39.2372122" lon="-119.7633792"/>
 <node id="7383769760" visible="true" version="1" changeset="83278497" timestamp="2020-04-09T03:28:18Z" user="larz86" uid="8127210" lat="39.2370329" lon="-119.7647749"/>
 <node id="7383769761" visible="true" version="1" changeset="83278497" timestamp="2020-04-09T03:28:18Z" user="larz86" uid="8127210" lat="39.2376552" lon="-119.7637541"/>
 <node id="7383769762" visible="true" version="1" changeset="83278497" timestamp="2020-04-09T03:28:18Z" user="larz86" uid="8127210" lat="39.2380414" lon="-119.7657500"/>
 <node id="7383769763" visible="true" version="1" changeset="83278497" timestamp="2020-04-09T03:28:18Z" user="larz86" uid="8127210" lat="39.2382394" lon="-119.7665463"/>
 <node id="7383769764" visible="true" version="1" changeset="83278497" timestamp="2020-04-09T03:28:18Z" user="larz86" uid="8127210" lat="39.2383418" lon="-119.7663864"/>
 <node id="7383769765" visible="true" version="1" changeset="83278497" timestamp="2020-04-09T03:28:18Z" user="larz86" uid="8127210" lat="39.2384334" lon="-119.7664969"/>
 <node id="7383769766" visible="true" version="1" changeset="83278497" timestamp="2020-04-09T03:28:18Z" user="larz86" uid="8127210" lat="39.2382064" lon="-119.7653027"/>
 <node id="7383769767" visible="true" version="1" changeset="83278497" timestamp="2020-04-09T03:28:18Z" user="larz86" uid="8127210" lat="39.2380897" lon="-119.7652857"/>
 <node id="7383769770" visible="true" version="1" changeset="83278497" timestamp="2020-04-09T03:28:18Z" user="larz86" uid="8127210" lat="39.2386094" lon="-119.7662137"/>
 <node id="7383769774" visible="true" version="1" changeset="83278497" timestamp="2020-04-09T03:28:18Z" user="larz86" uid="8127210" lat="39.2374828" lon="-119.7636146"/>
 <node id="7383769775" visible="true" version="1" changeset="83278497" timestamp="2020-04-09T03:28:18Z" user="larz86" uid="8127210" lat="39.2378089" lon="-119.7645319"/>
 <node id="7383769776" visible="true" version="1" changeset="83278497" timestamp="2020-04-09T03:28:18Z" user="larz86" uid="8127210" lat="39.2377383" lon="-119.7642181"/>
 <node id="7383769777" visible="true" version="1" changeset="83278497" timestamp="2020-04-09T03:28:18Z" user="larz86" uid="8127210" lat="39.2377632" lon="-119.7640518"/>
 <node id="7383769778" visible="true" version="1" changeset="83278497" timestamp="2020-04-09T03:28:18Z" user="larz86" uid="8127210" lat="39.2242858" lon="-119.7648600"/>
 <node id="7383769779" visible="true" version="1" changeset="83278497" timestamp="2020-04-09T03:28:18Z" user="larz86" uid="8127210" lat="39.2216805" lon="-119.7648853"/>
 <node id="7383769780" visible="true" version="1" changeset="83278497" timestamp="2020-04-09T03:28:18Z" user="larz86" uid="8127210" lat="39.2201611" lon="-119.7649001"/>
 <node id="7383769783" visible="true" version="1" changeset="83278497" timestamp="2020-04-09T03:28:18Z" user="larz86" uid="8127210" lat="39.2200393" lon="-119.7637477"/>
 <node id="7383769784" visible="true" version="1" changeset="83278497" timestamp="2020-04-09T03:28:18Z" user="larz86" uid="8127210" lat="39.2199832" lon="-119.7643699"/>
 <node id="7383769785" visible="true" version="1" changeset="83278497" timestamp="2020-04-09T03:28:18Z" user="larz86" uid="8127210" lat="39.2201183" lon="-119.7639891"/>
 <node id="7383769786" visible="true" version="1" changeset="83278497" timestamp="2020-04-09T03:28:18Z" user="larz86" uid="8127210" lat="39.2200809" lon="-119.7642090"/>
 <node id="7383769787" visible="true" version="1" changeset="83278497" timestamp="2020-04-09T03:28:18Z" user="larz86" uid="8127210" lat="39.2200518" lon="-119.7643351"/>
 <node id="7383769788" visible="true" version="1" changeset="83278497" timestamp="2020-04-09T03:28:18Z" user="larz86" uid="8127210" lat="39.2197110" lon="-119.7640722"/>
 <node id="7383769789" visible="true" version="1" changeset="83278497" timestamp="2020-04-09T03:28:18Z" user="larz86" uid="8127210" lat="39.2198855" lon="-119.7643297"/>
 <node id="7383769790" visible="true" version="1" changeset="83278497" timestamp="2020-04-09T03:28:18Z" user="larz86" uid="8127210" lat="39.2198190" lon="-119.7643860"/>
 <node id="7383769791" visible="true" version="1" changeset="83278497" timestamp="2020-04-09T03:28:18Z" user="larz86" uid="8127210" lat="39.2196923" lon="-119.7643082"/>
 <node id="7383769792" visible="true" version="1" changeset="83278497" timestamp="2020-04-09T03:28:18Z" user="larz86" uid="8127210" lat="39.2197703" lon="-119.7640141"/>
 <node id="7383769793" visible="true" version="1" changeset="83278497" timestamp="2020-04-09T03:28:18Z" user="larz86" uid="8127210" lat="39.2197283" lon="-119.7639424"/>
 <node id="7383769794" visible="true" version="1" changeset="83278497" timestamp="2020-04-09T03:28:18Z" user="larz86" uid="8127210" lat="39.2195667" lon="-119.7640448"/>
 <node id="7383769795" visible="true" version="1" changeset="83278497" timestamp="2020-04-09T03:28:18Z" user="larz86" uid="8127210" lat="39.2193755" lon="-119.7640077"/>
 <node id="7383769796" visible="true" version="1" changeset="83278497" timestamp="2020-04-09T03:28:18Z" user="larz86" uid="8127210" lat="39.2192106" lon="-119.7638522"/>
 <node id="7383769797" visible="true" version="1" changeset="83278497" timestamp="2020-04-09T03:28:18Z" user="larz86" uid="8127210" lat="39.2190797" lon="-119.7636258"/>
 <node id="7383769798" visible="true" version="1" changeset="83278497" timestamp="2020-04-09T03:28:18Z" user="larz86" uid="8127210" lat="39.2190666" lon="-119.7633994"/>
 <node id="7383769800" visible="true" version="1" changeset="83278497" timestamp="2020-04-09T03:28:18Z" user="larz86" uid="8127210" lat="39.2180007" lon="-119.7629556"/>
 <node id="7383769801" visible="true" version="1" changeset="83278497" timestamp="2020-04-09T03:28:18Z" user="larz86" uid="8127210" lat="39.2172932" lon="-119.7624222"/>
 <node id="7383769815" visible="true" version="1" changeset="83278497" timestamp="2020-04-09T03:28:18Z" user="larz86" uid="8127210" lat="39.2191602" lon="-119.7624290"/>
 <node id="7383769816" visible="true" version="1" changeset="83278497" timestamp="2020-04-09T03:28:18Z" user="larz86" uid="8127210" lat="39.2184995" lon="-119.7624012"/>
 <node id="7383769817" visible="true" version="1" changeset="83278497" timestamp="2020-04-09T03:28:18Z" user="larz86" uid="8127210" lat="39.2184870" lon="-119.7625004"/>
 <node id="7383769819" visible="true" version="1" changeset="83278497" timestamp="2020-04-09T03:28:18Z" user="larz86" uid="8127210" lat="39.2183956" lon="-119.7626184"/>
 <node id="7383769820" visible="true" version="1" changeset="83278497" timestamp="2020-04-09T03:28:18Z" user="larz86" uid="8127210" lat="39.2182813" lon="-119.7625970"/>
 <node id="7383769821" visible="true" version="1" changeset="83278497" timestamp="2020-04-09T03:28:18Z" user="larz86" uid="8127210" lat="39.2181649" lon="-119.7626104"/>
 <node id="7383769822" visible="true" version="1" changeset="83278497" timestamp="2020-04-09T03:28:18Z" user="larz86" uid="8127210" lat="39.2181130" lon="-119.7625943"/>
 <node id="7383769823" visible="true" version="1" changeset="83278497" timestamp="2020-04-09T03:28:18Z" user="larz86" uid="8127210" lat="39.2180340" lon="-119.7625353"/>
 <node id="7383769824" visible="true" version="1" changeset="83278497" timestamp="2020-04-09T03:28:18Z" user="larz86" uid="8127210" lat="39.2180077" lon="-119.7625896"/>
 <node id="7383769825" visible="true" version="1" changeset="83278497" timestamp="2020-04-09T03:28:18Z" user="larz86" uid="8127210" lat="39.2180403" lon="-119.7626909"/>
 <node id="7383769826" visible="true" version="1" changeset="83278497" timestamp="2020-04-09T03:28:18Z" user="larz86" uid="8127210" lat="39.2180673" lon="-119.7627847"/>
 <node id="7383769827" visible="true" version="1" changeset="83278497" timestamp="2020-04-09T03:28:18Z" user="larz86" uid="8127210" lat="39.2178292" lon="-119.7629601"/>
 <node id="7383769828" visible="true" version="1" changeset="83278497" timestamp="2020-04-09T03:28:18Z" user="larz86" uid="8127210" lat="39.2177618" lon="-119.7628464"/>
 <node id="7383769829" visible="true" version="1" changeset="83278497" timestamp="2020-04-09T03:28:18Z" user="larz86" uid="8127210" lat="39.2176641" lon="-119.7627391"/>
 <node id="7383769830" visible="true" version="1" changeset="83278497" timestamp="2020-04-09T03:28:18Z" user="larz86" uid="8127210" lat="39.2175561" lon="-119.7625568"/>
 <node id="7383769831" visible="true" version="1" changeset="83278497" timestamp="2020-04-09T03:28:18Z" user="larz86" uid="8127210" lat="39.2174459" lon="-119.7626184"/>
 <node id="7383769832" visible="true" version="1" changeset="83278497" timestamp="2020-04-09T03:28:18Z" user="larz86" uid="8127210" lat="39.2173129" lon="-119.7626474"/>
 <node id="7383769833" visible="true" version="1" changeset="83278497" timestamp="2020-04-09T03:28:18Z" user="larz86" uid="8127210" lat="39.2173400" lon="-119.7619989"/>
 <node id="7383769834" visible="true" version="1" changeset="83278497" timestamp="2020-04-09T03:28:18Z" user="larz86" uid="8127210" lat="39.2175935" lon="-119.7619050"/>
 <node id="7383769835" visible="true" version="1" changeset="83278497" timestamp="2020-04-09T03:28:18Z" user="larz86" uid="8127210" lat="39.2175789" lon="-119.7615165"/>
 <node id="7383769836" visible="true" version="1" changeset="83278497" timestamp="2020-04-09T03:28:18Z" user="larz86" uid="8127210" lat="39.2173101" lon="-119.7616588"/>
 <node id="7383769837" visible="true" version="1" changeset="83278497" timestamp="2020-04-09T03:28:18Z" user="larz86" uid="8127210" lat="39.2170354" lon="-119.7614873"/>
 <node id="7383769838" visible="true" version="1" changeset="83278497" timestamp="2020-04-09T03:28:18Z" user="larz86" uid="8127210" lat="39.2168909" lon="-119.7612163"/>
 <node id="7383769839" visible="true" version="1" changeset="83278497" timestamp="2020-04-09T03:28:18Z" user="larz86" uid="8127210" lat="39.2170480" lon="-119.7604897"/>
 <node id="7383769840" visible="true" version="1" changeset="83278497" timestamp="2020-04-09T03:28:18Z" user="larz86" uid="8127210" lat="39.2168583" lon="-119.7607016"/>
 <node id="7383769841" visible="true" version="1" changeset="83278497" timestamp="2020-04-09T03:28:18Z" user="larz86" uid="8127210" lat="39.2171789" lon="-119.7604255"/>
 <node id="7383769842" visible="true" version="1" changeset="83278497" timestamp="2020-04-09T03:28:18Z" user="larz86" uid="8127210" lat="39.2173394" lon="-119.7604587"/>
 <node id="7383769843" visible="true" version="1" changeset="83278497" timestamp="2020-04-09T03:28:18Z" user="larz86" uid="8127210" lat="39.2173937" lon="-119.7603507"/>
 <node id="7383769844" visible="true" version="1" changeset="83278497" timestamp="2020-04-09T03:28:18Z" user="larz86" uid="8127210" lat="39.2173282" lon="-119.7602459"/>
 <node id="7383769845" visible="true" version="1" changeset="83278497" timestamp="2020-04-09T03:28:18Z" user="larz86" uid="8127210" lat="39.2172994" lon="-119.7600161"/>
 <node id="7383769846" visible="true" version="1" changeset="83278497" timestamp="2020-04-09T03:28:18Z" user="larz86" uid="8127210" lat="39.2176372" lon="-119.7599249"/>
 <node id="7383769847" visible="true" version="1" changeset="83278497" timestamp="2020-04-09T03:28:18Z" user="larz86" uid="8127210" lat="39.2178361" lon="-119.7601209"/>
 <node id="7383769848" visible="true" version="1" changeset="83278497" timestamp="2020-04-09T03:28:18Z" user="larz86" uid="8127210" lat="39.2201805" lon="-119.7601924"/>
 <node id="7383769849" visible="true" version="1" changeset="83278497" timestamp="2020-04-09T03:28:18Z" user="larz86" uid="8127210" lat="39.2201482" lon="-119.7555843"/>
 <node id="7383769850" visible="true" version="1" changeset="83278497" timestamp="2020-04-09T03:28:18Z" user="larz86" uid="8127210" lat="39.2201298" lon="-119.7529557"/>
 <node id="7383769851" visible="true" version="1" changeset="83278497" timestamp="2020-04-09T03:28:18Z" user="larz86" uid="8127210" lat="39.2201272" lon="-119.7525747"/>
 <node id="7383769852" visible="true" version="1" changeset="83278497" timestamp="2020-04-09T03:28:18Z" user="larz86" uid="8127210" lat="39.2196340" lon="-119.7525459"/>
 <node id="7383769853" visible="true" version="1" changeset="83278497" timestamp="2020-04-09T03:28:18Z" user="larz86" uid="8127210" lat="39.2185929" lon="-119.7532876"/>
 <node id="7383769854" visible="true" version="1" changeset="83278497" timestamp="2020-04-09T03:28:18Z" user="larz86" uid="8127210" lat="39.2095524" lon="-119.7502430"/>
 <node id="7383769855" visible="true" version="1" changeset="83278497" timestamp="2020-04-09T03:28:18Z" user="larz86" uid="8127210" lat="39.2090857" lon="-119.7504439"/>
 <node id="7383769856" visible="true" version="1" changeset="83278497" timestamp="2020-04-09T03:28:18Z" user="larz86" uid="8127210" lat="39.2110284" lon="-119.7494162"/>
 <node id="7383769857" visible="true" version="1" changeset="83278497" timestamp="2020-04-09T03:28:18Z" user="larz86" uid="8127210" lat="39.2118662" lon="-119.7491436"/>
 <node id="7383769860" visible="true" version="1" changeset="83278497" timestamp="2020-04-09T03:28:18Z" user="larz86" uid="8127210" lat="39.2118330" lon="-119.7486887"/>
 <node id="7383769861" visible="true" version="1" changeset="83278497" timestamp="2020-04-09T03:28:18Z" user="larz86" uid="8127210" lat="39.2125645" lon="-119.7487187"/>
 <node id="7383769862" visible="true" version="1" changeset="83278497" timestamp="2020-04-09T03:28:18Z" user="larz86" uid="8127210" lat="39.2130841" lon="-119.7482187"/>
 <node id="7383769863" visible="true" version="1" changeset="83278497" timestamp="2020-04-09T03:28:18Z" user="larz86" uid="8127210" lat="39.2137013" lon="-119.7479419"/>
 <node id="7383769864" visible="true" version="1" changeset="83278497" timestamp="2020-04-09T03:28:18Z" user="larz86" uid="8127210" lat="39.2160705" lon="-119.7497932"/>
 <node id="7383769868" visible="true" version="1" changeset="83278497" timestamp="2020-04-09T03:28:18Z" user="larz86" uid="8127210" lat="39.2168811" lon="-119.7517131"/>
 <node id="7383769869" visible="true" version="1" changeset="83278497" timestamp="2020-04-09T03:28:18Z" user="larz86" uid="8127210" lat="39.2175497" lon="-119.7522790"/>
 <node id="7383770011" visible="true" version="1" changeset="83278497" timestamp="2020-04-09T03:28:18Z" user="larz86" uid="8127210" lat="39.2086717" lon="-119.8032194"/>
 <node id="7412864893" visible="true" version="1" changeset="83673160" timestamp="2020-04-17T02:04:33Z" user="larz86" uid="8127210" lat="39.1927933" lon="-119.7994945"/>
 <node id="7412864894" visible="true" version="1" changeset="83673160" timestamp="2020-04-17T02:04:33Z" user="larz86" uid="8127210" lat="39.1928827" lon="-119.7984082"/>
 <node id="7412864895" visible="true" version="1" changeset="83673160" timestamp="2020-04-17T02:04:33Z" user="larz86" uid="8127210" lat="39.1929970" lon="-119.7980488"/>
 <node id="7412864896" visible="true" version="1" changeset="83673160" timestamp="2020-04-17T02:04:33Z" user="larz86" uid="8127210" lat="39.1930199" lon="-119.7977296"/>
 <node id="7412864897" visible="true" version="1" changeset="83673160" timestamp="2020-04-17T02:04:33Z" user="larz86" uid="8127210" lat="39.1929201" lon="-119.7975311"/>
 <node id="7412864898" visible="true" version="1" changeset="83673160" timestamp="2020-04-17T02:04:33Z" user="larz86" uid="8127210" lat="39.1927102" lon="-119.7974855"/>
 <node id="7412864899" visible="true" version="1" changeset="83673160" timestamp="2020-04-17T02:04:33Z" user="larz86" uid="8127210" lat="39.1918329" lon="-119.7974453"/>
 <node id="7412864900" visible="true" version="1" changeset="83673160" timestamp="2020-04-17T02:04:33Z" user="larz86" uid="8127210" lat="39.1916417" lon="-119.7976518"/>
 <node id="7412864901" visible="true" version="1" changeset="83673160" timestamp="2020-04-17T02:04:33Z" user="larz86" uid="8127210" lat="39.1916146" lon="-119.7978396"/>
 <node id="7412864902" visible="true" version="1" changeset="83673160" timestamp="2020-04-17T02:04:33Z" user="larz86" uid="8127210" lat="39.1916375" lon="-119.7979469"/>
 <node id="7412864903" visible="true" version="1" changeset="83673160" timestamp="2020-04-17T02:04:33Z" user="larz86" uid="8127210" lat="39.1917414" lon="-119.7981024"/>
 <node id="7412864904" visible="true" version="1" changeset="83673160" timestamp="2020-04-17T02:04:33Z" user="larz86" uid="8127210" lat="39.1919223" lon="-119.7983090"/>
 <node id="7412864905" visible="true" version="1" changeset="83673160" timestamp="2020-04-17T02:04:33Z" user="larz86" uid="8127210" lat="39.1921323" lon="-119.7984699"/>
 <node id="7412864906" visible="true" version="1" changeset="83673160" timestamp="2020-04-17T02:04:33Z" user="larz86" uid="8127210" lat="39.1923530" lon="-119.7986108"/>
 <node id="7412864907" visible="true" version="1" changeset="83673160" timestamp="2020-04-17T02:04:33Z" user="larz86" uid="8127210" lat="39.1925010" lon="-119.7987882"/>
 <node id="7412864908" visible="true" version="1" changeset="83673160" timestamp="2020-04-17T02:04:33Z" user="larz86" uid="8127210" lat="39.1925599" lon="-119.7990281"/>
 <node id="7412864909" visible="true" version="1" changeset="83673160" timestamp="2020-04-17T02:04:33Z" user="larz86" uid="8127210" lat="39.1925809" lon="-119.7992495"/>
 <node id="7412864910" visible="true" version="1" changeset="83673160" timestamp="2020-04-17T02:04:33Z" user="larz86" uid="8127210" lat="39.1925101" lon="-119.8004264"/>
 <node id="7412864911" visible="true" version="1" changeset="83673160" timestamp="2020-04-17T02:04:33Z" user="larz86" uid="8127210" lat="39.1924457" lon="-119.8004304"/>
 <node id="7412864912" visible="true" version="1" changeset="83673160" timestamp="2020-04-17T02:04:33Z" user="larz86" uid="8127210" lat="39.1924207" lon="-119.8004076"/>
 <node id="7412864913" visible="true" version="1" changeset="83673160" timestamp="2020-04-17T02:04:33Z" user="larz86" uid="8127210" lat="39.1924103" lon="-119.8003580"/>
 <node id="7412864914" visible="true" version="1" changeset="83673160" timestamp="2020-04-17T02:04:33Z" user="larz86" uid="8127210" lat="39.1923999" lon="-119.8003245"/>
 <node id="7412864915" visible="true" version="1" changeset="83673160" timestamp="2020-04-17T02:04:33Z" user="larz86" uid="8127210" lat="39.1923739" lon="-119.8003030"/>
 <node id="7412864916" visible="true" version="1" changeset="83673160" timestamp="2020-04-17T02:04:33Z" user="larz86" uid="8127210" lat="39.1923542" lon="-119.8002923"/>
 <node id="7412864917" visible="true" version="1" changeset="83673160" timestamp="2020-04-17T02:04:33Z" user="larz86" uid="8127210" lat="39.1923396" lon="-119.8002467"/>
 <node id="7412864918" visible="true" version="1" changeset="83673160" timestamp="2020-04-17T02:04:33Z" user="larz86" uid="8127210" lat="39.1923324" lon="-119.8001957"/>
 <node id="7412864919" visible="true" version="1" changeset="83673160" timestamp="2020-04-17T02:04:33Z" user="larz86" uid="8127210" lat="39.1923168" lon="-119.8001770"/>
 <node id="7412864920" visible="true" version="1" changeset="83673160" timestamp="2020-04-17T02:04:33Z" user="larz86" uid="8127210" lat="39.1922866" lon="-119.8001890"/>
 <node id="7412864921" visible="true" version="1" changeset="83673160" timestamp="2020-04-17T02:04:33Z" user="larz86" uid="8127210" lat="39.1922659" lon="-119.8001917"/>
 <node id="7412864922" visible="true" version="1" changeset="83673160" timestamp="2020-04-17T02:04:33Z" user="larz86" uid="8127210" lat="39.1922295" lon="-119.8001676"/>
 <node id="7412864923" visible="true" version="1" changeset="83673160" timestamp="2020-04-17T02:04:33Z" user="larz86" uid="8127210" lat="39.1921733" lon="-119.8001072"/>
 <node id="7412864924" visible="true" version="1" changeset="83673160" timestamp="2020-04-17T02:04:33Z" user="larz86" uid="8127210" lat="39.1921079" lon="-119.8000254"/>
 <node id="7412864925" visible="true" version="1" changeset="83673160" timestamp="2020-04-17T02:04:33Z" user="larz86" uid="8127210" lat="39.1920871" lon="-119.7999409"/>
 <node id="7412864926" visible="true" version="1" changeset="83673160" timestamp="2020-04-17T02:04:33Z" user="larz86" uid="8127210" lat="39.1920621" lon="-119.7998779"/>
 <node id="7412864927" visible="true" version="1" changeset="83673160" timestamp="2020-04-17T02:04:33Z" user="larz86" uid="8127210" lat="39.1920455" lon="-119.7998363"/>
 <node id="7412864928" visible="true" version="1" changeset="83673160" timestamp="2020-04-17T02:04:33Z" user="larz86" uid="8127210" lat="39.1920206" lon="-119.7998162"/>
 <node id="7412864929" visible="true" version="1" changeset="83673160" timestamp="2020-04-17T02:04:33Z" user="larz86" uid="8127210" lat="39.1920008" lon="-119.7998417"/>
 <node id="7412864930" visible="true" version="1" changeset="83673160" timestamp="2020-04-17T02:04:33Z" user="larz86" uid="8127210" lat="39.1919883" lon="-119.7998632"/>
 <node id="7412864931" visible="true" version="1" changeset="83673160" timestamp="2020-04-17T02:04:33Z" user="larz86" uid="8127210" lat="39.1919675" lon="-119.7998618"/>
 <node id="7412864932" visible="true" version="1" changeset="83673160" timestamp="2020-04-17T02:04:33Z" user="larz86" uid="8127210" lat="39.1919520" lon="-119.7998296"/>
 <node id="7412864933" visible="true" version="1" changeset="83673160" timestamp="2020-04-17T02:04:33Z" user="larz86" uid="8127210" lat="39.1919384" lon="-119.7997733"/>
 <node id="7412864934" visible="true" version="1" changeset="83673160" timestamp="2020-04-17T02:04:33Z" user="larz86" uid="8127210" lat="39.1919301" lon="-119.7996767"/>
 <node id="7412864935" visible="true" version="1" changeset="83673160" timestamp="2020-04-17T02:04:33Z" user="larz86" uid="8127210" lat="39.1919073" lon="-119.7996137"/>
 <node id="7412864936" visible="true" version="1" changeset="83673160" timestamp="2020-04-17T02:04:33Z" user="larz86" uid="8127210" lat="39.1918657" lon="-119.7995708"/>
 <node id="7412864937" visible="true" version="1" changeset="83673160" timestamp="2020-04-17T02:04:33Z" user="larz86" uid="8127210" lat="39.1918501" lon="-119.7995534"/>
 <node id="7412864938" visible="true" version="1" changeset="83673160" timestamp="2020-04-17T02:04:33Z" user="larz86" uid="8127210" lat="39.1918366" lon="-119.7994984"/>
 <node id="7412864939" visible="true" version="1" changeset="83673160" timestamp="2020-04-17T02:04:33Z" user="larz86" uid="8127210" lat="39.1918532" lon="-119.7994045"/>
 <node id="7412864940" visible="true" version="1" changeset="83673160" timestamp="2020-04-17T02:04:33Z" user="larz86" uid="8127210" lat="39.1918241" lon="-119.7993817"/>
 <node id="7412864941" visible="true" version="1" changeset="83673160" timestamp="2020-04-17T02:04:33Z" user="larz86" uid="8127210" lat="39.1917732" lon="-119.7993428"/>
 <node id="7412864942" visible="true" version="1" changeset="83673160" timestamp="2020-04-17T02:04:33Z" user="larz86" uid="8127210" lat="39.1917129" lon="-119.7992422"/>
 <node id="7412864943" visible="true" version="1" changeset="83673160" timestamp="2020-04-17T02:04:33Z" user="larz86" uid="8127210" lat="39.1916630" lon="-119.7992302"/>
 <node id="7412864944" visible="true" version="1" changeset="83673160" timestamp="2020-04-17T02:04:33Z" user="larz86" uid="8127210" lat="39.1915944" lon="-119.7991738"/>
 <node id="7412864945" visible="true" version="1" changeset="83673160" timestamp="2020-04-17T02:04:33Z" user="larz86" uid="8127210" lat="39.1915185" lon="-119.7990504"/>
 <node id="7412864946" visible="true" version="1" changeset="83673160" timestamp="2020-04-17T02:04:33Z" user="larz86" uid="8127210" lat="39.1914873" lon="-119.7990075"/>
 <node id="7412864947" visible="true" version="1" changeset="83673160" timestamp="2020-04-17T02:04:33Z" user="larz86" uid="8127210" lat="39.1914291" lon="-119.7990116"/>
 <node id="7412864948" visible="true" version="1" changeset="83673160" timestamp="2020-04-17T02:04:33Z" user="larz86" uid="8127210" lat="39.1913439" lon="-119.7990491"/>
 <node id="7412864949" visible="true" version="1" changeset="83673160" timestamp="2020-04-17T02:04:33Z" user="larz86" uid="8127210" lat="39.1912867" lon="-119.7990491"/>
 <node id="7412864950" visible="true" version="1" changeset="83673160" timestamp="2020-04-17T02:04:33Z" user="larz86" uid="8127210" lat="39.1912233" lon="-119.7989888"/>
 <node id="7412864951" visible="true" version="1" changeset="83673160" timestamp="2020-04-17T02:04:33Z" user="larz86" uid="8127210" lat="39.1910986" lon="-119.7987849"/>
 <node id="7412864952" visible="true" version="1" changeset="83673160" timestamp="2020-04-17T02:04:33Z" user="larz86" uid="8127210" lat="39.1910362" lon="-119.7987031"/>
 <node id="7412864953" visible="true" version="1" changeset="83673160" timestamp="2020-04-17T02:04:33Z" user="larz86" uid="8127210" lat="39.1909552" lon="-119.7986763"/>
 <node id="7412864954" visible="true" version="1" changeset="83673160" timestamp="2020-04-17T02:04:33Z" user="larz86" uid="8127210" lat="39.1909136" lon="-119.7986749"/>
 <node id="7412864955" visible="true" version="1" changeset="83673160" timestamp="2020-04-17T02:04:33Z" user="larz86" uid="8127210" lat="39.1908460" lon="-119.7986763"/>
 <node id="7412864956" visible="true" version="1" changeset="83673160" timestamp="2020-04-17T02:04:33Z" user="larz86" uid="8127210" lat="39.1907961" lon="-119.7986374"/>
 <node id="7412864957" visible="true" version="1" changeset="83673160" timestamp="2020-04-17T02:04:33Z" user="larz86" uid="8127210" lat="39.1907868" lon="-119.7985462"/>
 <node id="7412864958" visible="true" version="1" changeset="83673160" timestamp="2020-04-17T02:04:33Z" user="larz86" uid="8127210" lat="39.1907494" lon="-119.7984885"/>
 <node id="7412864959" visible="true" version="1" changeset="83673160" timestamp="2020-04-17T02:04:33Z" user="larz86" uid="8127210" lat="39.1906797" lon="-119.7984148"/>
 <node id="7412864960" visible="true" version="1" changeset="83673160" timestamp="2020-04-17T02:04:33Z" user="larz86" uid="8127210" lat="39.1906361" lon="-119.7983879"/>
 <node id="7412864961" visible="true" version="1" changeset="83673160" timestamp="2020-04-17T02:04:33Z" user="larz86" uid="8127210" lat="39.1906049" lon="-119.7983866"/>
 <node id="7412864962" visible="true" version="1" changeset="83673160" timestamp="2020-04-17T02:04:33Z" user="larz86" uid="8127210" lat="39.1905716" lon="-119.7983383"/>
 <node id="7412864963" visible="true" version="1" changeset="83673160" timestamp="2020-04-17T02:04:33Z" user="larz86" uid="8127210" lat="39.1905664" lon="-119.7982444"/>
 <node id="7412864964" visible="true" version="1" changeset="83673160" timestamp="2020-04-17T02:04:33Z" user="larz86" uid="8127210" lat="39.1905300" lon="-119.7981385"/>
 <node id="7412864965" visible="true" version="1" changeset="83673160" timestamp="2020-04-17T02:04:33Z" user="larz86" uid="8127210" lat="39.1904396" lon="-119.7979762"/>
 <node id="7412864966" visible="true" version="1" changeset="83673160" timestamp="2020-04-17T02:04:33Z" user="larz86" uid="8127210" lat="39.1903242" lon="-119.7977536"/>
 <node id="7412864976" visible="true" version="1" changeset="83673160" timestamp="2020-04-17T02:04:33Z" user="larz86" uid="8127210" lat="39.1902571" lon="-119.7976095"/>
 <node id="7412864977" visible="true" version="1" changeset="83673160" timestamp="2020-04-17T02:04:33Z" user="larz86" uid="8127210" lat="39.1863337" lon="-119.8067936"/>
 <node id="7412864978" visible="true" version="1" changeset="83673160" timestamp="2020-04-17T02:04:33Z" user="larz86" uid="8127210" lat="39.1863885" lon="-119.8005837"/>
 <node id="7412864979" visible="true" version="1" changeset="83673160" timestamp="2020-04-17T02:04:33Z" user="larz86" uid="8127210" lat="39.1864020" lon="-119.7996959"/>
 <node id="7412864980" visible="true" version="1" changeset="83673160" timestamp="2020-04-17T02:04:33Z" user="larz86" uid="8127210" lat="39.1864447" lon="-119.7995014"/>
 <node id="7412864981" visible="true" version="1" changeset="83673160" timestamp="2020-04-17T02:04:33Z" user="larz86" uid="8127210" lat="39.1865413" lon="-119.7993459"/>
 <node id="7412864982" visible="true" version="1" changeset="83673160" timestamp="2020-04-17T02:04:33Z" user="larz86" uid="8127210" lat="39.1867430" lon="-119.7990790"/>
 <node id="7412864983" visible="true" version="1" changeset="83673160" timestamp="2020-04-17T02:04:33Z" user="larz86" uid="8127210" lat="39.1869654" lon="-119.7988175"/>
 <node id="7412864984" visible="true" version="1" changeset="83673160" timestamp="2020-04-17T02:04:33Z" user="larz86" uid="8127210" lat="39.1872170" lon="-119.7986002"/>
 <node id="7412864985" visible="true" version="1" changeset="83673160" timestamp="2020-04-17T02:04:33Z" user="larz86" uid="8127210" lat="39.1873823" lon="-119.7985157"/>
 <node id="7412864986" visible="true" version="1" changeset="83673160" timestamp="2020-04-17T02:04:33Z" user="larz86" uid="8127210" lat="39.1880294" lon="-119.7984268"/>
 <node id="7412864987" visible="true" version="1" changeset="83673160" timestamp="2020-04-17T02:04:33Z" user="larz86" uid="8127210" lat="39.1882704" lon="-119.7983829"/>
 <node id="7412864988" visible="true" version="1" changeset="83673160" timestamp="2020-04-17T02:04:33Z" user="larz86" uid="8127210" lat="39.1884642" lon="-119.7983052"/>
 <node id="7412864989" visible="true" version="1" changeset="83673160" timestamp="2020-04-17T02:04:33Z" user="larz86" uid="8127210" lat="39.1886594" lon="-119.7982004"/>
 <node id="7412864990" visible="true" version="1" changeset="83673160" timestamp="2020-04-17T02:04:33Z" user="larz86" uid="8127210" lat="39.1888741" lon="-119.7980230"/>
 <node id="7412864991" visible="true" version="1" changeset="83673160" timestamp="2020-04-17T02:04:33Z" user="larz86" uid="8127210" lat="39.1889357" lon="-119.7978861"/>
 <node id="7412864992" visible="true" version="1" changeset="83673160" timestamp="2020-04-17T02:04:33Z" user="larz86" uid="8127210" lat="39.1889999" lon="-119.7976766"/>
 <node id="7412864993" visible="true" version="1" changeset="83673160" timestamp="2020-04-17T02:04:33Z" user="larz86" uid="8127210" lat="39.1899087" lon="-119.7976716"/>
 <node id="7412864994" visible="true" version="2" changeset="95253244" timestamp="2020-12-03T23:46:07Z" user="larz86" uid="8127210" lat="39.1901957" lon="-119.7992704"/>
 <node id="7412864995" visible="true" version="1" changeset="83673160" timestamp="2020-04-17T02:04:33Z" user="larz86" uid="8127210" lat="39.1904887" lon="-119.8010675"/>
 <node id="7412864996" visible="true" version="1" changeset="83673160" timestamp="2020-04-17T02:04:33Z" user="larz86" uid="8127210" lat="39.1903250" lon="-119.8013717"/>
 <node id="7412864997" visible="true" version="1" changeset="83673160" timestamp="2020-04-17T02:04:33Z" user="larz86" uid="8127210" lat="39.1902294" lon="-119.8016471"/>
 <node id="7412864998" visible="true" version="1" changeset="83673160" timestamp="2020-04-17T02:04:33Z" user="larz86" uid="8127210" lat="39.1903656" lon="-119.8020306"/>
 <node id="7412864999" visible="true" version="1" changeset="83673160" timestamp="2020-04-17T02:04:33Z" user="larz86" uid="8127210" lat="39.1907074" lon="-119.8019360"/>
 <node id="7412865000" visible="true" version="1" changeset="83673160" timestamp="2020-04-17T02:04:33Z" user="larz86" uid="8127210" lat="39.1909490" lon="-119.8036689"/>
 <node id="7412865001" visible="true" version="2" changeset="95253244" timestamp="2020-12-03T23:46:07Z" user="larz86" uid="8127210" lat="39.1942749" lon="-119.8068238"/>
 <node id="7412865002" visible="true" version="1" changeset="83673160" timestamp="2020-04-17T02:04:33Z" user="larz86" uid="8127210" lat="39.1875610" lon="-119.8068240"/>
 <node id="7412865003" visible="true" version="1" changeset="83673160" timestamp="2020-04-17T02:04:33Z" user="larz86" uid="8127210" lat="39.1863334" lon="-119.8068232"/>
 <node id="7412865004" visible="true" version="2" changeset="95253244" timestamp="2020-12-03T23:46:07Z" user="larz86" uid="8127210" lat="39.1968556" lon="-119.8138152"/>
 <node id="7412865005" visible="true" version="1" changeset="83673160" timestamp="2020-04-17T02:04:33Z" user="larz86" uid="8127210" lat="39.1896057" lon="-119.8109404"/>
 <node id="7412865006" visible="true" version="1" changeset="83673160" timestamp="2020-04-17T02:04:33Z" user="larz86" uid="8127210" lat="39.1897902" lon="-119.8107409"/>
 <node id="7412865007" visible="true" version="1" changeset="83673160" timestamp="2020-04-17T02:04:33Z" user="larz86" uid="8127210" lat="39.1897869" lon="-119.8105715"/>
 <node id="7412865008" visible="true" version="1" changeset="83673160" timestamp="2020-04-17T02:04:33Z" user="larz86" uid="8127210" lat="39.1895669" lon="-119.8103365"/>
 <node id="7412865009" visible="true" version="1" changeset="83673160" timestamp="2020-04-17T02:04:33Z" user="larz86" uid="8127210" lat="39.1895588" lon="-119.8098891"/>
 <node id="7412865010" visible="true" version="1" changeset="83673160" timestamp="2020-04-17T02:04:33Z" user="larz86" uid="8127210" lat="39.1890616" lon="-119.8112982"/>
 <node id="7412865011" visible="true" version="1" changeset="83673160" timestamp="2020-04-17T02:04:33Z" user="larz86" uid="8127210" lat="39.1890073" lon="-119.8166275"/>
 <node id="7412865012" visible="true" version="1" changeset="83673160" timestamp="2020-04-17T02:04:33Z" user="larz86" uid="8127210" lat="39.1883761" lon="-119.8127749"/>
 <node id="7412865013" visible="true" version="1" changeset="83673160" timestamp="2020-04-17T02:04:33Z" user="larz86" uid="8127210" lat="39.1894612" lon="-119.8137475"/>
 <node id="7412865014" visible="true" version="1" changeset="83673160" timestamp="2020-04-17T02:04:33Z" user="larz86" uid="8127210" lat="39.1885195" lon="-119.8133577"/>
 <node id="7412865015" visible="true" version="1" changeset="83673160" timestamp="2020-04-17T02:04:33Z" user="larz86" uid="8127210" lat="39.1897003" lon="-119.8143840"/>
 <node id="7412865016" visible="true" version="1" changeset="83673160" timestamp="2020-04-17T02:04:33Z" user="larz86" uid="8127210" lat="39.1896655" lon="-119.8149279"/>
 <node id="7412865017" visible="true" version="1" changeset="83673160" timestamp="2020-04-17T02:04:33Z" user="larz86" uid="8127210" lat="39.1893705" lon="-119.8160244"/>
 <node id="7412865022" visible="true" version="1" changeset="83673160" timestamp="2020-04-17T02:04:33Z" user="larz86" uid="8127210" lat="39.1898417" lon="-119.8097287"/>
 <node id="7412865023" visible="true" version="2" changeset="95253244" timestamp="2020-12-03T23:46:07Z" user="larz86" uid="8127210" lat="39.1908505" lon="-119.8177141"/>
 <node id="7412865024" visible="true" version="2" changeset="95253244" timestamp="2020-12-03T23:46:07Z" user="larz86" uid="8127210" lat="39.1931904" lon="-119.8038774"/>
 <node id="7950462487" visible="true" version="1" changeset="91627118" timestamp="2020-09-28T09:06:48Z" user="riysingh" uid="10127777" lat="39.2074162" lon="-119.8156075"/>
 <node id="7950462488" visible="true" version="1" changeset="91627118" timestamp="2020-09-28T09:06:48Z" user="riysingh" uid="10127777" lat="39.2075449" lon="-119.8152059"/>
 <node id="7950462489" visible="true" version="1" changeset="91627118" timestamp="2020-09-28T09:06:48Z" user="riysingh" uid="10127777" lat="39.2076892" lon="-119.8150982"/>
 <node id="7950462490" visible="true" version="1" changeset="91627118" timestamp="2020-09-28T09:06:48Z" user="riysingh" uid="10127777" lat="39.2078040" lon="-119.8150623"/>
 <node id="7950462491" visible="true" version="1" changeset="91627118" timestamp="2020-09-28T09:06:48Z" user="riysingh" uid="10127777" lat="39.2080063" lon="-119.8150443"/>
 <node id="7950462492" visible="true" version="1" changeset="91627118" timestamp="2020-09-28T09:06:48Z" user="riysingh" uid="10127777" lat="39.2080000" lon="-119.8144809"/>
 <node id="7950462493" visible="true" version="1" changeset="91627118" timestamp="2020-09-28T09:06:48Z" user="riysingh" uid="10127777" lat="39.2082530" lon="-119.8144984"/>
 <node id="7950462494" visible="true" version="1" changeset="91627118" timestamp="2020-09-28T09:06:48Z" user="riysingh" uid="10127777" lat="39.2084294" lon="-119.8144921"/>
 <node id="7950462495" visible="true" version="1" changeset="91627118" timestamp="2020-09-28T09:06:48Z" user="riysingh" uid="10127777" lat="39.2085205" lon="-119.8144609"/>
 <node id="7950462496" visible="true" version="1" changeset="91627118" timestamp="2020-09-28T09:06:48Z" user="riysingh" uid="10127777" lat="39.2087085" lon="-119.8142995"/>
 <node id="7950462533" visible="true" version="1" changeset="91627118" timestamp="2020-09-28T09:06:48Z" user="riysingh" uid="10127777" lat="39.2086949" lon="-119.8105242"/>
 <node id="7950462534" visible="true" version="1" changeset="91627118" timestamp="2020-09-28T09:06:48Z" user="riysingh" uid="10127777" lat="39.2087191" lon="-119.8104367"/>
 <node id="7950462535" visible="true" version="1" changeset="91627118" timestamp="2020-09-28T09:06:48Z" user="riysingh" uid="10127777" lat="39.2087300" lon="-119.8102837"/>
 <node id="7950462536" visible="true" version="1" changeset="91627118" timestamp="2020-09-28T09:06:48Z" user="riysingh" uid="10127777" lat="39.2087348" lon="-119.8101571"/>
 <node id="7950462537" visible="true" version="1" changeset="91627118" timestamp="2020-09-28T09:06:48Z" user="riysingh" uid="10127777" lat="39.2087360" lon="-119.8100228"/>
 <node id="7950462538" visible="true" version="1" changeset="91627118" timestamp="2020-09-28T09:06:48Z" user="riysingh" uid="10127777" lat="39.2087360" lon="-119.8099182"/>
 <node id="7950462539" visible="true" version="1" changeset="91627118" timestamp="2020-09-28T09:06:48Z" user="riysingh" uid="10127777" lat="39.2087348" lon="-119.8098525"/>
 <node id="7950462540" visible="true" version="1" changeset="91627118" timestamp="2020-09-28T09:06:48Z" user="riysingh" uid="10127777" lat="39.2087602" lon="-119.8097651"/>
 <node id="7950462541" visible="true" version="1" changeset="91627118" timestamp="2020-09-28T09:06:48Z" user="riysingh" uid="10127777" lat="39.2088244" lon="-119.8096354"/>
 <node id="7950462542" visible="true" version="1" changeset="91627118" timestamp="2020-09-28T09:06:48Z" user="riysingh" uid="10127777" lat="39.2088934" lon="-119.8094714"/>
 <node id="7950462543" visible="true" version="1" changeset="91627118" timestamp="2020-09-28T09:06:48Z" user="riysingh" uid="10127777" lat="39.2078718" lon="-119.8096061"/>
 <node id="7950462544" visible="true" version="1" changeset="91627118" timestamp="2020-09-28T09:06:48Z" user="riysingh" uid="10127777" lat="39.2077145" lon="-119.8097058"/>
 <node id="7950462545" visible="true" version="1" changeset="91627118" timestamp="2020-09-28T09:06:48Z" user="riysingh" uid="10127777" lat="39.2076158" lon="-119.8097722"/>
 <node id="7950462546" visible="true" version="1" changeset="91627118" timestamp="2020-09-28T09:06:48Z" user="riysingh" uid="10127777" lat="39.2075329" lon="-119.8098350"/>
 <node id="7950462547" visible="true" version="1" changeset="91627118" timestamp="2020-09-28T09:06:48Z" user="riysingh" uid="10127777" lat="39.2074628" lon="-119.8099328"/>
 <node id="7950462548" visible="true" version="1" changeset="91627118" timestamp="2020-09-28T09:06:48Z" user="riysingh" uid="10127777" lat="39.2064107" lon="-119.8098119"/>
 <node id="7950462549" visible="true" version="1" changeset="91627118" timestamp="2020-09-28T09:06:48Z" user="riysingh" uid="10127777" lat="39.2059982" lon="-119.8096003"/>
 <node id="7950462550" visible="true" version="1" changeset="91627118" timestamp="2020-09-28T09:06:48Z" user="riysingh" uid="10127777" lat="39.2064334" lon="-119.8098674"/>
 <node id="7950462551" visible="true" version="1" changeset="91627118" timestamp="2020-09-28T09:06:48Z" user="riysingh" uid="10127777" lat="39.2064549" lon="-119.8099707"/>
 <node id="7950462552" visible="true" version="1" changeset="91627118" timestamp="2020-09-28T09:06:48Z" user="riysingh" uid="10127777" lat="39.2064633" lon="-119.8100894"/>
 <node id="7950462553" visible="true" version="1" changeset="91627118" timestamp="2020-09-28T09:06:48Z" user="riysingh" uid="10127777" lat="39.2079916" lon="-119.8130001"/>
 <node id="7950462554" visible="true" version="1" changeset="91627118" timestamp="2020-09-28T09:06:48Z" user="riysingh" uid="10127777" lat="39.2073194" lon="-119.8130321"/>
 <node id="7950462555" visible="true" version="1" changeset="91627118" timestamp="2020-09-28T09:06:48Z" user="riysingh" uid="10127777" lat="39.2072253" lon="-119.8130075"/>
 <node id="7950462556" visible="true" version="1" changeset="91627118" timestamp="2020-09-28T09:06:48Z" user="riysingh" uid="10127777" lat="39.2071517" lon="-119.8129923"/>
 <node id="7950462557" visible="true" version="1" changeset="91627118" timestamp="2020-09-28T09:06:48Z" user="riysingh" uid="10127777" lat="39.2070605" lon="-119.8129619"/>
 <node id="7950462558" visible="true" version="1" changeset="91627118" timestamp="2020-09-28T09:06:48Z" user="riysingh" uid="10127777" lat="39.2069782" lon="-119.8129334"/>
 <node id="7975341011" visible="true" version="1" changeset="91951669" timestamp="2020-10-05T02:57:47Z" user="vkatredd" uid="10457697" lat="39.2032693" lon="-119.8073001"/>
 <node id="7975341012" visible="true" version="1" changeset="91951669" timestamp="2020-10-05T02:57:47Z" user="vkatredd" uid="10457697" lat="39.2034015" lon="-119.8076302"/>
 <node id="7975341013" visible="true" version="1" changeset="91951669" timestamp="2020-10-05T02:57:47Z" user="vkatredd" uid="10457697" lat="39.2034965" lon="-119.8078358"/>
 <node id="7975341014" visible="true" version="1" changeset="91951669" timestamp="2020-10-05T02:57:47Z" user="vkatredd" uid="10457697" lat="39.2035317" lon="-119.8078872"/>
 <node id="7975341015" visible="true" version="1" changeset="91951669" timestamp="2020-10-05T02:57:47Z" user="vkatredd" uid="10457697" lat="39.2035654" lon="-119.8079070"/>
 <node id="7975341016" visible="true" version="1" changeset="91951669" timestamp="2020-10-05T02:57:47Z" user="vkatredd" uid="10457697" lat="39.2036129" lon="-119.8079169"/>
 <node id="7975341017" visible="true" version="1" changeset="91951669" timestamp="2020-10-05T02:57:47Z" user="vkatredd" uid="10457697" lat="39.2037784" lon="-119.8079169"/>
 <node id="7975341018" visible="true" version="1" changeset="91951669" timestamp="2020-10-05T02:57:47Z" user="vkatredd" uid="10457697" lat="39.2038581" lon="-119.8079268"/>
 <node id="7975341019" visible="true" version="1" changeset="91951669" timestamp="2020-10-05T02:57:47Z" user="vkatredd" uid="10457697" lat="39.2040021" lon="-119.8079564"/>
 <node id="7975341020" visible="true" version="1" changeset="91951669" timestamp="2020-10-05T02:57:47Z" user="vkatredd" uid="10457697" lat="39.2042043" lon="-119.8080276"/>
 <node id="7975341021" visible="true" version="1" changeset="91951669" timestamp="2020-10-05T02:57:47Z" user="vkatredd" uid="10457697" lat="39.2042790" lon="-119.8080769"/>
 <node id="7975341022" visible="true" version="1" changeset="91951669" timestamp="2020-10-05T02:57:47Z" user="vkatredd" uid="10457697" lat="39.2042944" lon="-119.8081066"/>
 <node id="7975341023" visible="true" version="1" changeset="91951669" timestamp="2020-10-05T02:57:47Z" user="vkatredd" uid="10457697" lat="39.2042990" lon="-119.8081323"/>
 <node id="7975341024" visible="true" version="1" changeset="91951669" timestamp="2020-10-05T02:57:47Z" user="vkatredd" uid="10457697" lat="39.2042959" lon="-119.8081679"/>
 <node id="7975341025" visible="true" version="1" changeset="91951669" timestamp="2020-10-05T02:57:47Z" user="vkatredd" uid="10457697" lat="39.2042607" lon="-119.8082233"/>
 <node id="7975341026" visible="true" version="1" changeset="91951669" timestamp="2020-10-05T02:57:47Z" user="vkatredd" uid="10457697" lat="39.2041120" lon="-119.8084012"/>
 <node id="7975341027" visible="true" version="1" changeset="91951669" timestamp="2020-10-05T02:57:47Z" user="vkatredd" uid="10457697" lat="39.2038267" lon="-119.8068665"/>
 <node id="7975341028" visible="true" version="1" changeset="91951669" timestamp="2020-10-05T02:57:47Z" user="vkatredd" uid="10457697" lat="39.2038188" lon="-119.8069572"/>
 <node id="7975341029" visible="true" version="1" changeset="91951669" timestamp="2020-10-05T02:57:47Z" user="vkatredd" uid="10457697" lat="39.2037905" lon="-119.8070342"/>
 <node id="7975341030" visible="true" version="1" changeset="91951669" timestamp="2020-10-05T02:57:47Z" user="vkatredd" uid="10457697" lat="39.2037308" lon="-119.8071464"/>
 <node id="7975341031" visible="true" version="1" changeset="91951669" timestamp="2020-10-05T02:57:47Z" user="vkatredd" uid="10457697" lat="39.2036267" lon="-119.8072416"/>
 <node id="7975341032" visible="true" version="1" changeset="91951669" timestamp="2020-10-05T02:57:47Z" user="vkatredd" uid="10457697" lat="39.2033322" lon="-119.8074572"/>
 <node id="7975341033" visible="true" version="1" changeset="91951669" timestamp="2020-10-05T02:57:47Z" user="vkatredd" uid="10457697" lat="39.2035518" lon="-119.8107679"/>
 <node id="7975341034" visible="true" version="1" changeset="91951669" timestamp="2020-10-05T02:57:47Z" user="vkatredd" uid="10457697" lat="39.2034883" lon="-119.8106808"/>
 <node id="7975341035" visible="true" version="1" changeset="91951669" timestamp="2020-10-05T02:57:47Z" user="vkatredd" uid="10457697" lat="39.2033987" lon="-119.8106121"/>
 <node id="7975341036" visible="true" version="1" changeset="91951669" timestamp="2020-10-05T02:57:47Z" user="vkatredd" uid="10457697" lat="39.2033259" lon="-119.8105602"/>
 <node id="7975341037" visible="true" version="1" changeset="91951669" timestamp="2020-10-05T02:57:47Z" user="vkatredd" uid="10457697" lat="39.2032922" lon="-119.8105082"/>
 <node id="7975341038" visible="true" version="1" changeset="91951669" timestamp="2020-10-05T02:57:47Z" user="vkatredd" uid="10457697" lat="39.2032701" lon="-119.8104345"/>
 <node id="7975341039" visible="true" version="1" changeset="91951669" timestamp="2020-10-05T02:57:47Z" user="vkatredd" uid="10457697" lat="39.2032675" lon="-119.8103725"/>
 <node id="7975341040" visible="true" version="1" changeset="91951669" timestamp="2020-10-05T02:57:47Z" user="vkatredd" uid="10457697" lat="39.2032844" lon="-119.8102685"/>
 <node id="7975341041" visible="true" version="1" changeset="91951669" timestamp="2020-10-05T02:57:47Z" user="vkatredd" uid="10457697" lat="39.2034454" lon="-119.8097758"/>
 <node id="7975341042" visible="true" version="1" changeset="91951669" timestamp="2020-10-05T02:57:47Z" user="vkatredd" uid="10457697" lat="39.2029731" lon="-119.8111477"/>
 <node id="7975341043" visible="true" version="1" changeset="91951669" timestamp="2020-10-05T02:57:47Z" user="vkatredd" uid="10457697" lat="39.2029791" lon="-119.8112255"/>
 <node id="7975341044" visible="true" version="1" changeset="91951669" timestamp="2020-10-05T02:57:47Z" user="vkatredd" uid="10457697" lat="39.2029764" lon="-119.8112726"/>
 <node id="7975341045" visible="true" version="1" changeset="91951669" timestamp="2020-10-05T02:57:47Z" user="vkatredd" uid="10457697" lat="39.2029588" lon="-119.8113545"/>
 <node id="7975341046" visible="true" version="1" changeset="91951669" timestamp="2020-10-05T02:57:47Z" user="vkatredd" uid="10457697" lat="39.2029399" lon="-119.8114469"/>
 <node id="7975341047" visible="true" version="1" changeset="91951669" timestamp="2020-10-05T02:57:47Z" user="vkatredd" uid="10457697" lat="39.2029359" lon="-119.8115393"/>
 <node id="7975341048" visible="true" version="1" changeset="91951669" timestamp="2020-10-05T02:57:47Z" user="vkatredd" uid="10457697" lat="39.2029426" lon="-119.8116090"/>
 <node id="7975341049" visible="true" version="1" changeset="91951669" timestamp="2020-10-05T02:57:47Z" user="vkatredd" uid="10457697" lat="39.2029602" lon="-119.8117659"/>
 <node id="7975341050" visible="true" version="1" changeset="91951669" timestamp="2020-10-05T02:57:47Z" user="vkatredd" uid="10457697" lat="39.2029683" lon="-119.8119281"/>
 <node id="7975341051" visible="true" version="1" changeset="91951669" timestamp="2020-10-05T02:57:47Z" user="vkatredd" uid="10457697" lat="39.2029696" lon="-119.8120449"/>
 <node id="7975341052" visible="true" version="1" changeset="91951669" timestamp="2020-10-05T02:57:47Z" user="vkatredd" uid="10457697" lat="39.2029791" lon="-119.8121059"/>
 <node id="7975341053" visible="true" version="1" changeset="91951669" timestamp="2020-10-05T02:57:47Z" user="vkatredd" uid="10457697" lat="39.2030291" lon="-119.8122436"/>
 <node id="7980130223" visible="true" version="1" changeset="92030315" timestamp="2020-10-06T08:04:24Z" user="buddhirv" uid="10145792" lat="39.2009082" lon="-119.8084751"/>
 <node id="7980130224" visible="true" version="1" changeset="92030315" timestamp="2020-10-06T08:04:24Z" user="buddhirv" uid="10145792" lat="39.2008971" lon="-119.8083868"/>
 <node id="7980130225" visible="true" version="1" changeset="92030315" timestamp="2020-10-06T08:04:24Z" user="buddhirv" uid="10145792" lat="39.2008960" lon="-119.8082009"/>
 <node id="7980130226" visible="true" version="1" changeset="92030315" timestamp="2020-10-06T08:04:24Z" user="buddhirv" uid="10145792" lat="39.2009016" lon="-119.8076750"/>
 <node id="7980130227" visible="true" version="1" changeset="92030315" timestamp="2020-10-06T08:04:24Z" user="buddhirv" uid="10145792" lat="39.2009084" lon="-119.8075616"/>
 <node id="7980130228" visible="true" version="1" changeset="92030315" timestamp="2020-10-06T08:04:24Z" user="buddhirv" uid="10145792" lat="39.2009086" lon="-119.8093016"/>
 <node id="7980130229" visible="true" version="1" changeset="92030315" timestamp="2020-10-06T08:04:24Z" user="buddhirv" uid="10145792" lat="39.2008864" lon="-119.8090816"/>
 <node id="7980130230" visible="true" version="1" changeset="92030315" timestamp="2020-10-06T08:04:24Z" user="buddhirv" uid="10145792" lat="39.2008706" lon="-119.8085014"/>
 <node id="7980137846" visible="true" version="1" changeset="92030500" timestamp="2020-10-06T08:06:45Z" user="vvvuppal" uid="10086302" lat="39.2072137" lon="-119.8060939"/>
 <node id="7980137847" visible="true" version="1" changeset="92030500" timestamp="2020-10-06T08:06:45Z" user="vvvuppal" uid="10086302" lat="39.2073034" lon="-119.8061329"/>
 <node id="7980137848" visible="true" version="1" changeset="92030500" timestamp="2020-10-06T08:06:45Z" user="vvvuppal" uid="10086302" lat="39.2073835" lon="-119.8062187"/>
 <node id="7980137849" visible="true" version="1" changeset="92030500" timestamp="2020-10-06T08:06:45Z" user="vvvuppal" uid="10086302" lat="39.2074653" lon="-119.8063035"/>
 <node id="7980137850" visible="true" version="1" changeset="92030500" timestamp="2020-10-06T08:06:45Z" user="vvvuppal" uid="10086302" lat="39.2075123" lon="-119.8062940"/>
 <node id="7980137851" visible="true" version="1" changeset="92030500" timestamp="2020-10-06T08:06:45Z" user="vvvuppal" uid="10086302" lat="39.2075438" lon="-119.8062464"/>
 <node id="7980137852" visible="true" version="1" changeset="92030500" timestamp="2020-10-06T08:06:45Z" user="vvvuppal" uid="10086302" lat="39.2076149" lon="-119.8061087"/>
 <node id="7980137853" visible="true" version="1" changeset="92030500" timestamp="2020-10-06T08:06:45Z" user="vvvuppal" uid="10086302" lat="39.2076935" lon="-119.8059513"/>
 <node id="7980137854" visible="true" version="1" changeset="92030500" timestamp="2020-10-06T08:06:45Z" user="vvvuppal" uid="10086302" lat="39.2077529" lon="-119.8058557"/>
 <node id="7980137855" visible="true" version="1" changeset="92030500" timestamp="2020-10-06T08:06:45Z" user="vvvuppal" uid="10086302" lat="39.2078096" lon="-119.8057650"/>
 <node id="7980137856" visible="true" version="1" changeset="92030500" timestamp="2020-10-06T08:06:45Z" user="vvvuppal" uid="10086302" lat="39.2078744" lon="-119.8056708"/>
 <node id="7980137857" visible="true" version="1" changeset="92030500" timestamp="2020-10-06T08:06:45Z" user="vvvuppal" uid="10086302" lat="39.2079905" lon="-119.8054985"/>
 <node id="7980137858" visible="true" version="1" changeset="92030500" timestamp="2020-10-06T08:06:45Z" user="vvvuppal" uid="10086302" lat="39.2080444" lon="-119.8054030"/>
 <node id="7980137859" visible="true" version="1" changeset="92030500" timestamp="2020-10-06T08:06:45Z" user="vvvuppal" uid="10086302" lat="39.2080857" lon="-119.8053550"/>
 <node id="7980137860" visible="true" version="1" changeset="92030500" timestamp="2020-10-06T08:06:45Z" user="vvvuppal" uid="10086302" lat="39.2081691" lon="-119.8053806"/>
 <node id="7980137861" visible="true" version="1" changeset="92030500" timestamp="2020-10-06T08:06:45Z" user="vvvuppal" uid="10086302" lat="39.2082286" lon="-119.8054083"/>
 <node id="7980137862" visible="true" version="1" changeset="92030500" timestamp="2020-10-06T08:06:45Z" user="vvvuppal" uid="10086302" lat="39.2082963" lon="-119.8054157"/>
 <node id="7980137863" visible="true" version="1" changeset="92030500" timestamp="2020-10-06T08:06:45Z" user="vvvuppal" uid="10086302" lat="39.2083739" lon="-119.8054083"/>
 <node id="7980137864" visible="true" version="1" changeset="92030500" timestamp="2020-10-06T08:06:45Z" user="vvvuppal" uid="10086302" lat="39.2084350" lon="-119.8053379"/>
 <node id="7980137865" visible="true" version="1" changeset="92030500" timestamp="2020-10-06T08:06:45Z" user="vvvuppal" uid="10086302" lat="39.2084738" lon="-119.8052687"/>
 <node id="7980137866" visible="true" version="1" changeset="92030500" timestamp="2020-10-06T08:06:45Z" user="vvvuppal" uid="10086302" lat="39.2084648" lon="-119.8052058"/>
 <node id="7980137867" visible="true" version="1" changeset="92030500" timestamp="2020-10-06T08:06:45Z" user="vvvuppal" uid="10086302" lat="39.2084292" lon="-119.8051695"/>
 <node id="7980137868" visible="true" version="1" changeset="92030500" timestamp="2020-10-06T08:06:45Z" user="vvvuppal" uid="10086302" lat="39.2083648" lon="-119.8051567"/>
 <node id="7980137869" visible="true" version="1" changeset="92030500" timestamp="2020-10-06T08:06:45Z" user="vvvuppal" uid="10086302" lat="39.2083037" lon="-119.8051493"/>
 <node id="7980137870" visible="true" version="1" changeset="92030500" timestamp="2020-10-06T08:06:45Z" user="vvvuppal" uid="10086302" lat="39.2082550" lon="-119.8051642"/>
 <node id="7980137871" visible="true" version="1" changeset="92030500" timestamp="2020-10-06T08:06:45Z" user="vvvuppal" uid="10086302" lat="39.2082079" lon="-119.8051887"/>
 <node id="7980137872" visible="true" version="1" changeset="92030500" timestamp="2020-10-06T08:06:45Z" user="vvvuppal" uid="10086302" lat="39.2081666" lon="-119.8052388"/>
 <node id="7980502318" visible="true" version="1" changeset="92033259" timestamp="2020-10-06T08:45:08Z" user="vkatredd" uid="10457697" lat="39.1980993" lon="-119.8079040"/>
 <node id="7980502319" visible="true" version="1" changeset="92033259" timestamp="2020-10-06T08:45:08Z" user="vkatredd" uid="10457697" lat="39.1979828" lon="-119.8077263"/>
 <node id="7980502320" visible="true" version="1" changeset="92033259" timestamp="2020-10-06T08:45:08Z" user="vkatredd" uid="10457697" lat="39.1979576" lon="-119.8076780"/>
 <node id="7980502321" visible="true" version="1" changeset="92033259" timestamp="2020-10-06T08:45:08Z" user="vkatredd" uid="10457697" lat="39.1979403" lon="-119.8076445"/>
 <node id="7980502322" visible="true" version="1" changeset="92033259" timestamp="2020-10-06T08:45:08Z" user="vkatredd" uid="10457697" lat="39.1979266" lon="-119.8076055"/>
 <node id="7980502323" visible="true" version="1" changeset="92033259" timestamp="2020-10-06T08:45:08Z" user="vkatredd" uid="10457697" lat="39.1979317" lon="-119.8075433"/>
 <node id="7980502324" visible="true" version="1" changeset="92033259" timestamp="2020-10-06T08:45:08Z" user="vkatredd" uid="10457697" lat="39.1979540" lon="-119.8074550"/>
 <node id="7980502325" visible="true" version="1" changeset="92033259" timestamp="2020-10-06T08:45:08Z" user="vkatredd" uid="10457697" lat="39.1979928" lon="-119.8073333"/>
 <node id="7980502326" visible="true" version="1" changeset="92033259" timestamp="2020-10-06T08:45:08Z" user="vkatredd" uid="10457697" lat="39.1980080" lon="-119.8073101"/>
 <node id="7980502327" visible="true" version="1" changeset="92033259" timestamp="2020-10-06T08:45:08Z" user="vkatredd" uid="10457697" lat="39.1980353" lon="-119.8072925"/>
 <node id="7980502328" visible="true" version="1" changeset="92033259" timestamp="2020-10-06T08:45:08Z" user="vkatredd" uid="10457697" lat="39.1981401" lon="-119.8072334"/>
 <node id="7981164297" visible="true" version="1" changeset="92047660" timestamp="2020-10-06T11:56:47Z" user="vaisn" uid="11808062" lat="39.2001315" lon="-119.8167015"/>
 <node id="7981164298" visible="true" version="1" changeset="92047660" timestamp="2020-10-06T11:56:47Z" user="vaisn" uid="11808062" lat="39.1999286" lon="-119.8167465"/>
 <node id="7981164299" visible="true" version="1" changeset="92047660" timestamp="2020-10-06T11:56:47Z" user="vaisn" uid="11808062" lat="39.1998610" lon="-119.8167657"/>
 <node id="7981164300" visible="true" version="1" changeset="92047660" timestamp="2020-10-06T11:56:47Z" user="vaisn" uid="11808062" lat="39.1998253" lon="-119.8167839"/>
 <node id="7981164301" visible="true" version="1" changeset="92047660" timestamp="2020-10-06T11:56:47Z" user="vaisn" uid="11808062" lat="39.1998092" lon="-119.8168139"/>
 <node id="7981164302" visible="true" version="1" changeset="92047660" timestamp="2020-10-06T11:56:47Z" user="vaisn" uid="11808062" lat="39.1997884" lon="-119.8168781"/>
 <node id="7981164303" visible="true" version="1" changeset="92047660" timestamp="2020-10-06T11:56:47Z" user="vaisn" uid="11808062" lat="39.1997917" lon="-119.8169525"/>
 <node id="7981164304" visible="true" version="1" changeset="92047660" timestamp="2020-10-06T11:56:47Z" user="vaisn" uid="11808062" lat="39.1997955" lon="-119.8170435"/>
 <node id="7981164305" visible="true" version="1" changeset="92047660" timestamp="2020-10-06T11:56:47Z" user="vaisn" uid="11808062" lat="39.1998121" lon="-119.8171190"/>
 <node id="7981164306" visible="true" version="1" changeset="92047660" timestamp="2020-10-06T11:56:47Z" user="vaisn" uid="11808062" lat="39.1998486" lon="-119.8171832"/>
 <node id="7981164307" visible="true" version="1" changeset="92047660" timestamp="2020-10-06T11:56:47Z" user="vaisn" uid="11808062" lat="39.1998963" lon="-119.8172277"/>
 <node id="7981164308" visible="true" version="1" changeset="92047660" timestamp="2020-10-06T11:56:47Z" user="vaisn" uid="11808062" lat="39.1999436" lon="-119.8172603"/>
 <node id="7981164309" visible="true" version="1" changeset="92047660" timestamp="2020-10-06T11:56:47Z" user="vaisn" uid="11808062" lat="39.2000149" lon="-119.8172844"/>
 <node id="7981164310" visible="true" version="1" changeset="92047660" timestamp="2020-10-06T11:56:47Z" user="vaisn" uid="11808062" lat="39.2000900" lon="-119.8172957"/>
 <node id="7981164311" visible="true" version="1" changeset="92047660" timestamp="2020-10-06T11:56:47Z" user="vaisn" uid="11808062" lat="39.2001292" lon="-119.8173051"/>
 <node id="7983732130" visible="true" version="1" changeset="92085513" timestamp="2020-10-07T06:19:44Z" user="kevmath" uid="10480287" lat="39.2047016" lon="-119.8142725"/>
 <node id="7983732131" visible="true" version="1" changeset="92085513" timestamp="2020-10-07T06:19:44Z" user="kevmath" uid="10480287" lat="39.2045548" lon="-119.8141999"/>
 <node id="7983732132" visible="true" version="1" changeset="92085513" timestamp="2020-10-07T06:19:44Z" user="kevmath" uid="10480287" lat="39.2043792" lon="-119.8141059"/>
 <node id="7983732133" visible="true" version="1" changeset="92085513" timestamp="2020-10-07T06:19:44Z" user="kevmath" uid="10480287" lat="39.2043300" lon="-119.8140617"/>
 <node id="7983732134" visible="true" version="1" changeset="92085513" timestamp="2020-10-07T06:19:44Z" user="kevmath" uid="10480287" lat="39.2043000" lon="-119.8139678"/>
 <node id="7983732135" visible="true" version="1" changeset="92085513" timestamp="2020-10-07T06:19:44Z" user="kevmath" uid="10480287" lat="39.2042936" lon="-119.8138352"/>
 <node id="7983732136" visible="true" version="1" changeset="92085513" timestamp="2020-10-07T06:19:44Z" user="kevmath" uid="10480287" lat="39.2043236" lon="-119.8137440"/>
 <node id="7983732137" visible="true" version="1" changeset="92085513" timestamp="2020-10-07T06:19:44Z" user="kevmath" uid="10480287" lat="39.2043600" lon="-119.8137025"/>
 <node id="7983732138" visible="true" version="1" changeset="92085513" timestamp="2020-10-07T06:19:44Z" user="kevmath" uid="10480287" lat="39.2044028" lon="-119.8136777"/>
 <node id="7983732139" visible="true" version="1" changeset="92085513" timestamp="2020-10-07T06:19:44Z" user="kevmath" uid="10480287" lat="39.2045248" lon="-119.8136638"/>
 <node id="7983732140" visible="true" version="1" changeset="92085513" timestamp="2020-10-07T06:19:44Z" user="kevmath" uid="10480287" lat="39.2046726" lon="-119.8136528"/>
 <node id="7983732141" visible="true" version="1" changeset="92085513" timestamp="2020-10-07T06:19:44Z" user="kevmath" uid="10480287" lat="39.2047518" lon="-119.8136666"/>
 <node id="7983732142" visible="true" version="1" changeset="92085513" timestamp="2020-10-07T06:19:44Z" user="kevmath" uid="10480287" lat="39.2048310" lon="-119.8136942"/>
 <node id="7983732143" visible="true" version="1" changeset="92085513" timestamp="2020-10-07T06:19:44Z" user="kevmath" uid="10480287" lat="39.2049157" lon="-119.8137488"/>
 <node id="7983732144" visible="true" version="1" changeset="92085513" timestamp="2020-10-07T06:19:44Z" user="kevmath" uid="10480287" lat="39.2045962" lon="-119.8145303"/>
 <node id="7983732145" visible="true" version="1" changeset="92085513" timestamp="2020-10-07T06:19:44Z" user="kevmath" uid="10480287" lat="39.2044970" lon="-119.8144872"/>
 <node id="7983732146" visible="true" version="1" changeset="92085513" timestamp="2020-10-07T06:19:44Z" user="kevmath" uid="10480287" lat="39.2044263" lon="-119.8144679"/>
 <node id="7983732147" visible="true" version="1" changeset="92085513" timestamp="2020-10-07T06:19:44Z" user="kevmath" uid="10480287" lat="39.2043086" lon="-119.8144623"/>
 <node id="7983732148" visible="true" version="1" changeset="92085513" timestamp="2020-10-07T06:19:44Z" user="kevmath" uid="10480287" lat="39.2042315" lon="-119.8144320"/>
 <node id="7983732149" visible="true" version="1" changeset="92085513" timestamp="2020-10-07T06:19:44Z" user="kevmath" uid="10480287" lat="39.2041030" lon="-119.8143850"/>
 <node id="7983732150" visible="true" version="1" changeset="92085513" timestamp="2020-10-07T06:19:44Z" user="kevmath" uid="10480287" lat="39.2039917" lon="-119.8143463"/>
 <node id="7983732151" visible="true" version="1" changeset="92085513" timestamp="2020-10-07T06:19:44Z" user="kevmath" uid="10480287" lat="39.2039489" lon="-119.8143159"/>
 <node id="7983732152" visible="true" version="1" changeset="92085513" timestamp="2020-10-07T06:19:44Z" user="kevmath" uid="10480287" lat="39.2039253" lon="-119.8142579"/>
 <node id="7983732153" visible="true" version="1" changeset="92085513" timestamp="2020-10-07T06:19:44Z" user="kevmath" uid="10480287" lat="39.2039232" lon="-119.8141861"/>
 <node id="7983732154" visible="true" version="1" changeset="92085513" timestamp="2020-10-07T06:19:44Z" user="kevmath" uid="10480287" lat="39.2039339" lon="-119.8140534"/>
 <node id="7983732155" visible="true" version="1" changeset="92085513" timestamp="2020-10-07T06:19:44Z" user="kevmath" uid="10480287" lat="39.2039724" lon="-119.8138987"/>
 <node id="7983732156" visible="true" version="1" changeset="92085513" timestamp="2020-10-07T06:19:44Z" user="kevmath" uid="10480287" lat="39.2040067" lon="-119.8138241"/>
 <node id="7983732157" visible="true" version="1" changeset="92085513" timestamp="2020-10-07T06:19:44Z" user="kevmath" uid="10480287" lat="39.2040816" lon="-119.8137661"/>
 <node id="8192338525" visible="true" version="1" changeset="95253244" timestamp="2020-12-03T23:46:07Z" user="larz86" uid="8127210" lat="39.2011179" lon="-119.8204721"/>
 <node id="8192338526" visible="true" version="1" changeset="95253244" timestamp="2020-12-03T23:46:07Z" user="larz86" uid="8127210" lat="39.2007363" lon="-119.8210089"/>
 <node id="8192338527" visible="true" version="1" changeset="95253244" timestamp="2020-12-03T23:46:07Z" user="larz86" uid="8127210" lat="39.1974739" lon="-119.8150635"/>
 <node id="8192338528" visible="true" version="1" changeset="95253244" timestamp="2020-12-03T23:46:07Z" user="larz86" uid="8127210" lat="39.1971392" lon="-119.8124682"/>
 <node id="8192338529" visible="true" version="1" changeset="95253244" timestamp="2020-12-03T23:46:07Z" user="larz86" uid="8127210" lat="39.1970892" lon="-119.8117740"/>
 <node id="8192338530" visible="true" version="1" changeset="95253244" timestamp="2020-12-03T23:46:07Z" user="larz86" uid="8127210" lat="39.1966043" lon="-119.8115480"/>
 <node id="8192338531" visible="true" version="1" changeset="95253244" timestamp="2020-12-03T23:46:07Z" user="larz86" uid="8127210" lat="39.1961589" lon="-119.8085651"/>
 <node id="8192338532" visible="true" version="1" changeset="95253244" timestamp="2020-12-03T23:46:07Z" user="larz86" uid="8127210" lat="39.1969996" lon="-119.8087201"/>
 <node id="8192338533" visible="true" version="1" changeset="95253244" timestamp="2020-12-03T23:46:07Z" user="larz86" uid="8127210" lat="39.1969668" lon="-119.8074803"/>
 <node id="8192338534" visible="true" version="1" changeset="95253244" timestamp="2020-12-03T23:46:07Z" user="larz86" uid="8127210" lat="39.1981897" lon="-119.8055783"/>
 <node id="8192338535" visible="true" version="1" changeset="95253244" timestamp="2020-12-03T23:46:07Z" user="larz86" uid="8127210" lat="39.2000840" lon="-119.8052401"/>
 <node id="8192338536" visible="true" version="1" changeset="95253244" timestamp="2020-12-03T23:46:07Z" user="larz86" uid="8127210" lat="39.2021966" lon="-119.8045216"/>
 <node id="8192338537" visible="true" version="1" changeset="95253244" timestamp="2020-12-03T23:46:07Z" user="larz86" uid="8127210" lat="39.2033048" lon="-119.8040426"/>
 <node id="8192338538" visible="true" version="1" changeset="95253244" timestamp="2020-12-03T23:46:07Z" user="larz86" uid="8127210" lat="39.2048059" lon="-119.8039792"/>
 <node id="8192338539" visible="true" version="1" changeset="95253244" timestamp="2020-12-03T23:46:07Z" user="larz86" uid="8127210" lat="39.2055046" lon="-119.8036974"/>
 <node id="8192338540" visible="true" version="1" changeset="95253244" timestamp="2020-12-03T23:46:07Z" user="larz86" uid="8127210" lat="39.2068147" lon="-119.8018025"/>
 <node id="8192338541" visible="true" version="1" changeset="95253244" timestamp="2020-12-03T23:46:07Z" user="larz86" uid="8127210" lat="39.2077481" lon="-119.8043455"/>
 <node id="8192338542" visible="true" version="1" changeset="95253244" timestamp="2020-12-03T23:46:07Z" user="larz86" uid="8127210" lat="39.2070221" lon="-119.8056980"/>
 <node id="8192338543" visible="true" version="1" changeset="95253244" timestamp="2020-12-03T23:46:07Z" user="larz86" uid="8127210" lat="39.2081363" lon="-119.8067297"/>
 <node id="8192338544" visible="true" version="2" changeset="176604185" timestamp="2025-12-30T00:06:55Z" user="larz86" uid="8127210" lat="39.2081724" lon="-119.8087422"/>
 <node id="8192338545" visible="true" version="1" changeset="95253244" timestamp="2020-12-03T23:46:07Z" user="larz86" uid="8127210" lat="39.2093747" lon="-119.8090042"/>
 <node id="8192338546" visible="true" version="1" changeset="95253244" timestamp="2020-12-03T23:46:07Z" user="larz86" uid="8127210" lat="39.2103274" lon="-119.8096804"/>
 <node id="8192338547" visible="true" version="1" changeset="95253244" timestamp="2020-12-03T23:46:07Z" user="larz86" uid="8127210" lat="39.2101940" lon="-119.8146474"/>
 <node id="8192338548" visible="true" version="1" changeset="95253244" timestamp="2020-12-03T23:46:07Z" user="larz86" uid="8127210" lat="39.2089175" lon="-119.8146597"/>
 <node id="8192338549" visible="true" version="1" changeset="95253244" timestamp="2020-12-03T23:46:07Z" user="larz86" uid="8127210" lat="39.2084411" lon="-119.8162211"/>
 <node id="8192338550" visible="true" version="1" changeset="95253244" timestamp="2020-12-03T23:46:07Z" user="larz86" uid="8127210" lat="39.2071836" lon="-119.8170572"/>
 <node id="8192338551" visible="true" version="1" changeset="95253244" timestamp="2020-12-03T23:46:07Z" user="larz86" uid="8127210" lat="39.2051925" lon="-119.8172539"/>
 <node id="8192338552" visible="true" version="1" changeset="95253244" timestamp="2020-12-03T23:46:07Z" user="larz86" uid="8127210" lat="39.2047520" lon="-119.8172652"/>
 <node id="8192338553" visible="true" version="1" changeset="95253244" timestamp="2020-12-03T23:46:07Z" user="larz86" uid="8127210" lat="39.2046156" lon="-119.8176526"/>
 <node id="8192338554" visible="true" version="1" changeset="95253244" timestamp="2020-12-03T23:46:07Z" user="larz86" uid="8127210" lat="39.2011001" lon="-119.8176244"/>
 <node id="8192338555" visible="true" version="1" changeset="95253244" timestamp="2020-12-03T23:46:07Z" user="larz86" uid="8127210" lat="39.1977363" lon="-119.8062653"/>
 <node id="8192338556" visible="true" version="1" changeset="95253244" timestamp="2020-12-03T23:46:07Z" user="larz86" uid="8127210" lat="39.1967396" lon="-119.8047152"/>
 <node id="8192338557" visible="true" version="1" changeset="95253244" timestamp="2020-12-03T23:46:07Z" user="larz86" uid="8127210" lat="39.1954239" lon="-119.8026794"/>
 <node id="8192338558" visible="true" version="1" changeset="95253244" timestamp="2020-12-03T23:46:07Z" user="larz86" uid="8127210" lat="39.1947087" lon="-119.8017354"/>
 <node id="8192338559" visible="true" version="1" changeset="95253244" timestamp="2020-12-03T23:46:07Z" user="larz86" uid="8127210" lat="39.1938952" lon="-119.8007633"/>
 <node id="8192338560" visible="true" version="1" changeset="95253244" timestamp="2020-12-03T23:46:07Z" user="larz86" uid="8127210" lat="39.1933274" lon="-119.8002279"/>
 <node id="8192338561" visible="true" version="1" changeset="95253244" timestamp="2020-12-03T23:46:07Z" user="larz86" uid="8127210" lat="39.1913838" lon="-119.7982273"/>
 <node id="8192338562" visible="true" version="1" changeset="95253244" timestamp="2020-12-03T23:46:07Z" user="larz86" uid="8127210" lat="39.1904775" lon="-119.7975158"/>
 <node id="8192338563" visible="true" version="1" changeset="95253244" timestamp="2020-12-03T23:46:07Z" user="larz86" uid="8127210" lat="39.1902809" lon="-119.7974313"/>
 <node id="8192338564" visible="true" version="2" changeset="95711913" timestamp="2020-12-12T05:13:39Z" user="larz86" uid="8127210" lat="39.1899338" lon="-119.7974655"/>
 <node id="8192338565" visible="true" version="1" changeset="95253244" timestamp="2020-12-03T23:46:07Z" user="larz86" uid="8127210" lat="39.1899260" lon="-119.7939936"/>
 <node id="8192338566" visible="true" version="1" changeset="95253244" timestamp="2020-12-03T23:46:07Z" user="larz86" uid="8127210" lat="39.1899476" lon="-119.7924889"/>
 <node id="8192338567" visible="true" version="1" changeset="95253244" timestamp="2020-12-03T23:46:07Z" user="larz86" uid="8127210" lat="39.1901773" lon="-119.7913700"/>
 <node id="8192338568" visible="true" version="1" changeset="95253244" timestamp="2020-12-03T23:46:07Z" user="larz86" uid="8127210" lat="39.1904838" lon="-119.7900784"/>
 <node id="8192338569" visible="true" version="1" changeset="95253244" timestamp="2020-12-03T23:46:07Z" user="larz86" uid="8127210" lat="39.1907685" lon="-119.7891017"/>
 <node id="8192338570" visible="true" version="1" changeset="95253244" timestamp="2020-12-03T23:46:07Z" user="larz86" uid="8127210" lat="39.1909218" lon="-119.7887666"/>
 <node id="8192338571" visible="true" version="1" changeset="95253244" timestamp="2020-12-03T23:46:07Z" user="larz86" uid="8127210" lat="39.1911752" lon="-119.7885325"/>
 <node id="8192338572" visible="true" version="1" changeset="95253244" timestamp="2020-12-03T23:46:07Z" user="larz86" uid="8127210" lat="39.1915193" lon="-119.7883953"/>
 <node id="8192338573" visible="true" version="1" changeset="95253244" timestamp="2020-12-03T23:46:07Z" user="larz86" uid="8127210" lat="39.1916444" lon="-119.7882137"/>
 <node id="8192338574" visible="true" version="1" changeset="95253244" timestamp="2020-12-03T23:46:07Z" user="larz86" uid="8127210" lat="39.1921043" lon="-119.7859050"/>
 <node id="8192338575" visible="true" version="1" changeset="95253244" timestamp="2020-12-03T23:46:07Z" user="larz86" uid="8127210" lat="39.1921177" lon="-119.7846388"/>
 <node id="8192338576" visible="true" version="1" changeset="95253244" timestamp="2020-12-03T23:46:07Z" user="larz86" uid="8127210" lat="39.1935154" lon="-119.7847163"/>
 <node id="8192338577" visible="true" version="1" changeset="95253244" timestamp="2020-12-03T23:46:07Z" user="larz86" uid="8127210" lat="39.1935208" lon="-119.7854208"/>
 <node id="8192338578" visible="true" version="1" changeset="95253244" timestamp="2020-12-03T23:46:07Z" user="larz86" uid="8127210" lat="39.1938347" lon="-119.7855345"/>
 <node id="8192338579" visible="true" version="1" changeset="95253244" timestamp="2020-12-03T23:46:07Z" user="larz86" uid="8127210" lat="39.2045389" lon="-119.7917185"/>
 <node id="8192338580" visible="true" version="1" changeset="95253244" timestamp="2020-12-03T23:46:07Z" user="larz86" uid="8127210" lat="39.2045579" lon="-119.7939315"/>
 <node id="8192338581" visible="true" version="1" changeset="95253244" timestamp="2020-12-03T23:46:07Z" user="larz86" uid="8127210" lat="39.2046246" lon="-119.7945339"/>
 <node id="8192338582" visible="true" version="1" changeset="95253244" timestamp="2020-12-03T23:46:07Z" user="larz86" uid="8127210" lat="39.2049962" lon="-119.7951364"/>
 <node id="8192338583" visible="true" version="2" changeset="98044701" timestamp="2021-01-24T07:05:52Z" user="larz86" uid="8127210" lat="39.2059486" lon="-119.7962510"/>
 <node id="8192338584" visible="true" version="1" changeset="95253244" timestamp="2020-12-03T23:46:07Z" user="larz86" uid="8127210" lat="39.2062067" lon="-119.7968102"/>
 <node id="8192338585" visible="true" version="1" changeset="95253244" timestamp="2020-12-03T23:46:07Z" user="larz86" uid="8127210" lat="39.2064913" lon="-119.7975286"/>
 <node id="8192338586" visible="true" version="1" changeset="95253244" timestamp="2020-12-03T23:46:07Z" user="larz86" uid="8127210" lat="39.2066758" lon="-119.7980130"/>
 <node id="8192338587" visible="true" version="1" changeset="95253244" timestamp="2020-12-03T23:46:07Z" user="larz86" uid="8127210" lat="39.2067915" lon="-119.7986305"/>
 <node id="8192338588" visible="true" version="1" changeset="95253244" timestamp="2020-12-03T23:46:07Z" user="larz86" uid="8127210" lat="39.2069166" lon="-119.7998737"/>
 <node id="8192338589" visible="true" version="1" changeset="95253244" timestamp="2020-12-03T23:46:07Z" user="larz86" uid="8127210" lat="39.2069979" lon="-119.8010079"/>
 <node id="8192338590" visible="true" version="1" changeset="95253244" timestamp="2020-12-03T23:46:07Z" user="larz86" uid="8127210" lat="39.2070699" lon="-119.8014841"/>
 <node id="8192338591" visible="true" version="1" changeset="95253244" timestamp="2020-12-03T23:46:07Z" user="larz86" uid="8127210" lat="39.1975132" lon="-119.8058777"/>
 <node id="8192338592" visible="true" version="1" changeset="95253244" timestamp="2020-12-03T23:46:07Z" user="larz86" uid="8127210" lat="39.1976741" lon="-119.8209241"/>
 <node id="8192338593" visible="true" version="1" changeset="95253244" timestamp="2020-12-03T23:46:07Z" user="larz86" uid="8127210" lat="39.1961007" lon="-119.8105954"/>
 <node id="8192338594" visible="true" version="1" changeset="95253244" timestamp="2020-12-03T23:46:07Z" user="larz86" uid="8127210" lat="39.1943588" lon="-119.8076722"/>
 <node id="8192338595" visible="true" version="1" changeset="95253244" timestamp="2020-12-03T23:46:07Z" user="larz86" uid="8127210" lat="39.1952938" lon="-119.8072943"/>
 <node id="8192338596" visible="true" version="1" changeset="95253244" timestamp="2020-12-03T23:46:07Z" user="larz86" uid="8127210" lat="39.1956066" lon="-119.8084040"/>
 <node id="8192338597" visible="true" version="1" changeset="95253244" timestamp="2020-12-03T23:46:07Z" user="larz86" uid="8127210" lat="39.1959694" lon="-119.8091424"/>
 <node id="8192338598" visible="true" version="1" changeset="95253244" timestamp="2020-12-03T23:46:07Z" user="larz86" uid="8127210" lat="39.1927144" lon="-119.8005762"/>
 <node id="8192338599" visible="true" version="1" changeset="95253244" timestamp="2020-12-03T23:46:07Z" user="larz86" uid="8127210" lat="39.1930054" lon="-119.8009516"/>
 <node id="8192338600" visible="true" version="1" changeset="95253244" timestamp="2020-12-03T23:46:07Z" user="larz86" uid="8127210" lat="39.1932587" lon="-119.8012341"/>
 <node id="8192338601" visible="true" version="1" changeset="95253244" timestamp="2020-12-03T23:46:07Z" user="larz86" uid="8127210" lat="39.1935778" lon="-119.8014440"/>
 <node id="8192338602" visible="true" version="1" changeset="95253244" timestamp="2020-12-03T23:46:07Z" user="larz86" uid="8127210" lat="39.1939407" lon="-119.8016579"/>
 <node id="8192338603" visible="true" version="1" changeset="95253244" timestamp="2020-12-03T23:46:07Z" user="larz86" uid="8127210" lat="39.1941815" lon="-119.8018315"/>
 <node id="8192338604" visible="true" version="1" changeset="95253244" timestamp="2020-12-03T23:46:07Z" user="larz86" uid="8127210" lat="39.1944412" lon="-119.8021382"/>
 <node id="8192338605" visible="true" version="1" changeset="95253244" timestamp="2020-12-03T23:46:07Z" user="larz86" uid="8127210" lat="39.1946601" lon="-119.8022674"/>
 <node id="8192338606" visible="true" version="1" changeset="95253244" timestamp="2020-12-03T23:46:07Z" user="larz86" uid="8127210" lat="39.1949385" lon="-119.8026307"/>
 <node id="8192338607" visible="true" version="1" changeset="95253244" timestamp="2020-12-03T23:46:07Z" user="larz86" uid="8127210" lat="39.1951168" lon="-119.8029334"/>
 <node id="8192338608" visible="true" version="1" changeset="95253244" timestamp="2020-12-03T23:46:07Z" user="larz86" uid="8127210" lat="39.1952201" lon="-119.8031312"/>
 <node id="8192338609" visible="true" version="1" changeset="95253244" timestamp="2020-12-03T23:46:07Z" user="larz86" uid="8127210" lat="39.1953108" lon="-119.8032321"/>
 <node id="8192338610" visible="true" version="1" changeset="95253244" timestamp="2020-12-03T23:46:07Z" user="larz86" uid="8127210" lat="39.1953608" lon="-119.8036317"/>
 <node id="8192338611" visible="true" version="1" changeset="95253244" timestamp="2020-12-03T23:46:07Z" user="larz86" uid="8127210" lat="39.1955016" lon="-119.8039223"/>
 <node id="8192338612" visible="true" version="1" changeset="95253244" timestamp="2020-12-03T23:46:07Z" user="larz86" uid="8127210" lat="39.1956736" lon="-119.8039384"/>
 <node id="8192338613" visible="true" version="1" changeset="95253244" timestamp="2020-12-03T23:46:07Z" user="larz86" uid="8127210" lat="39.1957862" lon="-119.8040030"/>
 <node id="8192338614" visible="true" version="1" changeset="95253244" timestamp="2020-12-03T23:46:07Z" user="larz86" uid="8127210" lat="39.1959958" lon="-119.8042331"/>
 <node id="8192338615" visible="true" version="1" changeset="95253244" timestamp="2020-12-03T23:46:07Z" user="larz86" uid="8127210" lat="39.1953290" lon="-119.8033777"/>
 <node id="8192338616" visible="true" version="1" changeset="95253244" timestamp="2020-12-03T23:46:07Z" user="larz86" uid="8127210" lat="39.1953449" lon="-119.8035042"/>
 <node id="8192342220" visible="true" version="1" changeset="95253228" timestamp="2020-12-03T23:44:56Z" user="BryanOSullivan" uid="10729167" lat="39.2022253" lon="-119.8301041"/>
 <node id="8192342221" visible="true" version="1" changeset="95253228" timestamp="2020-12-03T23:44:56Z" user="BryanOSullivan" uid="10729167" lat="39.2020722" lon="-119.8301347"/>
 <node id="8192343917" visible="true" version="1" changeset="95253244" timestamp="2020-12-03T23:46:07Z" user="larz86" uid="8127210" lat="39.1947197" lon="-119.8205732"/>
 <node id="8192343918" visible="true" version="1" changeset="95253244" timestamp="2020-12-03T23:46:07Z" user="larz86" uid="8127210" lat="39.1975115" lon="-119.8198747"/>
 <node id="8192343919" visible="true" version="1" changeset="95253244" timestamp="2020-12-03T23:46:07Z" user="larz86" uid="8127210" lat="39.1962325" lon="-119.8122898"/>
 <node id="8192343920" visible="true" version="1" changeset="95253244" timestamp="2020-12-03T23:46:07Z" user="larz86" uid="8127210" lat="39.1975083" lon="-119.8184863"/>
 <node id="8192343921" visible="true" version="1" changeset="95253244" timestamp="2020-12-03T23:46:07Z" user="larz86" uid="8127210" lat="39.1978261" lon="-119.8163147"/>
 <node id="8192343922" visible="true" version="1" changeset="95253244" timestamp="2020-12-03T23:46:07Z" user="larz86" uid="8127210" lat="39.1969985" lon="-119.8134329"/>
 <node id="8192343923" visible="true" version="1" changeset="95253244" timestamp="2020-12-03T23:46:07Z" user="larz86" uid="8127210" lat="39.1961289" lon="-119.8101393"/>
 <node id="8192343924" visible="true" version="1" changeset="95253244" timestamp="2020-12-03T23:46:07Z" user="larz86" uid="8127210" lat="39.1957517" lon="-119.8114497"/>
 <node id="8192343925" visible="true" version="1" changeset="95253244" timestamp="2020-12-03T23:46:07Z" user="larz86" uid="8127210" lat="39.1962187" lon="-119.8116549"/>
 <node id="8192343926" visible="true" version="1" changeset="95253244" timestamp="2020-12-03T23:46:07Z" user="larz86" uid="8127210" lat="39.1954103" lon="-119.8110895"/>
 <node id="8192343927" visible="true" version="1" changeset="95253244" timestamp="2020-12-03T23:46:07Z" user="larz86" uid="8127210" lat="39.1963260" lon="-119.8100788"/>
 <node id="8192343928" visible="true" version="1" changeset="95253244" timestamp="2020-12-03T23:46:07Z" user="larz86" uid="8127210" lat="39.1963009" lon="-119.8093038"/>
 <node id="8192343929" visible="true" version="1" changeset="95253244" timestamp="2020-12-03T23:46:07Z" user="larz86" uid="8127210" lat="39.1916718" lon="-119.8037355"/>
 <node id="8192343930" visible="true" version="1" changeset="95253244" timestamp="2020-12-03T23:46:07Z" user="larz86" uid="8127210" lat="39.1916586" lon="-119.8032278"/>
 <node id="8192343931" visible="true" version="1" changeset="95253244" timestamp="2020-12-03T23:46:07Z" user="larz86" uid="8127210" lat="39.1909328" lon="-119.8021460"/>
 <node id="8192343932" visible="true" version="1" changeset="95253244" timestamp="2020-12-03T23:46:07Z" user="larz86" uid="8127210" lat="39.1908045" lon="-119.8018918"/>
 <node id="8192343933" visible="true" version="1" changeset="95253244" timestamp="2020-12-03T23:46:07Z" user="larz86" uid="8127210" lat="39.1906356" lon="-119.8010240"/>
 <node id="8192343934" visible="true" version="1" changeset="95253244" timestamp="2020-12-03T23:46:07Z" user="larz86" uid="8127210" lat="39.1900185" lon="-119.7976612"/>
 <node id="8192343935" visible="true" version="1" changeset="95253244" timestamp="2020-12-03T23:46:07Z" user="larz86" uid="8127210" lat="39.1903345" lon="-119.7976531"/>
 <node id="8192343936" visible="true" version="1" changeset="95253244" timestamp="2020-12-03T23:46:07Z" user="larz86" uid="8127210" lat="39.1908945" lon="-119.7980083"/>
 <node id="8192343937" visible="true" version="1" changeset="95253244" timestamp="2020-12-03T23:46:07Z" user="larz86" uid="8127210" lat="39.1921082" lon="-119.7989931"/>
 <node id="8192343938" visible="true" version="1" changeset="95253244" timestamp="2020-12-03T23:46:07Z" user="larz86" uid="8127210" lat="39.1924054" lon="-119.7991788"/>
 <node id="8192343939" visible="true" version="1" changeset="95253244" timestamp="2020-12-03T23:46:07Z" user="larz86" uid="8127210" lat="39.1927401" lon="-119.7996430"/>
 <node id="8192343940" visible="true" version="1" changeset="95253244" timestamp="2020-12-03T23:46:07Z" user="larz86" uid="8127210" lat="39.1931593" lon="-119.8002686"/>
 <node id="8192343941" visible="true" version="1" changeset="95253244" timestamp="2020-12-03T23:46:07Z" user="larz86" uid="8127210" lat="39.1927620" lon="-119.8004906"/>
 <node id="8192343942" visible="true" version="1" changeset="95253244" timestamp="2020-12-03T23:46:07Z" user="larz86" uid="8127210" lat="39.1923647" lon="-119.8003856"/>
 <node id="8192343943" visible="true" version="1" changeset="95253244" timestamp="2020-12-03T23:46:07Z" user="larz86" uid="8127210" lat="39.1927120" lon="-119.8007328"/>
 <node id="8192343944" visible="true" version="1" changeset="95253244" timestamp="2020-12-03T23:46:07Z" user="larz86" uid="8127210" lat="39.1930748" lon="-119.8012010"/>
 <node id="8192343945" visible="true" version="1" changeset="95253244" timestamp="2020-12-03T23:46:07Z" user="larz86" uid="8127210" lat="39.1934252" lon="-119.8014472"/>
 <node id="8192343946" visible="true" version="1" changeset="95253244" timestamp="2020-12-03T23:46:07Z" user="larz86" uid="8127210" lat="39.1937755" lon="-119.8017499"/>
 <node id="8192343947" visible="true" version="1" changeset="95253244" timestamp="2020-12-03T23:46:07Z" user="larz86" uid="8127210" lat="39.1940446" lon="-119.8018831"/>
 <node id="8192343948" visible="true" version="1" changeset="95253244" timestamp="2020-12-03T23:46:07Z" user="larz86" uid="8127210" lat="39.1943011" lon="-119.8021898"/>
 <node id="8192343949" visible="true" version="1" changeset="95253244" timestamp="2020-12-03T23:46:07Z" user="larz86" uid="8127210" lat="39.1945888" lon="-119.8023311"/>
 <node id="8192343950" visible="true" version="1" changeset="95253244" timestamp="2020-12-03T23:46:07Z" user="larz86" uid="8127210" lat="39.1948297" lon="-119.8026257"/>
 <node id="8192343951" visible="true" version="1" changeset="95253244" timestamp="2020-12-03T23:46:07Z" user="larz86" uid="8127210" lat="39.1942604" lon="-119.8029002"/>
 <node id="8192343952" visible="true" version="1" changeset="95253244" timestamp="2020-12-03T23:46:07Z" user="larz86" uid="8127210" lat="39.1944293" lon="-119.8034168"/>
 <node id="8192343953" visible="true" version="1" changeset="95253244" timestamp="2020-12-03T23:46:07Z" user="larz86" uid="8127210" lat="39.1941102" lon="-119.8038689"/>
 <node id="8192343954" visible="true" version="1" changeset="95253244" timestamp="2020-12-03T23:46:07Z" user="larz86" uid="8127210" lat="39.1935438" lon="-119.8048377"/>
 <node id="8192343962" visible="true" version="1" changeset="95253244" timestamp="2020-12-03T23:46:07Z" user="larz86" uid="8127210" lat="39.1964291" lon="-119.8076390"/>
 <node id="8192343963" visible="true" version="1" changeset="95253244" timestamp="2020-12-03T23:46:07Z" user="larz86" uid="8127210" lat="39.1947859" lon="-119.8057792"/>
 <node id="8192343964" visible="true" version="1" changeset="95253244" timestamp="2020-12-03T23:46:07Z" user="larz86" uid="8127210" lat="39.1955775" lon="-119.8066527"/>
 <node id="8192343965" visible="true" version="1" changeset="95253244" timestamp="2020-12-03T23:46:07Z" user="larz86" uid="8127210" lat="39.1957740" lon="-119.8062301"/>
 <node id="8192343966" visible="true" version="1" changeset="95253244" timestamp="2020-12-03T23:46:07Z" user="larz86" uid="8127210" lat="39.1962544" lon="-119.8064978"/>
 <node id="8192343967" visible="true" version="1" changeset="95253244" timestamp="2020-12-03T23:46:07Z" user="larz86" uid="8127210" lat="39.1963691" lon="-119.8067936"/>
 <node id="8192343968" visible="true" version="1" changeset="95253244" timestamp="2020-12-03T23:46:07Z" user="larz86" uid="8127210" lat="39.1940064" lon="-119.8040466"/>
 <node id="8192343969" visible="true" version="1" changeset="95253244" timestamp="2020-12-03T23:46:07Z" user="larz86" uid="8127210" lat="39.1941517" lon="-119.8042447"/>
 <node id="8192343970" visible="true" version="1" changeset="95253244" timestamp="2020-12-03T23:46:07Z" user="larz86" uid="8127210" lat="39.1943487" lon="-119.8044627"/>
 <node id="8192343971" visible="true" version="1" changeset="95253244" timestamp="2020-12-03T23:46:07Z" user="larz86" uid="8127210" lat="39.1951182" lon="-119.8037482"/>
 <node id="8192343972" visible="true" version="1" changeset="95253244" timestamp="2020-12-03T23:46:07Z" user="larz86" uid="8127210" lat="39.1945570" lon="-119.8032020"/>
 <node id="8192343973" visible="true" version="1" changeset="95253244" timestamp="2020-12-03T23:46:07Z" user="larz86" uid="8127210" lat="39.1945020" lon="-119.8029840"/>
 <node id="8192343974" visible="true" version="1" changeset="95253244" timestamp="2020-12-03T23:46:07Z" user="larz86" uid="8127210" lat="39.1946930" lon="-119.8029030"/>
 <node id="8192343975" visible="true" version="1" changeset="95253244" timestamp="2020-12-03T23:46:07Z" user="larz86" uid="8127210" lat="39.1947370" lon="-119.8030750"/>
 <node id="8192343976" visible="true" version="1" changeset="95253244" timestamp="2020-12-03T23:46:07Z" user="larz86" uid="8127210" lat="39.1946220" lon="-119.8031230"/>
 <node id="8192343977" visible="true" version="1" changeset="95253244" timestamp="2020-12-03T23:46:07Z" user="larz86" uid="8127210" lat="39.1946340" lon="-119.8031690"/>
 <node id="8192343978" visible="true" version="1" changeset="95253244" timestamp="2020-12-03T23:46:07Z" user="larz86" uid="8127210" lat="39.1948210" lon="-119.8062600"/>
 <node id="8192343979" visible="true" version="1" changeset="95253244" timestamp="2020-12-03T23:46:07Z" user="larz86" uid="8127210" lat="39.1948140" lon="-119.8062510"/>
 <node id="8192343980" visible="true" version="1" changeset="95253244" timestamp="2020-12-03T23:46:07Z" user="larz86" uid="8127210" lat="39.1948730" lon="-119.8061820"/>
 <node id="8192343981" visible="true" version="1" changeset="95253244" timestamp="2020-12-03T23:46:07Z" user="larz86" uid="8127210" lat="39.1949590" lon="-119.8063030"/>
 <node id="8192343982" visible="true" version="1" changeset="95253244" timestamp="2020-12-03T23:46:07Z" user="larz86" uid="8127210" lat="39.1949100" lon="-119.8063610"/>
 <node id="8192343983" visible="true" version="1" changeset="95253244" timestamp="2020-12-03T23:46:07Z" user="larz86" uid="8127210" lat="39.1949320" lon="-119.8063910"/>
 <node id="8192343984" visible="true" version="1" changeset="95253244" timestamp="2020-12-03T23:46:07Z" user="larz86" uid="8127210" lat="39.1947630" lon="-119.8065900"/>
 <node id="8192343985" visible="true" version="1" changeset="95253244" timestamp="2020-12-03T23:46:07Z" user="larz86" uid="8127210" lat="39.1947080" lon="-119.8065130"/>
 <node id="8192343986" visible="true" version="1" changeset="95253244" timestamp="2020-12-03T23:46:07Z" user="larz86" uid="8127210" lat="39.1947440" lon="-119.8064710"/>
 <node id="8192343987" visible="true" version="1" changeset="95253244" timestamp="2020-12-03T23:46:07Z" user="larz86" uid="8127210" lat="39.1946970" lon="-119.8064060"/>
 <node id="8192343988" visible="true" version="1" changeset="95253244" timestamp="2020-12-03T23:46:07Z" user="larz86" uid="8127210" lat="39.1950890" lon="-119.8071460"/>
 <node id="8192343989" visible="true" version="1" changeset="95253244" timestamp="2020-12-03T23:46:07Z" user="larz86" uid="8127210" lat="39.1950580" lon="-119.8070400"/>
 <node id="8192343990" visible="true" version="1" changeset="95253244" timestamp="2020-12-03T23:46:07Z" user="larz86" uid="8127210" lat="39.1953010" lon="-119.8069210"/>
 <node id="8192343991" visible="true" version="1" changeset="95253244" timestamp="2020-12-03T23:46:07Z" user="larz86" uid="8127210" lat="39.1953380" lon="-119.8070470"/>
 <node id="8192343992" visible="true" version="1" changeset="95253244" timestamp="2020-12-03T23:46:07Z" user="larz86" uid="8127210" lat="39.1952180" lon="-119.8071060"/>
 <node id="8192343993" visible="true" version="1" changeset="95253244" timestamp="2020-12-03T23:46:07Z" user="larz86" uid="8127210" lat="39.1952120" lon="-119.8070860"/>
 <node id="8192343994" visible="true" version="1" changeset="95253244" timestamp="2020-12-03T23:46:07Z" user="larz86" uid="8127210" lat="39.1962560" lon="-119.8073970"/>
 <node id="8192343995" visible="true" version="1" changeset="95253244" timestamp="2020-12-03T23:46:07Z" user="larz86" uid="8127210" lat="39.1962930" lon="-119.8076370"/>
 <node id="8192343996" visible="true" version="1" changeset="95253244" timestamp="2020-12-03T23:46:07Z" user="larz86" uid="8127210" lat="39.1961470" lon="-119.8076750"/>
 <node id="8192343997" visible="true" version="1" changeset="95253244" timestamp="2020-12-03T23:46:07Z" user="larz86" uid="8127210" lat="39.1961100" lon="-119.8074350"/>
 <node id="8192343998" visible="true" version="1" changeset="95253244" timestamp="2020-12-03T23:46:07Z" user="larz86" uid="8127210" lat="39.1956650" lon="-119.8076100"/>
 <node id="8192343999" visible="true" version="1" changeset="95253244" timestamp="2020-12-03T23:46:07Z" user="larz86" uid="8127210" lat="39.1955300" lon="-119.8074920"/>
 <node id="8192344000" visible="true" version="1" changeset="95253244" timestamp="2020-12-03T23:46:07Z" user="larz86" uid="8127210" lat="39.1956060" lon="-119.8073470"/>
 <node id="8192344001" visible="true" version="1" changeset="95253244" timestamp="2020-12-03T23:46:07Z" user="larz86" uid="8127210" lat="39.1956870" lon="-119.8074180"/>
 <node id="8192344002" visible="true" version="1" changeset="95253244" timestamp="2020-12-03T23:46:07Z" user="larz86" uid="8127210" lat="39.1956570" lon="-119.8074750"/>
 <node id="8192344003" visible="true" version="1" changeset="95253244" timestamp="2020-12-03T23:46:07Z" user="larz86" uid="8127210" lat="39.1957110" lon="-119.8075220"/>
 <node id="8192344004" visible="true" version="1" changeset="95253244" timestamp="2020-12-03T23:46:07Z" user="larz86" uid="8127210" lat="39.1961400" lon="-119.8068970"/>
 <node id="8192344005" visible="true" version="1" changeset="95253244" timestamp="2020-12-03T23:46:07Z" user="larz86" uid="8127210" lat="39.1961690" lon="-119.8071190"/>
 <node id="8192344006" visible="true" version="1" changeset="95253244" timestamp="2020-12-03T23:46:07Z" user="larz86" uid="8127210" lat="39.1960800" lon="-119.8071380"/>
 <node id="8192344007" visible="true" version="1" changeset="95253244" timestamp="2020-12-03T23:46:07Z" user="larz86" uid="8127210" lat="39.1960510" lon="-119.8069170"/>
 <node id="8192344008" visible="true" version="1" changeset="95253244" timestamp="2020-12-03T23:46:07Z" user="larz86" uid="8127210" lat="39.1944332" lon="-119.8065001"/>
 <node id="8192344009" visible="true" version="1" changeset="95253244" timestamp="2020-12-03T23:46:07Z" user="larz86" uid="8127210" lat="39.1941821" lon="-119.8061891"/>
 <node id="8192344010" visible="true" version="1" changeset="95253244" timestamp="2020-12-03T23:46:07Z" user="larz86" uid="8127210" lat="39.1939819" lon="-119.8057209"/>
 <node id="8192344011" visible="true" version="1" changeset="95253244" timestamp="2020-12-03T23:46:07Z" user="larz86" uid="8127210" lat="39.1936467" lon="-119.8046618"/>
 <node id="8192344012" visible="true" version="1" changeset="95253244" timestamp="2020-12-03T23:46:07Z" user="larz86" uid="8127210" lat="39.1950578" lon="-119.8035131"/>
 <node id="8192344013" visible="true" version="1" changeset="95253244" timestamp="2020-12-03T23:46:07Z" user="larz86" uid="8127210" lat="39.1952113" lon="-119.8035251"/>
 <node id="8192344014" visible="true" version="1" changeset="95253244" timestamp="2020-12-03T23:46:07Z" user="larz86" uid="8127210" lat="39.1953301" lon="-119.8039530"/>
 <node id="8192344015" visible="true" version="1" changeset="95253244" timestamp="2020-12-03T23:46:07Z" user="larz86" uid="8127210" lat="39.1954396" lon="-119.8040741"/>
 <node id="8192344016" visible="true" version="1" changeset="95253244" timestamp="2020-12-03T23:46:07Z" user="larz86" uid="8127210" lat="39.1956023" lon="-119.8040902"/>
 <node id="8192344017" visible="true" version="1" changeset="95253244" timestamp="2020-12-03T23:46:07Z" user="larz86" uid="8127210" lat="39.1957399" lon="-119.8040620"/>
 <node id="8192344018" visible="true" version="1" changeset="95253244" timestamp="2020-12-03T23:46:07Z" user="larz86" uid="8127210" lat="39.1958901" lon="-119.8041830"/>
 <node id="8192344019" visible="true" version="1" changeset="95253244" timestamp="2020-12-03T23:46:07Z" user="larz86" uid="8127210" lat="39.1960746" lon="-119.8044979"/>
 <node id="8192344020" visible="true" version="1" changeset="95253244" timestamp="2020-12-03T23:46:07Z" user="larz86" uid="8127210" lat="39.1963405" lon="-119.8048652"/>
 <node id="8192344021" visible="true" version="1" changeset="95253244" timestamp="2020-12-03T23:46:07Z" user="larz86" uid="8127210" lat="39.1966408" lon="-119.8054020"/>
 <node id="8192344022" visible="true" version="1" changeset="95253244" timestamp="2020-12-03T23:46:07Z" user="larz86" uid="8127210" lat="39.1965219" lon="-119.8057249"/>
 <node id="8192344023" visible="true" version="1" changeset="95253244" timestamp="2020-12-03T23:46:07Z" user="larz86" uid="8127210" lat="39.1971544" lon="-119.8071841"/>
 <node id="8192344024" visible="true" version="1" changeset="95253244" timestamp="2020-12-03T23:46:07Z" user="larz86" uid="8127210" lat="39.1877267" lon="-119.8123034"/>
 <node id="8192344025" visible="true" version="1" changeset="95253244" timestamp="2020-12-03T23:46:07Z" user="larz86" uid="8127210" lat="39.1875578" lon="-119.8137488"/>
 <node id="8192344026" visible="true" version="1" changeset="95253244" timestamp="2020-12-03T23:46:07Z" user="larz86" uid="8127210" lat="39.1870908" lon="-119.8133079"/>
 <node id="8192354851" visible="true" version="1" changeset="95253548" timestamp="2020-12-04T00:07:57Z" user="BryanOSullivan" uid="10729167" lat="39.2062455" lon="-119.8338104"/>
 <node id="8192354861" visible="true" version="1" changeset="95253548" timestamp="2020-12-04T00:07:57Z" user="BryanOSullivan" uid="10729167" lat="39.2073717" lon="-119.8319609"/>
 <node id="8192354862" visible="true" version="1" changeset="95253548" timestamp="2020-12-04T00:07:57Z" user="BryanOSullivan" uid="10729167" lat="39.2076564" lon="-119.8311137"/>
 <node id="8192354863" visible="true" version="1" changeset="95253548" timestamp="2020-12-04T00:07:57Z" user="BryanOSullivan" uid="10729167" lat="39.2074198" lon="-119.8304842"/>
 <node id="8192354864" visible="true" version="1" changeset="95253548" timestamp="2020-12-04T00:07:57Z" user="BryanOSullivan" uid="10729167" lat="39.2075202" lon="-119.8288652"/>
 <node id="8192354865" visible="true" version="1" changeset="95253548" timestamp="2020-12-04T00:07:57Z" user="BryanOSullivan" uid="10729167" lat="39.2074193" lon="-119.8283985"/>
 <node id="8192354866" visible="true" version="1" changeset="95253548" timestamp="2020-12-04T00:07:57Z" user="BryanOSullivan" uid="10729167" lat="39.2101807" lon="-119.8258458"/>
 <node id="8192354867" visible="true" version="1" changeset="95253548" timestamp="2020-12-04T00:07:57Z" user="BryanOSullivan" uid="10729167" lat="39.2108963" lon="-119.8255660"/>
 <node id="8192354868" visible="true" version="1" changeset="95253548" timestamp="2020-12-04T00:07:57Z" user="BryanOSullivan" uid="10729167" lat="39.2109661" lon="-119.8223311"/>
 <node id="8192354869" visible="true" version="1" changeset="95253548" timestamp="2020-12-04T00:07:57Z" user="BryanOSullivan" uid="10729167" lat="39.2104968" lon="-119.8214850"/>
 <node id="8192354870" visible="true" version="1" changeset="95253548" timestamp="2020-12-04T00:07:57Z" user="BryanOSullivan" uid="10729167" lat="39.2108952" lon="-119.8195930"/>
 <node id="8192354871" visible="true" version="1" changeset="95253548" timestamp="2020-12-04T00:07:57Z" user="BryanOSullivan" uid="10729167" lat="39.2107470" lon="-119.8193758"/>
 <node id="8192354872" visible="true" version="1" changeset="95253548" timestamp="2020-12-04T00:07:57Z" user="BryanOSullivan" uid="10729167" lat="39.1899667" lon="-119.7975340"/>
 <node id="8192730366" visible="true" version="2" changeset="98234459" timestamp="2021-01-27T14:01:23Z" user="vbbukka" uid="10159579" lat="39.1900493" lon="-119.7981185"/>
 <node id="8192730367" visible="true" version="1" changeset="95263427" timestamp="2020-12-04T04:40:09Z" user="BryanOSullivan" uid="10729167" lat="39.1901290" lon="-119.7982447"/>
 <node id="8192730368" visible="true" version="1" changeset="95263427" timestamp="2020-12-04T04:40:09Z" user="BryanOSullivan" uid="10729167" lat="39.1904408" lon="-119.7987171"/>
 <node id="8192730369" visible="true" version="1" changeset="95263427" timestamp="2020-12-04T04:40:09Z" user="BryanOSullivan" uid="10729167" lat="39.1906217" lon="-119.7989470"/>
 <node id="8192730370" visible="true" version="1" changeset="95263427" timestamp="2020-12-04T04:40:09Z" user="BryanOSullivan" uid="10729167" lat="39.1909874" lon="-119.7992621"/>
 <node id="8192730371" visible="true" version="1" changeset="95263427" timestamp="2020-12-04T04:40:09Z" user="BryanOSullivan" uid="10729167" lat="39.1911816" lon="-119.7995593"/>
 <node id="8192730372" visible="true" version="1" changeset="95263427" timestamp="2020-12-04T04:40:09Z" user="BryanOSullivan" uid="10729167" lat="39.1912500" lon="-119.7996295"/>
 <node id="8192730373" visible="true" version="1" changeset="95263427" timestamp="2020-12-04T04:40:09Z" user="BryanOSullivan" uid="10729167" lat="39.1913618" lon="-119.7996309"/>
 <node id="8192730374" visible="true" version="1" changeset="95263427" timestamp="2020-12-04T04:40:09Z" user="BryanOSullivan" uid="10729167" lat="39.1914452" lon="-119.7996880"/>
 <node id="8192730375" visible="true" version="1" changeset="95263427" timestamp="2020-12-04T04:40:09Z" user="BryanOSullivan" uid="10729167" lat="39.1915224" lon="-119.7997930"/>
 <node id="8192730376" visible="true" version="1" changeset="95263427" timestamp="2020-12-04T04:40:09Z" user="BryanOSullivan" uid="10729167" lat="39.1916720" lon="-119.8001738"/>
 <node id="8192730377" visible="true" version="1" changeset="95263427" timestamp="2020-12-04T04:40:09Z" user="BryanOSullivan" uid="10729167" lat="39.1918070" lon="-119.8004794"/>
 <node id="8192730378" visible="true" version="1" changeset="95263427" timestamp="2020-12-04T04:40:09Z" user="BryanOSullivan" uid="10729167" lat="39.1919287" lon="-119.8006087"/>
 <node id="8192730379" visible="true" version="1" changeset="95263427" timestamp="2020-12-04T04:40:09Z" user="BryanOSullivan" uid="10729167" lat="39.1922490" lon="-119.8008325"/>
 <node id="8192730380" visible="true" version="1" changeset="95263427" timestamp="2020-12-04T04:40:09Z" user="BryanOSullivan" uid="10729167" lat="39.1924472" lon="-119.8009709"/>
 <node id="8192730381" visible="true" version="1" changeset="95263427" timestamp="2020-12-04T04:40:09Z" user="BryanOSullivan" uid="10729167" lat="39.1924910" lon="-119.8010660"/>
 <node id="8192730382" visible="true" version="1" changeset="95263427" timestamp="2020-12-04T04:40:09Z" user="BryanOSullivan" uid="10729167" lat="39.1924712" lon="-119.8011843"/>
 <node id="8192730383" visible="true" version="1" changeset="95263427" timestamp="2020-12-04T04:40:09Z" user="BryanOSullivan" uid="10729167" lat="39.1924142" lon="-119.8013083"/>
 <node id="8192730384" visible="true" version="1" changeset="95263427" timestamp="2020-12-04T04:40:09Z" user="BryanOSullivan" uid="10729167" lat="39.1921971" lon="-119.8015642"/>
 <node id="8192730385" visible="true" version="1" changeset="95263427" timestamp="2020-12-04T04:40:09Z" user="BryanOSullivan" uid="10729167" lat="39.1919386" lon="-119.8019044"/>
 <node id="8192730386" visible="true" version="1" changeset="95263427" timestamp="2020-12-04T04:40:09Z" user="BryanOSullivan" uid="10729167" lat="39.1918118" lon="-119.8022407"/>
 <node id="8192730387" visible="true" version="1" changeset="95263427" timestamp="2020-12-04T04:40:09Z" user="BryanOSullivan" uid="10729167" lat="39.1917685" lon="-119.8025221"/>
 <node id="8192730388" visible="true" version="1" changeset="95263427" timestamp="2020-12-04T04:40:09Z" user="BryanOSullivan" uid="10729167" lat="39.1917399" lon="-119.8028011"/>
 <node id="8192730389" visible="true" version="1" changeset="95263427" timestamp="2020-12-04T04:40:09Z" user="BryanOSullivan" uid="10729167" lat="39.1917186" lon="-119.8030344"/>
 <node id="8192730390" visible="true" version="1" changeset="95263427" timestamp="2020-12-04T04:40:09Z" user="BryanOSullivan" uid="10729167" lat="39.1916760" lon="-119.8032499"/>
 <node id="8192730391" visible="true" version="1" changeset="95263427" timestamp="2020-12-04T04:40:09Z" user="BryanOSullivan" uid="10729167" lat="39.1916703" lon="-119.8033934"/>
 <node id="8192730392" visible="true" version="1" changeset="95263427" timestamp="2020-12-04T04:40:09Z" user="BryanOSullivan" uid="10729167" lat="39.1916868" lon="-119.8034906"/>
 <node id="8192730393" visible="true" version="1" changeset="95263427" timestamp="2020-12-04T04:40:09Z" user="BryanOSullivan" uid="10729167" lat="39.1917804" lon="-119.8036370"/>
 <node id="8192730394" visible="true" version="1" changeset="95263427" timestamp="2020-12-04T04:40:09Z" user="BryanOSullivan" uid="10729167" lat="39.1919518" lon="-119.8037930"/>
 <node id="8192730395" visible="true" version="1" changeset="95263427" timestamp="2020-12-04T04:40:09Z" user="BryanOSullivan" uid="10729167" lat="39.1921677" lon="-119.8040216"/>
 <node id="8192730396" visible="true" version="1" changeset="95263427" timestamp="2020-12-04T04:40:09Z" user="BryanOSullivan" uid="10729167" lat="39.1924590" lon="-119.8043230"/>
 <node id="8192730397" visible="true" version="1" changeset="95263427" timestamp="2020-12-04T04:40:09Z" user="BryanOSullivan" uid="10729167" lat="39.1926997" lon="-119.8045367"/>
 <node id="8192730398" visible="true" version="1" changeset="95263427" timestamp="2020-12-04T04:40:09Z" user="BryanOSullivan" uid="10729167" lat="39.1928406" lon="-119.8047457"/>
 <node id="8192730399" visible="true" version="1" changeset="95263427" timestamp="2020-12-04T04:40:09Z" user="BryanOSullivan" uid="10729167" lat="39.1929602" lon="-119.8049661"/>
 <node id="8192730400" visible="true" version="1" changeset="95263427" timestamp="2020-12-04T04:40:09Z" user="BryanOSullivan" uid="10729167" lat="39.1930540" lon="-119.8052239"/>
 <node id="8192730401" visible="true" version="1" changeset="95263427" timestamp="2020-12-04T04:40:09Z" user="BryanOSullivan" uid="10729167" lat="39.1931394" lon="-119.8056644"/>
 <node id="8192730402" visible="true" version="1" changeset="95263427" timestamp="2020-12-04T04:40:09Z" user="BryanOSullivan" uid="10729167" lat="39.1932225" lon="-119.8061121"/>
 <node id="8192730403" visible="true" version="1" changeset="95263427" timestamp="2020-12-04T04:40:09Z" user="BryanOSullivan" uid="10729167" lat="39.1941707" lon="-119.8062330"/>
 <node id="8192730404" visible="true" version="1" changeset="95263427" timestamp="2020-12-04T04:40:09Z" user="BryanOSullivan" uid="10729167" lat="39.1940474" lon="-119.8062385"/>
 <node id="8192730405" visible="true" version="1" changeset="95263427" timestamp="2020-12-04T04:40:09Z" user="BryanOSullivan" uid="10729167" lat="39.1939674" lon="-119.8061838"/>
 <node id="8192730406" visible="true" version="1" changeset="95263427" timestamp="2020-12-04T04:40:09Z" user="BryanOSullivan" uid="10729167" lat="39.1938099" lon="-119.8060165"/>
 <node id="8192730407" visible="true" version="1" changeset="95263427" timestamp="2020-12-04T04:40:09Z" user="BryanOSullivan" uid="10729167" lat="39.1936812" lon="-119.8059421"/>
 <node id="8192730408" visible="true" version="1" changeset="95263427" timestamp="2020-12-04T04:40:09Z" user="BryanOSullivan" uid="10729167" lat="39.1935260" lon="-119.8059040"/>
 <node id="8192730409" visible="true" version="1" changeset="95263427" timestamp="2020-12-04T04:40:09Z" user="BryanOSullivan" uid="10729167" lat="39.1934305" lon="-119.8059396"/>
 <node id="8192730410" visible="true" version="1" changeset="95263427" timestamp="2020-12-04T04:40:09Z" user="BryanOSullivan" uid="10729167" lat="39.1931166" lon="-119.8062347"/>
 <node id="8192730411" visible="true" version="1" changeset="95263427" timestamp="2020-12-04T04:40:09Z" user="BryanOSullivan" uid="10729167" lat="39.1930543" lon="-119.8063762"/>
 <node id="8192730412" visible="true" version="1" changeset="95263427" timestamp="2020-12-04T04:40:09Z" user="BryanOSullivan" uid="10729167" lat="39.1929686" lon="-119.8066650"/>
 <node id="8192730413" visible="true" version="1" changeset="95263427" timestamp="2020-12-04T04:40:09Z" user="BryanOSullivan" uid="10729167" lat="39.1928555" lon="-119.8068970"/>
 <node id="8192730414" visible="true" version="1" changeset="95263427" timestamp="2020-12-04T04:40:09Z" user="BryanOSullivan" uid="10729167" lat="39.1927610" lon="-119.8070586"/>
 <node id="8192730415" visible="true" version="1" changeset="95263427" timestamp="2020-12-04T04:40:09Z" user="BryanOSullivan" uid="10729167" lat="39.1927415" lon="-119.8071590"/>
 <node id="8192730416" visible="true" version="1" changeset="95263427" timestamp="2020-12-04T04:40:09Z" user="BryanOSullivan" uid="10729167" lat="39.1927600" lon="-119.8072762"/>
 <node id="8192730417" visible="true" version="1" changeset="95263427" timestamp="2020-12-04T04:40:09Z" user="BryanOSullivan" uid="10729167" lat="39.1928332" lon="-119.8075398"/>
 <node id="8192730418" visible="true" version="1" changeset="95263427" timestamp="2020-12-04T04:40:09Z" user="BryanOSullivan" uid="10729167" lat="39.1928622" lon="-119.8077075"/>
 <node id="8192730419" visible="true" version="1" changeset="95263427" timestamp="2020-12-04T04:40:09Z" user="BryanOSullivan" uid="10729167" lat="39.1928184" lon="-119.8078488"/>
 <node id="8192730420" visible="true" version="1" changeset="95263427" timestamp="2020-12-04T04:40:09Z" user="BryanOSullivan" uid="10729167" lat="39.1927388" lon="-119.8079857"/>
 <node id="8192730421" visible="true" version="1" changeset="95263427" timestamp="2020-12-04T04:40:09Z" user="BryanOSullivan" uid="10729167" lat="39.1926559" lon="-119.8080553"/>
 <node id="8192730422" visible="true" version="1" changeset="95263427" timestamp="2020-12-04T04:40:09Z" user="BryanOSullivan" uid="10729167" lat="39.1925785" lon="-119.8080832"/>
 <node id="8192730423" visible="true" version="1" changeset="95263427" timestamp="2020-12-04T04:40:09Z" user="BryanOSullivan" uid="10729167" lat="39.1924609" lon="-119.8080598"/>
 <node id="8192730424" visible="true" version="1" changeset="95263427" timestamp="2020-12-04T04:40:09Z" user="BryanOSullivan" uid="10729167" lat="39.1921298" lon="-119.8079609"/>
 <node id="8192730425" visible="true" version="1" changeset="95263427" timestamp="2020-12-04T04:40:09Z" user="BryanOSullivan" uid="10729167" lat="39.1916241" lon="-119.8078509"/>
 <node id="8192730426" visible="true" version="1" changeset="95263427" timestamp="2020-12-04T04:40:09Z" user="BryanOSullivan" uid="10729167" lat="39.1912787" lon="-119.8076934"/>
 <node id="8192730427" visible="true" version="1" changeset="95263427" timestamp="2020-12-04T04:40:09Z" user="BryanOSullivan" uid="10729167" lat="39.1910238" lon="-119.8075976"/>
 <node id="8192730428" visible="true" version="1" changeset="95263427" timestamp="2020-12-04T04:40:09Z" user="BryanOSullivan" uid="10729167" lat="39.1908932" lon="-119.8075393"/>
 <node id="8192730429" visible="true" version="1" changeset="95263427" timestamp="2020-12-04T04:40:09Z" user="BryanOSullivan" uid="10729167" lat="39.1910272" lon="-119.8077226"/>
 <node id="8192730430" visible="true" version="1" changeset="95263427" timestamp="2020-12-04T04:40:09Z" user="BryanOSullivan" uid="10729167" lat="39.1911913" lon="-119.8078541"/>
 <node id="8192730431" visible="true" version="1" changeset="95263427" timestamp="2020-12-04T04:40:09Z" user="BryanOSullivan" uid="10729167" lat="39.1913441" lon="-119.8080751"/>
 <node id="8192730432" visible="true" version="1" changeset="95263427" timestamp="2020-12-04T04:40:09Z" user="BryanOSullivan" uid="10729167" lat="39.1915028" lon="-119.8081938"/>
 <node id="8192730433" visible="true" version="1" changeset="95263427" timestamp="2020-12-04T04:40:09Z" user="BryanOSullivan" uid="10729167" lat="39.1916924" lon="-119.8082769"/>
 <node id="8192730434" visible="true" version="1" changeset="95263427" timestamp="2020-12-04T04:40:09Z" user="BryanOSullivan" uid="10729167" lat="39.1918339" lon="-119.8083944"/>
 <node id="8192730435" visible="true" version="1" changeset="95263427" timestamp="2020-12-04T04:40:09Z" user="BryanOSullivan" uid="10729167" lat="39.1919575" lon="-119.8085572"/>
 <node id="8192730436" visible="true" version="1" changeset="95263427" timestamp="2020-12-04T04:40:09Z" user="BryanOSullivan" uid="10729167" lat="39.1920714" lon="-119.8088113"/>
 <node id="8192730437" visible="true" version="1" changeset="95263427" timestamp="2020-12-04T04:40:09Z" user="BryanOSullivan" uid="10729167" lat="39.1921604" lon="-119.8091105"/>
 <node id="8192730438" visible="true" version="1" changeset="95263427" timestamp="2020-12-04T04:40:09Z" user="BryanOSullivan" uid="10729167" lat="39.1922254" lon="-119.8094277"/>
 <node id="8192730439" visible="true" version="1" changeset="95263427" timestamp="2020-12-04T04:40:09Z" user="BryanOSullivan" uid="10729167" lat="39.1922472" lon="-119.8095530"/>
 <node id="8192730440" visible="true" version="1" changeset="95263427" timestamp="2020-12-04T04:40:09Z" user="BryanOSullivan" uid="10729167" lat="39.1923690" lon="-119.8097020"/>
 <node id="8192730441" visible="true" version="1" changeset="95263427" timestamp="2020-12-04T04:40:09Z" user="BryanOSullivan" uid="10729167" lat="39.1924792" lon="-119.8098618"/>
 <node id="8192730442" visible="true" version="1" changeset="95263427" timestamp="2020-12-04T04:40:09Z" user="BryanOSullivan" uid="10729167" lat="39.1925464" lon="-119.8099176"/>
 <node id="8192730443" visible="true" version="1" changeset="95263427" timestamp="2020-12-04T04:40:09Z" user="BryanOSullivan" uid="10729167" lat="39.1928568" lon="-119.8100494"/>
 <node id="8192730444" visible="true" version="1" changeset="95263427" timestamp="2020-12-04T04:40:09Z" user="BryanOSullivan" uid="10729167" lat="39.1929586" lon="-119.8101313"/>
 <node id="8192730445" visible="true" version="1" changeset="95263427" timestamp="2020-12-04T04:40:09Z" user="BryanOSullivan" uid="10729167" lat="39.1930682" lon="-119.8103127"/>
 <node id="8192730446" visible="true" version="1" changeset="95263427" timestamp="2020-12-04T04:40:09Z" user="BryanOSullivan" uid="10729167" lat="39.1931581" lon="-119.8104421"/>
 <node id="8192730447" visible="true" version="1" changeset="95263427" timestamp="2020-12-04T04:40:09Z" user="BryanOSullivan" uid="10729167" lat="39.1932386" lon="-119.8104929"/>
 <node id="8192730448" visible="true" version="1" changeset="95263427" timestamp="2020-12-04T04:40:09Z" user="BryanOSullivan" uid="10729167" lat="39.1933680" lon="-119.8105270"/>
 <node id="8192730449" visible="true" version="1" changeset="95263427" timestamp="2020-12-04T04:40:09Z" user="BryanOSullivan" uid="10729167" lat="39.1934181" lon="-119.8106342"/>
 <node id="8192730450" visible="true" version="1" changeset="95263427" timestamp="2020-12-04T04:40:09Z" user="BryanOSullivan" uid="10729167" lat="39.1934230" lon="-119.8107220"/>
 <node id="8192730451" visible="true" version="1" changeset="95263427" timestamp="2020-12-04T04:40:09Z" user="BryanOSullivan" uid="10729167" lat="39.1934039" lon="-119.8108252"/>
 <node id="8192730452" visible="true" version="1" changeset="95263427" timestamp="2020-12-04T04:40:09Z" user="BryanOSullivan" uid="10729167" lat="39.1932516" lon="-119.8111561"/>
 <node id="8192730453" visible="true" version="1" changeset="95263427" timestamp="2020-12-04T04:40:09Z" user="BryanOSullivan" uid="10729167" lat="39.1929723" lon="-119.8117632"/>
 <node id="8192730454" visible="true" version="1" changeset="95263427" timestamp="2020-12-04T04:40:09Z" user="BryanOSullivan" uid="10729167" lat="39.1929210" lon="-119.8119740"/>
 <node id="8192730455" visible="true" version="1" changeset="95263427" timestamp="2020-12-04T04:40:09Z" user="BryanOSullivan" uid="10729167" lat="39.1928467" lon="-119.8122058"/>
 <node id="8192730456" visible="true" version="1" changeset="95263427" timestamp="2020-12-04T04:40:09Z" user="BryanOSullivan" uid="10729167" lat="39.1928398" lon="-119.8123168"/>
 <node id="8192730457" visible="true" version="1" changeset="95263427" timestamp="2020-12-04T04:40:09Z" user="BryanOSullivan" uid="10729167" lat="39.1928724" lon="-119.8124355"/>
 <node id="8192730458" visible="true" version="1" changeset="95263427" timestamp="2020-12-04T04:40:09Z" user="BryanOSullivan" uid="10729167" lat="39.1929108" lon="-119.8125805"/>
 <node id="8192730459" visible="true" version="1" changeset="95263427" timestamp="2020-12-04T04:40:09Z" user="BryanOSullivan" uid="10729167" lat="39.1929350" lon="-119.8127350"/>
 <node id="8192730460" visible="true" version="1" changeset="95263427" timestamp="2020-12-04T04:40:09Z" user="BryanOSullivan" uid="10729167" lat="39.1929186" lon="-119.8129255"/>
 <node id="8192730461" visible="true" version="1" changeset="95263427" timestamp="2020-12-04T04:40:09Z" user="BryanOSullivan" uid="10729167" lat="39.1929240" lon="-119.8130322"/>
 <node id="8192730462" visible="true" version="1" changeset="95263427" timestamp="2020-12-04T04:40:09Z" user="BryanOSullivan" uid="10729167" lat="39.1929710" lon="-119.8130976"/>
 <node id="8192730463" visible="true" version="1" changeset="95263427" timestamp="2020-12-04T04:40:09Z" user="BryanOSullivan" uid="10729167" lat="39.1930208" lon="-119.8131632"/>
 <node id="8192730464" visible="true" version="1" changeset="95263427" timestamp="2020-12-04T04:40:09Z" user="BryanOSullivan" uid="10729167" lat="39.1930606" lon="-119.8132927"/>
 <node id="8192730465" visible="true" version="1" changeset="95263427" timestamp="2020-12-04T04:40:09Z" user="BryanOSullivan" uid="10729167" lat="39.1930889" lon="-119.8133818"/>
 <node id="8192730466" visible="true" version="1" changeset="95263427" timestamp="2020-12-04T04:40:09Z" user="BryanOSullivan" uid="10729167" lat="39.1932642" lon="-119.8137966"/>
 <node id="8192730467" visible="true" version="1" changeset="95263427" timestamp="2020-12-04T04:40:09Z" user="BryanOSullivan" uid="10729167" lat="39.1933810" lon="-119.8140736"/>
 <node id="8192730468" visible="true" version="1" changeset="95263427" timestamp="2020-12-04T04:40:09Z" user="BryanOSullivan" uid="10729167" lat="39.1934344" lon="-119.8142556"/>
 <node id="8192730469" visible="true" version="1" changeset="95263427" timestamp="2020-12-04T04:40:09Z" user="BryanOSullivan" uid="10729167" lat="39.1936007" lon="-119.8145310"/>
 <node id="8192730470" visible="true" version="1" changeset="95263427" timestamp="2020-12-04T04:40:09Z" user="BryanOSullivan" uid="10729167" lat="39.1938573" lon="-119.8148347"/>
 <node id="8192730471" visible="true" version="1" changeset="95263427" timestamp="2020-12-04T04:40:09Z" user="BryanOSullivan" uid="10729167" lat="39.1940515" lon="-119.8150510"/>
 <node id="8192730472" visible="true" version="1" changeset="95263427" timestamp="2020-12-04T04:40:09Z" user="BryanOSullivan" uid="10729167" lat="39.1942217" lon="-119.8153293"/>
 <node id="8192730473" visible="true" version="1" changeset="95263427" timestamp="2020-12-04T04:40:09Z" user="BryanOSullivan" uid="10729167" lat="39.1944070" lon="-119.8156698"/>
 <node id="8192730474" visible="true" version="1" changeset="95263427" timestamp="2020-12-04T04:40:09Z" user="BryanOSullivan" uid="10729167" lat="39.1944322" lon="-119.8157414"/>
 <node id="8221385414" visible="true" version="1" changeset="95711913" timestamp="2020-12-12T05:13:39Z" user="larz86" uid="8127210" lat="39.1899336" lon="-119.7951718"/>
 <node id="8221385415" visible="true" version="1" changeset="95711913" timestamp="2020-12-12T05:13:39Z" user="larz86" uid="8127210" lat="39.1899402" lon="-119.7962023"/>
 <node id="8320978967" visible="true" version="1" changeset="97491872" timestamp="2021-01-14T11:14:09Z" user="sunilaak" uid="10086280" lat="39.1985671" lon="-119.8111174"/>
 <node id="8320978968" visible="true" version="1" changeset="97491872" timestamp="2021-01-14T11:14:09Z" user="sunilaak" uid="10086280" lat="39.1984944" lon="-119.8111514"/>
 <node id="8320978969" visible="true" version="1" changeset="97491872" timestamp="2021-01-14T11:14:09Z" user="sunilaak" uid="10086280" lat="39.1984693" lon="-119.8112077"/>
 <node id="8320978970" visible="true" version="1" changeset="97491872" timestamp="2021-01-14T11:14:09Z" user="sunilaak" uid="10086280" lat="39.1984793" lon="-119.8113165"/>
 <node id="8320978971" visible="true" version="1" changeset="97491872" timestamp="2021-01-14T11:14:09Z" user="sunilaak" uid="10086280" lat="39.1984531" lon="-119.8114307"/>
 <node id="8320978972" visible="true" version="1" changeset="97491872" timestamp="2021-01-14T11:14:09Z" user="sunilaak" uid="10086280" lat="39.1983662" lon="-119.8115592"/>
 <node id="8320978973" visible="true" version="1" changeset="97491872" timestamp="2021-01-14T11:14:09Z" user="sunilaak" uid="10086280" lat="39.1985289" lon="-119.8111356"/>
 <node id="8320978974" visible="true" version="1" changeset="97491872" timestamp="2021-01-14T11:14:09Z" user="sunilaak" uid="10086280" lat="39.1973274" lon="-119.8094328"/>
 <node id="8320978975" visible="true" version="1" changeset="97491872" timestamp="2021-01-14T11:14:09Z" user="sunilaak" uid="10086280" lat="39.1977527" lon="-119.8096343"/>
 <node id="8323641327" visible="true" version="1" changeset="97540491" timestamp="2021-01-15T07:46:24Z" user="rpakma" uid="11705758" lat="39.2026475" lon="-119.8088088"/>
 <node id="8323641328" visible="true" version="1" changeset="97540491" timestamp="2021-01-15T07:46:24Z" user="rpakma" uid="11705758" lat="39.2028146" lon="-119.8088357"/>
 <node id="8323641329" visible="true" version="1" changeset="97540491" timestamp="2021-01-15T07:46:24Z" user="rpakma" uid="11705758" lat="39.2028833" lon="-119.8088954"/>
 <node id="8323641330" visible="true" version="1" changeset="97540491" timestamp="2021-01-15T07:46:24Z" user="rpakma" uid="11705758" lat="39.2029161" lon="-119.8089859"/>
 <node id="8323641331" visible="true" version="1" changeset="97540491" timestamp="2021-01-15T07:46:24Z" user="rpakma" uid="11705758" lat="39.2029280" lon="-119.8090707"/>
 <node id="8323641332" visible="true" version="1" changeset="97540491" timestamp="2021-01-15T07:46:24Z" user="rpakma" uid="11705758" lat="39.2029027" lon="-119.8091650"/>
 <node id="8323641333" visible="true" version="1" changeset="97540491" timestamp="2021-01-15T07:46:24Z" user="rpakma" uid="11705758" lat="39.2028370" lon="-119.8092498"/>
 <node id="8323641334" visible="true" version="1" changeset="97540491" timestamp="2021-01-15T07:46:24Z" user="rpakma" uid="11705758" lat="39.2027803" lon="-119.8093095"/>
 <node id="8323641335" visible="true" version="1" changeset="97540491" timestamp="2021-01-15T07:46:24Z" user="rpakma" uid="11705758" lat="39.2021420" lon="-119.8111438"/>
 <node id="8323641336" visible="true" version="1" changeset="97540491" timestamp="2021-01-15T07:46:24Z" user="rpakma" uid="11705758" lat="39.2020774" lon="-119.8108790"/>
 <node id="8323641337" visible="true" version="1" changeset="97540491" timestamp="2021-01-15T07:46:24Z" user="rpakma" uid="11705758" lat="39.2020508" lon="-119.8107270"/>
 <node id="8323641338" visible="true" version="1" changeset="97540491" timestamp="2021-01-15T07:46:24Z" user="rpakma" uid="11705758" lat="39.2020603" lon="-119.8106044"/>
 <node id="8323641339" visible="true" version="1" changeset="97540491" timestamp="2021-01-15T07:46:24Z" user="rpakma" uid="11705758" lat="39.2021496" lon="-119.8104720"/>
 <node id="8323641340" visible="true" version="1" changeset="97540491" timestamp="2021-01-15T07:46:24Z" user="rpakma" uid="11705758" lat="39.2023415" lon="-119.8102758"/>
 <node id="8323641341" visible="true" version="1" changeset="97540491" timestamp="2021-01-15T07:46:24Z" user="rpakma" uid="11705758" lat="39.2022009" lon="-119.8085594"/>
 <node id="8323641342" visible="true" version="1" changeset="97540491" timestamp="2021-01-15T07:46:24Z" user="rpakma" uid="11705758" lat="39.2022313" lon="-119.8086894"/>
 <node id="8323641343" visible="true" version="1" changeset="97540491" timestamp="2021-01-15T07:46:24Z" user="rpakma" uid="11705758" lat="39.2023054" lon="-119.8088806"/>
 <node id="8323641344" visible="true" version="1" changeset="97540491" timestamp="2021-01-15T07:46:24Z" user="rpakma" uid="11705758" lat="39.2025334" lon="-119.8092778"/>
 <node id="8323641345" visible="true" version="1" changeset="97540491" timestamp="2021-01-15T07:46:24Z" user="rpakma" uid="11705758" lat="39.2025904" lon="-119.8093685"/>
 <node id="8323641346" visible="true" version="1" changeset="97540491" timestamp="2021-01-15T07:46:24Z" user="rpakma" uid="11705758" lat="39.2026132" lon="-119.8094372"/>
 <node id="8323641347" visible="true" version="1" changeset="97540491" timestamp="2021-01-15T07:46:24Z" user="rpakma" uid="11705758" lat="39.2026151" lon="-119.8095107"/>
 <node id="8323641348" visible="true" version="1" changeset="97540491" timestamp="2021-01-15T07:46:24Z" user="rpakma" uid="11705758" lat="39.2025999" lon="-119.8096015"/>
 <node id="8323641349" visible="true" version="1" changeset="97540491" timestamp="2021-01-15T07:46:24Z" user="rpakma" uid="11705758" lat="39.2025733" lon="-119.8096456"/>
 <node id="8323641350" visible="true" version="1" changeset="97540491" timestamp="2021-01-15T07:46:24Z" user="rpakma" uid="11705758" lat="39.2025372" lon="-119.8096530"/>
 <node id="8323641351" visible="true" version="1" changeset="97540491" timestamp="2021-01-15T07:46:24Z" user="rpakma" uid="11705758" lat="39.2024574" lon="-119.8096358"/>
 <node id="8323641352" visible="true" version="1" changeset="97540491" timestamp="2021-01-15T07:46:24Z" user="rpakma" uid="11705758" lat="39.2029464" lon="-119.8110818"/>
 <node id="8323641353" visible="true" version="1" changeset="97540491" timestamp="2021-01-15T07:46:24Z" user="rpakma" uid="11705758" lat="39.2028398" lon="-119.8109670"/>
 <node id="8323641354" visible="true" version="1" changeset="97540491" timestamp="2021-01-15T07:46:24Z" user="rpakma" uid="11705758" lat="39.2027834" lon="-119.8108764"/>
 <node id="8323641355" visible="true" version="1" changeset="97540491" timestamp="2021-01-15T07:46:24Z" user="rpakma" uid="11705758" lat="39.2027659" lon="-119.8108165"/>
 <node id="8323641356" visible="true" version="1" changeset="97540491" timestamp="2021-01-15T07:46:24Z" user="rpakma" uid="11705758" lat="39.2027646" lon="-119.8107324"/>
 <node id="8323641357" visible="true" version="1" changeset="97540491" timestamp="2021-01-15T07:46:24Z" user="rpakma" uid="11705758" lat="39.2027959" lon="-119.8107098"/>
 <node id="8323641358" visible="true" version="1" changeset="97540491" timestamp="2021-01-15T07:46:24Z" user="rpakma" uid="11705758" lat="39.2028147" lon="-119.8106402"/>
 <node id="8323641359" visible="true" version="1" changeset="97540491" timestamp="2021-01-15T07:46:24Z" user="rpakma" uid="11705758" lat="39.2027947" lon="-119.8105965"/>
 <node id="8323641360" visible="true" version="1" changeset="97540491" timestamp="2021-01-15T07:46:24Z" user="rpakma" uid="11705758" lat="39.2027596" lon="-119.8105755"/>
 <node id="8323641361" visible="true" version="1" changeset="97540491" timestamp="2021-01-15T07:46:24Z" user="rpakma" uid="11705758" lat="39.2027245" lon="-119.8106014"/>
 <node id="8323641362" visible="true" version="1" changeset="97540491" timestamp="2021-01-15T07:46:24Z" user="rpakma" uid="11705758" lat="39.2027044" lon="-119.8106451"/>
 <node id="8323641363" visible="true" version="1" changeset="97540491" timestamp="2021-01-15T07:46:24Z" user="rpakma" uid="11705758" lat="39.2027195" lon="-119.8106904"/>
 <node id="8324104293" visible="true" version="1" changeset="97553227" timestamp="2021-01-15T10:47:00Z" user="tusnayak" uid="10480286" lat="39.2062073" lon="-119.8077221"/>
 <node id="8324104294" visible="true" version="1" changeset="97553227" timestamp="2021-01-15T10:47:00Z" user="tusnayak" uid="10480286" lat="39.2063246" lon="-119.8077705"/>
 <node id="8324104295" visible="true" version="1" changeset="97553227" timestamp="2021-01-15T10:47:00Z" user="tusnayak" uid="10480286" lat="39.2064339" lon="-119.8078117"/>
 <node id="8324104296" visible="true" version="1" changeset="97553227" timestamp="2021-01-15T10:47:00Z" user="tusnayak" uid="10480286" lat="39.2064780" lon="-119.8078254"/>
 <node id="8324104297" visible="true" version="1" changeset="97553227" timestamp="2021-01-15T10:47:00Z" user="tusnayak" uid="10480286" lat="39.2065114" lon="-119.8078254"/>
 <node id="8324104298" visible="true" version="1" changeset="97553227" timestamp="2021-01-15T10:47:00Z" user="tusnayak" uid="10480286" lat="39.2066061" lon="-119.8078105"/>
 <node id="8324104299" visible="true" version="1" changeset="97553227" timestamp="2021-01-15T10:47:00Z" user="tusnayak" uid="10480286" lat="39.2060593" lon="-119.8083732"/>
 <node id="8324104300" visible="true" version="1" changeset="97553227" timestamp="2021-01-15T10:47:00Z" user="tusnayak" uid="10480286" lat="39.2059237" lon="-119.8083767"/>
 <node id="8324104301" visible="true" version="1" changeset="97553227" timestamp="2021-01-15T10:47:00Z" user="tusnayak" uid="10480286" lat="39.2058047" lon="-119.8083678"/>
 <node id="8324104302" visible="true" version="1" changeset="97553227" timestamp="2021-01-15T10:47:00Z" user="tusnayak" uid="10480286" lat="39.2057009" lon="-119.8083464"/>
 <node id="8324104303" visible="true" version="1" changeset="97553227" timestamp="2021-01-15T10:47:00Z" user="tusnayak" uid="10480286" lat="39.2055639" lon="-119.8083071"/>
 <node id="8324104304" visible="true" version="1" changeset="97553227" timestamp="2021-01-15T10:47:00Z" user="tusnayak" uid="10480286" lat="39.2053453" lon="-119.8082535"/>
 <node id="8333313337" visible="true" version="1" changeset="97681555" timestamp="2021-01-18T08:38:09Z" user="thaggela" uid="11705755" lat="39.2006612" lon="-119.8204313"/>
 <node id="8333313338" visible="true" version="1" changeset="97681555" timestamp="2021-01-18T08:38:09Z" user="thaggela" uid="11705755" lat="39.2007759" lon="-119.8203275"/>
 <node id="8333313339" visible="true" version="1" changeset="97681555" timestamp="2021-01-18T08:38:09Z" user="thaggela" uid="11705755" lat="39.2007915" lon="-119.8202833"/>
 <node id="8333313340" visible="true" version="1" changeset="97681555" timestamp="2021-01-18T08:38:09Z" user="thaggela" uid="11705755" lat="39.2007871" lon="-119.8202334"/>
 <node id="8333313341" visible="true" version="1" changeset="97681555" timestamp="2021-01-18T08:38:09Z" user="thaggela" uid="11705755" lat="39.2007260" lon="-119.8201671"/>
 <node id="8333313342" visible="true" version="1" changeset="97681555" timestamp="2021-01-18T08:38:09Z" user="thaggela" uid="11705755" lat="39.2006247" lon="-119.8200585"/>
 <node id="8333313343" visible="true" version="1" changeset="97681555" timestamp="2021-01-18T08:38:09Z" user="thaggela" uid="11705755" lat="39.2005108" lon="-119.8199596"/>
 <node id="8333313344" visible="true" version="1" changeset="97681555" timestamp="2021-01-18T08:38:09Z" user="thaggela" uid="11705755" lat="39.2004140" lon="-119.8198856"/>
 <node id="8333471515" visible="true" version="1" changeset="97684636" timestamp="2021-01-18T09:17:32Z" user="qsudarji" uid="11705751" lat="39.2039622" lon="-119.8067863"/>
 <node id="8333471516" visible="true" version="1" changeset="97684636" timestamp="2021-01-18T09:17:32Z" user="qsudarji" uid="11705751" lat="39.2038675" lon="-119.8065669"/>
 <node id="8333472217" visible="true" version="1" changeset="97684636" timestamp="2021-01-18T09:17:32Z" user="qsudarji" uid="11705751" lat="39.2037901" lon="-119.8063937"/>
 <node id="8333472218" visible="true" version="1" changeset="97684636" timestamp="2021-01-18T09:17:32Z" user="qsudarji" uid="11705751" lat="39.2037774" lon="-119.8063203"/>
 <node id="8333472219" visible="true" version="1" changeset="97684636" timestamp="2021-01-18T09:17:32Z" user="qsudarji" uid="11705751" lat="39.2037811" lon="-119.8062646"/>
 <node id="8333472220" visible="true" version="1" changeset="97684636" timestamp="2021-01-18T09:17:32Z" user="qsudarji" uid="11705751" lat="39.2030398" lon="-119.8048148"/>
 <node id="8333472221" visible="true" version="1" changeset="97684636" timestamp="2021-01-18T09:17:32Z" user="qsudarji" uid="11705751" lat="39.2031043" lon="-119.8048928"/>
 <node id="8333472222" visible="true" version="1" changeset="97684636" timestamp="2021-01-18T09:17:32Z" user="qsudarji" uid="11705751" lat="39.2032558" lon="-119.8049737"/>
 <node id="8333472223" visible="true" version="1" changeset="97684636" timestamp="2021-01-18T09:17:32Z" user="qsudarji" uid="11705751" lat="39.2034527" lon="-119.8050689"/>
 <node id="8333472224" visible="true" version="1" changeset="97684636" timestamp="2021-01-18T09:17:32Z" user="qsudarji" uid="11705751" lat="39.2035015" lon="-119.8051056"/>
 <node id="8333472225" visible="true" version="1" changeset="97684636" timestamp="2021-01-18T09:17:32Z" user="qsudarji" uid="11705751" lat="39.2035247" lon="-119.8051566"/>
 <node id="8333472226" visible="true" version="1" changeset="97684636" timestamp="2021-01-18T09:17:32Z" user="qsudarji" uid="11705751" lat="39.2035282" lon="-119.8052068"/>
 <node id="8333472227" visible="true" version="1" changeset="97684636" timestamp="2021-01-18T09:17:32Z" user="qsudarji" uid="11705751" lat="39.2035131" lon="-119.8052473"/>
 <node id="8333472228" visible="true" version="1" changeset="97684636" timestamp="2021-01-18T09:17:32Z" user="qsudarji" uid="11705751" lat="39.2034823" lon="-119.8052660"/>
 <node id="8333472229" visible="true" version="1" changeset="97684636" timestamp="2021-01-18T09:17:32Z" user="qsudarji" uid="11705751" lat="39.2026479" lon="-119.8050799"/>
 <node id="8333472230" visible="true" version="1" changeset="97684636" timestamp="2021-01-18T09:17:32Z" user="qsudarji" uid="11705751" lat="39.2027754" lon="-119.8052128"/>
 <node id="8333472231" visible="true" version="1" changeset="97684636" timestamp="2021-01-18T09:17:32Z" user="qsudarji" uid="11705751" lat="39.2028638" lon="-119.8053035"/>
 <node id="8333472232" visible="true" version="1" changeset="97684636" timestamp="2021-01-18T09:17:32Z" user="qsudarji" uid="11705751" lat="39.2028864" lon="-119.8053684"/>
 <node id="8333472233" visible="true" version="1" changeset="97684636" timestamp="2021-01-18T09:17:32Z" user="qsudarji" uid="11705751" lat="39.2029427" lon="-119.8056517"/>
 <node id="8333472234" visible="true" version="1" changeset="97684636" timestamp="2021-01-18T09:17:32Z" user="qsudarji" uid="11705751" lat="39.2044574" lon="-119.8060437"/>
 <node id="8333472235" visible="true" version="1" changeset="97684636" timestamp="2021-01-18T09:17:32Z" user="qsudarji" uid="11705751" lat="39.2035479" lon="-119.8070831"/>
 <node id="8333472236" visible="true" version="1" changeset="97684636" timestamp="2021-01-18T09:17:32Z" user="qsudarji" uid="11705751" lat="39.2034665" lon="-119.8068583"/>
 <node id="8333472237" visible="true" version="1" changeset="97684636" timestamp="2021-01-18T09:17:32Z" user="qsudarji" uid="11705751" lat="39.2033879" lon="-119.8066601"/>
 <node id="8333472238" visible="true" version="1" changeset="97684636" timestamp="2021-01-18T09:17:32Z" user="qsudarji" uid="11705751" lat="39.2033700" lon="-119.8065571"/>
 <node id="8336478668" visible="true" version="1" changeset="97729846" timestamp="2021-01-19T03:01:31Z" user="sagisa" uid="11705754" lat="39.2057356" lon="-119.8164389"/>
 <node id="8336478669" visible="true" version="1" changeset="97729846" timestamp="2021-01-19T03:01:31Z" user="sagisa" uid="11705754" lat="39.2056682" lon="-119.8162608"/>
 <node id="8336478670" visible="true" version="1" changeset="97729846" timestamp="2021-01-19T03:01:31Z" user="sagisa" uid="11705754" lat="39.2056279" lon="-119.8161646"/>
 <node id="8336478671" visible="true" version="1" changeset="97729846" timestamp="2021-01-19T03:01:31Z" user="sagisa" uid="11705754" lat="39.2056206" lon="-119.8160403"/>
 <node id="8336478672" visible="true" version="1" changeset="97729846" timestamp="2021-01-19T03:01:31Z" user="sagisa" uid="11705754" lat="39.2056424" lon="-119.8158826"/>
 <node id="8336478673" visible="true" version="1" changeset="97729846" timestamp="2021-01-19T03:01:31Z" user="sagisa" uid="11705754" lat="39.2057107" lon="-119.8158185"/>
 <node id="8336676621" visible="true" version="1" changeset="97735413" timestamp="2021-01-19T05:01:56Z" user="ssahithi" uid="10159506" lat="39.2004223" lon="-119.8185450"/>
 <node id="8336676622" visible="true" version="1" changeset="97735413" timestamp="2021-01-19T05:01:56Z" user="ssahithi" uid="10159506" lat="39.2004587" lon="-119.8186707"/>
 <node id="8336676623" visible="true" version="1" changeset="97735413" timestamp="2021-01-19T05:01:56Z" user="ssahithi" uid="10159506" lat="39.2005077" lon="-119.8187933"/>
 <node id="8336676624" visible="true" version="1" changeset="97735413" timestamp="2021-01-19T05:01:56Z" user="ssahithi" uid="10159506" lat="39.2005192" lon="-119.8188633"/>
 <node id="8336676625" visible="true" version="1" changeset="97735413" timestamp="2021-01-19T05:01:56Z" user="ssahithi" uid="10159506" lat="39.2005067" lon="-119.8189091"/>
 <node id="8336676626" visible="true" version="1" changeset="97735413" timestamp="2021-01-19T05:01:56Z" user="ssahithi" uid="10159506" lat="39.2004514" lon="-119.8190505"/>
 <node id="8336676627" visible="true" version="1" changeset="97735413" timestamp="2021-01-19T05:01:56Z" user="ssahithi" uid="10159506" lat="39.2004440" lon="-119.8191434"/>
 <node id="8336676628" visible="true" version="1" changeset="97735413" timestamp="2021-01-19T05:01:56Z" user="ssahithi" uid="10159506" lat="39.2004597" lon="-119.8192390"/>
 <node id="8336676629" visible="true" version="1" changeset="97735413" timestamp="2021-01-19T05:01:56Z" user="ssahithi" uid="10159506" lat="39.2005035" lon="-119.8193373"/>
 <node id="8336676630" visible="true" version="1" changeset="97735413" timestamp="2021-01-19T05:01:56Z" user="ssahithi" uid="10159506" lat="39.2005766" lon="-119.8193885"/>
 <node id="8336676631" visible="true" version="1" changeset="97735413" timestamp="2021-01-19T05:01:56Z" user="ssahithi" uid="10159506" lat="39.2006402" lon="-119.8193993"/>
 <node id="8336676632" visible="true" version="1" changeset="97735413" timestamp="2021-01-19T05:01:56Z" user="ssahithi" uid="10159506" lat="39.2007227" lon="-119.8193642"/>
 <node id="8336689693" visible="true" version="1" changeset="97736297" timestamp="2021-01-19T05:15:51Z" user="sagisa" uid="11705754" lat="39.2079778" lon="-119.8096194"/>
 <node id="8336689694" visible="true" version="1" changeset="97736297" timestamp="2021-01-19T05:15:51Z" user="sagisa" uid="11705754" lat="39.2080383" lon="-119.8096055"/>
 <node id="8336689695" visible="true" version="1" changeset="97736297" timestamp="2021-01-19T05:15:51Z" user="sagisa" uid="11705754" lat="39.2080606" lon="-119.8095326"/>
 <node id="8336689696" visible="true" version="1" changeset="97736297" timestamp="2021-01-19T05:15:51Z" user="sagisa" uid="11705754" lat="39.2080651" lon="-119.8092448"/>
 <node id="8336689697" visible="true" version="1" changeset="97736297" timestamp="2021-01-19T05:15:51Z" user="sagisa" uid="11705754" lat="39.2080786" lon="-119.8091061"/>
 <node id="8336689698" visible="true" version="1" changeset="97736297" timestamp="2021-01-19T05:15:51Z" user="sagisa" uid="11705754" lat="39.2081171" lon="-119.8090298"/>
 <node id="8336689699" visible="true" version="1" changeset="97736297" timestamp="2021-01-19T05:15:51Z" user="sagisa" uid="11705754" lat="39.2081905" lon="-119.8089280"/>
 <node id="8336689700" visible="true" version="1" changeset="97736297" timestamp="2021-01-19T05:15:51Z" user="sagisa" uid="11705754" lat="39.2083383" lon="-119.8088610"/>
 <node id="8336689701" visible="true" version="1" changeset="97736297" timestamp="2021-01-19T05:15:51Z" user="sagisa" uid="11705754" lat="39.2083688" lon="-119.8088460"/>
 <node id="8336689702" visible="true" version="1" changeset="97736297" timestamp="2021-01-19T05:15:51Z" user="sagisa" uid="11705754" lat="39.2077563" lon="-119.8089607"/>
 <node id="8336689703" visible="true" version="1" changeset="97736297" timestamp="2021-01-19T05:15:51Z" user="sagisa" uid="11705754" lat="39.2078306" lon="-119.8088869"/>
 <node id="8336689704" visible="true" version="1" changeset="97736297" timestamp="2021-01-19T05:15:51Z" user="sagisa" uid="11705754" lat="39.2079302" lon="-119.8085540"/>
 <node id="8336689705" visible="true" version="1" changeset="97736297" timestamp="2021-01-19T05:15:51Z" user="sagisa" uid="11705754" lat="39.2079743" lon="-119.8082927"/>
 <node id="8336689706" visible="true" version="1" changeset="97736297" timestamp="2021-01-19T05:15:51Z" user="sagisa" uid="11705754" lat="39.2079955" lon="-119.8078713"/>
 <node id="8336689707" visible="true" version="1" changeset="97736297" timestamp="2021-01-19T05:15:51Z" user="sagisa" uid="11705754" lat="39.2080118" lon="-119.8074099"/>
 <node id="8336689708" visible="true" version="1" changeset="97736297" timestamp="2021-01-19T05:15:51Z" user="sagisa" uid="11705754" lat="39.2080167" lon="-119.8070201"/>
 <node id="8336689709" visible="true" version="1" changeset="97736297" timestamp="2021-01-19T05:15:51Z" user="sagisa" uid="11705754" lat="39.2080249" lon="-119.8069147"/>
 <node id="8336689710" visible="true" version="1" changeset="97736297" timestamp="2021-01-19T05:15:51Z" user="sagisa" uid="11705754" lat="39.2080461" lon="-119.8068073"/>
 <node id="8336728122" visible="true" version="1" changeset="97737299" timestamp="2021-01-19T05:31:33Z" user="vkkasarl" uid="11705757" lat="39.1988166" lon="-119.8091666"/>
 <node id="8336728123" visible="true" version="1" changeset="97737299" timestamp="2021-01-19T05:31:33Z" user="vkkasarl" uid="11705757" lat="39.1988979" lon="-119.8091354"/>
 <node id="8336728124" visible="true" version="1" changeset="97737299" timestamp="2021-01-19T05:31:33Z" user="vkkasarl" uid="11705757" lat="39.1989668" lon="-119.8091166"/>
 <node id="8336728125" visible="true" version="1" changeset="97737299" timestamp="2021-01-19T05:31:33Z" user="vkkasarl" uid="11705757" lat="39.1990323" lon="-119.8090671"/>
 <node id="8336728126" visible="true" version="1" changeset="97737299" timestamp="2021-01-19T05:31:33Z" user="vkkasarl" uid="11705757" lat="39.1990685" lon="-119.8090033"/>
 <node id="8336728127" visible="true" version="1" changeset="97737299" timestamp="2021-01-19T05:31:33Z" user="vkkasarl" uid="11705757" lat="39.1990977" lon="-119.8089189"/>
 <node id="8336728128" visible="true" version="1" changeset="97737299" timestamp="2021-01-19T05:31:33Z" user="vkkasarl" uid="11705757" lat="39.1991465" lon="-119.8088353"/>
 <node id="8336728129" visible="true" version="1" changeset="97737299" timestamp="2021-01-19T05:31:33Z" user="vkkasarl" uid="11705757" lat="39.1991987" lon="-119.8087796"/>
 <node id="8336728130" visible="true" version="1" changeset="97737299" timestamp="2021-01-19T05:31:33Z" user="vkkasarl" uid="11705757" lat="39.1992272" lon="-119.8087625"/>
 <node id="8336728131" visible="true" version="1" changeset="97737299" timestamp="2021-01-19T05:31:33Z" user="vkkasarl" uid="11705757" lat="39.1992927" lon="-119.8087400"/>
 <node id="8336728132" visible="true" version="1" changeset="97737299" timestamp="2021-01-19T05:31:33Z" user="vkkasarl" uid="11705757" lat="39.1994602" lon="-119.8070839"/>
 <node id="8336728133" visible="true" version="1" changeset="97737299" timestamp="2021-01-19T05:31:33Z" user="vkkasarl" uid="11705757" lat="39.1995180" lon="-119.8073119"/>
 <node id="8336728134" visible="true" version="1" changeset="97737299" timestamp="2021-01-19T05:31:33Z" user="vkkasarl" uid="11705757" lat="39.1995476" lon="-119.8074774"/>
 <node id="8336728135" visible="true" version="1" changeset="97737299" timestamp="2021-01-19T05:31:33Z" user="vkkasarl" uid="11705757" lat="39.1995430" lon="-119.8075657"/>
 <node id="8336728136" visible="true" version="1" changeset="97737299" timestamp="2021-01-19T05:31:33Z" user="vkkasarl" uid="11705757" lat="39.1995154" lon="-119.8076234"/>
 <node id="8336728137" visible="true" version="1" changeset="97737299" timestamp="2021-01-19T05:31:33Z" user="vkkasarl" uid="11705757" lat="39.1994102" lon="-119.8076947"/>
 <node id="8336728138" visible="true" version="1" changeset="97737299" timestamp="2021-01-19T05:31:33Z" user="vkkasarl" uid="11705757" lat="39.1993437" lon="-119.8076921"/>
 <node id="8336728139" visible="true" version="1" changeset="97737299" timestamp="2021-01-19T05:31:33Z" user="vkkasarl" uid="11705757" lat="39.1992852" lon="-119.8076369"/>
 <node id="8336728140" visible="true" version="1" changeset="97737299" timestamp="2021-01-19T05:31:33Z" user="vkkasarl" uid="11705757" lat="39.1992201" lon="-119.8075241"/>
 <node id="8336728141" visible="true" version="1" changeset="97737299" timestamp="2021-01-19T05:31:33Z" user="vkkasarl" uid="11705757" lat="39.1991451" lon="-119.8073391"/>
 <node id="8336728142" visible="true" version="1" changeset="97737299" timestamp="2021-01-19T05:31:33Z" user="vkkasarl" uid="11705757" lat="39.1991060" lon="-119.8072478"/>
 <node id="8336728143" visible="true" version="1" changeset="97737299" timestamp="2021-01-19T05:31:33Z" user="vkkasarl" uid="11705757" lat="39.1990421" lon="-119.8072752"/>
 <node id="8336728144" visible="true" version="1" changeset="97737299" timestamp="2021-01-19T05:31:33Z" user="vkkasarl" uid="11705757" lat="39.1990816" lon="-119.8073914"/>
 <node id="8336728145" visible="true" version="1" changeset="97737299" timestamp="2021-01-19T05:31:33Z" user="vkkasarl" uid="11705757" lat="39.1991346" lon="-119.8075558"/>
 <node id="8336728146" visible="true" version="1" changeset="97737299" timestamp="2021-01-19T05:31:33Z" user="vkkasarl" uid="11705757" lat="39.1991932" lon="-119.8077549"/>
 <node id="8336728147" visible="true" version="1" changeset="97737299" timestamp="2021-01-19T05:31:33Z" user="vkkasarl" uid="11705757" lat="39.1992233" lon="-119.8078397"/>
 <node id="8336728148" visible="true" version="1" changeset="97737299" timestamp="2021-01-19T05:31:33Z" user="vkkasarl" uid="11705757" lat="39.1992502" lon="-119.8078805"/>
 <node id="8336728149" visible="true" version="1" changeset="97737299" timestamp="2021-01-19T05:31:33Z" user="vkkasarl" uid="11705757" lat="39.1993056" lon="-119.8079081"/>
 <node id="8336728150" visible="true" version="1" changeset="97737299" timestamp="2021-01-19T05:31:33Z" user="vkkasarl" uid="11705757" lat="39.1993799" lon="-119.8079224"/>
 <node id="8336728151" visible="true" version="1" changeset="97737299" timestamp="2021-01-19T05:31:33Z" user="vkkasarl" uid="11705757" lat="39.1994322" lon="-119.8079530"/>
 <node id="8336728152" visible="true" version="1" changeset="97737299" timestamp="2021-01-19T05:31:33Z" user="vkkasarl" uid="11705757" lat="39.1995626" lon="-119.8080729"/>
 <node id="8336728153" visible="true" version="1" changeset="97737299" timestamp="2021-01-19T05:31:33Z" user="vkkasarl" uid="11705757" lat="39.1995707" lon="-119.8081485"/>
 <node id="8336728154" visible="true" version="1" changeset="97737299" timestamp="2021-01-19T05:31:33Z" user="vkkasarl" uid="11705757" lat="39.1995262" lon="-119.8082179"/>
 <node id="8336728155" visible="true" version="1" changeset="97737299" timestamp="2021-01-19T05:31:33Z" user="vkkasarl" uid="11705757" lat="39.1994718" lon="-119.8082124"/>
 <node id="8336728156" visible="true" version="1" changeset="97737299" timestamp="2021-01-19T05:31:33Z" user="vkkasarl" uid="11705757" lat="39.1994393" lon="-119.8081808"/>
 <node id="8336728157" visible="true" version="1" changeset="97737299" timestamp="2021-01-19T05:31:33Z" user="vkkasarl" uid="11705757" lat="39.1994353" lon="-119.8081246"/>
 <node id="8336728158" visible="true" version="1" changeset="97737299" timestamp="2021-01-19T05:31:33Z" user="vkkasarl" uid="11705757" lat="39.1994433" lon="-119.8080541"/>
 <node id="8336728159" visible="true" version="1" changeset="97737299" timestamp="2021-01-19T05:31:33Z" user="vkkasarl" uid="11705757" lat="39.1994701" lon="-119.8079858"/>
 <node id="8336728160" visible="true" version="1" changeset="97737299" timestamp="2021-01-19T05:31:33Z" user="vkkasarl" uid="11705757" lat="39.1995221" lon="-119.8080195"/>
 <node id="8336767001" visible="true" version="1" changeset="97738601" timestamp="2021-01-19T05:50:49Z" user="vissushm" uid="10086291" lat="39.2054887" lon="-119.8086833"/>
 <node id="8336767002" visible="true" version="1" changeset="97738601" timestamp="2021-01-19T05:50:49Z" user="vissushm" uid="10086291" lat="39.2054499" lon="-119.8086765"/>
 <node id="8336767003" visible="true" version="1" changeset="97738601" timestamp="2021-01-19T05:50:49Z" user="vissushm" uid="10086291" lat="39.2054026" lon="-119.8086819"/>
 <node id="8336767004" visible="true" version="1" changeset="97738601" timestamp="2021-01-19T05:50:49Z" user="vissushm" uid="10086291" lat="39.2052745" lon="-119.8087212"/>
 <node id="8336767005" visible="true" version="1" changeset="97738601" timestamp="2021-01-19T05:50:49Z" user="vissushm" uid="10086291" lat="39.2059529" lon="-119.8106340"/>
 <node id="8336767006" visible="true" version="1" changeset="97738601" timestamp="2021-01-19T05:50:49Z" user="vissushm" uid="10086291" lat="39.2060806" lon="-119.8106438"/>
 <node id="8336767007" visible="true" version="1" changeset="97738601" timestamp="2021-01-19T05:50:49Z" user="vissushm" uid="10086291" lat="39.2061227" lon="-119.8106438"/>
 <node id="8336767008" visible="true" version="1" changeset="97738601" timestamp="2021-01-19T05:50:49Z" user="vissushm" uid="10086291" lat="39.2061626" lon="-119.8106376"/>
 <node id="8336767009" visible="true" version="1" changeset="97738601" timestamp="2021-01-19T05:50:49Z" user="vissushm" uid="10086291" lat="39.2062548" lon="-119.8106246"/>
 <node id="8336767010" visible="true" version="1" changeset="97738601" timestamp="2021-01-19T05:50:49Z" user="vissushm" uid="10086291" lat="39.2063373" lon="-119.8106067"/>
 <node id="8336767011" visible="true" version="1" changeset="97738601" timestamp="2021-01-19T05:50:49Z" user="vissushm" uid="10086291" lat="39.2064468" lon="-119.8105969"/>
 <node id="8336767012" visible="true" version="1" changeset="97738601" timestamp="2021-01-19T05:50:49Z" user="vissushm" uid="10086291" lat="39.2064842" lon="-119.8105994"/>
 <node id="8336767013" visible="true" version="1" changeset="97738601" timestamp="2021-01-19T05:50:49Z" user="vissushm" uid="10086291" lat="39.2065101" lon="-119.8106127"/>
 <node id="8336767014" visible="true" version="1" changeset="97738601" timestamp="2021-01-19T05:50:49Z" user="vissushm" uid="10086291" lat="39.2065393" lon="-119.8106633"/>
 <node id="8337927388" visible="true" version="1" changeset="97765303" timestamp="2021-01-19T11:37:06Z" user="mshahaba" uid="11705799" lat="39.1967896" lon="-119.8100328"/>
 <node id="8337927389" visible="true" version="1" changeset="97765303" timestamp="2021-01-19T11:37:06Z" user="mshahaba" uid="11705799" lat="39.1967138" lon="-119.8101752"/>
 <node id="8337927390" visible="true" version="1" changeset="97765303" timestamp="2021-01-19T11:37:06Z" user="mshahaba" uid="11705799" lat="39.1966351" lon="-119.8103557"/>
 <node id="8337927391" visible="true" version="1" changeset="97765303" timestamp="2021-01-19T11:37:06Z" user="mshahaba" uid="11705799" lat="39.1966064" lon="-119.8104250"/>
 <node id="8337927392" visible="true" version="1" changeset="97765303" timestamp="2021-01-19T11:37:06Z" user="mshahaba" uid="11705799" lat="39.1965727" lon="-119.8104508"/>
 <node id="8337927393" visible="true" version="1" changeset="97765303" timestamp="2021-01-19T11:37:06Z" user="mshahaba" uid="11705799" lat="39.1964752" lon="-119.8104717"/>
 <node id="8337927394" visible="true" version="1" changeset="97765303" timestamp="2021-01-19T11:37:06Z" user="mshahaba" uid="11705799" lat="39.1962991" lon="-119.8105072"/>
 <node id="8338527479" visible="true" version="1" changeset="97772142" timestamp="2021-01-19T13:25:26Z" user="yallasan" uid="11705831" lat="39.1980748" lon="-119.8198195">
  <tag k="barrier" v="gate"/>
 </node>
 <node id="8338527480" visible="true" version="1" changeset="97772142" timestamp="2021-01-19T13:25:26Z" user="yallasan" uid="11705831" lat="39.1980299" lon="-119.8198843"/>
 <node id="8338527481" visible="true" version="1" changeset="97772142" timestamp="2021-01-19T13:25:26Z" user="yallasan" uid="11705831" lat="39.1979583" lon="-119.8199813"/>
 <node id="8338527482" visible="true" version="1" changeset="97772142" timestamp="2021-01-19T13:25:26Z" user="yallasan" uid="11705831" lat="39.1978852" lon="-119.8201134"/>
 <node id="8338527483" visible="true" version="1" changeset="97772142" timestamp="2021-01-19T13:25:26Z" user="yallasan" uid="11705831" lat="39.1978570" lon="-119.8201842"/>
 <node id="8338527484" visible="true" version="1" changeset="97772142" timestamp="2021-01-19T13:25:26Z" user="yallasan" uid="11705831" lat="39.1978507" lon="-119.8202550"/>
 <node id="8338527485" visible="true" version="1" changeset="97772142" timestamp="2021-01-19T13:25:26Z" user="yallasan" uid="11705831" lat="39.1978612" lon="-119.8202988"/>
 <node id="8338527486" visible="true" version="1" changeset="97772142" timestamp="2021-01-19T13:25:26Z" user="yallasan" uid="11705831" lat="39.1978904" lon="-119.8203312"/>
 <node id="8338527487" visible="true" version="1" changeset="97772142" timestamp="2021-01-19T13:25:26Z" user="yallasan" uid="11705831" lat="39.1979301" lon="-119.8203440"/>
 <node id="8338527488" visible="true" version="1" changeset="97772142" timestamp="2021-01-19T13:25:26Z" user="yallasan" uid="11705831" lat="39.1980895" lon="-119.8203500"/>
 <node id="8356589193" visible="true" version="1" changeset="98044701" timestamp="2021-01-24T07:05:52Z" user="larz86" uid="8127210" lat="39.2045461" lon="-119.7925559"/>
 <node id="8356589194" visible="true" version="1" changeset="98044701" timestamp="2021-01-24T07:05:52Z" user="larz86" uid="8127210" lat="39.2045818" lon="-119.7921400"/>
 <node id="8356589199" visible="true" version="1" changeset="98044701" timestamp="2021-01-24T07:05:52Z" user="larz86" uid="8127210" lat="39.2046092" lon="-119.7932096"/>
 <node id="8356589200" visible="true" version="1" changeset="98044701" timestamp="2021-01-24T07:05:52Z" user="larz86" uid="8127210" lat="39.2046083" lon="-119.7932004"/>
 <node id="8356589206" visible="true" version="1" changeset="98044701" timestamp="2021-01-24T07:05:52Z" user="larz86" uid="8127210" lat="39.2048690" lon="-119.7949296"/>
 <node id="8356589207" visible="true" version="1" changeset="98044701" timestamp="2021-01-24T07:05:52Z" user="larz86" uid="8127210" lat="39.2053359" lon="-119.7955401"/>
 <node id="8356589211" visible="true" version="1" changeset="98044701" timestamp="2021-01-24T07:05:52Z" user="larz86" uid="8127210" lat="39.2056253" lon="-119.7957294"/>
 <node id="8356589212" visible="true" version="1" changeset="98044701" timestamp="2021-01-24T07:05:52Z" user="larz86" uid="8127210" lat="39.2058549" lon="-119.7960219"/>
 <node id="8356589213" visible="true" version="1" changeset="98044701" timestamp="2021-01-24T07:05:52Z" user="larz86" uid="8127210" lat="39.2061088" lon="-119.7965979"/>
 <node id="8356589215" visible="true" version="1" changeset="98044701" timestamp="2021-01-24T07:05:52Z" user="larz86" uid="8127210" lat="39.2036280" lon="-119.7899664"/>
 <node id="8356589216" visible="true" version="1" changeset="98044701" timestamp="2021-01-24T07:05:52Z" user="larz86" uid="8127210" lat="39.2027689" lon="-119.7898861"/>
 <node id="8356615617" visible="true" version="1" changeset="98044701" timestamp="2021-01-24T07:05:52Z" user="larz86" uid="8127210" lat="39.2045906" lon="-119.7912432"/>
 <node id="8356615618" visible="true" version="1" changeset="98044701" timestamp="2021-01-24T07:05:52Z" user="larz86" uid="8127210" lat="39.2045426" lon="-119.7909500"/>
 <node id="8356615619" visible="true" version="1" changeset="98044701" timestamp="2021-01-24T07:05:52Z" user="larz86" uid="8127210" lat="39.2044438" lon="-119.7907533"/>
 <node id="8356615620" visible="true" version="1" changeset="98044701" timestamp="2021-01-24T07:05:52Z" user="larz86" uid="8127210" lat="39.2042354" lon="-119.7903783"/>
 <node id="8356615621" visible="true" version="1" changeset="98044701" timestamp="2021-01-24T07:05:52Z" user="larz86" uid="8127210" lat="39.2039734" lon="-119.7900817"/>
 <node id="8356615622" visible="true" version="1" changeset="98044701" timestamp="2021-01-24T07:05:52Z" user="larz86" uid="8127210" lat="39.2037793" lon="-119.7899810"/>
 <node id="8366185449" visible="true" version="1" changeset="98198928" timestamp="2021-01-27T05:24:49Z" user="moalnzn" uid="11705746" lat="39.2017674" lon="-119.8080628"/>
 <node id="8366185450" visible="true" version="1" changeset="98198928" timestamp="2021-01-27T05:24:49Z" user="moalnzn" uid="11705746" lat="39.2016261" lon="-119.8081704"/>
 <node id="8366185451" visible="true" version="1" changeset="98198928" timestamp="2021-01-27T05:24:49Z" user="moalnzn" uid="11705746" lat="39.2015382" lon="-119.8082398"/>
 <node id="8366185452" visible="true" version="1" changeset="98198928" timestamp="2021-01-27T05:24:49Z" user="moalnzn" uid="11705746" lat="39.2015014" lon="-119.8083008"/>
 <node id="8366185453" visible="true" version="1" changeset="98198928" timestamp="2021-01-27T05:24:49Z" user="moalnzn" uid="11705746" lat="39.2014739" lon="-119.8083974"/>
 <node id="8366185454" visible="true" version="1" changeset="98198928" timestamp="2021-01-27T05:24:49Z" user="moalnzn" uid="11705746" lat="39.2014673" lon="-119.8084939"/>
 <node id="8366185455" visible="true" version="1" changeset="98198928" timestamp="2021-01-27T05:24:49Z" user="moalnzn" uid="11705746" lat="39.2014529" lon="-119.8086210"/>
 <node id="8366185456" visible="true" version="1" changeset="98198928" timestamp="2021-01-27T05:24:49Z" user="moalnzn" uid="11705746" lat="39.2020063" lon="-119.8082677"/>
 <node id="8366185457" visible="true" version="1" changeset="98198928" timestamp="2021-01-27T05:24:49Z" user="moalnzn" uid="11705746" lat="39.2019202" lon="-119.8082899"/>
 <node id="8366185458" visible="true" version="1" changeset="98198928" timestamp="2021-01-27T05:24:49Z" user="moalnzn" uid="11705746" lat="39.2018664" lon="-119.8082729"/>
 <node id="8366185459" visible="true" version="1" changeset="98198928" timestamp="2021-01-27T05:24:49Z" user="moalnzn" uid="11705746" lat="39.2018020" lon="-119.8082645"/>
 <node id="8366185460" visible="true" version="1" changeset="98198928" timestamp="2021-01-27T05:24:49Z" user="moalnzn" uid="11705746" lat="39.2017469" lon="-119.8082645"/>
 <node id="8366185461" visible="true" version="1" changeset="98198928" timestamp="2021-01-27T05:24:49Z" user="moalnzn" uid="11705746" lat="39.2017010" lon="-119.8082865"/>
 <node id="8366185462" visible="true" version="1" changeset="98198928" timestamp="2021-01-27T05:24:49Z" user="moalnzn" uid="11705746" lat="39.2016537" lon="-119.8083288"/>
 <node id="8366185463" visible="true" version="1" changeset="98198928" timestamp="2021-01-27T05:24:49Z" user="moalnzn" uid="11705746" lat="39.2016340" lon="-119.8083729"/>
 <node id="8366185464" visible="true" version="1" changeset="98198928" timestamp="2021-01-27T05:24:49Z" user="moalnzn" uid="11705746" lat="39.2016183" lon="-119.8084305"/>
 <node id="8366185465" visible="true" version="1" changeset="98198928" timestamp="2021-01-27T05:24:49Z" user="moalnzn" uid="11705746" lat="39.2016117" lon="-119.8085152"/>
 <node id="8366185466" visible="true" version="1" changeset="98198928" timestamp="2021-01-27T05:24:49Z" user="moalnzn" uid="11705746" lat="39.2016143" lon="-119.8086016"/>
 <node id="8367025847" visible="true" version="1" changeset="98221628" timestamp="2021-01-27T10:31:34Z" user="rpakma" uid="11705758" lat="39.2054746" lon="-119.8059843"/>
 <node id="8367025848" visible="true" version="1" changeset="98221628" timestamp="2021-01-27T10:31:34Z" user="rpakma" uid="11705758" lat="39.2055296" lon="-119.8060358"/>
 <node id="8367025849" visible="true" version="1" changeset="98221628" timestamp="2021-01-27T10:31:34Z" user="rpakma" uid="11705758" lat="39.2055942" lon="-119.8060478"/>
 <node id="8367025850" visible="true" version="1" changeset="98221628" timestamp="2021-01-27T10:31:34Z" user="rpakma" uid="11705758" lat="39.2057634" lon="-119.8060656"/>
 <node id="8367025851" visible="true" version="1" changeset="98221628" timestamp="2021-01-27T10:31:34Z" user="rpakma" uid="11705758" lat="39.2058018" lon="-119.8060815"/>
 <node id="8367025852" visible="true" version="1" changeset="98221628" timestamp="2021-01-27T10:31:34Z" user="rpakma" uid="11705758" lat="39.2058249" lon="-119.8061331"/>
 <node id="8367025853" visible="true" version="1" changeset="98221628" timestamp="2021-01-27T10:31:34Z" user="rpakma" uid="11705758" lat="39.2058311" lon="-119.8062482"/>
 <node id="8367025854" visible="true" version="1" changeset="98221628" timestamp="2021-01-27T10:31:34Z" user="rpakma" uid="11705758" lat="39.2058018" lon="-119.8065757"/>
 <node id="8367025855" visible="true" version="1" changeset="98221628" timestamp="2021-01-27T10:31:34Z" user="rpakma" uid="11705758" lat="39.2058080" lon="-119.8066332"/>
 <node id="8367025856" visible="true" version="1" changeset="98221628" timestamp="2021-01-27T10:31:34Z" user="rpakma" uid="11705758" lat="39.2058403" lon="-119.8066670"/>
 <node id="8367025857" visible="true" version="1" changeset="98221628" timestamp="2021-01-27T10:31:34Z" user="rpakma" uid="11705758" lat="39.2058741" lon="-119.8066551"/>
 <node id="8367025858" visible="true" version="1" changeset="98221628" timestamp="2021-01-27T10:31:34Z" user="rpakma" uid="11705758" lat="39.2059649" lon="-119.8065062"/>
 <node id="8367508767" visible="true" version="1" changeset="98234459" timestamp="2021-01-27T14:01:23Z" user="vbbukka" uid="10159579" lat="39.1896823" lon="-119.7975410"/>
 <node id="8370039041" visible="true" version="1" changeset="98259336" timestamp="2021-01-28T02:58:52Z" user="mshahaba" uid="11705799" lat="39.1926438" lon="-119.7993992"/>
 <node id="8370143906" visible="true" version="1" changeset="98261918" timestamp="2021-01-28T04:05:53Z" user="somaswap" uid="11705745" lat="39.2074402" lon="-119.8135633"/>
 <node id="8370143907" visible="true" version="1" changeset="98261918" timestamp="2021-01-28T04:05:53Z" user="somaswap" uid="11705745" lat="39.2074381" lon="-119.8130264"/>
 <node id="8370525181" visible="true" version="1" changeset="98273740" timestamp="2021-01-28T07:06:17Z" user="mshahaba" uid="11705799" lat="39.1976362" lon="-119.8145593"/>
 <node id="8370525182" visible="true" version="1" changeset="98273740" timestamp="2021-01-28T07:06:17Z" user="mshahaba" uid="11705799" lat="39.1975662" lon="-119.8144502"/>
 <node id="8370525183" visible="true" version="1" changeset="98273740" timestamp="2021-01-28T07:06:17Z" user="mshahaba" uid="11705799" lat="39.1975068" lon="-119.8142150"/>
 <node id="8370525184" visible="true" version="1" changeset="98273740" timestamp="2021-01-28T07:06:17Z" user="mshahaba" uid="11705799" lat="39.1974658" lon="-119.8139561"/>
 <node id="8370525185" visible="true" version="1" changeset="98273740" timestamp="2021-01-28T07:06:17Z" user="mshahaba" uid="11705799" lat="39.1974249" lon="-119.8137672"/>
 <node id="8370525186" visible="true" version="1" changeset="98273740" timestamp="2021-01-28T07:06:17Z" user="mshahaba" uid="11705799" lat="39.1973123" lon="-119.8134805"/>
 <node id="8370525187" visible="true" version="1" changeset="98273740" timestamp="2021-01-28T07:06:17Z" user="mshahaba" uid="11705799" lat="39.1972334" lon="-119.8133154"/>
 <node id="8370525188" visible="true" version="1" changeset="98273740" timestamp="2021-01-28T07:06:17Z" user="mshahaba" uid="11705799" lat="39.1971177" lon="-119.8131859"/>
 <node id="8370525189" visible="true" version="1" changeset="98273740" timestamp="2021-01-28T07:06:17Z" user="mshahaba" uid="11705799" lat="39.1970653" lon="-119.8131749"/>
 <node id="8370525190" visible="true" version="1" changeset="98273740" timestamp="2021-01-28T07:06:17Z" user="mshahaba" uid="11705799" lat="39.1969922" lon="-119.8132192"/>
 <node id="8370525191" visible="true" version="1" changeset="98273740" timestamp="2021-01-28T07:06:17Z" user="mshahaba" uid="11705799" lat="39.1970800" lon="-119.8133405"/>
 <node id="8370999443" visible="true" version="1" changeset="98284541" timestamp="2021-01-28T09:41:15Z" user="leelamrs" uid="10240925" lat="39.2020870" lon="-119.8162227"/>
 <node id="8370999444" visible="true" version="1" changeset="98284541" timestamp="2021-01-28T09:41:15Z" user="leelamrs" uid="10240925" lat="39.2019610" lon="-119.8162254"/>
 <node id="8370999445" visible="true" version="1" changeset="98284541" timestamp="2021-01-28T09:41:15Z" user="leelamrs" uid="10240925" lat="39.2019064" lon="-119.8162430"/>
 <node id="8370999446" visible="true" version="1" changeset="98284541" timestamp="2021-01-28T09:41:15Z" user="leelamrs" uid="10240925" lat="39.2017856" lon="-119.8164205"/>
 <node id="8370999447" visible="true" version="1" changeset="98284541" timestamp="2021-01-28T09:41:15Z" user="leelamrs" uid="10240925" lat="39.2017152" lon="-119.8164802"/>
 <node id="8370999448" visible="true" version="1" changeset="98284541" timestamp="2021-01-28T09:41:15Z" user="leelamrs" uid="10240925" lat="39.2018392" lon="-119.8163418"/>
 <node id="8370999449" visible="true" version="1" changeset="98284541" timestamp="2021-01-28T09:41:15Z" user="leelamrs" uid="10240925" lat="39.2018959" lon="-119.8164463"/>
 <node id="8370999450" visible="true" version="1" changeset="98284541" timestamp="2021-01-28T09:41:15Z" user="leelamrs" uid="10240925" lat="39.2019652" lon="-119.8165127"/>
 <node id="8370999451" visible="true" version="1" changeset="98284541" timestamp="2021-01-28T09:41:15Z" user="leelamrs" uid="10240925" lat="39.2020345" lon="-119.8165059"/>
 <node id="8370999452" visible="true" version="1" changeset="98284541" timestamp="2021-01-28T09:41:15Z" user="leelamrs" uid="10240925" lat="39.2020765" lon="-119.8164490"/>
 <node id="8370999453" visible="true" version="1" changeset="98284541" timestamp="2021-01-28T09:41:15Z" user="leelamrs" uid="10240925" lat="39.2021027" lon="-119.8163392"/>
 <node id="8370999454" visible="true" version="1" changeset="98284541" timestamp="2021-01-28T09:41:15Z" user="leelamrs" uid="10240925" lat="39.2021061" lon="-119.8162041"/>
 <node id="8370999455" visible="true" version="1" changeset="98284541" timestamp="2021-01-28T09:41:15Z" user="leelamrs" uid="10240925" lat="39.2019193" lon="-119.8155900"/>
 <node id="8370999456" visible="true" version="1" changeset="98284541" timestamp="2021-01-28T09:41:15Z" user="leelamrs" uid="10240925" lat="39.2020397" lon="-119.8155787"/>
 <node id="8370999457" visible="true" version="1" changeset="98284541" timestamp="2021-01-28T09:41:15Z" user="leelamrs" uid="10240925" lat="39.2021710" lon="-119.8155837"/>
 <node id="8370999458" visible="true" version="1" changeset="98284541" timestamp="2021-01-28T09:41:15Z" user="leelamrs" uid="10240925" lat="39.2023003" lon="-119.8155964"/>
 <node id="8370999459" visible="true" version="1" changeset="98284541" timestamp="2021-01-28T09:41:15Z" user="leelamrs" uid="10240925" lat="39.2023571" lon="-119.8156216"/>
 <node id="8370999460" visible="true" version="1" changeset="98284541" timestamp="2021-01-28T09:41:15Z" user="leelamrs" uid="10240925" lat="39.2024514" lon="-119.8157260"/>
 <node id="8370999461" visible="true" version="1" changeset="98284541" timestamp="2021-01-28T09:41:15Z" user="leelamrs" uid="10240925" lat="39.2024632" lon="-119.8157950"/>
 <node id="8370999462" visible="true" version="1" changeset="98284541" timestamp="2021-01-28T09:41:15Z" user="leelamrs" uid="10240925" lat="39.2024655" lon="-119.8158647"/>
 <node id="8370999463" visible="true" version="1" changeset="98284541" timestamp="2021-01-28T09:41:15Z" user="leelamrs" uid="10240925" lat="39.2024221" lon="-119.8158967"/>
 <node id="8370999464" visible="true" version="1" changeset="98284541" timestamp="2021-01-28T09:41:15Z" user="leelamrs" uid="10240925" lat="39.2023276" lon="-119.8158567"/>
 <node id="8370999465" visible="true" version="1" changeset="98284541" timestamp="2021-01-28T09:41:15Z" user="leelamrs" uid="10240925" lat="39.2022387" lon="-119.8158073"/>
 <node id="8370999466" visible="true" version="1" changeset="98284541" timestamp="2021-01-28T09:41:15Z" user="leelamrs" uid="10240925" lat="39.2021132" lon="-119.8156679"/>
 <node id="8449673883" visible="true" version="1" changeset="99835013" timestamp="2021-02-23T14:28:12Z" user="agnisn" uid="9951092" lat="39.2054401" lon="-119.8124475"/>
 <node id="8449673884" visible="true" version="1" changeset="99835013" timestamp="2021-02-23T14:28:12Z" user="agnisn" uid="9951092" lat="39.2055210" lon="-119.8125129"/>
 <node id="8449673885" visible="true" version="1" changeset="99835013" timestamp="2021-02-23T14:28:12Z" user="agnisn" uid="9951092" lat="39.2057212" lon="-119.8126483"/>
 <node id="8449673886" visible="true" version="1" changeset="99835013" timestamp="2021-02-23T14:28:12Z" user="agnisn" uid="9951092" lat="39.2057525" lon="-119.8127186"/>
 <node id="8449673887" visible="true" version="1" changeset="99835013" timestamp="2021-02-23T14:28:12Z" user="agnisn" uid="9951092" lat="39.2057457" lon="-119.8127941"/>
 <node id="8449673888" visible="true" version="1" changeset="99835013" timestamp="2021-02-23T14:28:12Z" user="agnisn" uid="9951092" lat="39.2057144" lon="-119.8128873"/>
 <node id="8449673889" visible="true" version="1" changeset="99835013" timestamp="2021-02-23T14:28:12Z" user="agnisn" uid="9951092" lat="39.2056790" lon="-119.8129312"/>
 <node id="8449673890" visible="true" version="1" changeset="99835013" timestamp="2021-02-23T14:28:12Z" user="agnisn" uid="9951092" lat="39.2056327" lon="-119.8129365"/>
 <node id="8449673891" visible="true" version="1" changeset="99835013" timestamp="2021-02-23T14:28:12Z" user="agnisn" uid="9951092" lat="39.2054870" lon="-119.8128750"/>
 <node id="8449673892" visible="true" version="1" changeset="99835013" timestamp="2021-02-23T14:28:12Z" user="agnisn" uid="9951092" lat="39.2053117" lon="-119.8127663"/>
 <node id="8449673893" visible="true" version="1" changeset="99835013" timestamp="2021-02-23T14:28:12Z" user="agnisn" uid="9951092" lat="39.2059473" lon="-119.8128029"/>
 <node id="8449673894" visible="true" version="1" changeset="99835013" timestamp="2021-02-23T14:28:12Z" user="agnisn" uid="9951092" lat="39.2058629" lon="-119.8127238"/>
 <node id="8449673895" visible="true" version="1" changeset="99835013" timestamp="2021-02-23T14:28:12Z" user="agnisn" uid="9951092" lat="39.2060358" lon="-119.8121684"/>
 <node id="8449673896" visible="true" version="1" changeset="99835013" timestamp="2021-02-23T14:28:12Z" user="agnisn" uid="9951092" lat="39.2058833" lon="-119.8121227"/>
 <node id="8449673897" visible="true" version="1" changeset="99835013" timestamp="2021-02-23T14:28:12Z" user="agnisn" uid="9951092" lat="39.2056154" lon="-119.8120131"/>
 <node id="8449673898" visible="true" version="1" changeset="99835013" timestamp="2021-02-23T14:28:12Z" user="agnisn" uid="9951092" lat="39.2058356" lon="-119.8122335"/>
 <node id="8449673899" visible="true" version="1" changeset="99835013" timestamp="2021-02-23T14:28:12Z" user="agnisn" uid="9951092" lat="39.2057907" lon="-119.8123547"/>
 <node id="8449673900" visible="true" version="1" changeset="99835013" timestamp="2021-02-23T14:28:12Z" user="agnisn" uid="9951092" lat="39.2057580" lon="-119.8123864"/>
 <node id="8449673901" visible="true" version="1" changeset="99835013" timestamp="2021-02-23T14:28:12Z" user="agnisn" uid="9951092" lat="39.2057130" lon="-119.8123829"/>
 <node id="8449673902" visible="true" version="1" changeset="99835013" timestamp="2021-02-23T14:28:12Z" user="agnisn" uid="9951092" lat="39.2050321" lon="-119.8125375"/>
 <node id="8449673903" visible="true" version="1" changeset="99835013" timestamp="2021-02-23T14:28:12Z" user="agnisn" uid="9951092" lat="39.2052418" lon="-119.8124092"/>
 <node id="8449673904" visible="true" version="1" changeset="99835013" timestamp="2021-02-23T14:28:12Z" user="agnisn" uid="9951092" lat="39.2053685" lon="-119.8123196"/>
 <node id="8449673905" visible="true" version="1" changeset="99835013" timestamp="2021-02-23T14:28:12Z" user="agnisn" uid="9951092" lat="39.2054230" lon="-119.8123178"/>
 <node id="8449673906" visible="true" version="1" changeset="99835013" timestamp="2021-02-23T14:28:12Z" user="agnisn" uid="9951092" lat="39.2054766" lon="-119.8123541"/>
 <node id="8449673907" visible="true" version="1" changeset="99835013" timestamp="2021-02-23T14:28:12Z" user="agnisn" uid="9951092" lat="39.2049662" lon="-119.8136248"/>
 <node id="8449673908" visible="true" version="1" changeset="99835013" timestamp="2021-02-23T14:28:12Z" user="agnisn" uid="9951092" lat="39.2048932" lon="-119.8135974"/>
 <node id="8449673909" visible="true" version="1" changeset="99835013" timestamp="2021-02-23T14:28:12Z" user="agnisn" uid="9951092" lat="39.2048428" lon="-119.8135394"/>
 <node id="8449673910" visible="true" version="1" changeset="99835013" timestamp="2021-02-23T14:28:12Z" user="agnisn" uid="9951092" lat="39.2048073" lon="-119.8134673"/>
 <node id="8449673911" visible="true" version="1" changeset="99835013" timestamp="2021-02-23T14:28:12Z" user="agnisn" uid="9951092" lat="39.2048073" lon="-119.8133724"/>
 <node id="8449673912" visible="true" version="1" changeset="99835013" timestamp="2021-02-23T14:28:12Z" user="agnisn" uid="9951092" lat="39.2048496" lon="-119.8133021"/>
 <node id="8449673913" visible="true" version="1" changeset="99835013" timestamp="2021-02-23T14:28:12Z" user="agnisn" uid="9951092" lat="39.2049980" lon="-119.8131123"/>
 <node id="8449673914" visible="true" version="1" changeset="99835013" timestamp="2021-02-23T14:28:12Z" user="agnisn" uid="9951092" lat="39.2050593" lon="-119.8130666"/>
 <node id="8449673915" visible="true" version="1" changeset="99835013" timestamp="2021-02-23T14:28:12Z" user="agnisn" uid="9951092" lat="39.2051220" lon="-119.8130472"/>
 <node id="8449673916" visible="true" version="1" changeset="99835013" timestamp="2021-02-23T14:28:12Z" user="agnisn" uid="9951092" lat="39.2051878" lon="-119.8130660"/>
 <node id="8449711917" visible="true" version="1" changeset="99835013" timestamp="2021-02-23T14:28:12Z" user="agnisn" uid="9951092" lat="39.2053892" lon="-119.8145328"/>
 <node id="8449711918" visible="true" version="1" changeset="99835013" timestamp="2021-02-23T14:28:12Z" user="agnisn" uid="9951092" lat="39.2053104" lon="-119.8142905"/>
 <node id="8449711919" visible="true" version="1" changeset="99835013" timestamp="2021-02-23T14:28:12Z" user="agnisn" uid="9951092" lat="39.2053171" lon="-119.8140849"/>
 <node id="8449711920" visible="true" version="1" changeset="99835013" timestamp="2021-02-23T14:28:12Z" user="agnisn" uid="9951092" lat="39.2053054" lon="-119.8139572"/>
 <node id="8449711921" visible="true" version="1" changeset="99835013" timestamp="2021-02-23T14:28:12Z" user="agnisn" uid="9951092" lat="39.2052701" lon="-119.8138707"/>
 <node id="8449711922" visible="true" version="1" changeset="99835013" timestamp="2021-02-23T14:28:12Z" user="agnisn" uid="9951092" lat="39.2051159" lon="-119.8137214"/>
 <node id="8449711923" visible="true" version="1" changeset="99835013" timestamp="2021-02-23T14:28:12Z" user="agnisn" uid="9951092" lat="39.2051388" lon="-119.8134618"/>
 <node id="8449711924" visible="true" version="1" changeset="99835013" timestamp="2021-02-23T14:28:12Z" user="agnisn" uid="9951092" lat="39.2052491" lon="-119.8135058"/>
 <node id="8449711925" visible="true" version="1" changeset="99835013" timestamp="2021-02-23T14:28:12Z" user="agnisn" uid="9951092" lat="39.2053158" lon="-119.8135093"/>
 <node id="8449711926" visible="true" version="1" changeset="99835013" timestamp="2021-02-23T14:28:12Z" user="agnisn" uid="9951092" lat="39.2053839" lon="-119.8134935"/>
 <node id="8449711927" visible="true" version="1" changeset="99835013" timestamp="2021-02-23T14:28:12Z" user="agnisn" uid="9951092" lat="39.2054289" lon="-119.8134654"/>
 <node id="8449711928" visible="true" version="1" changeset="99835013" timestamp="2021-02-23T14:28:12Z" user="agnisn" uid="9951092" lat="39.2054561" lon="-119.8134197"/>
 <node id="8449711929" visible="true" version="1" changeset="99835013" timestamp="2021-02-23T14:28:12Z" user="agnisn" uid="9951092" lat="39.2054752" lon="-119.8133634"/>
 <node id="8449711930" visible="true" version="1" changeset="99835013" timestamp="2021-02-23T14:28:12Z" user="agnisn" uid="9951092" lat="39.2054847" lon="-119.8132984"/>
 <node id="8449711931" visible="true" version="1" changeset="99835013" timestamp="2021-02-23T14:28:12Z" user="agnisn" uid="9951092" lat="39.2054703" lon="-119.8132280"/>
 <node id="8449711932" visible="true" version="1" changeset="99835013" timestamp="2021-02-23T14:28:12Z" user="agnisn" uid="9951092" lat="39.2054371" lon="-119.8131954"/>
 <node id="8449711933" visible="true" version="1" changeset="99835013" timestamp="2021-02-23T14:28:12Z" user="agnisn" uid="9951092" lat="39.2046654" lon="-119.8152091"/>
 <node id="8449711934" visible="true" version="1" changeset="99835013" timestamp="2021-02-23T14:28:12Z" user="agnisn" uid="9951092" lat="39.2044489" lon="-119.8148906"/>
 <node id="8449711935" visible="true" version="1" changeset="99835013" timestamp="2021-02-23T14:28:12Z" user="agnisn" uid="9951092" lat="39.2046561" lon="-119.8150098"/>
 <node id="8449711936" visible="true" version="1" changeset="99835013" timestamp="2021-02-23T14:28:12Z" user="agnisn" uid="9951092" lat="39.2046620" lon="-119.8153065"/>
 <node id="8449711937" visible="true" version="1" changeset="99835013" timestamp="2021-02-23T14:28:12Z" user="agnisn" uid="9951092" lat="39.2047056" lon="-119.8155164"/>
 <node id="8475693024" visible="true" version="1" changeset="100201580" timestamp="2021-03-01T11:36:19Z" user="vissushm" uid="10086291" lat="39.2033248" lon="-119.8117968"/>
 <node id="8475693025" visible="true" version="1" changeset="100201580" timestamp="2021-03-01T11:36:19Z" user="vissushm" uid="10086291" lat="39.2033231" lon="-119.8116801"/>
 <node id="8475693026" visible="true" version="1" changeset="100201580" timestamp="2021-03-01T11:36:19Z" user="vissushm" uid="10086291" lat="39.2033044" lon="-119.8114633"/>
 <node id="8475693027" visible="true" version="1" changeset="100201580" timestamp="2021-03-01T11:36:19Z" user="vissushm" uid="10086291" lat="39.2032881" lon="-119.8113103"/>
 <node id="8475693028" visible="true" version="1" changeset="100201580" timestamp="2021-03-01T11:36:19Z" user="vissushm" uid="10086291" lat="39.2032631" lon="-119.8111379"/>
 <node id="8475693029" visible="true" version="1" changeset="100201580" timestamp="2021-03-01T11:36:19Z" user="vissushm" uid="10086291" lat="39.2032317" lon="-119.8109970"/>
 <node id="8500072304" visible="true" version="1" changeset="100714572" timestamp="2021-03-09T13:33:32Z" user="accheela" uid="10145800" lat="39.2019127" lon="-119.8155537"/>
 <node id="8500072305" visible="true" version="1" changeset="100714572" timestamp="2021-03-09T13:33:32Z" user="accheela" uid="10145800" lat="39.2018403" lon="-119.8155462"/>
 <node id="8500072306" visible="true" version="1" changeset="100714572" timestamp="2021-03-09T13:33:32Z" user="accheela" uid="10145800" lat="39.2017284" lon="-119.8154750"/>
 <node id="8500072307" visible="true" version="1" changeset="100714572" timestamp="2021-03-09T13:33:32Z" user="accheela" uid="10145800" lat="39.2016358" lon="-119.8154060"/>
 <node id="8500072308" visible="true" version="1" changeset="100714572" timestamp="2021-03-09T13:33:32Z" user="accheela" uid="10145800" lat="39.2014762" lon="-119.8153672"/>
 <node id="8500072309" visible="true" version="1" changeset="100714572" timestamp="2021-03-09T13:33:32Z" user="accheela" uid="10145800" lat="39.2013867" lon="-119.8153691"/>
 <node id="8500072310" visible="true" version="1" changeset="100714572" timestamp="2021-03-09T13:33:32Z" user="accheela" uid="10145800" lat="39.2013211" lon="-119.8153499"/>
 <node id="8500072311" visible="true" version="1" changeset="100714572" timestamp="2021-03-09T13:33:32Z" user="accheela" uid="10145800" lat="39.2012644" lon="-119.8153479"/>
 <node id="8500072312" visible="true" version="1" changeset="100714572" timestamp="2021-03-09T13:33:32Z" user="accheela" uid="10145800" lat="39.2012300" lon="-119.8153672"/>
 <node id="8500072313" visible="true" version="1" changeset="100714572" timestamp="2021-03-09T13:33:32Z" user="accheela" uid="10145800" lat="39.2011987" lon="-119.8154249"/>
 <node id="8500072314" visible="true" version="1" changeset="100714572" timestamp="2021-03-09T13:33:32Z" user="accheela" uid="10145800" lat="39.2011853" lon="-119.8155039"/>
 <node id="8500072315" visible="true" version="1" changeset="100714572" timestamp="2021-03-09T13:33:32Z" user="accheela" uid="10145800" lat="39.2011644" lon="-119.8156156"/>
 <node id="8500072316" visible="true" version="1" changeset="100714572" timestamp="2021-03-09T13:33:32Z" user="accheela" uid="10145800" lat="39.2015873" lon="-119.8153789"/>
 <node id="8500113817" visible="true" version="1" changeset="100714572" timestamp="2021-03-09T13:33:32Z" user="accheela" uid="10145800" lat="39.2017697" lon="-119.8135766"/>
 <node id="8500113818" visible="true" version="1" changeset="100714572" timestamp="2021-03-09T13:33:32Z" user="accheela" uid="10145800" lat="39.2015346" lon="-119.8134553"/>
 <node id="8500113819" visible="true" version="1" changeset="100714572" timestamp="2021-03-09T13:33:32Z" user="accheela" uid="10145800" lat="39.2013574" lon="-119.8133658"/>
 <node id="8500162866" visible="true" version="1" changeset="100716101" timestamp="2021-03-09T14:04:09Z" user="karnatim" uid="8446891" lat="39.2068647" lon="-119.8166338"/>
 <node id="8500162867" visible="true" version="1" changeset="100716101" timestamp="2021-03-09T14:04:09Z" user="karnatim" uid="8446891" lat="39.2069345" lon="-119.8165550"/>
 <node id="8500162868" visible="true" version="1" changeset="100716101" timestamp="2021-03-09T14:04:09Z" user="karnatim" uid="8446891" lat="39.2069397" lon="-119.8164222"/>
 <node id="8500162869" visible="true" version="1" changeset="100716101" timestamp="2021-03-09T14:04:09Z" user="karnatim" uid="8446891" lat="39.2068804" lon="-119.8163298"/>
 <node id="8500162870" visible="true" version="1" changeset="100716101" timestamp="2021-03-09T14:04:09Z" user="karnatim" uid="8446891" lat="39.2066658" lon="-119.8162060"/>
 <node id="8500162871" visible="true" version="1" changeset="100716101" timestamp="2021-03-09T14:04:09Z" user="karnatim" uid="8446891" lat="39.2064669" lon="-119.8161339"/>
 <node id="8500162872" visible="true" version="1" changeset="100716101" timestamp="2021-03-09T14:04:09Z" user="karnatim" uid="8446891" lat="39.2064285" lon="-119.8160596"/>
 <node id="8502493742" visible="true" version="1" changeset="100748563" timestamp="2021-03-10T05:19:25Z" user="rnupam" uid="11824322" lat="39.2018950" lon="-119.8118868"/>
 <node id="8502493743" visible="true" version="1" changeset="100748563" timestamp="2021-03-10T05:19:25Z" user="rnupam" uid="11824322" lat="39.2018544" lon="-119.8118508"/>
 <node id="8502493744" visible="true" version="1" changeset="100748563" timestamp="2021-03-10T05:19:25Z" user="rnupam" uid="11824322" lat="39.2018176" lon="-119.8118049"/>
 <node id="8502493745" visible="true" version="1" changeset="100748563" timestamp="2021-03-10T05:19:25Z" user="rnupam" uid="11824322" lat="39.2017630" lon="-119.8117132"/>
 <node id="8502493746" visible="true" version="1" changeset="100748563" timestamp="2021-03-10T05:19:25Z" user="rnupam" uid="11824322" lat="39.2017021" lon="-119.8116216"/>
 <node id="8502493747" visible="true" version="1" changeset="100748563" timestamp="2021-03-10T05:19:25Z" user="rnupam" uid="11824322" lat="39.2016323" lon="-119.8115430"/>
 <node id="8502493748" visible="true" version="1" changeset="100748563" timestamp="2021-03-10T05:19:25Z" user="rnupam" uid="11824322" lat="39.2015968" lon="-119.8114938"/>
 <node id="8502493749" visible="true" version="1" changeset="100748563" timestamp="2021-03-10T05:19:25Z" user="rnupam" uid="11824322" lat="39.2015752" lon="-119.8114464"/>
 <node id="8502493750" visible="true" version="1" changeset="100748563" timestamp="2021-03-10T05:19:25Z" user="rnupam" uid="11824322" lat="39.2015384" lon="-119.8113579"/>
 <node id="8502493751" visible="true" version="1" changeset="100748563" timestamp="2021-03-10T05:19:25Z" user="rnupam" uid="11824322" lat="39.2019484" lon="-119.8114915"/>
 <node id="8502493752" visible="true" version="1" changeset="100748563" timestamp="2021-03-10T05:19:25Z" user="rnupam" uid="11824322" lat="39.2018031" lon="-119.8113027"/>
 <node id="8502493753" visible="true" version="1" changeset="100748563" timestamp="2021-03-10T05:19:25Z" user="rnupam" uid="11824322" lat="39.2016259" lon="-119.8110660"/>
 <node id="8502493754" visible="true" version="1" changeset="100748563" timestamp="2021-03-10T05:19:25Z" user="rnupam" uid="11824322" lat="39.2015207" lon="-119.8109064"/>
 <node id="8502493755" visible="true" version="1" changeset="100748563" timestamp="2021-03-10T05:19:25Z" user="rnupam" uid="11824322" lat="39.2014836" lon="-119.8108040"/>
 <node id="8502493756" visible="true" version="1" changeset="100748563" timestamp="2021-03-10T05:19:25Z" user="rnupam" uid="11824322" lat="39.2014435" lon="-119.8106989"/>
 <node id="8502493757" visible="true" version="1" changeset="100748563" timestamp="2021-03-10T05:19:25Z" user="rnupam" uid="11824322" lat="39.2014064" lon="-119.8106537"/>
 <node id="8502493758" visible="true" version="1" changeset="100748563" timestamp="2021-03-10T05:19:25Z" user="rnupam" uid="11824322" lat="39.2013559" lon="-119.8106045"/>
 <node id="8502493759" visible="true" version="1" changeset="100748563" timestamp="2021-03-10T05:19:25Z" user="rnupam" uid="11824322" lat="39.2012744" lon="-119.8105353"/>
 <node id="8502493760" visible="true" version="1" changeset="100748563" timestamp="2021-03-10T05:19:25Z" user="rnupam" uid="11824322" lat="39.2012435" lon="-119.8104914"/>
 <node id="8502493761" visible="true" version="1" changeset="100748563" timestamp="2021-03-10T05:19:25Z" user="rnupam" uid="11824322" lat="39.2012229" lon="-119.8104342"/>
 <node id="8502493762" visible="true" version="1" changeset="100748563" timestamp="2021-03-10T05:19:25Z" user="rnupam" uid="11824322" lat="39.2012157" lon="-119.8103651"/>
 <node id="8502493763" visible="true" version="1" changeset="100748563" timestamp="2021-03-10T05:19:25Z" user="rnupam" uid="11824322" lat="39.2012147" lon="-119.8102534"/>
 <node id="8502493764" visible="true" version="1" changeset="100748563" timestamp="2021-03-10T05:19:25Z" user="rnupam" uid="11824322" lat="39.2012270" lon="-119.8102254"/>
 <node id="8502493765" visible="true" version="1" changeset="100748563" timestamp="2021-03-10T05:19:25Z" user="rnupam" uid="11824322" lat="39.2012487" lon="-119.8102042"/>
 <node id="8502493766" visible="true" version="1" changeset="100748563" timestamp="2021-03-10T05:19:25Z" user="rnupam" uid="11824322" lat="39.2012796" lon="-119.8101882"/>
 <node id="8502493767" visible="true" version="1" changeset="100748563" timestamp="2021-03-10T05:19:25Z" user="rnupam" uid="11824322" lat="39.2013084" lon="-119.8101895"/>
 <node id="8502493768" visible="true" version="1" changeset="100748563" timestamp="2021-03-10T05:19:25Z" user="rnupam" uid="11824322" lat="39.2013455" lon="-119.8102254"/>
 <node id="8502493769" visible="true" version="1" changeset="100748563" timestamp="2021-03-10T05:19:25Z" user="rnupam" uid="11824322" lat="39.2013749" lon="-119.8123333"/>
 <node id="8502493770" visible="true" version="1" changeset="100748563" timestamp="2021-03-10T05:19:25Z" user="rnupam" uid="11824322" lat="39.2013690" lon="-119.8122130"/>
 <node id="8502493771" visible="true" version="1" changeset="100748563" timestamp="2021-03-10T05:19:25Z" user="rnupam" uid="11824322" lat="39.2013456" lon="-119.8121445"/>
 <node id="8502493772" visible="true" version="1" changeset="100748563" timestamp="2021-03-10T05:19:25Z" user="rnupam" uid="11824322" lat="39.2012862" lon="-119.8120618"/>
 <node id="8502493773" visible="true" version="1" changeset="100748563" timestamp="2021-03-10T05:19:25Z" user="rnupam" uid="11824322" lat="39.2012269" lon="-119.8120215"/>
 <node id="8502493774" visible="true" version="1" changeset="100748563" timestamp="2021-03-10T05:19:25Z" user="rnupam" uid="11824322" lat="39.2011784" lon="-119.8119973"/>
 <node id="8502493775" visible="true" version="1" changeset="100748563" timestamp="2021-03-10T05:19:25Z" user="rnupam" uid="11824322" lat="39.2011086" lon="-119.8119995"/>
 <node id="8502493776" visible="true" version="1" changeset="100748563" timestamp="2021-03-10T05:19:25Z" user="rnupam" uid="11824322" lat="39.2010586" lon="-119.8120379"/>
 <node id="8502493777" visible="true" version="1" changeset="100748563" timestamp="2021-03-10T05:19:25Z" user="rnupam" uid="11824322" lat="39.2010269" lon="-119.8120901"/>
 <node id="8502493778" visible="true" version="1" changeset="100748563" timestamp="2021-03-10T05:19:25Z" user="rnupam" uid="11824322" lat="39.2009910" lon="-119.8121707"/>
 <node id="8502493779" visible="true" version="1" changeset="100748563" timestamp="2021-03-10T05:19:25Z" user="rnupam" uid="11824322" lat="39.2009629" lon="-119.8122533"/>
 <node id="8502493780" visible="true" version="1" changeset="100748563" timestamp="2021-03-10T05:19:25Z" user="rnupam" uid="11824322" lat="39.2010781" lon="-119.8120180"/>
 <node id="8502493781" visible="true" version="1" changeset="100748563" timestamp="2021-03-10T05:19:25Z" user="rnupam" uid="11824322" lat="39.2013180" lon="-119.8120992"/>
 <node id="8502493782" visible="true" version="1" changeset="100748563" timestamp="2021-03-10T05:19:25Z" user="rnupam" uid="11824322" lat="39.2013606" lon="-119.8121777"/>
 <node id="8503201186" visible="true" version="1" changeset="100769493" timestamp="2021-03-10T10:07:21Z" user="srmudava" uid="10145794" lat="39.2080884" lon="-119.8151322"/>
 <node id="8503201187" visible="true" version="1" changeset="100769493" timestamp="2021-03-10T10:07:21Z" user="srmudava" uid="10145794" lat="39.2081492" lon="-119.8152989"/>
 <node id="8503201188" visible="true" version="1" changeset="100769493" timestamp="2021-03-10T10:07:21Z" user="srmudava" uid="10145794" lat="39.2081763" lon="-119.8154937"/>
 <node id="8503201189" visible="true" version="1" changeset="100769493" timestamp="2021-03-10T10:07:21Z" user="srmudava" uid="10145794" lat="39.2081720" lon="-119.8156787"/>
 <node id="8503201190" visible="true" version="1" changeset="100769493" timestamp="2021-03-10T10:07:21Z" user="srmudava" uid="10145794" lat="39.2081698" lon="-119.8159085"/>
 <node id="8503202858" visible="true" version="1" changeset="100769786" timestamp="2021-03-10T10:11:05Z" user="saisidd" uid="11811187" lat="39.1950960" lon="-119.8066593"/>
 <node id="8503202859" visible="true" version="1" changeset="100769786" timestamp="2021-03-10T10:11:05Z" user="saisidd" uid="11811187" lat="39.1950059" lon="-119.8067817"/>
 <node id="8503202860" visible="true" version="1" changeset="100769786" timestamp="2021-03-10T10:11:05Z" user="saisidd" uid="11811187" lat="39.1948518" lon="-119.8069928"/>
 <node id="8503202861" visible="true" version="1" changeset="100769786" timestamp="2021-03-10T10:11:05Z" user="saisidd" uid="11811187" lat="39.1947901" lon="-119.8070816"/>
 <node id="8503202862" visible="true" version="1" changeset="100769786" timestamp="2021-03-10T10:11:05Z" user="saisidd" uid="11811187" lat="39.1947451" lon="-119.8071795"/>
 <node id="8503202863" visible="true" version="1" changeset="100769786" timestamp="2021-03-10T10:11:05Z" user="saisidd" uid="11811187" lat="39.1951655" lon="-119.8068363"/>
 <node id="8503202864" visible="true" version="1" changeset="100769786" timestamp="2021-03-10T10:11:05Z" user="saisidd" uid="11811187" lat="39.1951726" lon="-119.8068791"/>
 <node id="8503202865" visible="true" version="1" changeset="100769786" timestamp="2021-03-10T10:11:05Z" user="saisidd" uid="11811187" lat="39.1952058" lon="-119.8068913"/>
 <node id="8503202866" visible="true" version="1" changeset="100769786" timestamp="2021-03-10T10:11:05Z" user="saisidd" uid="11811187" lat="39.1954508" lon="-119.8067936"/>
 <node id="8708975342" visible="true" version="1" changeset="104306095" timestamp="2021-05-07T09:29:35Z" user="moalnzn" uid="11705746" lat="39.2017832" lon="-119.8134741"/>
 <node id="8708975343" visible="true" version="1" changeset="104306095" timestamp="2021-05-07T09:29:35Z" user="moalnzn" uid="11705746" lat="39.2020916" lon="-119.8133994"/>
 <node id="8708975344" visible="true" version="1" changeset="104306095" timestamp="2021-05-07T09:29:35Z" user="moalnzn" uid="11705746" lat="39.2022765" lon="-119.8133489"/>
 <node id="8708975345" visible="true" version="1" changeset="104306095" timestamp="2021-05-07T09:29:35Z" user="moalnzn" uid="11705746" lat="39.2023480" lon="-119.8132705"/>
 <node id="8708975346" visible="true" version="1" changeset="104306095" timestamp="2021-05-07T09:29:35Z" user="moalnzn" uid="11705746" lat="39.2023912" lon="-119.8131643"/>
 <node id="8708975347" visible="true" version="1" changeset="104306095" timestamp="2021-05-07T09:29:35Z" user="moalnzn" uid="11705746" lat="39.2023817" lon="-119.8130407"/>
 <node id="8708975348" visible="true" version="1" changeset="104306095" timestamp="2021-05-07T09:29:35Z" user="moalnzn" uid="11705746" lat="39.2023143" lon="-119.8129833"/>
 <node id="8708975349" visible="true" version="1" changeset="104306095" timestamp="2021-05-07T09:29:35Z" user="moalnzn" uid="11705746" lat="39.2021739" lon="-119.8129328"/>
 <node id="8708975350" visible="true" version="1" changeset="104306095" timestamp="2021-05-07T09:29:35Z" user="moalnzn" uid="11705746" lat="39.2020619" lon="-119.8129415"/>
 <node id="8894835912" visible="true" version="1" changeset="107435407" timestamp="2021-07-05T11:06:12Z" user="sagisa" uid="11705754" lat="39.1978023" lon="-119.8124699"/>
 <node id="8894835913" visible="true" version="1" changeset="107435407" timestamp="2021-07-05T11:06:12Z" user="sagisa" uid="11705754" lat="39.1977125" lon="-119.8123870"/>
 <node id="8894835914" visible="true" version="1" changeset="107435407" timestamp="2021-07-05T11:06:12Z" user="sagisa" uid="11705754" lat="39.1976428" lon="-119.8123770"/>
 <node id="8894835915" visible="true" version="1" changeset="107435407" timestamp="2021-07-05T11:06:12Z" user="sagisa" uid="11705754" lat="39.1974500" lon="-119.8124456"/>
 <node id="8925451306" visible="true" version="1" changeset="108086725" timestamp="2021-07-16T05:10:17Z" user="gadipeh" uid="11711294" lat="39.2018528" lon="-119.8152224"/>
 <node id="8925451307" visible="true" version="1" changeset="108086725" timestamp="2021-07-16T05:10:17Z" user="gadipeh" uid="11711294" lat="39.2019816" lon="-119.8150844"/>
 <node id="8925451308" visible="true" version="1" changeset="108086725" timestamp="2021-07-16T05:10:17Z" user="gadipeh" uid="11711294" lat="39.2020606" lon="-119.8150307"/>
 <node id="8925451309" visible="true" version="1" changeset="108086725" timestamp="2021-07-16T05:10:17Z" user="gadipeh" uid="11711294" lat="39.2021977" lon="-119.8149985"/>
 <node id="8925451310" visible="true" version="1" changeset="108086725" timestamp="2021-07-16T05:10:17Z" user="gadipeh" uid="11711294" lat="39.2023640" lon="-119.8149968"/>
 <node id="8925451311" visible="true" version="1" changeset="108086725" timestamp="2021-07-16T05:10:17Z" user="gadipeh" uid="11711294" lat="39.2017861" lon="-119.8147890"/>
 <node id="8925451312" visible="true" version="1" changeset="108086725" timestamp="2021-07-16T05:10:17Z" user="gadipeh" uid="11711294" lat="39.2018997" lon="-119.8147854"/>
 <node id="8925451313" visible="true" version="1" changeset="108086725" timestamp="2021-07-16T05:10:17Z" user="gadipeh" uid="11711294" lat="39.2020111" lon="-119.8148130"/>
 <node id="8925451314" visible="true" version="1" changeset="108086725" timestamp="2021-07-16T05:10:17Z" user="gadipeh" uid="11711294" lat="39.2021653" lon="-119.8149147"/>
 <node id="8925451315" visible="true" version="1" changeset="108086725" timestamp="2021-07-16T05:10:17Z" user="gadipeh" uid="11711294" lat="39.2022722" lon="-119.8149977"/>
 <node id="8925451316" visible="true" version="1" changeset="108086725" timestamp="2021-07-16T05:10:17Z" user="gadipeh" uid="11711294" lat="39.2019554" lon="-119.8147985"/>
 <node id="8925458117" visible="true" version="1" changeset="108086725" timestamp="2021-07-16T05:10:17Z" user="gadipeh" uid="11711294" lat="39.2018451" lon="-119.8147807"/>
 <node id="9066412418" visible="true" version="1" changeset="110795773" timestamp="2021-09-06T10:57:22Z" user="vissushm" uid="10086291" lat="39.1986612" lon="-119.8165558"/>
 <node id="9066412419" visible="true" version="1" changeset="110795773" timestamp="2021-09-06T10:57:22Z" user="vissushm" uid="10086291" lat="39.1986722" lon="-119.8165564"/>
 <node id="9066412420" visible="true" version="1" changeset="110795773" timestamp="2021-09-06T10:57:22Z" user="vissushm" uid="10086291" lat="39.1986932" lon="-119.8165658"/>
 <node id="9066412421" visible="true" version="1" changeset="110795773" timestamp="2021-09-06T10:57:22Z" user="vissushm" uid="10086291" lat="39.1987211" lon="-119.8165800"/>
 <node id="9066412422" visible="true" version="1" changeset="110795773" timestamp="2021-09-06T10:57:22Z" user="vissushm" uid="10086291" lat="39.1987408" lon="-119.8165853"/>
 <node id="9066412423" visible="true" version="1" changeset="110795773" timestamp="2021-09-06T10:57:22Z" user="vissushm" uid="10086291" lat="39.1987691" lon="-119.8165817"/>
 <node id="9066412424" visible="true" version="1" changeset="110795773" timestamp="2021-09-06T10:57:22Z" user="vissushm" uid="10086291" lat="39.1987833" lon="-119.8165776"/>
 <node id="9066412425" visible="true" version="1" changeset="110795773" timestamp="2021-09-06T10:57:22Z" user="vissushm" uid="10086291" lat="39.1988002" lon="-119.8165634"/>
 <node id="9066412426" visible="true" version="1" changeset="110795773" timestamp="2021-09-06T10:57:22Z" user="vissushm" uid="10086291" lat="39.1988253" lon="-119.8165286"/>
 <node id="9066412427" visible="true" version="1" changeset="110795773" timestamp="2021-09-06T10:57:22Z" user="vissushm" uid="10086291" lat="39.1988409" lon="-119.8164991"/>
 <node id="9066412428" visible="true" version="1" changeset="110795773" timestamp="2021-09-06T10:57:22Z" user="vissushm" uid="10086291" lat="39.1988455" lon="-119.8164767"/>
 <node id="9066412429" visible="true" version="1" changeset="110795773" timestamp="2021-09-06T10:57:22Z" user="vissushm" uid="10086291" lat="39.1988441" lon="-119.8164567"/>
 <node id="9066412430" visible="true" version="1" changeset="110795773" timestamp="2021-09-06T10:57:22Z" user="vissushm" uid="10086291" lat="39.1988345" lon="-119.8164413"/>
 <node id="9066412431" visible="true" version="1" changeset="110795773" timestamp="2021-09-06T10:57:22Z" user="vissushm" uid="10086291" lat="39.1988116" lon="-119.8164177"/>
 <node id="9066412432" visible="true" version="1" changeset="110795773" timestamp="2021-09-06T10:57:22Z" user="vissushm" uid="10086291" lat="39.1987901" lon="-119.8164154"/>
 <node id="9066412433" visible="true" version="1" changeset="110795773" timestamp="2021-09-06T10:57:22Z" user="vissushm" uid="10086291" lat="39.1987481" lon="-119.8164378"/>
 <node id="9066412434" visible="true" version="1" changeset="110795773" timestamp="2021-09-06T10:57:22Z" user="vissushm" uid="10086291" lat="39.1987156" lon="-119.8164655"/>
 <node id="9066412435" visible="true" version="1" changeset="110795773" timestamp="2021-09-06T10:57:22Z" user="vissushm" uid="10086291" lat="39.1986955" lon="-119.8164921"/>
 <node id="9853996118" visible="true" version="1" changeset="122970080" timestamp="2022-06-28T18:48:42Z" user="Sequencer" uid="9232223" lat="39.2009148" lon="-119.8319122"/>
 <node id="9853996123" visible="true" version="1" changeset="122970080" timestamp="2022-06-28T18:48:42Z" user="Sequencer" uid="9232223" lat="39.2008566" lon="-119.8320450"/>
 <node id="9853996124" visible="true" version="1" changeset="122970080" timestamp="2022-06-28T18:48:42Z" user="Sequencer" uid="9232223" lat="39.2007786" lon="-119.8323280"/>
 <node id="9853996125" visible="true" version="1" changeset="122970080" timestamp="2022-06-28T18:48:42Z" user="Sequencer" uid="9232223" lat="39.2006830" lon="-119.8326485"/>
 <node id="9853996126" visible="true" version="1" changeset="122970080" timestamp="2022-06-28T18:48:42Z" user="Sequencer" uid="9232223" lat="39.2004575" lon="-119.8329248"/>
 <node id="9853996127" visible="true" version="1" changeset="122970080" timestamp="2022-06-28T18:48:42Z" user="Sequencer" uid="9232223" lat="39.2002278" lon="-119.8330629"/>
 <node id="9853996128" visible="true" version="1" changeset="122970080" timestamp="2022-06-28T18:48:42Z" user="Sequencer" uid="9232223" lat="39.1999638" lon="-119.8331098"/>
 <node id="9853996129" visible="true" version="1" changeset="122970080" timestamp="2022-06-28T18:48:42Z" user="Sequencer" uid="9232223" lat="39.1997726" lon="-119.8330562"/>
 <node id="9853996130" visible="true" version="1" changeset="122970080" timestamp="2022-06-28T18:48:42Z" user="Sequencer" uid="9232223" lat="39.1993600" lon="-119.8329543"/>
 <node id="9853996131" visible="true" version="1" changeset="122970080" timestamp="2022-06-28T18:48:42Z" user="Sequencer" uid="9232223" lat="39.1992145" lon="-119.8329730"/>
 <node id="9853996132" visible="true" version="1" changeset="122970080" timestamp="2022-06-28T18:48:42Z" user="Sequencer" uid="9232223" lat="39.1989505" lon="-119.8330589"/>
 <node id="9853996133" visible="true" version="1" changeset="122970080" timestamp="2022-06-28T18:48:42Z" user="Sequencer" uid="9232223" lat="39.1985452" lon="-119.8331554"/>
 <node id="9853996134" visible="true" version="1" changeset="122970080" timestamp="2022-06-28T18:48:42Z" user="Sequencer" uid="9232223" lat="39.1984298" lon="-119.8331755"/>
 <node id="9853996135" visible="true" version="1" changeset="122970080" timestamp="2022-06-28T18:48:42Z" user="Sequencer" uid="9232223" lat="39.1983425" lon="-119.8332171"/>
 <node id="9853996136" visible="true" version="1" changeset="122970080" timestamp="2022-06-28T18:48:42Z" user="Sequencer" uid="9232223" lat="39.1981523" lon="-119.8334317"/>
 <node id="9853996137" visible="true" version="1" changeset="122970080" timestamp="2022-06-28T18:48:42Z" user="Sequencer" uid="9232223" lat="39.1980817" lon="-119.8335631"/>
 <node id="9853996138" visible="true" version="1" changeset="122970080" timestamp="2022-06-28T18:48:42Z" user="Sequencer" uid="9232223" lat="39.1980235" lon="-119.8336919"/>
 <node id="9853996139" visible="true" version="1" changeset="122970080" timestamp="2022-06-28T18:48:42Z" user="Sequencer" uid="9232223" lat="39.1980152" lon="-119.8338890"/>
 <node id="9853996140" visible="true" version="1" changeset="122970080" timestamp="2022-06-28T18:48:42Z" user="Sequencer" uid="9232223" lat="39.1980391" lon="-119.8340043"/>
 <node id="9853996141" visible="true" version="1" changeset="122970080" timestamp="2022-06-28T18:48:42Z" user="Sequencer" uid="9232223" lat="39.1981783" lon="-119.8344845"/>
 <node id="9853996142" visible="true" version="1" changeset="122970080" timestamp="2022-06-28T18:48:42Z" user="Sequencer" uid="9232223" lat="39.1984122" lon="-119.8352475"/>
 <node id="9853996143" visible="true" version="1" changeset="122970080" timestamp="2022-06-28T18:48:42Z" user="Sequencer" uid="9232223" lat="39.1985909" lon="-119.8357317"/>
 <node id="9853996144" visible="true" version="1" changeset="122970080" timestamp="2022-06-28T18:48:42Z" user="Sequencer" uid="9232223" lat="39.1983820" lon="-119.8360093"/>
 <node id="9853996145" visible="true" version="1" changeset="122970080" timestamp="2022-06-28T18:48:42Z" user="Sequencer" uid="9232223" lat="39.1982771" lon="-119.8361582"/>
 <node id="9853996146" visible="true" version="1" changeset="122970080" timestamp="2022-06-28T18:48:42Z" user="Sequencer" uid="9232223" lat="39.1981440" lon="-119.8363271"/>
 <node id="9853996147" visible="true" version="1" changeset="122970080" timestamp="2022-06-28T18:48:42Z" user="Sequencer" uid="9232223" lat="39.1982095" lon="-119.8365913"/>
 <node id="9853996148" visible="true" version="1" changeset="122970080" timestamp="2022-06-28T18:48:42Z" user="Sequencer" uid="9232223" lat="39.1983072" lon="-119.8367362"/>
 <node id="9853996149" visible="true" version="1" changeset="122970080" timestamp="2022-06-28T18:48:42Z" user="Sequencer" uid="9232223" lat="39.1984163" lon="-119.8369494"/>
 <node id="9853996150" visible="true" version="1" changeset="122970080" timestamp="2022-06-28T18:48:42Z" user="Sequencer" uid="9232223" lat="39.1984506" lon="-119.8371130"/>
 <node id="9853996151" visible="true" version="1" changeset="122970080" timestamp="2022-06-28T18:48:42Z" user="Sequencer" uid="9232223" lat="39.1985369" lon="-119.8373155"/>
 <node id="9853996152" visible="true" version="1" changeset="122970080" timestamp="2022-06-28T18:48:42Z" user="Sequencer" uid="9232223" lat="39.1986730" lon="-119.8374711"/>
 <node id="9853996153" visible="true" version="1" changeset="122970080" timestamp="2022-06-28T18:48:42Z" user="Sequencer" uid="9232223" lat="39.1988476" lon="-119.8376951"/>
 <node id="9853996154" visible="true" version="1" changeset="122970080" timestamp="2022-06-28T18:48:42Z" user="Sequencer" uid="9232223" lat="39.1990202" lon="-119.8380250"/>
 <node id="9853996155" visible="true" version="1" changeset="122970080" timestamp="2022-06-28T18:48:42Z" user="Sequencer" uid="9232223" lat="39.1991127" lon="-119.8381323"/>
 <node id="12381276740" visible="true" version="1" changeset="159683429" timestamp="2024-11-28T02:22:57Z" user="Angry_Tau" uid="21869141" lat="39.2066539" lon="-119.8033202"/>
 <node id="12381276741" visible="true" version="1" changeset="159683429" timestamp="2024-11-28T02:22:57Z" user="Angry_Tau" uid="21869141" lat="39.2067068" lon="-119.8031651"/>
 <node id="12381276742" visible="true" version="1" changeset="159683429" timestamp="2024-11-28T02:22:57Z" user="Angry_Tau" uid="21869141" lat="39.2066275" lon="-119.8031205"/>
 <node id="12381276743" visible="true" version="1" changeset="159683429" timestamp="2024-11-28T02:22:57Z" user="Angry_Tau" uid="21869141" lat="39.2066259" lon="-119.8031252"/>
 <node id="12381276744" visible="true" version="1" changeset="159683429" timestamp="2024-11-28T02:22:57Z" user="Angry_Tau" uid="21869141" lat="39.2066205" lon="-119.8031221"/>
 <node id="12381276745" visible="true" version="1" changeset="159683429" timestamp="2024-11-28T02:22:57Z" user="Angry_Tau" uid="21869141" lat="39.2066091" lon="-119.8031557"/>
 <node id="12381276746" visible="true" version="1" changeset="159683429" timestamp="2024-11-28T02:22:57Z" user="Angry_Tau" uid="21869141" lat="39.2066026" lon="-119.8031521"/>
 <node id="12381276747" visible="true" version="1" changeset="159683429" timestamp="2024-11-28T02:22:57Z" user="Angry_Tau" uid="21869141" lat="39.2065739" lon="-119.8032363"/>
 <node id="12381276748" visible="true" version="1" changeset="159683429" timestamp="2024-11-28T02:22:57Z" user="Angry_Tau" uid="21869141" lat="39.2065717" lon="-119.8032351"/>
 <node id="12381276749" visible="true" version="1" changeset="159683429" timestamp="2024-11-28T02:22:57Z" user="Angry_Tau" uid="21869141" lat="39.2065602" lon="-119.8032669"/>
 <node id="12381276750" visible="true" version="1" changeset="159683429" timestamp="2024-11-28T02:22:57Z" user="Angry_Tau" uid="21869141" lat="39.2066266" lon="-119.8033047"/>
 <node id="12555846797" visible="true" version="1" changeset="162110875" timestamp="2025-02-04T05:40:41Z" user="jake-low" uid="8794039" lat="39.2189674" lon="-119.7941922"/>
 <node id="12555846798" visible="true" version="1" changeset="162110875" timestamp="2025-02-04T05:40:41Z" user="jake-low" uid="8794039" lat="39.2189135" lon="-119.7988472"/>
 <node id="12555846802" visible="true" version="2" changeset="165256651" timestamp="2025-04-21T20:09:54Z" user="idkwhatname2use" uid="16305471" lat="39.2116650" lon="-119.7988756"/>
 <node id="12555846803" visible="true" version="1" changeset="162110875" timestamp="2025-02-04T05:40:41Z" user="jake-low" uid="8794039" lat="39.2116485" lon="-119.8035258"/>
 <node id="12555846804" visible="true" version="1" changeset="162110875" timestamp="2025-02-04T05:40:41Z" user="jake-low" uid="8794039" lat="39.2085537" lon="-119.8035332"/>
 <node id="12555846805" visible="true" version="1" changeset="162110875" timestamp="2025-02-04T05:40:41Z" user="jake-low" uid="8794039" lat="39.2090134" lon="-119.8044194"/>
 <node id="12555846806" visible="true" version="1" changeset="162110875" timestamp="2025-02-04T05:40:41Z" user="jake-low" uid="8794039" lat="39.2107946" lon="-119.8040156"/>
 <node id="12555846807" visible="true" version="1" changeset="162110875" timestamp="2025-02-04T05:40:41Z" user="jake-low" uid="8794039" lat="39.2116250" lon="-119.8037752"/>
 <node id="12555846808" visible="true" version="1" changeset="162110875" timestamp="2025-02-04T05:40:41Z" user="jake-low" uid="8794039" lat="39.2130943" lon="-119.8031943"/>
 <node id="12555846809" visible="true" version="1" changeset="162110875" timestamp="2025-02-04T05:40:41Z" user="jake-low" uid="8794039" lat="39.2136285" lon="-119.8030139"/>
 <node id="12555846810" visible="true" version="1" changeset="162110875" timestamp="2025-02-04T05:40:41Z" user="jake-low" uid="8794039" lat="39.2135584" lon="-119.8026710"/>
 <node id="12555846811" visible="true" version="1" changeset="162110875" timestamp="2025-02-04T05:40:41Z" user="jake-low" uid="8794039" lat="39.2137672" lon="-119.8025115"/>
 <node id="12555846812" visible="true" version="1" changeset="162110875" timestamp="2025-02-04T05:40:41Z" user="jake-low" uid="8794039" lat="39.2139714" lon="-119.8024766"/>
 <node id="12555846813" visible="true" version="1" changeset="162110875" timestamp="2025-02-04T05:40:41Z" user="jake-low" uid="8794039" lat="39.2152944" lon="-119.8021692"/>
 <node id="12555846814" visible="true" version="1" changeset="162110875" timestamp="2025-02-04T05:40:41Z" user="jake-low" uid="8794039" lat="39.2165182" lon="-119.8015809"/>
 <node id="12555846815" visible="true" version="1" changeset="162110875" timestamp="2025-02-04T05:40:41Z" user="jake-low" uid="8794039" lat="39.2211992" lon="-119.8000339"/>
 <node id="12555846816" visible="true" version="1" changeset="162110875" timestamp="2025-02-04T05:40:41Z" user="jake-low" uid="8794039" lat="39.2212974" lon="-119.7999863"/>
 <node id="12555846817" visible="true" version="1" changeset="162110875" timestamp="2025-02-04T05:40:41Z" user="jake-low" uid="8794039" lat="39.2213933" lon="-119.7999319"/>
 <node id="12555846818" visible="true" version="1" changeset="162110875" timestamp="2025-02-04T05:40:41Z" user="jake-low" uid="8794039" lat="39.2214867" lon="-119.7998708"/>
 <node id="12555846819" visible="true" version="1" changeset="162110875" timestamp="2025-02-04T05:40:41Z" user="jake-low" uid="8794039" lat="39.2215774" lon="-119.7998031"/>
 <node id="12555846820" visible="true" version="1" changeset="162110875" timestamp="2025-02-04T05:40:41Z" user="jake-low" uid="8794039" lat="39.2216650" lon="-119.7997291"/>
 <node id="12555846821" visible="true" version="1" changeset="162110875" timestamp="2025-02-04T05:40:41Z" user="jake-low" uid="8794039" lat="39.2217493" lon="-119.7996490"/>
 <node id="12555846822" visible="true" version="1" changeset="162110875" timestamp="2025-02-04T05:40:41Z" user="jake-low" uid="8794039" lat="39.2218301" lon="-119.7995631"/>
 <node id="12555846823" visible="true" version="1" changeset="162110875" timestamp="2025-02-04T05:40:41Z" user="jake-low" uid="8794039" lat="39.2235667" lon="-119.7971963"/>
 <node id="12555846824" visible="true" version="1" changeset="162110875" timestamp="2025-02-04T05:40:41Z" user="jake-low" uid="8794039" lat="39.2236767" lon="-119.7970666"/>
 <node id="12555846825" visible="true" version="1" changeset="162110875" timestamp="2025-02-04T05:40:41Z" user="jake-low" uid="8794039" lat="39.2237913" lon="-119.7969436"/>
 <node id="12555846826" visible="true" version="1" changeset="162110875" timestamp="2025-02-04T05:40:41Z" user="jake-low" uid="8794039" lat="39.2239102" lon="-119.7968275"/>
 <node id="12555846827" visible="true" version="1" changeset="162110875" timestamp="2025-02-04T05:40:41Z" user="jake-low" uid="8794039" lat="39.2240331" lon="-119.7967186"/>
 <node id="12555846828" visible="true" version="1" changeset="162110875" timestamp="2025-02-04T05:40:41Z" user="jake-low" uid="8794039" lat="39.2244199" lon="-119.7963550"/>
 <node id="12555846829" visible="true" version="1" changeset="162110875" timestamp="2025-02-04T05:40:41Z" user="jake-low" uid="8794039" lat="39.2245252" lon="-119.7962436"/>
 <node id="12555846830" visible="true" version="1" changeset="162110875" timestamp="2025-02-04T05:40:41Z" user="jake-low" uid="8794039" lat="39.2246264" lon="-119.7961261"/>
 <node id="12555846831" visible="true" version="1" changeset="162110875" timestamp="2025-02-04T05:40:41Z" user="jake-low" uid="8794039" lat="39.2247233" lon="-119.7960028"/>
 <node id="12555846832" visible="true" version="1" changeset="162110875" timestamp="2025-02-04T05:40:41Z" user="jake-low" uid="8794039" lat="39.2248157" lon="-119.7958739"/>
 <node id="12555846833" visible="true" version="1" changeset="162110875" timestamp="2025-02-04T05:40:41Z" user="jake-low" uid="8794039" lat="39.2249034" lon="-119.7957397"/>
 <node id="12555846834" visible="true" version="1" changeset="162110875" timestamp="2025-02-04T05:40:41Z" user="jake-low" uid="8794039" lat="39.2249862" lon="-119.7956005"/>
 <node id="12555846835" visible="true" version="1" changeset="162110875" timestamp="2025-02-04T05:40:41Z" user="jake-low" uid="8794039" lat="39.2250640" lon="-119.7954565"/>
 <node id="12555846836" visible="true" version="1" changeset="162110875" timestamp="2025-02-04T05:40:41Z" user="jake-low" uid="8794039" lat="39.2257308" lon="-119.7941671"/>
 <node id="12555846837" visible="true" version="1" changeset="162110875" timestamp="2025-02-04T05:40:41Z" user="jake-low" uid="8794039" lat="39.2241705" lon="-119.7941605"/>
 <node id="12595941823" visible="true" version="1" changeset="162616138" timestamp="2025-02-17T14:41:08Z" user="Drewarner" uid="12297477" lat="39.2028605" lon="-119.8163903"/>
 <node id="12595941824" visible="true" version="1" changeset="162616138" timestamp="2025-02-17T14:41:08Z" user="Drewarner" uid="12297477" lat="39.2029069" lon="-119.8165324"/>
 <node id="12595941825" visible="true" version="1" changeset="162616138" timestamp="2025-02-17T14:41:08Z" user="Drewarner" uid="12297477" lat="39.2030141" lon="-119.8166952"/>
 <node id="12964897448" visible="true" version="1" changeset="168321493" timestamp="2025-06-30T18:06:30Z" user="btwhite92" uid="730573" lat="39.2091370" lon="-119.8014330"/>
 <node id="12964897449" visible="true" version="1" changeset="168321493" timestamp="2025-06-30T18:06:30Z" user="btwhite92" uid="730573" lat="39.2091035" lon="-119.8015147"/>
 <node id="12964897450" visible="true" version="1" changeset="168321493" timestamp="2025-06-30T18:06:30Z" user="btwhite92" uid="730573" lat="39.2088846" lon="-119.8021242"/>
 <node id="12964897451" visible="true" version="1" changeset="168321493" timestamp="2025-06-30T18:06:30Z" user="btwhite92" uid="730573" lat="39.2110412" lon="-119.7995883"/>
 <node id="12964897452" visible="true" version="1" changeset="168321493" timestamp="2025-06-30T18:06:30Z" user="btwhite92" uid="730573" lat="39.2107780" lon="-119.8000974"/>
 <node id="12964897453" visible="true" version="1" changeset="168321493" timestamp="2025-06-30T18:06:30Z" user="btwhite92" uid="730573" lat="39.2115062" lon="-119.7988505"/>
 <node id="12964897454" visible="true" version="1" changeset="168321493" timestamp="2025-06-30T18:06:30Z" user="btwhite92" uid="730573" lat="39.2114573" lon="-119.7988878"/>
 <node id="12964897455" visible="true" version="1" changeset="168321493" timestamp="2025-06-30T18:06:30Z" user="btwhite92" uid="730573" lat="39.2112701" lon="-119.7991167"/>
 <node id="13156110602" visible="true" version="1" changeset="172176191" timestamp="2025-09-19T18:00:40Z" user="Joseph R P" uid="10944197" lat="39.2076875" lon="-119.8034799">
  <tag k="barrier" v="cattle_grid"/>
 </node>
 <node id="13156110603" visible="true" version="1" changeset="172176191" timestamp="2025-09-19T18:00:40Z" user="Joseph R P" uid="10944197" lat="39.2077204" lon="-119.8037107">
  <tag k="direction" v="backward"/>
  <tag k="highway" v="stop"/>
 </node>
 <node id="13417010799" visible="true" version="1" changeset="176604185" timestamp="2025-12-30T00:06:55Z" user="larz86" uid="8127210" lat="39.2157062" lon="-119.8019233"/>
 <node id="13417010800" visible="true" version="1" changeset="176604185" timestamp="2025-12-30T00:06:55Z" user="larz86" uid="8127210" lat="39.2089750" lon="-119.8055467"/>
 <node id="13417010801" visible="true" version="1" changeset="176604185" timestamp="2025-12-30T00:06:55Z" user="larz86" uid="8127210" lat="39.2083360" lon="-119.8048093"/>
 <node id="13417010802" visible="true" version="1" changeset="176604185" timestamp="2025-12-30T00:06:55Z" user="larz86" uid="8127210" lat="39.2078153" lon="-119.8040136"/>
 <node id="13417010803" visible="true" version="1" changeset="176604185" timestamp="2025-12-30T00:06:55Z" user="larz86" uid="8127210" lat="39.2076762" lon="-119.8038365"/>
 <node id="13417010804" visible="true" version="1" changeset="176604185" timestamp="2025-12-30T00:06:55Z" user="larz86" uid="8127210" lat="39.2075813" lon="-119.8038910"/>
 <node id="13417010805" visible="true" version="1" changeset="176604185" timestamp="2025-12-30T00:06:55Z" user="larz86" uid="8127210" lat="39.2075989" lon="-119.8046235"/>
 <node id="13417010806" visible="true" version="1" changeset="176604185" timestamp="2025-12-30T00:06:55Z" user="larz86" uid="8127210" lat="39.2080331" lon="-119.8052156"/>
 <node id="13417010807" visible="true" version="1" changeset="176604185" timestamp="2025-12-30T00:06:55Z" user="larz86" uid="8127210" lat="39.2075286" lon="-119.8061670"/>
 <node id="13417010808" visible="true" version="1" changeset="176604185" timestamp="2025-12-30T00:06:55Z" user="larz86" uid="8127210" lat="39.2074719" lon="-119.8057424"/>
 <node id="13417010809" visible="true" version="1" changeset="176604185" timestamp="2025-12-30T00:06:55Z" user="larz86" uid="8127210" lat="39.2075772" lon="-119.8057987"/>
 <node id="13417010810" visible="true" version="1" changeset="176604185" timestamp="2025-12-30T00:06:55Z" user="larz86" uid="8127210" lat="39.2075143" lon="-119.8059947"/>
 <node id="13417010811" visible="true" version="1" changeset="176604185" timestamp="2025-12-30T00:06:55Z" user="larz86" uid="8127210" lat="39.2074090" lon="-119.8059384"/>
 <node id="13417010812" visible="true" version="1" changeset="176604185" timestamp="2025-12-30T00:06:55Z" user="larz86" uid="8127210" lat="39.2078929" lon="-119.8058103"/>
 <node id="13417010813" visible="true" version="1" changeset="176604185" timestamp="2025-12-30T00:06:55Z" user="larz86" uid="8127210" lat="39.2079225" lon="-119.8058728"/>
 <node id="13417010814" visible="true" version="1" changeset="176604185" timestamp="2025-12-30T00:06:55Z" user="larz86" uid="8127210" lat="39.2079907" lon="-119.8058192"/>
 <node id="13417010815" visible="true" version="1" changeset="176604185" timestamp="2025-12-30T00:06:55Z" user="larz86" uid="8127210" lat="39.2080295" lon="-119.8059013"/>
 <node id="13417010816" visible="true" version="1" changeset="176604185" timestamp="2025-12-30T00:06:55Z" user="larz86" uid="8127210" lat="39.2080037" lon="-119.8059216"/>
 <node id="13417010817" visible="true" version="1" changeset="176604185" timestamp="2025-12-30T00:06:55Z" user="larz86" uid="8127210" lat="39.2080324" lon="-119.8059822"/>
 <node id="13417010818" visible="true" version="1" changeset="176604185" timestamp="2025-12-30T00:06:55Z" user="larz86" uid="8127210" lat="39.2079263" lon="-119.8060657"/>
 <node id="13417010819" visible="true" version="1" changeset="176604185" timestamp="2025-12-30T00:06:55Z" user="larz86" uid="8127210" lat="39.2078773" lon="-119.8059620"/>
 <node id="13417010820" visible="true" version="1" changeset="176604185" timestamp="2025-12-30T00:06:55Z" user="larz86" uid="8127210" lat="39.2078516" lon="-119.8059823"/>
 <node id="13417010821" visible="true" version="1" changeset="176604185" timestamp="2025-12-30T00:06:55Z" user="larz86" uid="8127210" lat="39.2078035" lon="-119.8058806"/>
 <node id="13417010822" visible="true" version="1" changeset="176604185" timestamp="2025-12-30T00:06:55Z" user="larz86" uid="8127210" lat="39.2085578" lon="-119.8053964"/>
 <node id="13417010823" visible="true" version="1" changeset="176604185" timestamp="2025-12-30T00:06:55Z" user="larz86" uid="8127210" lat="39.2085637" lon="-119.8054599"/>
 <node id="13417010824" visible="true" version="1" changeset="176604185" timestamp="2025-12-30T00:06:55Z" user="larz86" uid="8127210" lat="39.2086444" lon="-119.8054473"/>
 <node id="13417010825" visible="true" version="1" changeset="176604185" timestamp="2025-12-30T00:06:55Z" user="larz86" uid="8127210" lat="39.2086600" lon="-119.8056150"/>
 <node id="13417010826" visible="true" version="1" changeset="176604185" timestamp="2025-12-30T00:06:55Z" user="larz86" uid="8127210" lat="39.2084900" lon="-119.8056414"/>
 <node id="13417010827" visible="true" version="1" changeset="176604185" timestamp="2025-12-30T00:06:55Z" user="larz86" uid="8127210" lat="39.2084684" lon="-119.8054103"/>
 <node id="13417010828" visible="true" version="1" changeset="176604185" timestamp="2025-12-30T00:06:55Z" user="larz86" uid="8127210" lat="39.2078387" lon="-119.8066647"/>
 <node id="13417010829" visible="true" version="1" changeset="176604185" timestamp="2025-12-30T00:06:55Z" user="larz86" uid="8127210" lat="39.2079609" lon="-119.8066740"/>
 <node id="13417010830" visible="true" version="1" changeset="176604185" timestamp="2025-12-30T00:06:55Z" user="larz86" uid="8127210" lat="39.2079571" lon="-119.8067569"/>
 <node id="13417010831" visible="true" version="1" changeset="176604185" timestamp="2025-12-30T00:06:55Z" user="larz86" uid="8127210" lat="39.2080407" lon="-119.8067633"/>
 <node id="13417010832" visible="true" version="1" changeset="176604185" timestamp="2025-12-30T00:06:55Z" user="larz86" uid="8127210" lat="39.2080366" lon="-119.8068515"/>
 <node id="13417010833" visible="true" version="1" changeset="176604185" timestamp="2025-12-30T00:06:55Z" user="larz86" uid="8127210" lat="39.2079530" lon="-119.8068451"/>
 <node id="13417010834" visible="true" version="1" changeset="176604185" timestamp="2025-12-30T00:06:55Z" user="larz86" uid="8127210" lat="39.2079496" lon="-119.8069199"/>
 <node id="13417010835" visible="true" version="1" changeset="176604185" timestamp="2025-12-30T00:06:55Z" user="larz86" uid="8127210" lat="39.2078274" lon="-119.8069106"/>
 <node id="13417010836" visible="true" version="1" changeset="176604185" timestamp="2025-12-30T00:06:55Z" user="larz86" uid="8127210" lat="39.2075721" lon="-119.8045090"/>
 <node id="13417010837" visible="true" version="1" changeset="176604185" timestamp="2025-12-30T00:06:55Z" user="larz86" uid="8127210" lat="39.2075125" lon="-119.8044812"/>
 <node id="13417010838" visible="true" version="1" changeset="176604185" timestamp="2025-12-30T00:06:55Z" user="larz86" uid="8127210" lat="39.2075278" lon="-119.8044267"/>
 <node id="13417010839" visible="true" version="1" changeset="176604185" timestamp="2025-12-30T00:06:55Z" user="larz86" uid="8127210" lat="39.2074238" lon="-119.8043781"/>
 <node id="13417010840" visible="true" version="1" changeset="176604185" timestamp="2025-12-30T00:06:55Z" user="larz86" uid="8127210" lat="39.2074510" lon="-119.8042808"/>
 <node id="13417010841" visible="true" version="1" changeset="176604185" timestamp="2025-12-30T00:06:55Z" user="larz86" uid="8127210" lat="39.2075190" lon="-119.8043126"/>
 <node id="13417010842" visible="true" version="1" changeset="176604185" timestamp="2025-12-30T00:06:55Z" user="larz86" uid="8127210" lat="39.2075017" lon="-119.8043743"/>
 <node id="13417010843" visible="true" version="1" changeset="176604185" timestamp="2025-12-30T00:06:55Z" user="larz86" uid="8127210" lat="39.2075422" lon="-119.8043931"/>
 <node id="13417010844" visible="true" version="1" changeset="176604185" timestamp="2025-12-30T00:06:55Z" user="larz86" uid="8127210" lat="39.2075561" lon="-119.8043433"/>
 <node id="13417010845" visible="true" version="1" changeset="176604185" timestamp="2025-12-30T00:06:55Z" user="larz86" uid="8127210" lat="39.2076113" lon="-119.8043690"/>
 <node id="13417010846" visible="true" version="1" changeset="176604185" timestamp="2025-12-30T00:06:55Z" user="larz86" uid="8127210" lat="39.2068783" lon="-119.8066432"/>
 <node id="13417010847" visible="true" version="1" changeset="176604185" timestamp="2025-12-30T00:06:55Z" user="larz86" uid="8127210" lat="39.2070270" lon="-119.8067092"/>
 <node id="13417010848" visible="true" version="1" changeset="176604185" timestamp="2025-12-30T00:06:55Z" user="larz86" uid="8127210" lat="39.2070089" lon="-119.8067772"/>
 <node id="13417010849" visible="true" version="1" changeset="176604185" timestamp="2025-12-30T00:06:55Z" user="larz86" uid="8127210" lat="39.2070312" lon="-119.8067871"/>
 <node id="13417010850" visible="true" version="1" changeset="176604185" timestamp="2025-12-30T00:06:55Z" user="larz86" uid="8127210" lat="39.2070082" lon="-119.8068735"/>
 <node id="13417010851" visible="true" version="1" changeset="176604185" timestamp="2025-12-30T00:06:55Z" user="larz86" uid="8127210" lat="39.2068372" lon="-119.8067976"/>
 <node id="13417010852" visible="true" version="1" changeset="176604185" timestamp="2025-12-30T00:06:55Z" user="larz86" uid="8127210" lat="39.2071277" lon="-119.8069752"/>
 <node id="13417010853" visible="true" version="1" changeset="176604185" timestamp="2025-12-30T00:06:55Z" user="larz86" uid="8127210" lat="39.2070926" lon="-119.8069480"/>
 <node id="13417010854" visible="true" version="1" changeset="176604185" timestamp="2025-12-30T00:06:55Z" user="larz86" uid="8127210" lat="39.2070702" lon="-119.8069959"/>
 <node id="13417010855" visible="true" version="1" changeset="176604185" timestamp="2025-12-30T00:06:55Z" user="larz86" uid="8127210" lat="39.2070062" lon="-119.8069462"/>
 <node id="13417010856" visible="true" version="1" changeset="176604185" timestamp="2025-12-30T00:06:55Z" user="larz86" uid="8127210" lat="39.2070732" lon="-119.8068025"/>
 <node id="13417010857" visible="true" version="1" changeset="176604185" timestamp="2025-12-30T00:06:55Z" user="larz86" uid="8127210" lat="39.2071724" lon="-119.8068795"/>
 <node id="13417010858" visible="true" version="1" changeset="176604185" timestamp="2025-12-30T00:06:55Z" user="larz86" uid="8127210" lat="39.2074348" lon="-119.8079294"/>
 <node id="13417010859" visible="true" version="1" changeset="176604185" timestamp="2025-12-30T00:06:55Z" user="larz86" uid="8127210" lat="39.2073067" lon="-119.8078453"/>
 <node id="13417010860" visible="true" version="1" changeset="176604185" timestamp="2025-12-30T00:06:55Z" user="larz86" uid="8127210" lat="39.2072949" lon="-119.8078752"/>
 <node id="13417010861" visible="true" version="1" changeset="176604185" timestamp="2025-12-30T00:06:55Z" user="larz86" uid="8127210" lat="39.2072265" lon="-119.8078303"/>
 <node id="13417010862" visible="true" version="1" changeset="176604185" timestamp="2025-12-30T00:06:55Z" user="larz86" uid="8127210" lat="39.2072932" lon="-119.8076611"/>
 <node id="13417010863" visible="true" version="1" changeset="176604185" timestamp="2025-12-30T00:06:55Z" user="larz86" uid="8127210" lat="39.2074055" lon="-119.8077348"/>
 <node id="13417010864" visible="true" version="1" changeset="176604185" timestamp="2025-12-30T00:06:55Z" user="larz86" uid="8127210" lat="39.2074069" lon="-119.8077313"/>
 <node id="13417010865" visible="true" version="1" changeset="176604185" timestamp="2025-12-30T00:06:55Z" user="larz86" uid="8127210" lat="39.2074911" lon="-119.8077866"/>
 <node id="13417010866" visible="true" version="1" changeset="176604185" timestamp="2025-12-30T00:06:55Z" user="larz86" uid="8127210" lat="39.2066170" lon="-119.8077529"/>
 <node id="13417010867" visible="true" version="1" changeset="176604185" timestamp="2025-12-30T00:06:55Z" user="larz86" uid="8127210" lat="39.2066791" lon="-119.8077406"/>
 <node id="13417010868" visible="true" version="1" changeset="176604185" timestamp="2025-12-30T00:06:55Z" user="larz86" uid="8127210" lat="39.2066747" lon="-119.8077039"/>
 <node id="13417010869" visible="true" version="1" changeset="176604185" timestamp="2025-12-30T00:06:55Z" user="larz86" uid="8127210" lat="39.2067141" lon="-119.8076960"/>
 <node id="13417010870" visible="true" version="1" changeset="176604185" timestamp="2025-12-30T00:06:55Z" user="larz86" uid="8127210" lat="39.2067119" lon="-119.8076777"/>
 <node id="13417010871" visible="true" version="1" changeset="176604185" timestamp="2025-12-30T00:06:55Z" user="larz86" uid="8127210" lat="39.2068946" lon="-119.8076413"/>
 <node id="13417010872" visible="true" version="1" changeset="176604185" timestamp="2025-12-30T00:06:55Z" user="larz86" uid="8127210" lat="39.2069093" lon="-119.8077644"/>
 <node id="13417010873" visible="true" version="1" changeset="176604185" timestamp="2025-12-30T00:06:55Z" user="larz86" uid="8127210" lat="39.2067997" lon="-119.8077863"/>
 <node id="13417010874" visible="true" version="1" changeset="176604185" timestamp="2025-12-30T00:06:55Z" user="larz86" uid="8127210" lat="39.2068035" lon="-119.8078177"/>
 <node id="13417010875" visible="true" version="1" changeset="176604185" timestamp="2025-12-30T00:06:55Z" user="larz86" uid="8127210" lat="39.2066289" lon="-119.8078525"/>
 <node id="13417010876" visible="true" version="1" changeset="176604185" timestamp="2025-12-30T00:06:55Z" user="larz86" uid="8127210" lat="39.2082932" lon="-119.8112671"/>
 <node id="13417010877" visible="true" version="1" changeset="176604185" timestamp="2025-12-30T00:06:55Z" user="larz86" uid="8127210" lat="39.2082931" lon="-119.8111572"/>
 <node id="13417010878" visible="true" version="1" changeset="176604185" timestamp="2025-12-30T00:06:55Z" user="larz86" uid="8127210" lat="39.2082495" lon="-119.8111572"/>
 <node id="13417010879" visible="true" version="1" changeset="176604185" timestamp="2025-12-30T00:06:55Z" user="larz86" uid="8127210" lat="39.2082494" lon="-119.8108863"/>
 <node id="13417010880" visible="true" version="1" changeset="176604185" timestamp="2025-12-30T00:06:55Z" user="larz86" uid="8127210" lat="39.2083544" lon="-119.8108862"/>
 <node id="13417010881" visible="true" version="1" changeset="176604185" timestamp="2025-12-30T00:06:55Z" user="larz86" uid="8127210" lat="39.2083544" lon="-119.8110214"/>
 <node id="13417010882" visible="true" version="1" changeset="176604185" timestamp="2025-12-30T00:06:55Z" user="larz86" uid="8127210" lat="39.2083710" lon="-119.8110214"/>
 <node id="13417010883" visible="true" version="1" changeset="176604185" timestamp="2025-12-30T00:06:55Z" user="larz86" uid="8127210" lat="39.2083711" lon="-119.8112671"/>
 <node id="13417010884" visible="true" version="1" changeset="176604185" timestamp="2025-12-30T00:06:55Z" user="larz86" uid="8127210" lat="39.2088022" lon="-119.8111782"/>
 <node id="13417010885" visible="true" version="1" changeset="176604185" timestamp="2025-12-30T00:06:55Z" user="larz86" uid="8127210" lat="39.2088977" lon="-119.8111736"/>
 <node id="13417010886" visible="true" version="1" changeset="176604185" timestamp="2025-12-30T00:06:55Z" user="larz86" uid="8127210" lat="39.2088994" lon="-119.8112341"/>
 <node id="13417010887" visible="true" version="1" changeset="176604185" timestamp="2025-12-30T00:06:55Z" user="larz86" uid="8127210" lat="39.2089523" lon="-119.8112315"/>
 <node id="13417010888" visible="true" version="1" changeset="176604185" timestamp="2025-12-30T00:06:55Z" user="larz86" uid="8127210" lat="39.2089568" lon="-119.8113880"/>
 <node id="13417010889" visible="true" version="1" changeset="176604185" timestamp="2025-12-30T00:06:55Z" user="larz86" uid="8127210" lat="39.2088084" lon="-119.8113951"/>
 <node id="13417010890" visible="true" version="1" changeset="176604185" timestamp="2025-12-30T00:06:55Z" user="larz86" uid="8127210" lat="39.2085072" lon="-119.8102362"/>
 <node id="13417010891" visible="true" version="1" changeset="176604185" timestamp="2025-12-30T00:06:55Z" user="larz86" uid="8127210" lat="39.2085613" lon="-119.8102369"/>
 <node id="13417010892" visible="true" version="1" changeset="176604185" timestamp="2025-12-30T00:06:55Z" user="larz86" uid="8127210" lat="39.2085603" lon="-119.8103672"/>
 <node id="13417010893" visible="true" version="1" changeset="176604185" timestamp="2025-12-30T00:06:55Z" user="larz86" uid="8127210" lat="39.2084793" lon="-119.8103662"/>
 <node id="13417010894" visible="true" version="1" changeset="176604185" timestamp="2025-12-30T00:06:55Z" user="larz86" uid="8127210" lat="39.2084801" lon="-119.8102467"/>
 <node id="13417010895" visible="true" version="1" changeset="176604185" timestamp="2025-12-30T00:06:55Z" user="larz86" uid="8127210" lat="39.2084074" lon="-119.8102458"/>
 <node id="13417010896" visible="true" version="1" changeset="176604185" timestamp="2025-12-30T00:06:55Z" user="larz86" uid="8127210" lat="39.2084089" lon="-119.8100339"/>
 <node id="13417010897" visible="true" version="1" changeset="176604185" timestamp="2025-12-30T00:06:55Z" user="larz86" uid="8127210" lat="39.2085377" lon="-119.8100354"/>
 <node id="13417010898" visible="true" version="1" changeset="176604185" timestamp="2025-12-30T00:06:55Z" user="larz86" uid="8127210" lat="39.2085373" lon="-119.8100944"/>
 <node id="13417010899" visible="true" version="1" changeset="176604185" timestamp="2025-12-30T00:06:55Z" user="larz86" uid="8127210" lat="39.2085082" lon="-119.8100941"/>
 <node id="13417010900" visible="true" version="1" changeset="176604185" timestamp="2025-12-30T00:06:55Z" user="larz86" uid="8127210" lat="39.2084781" lon="-119.8089616"/>
 <node id="13417010901" visible="true" version="1" changeset="176604185" timestamp="2025-12-30T00:06:55Z" user="larz86" uid="8127210" lat="39.2085453" lon="-119.8092622"/>
 <node id="13417010902" visible="true" version="1" changeset="176604185" timestamp="2025-12-30T00:06:55Z" user="larz86" uid="8127210" lat="39.2084973" lon="-119.8092801"/>
 <node id="13417010903" visible="true" version="1" changeset="176604185" timestamp="2025-12-30T00:06:55Z" user="larz86" uid="8127210" lat="39.2084918" lon="-119.8092553"/>
 <node id="13417010904" visible="true" version="1" changeset="176604185" timestamp="2025-12-30T00:06:55Z" user="larz86" uid="8127210" lat="39.2084304" lon="-119.8092782"/>
 <node id="13417010905" visible="true" version="1" changeset="176604185" timestamp="2025-12-30T00:06:55Z" user="larz86" uid="8127210" lat="39.2083977" lon="-119.8091321"/>
 <node id="13417010906" visible="true" version="1" changeset="176604185" timestamp="2025-12-30T00:06:55Z" user="larz86" uid="8127210" lat="39.2084361" lon="-119.8091178"/>
 <node id="13417010907" visible="true" version="1" changeset="176604185" timestamp="2025-12-30T00:06:55Z" user="larz86" uid="8127210" lat="39.2084071" lon="-119.8089881"/>
 <node id="13417010908" visible="true" version="1" changeset="176604185" timestamp="2025-12-30T00:06:55Z" user="larz86" uid="8127210" lat="39.2088856" lon="-119.8090355"/>
 <node id="13417010909" visible="true" version="1" changeset="176604185" timestamp="2025-12-30T00:06:55Z" user="larz86" uid="8127210" lat="39.2089399" lon="-119.8092723"/>
 <node id="13417010910" visible="true" version="1" changeset="176604185" timestamp="2025-12-30T00:06:55Z" user="larz86" uid="8127210" lat="39.2090030" lon="-119.8092482"/>
 <node id="13417010911" visible="true" version="1" changeset="176604185" timestamp="2025-12-30T00:06:55Z" user="larz86" uid="8127210" lat="39.2090312" lon="-119.8093715"/>
 <node id="13417010912" visible="true" version="1" changeset="176604185" timestamp="2025-12-30T00:06:55Z" user="larz86" uid="8127210" lat="39.2089490" lon="-119.8094029"/>
 <node id="13417010913" visible="true" version="1" changeset="176604185" timestamp="2025-12-30T00:06:55Z" user="larz86" uid="8127210" lat="39.2089366" lon="-119.8093487"/>
 <node id="13417010914" visible="true" version="1" changeset="176604185" timestamp="2025-12-30T00:06:55Z" user="larz86" uid="8127210" lat="39.2088965" lon="-119.8093640"/>
 <node id="13417010915" visible="true" version="1" changeset="176604185" timestamp="2025-12-30T00:06:55Z" user="larz86" uid="8127210" lat="39.2088846" lon="-119.8093122"/>
 <node id="13417010916" visible="true" version="1" changeset="176604185" timestamp="2025-12-30T00:06:55Z" user="larz86" uid="8127210" lat="39.2088502" lon="-119.8093253"/>
 <node id="13417010917" visible="true" version="1" changeset="176604185" timestamp="2025-12-30T00:06:55Z" user="larz86" uid="8127210" lat="39.2087920" lon="-119.8090713"/>
 <node id="13417010918" visible="true" version="1" changeset="176604185" timestamp="2025-12-30T00:06:55Z" user="larz86" uid="8127210" lat="39.2090379" lon="-119.8098707"/>
 <node id="13417010919" visible="true" version="1" changeset="176604185" timestamp="2025-12-30T00:06:55Z" user="larz86" uid="8127210" lat="39.2090756" lon="-119.8101047"/>
 <node id="13417010920" visible="true" version="1" changeset="176604185" timestamp="2025-12-30T00:06:55Z" user="larz86" uid="8127210" lat="39.2089860" lon="-119.8101287"/>
 <node id="13417010921" visible="true" version="1" changeset="176604185" timestamp="2025-12-30T00:06:55Z" user="larz86" uid="8127210" lat="39.2089483" lon="-119.8098948"/>
 <node id="13417010922" visible="true" version="1" changeset="176604185" timestamp="2025-12-30T00:06:55Z" user="larz86" uid="8127210" lat="39.2081805" lon="-119.8120617"/>
 <node id="13417010923" visible="true" version="1" changeset="176604185" timestamp="2025-12-30T00:06:55Z" user="larz86" uid="8127210" lat="39.2083056" lon="-119.8118628"/>
 <node id="13417010924" visible="true" version="1" changeset="176604185" timestamp="2025-12-30T00:06:55Z" user="larz86" uid="8127210" lat="39.2083200" lon="-119.8118779"/>
 <node id="13417010925" visible="true" version="1" changeset="176604185" timestamp="2025-12-30T00:06:55Z" user="larz86" uid="8127210" lat="39.2084176" lon="-119.8117226"/>
 <node id="13417010926" visible="true" version="1" changeset="176604185" timestamp="2025-12-30T00:06:55Z" user="larz86" uid="8127210" lat="39.2084909" lon="-119.8117993"/>
 <node id="13417010927" visible="true" version="1" changeset="176604185" timestamp="2025-12-30T00:06:55Z" user="larz86" uid="8127210" lat="39.2084157" lon="-119.8119190"/>
 <node id="13417010928" visible="true" version="1" changeset="176604185" timestamp="2025-12-30T00:06:55Z" user="larz86" uid="8127210" lat="39.2084420" lon="-119.8119466"/>
 <node id="13417010929" visible="true" version="1" changeset="176604185" timestamp="2025-12-30T00:06:55Z" user="larz86" uid="8127210" lat="39.2083932" lon="-119.8120242"/>
 <node id="13417010930" visible="true" version="1" changeset="176604185" timestamp="2025-12-30T00:06:55Z" user="larz86" uid="8127210" lat="39.2083681" lon="-119.8119980"/>
 <node id="13417010931" visible="true" version="1" changeset="176604185" timestamp="2025-12-30T00:06:55Z" user="larz86" uid="8127210" lat="39.2083214" lon="-119.8120724"/>
 <node id="13417010932" visible="true" version="1" changeset="176604185" timestamp="2025-12-30T00:06:55Z" user="larz86" uid="8127210" lat="39.2083728" lon="-119.8121262"/>
 <node id="13417010933" visible="true" version="1" changeset="176604185" timestamp="2025-12-30T00:06:55Z" user="larz86" uid="8127210" lat="39.2083209" lon="-119.8122087"/>
 <node id="13417010934" visible="true" version="1" changeset="176604185" timestamp="2025-12-30T00:06:55Z" user="larz86" uid="8127210" lat="39.2075100" lon="-119.8111139"/>
 <node id="13417010935" visible="true" version="1" changeset="176604185" timestamp="2025-12-30T00:06:55Z" user="larz86" uid="8127210" lat="39.2075056" lon="-119.8109307"/>
 <node id="13417010936" visible="true" version="1" changeset="176604185" timestamp="2025-12-30T00:06:55Z" user="larz86" uid="8127210" lat="39.2075027" lon="-119.8109404"/>
 <node id="13417010937" visible="true" version="1" changeset="176604185" timestamp="2025-12-30T00:06:55Z" user="larz86" uid="8127210" lat="39.2074984" lon="-119.8107607"/>
 <node id="13417010938" visible="true" version="1" changeset="176604185" timestamp="2025-12-30T00:06:55Z" user="larz86" uid="8127210" lat="39.2075380" lon="-119.8106258"/>
 <node id="13417010939" visible="true" version="1" changeset="176604185" timestamp="2025-12-30T00:06:55Z" user="larz86" uid="8127210" lat="39.2076188" lon="-119.8106653"/>
 <node id="13417010940" visible="true" version="1" changeset="176604185" timestamp="2025-12-30T00:06:55Z" user="larz86" uid="8127210" lat="39.2076192" lon="-119.8106822"/>
 <node id="13417010941" visible="true" version="1" changeset="176604185" timestamp="2025-12-30T00:06:55Z" user="larz86" uid="8127210" lat="39.2075788" lon="-119.8108195"/>
 <node id="13417010942" visible="true" version="1" changeset="176604185" timestamp="2025-12-30T00:06:55Z" user="larz86" uid="8127210" lat="39.2075806" lon="-119.8108945"/>
 <node id="13417010943" visible="true" version="1" changeset="176604185" timestamp="2025-12-30T00:06:55Z" user="larz86" uid="8127210" lat="39.2076216" lon="-119.8109145"/>
 <node id="13417010944" visible="true" version="1" changeset="176604185" timestamp="2025-12-30T00:06:55Z" user="larz86" uid="8127210" lat="39.2076233" lon="-119.8109863"/>
 <node id="13417010945" visible="true" version="1" changeset="176604185" timestamp="2025-12-30T00:06:55Z" user="larz86" uid="8127210" lat="39.2076099" lon="-119.8110321"/>
 <node id="13417010946" visible="true" version="1" changeset="176604185" timestamp="2025-12-30T00:06:55Z" user="larz86" uid="8127210" lat="39.2076117" lon="-119.8111098"/>
 <node id="13417010947" visible="true" version="1" changeset="176604185" timestamp="2025-12-30T00:06:55Z" user="larz86" uid="8127210" lat="39.2076272" lon="-119.8116640"/>
 <node id="13417010948" visible="true" version="1" changeset="176604185" timestamp="2025-12-30T00:06:55Z" user="larz86" uid="8127210" lat="39.2077102" lon="-119.8116672"/>
 <node id="13417010949" visible="true" version="1" changeset="176604185" timestamp="2025-12-30T00:06:55Z" user="larz86" uid="8127210" lat="39.2077035" lon="-119.8119523"/>
 <node id="13417010950" visible="true" version="1" changeset="176604185" timestamp="2025-12-30T00:06:55Z" user="larz86" uid="8127210" lat="39.2076205" lon="-119.8119491"/>
 <node id="13417010951" visible="true" version="1" changeset="176604185" timestamp="2025-12-30T00:06:55Z" user="larz86" uid="8127210" lat="39.2074595" lon="-119.8090188"/>
 <node id="13417010952" visible="true" version="1" changeset="176604185" timestamp="2025-12-30T00:06:55Z" user="larz86" uid="8127210" lat="39.2075352" lon="-119.8090815"/>
 <node id="13417010953" visible="true" version="1" changeset="176604185" timestamp="2025-12-30T00:06:55Z" user="larz86" uid="8127210" lat="39.2073968" lon="-119.8093603"/>
 <node id="13417010954" visible="true" version="1" changeset="176604185" timestamp="2025-12-30T00:06:55Z" user="larz86" uid="8127210" lat="39.2073534" lon="-119.8093244"/>
 <node id="13417010955" visible="true" version="1" changeset="176604185" timestamp="2025-12-30T00:06:55Z" user="larz86" uid="8127210" lat="39.2073459" lon="-119.8093396"/>
 <node id="13417010956" visible="true" version="1" changeset="176604185" timestamp="2025-12-30T00:06:55Z" user="larz86" uid="8127210" lat="39.2073135" lon="-119.8093128"/>
 <node id="13417010984" visible="true" version="1" changeset="176604185" timestamp="2025-12-30T00:06:55Z" user="larz86" uid="8127210" lat="39.2097384" lon="-119.8060068"/>
 <node id="13417010985" visible="true" version="1" changeset="176604185" timestamp="2025-12-30T00:06:55Z" user="larz86" uid="8127210" lat="39.2108839" lon="-119.8066095"/>
 <node id="13417010986" visible="true" version="1" changeset="176604185" timestamp="2025-12-30T00:06:55Z" user="larz86" uid="8127210" lat="39.2112221" lon="-119.8068148"/>
 <node id="13417010987" visible="true" version="1" changeset="176604185" timestamp="2025-12-30T00:06:55Z" user="larz86" uid="8127210" lat="39.2112842" lon="-119.8069964"/>
 <node id="13417010988" visible="true" version="1" changeset="176604185" timestamp="2025-12-30T00:06:55Z" user="larz86" uid="8127210" lat="39.2116517" lon="-119.8088227"/>
 <node id="13417010989" visible="true" version="1" changeset="176604185" timestamp="2025-12-30T00:06:55Z" user="larz86" uid="8127210" lat="39.2118144" lon="-119.8097570"/>
 <node id="13417010990" visible="true" version="1" changeset="176604185" timestamp="2025-12-30T00:06:55Z" user="larz86" uid="8127210" lat="39.2118436" lon="-119.8101039"/>
 <node id="13722419078" visible="true" version="1" changeset="181176002" timestamp="2026-04-11T06:23:50Z" user="Flap Slimy Outward" uid="22417964" lat="39.2086106" lon="-119.8043099"/>
 <node id="13722476491" visible="true" version="1" changeset="181175523" timestamp="2026-04-11T05:56:45Z" user="Flap Slimy Outward" uid="22417964" lat="39.2152856" lon="-119.7801960"/>
 <way id="14400141" visible="true" version="11" changeset="122970080" timestamp="2022-06-28T18:48:42Z" user="Sequencer" uid="9232223">
  <nd ref="140695172"/>
  <nd ref="460020753"/>
  <nd ref="460020754"/>
  <nd ref="460020755"/>
  <nd ref="460020756"/>
  <nd ref="460020757"/>
  <nd ref="460020758"/>
  <nd ref="8192354871"/>
  <nd ref="460020759"/>
  <nd ref="8192354870"/>
  <nd ref="460020760"/>
  <nd ref="8192354869"/>
  <nd ref="460020761"/>
  <nd ref="460020762"/>
  <nd ref="8192354868"/>
  <nd ref="460020763"/>
  <nd ref="460020764"/>
  <nd ref="460020765"/>
  <nd ref="460020766"/>
  <nd ref="460020767"/>
  <nd ref="460020768"/>
  <nd ref="460020769"/>
  <nd ref="8192354867"/>
  <nd ref="460020770"/>
  <nd ref="460020771"/>
  <nd ref="8192354866"/>
  <nd ref="460020772"/>
  <nd ref="460020773"/>
  <nd ref="460020774"/>
  <nd ref="460020775"/>
  <nd ref="8192354865"/>
  <nd ref="460020776"/>
  <nd ref="8192354864"/>
  <nd ref="460020777"/>
  <nd ref="460020778"/>
  <nd ref="460020779"/>
  <nd ref="8192354863"/>
  <nd ref="460020780"/>
  <nd ref="460020781"/>
  <nd ref="8192354862"/>
  <nd ref="460020782"/>
  <nd ref="460020783"/>
  <nd ref="460020784"/>
  <nd ref="8192354861"/>
  <nd ref="460020785"/>
  <nd ref="460020786"/>
  <nd ref="460020787"/>
  <nd ref="460020788"/>
  <nd ref="460022384"/>
  <nd ref="460020789"/>
  <nd ref="460020790"/>
  <nd ref="460020791"/>
  <nd ref="8192354851"/>
  <nd ref="460020792"/>
  <nd ref="460020793"/>
  <nd ref="460020794"/>
  <nd ref="460020795"/>
  <nd ref="460020796"/>
  <nd ref="460020797"/>
  <nd ref="460020798"/>
  <nd ref="460020799"/>
  <nd ref="460020800"/>
  <nd ref="460020801"/>
  <nd ref="460020802"/>
  <nd ref="460020803"/>
  <nd ref="460020804"/>
  <nd ref="460020805"/>
  <nd ref="460020806"/>
  <nd ref="8192342220"/>
  <nd ref="460020807"/>
  <nd ref="8192342221"/>
  <nd ref="460020808"/>
  <nd ref="460020809"/>
  <nd ref="4412826688"/>
  <nd ref="460020810"/>
  <nd ref="9853996118"/>
  <nd ref="9853996123"/>
  <nd ref="9853996124"/>
  <nd ref="4412826617"/>
  <nd ref="9853996125"/>
  <nd ref="460020811"/>
  <nd ref="9853996126"/>
  <nd ref="9853996127"/>
  <nd ref="460020812"/>
  <nd ref="9853996128"/>
  <nd ref="9853996129"/>
  <nd ref="460020813"/>
  <nd ref="9853996130"/>
  <nd ref="9853996131"/>
  <nd ref="9853996132"/>
  <nd ref="460020814"/>
  <nd ref="9853996133"/>
  <nd ref="9853996134"/>
  <nd ref="9853996135"/>
  <nd ref="460020815"/>
  <nd ref="9853996136"/>
  <nd ref="9853996137"/>
  <nd ref="9853996138"/>
  <nd ref="460018625"/>
  <nd ref="9853996139"/>
  <nd ref="9853996140"/>
  <nd ref="460018626"/>
  <nd ref="9853996141"/>
  <nd ref="460018627"/>
  <nd ref="9853996142"/>
  <nd ref="460018628"/>
  <nd ref="460018629"/>
  <nd ref="9853996143"/>
  <nd ref="460018630"/>
  <nd ref="460018631"/>
  <nd ref="9853996144"/>
  <nd ref="9853996145"/>
  <nd ref="9853996146"/>
  <nd ref="460018632"/>
  <nd ref="460018633"/>
  <nd ref="9853996147"/>
  <nd ref="9853996148"/>
  <nd ref="460018634"/>
  <nd ref="9853996149"/>
  <nd ref="9853996150"/>
  <nd ref="460018635"/>
  <nd ref="9853996151"/>
  <nd ref="9853996152"/>
  <nd ref="460018636"/>
  <nd ref="9853996153"/>
  <nd ref="460018637"/>
  <nd ref="9853996154"/>
  <nd ref="9853996155"/>
  <nd ref="460018638"/>
  <tag k="highway" v="track"/>
  <tag k="motor_vehicle" v="no"/>
  <tag k="mtb" v="route"/>
  <tag k="name" v="Franktown Creek Road"/>
  <tag k="tiger:cfcc" v="A51"/>
  <tag k="tiger:county" v="Carson City, NV"/>
  <tag k="tiger:reviewed" v="no"/>
 </way>
 <way id="14400898" visible="true" version="6" changeset="100716101" timestamp="2021-03-09T14:04:09Z" user="karnatim" uid="8446891">
  <nd ref="140685105"/>
  <nd ref="140685110"/>
  <nd ref="140685113"/>
  <nd ref="140685116"/>
  <nd ref="140685120"/>
  <nd ref="140685123"/>
  <nd ref="140685126"/>
  <nd ref="140685130"/>
  <nd ref="140685133"/>
  <nd ref="140685137"/>
  <nd ref="140685140"/>
  <nd ref="140685143"/>
  <nd ref="8500162872"/>
  <nd ref="140685147"/>
  <nd ref="8336478668"/>
  <nd ref="140685150"/>
  <nd ref="140685153"/>
  <nd ref="140685157"/>
  <nd ref="140685160"/>
  <nd ref="140685163"/>
  <nd ref="140685167"/>
  <tag k="highway" v="residential"/>
  <tag k="name" v="Numaga Pass Road"/>
  <tag k="name_1" v="Numaga Pass"/>
  <tag k="tiger:cfcc" v="A41"/>
  <tag k="tiger:county" v="Carson City, NV"/>
  <tag k="tiger:name_base" v="Numaga Pass"/>
  <tag k="tiger:name_base_1" v="Numaga"/>
  <tag k="tiger:name_type" v="Rd"/>
  <tag k="tiger:name_type_1" v="Pass"/>
  <tag k="tiger:reviewed" v="no"/>
 </way>
 <way id="14401049" visible="true" version="2" changeset="4306764" timestamp="2010-04-02T20:18:12Z" user="balrog-kun" uid="20587">
  <nd ref="140688370"/>
  <nd ref="140688373"/>
  <nd ref="140688377"/>
  <nd ref="140688380"/>
  <nd ref="140688384"/>
  <nd ref="140688387"/>
  <nd ref="140688391"/>
  <nd ref="140688394"/>
  <nd ref="140688397"/>
  <tag k="highway" v="residential"/>
  <tag k="name" v="Buckskin Road"/>
  <tag k="tiger:cfcc" v="A41"/>
  <tag k="tiger:county" v="Carson City, NV"/>
  <tag k="tiger:name_base" v="Buckskin"/>
  <tag k="tiger:name_type" v="Rd"/>
  <tag k="tiger:reviewed" v="no"/>
  <tag k="tiger:separated" v="no"/>
  <tag k="tiger:source" v="tiger_import_dch_v0.6_20070828"/>
  <tag k="tiger:tlid" v="199523784"/>
 </way>
 <way id="14401170" visible="true" version="8" changeset="98221628" timestamp="2021-01-27T10:31:34Z" user="rpakma" uid="11705758">
  <nd ref="140693330"/>
  <nd ref="140693333"/>
  <nd ref="140693336"/>
  <nd ref="140693339"/>
  <nd ref="140693344"/>
  <nd ref="140693347"/>
  <nd ref="140693350"/>
  <nd ref="140693352"/>
  <nd ref="140693356"/>
  <nd ref="140693359"/>
  <nd ref="140693362"/>
  <nd ref="140693364"/>
  <nd ref="140693366"/>
  <nd ref="140693369"/>
  <nd ref="140693372"/>
  <nd ref="140693375"/>
  <nd ref="140693378"/>
  <nd ref="140693381"/>
  <nd ref="140693384"/>
  <nd ref="8367025847"/>
  <nd ref="140693389"/>
  <nd ref="140693391"/>
  <nd ref="140693394"/>
  <nd ref="140693397"/>
  <nd ref="140693399"/>
  <nd ref="140693404"/>
  <nd ref="140693407"/>
  <nd ref="8333471515"/>
  <nd ref="140693410"/>
  <nd ref="7975341027"/>
  <nd ref="8333472235"/>
  <nd ref="7975341011"/>
  <nd ref="140693414"/>
  <nd ref="140693417"/>
  <nd ref="140693420"/>
  <nd ref="140693423"/>
  <nd ref="140693428"/>
  <nd ref="140693431"/>
  <nd ref="140693435"/>
  <nd ref="140693438"/>
  <nd ref="140693441"/>
  <nd ref="140693444"/>
  <nd ref="7980130223"/>
  <nd ref="7980130230"/>
  <nd ref="140693447"/>
  <nd ref="140693450"/>
  <nd ref="140693453"/>
  <nd ref="140693456"/>
  <nd ref="140693459"/>
  <nd ref="140693462"/>
  <nd ref="140693465"/>
  <nd ref="140693468"/>
  <nd ref="140693471"/>
  <nd ref="140693474"/>
  <nd ref="140693478"/>
  <nd ref="140693481"/>
  <nd ref="140693484"/>
  <nd ref="140693487"/>
  <nd ref="140693489"/>
  <nd ref="140693492"/>
  <nd ref="140693495"/>
  <nd ref="140693498"/>
  <nd ref="140693501"/>
  <nd ref="140693504"/>
  <nd ref="140693507"/>
  <nd ref="140693510"/>
  <nd ref="140693513"/>
  <nd ref="140693517"/>
  <nd ref="140693520"/>
  <nd ref="140693523"/>
  <nd ref="140693526"/>
  <nd ref="140693530"/>
  <nd ref="140693533"/>
  <nd ref="140693536"/>
  <nd ref="140693539"/>
  <nd ref="7981164297"/>
  <nd ref="140693542"/>
  <nd ref="140693544"/>
  <nd ref="140693547"/>
  <nd ref="7981164311"/>
  <nd ref="140693549"/>
  <nd ref="140693552"/>
  <nd ref="140693555"/>
  <nd ref="140693559"/>
  <nd ref="140693563"/>
  <tag k="highway" v="residential"/>
  <tag k="name" v="Meadow Wood Road"/>
  <tag k="tiger:cfcc" v="A41"/>
  <tag k="tiger:county" v="Carson City, NV"/>
  <tag k="tiger:name_base" v="Meadow Wood"/>
  <tag k="tiger:name_type" v="Rd"/>
  <tag k="tiger:reviewed" v="no"/>
 </way>
 <way id="14401201" visible="true" version="14" changeset="120437861" timestamp="2022-05-01T22:58:59Z" user="btwhite92" uid="730573">
  <nd ref="140694237"/>
  <nd ref="8367508767"/>
  <nd ref="140671093"/>
  <nd ref="8192354872"/>
  <nd ref="140694247"/>
  <nd ref="140694250"/>
  <nd ref="140694253"/>
  <nd ref="140694256"/>
  <nd ref="140694260"/>
  <nd ref="140694262"/>
  <nd ref="140694266"/>
  <nd ref="140694269"/>
  <nd ref="140694273"/>
  <nd ref="140694277"/>
  <nd ref="8370039041"/>
  <nd ref="140694282"/>
  <nd ref="140694285"/>
  <nd ref="140694289"/>
  <nd ref="140694292"/>
  <nd ref="140694296"/>
  <nd ref="2201807908"/>
  <nd ref="140694302"/>
  <nd ref="140694308"/>
  <nd ref="140694313"/>
  <nd ref="140694315"/>
  <nd ref="140694318"/>
  <nd ref="140694320"/>
  <nd ref="140694324"/>
  <nd ref="140694330"/>
  <nd ref="7980502328"/>
  <nd ref="140694333"/>
  <nd ref="140694336"/>
  <tag k="highway" v="tertiary"/>
  <tag k="name" v="Combs Canyon Road"/>
  <tag k="tiger:cfcc" v="A41"/>
  <tag k="tiger:county" v="Carson City, NV"/>
  <tag k="tiger:name_base" v="Combs Canyon"/>
  <tag k="tiger:name_type" v="Rd"/>
  <tag k="tiger:reviewed" v="no"/>
 </way>
 <way id="14401241" visible="true" version="4" changeset="50135705" timestamp="2017-07-08T17:09:06Z" user="btwhite92" uid="730573">
  <nd ref="140695172"/>
  <nd ref="140695175"/>
  <nd ref="140695178"/>
  <nd ref="140695181"/>
  <nd ref="140695185"/>
  <nd ref="140695188"/>
  <nd ref="140695193"/>
  <nd ref="140695196"/>
  <nd ref="140695207"/>
  <nd ref="140695210"/>
  <nd ref="140695217"/>
  <nd ref="140695223"/>
  <nd ref="140695226"/>
  <nd ref="140695229"/>
  <nd ref="140695233"/>
  <nd ref="140695235"/>
  <nd ref="140695239"/>
  <nd ref="140695242"/>
  <nd ref="140695244"/>
  <nd ref="140695245"/>
  <nd ref="140695246"/>
  <nd ref="140695247"/>
  <nd ref="140695248"/>
  <nd ref="140695249"/>
  <nd ref="140695250"/>
  <nd ref="140695252"/>
  <nd ref="140695253"/>
  <nd ref="140695256"/>
  <nd ref="140695259"/>
  <nd ref="140695263"/>
  <nd ref="140695265"/>
  <nd ref="140695268"/>
  <nd ref="140695270"/>
  <nd ref="140695271"/>
  <nd ref="140695274"/>
  <nd ref="140695276"/>
  <nd ref="140695278"/>
  <nd ref="140695281"/>
  <nd ref="140695284"/>
  <nd ref="140695287"/>
  <nd ref="140695290"/>
  <nd ref="140695293"/>
  <nd ref="140695297"/>
  <nd ref="140695300"/>
  <nd ref="140695302"/>
  <nd ref="140695305"/>
  <nd ref="140695307"/>
  <nd ref="140695310"/>
  <nd ref="140695315"/>
  <nd ref="140695318"/>
  <nd ref="140695321"/>
  <nd ref="140695324"/>
  <nd ref="140695327"/>
  <nd ref="4532553822"/>
  <tag k="highway" v="track"/>
  <tag k="motor_vehicle" v="no"/>
  <tag k="mtb" v="route"/>
  <tag k="name" v="County Route 270"/>
  <tag k="tiger:cfcc" v="A41"/>
  <tag k="tiger:county" v="Carson City, NV"/>
  <tag k="tiger:name_base" v="County Route 270"/>
  <tag k="tiger:reviewed" v="no"/>
 </way>
 <way id="14401299" visible="true" version="7" changeset="100201580" timestamp="2021-03-01T11:36:19Z" user="vissushm" uid="10086291">
  <nd ref="140685290"/>
  <nd ref="140696605"/>
  <nd ref="140696608"/>
  <nd ref="140696612"/>
  <nd ref="140696615"/>
  <nd ref="140696619"/>
  <nd ref="140696624"/>
  <nd ref="140696627"/>
  <nd ref="140696630"/>
  <nd ref="140696633"/>
  <nd ref="140696636"/>
  <nd ref="140696639"/>
  <nd ref="7975341042"/>
  <nd ref="140696642"/>
  <nd ref="8475693029"/>
  <nd ref="140696646"/>
  <nd ref="7975341033"/>
  <nd ref="140696648"/>
  <nd ref="140696650"/>
  <nd ref="140696652"/>
  <nd ref="140696655"/>
  <nd ref="140696657"/>
  <nd ref="140696659"/>
  <nd ref="140696661"/>
  <tag k="highway" v="residential"/>
  <tag k="name" v="Reds Grade"/>
  <tag k="tiger:cfcc" v="A41"/>
  <tag k="tiger:county" v="Carson City, NV"/>
  <tag k="tiger:name_base" v="Reds"/>
  <tag k="tiger:name_type" v="Grd"/>
  <tag k="tiger:reviewed" v="no"/>
 </way>
 <way id="14401433" visible="true" version="3" changeset="49150203" timestamp="2017-05-31T23:55:34Z" user="TheDutchMan13" uid="1330847">
  <nd ref="140699616"/>
  <nd ref="140699619"/>
  <nd ref="140699622"/>
  <nd ref="140699626"/>
  <nd ref="140699629"/>
  <nd ref="140699633"/>
  <nd ref="140699636"/>
  <nd ref="140699639"/>
  <nd ref="140699643"/>
  <nd ref="140699646"/>
  <nd ref="140699652"/>
  <nd ref="140699655"/>
  <nd ref="140699658"/>
  <tag k="highway" v="residential"/>
  <tag k="name" v="Lakeview Court"/>
  <tag k="tiger:cfcc" v="A41"/>
  <tag k="tiger:county" v="Carson City, NV"/>
  <tag k="tiger:name_base" v="Lakeview"/>
  <tag k="tiger:name_type" v="Ct"/>
  <tag k="tiger:reviewed" v="no"/>
 </way>
 <way id="14401509" visible="true" version="3" changeset="49150203" timestamp="2017-05-31T23:55:40Z" user="TheDutchMan13" uid="1330847">
  <nd ref="140701938"/>
  <nd ref="140701941"/>
  <nd ref="140701944"/>
  <nd ref="140701948"/>
  <nd ref="140701951"/>
  <nd ref="140701954"/>
  <nd ref="140701958"/>
  <nd ref="140701964"/>
  <nd ref="140701967"/>
  <nd ref="140701970"/>
  <nd ref="140694350"/>
  <tag k="highway" v="residential"/>
  <tag k="name" v="Bobcat Circle"/>
  <tag k="tiger:cfcc" v="A41"/>
  <tag k="tiger:county" v="Carson City, NV"/>
  <tag k="tiger:name_base" v="Bobcat"/>
  <tag k="tiger:name_type" v="Cir"/>
  <tag k="tiger:reviewed" v="no"/>
 </way>
 <way id="14401764" visible="true" version="5" changeset="97735413" timestamp="2021-01-19T05:01:56Z" user="ssahithi" uid="10159506">
  <nd ref="140708481"/>
  <nd ref="140708497"/>
  <nd ref="140708500"/>
  <nd ref="140708507"/>
  <nd ref="140708510"/>
  <nd ref="140708514"/>
  <nd ref="140708517"/>
  <nd ref="140708522"/>
  <nd ref="140708526"/>
  <nd ref="140708531"/>
  <nd ref="140708534"/>
  <nd ref="140708538"/>
  <nd ref="140708541"/>
  <nd ref="140708546"/>
  <nd ref="140708548"/>
  <nd ref="140708550"/>
  <nd ref="140708552"/>
  <nd ref="140708554"/>
  <nd ref="140708556"/>
  <nd ref="140708558"/>
  <nd ref="140708563"/>
  <nd ref="140708565"/>
  <nd ref="140708567"/>
  <nd ref="140708569"/>
  <nd ref="140708572"/>
  <nd ref="140708574"/>
  <nd ref="140708577"/>
  <nd ref="140708579"/>
  <nd ref="140708582"/>
  <nd ref="140708587"/>
  <nd ref="140708589"/>
  <nd ref="140708591"/>
  <nd ref="140708593"/>
  <nd ref="140708595"/>
  <nd ref="140708597"/>
  <nd ref="140708600"/>
  <nd ref="140708603"/>
  <nd ref="140708607"/>
  <nd ref="140708611"/>
  <nd ref="140708614"/>
  <nd ref="140708616"/>
  <nd ref="140708619"/>
  <nd ref="140693563"/>
  <nd ref="140708623"/>
  <nd ref="8336676621"/>
  <nd ref="140708626"/>
  <nd ref="140708630"/>
  <nd ref="140708636"/>
  <nd ref="140708641"/>
  <tag k="highway" v="residential"/>
  <tag k="name" v="Wagon Wheel Road"/>
  <tag k="tiger:cfcc" v="A41"/>
  <tag k="tiger:county" v="Carson City, NV"/>
  <tag k="tiger:name_base" v="Wagon Wheel"/>
  <tag k="tiger:name_type" v="Rd"/>
  <tag k="tiger:reviewed" v="no"/>
 </way>
 <way id="14402399" visible="true" version="3" changeset="49150203" timestamp="2017-05-31T23:56:35Z" user="TheDutchMan13" uid="1330847">
  <nd ref="140708577"/>
  <nd ref="140720793"/>
  <nd ref="140720796"/>
  <nd ref="140720799"/>
  <nd ref="140720801"/>
  <nd ref="140720803"/>
  <nd ref="140720805"/>
  <nd ref="140720807"/>
  <nd ref="140720808"/>
  <nd ref="140720809"/>
  <nd ref="140720810"/>
  <nd ref="140720811"/>
  <nd ref="140720812"/>
  <nd ref="140720814"/>
  <nd ref="140720816"/>
  <nd ref="140720817"/>
  <nd ref="140720819"/>
  <nd ref="140720821"/>
  <nd ref="140720824"/>
  <nd ref="140720827"/>
  <nd ref="140720830"/>
  <nd ref="140720834"/>
  <nd ref="140720837"/>
  <nd ref="140720840"/>
  <nd ref="140720843"/>
  <nd ref="140720846"/>
  <nd ref="140720849"/>
  <nd ref="140720852"/>
  <nd ref="140720855"/>
  <nd ref="140720858"/>
  <nd ref="140720861"/>
  <nd ref="140720864"/>
  <nd ref="140720867"/>
  <nd ref="140720870"/>
  <nd ref="140720875"/>
  <nd ref="140720878"/>
  <nd ref="140720880"/>
  <nd ref="140720882"/>
  <nd ref="140720884"/>
  <nd ref="140720887"/>
  <nd ref="140720890"/>
  <nd ref="140720893"/>
  <nd ref="140694365"/>
  <tag k="highway" v="residential"/>
  <tag k="name" v="Levi Gulch Road"/>
  <tag k="tiger:cfcc" v="A41"/>
  <tag k="tiger:county" v="Carson City, NV"/>
  <tag k="tiger:name_base" v="Levi Gulch"/>
  <tag k="tiger:name_type" v="Rd"/>
  <tag k="tiger:reviewed" v="no"/>
 </way>
 <way id="14402462" visible="true" version="8" changeset="100769786" timestamp="2021-03-10T10:11:05Z" user="saisidd" uid="11811187">
  <nd ref="140721577"/>
  <nd ref="140721579"/>
  <nd ref="140721582"/>
  <nd ref="140721585"/>
  <nd ref="8337927388"/>
  <nd ref="140721587"/>
  <nd ref="140721590"/>
  <nd ref="140721593"/>
  <nd ref="140721596"/>
  <nd ref="140721599"/>
  <nd ref="140721602"/>
  <nd ref="140721605"/>
  <nd ref="140721608"/>
  <nd ref="140721614"/>
  <nd ref="140721617"/>
  <nd ref="140721621"/>
  <nd ref="140721624"/>
  <nd ref="140721626"/>
  <nd ref="140721629"/>
  <nd ref="6618488674"/>
  <nd ref="140721650"/>
  <nd ref="140721654"/>
  <nd ref="140721657"/>
  <nd ref="140721661"/>
  <nd ref="140721666"/>
  <nd ref="140721668"/>
  <nd ref="8503202866"/>
  <nd ref="2201803160"/>
  <tag k="highway" v="residential"/>
  <tag k="name" v="Weise Road"/>
  <tag k="tiger:cfcc" v="A41"/>
  <tag k="tiger:county" v="Carson City, NV"/>
  <tag k="tiger:name_base" v="Weise"/>
  <tag k="tiger:name_type" v="Rd"/>
  <tag k="tiger:reviewed" v="no"/>
 </way>
 <way id="14402463" visible="true" version="4" changeset="98198928" timestamp="2021-01-27T05:24:49Z" user="moalnzn" uid="11705746">
  <nd ref="140693441"/>
  <nd ref="140721720"/>
  <nd ref="8366185449"/>
  <nd ref="140721723"/>
  <nd ref="140721728"/>
  <nd ref="140721731"/>
  <nd ref="8366185456"/>
  <nd ref="140721732"/>
  <nd ref="140721735"/>
  <nd ref="140721737"/>
  <nd ref="140721740"/>
  <nd ref="140721743"/>
  <tag k="highway" v="residential"/>
  <tag k="name" v="Fox Creek Road"/>
  <tag k="tiger:cfcc" v="A41"/>
  <tag k="tiger:county" v="Carson City, NV"/>
  <tag k="tiger:name_base" v="Fox Creek"/>
  <tag k="tiger:name_type" v="Rd"/>
  <tag k="tiger:reviewed" v="no"/>
 </way>
 <way id="14402468" visible="true" version="3" changeset="49150203" timestamp="2017-05-31T23:56:41Z" user="TheDutchMan13" uid="1330847">
  <nd ref="140721788"/>
  <nd ref="140721791"/>
  <nd ref="140721793"/>
  <tag k="highway" v="residential"/>
  <tag k="name" v="Pine Cone Circle"/>
  <tag k="tiger:cfcc" v="A41"/>
  <tag k="tiger:county" v="Carson City, NV"/>
  <tag k="tiger:name_base" v="Pine Cone"/>
  <tag k="tiger:name_type" v="Cir"/>
  <tag k="tiger:reviewed" v="no"/>
 </way>
 <way id="14402524" visible="true" version="6" changeset="97736297" timestamp="2021-01-19T05:15:51Z" user="sagisa" uid="11705754">
  <nd ref="140685105"/>
  <nd ref="140722793"/>
  <nd ref="140722795"/>
  <nd ref="7950462491"/>
  <nd ref="140722797"/>
  <nd ref="7950462492"/>
  <nd ref="140722798"/>
  <nd ref="140722799"/>
  <nd ref="7950462553"/>
  <nd ref="140722800"/>
  <nd ref="140722801"/>
  <nd ref="140722803"/>
  <nd ref="140722804"/>
  <nd ref="8336689693"/>
  <nd ref="140722807"/>
  <nd ref="140722810"/>
  <nd ref="140722813"/>
  <nd ref="140722815"/>
  <nd ref="140722817"/>
  <nd ref="8336689702"/>
  <nd ref="140722819"/>
  <nd ref="140722821"/>
  <nd ref="140722823"/>
  <nd ref="140722826"/>
  <nd ref="140722829"/>
  <nd ref="140722831"/>
  <nd ref="140722834"/>
  <nd ref="140722835"/>
  <nd ref="140722838"/>
  <nd ref="140722840"/>
  <nd ref="140722844"/>
  <nd ref="140722847"/>
  <nd ref="140722850"/>
  <nd ref="140722853"/>
  <nd ref="140722856"/>
  <nd ref="140722859"/>
  <nd ref="140722862"/>
  <nd ref="140722864"/>
  <nd ref="140722867"/>
  <nd ref="140722869"/>
  <nd ref="7980137846"/>
  <nd ref="140722872"/>
  <nd ref="140722875"/>
  <nd ref="140722877"/>
  <nd ref="140693330"/>
  <tag k="highway" v="residential"/>
  <tag k="name" v="County Line Road"/>
  <tag k="tiger:cfcc" v="A41"/>
  <tag k="tiger:county" v="Carson City, NV"/>
  <tag k="tiger:name_base" v="County Line"/>
  <tag k="tiger:name_type" v="Rd"/>
  <tag k="tiger:reviewed" v="no"/>
 </way>
 <way id="14402589" visible="true" version="3" changeset="49150203" timestamp="2017-05-31T23:56:49Z" user="TheDutchMan13" uid="1330847">
  <nd ref="140722801"/>
  <nd ref="140724532"/>
  <tag k="highway" v="residential"/>
  <tag k="name" v="Wild Sage Drive"/>
  <tag k="tiger:cfcc" v="A41"/>
  <tag k="tiger:county" v="Carson City, NV"/>
  <tag k="tiger:name_base" v="Wild Sage"/>
  <tag k="tiger:name_type" v="Dr"/>
  <tag k="tiger:reviewed" v="no"/>
 </way>
 <way id="14402670" visible="true" version="3" changeset="49150203" timestamp="2017-05-31T23:56:56Z" user="TheDutchMan13" uid="1330847">
  <nd ref="140726909"/>
  <nd ref="140726913"/>
  <nd ref="140726916"/>
  <nd ref="140726921"/>
  <nd ref="140726927"/>
  <nd ref="140726931"/>
  <nd ref="140726937"/>
  <nd ref="140726940"/>
  <nd ref="140726943"/>
  <tag k="highway" v="residential"/>
  <tag k="name" v="Sandy Circle"/>
  <tag k="tiger:cfcc" v="A41"/>
  <tag k="tiger:county" v="Carson City, NV"/>
  <tag k="tiger:name_base" v="Sandy"/>
  <tag k="tiger:name_type" v="Cir"/>
  <tag k="tiger:reviewed" v="no"/>
 </way>
 <way id="14402770" visible="true" version="2" changeset="4306764" timestamp="2010-04-02T20:23:06Z" user="balrog-kun" uid="20587">
  <nd ref="140720864"/>
  <nd ref="140729242"/>
  <nd ref="140729244"/>
  <nd ref="140729247"/>
  <nd ref="140729251"/>
  <nd ref="140729255"/>
  <nd ref="140726909"/>
  <tag k="highway" v="residential"/>
  <tag k="name" v="Lakeview Road"/>
  <tag k="tiger:cfcc" v="A41"/>
  <tag k="tiger:county" v="Carson City, NV"/>
  <tag k="tiger:name_base" v="Lakeview"/>
  <tag k="tiger:name_type" v="Rd"/>
  <tag k="tiger:reviewed" v="no"/>
  <tag k="tiger:separated" v="no"/>
  <tag k="tiger:source" v="tiger_import_dch_v0.6_20070828"/>
  <tag k="tiger:tlid" v="199516337"/>
 </way>
 <way id="14402773" visible="true" version="8" changeset="120437861" timestamp="2022-05-01T22:58:59Z" user="btwhite92" uid="730573">
  <nd ref="140694336"/>
  <nd ref="6618477951"/>
  <nd ref="6618477950"/>
  <nd ref="8336728143"/>
  <nd ref="8336728142"/>
  <nd ref="140729363"/>
  <nd ref="8336728132"/>
  <nd ref="140721788"/>
  <nd ref="140729367"/>
  <nd ref="140729371"/>
  <nd ref="140729374"/>
  <nd ref="140729377"/>
  <nd ref="140729380"/>
  <nd ref="140729384"/>
  <nd ref="140729387"/>
  <nd ref="140729391"/>
  <nd ref="140729395"/>
  <nd ref="140729399"/>
  <nd ref="140729403"/>
  <nd ref="140729405"/>
  <nd ref="140729408"/>
  <nd ref="140729411"/>
  <nd ref="140729415"/>
  <nd ref="140729417"/>
  <nd ref="140729420"/>
  <nd ref="140688370"/>
  <nd ref="140729424"/>
  <nd ref="140729427"/>
  <nd ref="140729431"/>
  <nd ref="140729434"/>
  <nd ref="140729436"/>
  <nd ref="140729439"/>
  <nd ref="140729442"/>
  <nd ref="140729445"/>
  <nd ref="140729447"/>
  <nd ref="140729451"/>
  <nd ref="140729453"/>
  <nd ref="140729456"/>
  <nd ref="140729458"/>
  <nd ref="140729462"/>
  <nd ref="8333472229"/>
  <nd ref="140729465"/>
  <nd ref="140729467"/>
  <nd ref="140729469"/>
  <nd ref="140729470"/>
  <nd ref="8333472220"/>
  <nd ref="140729472"/>
  <nd ref="140729473"/>
  <nd ref="140729475"/>
  <nd ref="140729477"/>
  <nd ref="140729479"/>
  <nd ref="140729481"/>
  <nd ref="140729482"/>
  <nd ref="140729484"/>
  <nd ref="140729486"/>
  <nd ref="140729487"/>
  <nd ref="140729489"/>
  <nd ref="140729491"/>
  <nd ref="140729493"/>
  <nd ref="140729495"/>
  <nd ref="140729500"/>
  <nd ref="140729504"/>
  <nd ref="140699616"/>
  <nd ref="140729508"/>
  <nd ref="140729512"/>
  <nd ref="140729515"/>
  <nd ref="140729519"/>
  <nd ref="140729523"/>
  <nd ref="140729527"/>
  <tag k="highway" v="tertiary"/>
  <tag k="name" v="Lakeview Road"/>
  <tag k="tiger:cfcc" v="A41"/>
  <tag k="tiger:county" v="Carson City, NV"/>
  <tag k="tiger:name_base" v="Lakeview"/>
  <tag k="tiger:name_type" v="Rd"/>
  <tag k="tiger:reviewed" v="no"/>
 </way>
 <way id="14402801" visible="true" version="3" changeset="49150203" timestamp="2017-05-31T23:57:11Z" user="TheDutchMan13" uid="1330847">
  <nd ref="140729451"/>
  <nd ref="140730172"/>
  <nd ref="140730176"/>
  <nd ref="140730178"/>
  <nd ref="140730180"/>
  <nd ref="140730182"/>
  <nd ref="140730184"/>
  <nd ref="140693417"/>
  <tag k="highway" v="residential"/>
  <tag k="name" v="Penny Lane"/>
  <tag k="tiger:cfcc" v="A41"/>
  <tag k="tiger:county" v="Carson City, NV"/>
  <tag k="tiger:name_base" v="Penny"/>
  <tag k="tiger:name_type" v="Ln"/>
  <tag k="tiger:reviewed" v="no"/>
 </way>
 <way id="14402906" visible="true" version="7" changeset="97553227" timestamp="2021-01-15T10:47:00Z" user="tusnayak" uid="10480286">
  <nd ref="140729527"/>
  <nd ref="140731659"/>
  <nd ref="140731663"/>
  <nd ref="140693330"/>
  <nd ref="140731667"/>
  <nd ref="8324104293"/>
  <nd ref="140731671"/>
  <nd ref="140731675"/>
  <nd ref="8324104299"/>
  <nd ref="140731681"/>
  <nd ref="7950462549"/>
  <nd ref="140696661"/>
  <tag k="highway" v="residential"/>
  <tag k="name" v="Hobart Road"/>
  <tag k="tiger:cfcc" v="A41"/>
  <tag k="tiger:county" v="Carson City, NV"/>
  <tag k="tiger:name_base" v="Hobart"/>
  <tag k="tiger:name_type" v="Rd"/>
  <tag k="tiger:reviewed" v="no"/>
 </way>
 <way id="14402976" visible="true" version="7" changeset="95263427" timestamp="2020-12-04T04:40:09Z" user="BryanOSullivan" uid="10729167">
  <nd ref="2201803160"/>
  <nd ref="6618488665"/>
  <nd ref="6618488669"/>
  <nd ref="6618488677"/>
  <nd ref="6618488664"/>
  <nd ref="2201803148"/>
  <nd ref="2201803155"/>
  <nd ref="2201803124"/>
  <nd ref="2201803132"/>
  <nd ref="8192730403"/>
  <nd ref="2201803143"/>
  <nd ref="2201803150"/>
  <nd ref="2201803141"/>
  <nd ref="2201803126"/>
  <nd ref="6618488673"/>
  <nd ref="6618488666"/>
  <nd ref="2201803146"/>
  <tag k="access" v="yes"/>
  <tag k="highway" v="residential"/>
  <tag k="name" v="Via Grant Drive"/>
  <tag k="oneway" v="no"/>
  <tag k="tiger:cfcc" v="A74"/>
  <tag k="tiger:county" v="Carson City, NV"/>
  <tag k="tiger:name_base" v="Vista Ariana"/>
  <tag k="tiger:name_type" v="Dr"/>
  <tag k="tiger:reviewed" v="no"/>
 </way>
 <way id="38789070" visible="true" version="5" changeset="44978768" timestamp="2017-01-07T13:31:19Z" user="bahnpirat" uid="13203">
  <nd ref="460030527"/>
  <nd ref="460030526"/>
  <nd ref="460030525"/>
  <nd ref="460030524"/>
  <nd ref="460030523"/>
  <nd ref="460030774"/>
  <nd ref="1815118728"/>
  <nd ref="1815118726"/>
  <nd ref="1815118717"/>
  <nd ref="1815118716"/>
  <nd ref="1815118680"/>
  <nd ref="1815118676"/>
  <nd ref="1815118671"/>
  <nd ref="1815118665"/>
  <nd ref="1815118648"/>
  <nd ref="1815118641"/>
  <nd ref="1815118635"/>
  <nd ref="1815118627"/>
  <nd ref="1815118624"/>
  <nd ref="1815118623"/>
  <nd ref="1815118622"/>
  <nd ref="1815118621"/>
  <nd ref="1815118626"/>
  <nd ref="1815118631"/>
  <nd ref="1815118640"/>
  <nd ref="1815118649"/>
  <nd ref="1815118663"/>
  <nd ref="1815118660"/>
  <nd ref="1815118654"/>
  <nd ref="1815118652"/>
  <nd ref="1815118642"/>
  <nd ref="1815118637"/>
  <nd ref="1815118644"/>
  <nd ref="1815118647"/>
  <nd ref="1815118656"/>
  <nd ref="1815118657"/>
  <nd ref="1815118659"/>
  <nd ref="1815118662"/>
  <nd ref="1815118661"/>
  <nd ref="1815118658"/>
  <nd ref="1815118655"/>
  <nd ref="1815118653"/>
  <nd ref="1815118667"/>
  <nd ref="1815118672"/>
  <nd ref="1815118678"/>
  <nd ref="1815118694"/>
  <nd ref="1815118695"/>
  <nd ref="1815118696"/>
  <nd ref="1815118700"/>
  <nd ref="1815118701"/>
  <nd ref="1815118706"/>
  <nd ref="1815118715"/>
  <nd ref="1815118720"/>
  <nd ref="1815118723"/>
  <nd ref="1815118722"/>
  <nd ref="1815118719"/>
  <nd ref="1815118718"/>
  <nd ref="1815118714"/>
  <nd ref="1815118713"/>
  <nd ref="1815118712"/>
  <nd ref="1815118711"/>
  <nd ref="1815118710"/>
  <nd ref="1815118709"/>
  <nd ref="1815118708"/>
  <nd ref="1815118707"/>
  <nd ref="1815118705"/>
  <nd ref="1815118704"/>
  <nd ref="1815118698"/>
  <nd ref="1815118693"/>
  <nd ref="1815118685"/>
  <nd ref="1815118683"/>
  <nd ref="1815118673"/>
  <nd ref="1815118670"/>
  <nd ref="1815118664"/>
  <nd ref="1815118651"/>
  <nd ref="1815118646"/>
  <nd ref="1815118643"/>
  <nd ref="1815118639"/>
  <nd ref="1815118634"/>
  <nd ref="1815118632"/>
  <nd ref="1815118630"/>
  <nd ref="1815118625"/>
  <nd ref="1815118620"/>
  <nd ref="1815118618"/>
  <nd ref="1815118615"/>
  <nd ref="1815118611"/>
  <nd ref="1815118605"/>
  <nd ref="4080345091"/>
  <nd ref="1815118598"/>
  <nd ref="1815118593"/>
  <nd ref="1815118575"/>
  <nd ref="1815118571"/>
  <nd ref="1815118560"/>
  <tag k="cables" v="3"/>
  <tag k="frequency" v="60"/>
  <tag k="power" v="line"/>
  <tag k="voltage" v="125000"/>
  <tag k="wires" v="single"/>
 </way>
 <way id="164623114" visible="true" version="20" changeset="181176002" timestamp="2026-04-11T06:23:50Z" user="Flap Slimy Outward" uid="22417964">
  <nd ref="1762363152"/>
  <nd ref="140467675"/>
  <nd ref="140467678"/>
  <nd ref="7178605315"/>
  <nd ref="7178586684"/>
  <nd ref="140467680"/>
  <nd ref="140467683"/>
  <nd ref="140467686"/>
  <nd ref="7178605297"/>
  <nd ref="140467689"/>
  <nd ref="140467692"/>
  <nd ref="7178605310"/>
  <nd ref="140467694"/>
  <nd ref="140467695"/>
  <nd ref="140467698"/>
  <nd ref="140467701"/>
  <nd ref="140467704"/>
  <tag k="bicycle" v="no"/>
  <tag k="foot" v="no"/>
  <tag k="hgv" v="designated"/>
  <tag k="hgv:national_network" v="yes"/>
  <tag k="highway" v="motorway"/>
  <tag k="horse" v="no"/>
  <tag k="lanes" v="2"/>
  <tag k="maxspeed" v="65 mph"/>
  <tag k="name" v="Carson City Freeway"/>
  <tag k="NHS" v="Interstate"/>
  <tag k="oneway" v="yes"/>
  <tag k="ref" v="I 580;US 395"/>
  <tag k="source:hgv:national_network" v="Title 23: Highways Part 658 http://ecfr.gpoaccess.gov/cgi/t/text/text-idx?c=ecfr&amp;rgn=div5&amp;view=text&amp;node=23:1.0.1.7.33&amp;idno=23 and document from NDOT listing the FAP routes"/>
  <tag k="surface" v="asphalt"/>
 </way>
 <way id="172772612" visible="true" version="24" changeset="182406329" timestamp="2026-05-09T01:59:58Z" user="Flap Slimy Outward" uid="22417964">
  <nd ref="140695730"/>
  <nd ref="1836306025"/>
  <nd ref="3791318762"/>
  <nd ref="1836306026"/>
  <nd ref="3791318763"/>
  <nd ref="1836306028"/>
  <nd ref="3791318761"/>
  <nd ref="1836306030"/>
  <nd ref="1836306032"/>
  <nd ref="1939258237"/>
  <nd ref="1836306034"/>
  <nd ref="1939258239"/>
  <nd ref="1939258241"/>
  <nd ref="140470290"/>
  <nd ref="13722419078"/>
  <tag k="bicycle" v="yes"/>
  <tag k="foot" v="yes"/>
  <tag k="hgv" v="designated"/>
  <tag k="hgv:national_network" v="yes"/>
  <tag k="highway" v="motorway"/>
  <tag k="horse" v="yes"/>
  <tag k="lanes" v="3"/>
  <tag k="maxspeed" v="65 mph"/>
  <tag k="name" v="Carl Howell Freeway"/>
  <tag k="NHS" v="Interstate"/>
  <tag k="official_name" v="Carson City Deputy Sheriff Carl Howell Memorial Freeway"/>
  <tag k="oneway" v="yes"/>
  <tag k="ref" v="I 580;US 395"/>
  <tag k="source:hgv:national_network" v="Title 23: Highways Part 658 http://ecfr.gpoaccess.gov/cgi/t/text/text-idx?c=ecfr&amp;rgn=div5&amp;view=text&amp;node=23:1.0.1.7.33&amp;idno=23 and document from NDOT listing the FAP routes"/>
  <tag k="source:official_name" v="https://www.dot.nv.gov/home/showpublisheddocument/17047/638436955526500000"/>
  <tag k="surface" v="asphalt"/>
 </way>
 <way id="178961132" visible="true" version="13" changeset="172176191" timestamp="2025-09-19T18:00:40Z" user="Joseph R P" uid="10944197">
  <nd ref="140679326"/>
  <nd ref="13156110602"/>
  <nd ref="140679310"/>
  <nd ref="140679308"/>
  <nd ref="140679305"/>
  <nd ref="4576357928"/>
  <nd ref="140679302"/>
  <nd ref="140679299"/>
  <nd ref="140679295"/>
  <nd ref="140679292"/>
  <nd ref="140679288"/>
  <tag k="bicycle" v="yes"/>
  <tag k="destination" v="Carson City;South Lake Tahoe"/>
  <tag k="destination:ref" v="I 580 South;US 395 South"/>
  <tag k="destination:street" v="Carson City Deputy Sheriff Carl Howell Memorial Freeway"/>
  <tag k="foot" v="yes"/>
  <tag k="highway" v="motorway_link"/>
  <tag k="horse" v="yes"/>
  <tag k="maxspeed" v="65 mph"/>
  <tag k="oneway" v="yes"/>
  <tag k="surface" v="paved"/>
 </way>
 <way id="210042909" visible="true" version="2" changeset="72288454" timestamp="2019-07-16T07:08:06Z" user="user_1282393" uid="1282393">
  <nd ref="2201807908"/>
  <nd ref="2201807913"/>
  <nd ref="2201807918"/>
  <nd ref="2201807909"/>
  <nd ref="2201807919"/>
  <nd ref="2201807906"/>
  <nd ref="2201807905"/>
  <nd ref="2201807920"/>
  <nd ref="2201807917"/>
  <nd ref="2201807903"/>
  <nd ref="2201807914"/>
  <nd ref="2201807916"/>
  <nd ref="2201807907"/>
  <nd ref="2201807911"/>
  <nd ref="2201807921"/>
  <nd ref="2201807915"/>
  <nd ref="2201807904"/>
  <nd ref="2201807912"/>
  <nd ref="2201807910"/>
  <nd ref="6618488675"/>
  <nd ref="6618488676"/>
  <nd ref="6618488663"/>
  <nd ref="6618488680"/>
  <nd ref="2201803146"/>
  <tag k="highway" v="residential"/>
  <tag k="name" v="Vista Ariana Drive"/>
 </way>
 <way id="273883711" visible="true" version="3" changeset="72288454" timestamp="2019-07-16T06:59:01Z" user="user_1282393" uid="1282393">
  <nd ref="140685167"/>
  <nd ref="140695334"/>
  <tag k="highway" v="residential"/>
  <tag k="name" v="Hobart Road"/>
  <tag k="tiger:cfcc" v="A41"/>
  <tag k="tiger:county" v="Carson City, NV"/>
  <tag k="tiger:name_base" v="Hobart"/>
  <tag k="tiger:name_type" v="Rd"/>
  <tag k="tiger:reviewed" v="no"/>
 </way>
 <way id="273883716" visible="true" version="7" changeset="108086725" timestamp="2021-07-16T05:10:17Z" user="gadipeh" uid="11711294">
  <nd ref="140685167"/>
  <nd ref="140685173"/>
  <nd ref="140685177"/>
  <nd ref="140685179"/>
  <nd ref="140685182"/>
  <nd ref="140685185"/>
  <nd ref="140685188"/>
  <nd ref="140685194"/>
  <nd ref="140685197"/>
  <nd ref="140685200"/>
  <nd ref="140685204"/>
  <nd ref="140685207"/>
  <nd ref="140685246"/>
  <nd ref="8370999455"/>
  <nd ref="8500072304"/>
  <nd ref="8925451306"/>
  <nd ref="140685248"/>
  <nd ref="140685251"/>
  <nd ref="8925451311"/>
  <nd ref="140685253"/>
  <nd ref="140685255"/>
  <nd ref="140685257"/>
  <nd ref="8500113817"/>
  <nd ref="8708975342"/>
  <nd ref="140685269"/>
  <nd ref="140685277"/>
  <nd ref="140685284"/>
  <nd ref="140685290"/>
  <tag k="highway" v="residential"/>
  <tag k="name" v="Numaga Pass Road"/>
  <tag k="name_1" v="Numaga Pass"/>
  <tag k="tiger:cfcc" v="A41"/>
  <tag k="tiger:county" v="Carson City, NV"/>
  <tag k="tiger:name_base" v="Numaga Pass"/>
  <tag k="tiger:name_base_1" v="Numaga"/>
  <tag k="tiger:name_type" v="Rd"/>
  <tag k="tiger:name_type_1" v="Pass"/>
  <tag k="tiger:reviewed" v="no"/>
 </way>
 <way id="317253797" visible="true" version="6" changeset="178023479" timestamp="2026-02-02T20:34:32Z" user="Janel Johnson NV" uid="23781070">
  <nd ref="140688397"/>
  <nd ref="3235025443"/>
  <nd ref="3235025444"/>
  <nd ref="3235025445"/>
  <nd ref="3235025446"/>
  <nd ref="3235025447"/>
  <nd ref="3235025448"/>
  <nd ref="3235025449"/>
  <nd ref="3235025450"/>
  <nd ref="3235025451"/>
  <nd ref="3235025452"/>
  <nd ref="3235025453"/>
  <nd ref="3235025454"/>
  <nd ref="3235025455"/>
  <nd ref="3235025456"/>
  <nd ref="3235025457"/>
  <nd ref="3235025458"/>
  <nd ref="3235025459"/>
  <nd ref="3235025460"/>
  <nd ref="3235025461"/>
  <nd ref="3235025462"/>
  <nd ref="3235025463"/>
  <nd ref="3235025464"/>
  <nd ref="3235025465"/>
  <nd ref="3235025466"/>
  <nd ref="3235025467"/>
  <nd ref="3235025468"/>
  <nd ref="3235025469"/>
  <nd ref="3235025470"/>
  <nd ref="3235025471"/>
  <nd ref="3235025472"/>
  <nd ref="3235025473"/>
  <nd ref="3235025474"/>
  <nd ref="3235025475"/>
  <nd ref="3235025476"/>
  <nd ref="3235025477"/>
  <nd ref="3235025478"/>
  <nd ref="3235025479"/>
  <nd ref="3235025480"/>
  <tag k="bicycle" v="yes"/>
  <tag k="highway" v="path"/>
 </way>
 <way id="432943146" visible="true" version="1" changeset="40998018" timestamp="2016-07-24T19:41:39Z" user="Yoshinion" uid="3151684">
  <nd ref="140731722"/>
  <nd ref="4318684525"/>
  <nd ref="4318684706"/>
  <nd ref="4318684526"/>
  <nd ref="4318684527"/>
  <nd ref="4318684528"/>
  <nd ref="4318684529"/>
  <nd ref="4318684530"/>
  <nd ref="4318684531"/>
  <nd ref="4318684532"/>
  <nd ref="4318684533"/>
  <nd ref="4318684534"/>
  <nd ref="4318684535"/>
  <nd ref="4318684536"/>
  <nd ref="4318684537"/>
  <nd ref="4318684538"/>
  <nd ref="4318684539"/>
  <nd ref="4318684540"/>
  <nd ref="4318684541"/>
  <nd ref="4318684542"/>
  <nd ref="4318684543"/>
  <nd ref="4318684544"/>
  <nd ref="4318684545"/>
  <nd ref="4318684583"/>
  <nd ref="4318684546"/>
  <nd ref="4318684547"/>
  <nd ref="4318684548"/>
  <nd ref="4318684549"/>
  <nd ref="4318684550"/>
  <nd ref="4318684551"/>
  <nd ref="4318684552"/>
  <nd ref="4318684553"/>
  <nd ref="4318684554"/>
  <nd ref="4318684555"/>
  <nd ref="4318684556"/>
  <nd ref="4318684557"/>
  <nd ref="4318684558"/>
  <nd ref="4318684559"/>
  <nd ref="4318684560"/>
  <nd ref="4318684561"/>
  <nd ref="4318684582"/>
  <nd ref="4318684562"/>
  <nd ref="4318684563"/>
  <nd ref="4318684564"/>
  <nd ref="4318684565"/>
  <nd ref="4318684566"/>
  <nd ref="4318684567"/>
  <nd ref="4318684568"/>
  <nd ref="4318684569"/>
  <nd ref="4318684570"/>
  <nd ref="4318684571"/>
  <tag k="highway" v="track"/>
 </way>
 <way id="432943148" visible="true" version="1" changeset="40998018" timestamp="2016-07-24T19:41:40Z" user="Yoshinion" uid="3151684">
  <nd ref="4318684583"/>
  <nd ref="4318684584"/>
  <nd ref="4318684585"/>
  <nd ref="4318684586"/>
  <nd ref="4318684587"/>
  <nd ref="4318684588"/>
  <nd ref="4318684689"/>
  <tag k="highway" v="track"/>
 </way>
 <way id="432943149" visible="true" version="1" changeset="40998018" timestamp="2016-07-24T19:41:40Z" user="Yoshinion" uid="3151684">
  <nd ref="140708641"/>
  <nd ref="4318684690"/>
  <nd ref="4318684691"/>
  <nd ref="4318684692"/>
  <nd ref="4318684693"/>
  <nd ref="4318684694"/>
  <nd ref="4318684695"/>
  <nd ref="4318684696"/>
  <nd ref="4318684689"/>
  <nd ref="4318684697"/>
  <nd ref="4318684698"/>
  <nd ref="4318684699"/>
  <nd ref="4318684700"/>
  <nd ref="4318684701"/>
  <nd ref="4318684702"/>
  <nd ref="4318684703"/>
  <nd ref="4318684704"/>
  <nd ref="4318684705"/>
  <nd ref="4318684706"/>
  <tag k="highway" v="track"/>
 </way>
 <way id="432943150" visible="true" version="1" changeset="40998018" timestamp="2016-07-24T19:41:40Z" user="Yoshinion" uid="3151684">
  <nd ref="4318684530"/>
  <nd ref="4318684707"/>
  <nd ref="4318684708"/>
  <nd ref="4318684709"/>
  <tag k="highway" v="path"/>
 </way>
 <way id="444090974" visible="true" version="4" changeset="99835013" timestamp="2021-02-23T14:28:12Z" user="agnisn" uid="9951092">
  <nd ref="140696661"/>
  <nd ref="140731685"/>
  <nd ref="8336767005"/>
  <nd ref="140731688"/>
  <nd ref="140731691"/>
  <nd ref="140731694"/>
  <nd ref="8449673897"/>
  <nd ref="140731697"/>
  <nd ref="140731701"/>
  <nd ref="8449673906"/>
  <nd ref="8449673883"/>
  <nd ref="140731705"/>
  <nd ref="8449673892"/>
  <nd ref="140731707"/>
  <nd ref="8449673916"/>
  <nd ref="140731711"/>
  <nd ref="8449673907"/>
  <nd ref="7983732143"/>
  <nd ref="7983732130"/>
  <nd ref="7983732144"/>
  <nd ref="8449711934"/>
  <nd ref="140731715"/>
  <nd ref="140685167"/>
  <tag k="highway" v="residential"/>
  <tag k="name" v="Hobart Road"/>
  <tag k="tiger:cfcc" v="A41"/>
  <tag k="tiger:county" v="Carson City, NV"/>
  <tag k="tiger:name_base" v="Hobart"/>
  <tag k="tiger:name_type" v="Rd"/>
  <tag k="tiger:reviewed" v="no"/>
 </way>
 <way id="457048117" visible="true" version="1" changeset="44093658" timestamp="2016-12-01T18:37:35Z" user="Brian Reavis" uid="2323512">
  <nd ref="4532553822"/>
  <nd ref="140695334"/>
  <tag k="highway" v="track"/>
  <tag k="motor_vehicle" v="no"/>
  <tag k="name" v="County Route 270"/>
  <tag k="tiger:cfcc" v="A41"/>
  <tag k="tiger:county" v="Carson City, NV"/>
  <tag k="tiger:name_base" v="County Route 270"/>
  <tag k="tiger:reviewed" v="no"/>
 </way>
 <way id="658222229" visible="true" version="8" changeset="169638030" timestamp="2025-07-28T21:37:32Z" user="Flap Slimy Outward" uid="22417964">
  <nd ref="140274691"/>
  <nd ref="3124365664"/>
  <nd ref="3124365302"/>
  <nd ref="3124365305"/>
  <nd ref="3124365325"/>
  <nd ref="3124365672"/>
  <nd ref="3124364548"/>
  <nd ref="3124365233"/>
  <nd ref="3124365254"/>
  <nd ref="3124365318"/>
  <nd ref="3124365432"/>
  <nd ref="3124365465"/>
  <nd ref="3124365462"/>
  <nd ref="3124365461"/>
  <nd ref="3124365490"/>
  <nd ref="3124365298"/>
  <nd ref="140679326"/>
  <tag k="highway" v="secondary"/>
  <tag k="lanes" v="2"/>
  <tag k="maxspeed" v="45 mph"/>
  <tag k="name" v="Bowers Mansion Road"/>
  <tag k="old_ref" v="US 395;NV 429"/>
  <tag k="sidewalk" v="no"/>
  <tag k="surface" v="paved"/>
 </way>
 <way id="658223116" visible="true" version="1" changeset="65783531" timestamp="2018-12-26T16:05:20Z" user="jwbrett" uid="8925500">
  <nd ref="140695334"/>
  <nd ref="140731720"/>
  <nd ref="140731722"/>
  <tag k="highway" v="residential"/>
  <tag k="name" v="Hobart Road"/>
  <tag k="tiger:cfcc" v="A41"/>
  <tag k="tiger:county" v="Carson City, NV"/>
  <tag k="tiger:name_base" v="Hobart"/>
  <tag k="tiger:name_type" v="Rd"/>
  <tag k="tiger:reviewed" v="no"/>
 </way>
 <way id="684819925" visible="true" version="1" changeset="69381986" timestamp="2019-04-19T16:46:44Z" user="SteveBrown" uid="403806">
  <nd ref="3235025485"/>
  <nd ref="6416529507"/>
  <nd ref="6416529508"/>
  <nd ref="6416529509"/>
  <nd ref="6416529510"/>
  <nd ref="6416529511"/>
  <nd ref="6416529512"/>
  <nd ref="6416529513"/>
  <nd ref="6416529514"/>
  <nd ref="6416529515"/>
  <nd ref="6416529516"/>
  <nd ref="6416529517"/>
  <nd ref="6416529518"/>
  <nd ref="6416529519"/>
  <nd ref="6416529520"/>
  <nd ref="6416529521"/>
  <nd ref="6416529522"/>
  <nd ref="6416529523"/>
  <nd ref="6416529524"/>
  <nd ref="6416529525"/>
  <nd ref="6416529526"/>
  <nd ref="6416529527"/>
  <nd ref="6416529528"/>
  <nd ref="6416529529"/>
  <nd ref="6416529530"/>
  <nd ref="6416529531"/>
  <nd ref="6416529532"/>
  <nd ref="6416529533"/>
  <nd ref="6416529534"/>
  <nd ref="6416529535"/>
  <nd ref="6416529536"/>
  <nd ref="6416529537"/>
  <nd ref="6416529538"/>
  <nd ref="6416529539"/>
  <nd ref="6416529540"/>
  <nd ref="6416529541"/>
  <nd ref="6416529542"/>
  <nd ref="6416529543"/>
  <nd ref="6416529544"/>
  <nd ref="6416529545"/>
  <nd ref="6416529546"/>
  <nd ref="140731651"/>
  <tag k="access" v="no"/>
  <tag k="bicycle" v="yes"/>
  <tag k="foot" v="yes"/>
  <tag k="highway" v="path"/>
  <tag k="horse" v="yes"/>
  <tag k="incline" v="yes"/>
  <tag k="motor_vehicle" v="no"/>
  <tag k="name" v="Hobart to V&amp;T"/>
  <tag k="surface" v="unpaved"/>
  <tag k="width" v="1"/>
 </way>
 <way id="723262662" visible="true" version="3" changeset="172176191" timestamp="2025-09-19T18:00:40Z" user="Joseph R P" uid="10944197">
  <nd ref="140679326"/>
  <nd ref="13156110603"/>
  <nd ref="140731644"/>
  <nd ref="140731647"/>
  <nd ref="140731651"/>
  <nd ref="140731655"/>
  <nd ref="140729527"/>
  <tag k="highway" v="tertiary"/>
  <tag k="name" v="Hobart Road"/>
  <tag k="tiger:cfcc" v="A41"/>
  <tag k="tiger:county" v="Carson City, NV"/>
  <tag k="tiger:name_base" v="Hobart"/>
  <tag k="tiger:name_type" v="Rd"/>
  <tag k="tiger:reviewed" v="no"/>
 </way>
 <way id="723262663" visible="true" version="3" changeset="97491872" timestamp="2021-01-14T11:14:09Z" user="sunilaak" uid="10086280">
  <nd ref="140726909"/>
  <nd ref="140729266"/>
  <nd ref="140729269"/>
  <nd ref="140729271"/>
  <nd ref="140729274"/>
  <nd ref="140729279"/>
  <nd ref="140729287"/>
  <nd ref="140729291"/>
  <nd ref="140729295"/>
  <nd ref="140729299"/>
  <nd ref="140729303"/>
  <nd ref="140729308"/>
  <nd ref="140729312"/>
  <nd ref="140729317"/>
  <nd ref="140729323"/>
  <nd ref="140729326"/>
  <nd ref="140729329"/>
  <nd ref="140729332"/>
  <nd ref="140721577"/>
  <nd ref="8320978974"/>
  <nd ref="140729335"/>
  <nd ref="140729339"/>
  <nd ref="140729343"/>
  <nd ref="140729347"/>
  <nd ref="140729351"/>
  <nd ref="140729356"/>
  <nd ref="7980502318"/>
  <nd ref="140694336"/>
  <tag k="highway" v="residential"/>
  <tag k="name" v="Lakeview Road"/>
  <tag k="tiger:cfcc" v="A41"/>
  <tag k="tiger:county" v="Carson City, NV"/>
  <tag k="tiger:name_base" v="Lakeview"/>
  <tag k="tiger:name_type" v="Rd"/>
  <tag k="tiger:reviewed" v="no"/>
 </way>
 <way id="723262664" visible="true" version="4" changeset="100748563" timestamp="2021-03-10T05:19:25Z" user="rnupam" uid="11824322">
  <nd ref="140694336"/>
  <nd ref="8336728122"/>
  <nd ref="140694340"/>
  <nd ref="140694343"/>
  <nd ref="140694347"/>
  <nd ref="140694350"/>
  <nd ref="140694353"/>
  <nd ref="140694359"/>
  <nd ref="140694362"/>
  <nd ref="140694365"/>
  <nd ref="140694368"/>
  <nd ref="140694372"/>
  <nd ref="140693481"/>
  <nd ref="140694375"/>
  <nd ref="140694381"/>
  <nd ref="140694383"/>
  <nd ref="140694384"/>
  <nd ref="140694386"/>
  <nd ref="140694387"/>
  <nd ref="140694389"/>
  <nd ref="140694392"/>
  <nd ref="8502493769"/>
  <nd ref="140694394"/>
  <nd ref="140694395"/>
  <nd ref="140694398"/>
  <nd ref="140685290"/>
  <tag k="highway" v="residential"/>
  <tag k="name" v="Combs Canyon Road"/>
  <tag k="tiger:cfcc" v="A41"/>
  <tag k="tiger:county" v="Carson City, NV"/>
  <tag k="tiger:name_base" v="Combs Canyon"/>
  <tag k="tiger:name_type" v="Rd"/>
  <tag k="tiger:reviewed" v="no"/>
 </way>
 <way id="723262665" visible="true" version="1" changeset="74281822" timestamp="2019-09-09T21:24:15Z" user="btwhite92" uid="730573">
  <nd ref="2201803160"/>
  <nd ref="6618488670"/>
  <nd ref="6618488678"/>
  <nd ref="6618488668"/>
  <nd ref="6618488672"/>
  <nd ref="6618488671"/>
  <nd ref="6618488679"/>
  <nd ref="6618488667"/>
  <nd ref="140721671"/>
  <nd ref="140721674"/>
  <nd ref="140721676"/>
  <nd ref="140721679"/>
  <nd ref="140721682"/>
  <nd ref="140721685"/>
  <nd ref="140721689"/>
  <nd ref="140721692"/>
  <nd ref="140721695"/>
  <nd ref="140721698"/>
  <nd ref="140721701"/>
  <nd ref="140721705"/>
  <nd ref="140694324"/>
  <tag k="highway" v="service"/>
  <tag k="name" v="Weise Road"/>
  <tag k="surface" v="unpaved"/>
  <tag k="tiger:cfcc" v="A41"/>
  <tag k="tiger:county" v="Carson City, NV"/>
  <tag k="tiger:name_base" v="Weise"/>
  <tag k="tiger:name_type" v="Rd"/>
  <tag k="tiger:reviewed" v="no"/>
 </way>
 <way id="789742602" visible="true" version="3" changeset="181175523" timestamp="2026-04-11T05:56:45Z" user="Flap Slimy Outward" uid="22417964">
  <nd ref="7383769570"/>
  <nd ref="7383769571"/>
  <nd ref="7383769572"/>
  <nd ref="7383769573"/>
  <nd ref="7383769574"/>
  <nd ref="7383769575"/>
  <nd ref="7383769576"/>
  <nd ref="7383769719"/>
  <nd ref="7383769577"/>
  <nd ref="7383769716"/>
  <nd ref="7383769715"/>
  <nd ref="7383769578"/>
  <nd ref="7383769579"/>
  <nd ref="7383769580"/>
  <nd ref="7383769581"/>
  <nd ref="7383769582"/>
  <nd ref="7383769583"/>
  <nd ref="7383769584"/>
  <nd ref="1885634721"/>
  <nd ref="7383769586"/>
  <nd ref="7383769508"/>
  <nd ref="1885634714"/>
  <nd ref="1885634716"/>
  <nd ref="7383769590"/>
  <nd ref="7383769591"/>
  <nd ref="7383769592"/>
  <nd ref="7383769506"/>
  <nd ref="7383769593"/>
  <nd ref="7383769594"/>
  <nd ref="7383769598"/>
  <nd ref="7383769599"/>
  <nd ref="7383769610"/>
  <nd ref="7383769611"/>
  <nd ref="7383769612"/>
  <nd ref="7383769855"/>
  <nd ref="7383769854"/>
  <nd ref="7383769613"/>
  <nd ref="7383769856"/>
  <nd ref="7383769614"/>
  <nd ref="7383769857"/>
  <nd ref="7383769860"/>
  <nd ref="7383769861"/>
  <nd ref="7383769862"/>
  <nd ref="7383769863"/>
  <nd ref="7383769615"/>
  <nd ref="7383769864"/>
  <nd ref="7383769616"/>
  <nd ref="7383769868"/>
  <nd ref="7383769869"/>
  <nd ref="7383769853"/>
  <nd ref="7383769617"/>
  <nd ref="7383769852"/>
  <nd ref="7383769851"/>
  <nd ref="7383769850"/>
  <nd ref="7383769849"/>
  <nd ref="7383769618"/>
  <nd ref="7383769848"/>
  <nd ref="7383769624"/>
  <nd ref="7383769847"/>
  <nd ref="7383769846"/>
  <nd ref="7383769620"/>
  <nd ref="7383769845"/>
  <nd ref="7383769844"/>
  <nd ref="7383769843"/>
  <nd ref="7383769842"/>
  <nd ref="7383769841"/>
  <nd ref="7383769839"/>
  <nd ref="7383769840"/>
  <nd ref="7383769625"/>
  <nd ref="7383769838"/>
  <nd ref="7383769837"/>
  <nd ref="7383769836"/>
  <nd ref="7383769835"/>
  <nd ref="7383769834"/>
  <nd ref="7383769833"/>
  <nd ref="7383769619"/>
  <nd ref="7383769801"/>
  <nd ref="7383769832"/>
  <nd ref="7383769831"/>
  <nd ref="7383769830"/>
  <nd ref="7383769595"/>
  <nd ref="7383769829"/>
  <nd ref="7383769828"/>
  <nd ref="7383769827"/>
  <nd ref="7383769800"/>
  <nd ref="7383769826"/>
  <nd ref="7383769825"/>
  <nd ref="7383769824"/>
  <nd ref="7383769823"/>
  <nd ref="7383769822"/>
  <nd ref="7383769821"/>
  <nd ref="7383769820"/>
  <nd ref="7383769819"/>
  <nd ref="7383769817"/>
  <nd ref="7383769816"/>
  <nd ref="7383769815"/>
  <nd ref="7383769627"/>
  <nd ref="7383769798"/>
  <nd ref="7383769797"/>
  <nd ref="7383769796"/>
  <nd ref="7383769795"/>
  <nd ref="7383769794"/>
  <nd ref="7383769793"/>
  <nd ref="7383769792"/>
  <nd ref="7383769788"/>
  <nd ref="7383769791"/>
  <nd ref="7383769790"/>
  <nd ref="7383769789"/>
  <nd ref="7383769784"/>
  <nd ref="7383769787"/>
  <nd ref="7383769786"/>
  <nd ref="7383769785"/>
  <nd ref="7383769783"/>
  <nd ref="7383769628"/>
  <nd ref="7383769780"/>
  <nd ref="7383769779"/>
  <nd ref="7383769778"/>
  <nd ref="7383769626"/>
  <nd ref="7383769630"/>
  <nd ref="7383769760"/>
  <nd ref="7383769757"/>
  <nd ref="7383769759"/>
  <nd ref="7383769774"/>
  <nd ref="7383769761"/>
  <nd ref="7383769777"/>
  <nd ref="7383769776"/>
  <nd ref="7383769775"/>
  <nd ref="7383769758"/>
  <nd ref="7383769762"/>
  <nd ref="7383769767"/>
  <nd ref="7383769766"/>
  <nd ref="7383769770"/>
  <nd ref="7383769765"/>
  <nd ref="7383769764"/>
  <nd ref="7383769763"/>
  <nd ref="7383769750"/>
  <nd ref="7383769755"/>
  <nd ref="7383769756"/>
  <nd ref="7383769754"/>
  <nd ref="7383769753"/>
  <nd ref="7383769752"/>
  <nd ref="7383769751"/>
  <nd ref="7383769633"/>
  <nd ref="7383769635"/>
  <nd ref="7383769634"/>
  <nd ref="7383769636"/>
  <nd ref="7383769638"/>
  <nd ref="7383769637"/>
  <nd ref="7383769640"/>
  <nd ref="7383769639"/>
  <nd ref="7383769643"/>
  <nd ref="7383769642"/>
  <nd ref="7383769749"/>
  <nd ref="7383769641"/>
  <nd ref="7383769645"/>
  <nd ref="7383769644"/>
  <nd ref="7383769748"/>
  <nd ref="7383769646"/>
  <nd ref="7383769746"/>
  <nd ref="7383769629"/>
  <nd ref="7383769747"/>
  <nd ref="7383769648"/>
  <nd ref="7383769647"/>
  <nd ref="7383769649"/>
  <nd ref="7383769651"/>
  <nd ref="7383769650"/>
  <nd ref="7383769631"/>
  <nd ref="7383769632"/>
  <nd ref="7383769745"/>
  <nd ref="7383769661"/>
  <nd ref="7383769744"/>
  <nd ref="7383769662"/>
  <nd ref="7383769743"/>
  <nd ref="7383769742"/>
  <nd ref="7383769663"/>
  <nd ref="7383769741"/>
  <nd ref="7383769660"/>
  <nd ref="7383769740"/>
  <nd ref="7383769739"/>
  <nd ref="7383769738"/>
  <nd ref="7383769609"/>
  <nd ref="7383769664"/>
  <nd ref="7383769659"/>
  <nd ref="7383769737"/>
  <nd ref="7383769667"/>
  <nd ref="7383769668"/>
  <nd ref="7383769736"/>
  <nd ref="7383769666"/>
  <nd ref="7383769735"/>
  <nd ref="7383769669"/>
  <nd ref="7383769670"/>
  <nd ref="7383769671"/>
  <nd ref="7383769665"/>
  <nd ref="7383769734"/>
  <nd ref="7383769733"/>
  <nd ref="7383769605"/>
  <nd ref="13417010799"/>
  <nd ref="7383769658"/>
  <nd ref="7383769679"/>
  <nd ref="7383769680"/>
  <nd ref="7383769681"/>
  <nd ref="7383769682"/>
  <nd ref="7383769699"/>
  <nd ref="7383769697"/>
  <nd ref="7383769698"/>
  <nd ref="7383769684"/>
  <nd ref="7383769701"/>
  <nd ref="7383769702"/>
  <nd ref="7383769703"/>
  <nd ref="7383769700"/>
  <nd ref="7383769704"/>
  <nd ref="7383769683"/>
  <nd ref="7383769705"/>
  <nd ref="7383769706"/>
  <nd ref="7383769687"/>
  <nd ref="7383769708"/>
  <nd ref="7383769707"/>
  <nd ref="7383769709"/>
  <nd ref="7383769710"/>
  <nd ref="7383769689"/>
  <nd ref="7383769691"/>
  <nd ref="7383769559"/>
  <nd ref="7383769558"/>
  <nd ref="7383769557"/>
  <nd ref="7383769692"/>
  <nd ref="7383769714"/>
  <nd ref="7383769694"/>
  <nd ref="7383769713"/>
  <nd ref="7383769693"/>
  <nd ref="7383769712"/>
  <nd ref="7383769711"/>
  <nd ref="7383769695"/>
  <nd ref="7383769696"/>
  <nd ref="7383769690"/>
  <nd ref="7383769688"/>
  <nd ref="7383769686"/>
  <nd ref="7383769721"/>
  <nd ref="7383769685"/>
  <nd ref="7383769720"/>
  <nd ref="7383769722"/>
  <nd ref="7383769723"/>
  <nd ref="7383769724"/>
  <nd ref="7383769725"/>
  <nd ref="7383769726"/>
  <nd ref="7383769678"/>
  <nd ref="7383769727"/>
  <nd ref="7383769728"/>
  <nd ref="7383769677"/>
  <nd ref="7383769731"/>
  <nd ref="7383769676"/>
  <nd ref="7383769732"/>
  <nd ref="7383769675"/>
  <nd ref="7383769674"/>
  <nd ref="7383769730"/>
  <nd ref="7383769729"/>
  <nd ref="7383769673"/>
  <nd ref="7383769672"/>
  <nd ref="7383769657"/>
  <nd ref="7383769656"/>
  <nd ref="7383769654"/>
  <nd ref="7383769653"/>
  <nd ref="7383769652"/>
  <nd ref="7383769655"/>
  <nd ref="7383769608"/>
  <nd ref="7383769607"/>
  <nd ref="7383769604"/>
  <nd ref="7383769606"/>
  <nd ref="7383769603"/>
  <nd ref="7383769602"/>
  <nd ref="7383769601"/>
  <nd ref="7383769600"/>
  <nd ref="7383769596"/>
  <nd ref="7383769597"/>
  <nd ref="7383769570"/>
  <tag k="natural" v="heath"/>
 </way>
 <way id="792745524" visible="true" version="2" changeset="95253244" timestamp="2020-12-03T23:46:07Z" user="larz86" uid="8127210">
  <nd ref="8192338614"/>
  <nd ref="8192338613"/>
  <nd ref="8192338612"/>
  <nd ref="8192338611"/>
  <nd ref="8192338610"/>
  <nd ref="8192338616"/>
  <tag k="intermittent" v="yes"/>
  <tag k="waterway" v="stream"/>
 </way>
 <way id="792745527" visible="true" version="2" changeset="95253244" timestamp="2020-12-03T23:46:07Z" user="larz86" uid="8127210">
  <nd ref="7412864977"/>
  <nd ref="7412864978"/>
  <nd ref="7412864979"/>
  <nd ref="7412864980"/>
  <nd ref="7412864981"/>
  <nd ref="7412864982"/>
  <nd ref="7412864983"/>
  <nd ref="7412864984"/>
  <nd ref="7412864985"/>
  <nd ref="7412864986"/>
  <nd ref="7412864987"/>
  <nd ref="7412864988"/>
  <nd ref="7412864989"/>
  <nd ref="7412864990"/>
  <nd ref="7412864991"/>
  <nd ref="7412864992"/>
  <nd ref="7412864993"/>
  <nd ref="7412864994"/>
  <nd ref="7412864995"/>
  <nd ref="7412864996"/>
  <nd ref="7412864997"/>
  <nd ref="7412864998"/>
  <nd ref="7412864999"/>
  <nd ref="7412865000"/>
  <nd ref="8192343929"/>
  <nd ref="7412865024"/>
  <nd ref="8192343954"/>
  <nd ref="7412865001"/>
  <nd ref="8192338594"/>
  <nd ref="8192338595"/>
  <nd ref="8192338596"/>
  <nd ref="8192338597"/>
  <nd ref="8192343928"/>
  <nd ref="8192343927"/>
  <nd ref="8192343923"/>
  <nd ref="8192338593"/>
  <nd ref="8192343926"/>
  <nd ref="8192343924"/>
  <nd ref="8192343925"/>
  <nd ref="8192343919"/>
  <nd ref="7412865004"/>
  <nd ref="8192343922"/>
  <nd ref="8192343921"/>
  <nd ref="8192343920"/>
  <nd ref="8192343918"/>
  <nd ref="8192338592"/>
  <nd ref="8192343917"/>
  <nd ref="7412865023"/>
  <nd ref="7412865011"/>
  <nd ref="7412865017"/>
  <nd ref="7412865016"/>
  <nd ref="7412865015"/>
  <nd ref="7412865013"/>
  <nd ref="7412865014"/>
  <nd ref="8192344025"/>
  <nd ref="8192344026"/>
  <nd ref="8192344024"/>
  <nd ref="7412865012"/>
  <nd ref="2731452728"/>
  <nd ref="7412865010"/>
  <nd ref="7412865005"/>
  <nd ref="7412865006"/>
  <nd ref="7412865007"/>
  <nd ref="7412865008"/>
  <nd ref="7412865009"/>
  <nd ref="7412865022"/>
  <nd ref="2731452702"/>
  <nd ref="2731452700"/>
  <nd ref="7412865002"/>
  <nd ref="7412865003"/>
  <nd ref="7412864977"/>
  <tag k="natural" v="heath"/>
 </way>
 <way id="852322505" visible="true" version="1" changeset="91627118" timestamp="2020-09-28T09:06:48Z" user="riysingh" uid="10127777">
  <nd ref="140685133"/>
  <nd ref="7950462487"/>
  <nd ref="7950462488"/>
  <nd ref="7950462489"/>
  <nd ref="7950462490"/>
  <nd ref="7950462491"/>
  <tag k="highway" v="service"/>
 </way>
 <way id="852322506" visible="true" version="1" changeset="91627118" timestamp="2020-09-28T09:06:48Z" user="riysingh" uid="10127777">
  <nd ref="7950462492"/>
  <nd ref="7950462493"/>
  <nd ref="7950462494"/>
  <nd ref="7950462495"/>
  <nd ref="7950462496"/>
  <tag k="highway" v="service"/>
  <tag k="service" v="driveway"/>
 </way>
 <way id="852322509" visible="true" version="1" changeset="91627118" timestamp="2020-09-28T09:06:48Z" user="riysingh" uid="10127777">
  <nd ref="140724532"/>
  <nd ref="7950462533"/>
  <nd ref="7950462534"/>
  <nd ref="7950462535"/>
  <nd ref="7950462536"/>
  <nd ref="7950462537"/>
  <nd ref="7950462538"/>
  <nd ref="7950462539"/>
  <nd ref="7950462540"/>
  <nd ref="7950462541"/>
  <nd ref="7950462542"/>
  <tag k="highway" v="service"/>
  <tag k="service" v="driveway"/>
 </way>
 <way id="852322510" visible="true" version="1" changeset="91627118" timestamp="2020-09-28T09:06:48Z" user="riysingh" uid="10127777">
  <nd ref="140722807"/>
  <nd ref="7950462543"/>
  <nd ref="7950462544"/>
  <nd ref="7950462545"/>
  <nd ref="7950462546"/>
  <nd ref="7950462547"/>
  <tag k="highway" v="service"/>
  <tag k="service" v="driveway"/>
 </way>
 <way id="852322511" visible="true" version="1" changeset="91627118" timestamp="2020-09-28T09:06:48Z" user="riysingh" uid="10127777">
  <nd ref="7950462552"/>
  <nd ref="7950462551"/>
  <nd ref="7950462550"/>
  <nd ref="7950462548"/>
  <nd ref="7950462549"/>
  <tag k="highway" v="service"/>
  <tag k="service" v="driveway"/>
 </way>
 <way id="852322512" visible="true" version="2" changeset="98261918" timestamp="2021-01-28T04:05:53Z" user="somaswap" uid="11705745">
  <nd ref="7950462553"/>
  <nd ref="8370143907"/>
  <nd ref="7950462554"/>
  <nd ref="7950462555"/>
  <nd ref="7950462556"/>
  <nd ref="7950462557"/>
  <nd ref="7950462558"/>
  <tag k="highway" v="service"/>
  <tag k="service" v="driveway"/>
 </way>
 <way id="855214460" visible="true" version="1" changeset="91951669" timestamp="2020-10-05T02:57:47Z" user="vkatredd" uid="10457697">
  <nd ref="7975341011"/>
  <nd ref="7975341032"/>
  <nd ref="7975341012"/>
  <nd ref="7975341013"/>
  <nd ref="7975341014"/>
  <nd ref="7975341015"/>
  <nd ref="7975341016"/>
  <nd ref="7975341017"/>
  <nd ref="7975341018"/>
  <nd ref="7975341019"/>
  <nd ref="7975341020"/>
  <nd ref="7975341021"/>
  <nd ref="7975341022"/>
  <nd ref="7975341023"/>
  <nd ref="7975341024"/>
  <nd ref="7975341025"/>
  <nd ref="7975341026"/>
  <tag k="highway" v="service"/>
 </way>
 <way id="855214461" visible="true" version="1" changeset="91951669" timestamp="2020-10-05T02:57:47Z" user="vkatredd" uid="10457697">
  <nd ref="7975341027"/>
  <nd ref="7975341028"/>
  <nd ref="7975341029"/>
  <nd ref="7975341030"/>
  <nd ref="7975341031"/>
  <nd ref="7975341032"/>
  <tag k="highway" v="service"/>
  <tag k="service" v="driveway"/>
 </way>
 <way id="855214462" visible="true" version="1" changeset="91951669" timestamp="2020-10-05T02:57:47Z" user="vkatredd" uid="10457697">
  <nd ref="7975341033"/>
  <nd ref="7975341034"/>
  <nd ref="7975341035"/>
  <nd ref="7975341036"/>
  <nd ref="7975341037"/>
  <nd ref="7975341038"/>
  <nd ref="7975341039"/>
  <nd ref="7975341040"/>
  <nd ref="7975341041"/>
  <tag k="highway" v="service"/>
  <tag k="service" v="driveway"/>
 </way>
 <way id="855214463" visible="true" version="1" changeset="91951669" timestamp="2020-10-05T02:57:47Z" user="vkatredd" uid="10457697">
  <nd ref="7975341042"/>
  <nd ref="7975341043"/>
  <nd ref="7975341044"/>
  <nd ref="7975341045"/>
  <nd ref="7975341046"/>
  <nd ref="7975341047"/>
  <nd ref="7975341048"/>
  <nd ref="7975341049"/>
  <nd ref="7975341050"/>
  <nd ref="7975341051"/>
  <nd ref="7975341052"/>
  <nd ref="7975341053"/>
  <tag k="highway" v="service"/>
  <tag k="service" v="driveway"/>
 </way>
 <way id="855781619" visible="true" version="1" changeset="92030315" timestamp="2020-10-06T08:04:24Z" user="buddhirv" uid="10145792">
  <nd ref="7980130223"/>
  <nd ref="7980130224"/>
  <nd ref="7980130225"/>
  <nd ref="7980130226"/>
  <nd ref="7980130227"/>
  <tag k="highway" v="service"/>
  <tag k="service" v="driveway"/>
 </way>
 <way id="855781620" visible="true" version="1" changeset="92030315" timestamp="2020-10-06T08:04:24Z" user="buddhirv" uid="10145792">
  <nd ref="7980130228"/>
  <nd ref="7980130229"/>
  <nd ref="7980130230"/>
  <tag k="highway" v="service"/>
  <tag k="service" v="driveway"/>
 </way>
 <way id="855782451" visible="true" version="1" changeset="92030500" timestamp="2020-10-06T08:06:45Z" user="vvvuppal" uid="10086302">
  <nd ref="7980137846"/>
  <nd ref="7980137847"/>
  <nd ref="7980137848"/>
  <nd ref="7980137849"/>
  <nd ref="7980137850"/>
  <nd ref="7980137851"/>
  <nd ref="7980137852"/>
  <nd ref="7980137853"/>
  <nd ref="7980137854"/>
  <nd ref="7980137855"/>
  <nd ref="7980137856"/>
  <nd ref="7980137857"/>
  <nd ref="7980137858"/>
  <nd ref="7980137859"/>
  <nd ref="7980137860"/>
  <nd ref="7980137861"/>
  <nd ref="7980137862"/>
  <nd ref="7980137863"/>
  <nd ref="7980137864"/>
  <nd ref="7980137865"/>
  <nd ref="7980137866"/>
  <nd ref="7980137867"/>
  <nd ref="7980137868"/>
  <nd ref="7980137869"/>
  <nd ref="7980137870"/>
  <nd ref="7980137871"/>
  <nd ref="7980137872"/>
  <nd ref="7980137859"/>
  <tag k="highway" v="service"/>
 </way>
 <way id="855816979" visible="true" version="1" changeset="92033259" timestamp="2020-10-06T08:45:08Z" user="vkatredd" uid="10457697">
  <nd ref="7980502318"/>
  <nd ref="7980502319"/>
  <nd ref="7980502320"/>
  <nd ref="7980502321"/>
  <nd ref="7980502322"/>
  <nd ref="7980502323"/>
  <nd ref="7980502324"/>
  <nd ref="7980502325"/>
  <nd ref="7980502326"/>
  <nd ref="7980502327"/>
  <nd ref="7980502328"/>
  <tag k="highway" v="service"/>
  <tag k="service" v="driveway"/>
 </way>
 <way id="855890295" visible="true" version="1" changeset="92047660" timestamp="2020-10-06T11:56:47Z" user="vaisn" uid="11808062">
  <nd ref="7981164297"/>
  <nd ref="7981164298"/>
  <nd ref="7981164299"/>
  <nd ref="7981164300"/>
  <nd ref="7981164301"/>
  <nd ref="7981164302"/>
  <nd ref="7981164303"/>
  <nd ref="7981164304"/>
  <nd ref="7981164305"/>
  <nd ref="7981164306"/>
  <nd ref="7981164307"/>
  <nd ref="7981164308"/>
  <nd ref="7981164309"/>
  <nd ref="7981164310"/>
  <nd ref="7981164311"/>
  <tag k="highway" v="service"/>
  <tag k="service" v="driveway"/>
 </way>
 <way id="856227866" visible="true" version="1" changeset="92085513" timestamp="2020-10-07T06:19:44Z" user="kevmath" uid="10480287">
  <nd ref="7983732130"/>
  <nd ref="7983732131"/>
  <nd ref="7983732132"/>
  <nd ref="7983732133"/>
  <nd ref="7983732134"/>
  <nd ref="7983732135"/>
  <nd ref="7983732136"/>
  <nd ref="7983732137"/>
  <nd ref="7983732138"/>
  <nd ref="7983732139"/>
  <nd ref="7983732140"/>
  <nd ref="7983732141"/>
  <nd ref="7983732142"/>
  <nd ref="7983732143"/>
  <tag k="highway" v="service"/>
 </way>
 <way id="856227867" visible="true" version="1" changeset="92085513" timestamp="2020-10-07T06:19:44Z" user="kevmath" uid="10480287">
  <nd ref="7983732144"/>
  <nd ref="7983732145"/>
  <nd ref="7983732146"/>
  <nd ref="7983732147"/>
  <nd ref="7983732148"/>
  <nd ref="7983732149"/>
  <nd ref="7983732150"/>
  <nd ref="7983732151"/>
  <nd ref="7983732152"/>
  <nd ref="7983732153"/>
  <nd ref="7983732154"/>
  <nd ref="7983732155"/>
  <nd ref="7983732156"/>
  <nd ref="7983732157"/>
  <nd ref="7983732136"/>
  <tag k="highway" v="service"/>
 </way>
 <way id="880810948" visible="true" version="2" changeset="176604185" timestamp="2025-12-30T00:06:55Z" user="larz86" uid="8127210">
  <nd ref="8192338525"/>
  <nd ref="8192338526"/>
  <nd ref="8192338592"/>
  <nd ref="8192343918"/>
  <nd ref="8192343920"/>
  <nd ref="8192343921"/>
  <nd ref="8192338527"/>
  <nd ref="8192343922"/>
  <nd ref="8192338528"/>
  <nd ref="8192338529"/>
  <nd ref="8192338530"/>
  <nd ref="8192338593"/>
  <nd ref="8192343923"/>
  <nd ref="8192343927"/>
  <nd ref="8192343928"/>
  <nd ref="8192338597"/>
  <nd ref="8192338531"/>
  <nd ref="8192338532"/>
  <nd ref="8192338533"/>
  <nd ref="8192344023"/>
  <nd ref="8192338555"/>
  <nd ref="8192338534"/>
  <nd ref="8192338535"/>
  <nd ref="8192338536"/>
  <nd ref="8192338537"/>
  <nd ref="8192338538"/>
  <nd ref="8192338539"/>
  <nd ref="8192338540"/>
  <nd ref="13417010804"/>
  <nd ref="8192338541"/>
  <nd ref="13417010805"/>
  <nd ref="8192338542"/>
  <nd ref="13417010807"/>
  <nd ref="8192338543"/>
  <nd ref="8192338544"/>
  <nd ref="8192338545"/>
  <nd ref="8192338546"/>
  <nd ref="8192338547"/>
  <nd ref="8192338548"/>
  <nd ref="8192338549"/>
  <nd ref="8192338550"/>
  <nd ref="8192338551"/>
  <nd ref="8192338552"/>
  <nd ref="8192338553"/>
  <nd ref="8192338554"/>
  <nd ref="8192338525"/>
  <tag k="landuse" v="residential"/>
 </way>
 <way id="880810949" visible="true" version="3" changeset="98044701" timestamp="2021-01-24T07:05:52Z" user="larz86" uid="8127210">
  <nd ref="8192338555"/>
  <nd ref="8192338591"/>
  <nd ref="8192338556"/>
  <nd ref="8192338557"/>
  <nd ref="8192338558"/>
  <nd ref="8192338559"/>
  <nd ref="8192338560"/>
  <nd ref="7412864893"/>
  <nd ref="7412864894"/>
  <nd ref="7412864895"/>
  <nd ref="7412864896"/>
  <nd ref="7412864897"/>
  <nd ref="7412864898"/>
  <nd ref="7412864899"/>
  <nd ref="7412864900"/>
  <nd ref="7412864901"/>
  <nd ref="7412864902"/>
  <nd ref="7412864903"/>
  <nd ref="7412864904"/>
  <nd ref="7412864905"/>
  <nd ref="7412864906"/>
  <nd ref="7412864907"/>
  <nd ref="7412864908"/>
  <nd ref="7412864909"/>
  <nd ref="8192338561"/>
  <nd ref="8192338562"/>
  <nd ref="8192338563"/>
  <nd ref="8192338564"/>
  <nd ref="8221385415"/>
  <nd ref="8221385414"/>
  <nd ref="8192338565"/>
  <nd ref="8192338566"/>
  <nd ref="8192338567"/>
  <nd ref="8192338568"/>
  <nd ref="8192338569"/>
  <nd ref="8192338570"/>
  <nd ref="8192338571"/>
  <nd ref="8192338572"/>
  <nd ref="8192338573"/>
  <nd ref="8192338574"/>
  <nd ref="8192338575"/>
  <nd ref="8192338576"/>
  <nd ref="8192338577"/>
  <nd ref="8192338578"/>
  <nd ref="2710963667"/>
  <nd ref="2710963668"/>
  <nd ref="2710963669"/>
  <nd ref="2710963670"/>
  <nd ref="2710963671"/>
  <nd ref="2710963672"/>
  <nd ref="2710963673"/>
  <nd ref="2710963674"/>
  <nd ref="2710963675"/>
  <nd ref="7236218632"/>
  <nd ref="2710963676"/>
  <nd ref="7236218631"/>
  <nd ref="7236218630"/>
  <nd ref="2710963677"/>
  <nd ref="2710963678"/>
  <nd ref="2710963679"/>
  <nd ref="2710963680"/>
  <nd ref="2710963681"/>
  <nd ref="2710963682"/>
  <nd ref="2710963683"/>
  <nd ref="2710963684"/>
  <nd ref="2710963685"/>
  <nd ref="2710963686"/>
  <nd ref="2710963687"/>
  <nd ref="2710963688"/>
  <nd ref="2710963689"/>
  <nd ref="2710963690"/>
  <nd ref="2710963691"/>
  <nd ref="8356589216"/>
  <nd ref="8356589215"/>
  <nd ref="8356615622"/>
  <nd ref="8356615621"/>
  <nd ref="8356615620"/>
  <nd ref="8356615619"/>
  <nd ref="8356615618"/>
  <nd ref="8356615617"/>
  <nd ref="8192338579"/>
  <nd ref="8356589194"/>
  <nd ref="8356589193"/>
  <nd ref="8356589200"/>
  <nd ref="8356589199"/>
  <nd ref="8192338580"/>
  <nd ref="8192338581"/>
  <nd ref="8356589206"/>
  <nd ref="8192338582"/>
  <nd ref="8356589207"/>
  <nd ref="8356589211"/>
  <nd ref="8356589212"/>
  <nd ref="8192338583"/>
  <nd ref="8356589213"/>
  <nd ref="8192338584"/>
  <nd ref="8192338585"/>
  <nd ref="8192338586"/>
  <nd ref="8192338587"/>
  <nd ref="8192338588"/>
  <nd ref="8192338589"/>
  <nd ref="8192338590"/>
  <nd ref="8192338540"/>
  <nd ref="8192338539"/>
  <nd ref="8192338538"/>
  <nd ref="8192338537"/>
  <nd ref="8192338536"/>
  <nd ref="8192338535"/>
  <nd ref="8192338534"/>
  <nd ref="8192338555"/>
  <tag k="natural" v="heath"/>
 </way>
 <way id="880810950" visible="true" version="1" changeset="95253244" timestamp="2020-12-03T23:46:07Z" user="larz86" uid="8127210">
  <nd ref="8192338615"/>
  <nd ref="8192338609"/>
  <nd ref="8192338608"/>
  <nd ref="8192338607"/>
  <nd ref="8192338606"/>
  <nd ref="8192338605"/>
  <nd ref="8192338604"/>
  <nd ref="8192338603"/>
  <nd ref="8192338602"/>
  <nd ref="8192338601"/>
  <nd ref="8192338600"/>
  <nd ref="8192338599"/>
  <nd ref="8192338598"/>
  <nd ref="7412864910"/>
  <nd ref="7412864911"/>
  <nd ref="7412864912"/>
  <nd ref="7412864913"/>
  <nd ref="7412864914"/>
  <nd ref="7412864915"/>
  <nd ref="7412864916"/>
  <nd ref="7412864917"/>
  <nd ref="7412864918"/>
  <nd ref="7412864919"/>
  <nd ref="7412864920"/>
  <nd ref="7412864921"/>
  <nd ref="7412864922"/>
  <nd ref="7412864923"/>
  <nd ref="7412864924"/>
  <nd ref="7412864925"/>
  <nd ref="7412864926"/>
  <nd ref="7412864927"/>
  <nd ref="7412864928"/>
  <nd ref="7412864929"/>
  <nd ref="7412864930"/>
  <nd ref="7412864931"/>
  <nd ref="7412864932"/>
  <nd ref="7412864933"/>
  <nd ref="7412864934"/>
  <nd ref="7412864935"/>
  <nd ref="7412864936"/>
  <nd ref="7412864937"/>
  <nd ref="7412864938"/>
  <nd ref="7412864939"/>
  <nd ref="7412864940"/>
  <nd ref="7412864941"/>
  <nd ref="7412864942"/>
  <nd ref="7412864943"/>
  <nd ref="7412864944"/>
  <nd ref="7412864945"/>
  <nd ref="7412864946"/>
  <nd ref="7412864947"/>
  <nd ref="7412864948"/>
  <nd ref="7412864949"/>
  <nd ref="7412864950"/>
  <nd ref="7412864951"/>
  <nd ref="7412864952"/>
  <nd ref="7412864953"/>
  <nd ref="7412864954"/>
  <nd ref="7412864955"/>
  <nd ref="7412864956"/>
  <nd ref="7412864957"/>
  <nd ref="7412864958"/>
  <nd ref="7412864959"/>
  <nd ref="7412864960"/>
  <nd ref="7412864961"/>
  <nd ref="7412864962"/>
  <nd ref="7412864963"/>
  <nd ref="7412864964"/>
  <nd ref="7412864965"/>
  <nd ref="7412864966"/>
  <nd ref="7412864976"/>
  <tag k="intermittent" v="yes"/>
  <tag k="waterway" v="stream"/>
 </way>
 <way id="880810951" visible="true" version="1" changeset="95253244" timestamp="2020-12-03T23:46:07Z" user="larz86" uid="8127210">
  <nd ref="8192338616"/>
  <nd ref="8192338615"/>
  <tag k="intermittent" v="yes"/>
  <tag k="layer" v="-1"/>
  <tag k="tunnel" v="culvert"/>
  <tag k="waterway" v="stream"/>
 </way>
 <way id="880810952" visible="true" version="1" changeset="95253244" timestamp="2020-12-03T23:46:07Z" user="larz86" uid="8127210">
  <nd ref="8192338529"/>
  <nd ref="8192338528"/>
  <nd ref="8192343922"/>
  <nd ref="7412865004"/>
  <nd ref="8192343919"/>
  <nd ref="8192343925"/>
  <nd ref="8192343924"/>
  <nd ref="8192343926"/>
  <nd ref="8192338593"/>
  <nd ref="8192338530"/>
  <nd ref="8192338529"/>
  <tag k="natural" v="wood"/>
 </way>
 <way id="880810954" visible="true" version="1" changeset="95253244" timestamp="2020-12-03T23:46:07Z" user="larz86" uid="8127210">
  <nd ref="8192343934"/>
  <nd ref="8192343935"/>
  <nd ref="8192343936"/>
  <nd ref="8192343937"/>
  <nd ref="8192343938"/>
  <nd ref="8192343939"/>
  <nd ref="8192343940"/>
  <nd ref="8192343941"/>
  <nd ref="8192343942"/>
  <nd ref="8192343943"/>
  <nd ref="8192343944"/>
  <nd ref="8192343945"/>
  <nd ref="8192343946"/>
  <nd ref="8192343947"/>
  <nd ref="8192343948"/>
  <nd ref="8192343949"/>
  <nd ref="8192343950"/>
  <nd ref="8192343951"/>
  <nd ref="8192343952"/>
  <nd ref="8192343953"/>
  <nd ref="8192343968"/>
  <nd ref="8192344011"/>
  <nd ref="8192343954"/>
  <nd ref="7412865024"/>
  <nd ref="8192343929"/>
  <nd ref="8192343930"/>
  <nd ref="8192343931"/>
  <nd ref="8192343932"/>
  <nd ref="8192343933"/>
  <nd ref="7412864995"/>
  <nd ref="7412864993"/>
  <nd ref="8192343934"/>
  <tag k="natural" v="heath"/>
 </way>
 <way id="880810956" visible="true" version="1" changeset="95253244" timestamp="2020-12-03T23:46:07Z" user="larz86" uid="8127210">
  <nd ref="8192343962"/>
  <nd ref="8192338596"/>
  <nd ref="8192338595"/>
  <nd ref="8192338594"/>
  <nd ref="7412865001"/>
  <nd ref="8192344008"/>
  <nd ref="8192343963"/>
  <nd ref="8192343964"/>
  <nd ref="8192343965"/>
  <nd ref="8192343966"/>
  <nd ref="8192343967"/>
  <nd ref="8192343962"/>
  <tag k="landuse" v="residential"/>
 </way>
 <way id="880810957" visible="true" version="1" changeset="95253244" timestamp="2020-12-03T23:46:07Z" user="larz86" uid="8127210">
  <nd ref="8192343968"/>
  <nd ref="8192343969"/>
  <nd ref="8192343970"/>
  <nd ref="8192343971"/>
  <nd ref="8192344012"/>
  <nd ref="8192343950"/>
  <nd ref="8192343951"/>
  <nd ref="8192343952"/>
  <nd ref="8192343953"/>
  <nd ref="8192343968"/>
  <tag k="landuse" v="residential"/>
 </way>
 <way id="880810958" visible="true" version="1" changeset="95253244" timestamp="2020-12-03T23:46:07Z" user="larz86" uid="8127210">
  <nd ref="8192343972"/>
  <nd ref="8192343973"/>
  <nd ref="8192343974"/>
  <nd ref="8192343975"/>
  <nd ref="8192343976"/>
  <nd ref="8192343977"/>
  <nd ref="8192343972"/>
  <tag k="building" v="house"/>
  <tag k="source" v="microsoft/BuildingFootprints"/>
 </way>
 <way id="880810959" visible="true" version="1" changeset="95253244" timestamp="2020-12-03T23:46:07Z" user="larz86" uid="8127210">
  <nd ref="8192343978"/>
  <nd ref="8192343979"/>
  <nd ref="8192343980"/>
  <nd ref="8192343981"/>
  <nd ref="8192343982"/>
  <nd ref="8192343983"/>
  <nd ref="8192343984"/>
  <nd ref="8192343985"/>
  <nd ref="8192343986"/>
  <nd ref="8192343987"/>
  <nd ref="8192343978"/>
  <tag k="building" v="house"/>
  <tag k="source" v="microsoft/BuildingFootprints"/>
 </way>
 <way id="880810960" visible="true" version="1" changeset="95253244" timestamp="2020-12-03T23:46:07Z" user="larz86" uid="8127210">
  <nd ref="8192343988"/>
  <nd ref="8192343989"/>
  <nd ref="8192343990"/>
  <nd ref="8192343991"/>
  <nd ref="8192343992"/>
  <nd ref="8192343993"/>
  <nd ref="8192343988"/>
  <tag k="building" v="house"/>
  <tag k="source" v="microsoft/BuildingFootprints"/>
 </way>
 <way id="880810961" visible="true" version="1" changeset="95253244" timestamp="2020-12-03T23:46:07Z" user="larz86" uid="8127210">
  <nd ref="8192343994"/>
  <nd ref="8192343995"/>
  <nd ref="8192343996"/>
  <nd ref="8192343997"/>
  <nd ref="8192343994"/>
  <tag k="building" v="house"/>
  <tag k="source" v="microsoft/BuildingFootprints"/>
 </way>
 <way id="880810962" visible="true" version="1" changeset="95253244" timestamp="2020-12-03T23:46:07Z" user="larz86" uid="8127210">
  <nd ref="8192343998"/>
  <nd ref="8192343999"/>
  <nd ref="8192344000"/>
  <nd ref="8192344001"/>
  <nd ref="8192344002"/>
  <nd ref="8192344003"/>
  <nd ref="8192343998"/>
  <tag k="building" v="house"/>
  <tag k="source" v="microsoft/BuildingFootprints"/>
 </way>
 <way id="880810963" visible="true" version="1" changeset="95253244" timestamp="2020-12-03T23:46:07Z" user="larz86" uid="8127210">
  <nd ref="8192344004"/>
  <nd ref="8192344005"/>
  <nd ref="8192344006"/>
  <nd ref="8192344007"/>
  <nd ref="8192344004"/>
  <tag k="building" v="house"/>
  <tag k="source" v="microsoft/BuildingFootprints"/>
 </way>
 <way id="880810964" visible="true" version="1" changeset="95253244" timestamp="2020-12-03T23:46:07Z" user="larz86" uid="8127210">
  <nd ref="8192344008"/>
  <nd ref="8192344009"/>
  <nd ref="8192344010"/>
  <nd ref="8192344011"/>
  <nd ref="8192343968"/>
  <nd ref="8192343969"/>
  <nd ref="8192343970"/>
  <nd ref="8192343971"/>
  <nd ref="8192344012"/>
  <nd ref="8192344013"/>
  <nd ref="8192344014"/>
  <nd ref="8192344015"/>
  <nd ref="8192344016"/>
  <nd ref="8192344017"/>
  <nd ref="8192344018"/>
  <nd ref="8192344019"/>
  <nd ref="8192344020"/>
  <nd ref="8192344021"/>
  <nd ref="8192344022"/>
  <nd ref="8192344023"/>
  <nd ref="8192338533"/>
  <nd ref="8192338532"/>
  <nd ref="8192338531"/>
  <nd ref="8192338597"/>
  <nd ref="8192338596"/>
  <nd ref="8192343962"/>
  <nd ref="8192343967"/>
  <nd ref="8192343966"/>
  <nd ref="8192343965"/>
  <nd ref="8192343964"/>
  <nd ref="8192343963"/>
  <nd ref="8192344008"/>
  <tag k="natural" v="heath"/>
 </way>
 <way id="880851703" visible="true" version="2" changeset="98234459" timestamp="2021-01-27T14:01:23Z" user="vbbukka" uid="10159579">
  <nd ref="8192730366"/>
  <nd ref="8192730367"/>
  <nd ref="8192730368"/>
  <nd ref="8192730369"/>
  <nd ref="8192730370"/>
  <nd ref="8192730371"/>
  <nd ref="8192730372"/>
  <nd ref="8192730373"/>
  <nd ref="8192730374"/>
  <nd ref="8192730375"/>
  <nd ref="8192730376"/>
  <nd ref="8192730377"/>
  <nd ref="8192730378"/>
  <nd ref="8192730379"/>
  <nd ref="8192730380"/>
  <nd ref="8192730381"/>
  <nd ref="8192730382"/>
  <nd ref="8192730383"/>
  <nd ref="8192730384"/>
  <nd ref="8192730385"/>
  <nd ref="8192730386"/>
  <nd ref="8192730387"/>
  <nd ref="8192730388"/>
  <nd ref="8192730389"/>
  <nd ref="8192730390"/>
  <nd ref="8192730391"/>
  <nd ref="8192730392"/>
  <nd ref="8192730393"/>
  <nd ref="8192730394"/>
  <nd ref="8192730395"/>
  <nd ref="8192730396"/>
  <nd ref="8192730397"/>
  <nd ref="8192730398"/>
  <nd ref="8192730399"/>
  <nd ref="8192730400"/>
  <nd ref="8192730401"/>
  <nd ref="8192730402"/>
  <tag k="highway" v="track"/>
 </way>
 <way id="880851704" visible="true" version="1" changeset="95263427" timestamp="2020-12-04T04:40:09Z" user="BryanOSullivan" uid="10729167">
  <nd ref="8192730403"/>
  <nd ref="8192730404"/>
  <nd ref="8192730405"/>
  <nd ref="8192730406"/>
  <nd ref="8192730407"/>
  <nd ref="8192730408"/>
  <nd ref="8192730409"/>
  <nd ref="8192730402"/>
  <nd ref="8192730410"/>
  <nd ref="8192730411"/>
  <nd ref="8192730412"/>
  <nd ref="8192730413"/>
  <nd ref="8192730414"/>
  <nd ref="8192730415"/>
  <nd ref="8192730416"/>
  <nd ref="8192730417"/>
  <nd ref="8192730418"/>
  <nd ref="8192730419"/>
  <nd ref="8192730420"/>
  <nd ref="8192730421"/>
  <nd ref="8192730422"/>
  <nd ref="8192730423"/>
  <nd ref="8192730424"/>
  <nd ref="8192730425"/>
  <nd ref="8192730426"/>
  <nd ref="8192730427"/>
  <nd ref="8192730428"/>
  <tag k="highway" v="track"/>
 </way>
 <way id="880851705" visible="true" version="1" changeset="95263427" timestamp="2020-12-04T04:40:09Z" user="BryanOSullivan" uid="10729167">
  <nd ref="8192730428"/>
  <nd ref="8192730429"/>
  <nd ref="8192730430"/>
  <nd ref="8192730431"/>
  <nd ref="8192730432"/>
  <nd ref="8192730433"/>
  <nd ref="8192730434"/>
  <nd ref="8192730435"/>
  <nd ref="8192730436"/>
  <nd ref="8192730437"/>
  <nd ref="8192730438"/>
  <nd ref="8192730439"/>
  <nd ref="8192730440"/>
  <nd ref="8192730441"/>
  <nd ref="8192730442"/>
  <nd ref="8192730443"/>
  <nd ref="8192730444"/>
  <nd ref="8192730445"/>
  <nd ref="8192730446"/>
  <nd ref="8192730447"/>
  <nd ref="8192730448"/>
  <nd ref="8192730449"/>
  <nd ref="8192730450"/>
  <nd ref="8192730451"/>
  <nd ref="8192730452"/>
  <nd ref="8192730453"/>
  <nd ref="8192730454"/>
  <nd ref="8192730455"/>
  <nd ref="8192730456"/>
  <nd ref="8192730457"/>
  <nd ref="8192730458"/>
  <nd ref="8192730459"/>
  <nd ref="8192730460"/>
  <nd ref="8192730461"/>
  <nd ref="8192730462"/>
  <nd ref="8192730463"/>
  <nd ref="8192730464"/>
  <nd ref="8192730465"/>
  <nd ref="8192730466"/>
  <nd ref="8192730467"/>
  <nd ref="8192730468"/>
  <nd ref="8192730469"/>
  <nd ref="8192730470"/>
  <nd ref="8192730471"/>
  <nd ref="8192730472"/>
  <nd ref="8192730473"/>
  <nd ref="8192730474"/>
  <tag k="highway" v="track"/>
 </way>
 <way id="882223109" visible="true" version="2" changeset="168321493" timestamp="2025-06-30T18:06:30Z" user="btwhite92" uid="730573">
  <nd ref="140297853"/>
  <nd ref="140297856"/>
  <nd ref="140297859"/>
  <nd ref="140297864"/>
  <nd ref="140297867"/>
  <nd ref="140297870"/>
  <nd ref="140297873"/>
  <nd ref="140297876"/>
  <nd ref="140297879"/>
  <nd ref="140297882"/>
  <nd ref="140297885"/>
  <nd ref="140297887"/>
  <nd ref="140297889"/>
  <nd ref="7383770011"/>
  <nd ref="140297891"/>
  <nd ref="140297894"/>
  <nd ref="140297899"/>
  <nd ref="140297902"/>
  <nd ref="140297904"/>
  <nd ref="140192261"/>
  <nd ref="12964897450"/>
  <nd ref="140297906"/>
  <nd ref="140297908"/>
  <nd ref="12964897449"/>
  <nd ref="12964897448"/>
  <nd ref="140297928"/>
  <nd ref="140192465"/>
  <nd ref="140297932"/>
  <nd ref="140297935"/>
  <nd ref="140211640"/>
  <nd ref="140297938"/>
  <nd ref="140297941"/>
  <nd ref="140297943"/>
  <nd ref="140297946"/>
  <nd ref="140297950"/>
  <nd ref="140297953"/>
  <nd ref="140297958"/>
  <nd ref="12964897452"/>
  <nd ref="140297961"/>
  <nd ref="140297963"/>
  <nd ref="140297967"/>
  <nd ref="140297970"/>
  <nd ref="12964897451"/>
  <nd ref="140297973"/>
  <nd ref="140297976"/>
  <nd ref="12964897455"/>
  <nd ref="140297979"/>
  <nd ref="140297981"/>
  <nd ref="12964897454"/>
  <nd ref="12964897453"/>
  <nd ref="140297983"/>
  <tag k="highway" v="unclassified"/>
  <tag k="name" v="Duck Hill Road"/>
  <tag k="tiger:cfcc" v="A41"/>
  <tag k="tiger:county" v="Washoe, NV"/>
  <tag k="tiger:name_base" v="Duck Hill"/>
  <tag k="tiger:name_type" v="Rd"/>
  <tag k="tiger:reviewed" v="no"/>
 </way>
 <way id="895188339" visible="true" version="1" changeset="97491872" timestamp="2021-01-14T11:14:09Z" user="sunilaak" uid="10086280">
  <nd ref="140701938"/>
  <nd ref="8320978967"/>
  <nd ref="8320978973"/>
  <nd ref="8320978968"/>
  <nd ref="8320978969"/>
  <nd ref="8320978970"/>
  <nd ref="8320978971"/>
  <nd ref="8320978972"/>
  <tag k="highway" v="service"/>
  <tag k="service" v="driveway"/>
 </way>
 <way id="895188340" visible="true" version="1" changeset="97491872" timestamp="2021-01-14T11:14:09Z" user="sunilaak" uid="10086280">
  <nd ref="8320978974"/>
  <nd ref="8320978975"/>
  <tag k="highway" v="service"/>
  <tag k="service" v="driveway"/>
 </way>
 <way id="895451306" visible="true" version="1" changeset="97540491" timestamp="2021-01-15T07:46:24Z" user="rpakma" uid="11705758">
  <nd ref="140721743"/>
  <nd ref="8323641327"/>
  <nd ref="8323641328"/>
  <nd ref="8323641329"/>
  <nd ref="8323641330"/>
  <nd ref="8323641331"/>
  <nd ref="8323641332"/>
  <nd ref="8323641333"/>
  <nd ref="8323641334"/>
  <tag k="highway" v="service"/>
  <tag k="service" v="driveway"/>
 </way>
 <way id="895451307" visible="true" version="1" changeset="97540491" timestamp="2021-01-15T07:46:24Z" user="rpakma" uid="11705758">
  <nd ref="140696627"/>
  <nd ref="8323641335"/>
  <nd ref="8323641336"/>
  <nd ref="8323641337"/>
  <nd ref="8323641338"/>
  <nd ref="8323641339"/>
  <nd ref="8323641340"/>
  <tag k="highway" v="service"/>
  <tag k="service" v="driveway"/>
 </way>
 <way id="895451308" visible="true" version="1" changeset="97540491" timestamp="2021-01-15T07:46:24Z" user="rpakma" uid="11705758">
  <nd ref="140721737"/>
  <nd ref="8323641341"/>
  <nd ref="8323641342"/>
  <nd ref="8323641343"/>
  <nd ref="8323641344"/>
  <nd ref="8323641345"/>
  <nd ref="8323641346"/>
  <nd ref="8323641347"/>
  <nd ref="8323641348"/>
  <nd ref="8323641349"/>
  <nd ref="8323641350"/>
  <nd ref="8323641351"/>
  <tag k="highway" v="service"/>
 </way>
 <way id="895451309" visible="true" version="1" changeset="97540491" timestamp="2021-01-15T07:46:24Z" user="rpakma" uid="11705758">
  <nd ref="7975341042"/>
  <nd ref="8323641352"/>
  <nd ref="8323641353"/>
  <nd ref="8323641354"/>
  <nd ref="8323641355"/>
  <nd ref="8323641356"/>
  <nd ref="8323641357"/>
  <nd ref="8323641358"/>
  <nd ref="8323641359"/>
  <nd ref="8323641360"/>
  <nd ref="8323641361"/>
  <nd ref="8323641362"/>
  <nd ref="8323641363"/>
  <nd ref="8323641356"/>
  <tag k="highway" v="service"/>
  <tag k="service" v="driveway"/>
 </way>
 <way id="895507543" visible="true" version="1" changeset="97553227" timestamp="2021-01-15T10:47:00Z" user="tusnayak" uid="10480286">
  <nd ref="8324104293"/>
  <nd ref="8324104294"/>
  <nd ref="8324104295"/>
  <nd ref="8324104296"/>
  <nd ref="8324104297"/>
  <nd ref="8324104298"/>
  <tag k="highway" v="service"/>
  <tag k="service" v="driveway"/>
 </way>
 <way id="895507544" visible="true" version="1" changeset="97553227" timestamp="2021-01-15T10:47:00Z" user="tusnayak" uid="10480286">
  <nd ref="8324104299"/>
  <nd ref="8324104300"/>
  <nd ref="8324104301"/>
  <nd ref="8324104302"/>
  <nd ref="8324104303"/>
  <nd ref="8324104304"/>
  <tag k="highway" v="service"/>
  <tag k="service" v="driveway"/>
 </way>
 <way id="896454053" visible="true" version="1" changeset="97681555" timestamp="2021-01-18T08:38:09Z" user="thaggela" uid="11705755">
  <nd ref="8333313337"/>
  <nd ref="8333313338"/>
  <nd ref="8333313339"/>
  <nd ref="8333313340"/>
  <nd ref="8333313341"/>
  <nd ref="8333313342"/>
  <nd ref="8333313343"/>
  <nd ref="8333313344"/>
  <nd ref="140708481"/>
  <tag k="highway" v="service"/>
  <tag k="service" v="driveway"/>
 </way>
 <way id="896470187" visible="true" version="1" changeset="97684636" timestamp="2021-01-18T09:17:32Z" user="qsudarji" uid="11705751">
  <nd ref="8333471515"/>
  <nd ref="8333471516"/>
  <nd ref="8333472217"/>
  <nd ref="8333472218"/>
  <nd ref="8333472219"/>
  <tag k="highway" v="service"/>
  <tag k="service" v="driveway"/>
 </way>
 <way id="896470188" visible="true" version="1" changeset="97684636" timestamp="2021-01-18T09:17:32Z" user="qsudarji" uid="11705751">
  <nd ref="8333472220"/>
  <nd ref="8333472221"/>
  <nd ref="8333472222"/>
  <nd ref="8333472223"/>
  <nd ref="8333472224"/>
  <nd ref="8333472225"/>
  <nd ref="8333472226"/>
  <nd ref="8333472227"/>
  <nd ref="8333472228"/>
  <tag k="highway" v="service"/>
  <tag k="service" v="driveway"/>
 </way>
 <way id="896470189" visible="true" version="1" changeset="97684636" timestamp="2021-01-18T09:17:32Z" user="qsudarji" uid="11705751">
  <nd ref="8333472229"/>
  <nd ref="8333472230"/>
  <nd ref="8333472231"/>
  <nd ref="8333472232"/>
  <nd ref="8333472233"/>
  <tag k="highway" v="service"/>
  <tag k="service" v="driveway"/>
 </way>
 <way id="896470190" visible="true" version="1" changeset="97684636" timestamp="2021-01-18T09:17:32Z" user="qsudarji" uid="11705751">
  <nd ref="140693399"/>
  <nd ref="8333472234"/>
  <tag k="highway" v="service"/>
  <tag k="service" v="driveway"/>
 </way>
 <way id="896470191" visible="true" version="1" changeset="97684636" timestamp="2021-01-18T09:17:32Z" user="qsudarji" uid="11705751">
  <nd ref="8333472235"/>
  <nd ref="8333472236"/>
  <nd ref="8333472237"/>
  <nd ref="8333472238"/>
  <tag k="highway" v="service"/>
  <tag k="service" v="driveway"/>
 </way>
 <way id="896851636" visible="true" version="1" changeset="97729846" timestamp="2021-01-19T03:01:31Z" user="sagisa" uid="11705754">
  <nd ref="8336478668"/>
  <nd ref="8336478669"/>
  <nd ref="8336478670"/>
  <nd ref="8336478671"/>
  <nd ref="8336478672"/>
  <nd ref="8336478673"/>
  <tag k="highway" v="service"/>
  <tag k="service" v="driveway"/>
 </way>
 <way id="896874614" visible="true" version="1" changeset="97735413" timestamp="2021-01-19T05:01:56Z" user="ssahithi" uid="10159506">
  <nd ref="8336676621"/>
  <nd ref="8336676622"/>
  <nd ref="8336676623"/>
  <nd ref="8336676624"/>
  <nd ref="8336676625"/>
  <nd ref="8336676626"/>
  <nd ref="8336676627"/>
  <nd ref="8336676628"/>
  <nd ref="8336676629"/>
  <nd ref="8336676630"/>
  <nd ref="8336676631"/>
  <nd ref="8336676632"/>
  <tag k="highway" v="service"/>
  <tag k="service" v="driveway"/>
 </way>
 <way id="896877986" visible="true" version="1" changeset="97736297" timestamp="2021-01-19T05:15:51Z" user="sagisa" uid="11705754">
  <nd ref="8336689693"/>
  <nd ref="8336689694"/>
  <nd ref="8336689695"/>
  <nd ref="8336689696"/>
  <nd ref="8336689697"/>
  <nd ref="8336689698"/>
  <nd ref="8336689699"/>
  <nd ref="8336689700"/>
  <nd ref="8336689701"/>
  <tag k="highway" v="service"/>
  <tag k="service" v="driveway"/>
 </way>
 <way id="896877987" visible="true" version="1" changeset="97736297" timestamp="2021-01-19T05:15:51Z" user="sagisa" uid="11705754">
  <nd ref="8336689702"/>
  <nd ref="8336689703"/>
  <nd ref="8336689704"/>
  <nd ref="8336689705"/>
  <nd ref="8336689706"/>
  <nd ref="8336689707"/>
  <nd ref="8336689708"/>
  <nd ref="8336689709"/>
  <nd ref="8336689710"/>
  <tag k="highway" v="service"/>
  <tag k="service" v="driveway"/>
 </way>
 <way id="896881074" visible="true" version="1" changeset="97737299" timestamp="2021-01-19T05:31:33Z" user="vkkasarl" uid="11705757">
  <nd ref="8336728122"/>
  <nd ref="8336728123"/>
  <nd ref="8336728124"/>
  <nd ref="8336728125"/>
  <nd ref="8336728126"/>
  <nd ref="8336728127"/>
  <nd ref="8336728128"/>
  <nd ref="8336728129"/>
  <nd ref="8336728130"/>
  <nd ref="8336728131"/>
  <tag k="highway" v="service"/>
  <tag k="service" v="driveway"/>
 </way>
 <way id="896881075" visible="true" version="1" changeset="97737299" timestamp="2021-01-19T05:31:33Z" user="vkkasarl" uid="11705757">
  <nd ref="8336728132"/>
  <nd ref="8336728133"/>
  <nd ref="8336728134"/>
  <nd ref="8336728135"/>
  <nd ref="8336728136"/>
  <nd ref="8336728137"/>
  <nd ref="8336728138"/>
  <nd ref="8336728139"/>
  <nd ref="8336728140"/>
  <nd ref="8336728141"/>
  <nd ref="8336728142"/>
  <tag k="highway" v="service"/>
  <tag k="service" v="driveway"/>
 </way>
 <way id="896881076" visible="true" version="1" changeset="97737299" timestamp="2021-01-19T05:31:33Z" user="vkkasarl" uid="11705757">
  <nd ref="8336728143"/>
  <nd ref="8336728144"/>
  <nd ref="8336728145"/>
  <nd ref="8336728146"/>
  <nd ref="8336728147"/>
  <nd ref="8336728148"/>
  <nd ref="8336728149"/>
  <nd ref="8336728150"/>
  <nd ref="8336728151"/>
  <nd ref="8336728159"/>
  <nd ref="8336728160"/>
  <nd ref="8336728152"/>
  <nd ref="8336728153"/>
  <nd ref="8336728154"/>
  <nd ref="8336728155"/>
  <nd ref="8336728156"/>
  <nd ref="8336728157"/>
  <nd ref="8336728158"/>
  <nd ref="8336728159"/>
  <tag k="highway" v="service"/>
  <tag k="service" v="driveway"/>
 </way>
 <way id="896885399" visible="true" version="1" changeset="97738601" timestamp="2021-01-19T05:50:49Z" user="vissushm" uid="10086291">
  <nd ref="140731681"/>
  <nd ref="8336767001"/>
  <nd ref="8336767002"/>
  <nd ref="8336767003"/>
  <nd ref="8336767004"/>
  <tag k="highway" v="service"/>
  <tag k="service" v="driveway"/>
 </way>
 <way id="896885400" visible="true" version="1" changeset="97738601" timestamp="2021-01-19T05:50:49Z" user="vissushm" uid="10086291">
  <nd ref="8336767005"/>
  <nd ref="8336767006"/>
  <nd ref="8336767007"/>
  <nd ref="8336767008"/>
  <nd ref="8336767009"/>
  <nd ref="8336767010"/>
  <nd ref="8336767011"/>
  <nd ref="8336767012"/>
  <nd ref="8336767013"/>
  <nd ref="8336767014"/>
  <tag k="highway" v="service"/>
  <tag k="service" v="driveway"/>
 </way>
 <way id="897023579" visible="true" version="1" changeset="97765303" timestamp="2021-01-19T11:37:06Z" user="mshahaba" uid="11705799">
  <nd ref="8337927388"/>
  <nd ref="8337927389"/>
  <nd ref="8337927390"/>
  <nd ref="8337927391"/>
  <nd ref="8337927392"/>
  <nd ref="8337927393"/>
  <nd ref="8337927394"/>
  <tag k="highway" v="service"/>
  <tag k="service" v="driveway"/>
 </way>
 <way id="897111775" visible="true" version="1" changeset="97772142" timestamp="2021-01-19T13:25:26Z" user="yallasan" uid="11705831">
  <nd ref="140708548"/>
  <nd ref="8338527479"/>
  <nd ref="8338527480"/>
  <nd ref="8338527481"/>
  <nd ref="8338527482"/>
  <nd ref="8338527483"/>
  <nd ref="8338527484"/>
  <nd ref="8338527485"/>
  <nd ref="8338527486"/>
  <nd ref="8338527487"/>
  <nd ref="8338527488"/>
  <tag k="access" v="private"/>
  <tag k="highway" v="service"/>
  <tag k="service" v="driveway"/>
 </way>
 <way id="900617112" visible="true" version="1" changeset="98198928" timestamp="2021-01-27T05:24:49Z" user="moalnzn" uid="11705746">
  <nd ref="8366185449"/>
  <nd ref="8366185450"/>
  <nd ref="8366185451"/>
  <nd ref="8366185452"/>
  <nd ref="8366185453"/>
  <nd ref="8366185454"/>
  <nd ref="8366185455"/>
  <tag k="highway" v="service"/>
  <tag k="service" v="driveway"/>
 </way>
 <way id="900617113" visible="true" version="1" changeset="98198928" timestamp="2021-01-27T05:24:49Z" user="moalnzn" uid="11705746">
  <nd ref="8366185456"/>
  <nd ref="8366185457"/>
  <nd ref="8366185458"/>
  <nd ref="8366185459"/>
  <nd ref="8366185460"/>
  <nd ref="8366185461"/>
  <nd ref="8366185462"/>
  <nd ref="8366185463"/>
  <nd ref="8366185464"/>
  <nd ref="8366185465"/>
  <nd ref="8366185466"/>
  <tag k="highway" v="service"/>
  <tag k="service" v="driveway"/>
 </way>
 <way id="900712957" visible="true" version="1" changeset="98221628" timestamp="2021-01-27T10:31:34Z" user="rpakma" uid="11705758">
  <nd ref="8367025847"/>
  <nd ref="8367025848"/>
  <nd ref="8367025849"/>
  <nd ref="8367025850"/>
  <nd ref="8367025851"/>
  <nd ref="8367025852"/>
  <nd ref="8367025853"/>
  <nd ref="8367025854"/>
  <nd ref="8367025855"/>
  <nd ref="8367025856"/>
  <nd ref="8367025857"/>
  <nd ref="8367025858"/>
  <tag k="highway" v="service"/>
  <tag k="service" v="driveway"/>
 </way>
 <way id="901013763" visible="true" version="1" changeset="98261918" timestamp="2021-01-28T04:05:53Z" user="somaswap" uid="11705745">
  <nd ref="8370143906"/>
  <nd ref="8370143907"/>
  <tag k="highway" v="service"/>
  <tag k="service" v="driveway"/>
 </way>
 <way id="901060135" visible="true" version="1" changeset="98273740" timestamp="2021-01-28T07:06:17Z" user="mshahaba" uid="11705799">
  <nd ref="140726943"/>
  <nd ref="8370525181"/>
  <nd ref="8370525182"/>
  <nd ref="8370525183"/>
  <nd ref="8370525184"/>
  <nd ref="8370525185"/>
  <nd ref="8370525186"/>
  <nd ref="8370525187"/>
  <nd ref="8370525188"/>
  <nd ref="8370525189"/>
  <nd ref="8370525190"/>
  <nd ref="8370525191"/>
  <tag k="highway" v="service"/>
  <tag k="service" v="driveway"/>
 </way>
 <way id="901114488" visible="true" version="1" changeset="98284541" timestamp="2021-01-28T09:41:15Z" user="leelamrs" uid="10240925">
  <nd ref="140685200"/>
  <nd ref="8370999454"/>
  <nd ref="8370999443"/>
  <nd ref="8370999444"/>
  <nd ref="8370999445"/>
  <nd ref="8370999448"/>
  <nd ref="8370999446"/>
  <nd ref="8370999447"/>
  <tag k="highway" v="service"/>
  <tag k="service" v="driveway"/>
 </way>
 <way id="901114489" visible="true" version="1" changeset="98284541" timestamp="2021-01-28T09:41:15Z" user="leelamrs" uid="10240925">
  <nd ref="8370999448"/>
  <nd ref="8370999449"/>
  <nd ref="8370999450"/>
  <nd ref="8370999451"/>
  <nd ref="8370999452"/>
  <nd ref="8370999453"/>
  <nd ref="8370999454"/>
  <tag k="highway" v="service"/>
  <tag k="service" v="driveway"/>
 </way>
 <way id="901114490" visible="true" version="1" changeset="98284541" timestamp="2021-01-28T09:41:15Z" user="leelamrs" uid="10240925">
  <nd ref="8370999455"/>
  <nd ref="8370999456"/>
  <nd ref="8370999457"/>
  <nd ref="8370999458"/>
  <nd ref="8370999459"/>
  <nd ref="8370999460"/>
  <nd ref="8370999461"/>
  <nd ref="8370999462"/>
  <nd ref="8370999463"/>
  <nd ref="8370999464"/>
  <nd ref="8370999465"/>
  <nd ref="8370999466"/>
  <nd ref="8370999456"/>
  <tag k="highway" v="service"/>
  <tag k="service" v="driveway"/>
 </way>
 <way id="910036222" visible="true" version="1" changeset="99835013" timestamp="2021-02-23T14:28:12Z" user="agnisn" uid="9951092">
  <nd ref="8449673883"/>
  <nd ref="8449673884"/>
  <nd ref="8449673885"/>
  <nd ref="8449673886"/>
  <nd ref="8449673887"/>
  <nd ref="8449673888"/>
  <nd ref="8449673889"/>
  <nd ref="8449673890"/>
  <nd ref="8449673891"/>
  <nd ref="8449673892"/>
  <tag k="highway" v="service"/>
  <tag k="service" v="driveway"/>
 </way>
 <way id="910036223" visible="true" version="1" changeset="99835013" timestamp="2021-02-23T14:28:12Z" user="agnisn" uid="9951092">
  <nd ref="8449673893"/>
  <nd ref="8449673894"/>
  <nd ref="8449673885"/>
  <tag k="highway" v="service"/>
  <tag k="service" v="driveway"/>
 </way>
 <way id="910036224" visible="true" version="1" changeset="99835013" timestamp="2021-02-23T14:28:12Z" user="agnisn" uid="9951092">
  <nd ref="8449673895"/>
  <nd ref="8449673896"/>
  <nd ref="8449673897"/>
  <tag k="highway" v="service"/>
  <tag k="service" v="driveway"/>
 </way>
 <way id="910036225" visible="true" version="1" changeset="99835013" timestamp="2021-02-23T14:28:12Z" user="agnisn" uid="9951092">
  <nd ref="8449673896"/>
  <nd ref="8449673898"/>
  <nd ref="8449673899"/>
  <nd ref="8449673900"/>
  <nd ref="8449673901"/>
  <nd ref="140731701"/>
  <tag k="highway" v="service"/>
  <tag k="service" v="driveway"/>
 </way>
 <way id="910036226" visible="true" version="1" changeset="99835013" timestamp="2021-02-23T14:28:12Z" user="agnisn" uid="9951092">
  <nd ref="8449673902"/>
  <nd ref="8449673903"/>
  <nd ref="8449673904"/>
  <nd ref="8449673905"/>
  <nd ref="8449673906"/>
  <tag k="highway" v="service"/>
  <tag k="service" v="driveway"/>
 </way>
 <way id="910036227" visible="true" version="1" changeset="99835013" timestamp="2021-02-23T14:28:12Z" user="agnisn" uid="9951092">
  <nd ref="8449673907"/>
  <nd ref="8449673908"/>
  <nd ref="8449673909"/>
  <nd ref="8449673910"/>
  <nd ref="8449673911"/>
  <nd ref="8449673912"/>
  <nd ref="8449673913"/>
  <nd ref="8449673914"/>
  <nd ref="8449673915"/>
  <nd ref="8449673916"/>
  <tag k="highway" v="service"/>
  <tag k="service" v="driveway"/>
 </way>
 <way id="910036228" visible="true" version="1" changeset="99835013" timestamp="2021-02-23T14:28:12Z" user="agnisn" uid="9951092">
  <nd ref="8449711917"/>
  <nd ref="8449711918"/>
  <nd ref="8449711919"/>
  <nd ref="8449711920"/>
  <nd ref="8449711921"/>
  <nd ref="8449711922"/>
  <nd ref="8449673907"/>
  <tag k="highway" v="service"/>
  <tag k="service" v="driveway"/>
 </way>
 <way id="910036229" visible="true" version="1" changeset="99835013" timestamp="2021-02-23T14:28:12Z" user="agnisn" uid="9951092">
  <nd ref="140731711"/>
  <nd ref="8449711923"/>
  <nd ref="8449711924"/>
  <nd ref="8449711925"/>
  <nd ref="8449711926"/>
  <nd ref="8449711927"/>
  <nd ref="8449711928"/>
  <nd ref="8449711929"/>
  <nd ref="8449711930"/>
  <nd ref="8449711931"/>
  <nd ref="8449711932"/>
  <nd ref="8449673916"/>
  <tag k="highway" v="service"/>
  <tag k="service" v="driveway"/>
 </way>
 <way id="910036230" visible="true" version="1" changeset="99835013" timestamp="2021-02-23T14:28:12Z" user="agnisn" uid="9951092">
  <nd ref="8449711937"/>
  <nd ref="8449711936"/>
  <nd ref="8449711933"/>
  <nd ref="8449711935"/>
  <nd ref="8449711934"/>
  <tag k="highway" v="service"/>
  <tag k="service" v="driveway"/>
 </way>
 <way id="912381505" visible="true" version="1" changeset="100201580" timestamp="2021-03-01T11:36:19Z" user="vissushm" uid="10086291">
  <nd ref="8475693024"/>
  <nd ref="8475693025"/>
  <nd ref="8475693026"/>
  <nd ref="8475693027"/>
  <nd ref="8475693028"/>
  <nd ref="8475693029"/>
  <tag k="highway" v="service"/>
  <tag k="service" v="driveway"/>
 </way>
 <way id="915055167" visible="true" version="1" changeset="100714572" timestamp="2021-03-09T13:33:32Z" user="accheela" uid="10145800">
  <nd ref="8500072304"/>
  <nd ref="8500072305"/>
  <nd ref="8500072306"/>
  <nd ref="8500072307"/>
  <nd ref="8500072316"/>
  <nd ref="8500072308"/>
  <nd ref="8500072309"/>
  <nd ref="8500072310"/>
  <nd ref="8500072311"/>
  <nd ref="8500072312"/>
  <nd ref="8500072313"/>
  <nd ref="8500072314"/>
  <nd ref="8500072315"/>
  <tag k="highway" v="service"/>
  <tag k="service" v="driveway"/>
 </way>
 <way id="915055168" visible="true" version="1" changeset="100714572" timestamp="2021-03-09T13:33:32Z" user="accheela" uid="10145800">
  <nd ref="8500113817"/>
  <nd ref="8500113818"/>
  <nd ref="8500113819"/>
  <tag k="highway" v="service"/>
  <tag k="service" v="driveway"/>
 </way>
 <way id="915063087" visible="true" version="1" changeset="100716101" timestamp="2021-03-09T14:04:09Z" user="karnatim" uid="8446891">
  <nd ref="8500162866"/>
  <nd ref="8500162867"/>
  <nd ref="8500162868"/>
  <nd ref="8500162869"/>
  <nd ref="8500162870"/>
  <nd ref="8500162871"/>
  <nd ref="8500162872"/>
  <tag k="highway" v="service"/>
  <tag k="service" v="driveway"/>
 </way>
 <way id="915337855" visible="true" version="1" changeset="100748563" timestamp="2021-03-10T05:19:25Z" user="rnupam" uid="11824322">
  <nd ref="140696608"/>
  <nd ref="8502493742"/>
  <nd ref="8502493743"/>
  <nd ref="8502493744"/>
  <nd ref="8502493745"/>
  <nd ref="8502493746"/>
  <nd ref="8502493747"/>
  <nd ref="8502493748"/>
  <nd ref="8502493749"/>
  <nd ref="8502493750"/>
  <tag k="highway" v="service"/>
  <tag k="service" v="driveway"/>
 </way>
 <way id="915337856" visible="true" version="1" changeset="100748563" timestamp="2021-03-10T05:19:25Z" user="rnupam" uid="11824322">
  <nd ref="140696619"/>
  <nd ref="8502493751"/>
  <nd ref="8502493752"/>
  <nd ref="8502493753"/>
  <nd ref="8502493754"/>
  <nd ref="8502493755"/>
  <nd ref="8502493756"/>
  <nd ref="8502493757"/>
  <nd ref="8502493758"/>
  <nd ref="8502493759"/>
  <nd ref="8502493760"/>
  <nd ref="8502493761"/>
  <nd ref="8502493762"/>
  <nd ref="8502493763"/>
  <nd ref="8502493764"/>
  <nd ref="8502493765"/>
  <nd ref="8502493766"/>
  <nd ref="8502493767"/>
  <nd ref="8502493768"/>
  <tag k="highway" v="service"/>
  <tag k="service" v="driveway"/>
 </way>
 <way id="915337857" visible="true" version="1" changeset="100748563" timestamp="2021-03-10T05:19:25Z" user="rnupam" uid="11824322">
  <nd ref="8502493769"/>
  <nd ref="8502493770"/>
  <nd ref="8502493782"/>
  <nd ref="8502493771"/>
  <nd ref="8502493781"/>
  <nd ref="8502493772"/>
  <nd ref="8502493773"/>
  <nd ref="8502493774"/>
  <nd ref="8502493775"/>
  <nd ref="8502493780"/>
  <nd ref="8502493776"/>
  <nd ref="8502493777"/>
  <nd ref="8502493778"/>
  <nd ref="8502493779"/>
  <nd ref="140694389"/>
  <tag k="highway" v="service"/>
  <tag k="service" v="driveway"/>
 </way>
 <way id="915420764" visible="true" version="1" changeset="100769493" timestamp="2021-03-10T10:07:21Z" user="srmudava" uid="10145794">
  <nd ref="7950462491"/>
  <nd ref="8503201186"/>
  <nd ref="8503201187"/>
  <nd ref="8503201188"/>
  <nd ref="8503201189"/>
  <nd ref="8503201190"/>
  <tag k="highway" v="service"/>
  <tag k="service" v="driveway"/>
 </way>
 <way id="915421955" visible="true" version="1" changeset="100769786" timestamp="2021-03-10T10:11:05Z" user="saisidd" uid="11811187">
  <nd ref="2201803160"/>
  <nd ref="8503202858"/>
  <nd ref="8503202859"/>
  <nd ref="8503202860"/>
  <nd ref="8503202861"/>
  <nd ref="8503202862"/>
  <tag k="highway" v="service"/>
  <tag k="service" v="driveway"/>
 </way>
 <way id="915421956" visible="true" version="1" changeset="100769786" timestamp="2021-03-10T10:11:05Z" user="saisidd" uid="11811187">
  <nd ref="2201803160"/>
  <nd ref="8503202863"/>
  <nd ref="8503202864"/>
  <nd ref="8503202865"/>
  <nd ref="8503202866"/>
  <tag k="highway" v="service"/>
  <tag k="service" v="driveway"/>
 </way>
 <way id="940353180" visible="true" version="1" changeset="104306095" timestamp="2021-05-07T09:29:35Z" user="moalnzn" uid="11705746">
  <nd ref="8708975342"/>
  <nd ref="8708975343"/>
  <nd ref="8708975344"/>
  <nd ref="8708975345"/>
  <nd ref="8708975346"/>
  <nd ref="8708975347"/>
  <nd ref="8708975348"/>
  <nd ref="8708975349"/>
  <nd ref="8708975350"/>
  <nd ref="140685277"/>
  <tag k="highway" v="service"/>
  <tag k="service" v="driveway"/>
 </way>
 <way id="961577146" visible="true" version="1" changeset="107435407" timestamp="2021-07-05T11:06:12Z" user="sagisa" uid="11705754">
  <nd ref="140729271"/>
  <nd ref="8894835912"/>
  <nd ref="8894835913"/>
  <nd ref="8894835914"/>
  <nd ref="8894835915"/>
  <tag k="highway" v="service"/>
  <tag k="service" v="driveway"/>
 </way>
 <way id="964835604" visible="true" version="1" changeset="108086725" timestamp="2021-07-16T05:10:17Z" user="gadipeh" uid="11711294">
  <nd ref="8925451306"/>
  <nd ref="8925451307"/>
  <nd ref="8925451308"/>
  <nd ref="8925451309"/>
  <nd ref="8925451315"/>
  <nd ref="8925451310"/>
  <tag k="highway" v="service"/>
  <tag k="service" v="driveway"/>
 </way>
 <way id="964835605" visible="true" version="1" changeset="108086725" timestamp="2021-07-16T05:10:17Z" user="gadipeh" uid="11711294">
  <nd ref="8925451311"/>
  <nd ref="8925458117"/>
  <nd ref="8925451312"/>
  <nd ref="8925451316"/>
  <nd ref="8925451313"/>
  <nd ref="8925451314"/>
  <nd ref="8925451315"/>
  <tag k="highway" v="service"/>
  <tag k="service" v="driveway"/>
 </way>
 <way id="980085354" visible="true" version="1" changeset="110795773" timestamp="2021-09-06T10:57:22Z" user="vissushm" uid="10086291">
  <nd ref="140720810"/>
  <nd ref="9066412418"/>
  <nd ref="9066412419"/>
  <nd ref="9066412420"/>
  <nd ref="9066412421"/>
  <nd ref="9066412422"/>
  <nd ref="9066412423"/>
  <nd ref="9066412424"/>
  <nd ref="9066412425"/>
  <nd ref="9066412426"/>
  <nd ref="9066412427"/>
  <nd ref="9066412428"/>
  <nd ref="9066412429"/>
  <nd ref="9066412430"/>
  <nd ref="9066412431"/>
  <nd ref="9066412432"/>
  <nd ref="9066412433"/>
  <nd ref="9066412434"/>
  <nd ref="9066412435"/>
  <nd ref="9066412419"/>
  <tag k="highway" v="service"/>
  <tag k="service" v="driveway"/>
 </way>
 <way id="1338498770" visible="true" version="1" changeset="159683444" timestamp="2024-11-28T02:23:46Z" user="Angry_Tau" uid="21869141">
  <nd ref="12381276750"/>
  <nd ref="12381276749"/>
  <nd ref="12381276748"/>
  <nd ref="12381276747"/>
  <nd ref="12381276746"/>
  <nd ref="12381276745"/>
  <nd ref="12381276744"/>
  <nd ref="12381276743"/>
  <nd ref="12381276742"/>
  <nd ref="12381276741"/>
  <nd ref="12381276740"/>
  <nd ref="12381276750"/>
  <tag k="building" v="yes"/>
 </way>
 <way id="1356602077" visible="true" version="2" changeset="165256651" timestamp="2025-04-21T20:09:54Z" user="idkwhatname2use" uid="16305471">
  <nd ref="12555846837"/>
  <nd ref="12555846836"/>
  <nd ref="12555846835"/>
  <nd ref="12555846834"/>
  <nd ref="12555846833"/>
  <nd ref="12555846832"/>
  <nd ref="12555846831"/>
  <nd ref="12555846830"/>
  <nd ref="12555846829"/>
  <nd ref="12555846828"/>
  <nd ref="12555846827"/>
  <nd ref="12555846826"/>
  <nd ref="12555846825"/>
  <nd ref="12555846824"/>
  <nd ref="12555846823"/>
  <nd ref="12555846822"/>
  <nd ref="12555846821"/>
  <nd ref="12555846820"/>
  <nd ref="12555846819"/>
  <nd ref="12555846818"/>
  <nd ref="12555846817"/>
  <nd ref="12555846816"/>
  <nd ref="12555846815"/>
  <nd ref="12555846814"/>
  <nd ref="12555846813"/>
  <nd ref="12555846812"/>
  <nd ref="12555846811"/>
  <nd ref="12555846810"/>
  <nd ref="12555846809"/>
  <nd ref="12555846808"/>
  <nd ref="12555846807"/>
  <nd ref="12555846806"/>
  <nd ref="12555846805"/>
  <nd ref="12555846804"/>
  <nd ref="12555846803"/>
  <nd ref="12555846802"/>
  <nd ref="263586920"/>
  <nd ref="12555846798"/>
  <nd ref="12555846797"/>
  <nd ref="12555846837"/>
 </way>
 <way id="1360656600" visible="true" version="1" changeset="162616138" timestamp="2025-02-17T14:41:08Z" user="Drewarner" uid="12297477">
  <nd ref="140685185"/>
  <nd ref="12595941823"/>
  <nd ref="12595941824"/>
  <nd ref="12595941825"/>
  <tag k="access" v="private"/>
  <tag k="highway" v="service"/>
  <tag k="service" v="driveway"/>
 </way>
 <way id="1462712672" visible="true" version="1" changeset="176604185" timestamp="2025-12-30T00:06:55Z" user="larz86" uid="8127210">
  <nd ref="8192338543"/>
  <nd ref="13417010800"/>
  <nd ref="13417010801"/>
  <nd ref="13417010802"/>
  <nd ref="13417010803"/>
  <nd ref="13417010804"/>
  <nd ref="8192338541"/>
  <nd ref="13417010805"/>
  <nd ref="13417010806"/>
  <nd ref="13417010807"/>
  <nd ref="8192338543"/>
  <tag k="landuse" v="residential"/>
 </way>
 <way id="1462712673" visible="true" version="1" changeset="176604185" timestamp="2025-12-30T00:06:55Z" user="larz86" uid="8127210">
  <nd ref="13417010808"/>
  <nd ref="13417010809"/>
  <nd ref="13417010810"/>
  <nd ref="13417010811"/>
  <nd ref="13417010808"/>
  <tag k="building" v="yes"/>
  <tag k="source" v="microsoft/BuildingFootprints"/>
 </way>
 <way id="1462712674" visible="true" version="1" changeset="176604185" timestamp="2025-12-30T00:06:55Z" user="larz86" uid="8127210">
  <nd ref="13417010812"/>
  <nd ref="13417010813"/>
  <nd ref="13417010814"/>
  <nd ref="13417010815"/>
  <nd ref="13417010816"/>
  <nd ref="13417010817"/>
  <nd ref="13417010818"/>
  <nd ref="13417010819"/>
  <nd ref="13417010820"/>
  <nd ref="13417010821"/>
  <nd ref="13417010812"/>
  <tag k="building" v="yes"/>
  <tag k="source" v="microsoft/BuildingFootprints"/>
 </way>
 <way id="1462712675" visible="true" version="1" changeset="176604185" timestamp="2025-12-30T00:06:55Z" user="larz86" uid="8127210">
  <nd ref="13417010822"/>
  <nd ref="13417010823"/>
  <nd ref="13417010824"/>
  <nd ref="13417010825"/>
  <nd ref="13417010826"/>
  <nd ref="13417010827"/>
  <nd ref="13417010822"/>
  <tag k="building" v="yes"/>
  <tag k="source" v="microsoft/BuildingFootprints"/>
 </way>
 <way id="1462712676" visible="true" version="1" changeset="176604185" timestamp="2025-12-30T00:06:55Z" user="larz86" uid="8127210">
  <nd ref="13417010828"/>
  <nd ref="13417010829"/>
  <nd ref="13417010830"/>
  <nd ref="13417010831"/>
  <nd ref="13417010832"/>
  <nd ref="13417010833"/>
  <nd ref="13417010834"/>
  <nd ref="13417010835"/>
  <nd ref="13417010828"/>
  <tag k="building" v="yes"/>
  <tag k="source" v="microsoft/BuildingFootprints"/>
 </way>
 <way id="1462712677" visible="true" version="1" changeset="176604185" timestamp="2025-12-30T00:06:55Z" user="larz86" uid="8127210">
  <nd ref="13417010836"/>
  <nd ref="13417010837"/>
  <nd ref="13417010838"/>
  <nd ref="13417010839"/>
  <nd ref="13417010840"/>
  <nd ref="13417010841"/>
  <nd ref="13417010842"/>
  <nd ref="13417010843"/>
  <nd ref="13417010844"/>
  <nd ref="13417010845"/>
  <nd ref="13417010836"/>
  <tag k="building" v="yes"/>
  <tag k="source" v="microsoft/BuildingFootprints"/>
 </way>
 <way id="1462712678" visible="true" version="1" changeset="176604185" timestamp="2025-12-30T00:06:55Z" user="larz86" uid="8127210">
  <nd ref="13417010846"/>
  <nd ref="13417010847"/>
  <nd ref="13417010848"/>
  <nd ref="13417010849"/>
  <nd ref="13417010850"/>
  <nd ref="13417010851"/>
  <nd ref="13417010846"/>
  <tag k="building" v="yes"/>
  <tag k="source" v="microsoft/BuildingFootprints"/>
 </way>
 <way id="1462712679" visible="true" version="1" changeset="176604185" timestamp="2025-12-30T00:06:55Z" user="larz86" uid="8127210">
  <nd ref="13417010852"/>
  <nd ref="13417010853"/>
  <nd ref="13417010854"/>
  <nd ref="13417010855"/>
  <nd ref="13417010856"/>
  <nd ref="13417010857"/>
  <nd ref="13417010852"/>
  <tag k="building" v="yes"/>
  <tag k="source" v="microsoft/BuildingFootprints"/>
 </way>
 <way id="1462712680" visible="true" version="1" changeset="176604185" timestamp="2025-12-30T00:06:55Z" user="larz86" uid="8127210">
  <nd ref="13417010858"/>
  <nd ref="13417010859"/>
  <nd ref="13417010860"/>
  <nd ref="13417010861"/>
  <nd ref="13417010862"/>
  <nd ref="13417010863"/>
  <nd ref="13417010864"/>
  <nd ref="13417010865"/>
  <nd ref="13417010858"/>
  <tag k="building" v="yes"/>
  <tag k="source" v="microsoft/BuildingFootprints"/>
 </way>
 <way id="1462712681" visible="true" version="1" changeset="176604185" timestamp="2025-12-30T00:06:55Z" user="larz86" uid="8127210">
  <nd ref="13417010866"/>
  <nd ref="13417010867"/>
  <nd ref="13417010868"/>
  <nd ref="13417010869"/>
  <nd ref="13417010870"/>
  <nd ref="13417010871"/>
  <nd ref="13417010872"/>
  <nd ref="13417010873"/>
  <nd ref="13417010874"/>
  <nd ref="13417010875"/>
  <nd ref="13417010866"/>
  <tag k="building" v="yes"/>
  <tag k="source" v="microsoft/BuildingFootprints"/>
 </way>
 <way id="1462712682" visible="true" version="1" changeset="176604185" timestamp="2025-12-30T00:06:55Z" user="larz86" uid="8127210">
  <nd ref="13417010876"/>
  <nd ref="13417010877"/>
  <nd ref="13417010878"/>
  <nd ref="13417010879"/>
  <nd ref="13417010880"/>
  <nd ref="13417010881"/>
  <nd ref="13417010882"/>
  <nd ref="13417010883"/>
  <nd ref="13417010876"/>
  <tag k="building" v="yes"/>
  <tag k="source" v="microsoft/BuildingFootprints"/>
 </way>
 <way id="1462712683" visible="true" version="1" changeset="176604185" timestamp="2025-12-30T00:06:55Z" user="larz86" uid="8127210">
  <nd ref="13417010884"/>
  <nd ref="13417010885"/>
  <nd ref="13417010886"/>
  <nd ref="13417010887"/>
  <nd ref="13417010888"/>
  <nd ref="13417010889"/>
  <nd ref="13417010884"/>
  <tag k="building" v="yes"/>
  <tag k="source" v="microsoft/BuildingFootprints"/>
 </way>
 <way id="1462712684" visible="true" version="1" changeset="176604185" timestamp="2025-12-30T00:06:55Z" user="larz86" uid="8127210">
  <nd ref="13417010890"/>
  <nd ref="13417010891"/>
  <nd ref="13417010892"/>
  <nd ref="13417010893"/>
  <nd ref="13417010894"/>
  <nd ref="13417010895"/>
  <nd ref="13417010896"/>
  <nd ref="13417010897"/>
  <nd ref="13417010898"/>
  <nd ref="13417010899"/>
  <nd ref="13417010890"/>
  <tag k="building" v="yes"/>
  <tag k="source" v="microsoft/BuildingFootprints"/>
 </way>
 <way id="1462712685" visible="true" version="1" changeset="176604185" timestamp="2025-12-30T00:06:55Z" user="larz86" uid="8127210">
  <nd ref="13417010900"/>
  <nd ref="13417010901"/>
  <nd ref="13417010902"/>
  <nd ref="13417010903"/>
  <nd ref="13417010904"/>
  <nd ref="13417010905"/>
  <nd ref="13417010906"/>
  <nd ref="13417010907"/>
  <nd ref="13417010900"/>
  <tag k="building" v="yes"/>
  <tag k="source" v="microsoft/BuildingFootprints"/>
 </way>
 <way id="1462712686" visible="true" version="1" changeset="176604185" timestamp="2025-12-30T00:06:55Z" user="larz86" uid="8127210">
  <nd ref="13417010908"/>
  <nd ref="13417010909"/>
  <nd ref="13417010910"/>
  <nd ref="13417010911"/>
  <nd ref="13417010912"/>
  <nd ref="13417010913"/>
  <nd ref="13417010914"/>
  <nd ref="13417010915"/>
  <nd ref="13417010916"/>
  <nd ref="13417010917"/>
  <nd ref="13417010908"/>
  <tag k="building" v="yes"/>
  <tag k="source" v="microsoft/BuildingFootprints"/>
 </way>
 <way id="1462712687" visible="true" version="1" changeset="176604185" timestamp="2025-12-30T00:06:55Z" user="larz86" uid="8127210">
  <nd ref="13417010918"/>
  <nd ref="13417010919"/>
  <nd ref="13417010920"/>
  <nd ref="13417010921"/>
  <nd ref="13417010918"/>
  <tag k="building" v="yes"/>
  <tag k="source" v="microsoft/BuildingFootprints"/>
 </way>
 <way id="1462712688" visible="true" version="1" changeset="176604185" timestamp="2025-12-30T00:06:55Z" user="larz86" uid="8127210">
  <nd ref="13417010922"/>
  <nd ref="13417010923"/>
  <nd ref="13417010924"/>
  <nd ref="13417010925"/>
  <nd ref="13417010926"/>
  <nd ref="13417010927"/>
  <nd ref="13417010928"/>
  <nd ref="13417010929"/>
  <nd ref="13417010930"/>
  <nd ref="13417010931"/>
  <nd ref="13417010932"/>
  <nd ref="13417010933"/>
  <nd ref="13417010922"/>
  <tag k="building" v="yes"/>
  <tag k="source" v="microsoft/BuildingFootprints"/>
 </way>
 <way id="1462712689" visible="true" version="1" changeset="176604185" timestamp="2025-12-30T00:06:55Z" user="larz86" uid="8127210">
  <nd ref="13417010934"/>
  <nd ref="13417010935"/>
  <nd ref="13417010936"/>
  <nd ref="13417010937"/>
  <nd ref="13417010938"/>
  <nd ref="13417010939"/>
  <nd ref="13417010940"/>
  <nd ref="13417010941"/>
  <nd ref="13417010942"/>
  <nd ref="13417010943"/>
  <nd ref="13417010944"/>
  <nd ref="13417010945"/>
  <nd ref="13417010946"/>
  <nd ref="13417010934"/>
  <tag k="building" v="yes"/>
  <tag k="source" v="microsoft/BuildingFootprints"/>
 </way>
 <way id="1462712690" visible="true" version="1" changeset="176604185" timestamp="2025-12-30T00:06:55Z" user="larz86" uid="8127210">
  <nd ref="13417010947"/>
  <nd ref="13417010948"/>
  <nd ref="13417010949"/>
  <nd ref="13417010950"/>
  <nd ref="13417010947"/>
  <tag k="building" v="yes"/>
  <tag k="source" v="microsoft/BuildingFootprints"/>
 </way>
 <way id="1462712691" visible="true" version="1" changeset="176604185" timestamp="2025-12-30T00:06:55Z" user="larz86" uid="8127210">
  <nd ref="13417010951"/>
  <nd ref="13417010952"/>
  <nd ref="13417010953"/>
  <nd ref="13417010954"/>
  <nd ref="13417010955"/>
  <nd ref="13417010956"/>
  <nd ref="13417010951"/>
  <tag k="building" v="yes"/>
  <tag k="source" v="microsoft/BuildingFootprints"/>
 </way>
 <way id="1462712699" visible="true" version="1" changeset="176604185" timestamp="2025-12-30T00:06:55Z" user="larz86" uid="8127210">
  <nd ref="13417010800"/>
  <nd ref="13417010984"/>
  <nd ref="13417010985"/>
  <nd ref="13417010986"/>
  <nd ref="13417010987"/>
  <nd ref="13417010988"/>
  <nd ref="13417010989"/>
  <nd ref="13417010990"/>
  <nd ref="8192338546"/>
  <nd ref="8192338545"/>
  <nd ref="8192338544"/>
  <nd ref="8192338543"/>
  <nd ref="13417010800"/>
  <tag k="natural" v="heath"/>
 </way>
 <way id="1498386371" visible="true" version="2" changeset="181176002" timestamp="2026-04-11T06:23:50Z" user="Flap Slimy Outward" uid="22417964">
  <nd ref="13722476491"/>
  <nd ref="263586920"/>
  <nd ref="12555846802"/>
  <nd ref="439798244"/>
  <nd ref="439798245"/>
  <nd ref="13722419078"/>
  <nd ref="140467704"/>
  <nd ref="439798610"/>
  <nd ref="439798636"/>
  <nd ref="439798637"/>
  <nd ref="439798633"/>
  <tag k="admin_level" v="6"/>
  <tag k="boundary" v="administrative"/>
  <tag k="source" v="TIGER/Line® 2008 Place Shapefiles (http://www.census.gov/geo/www/tiger/)"/>
 </way>
 <way id="1498387911" visible="true" version="1" changeset="181176002" timestamp="2026-04-11T06:23:50Z" user="Flap Slimy Outward" uid="22417964">
  <nd ref="13722419078"/>
  <nd ref="140470287"/>
  <nd ref="140470284"/>
  <nd ref="140184894"/>
  <tag k="bicycle" v="yes"/>
  <tag k="foot" v="yes"/>
  <tag k="hgv" v="designated"/>
  <tag k="hgv:national_network" v="yes"/>
  <tag k="highway" v="motorway"/>
  <tag k="horse" v="yes"/>
  <tag k="lanes" v="3"/>
  <tag k="maxspeed" v="65 mph"/>
  <tag k="name" v="Carson City Freeway"/>
  <tag k="NHS" v="Interstate"/>
  <tag k="oneway" v="yes"/>
  <tag k="ref" v="I 580;US 395"/>
  <tag k="source:hgv:national_network" v="Title 23: Highways Part 658 http://ecfr.gpoaccess.gov/cgi/t/text/text-idx?c=ecfr&amp;rgn=div5&amp;view=text&amp;node=23:1.0.1.7.33&amp;idno=23 and document from NDOT listing the FAP routes"/>
  <tag k="surface" v="asphalt"/>
 </way>
 <way id="1498387912" visible="true" version="2" changeset="182406329" timestamp="2026-05-09T01:59:58Z" user="Flap Slimy Outward" uid="22417964">
  <nd ref="140467704"/>
  <nd ref="140467707"/>
  <nd ref="140467710"/>
  <nd ref="140695633"/>
  <nd ref="140695637"/>
  <nd ref="140695641"/>
  <nd ref="140695644"/>
  <nd ref="140695647"/>
  <nd ref="140695650"/>
  <nd ref="140695653"/>
  <nd ref="140695656"/>
  <nd ref="140695659"/>
  <nd ref="140695662"/>
  <nd ref="140679288"/>
  <tag k="bicycle" v="no"/>
  <tag k="foot" v="no"/>
  <tag k="hgv" v="designated"/>
  <tag k="hgv:national_network" v="yes"/>
  <tag k="highway" v="motorway"/>
  <tag k="horse" v="no"/>
  <tag k="lanes" v="2"/>
  <tag k="maxspeed" v="65 mph"/>
  <tag k="name" v="Carl Howell Freeway"/>
  <tag k="NHS" v="Interstate"/>
  <tag k="official_name" v="Carson City Deputy Sheriff Carl Howell Memorial Freeway"/>
  <tag k="oneway" v="yes"/>
  <tag k="ref" v="I 580;US 395"/>
  <tag k="source:hgv:national_network" v="Title 23: Highways Part 658 http://ecfr.gpoaccess.gov/cgi/t/text/text-idx?c=ecfr&amp;rgn=div5&amp;view=text&amp;node=23:1.0.1.7.33&amp;idno=23 and document from NDOT listing the FAP routes"/>
  <tag k="source:official_name" v="https://www.dot.nv.gov/home/showpublisheddocument/17047/638436955526500000"/>
  <tag k="surface" v="asphalt"/>
 </way>
 <relation id="166456" visible="true" version="33" changeset="181253731" timestamp="2026-04-13T01:08:55Z" user="Flap Slimy Outward" uid="22417964">
  <member type="node" ref="150959273" role="admin_centre"/>
  <member type="node" ref="316971661" role="label"/>
  <member type="way" ref="155945708" role="outer"/>
  <member type="way" ref="155945728" role="outer"/>
  <member type="way" ref="155939105" role="outer"/>
  <member type="way" ref="399084746" role="outer"/>
  <member type="way" ref="399084742" role="outer"/>
  <member type="way" ref="399084744" role="outer"/>
  <member type="way" ref="399084743" role="outer"/>
  <member type="way" ref="155939111" role="outer"/>
  <member type="way" ref="49036890" role="outer"/>
  <member type="way" ref="48996005" role="outer"/>
  <member type="way" ref="1122467110" role="outer"/>
  <member type="way" ref="1122467109" role="outer"/>
  <member type="way" ref="1122467108" role="outer"/>
  <member type="way" ref="1122467111" role="outer"/>
  <member type="way" ref="741322106" role="outer"/>
  <member type="way" ref="741322108" role="outer"/>
  <member type="way" ref="741322107" role="outer"/>
  <member type="way" ref="285356118" role="outer"/>
  <member type="way" ref="48996099" role="outer"/>
  <member type="way" ref="704338334" role="outer"/>
  <member type="way" ref="741322109" role="outer"/>
  <member type="way" ref="704338320" role="outer"/>
  <member type="way" ref="704338324" role="outer"/>
  <member type="way" ref="704338323" role="outer"/>
  <member type="way" ref="704338326" role="outer"/>
  <member type="way" ref="704338318" role="outer"/>
  <member type="way" ref="704338317" role="outer"/>
  <member type="way" ref="704338327" role="outer"/>
  <member type="way" ref="832270310" role="outer"/>
  <member type="way" ref="832270309" role="outer"/>
  <member type="way" ref="285356120" role="outer"/>
  <member type="way" ref="704338330" role="outer"/>
  <member type="way" ref="1434661454" role="outer"/>
  <member type="way" ref="704338332" role="outer"/>
  <member type="way" ref="704338335" role="outer"/>
  <member type="way" ref="1434661464" role="outer"/>
  <member type="way" ref="1434661463" role="outer"/>
  <member type="way" ref="704338331" role="outer"/>
  <member type="way" ref="1434661455" role="outer"/>
  <member type="way" ref="704338336" role="outer"/>
  <member type="way" ref="831607976" role="outer"/>
  <member type="way" ref="704338339" role="outer"/>
  <member type="way" ref="831607954" role="outer"/>
  <member type="way" ref="831607952" role="outer"/>
  <member type="way" ref="704338343" role="outer"/>
  <member type="way" ref="831607951" role="outer"/>
  <member type="way" ref="831607972" role="outer"/>
  <member type="way" ref="704338344" role="outer"/>
  <member type="way" ref="831607965" role="outer"/>
  <member type="way" ref="831607966" role="outer"/>
  <member type="way" ref="831607968" role="outer"/>
  <member type="way" ref="831607961" role="outer"/>
  <member type="way" ref="831607967" role="outer"/>
  <member type="way" ref="704338340" role="outer"/>
  <member type="way" ref="48995313" role="outer"/>
  <member type="way" ref="704350482" role="outer"/>
  <member type="way" ref="831607957" role="outer"/>
  <member type="way" ref="704350481" role="outer"/>
  <member type="way" ref="704350486" role="outer"/>
  <member type="way" ref="704350485" role="outer"/>
  <member type="way" ref="704350490" role="outer"/>
  <member type="way" ref="704350419" role="outer"/>
  <member type="way" ref="704350418" role="outer"/>
  <member type="way" ref="704350437" role="outer"/>
  <member type="way" ref="704338346" role="outer"/>
  <member type="way" ref="1079134568" role="outer"/>
  <member type="way" ref="48995963" role="outer"/>
  <member type="way" ref="800816512" role="outer"/>
  <member type="way" ref="800816511" role="outer"/>
  <member type="way" ref="1498921550" role="outer"/>
  <member type="way" ref="1498921549" role="outer"/>
  <member type="way" ref="439962305" role="outer"/>
  <member type="way" ref="37548439" role="outer"/>
  <member type="way" ref="1217763452" role="outer"/>
  <member type="way" ref="832357842" role="outer"/>
  <member type="way" ref="832357841" role="outer"/>
  <member type="way" ref="832357835" role="outer"/>
  <member type="way" ref="504294706" role="outer"/>
  <member type="way" ref="832357832" role="outer"/>
  <member type="way" ref="504294705" role="outer"/>
  <member type="way" ref="832357831" role="outer"/>
  <member type="way" ref="504294704" role="outer"/>
  <member type="way" ref="504294703" role="outer"/>
  <member type="way" ref="832357839" role="outer"/>
  <member type="way" ref="832357837" role="outer"/>
  <member type="way" ref="504426515" role="outer"/>
  <member type="way" ref="504426508" role="outer"/>
  <member type="way" ref="832357844" role="outer"/>
  <member type="way" ref="504426509" role="outer"/>
  <member type="way" ref="504426502" role="outer"/>
  <member type="way" ref="504426503" role="outer"/>
  <member type="way" ref="504426504" role="outer"/>
  <member type="way" ref="504426505" role="outer"/>
  <member type="way" ref="504426506" role="outer"/>
  <member type="way" ref="504426507" role="outer"/>
  <member type="way" ref="832357838" role="outer"/>
  <member type="way" ref="1498386371" role="outer"/>
  <member type="way" ref="810635773" role="outer"/>
  <member type="way" ref="1217763453" role="outer"/>
  <member type="way" ref="155945709" role="outer"/>
  <member type="way" ref="1379409104" role="outer"/>
  <member type="way" ref="1379409103" role="outer"/>
  <member type="way" ref="1379409101" role="outer"/>
  <member type="way" ref="155945726" role="outer"/>
  <member type="way" ref="1379409098" role="outer"/>
  <member type="way" ref="1379409096" role="outer"/>
  <member type="way" ref="1379409097" role="outer"/>
  <member type="way" ref="971417391" role="outer"/>
  <member type="way" ref="971417389" role="outer"/>
  <tag k="admin_level" v="6"/>
  <tag k="alt_name" v="Washoe"/>
  <tag k="border_type" v="county"/>
  <tag k="boundary" v="administrative"/>
  <tag k="name" v="Washoe County"/>
  <tag k="nist:fips_code" v="32031"/>
  <tag k="nist:state_fips" v="32"/>
  <tag k="population" v="446903"/>
  <tag k="source:population" v="Population Estimates Program"/>
  <tag k="type" v="boundary"/>
  <tag k="website" v="https://www.washoecounty.gov/"/>
  <tag k="wikidata" v="Q484340"/>
  <tag k="wikipedia" v="en:Washoe County, Nevada"/>
 </relation>
 <relation id="166460" visible="true" version="28" changeset="181175523" timestamp="2026-04-11T05:56:45Z" user="Flap Slimy Outward" uid="22417964">
  <member type="node" ref="150939853" role="label"/>
  <member type="way" ref="832357838" role="outer"/>
  <member type="way" ref="504426507" role="outer"/>
  <member type="way" ref="504426506" role="outer"/>
  <member type="way" ref="504426505" role="outer"/>
  <member type="way" ref="504426504" role="outer"/>
  <member type="way" ref="504426503" role="outer"/>
  <member type="way" ref="504426502" role="outer"/>
  <member type="way" ref="504426509" role="outer"/>
  <member type="way" ref="832357844" role="outer"/>
  <member type="way" ref="504426508" role="outer"/>
  <member type="way" ref="504426515" role="outer"/>
  <member type="way" ref="832357837" role="outer"/>
  <member type="way" ref="832357839" role="outer"/>
  <member type="way" ref="504294703" role="outer"/>
  <member type="way" ref="504294704" role="outer"/>
  <member type="way" ref="832357831" role="outer"/>
  <member type="way" ref="504294705" role="outer"/>
  <member type="way" ref="832357832" role="outer"/>
  <member type="way" ref="504294706" role="outer"/>
  <member type="way" ref="832357835" role="outer"/>
  <member type="way" ref="832357841" role="outer"/>
  <member type="way" ref="832357842" role="outer"/>
  <member type="way" ref="1217763452" role="outer"/>
  <member type="way" ref="37548439" role="outer"/>
  <member type="way" ref="49037633" role="outer"/>
  <member type="way" ref="1434653512" role="outer"/>
  <member type="way" ref="832357825" role="outer"/>
  <member type="way" ref="1434653510" role="outer"/>
  <member type="way" ref="504294667" role="outer"/>
  <member type="way" ref="832357822" role="outer"/>
  <member type="way" ref="832357821" role="outer"/>
  <member type="way" ref="832357811" role="outer"/>
  <member type="way" ref="832357810" role="outer"/>
  <member type="way" ref="832661866" role="outer"/>
  <member type="way" ref="832661751" role="outer"/>
  <member type="way" ref="1042757371" role="outer"/>
  <member type="way" ref="1042757372" role="outer"/>
  <member type="way" ref="49037632" role="outer"/>
  <member type="way" ref="1023706692" role="outer"/>
  <member type="way" ref="832357820" role="outer"/>
  <member type="way" ref="832357819" role="outer"/>
  <member type="way" ref="1042757369" role="outer"/>
  <member type="way" ref="1042757359" role="outer"/>
  <member type="way" ref="1042757360" role="outer"/>
  <member type="way" ref="1042757363" role="outer"/>
  <member type="way" ref="1042757365" role="outer"/>
  <member type="way" ref="1042757366" role="outer"/>
  <member type="way" ref="37548437" role="outer"/>
  <member type="way" ref="37548360" role="outer"/>
  <member type="way" ref="1042441526" role="outer"/>
  <member type="way" ref="1042441528" role="outer"/>
  <member type="way" ref="37548041" role="outer"/>
  <member type="way" ref="810635772" role="outer"/>
  <member type="way" ref="37547555" role="outer"/>
  <member type="way" ref="37547553" role="outer"/>
  <member type="way" ref="810635773" role="outer"/>
  <member type="way" ref="1498386371" role="outer"/>
  <tag k="admin_level" v="6"/>
  <tag k="border_type" v="city"/>
  <tag k="boundary" v="administrative"/>
  <tag k="name" v="Carson City"/>
  <tag k="name:en" v="Carson City"/>
  <tag k="nist:fips_code" v="32510"/>
  <tag k="nist:state_fips" v="32"/>
  <tag k="note" v="This is an independent city. Independent cities in the US are not part of any county. The admin_level should be &quot;6&quot; (not 8) and the border_type should be &quot;city&quot; (not county)."/>
  <tag k="population" v="58639"/>
  <tag k="population:date" v="2020"/>
  <tag k="type" v="boundary"/>
  <tag k="website" v="https://www.carson.org/"/>
  <tag k="wikidata" v="Q40881"/>
  <tag k="wikipedia" v="en:Carson City, Nevada"/>
 </relation>
 <relation id="319757" visible="true" version="142" changeset="180482489" timestamp="2026-03-27T02:46:09Z" user="Flap Slimy Outward" uid="22417964">
  <member type="relation" ref="7188939" role=""/>
  <member type="relation" ref="2306487" role=""/>
  <member type="relation" ref="7185386" role=""/>
  <member type="relation" ref="2306488" role=""/>
  <member type="relation" ref="2306489" role=""/>
  <tag k="description" v="US 395 (super)"/>
  <tag k="name" v="U.S. Route 395"/>
  <tag k="network" v="US:US"/>
  <tag k="ref" v="395"/>
  <tag k="route" v="road"/>
  <tag k="symbol" v="http://en.wikipedia.org/wiki/File:US_395.svg"/>
  <tag k="type" v="superroute"/>
  <tag k="wikidata" v="Q1447963"/>
  <tag k="wikipedia" v="en:U.S. Route 395"/>
 </relation>
 <relation id="2395616" visible="true" version="119" changeset="181176002" timestamp="2026-04-11T06:23:50Z" user="Flap Slimy Outward" uid="22417964">
  <member type="way" ref="83293878" role="north"/>
  <member type="way" ref="692522592" role="south"/>
  <member type="way" ref="692522589" role="south"/>
  <member type="way" ref="91817412" role="south"/>
  <member type="way" ref="691547326" role="south"/>
  <member type="way" ref="691547327" role="south"/>
  <member type="way" ref="691547325" role="north"/>
  <member type="way" ref="691547317" role="north"/>
  <member type="way" ref="212256925" role="north"/>
  <member type="way" ref="691547328" role="south"/>
  <member type="way" ref="691150362" role="south"/>
  <member type="way" ref="691547314" role="south"/>
  <member type="way" ref="691547310" role="south"/>
  <member type="way" ref="1342409205" role="south"/>
  <member type="way" ref="1190700896" role="south"/>
  <member type="way" ref="1069485595" role="south"/>
  <member type="way" ref="1389112445" role="south"/>
  <member type="way" ref="33542333" role="south"/>
  <member type="way" ref="33542172" role="south"/>
  <member type="way" ref="33542150" role="south"/>
  <member type="way" ref="33542104" role="south"/>
  <member type="way" ref="33542108" role="south"/>
  <member type="way" ref="1190700893" role="south"/>
  <member type="way" ref="1344467987" role="south"/>
  <member type="way" ref="702488779" role="south"/>
  <member type="way" ref="33542087" role="south"/>
  <member type="way" ref="1069485591" role="south"/>
  <member type="way" ref="117987530" role="south"/>
  <member type="way" ref="1190700889" role="south"/>
  <member type="way" ref="33542041" role="south"/>
  <member type="way" ref="33542040" role="south"/>
  <member type="way" ref="33541939" role="south"/>
  <member type="way" ref="33541938" role="south"/>
  <member type="way" ref="117987631" role="south"/>
  <member type="way" ref="33541345" role="south"/>
  <member type="way" ref="33541344" role="south"/>
  <member type="way" ref="34152551" role="south"/>
  <member type="way" ref="34152550" role="south"/>
  <member type="way" ref="32860778" role="south"/>
  <member type="way" ref="32860787" role="south"/>
  <member type="way" ref="32861752" role="south"/>
  <member type="way" ref="181363152" role="south"/>
  <member type="way" ref="293581657" role="south"/>
  <member type="way" ref="293581658" role="south"/>
  <member type="way" ref="32905627" role="south"/>
  <member type="way" ref="32905630" role="south"/>
  <member type="way" ref="34151669" role="south"/>
  <member type="way" ref="1343741052" role="south"/>
  <member type="way" ref="34151668" role="south"/>
  <member type="way" ref="34151836" role="south"/>
  <member type="way" ref="34151835" role="south"/>
  <member type="way" ref="42397613" role="south"/>
  <member type="way" ref="42397618" role="south"/>
  <member type="way" ref="177387171" role="south"/>
  <member type="way" ref="177387158" role="south"/>
  <member type="way" ref="177387173" role="south"/>
  <member type="way" ref="233087842" role="south"/>
  <member type="way" ref="487248975" role="south"/>
  <member type="way" ref="548046520" role="south"/>
  <member type="way" ref="164623118" role="south"/>
  <member type="way" ref="164623114" role="south"/>
  <member type="way" ref="1498387912" role="south"/>
  <member type="way" ref="108124854" role="south"/>
  <member type="way" ref="1339997054" role="south"/>
  <member type="way" ref="108124889" role="south"/>
  <member type="way" ref="71439984" role="south"/>
  <member type="way" ref="71439985" role="south"/>
  <member type="way" ref="71439986" role="south"/>
  <member type="way" ref="71439987" role="south"/>
  <member type="way" ref="71439992" role="south"/>
  <member type="way" ref="71439993" role="south"/>
  <member type="way" ref="71439995" role="south"/>
  <member type="way" ref="71440000" role="south"/>
  <member type="way" ref="71440008" role="south"/>
  <member type="way" ref="692916679" role="south"/>
  <member type="way" ref="44227323" role="south"/>
  <member type="way" ref="24313478" role="south"/>
  <member type="way" ref="24313459" role="south"/>
  <member type="way" ref="24312158" role="south"/>
  <member type="way" ref="71239670" role="south"/>
  <member type="way" ref="24312146" role="north"/>
  <member type="way" ref="71440041" role="north"/>
  <member type="way" ref="24312166" role="north"/>
  <member type="way" ref="24313452" role="north"/>
  <member type="way" ref="24313414" role="north"/>
  <member type="way" ref="692522591" role="north"/>
  <member type="way" ref="71440006" role="north"/>
  <member type="way" ref="71440007" role="north"/>
  <member type="way" ref="71440002" role="north"/>
  <member type="way" ref="71440005" role="north"/>
  <member type="way" ref="71439990" role="north"/>
  <member type="way" ref="71439991" role="north"/>
  <member type="way" ref="71439988" role="north"/>
  <member type="way" ref="71439989" role="north"/>
  <member type="way" ref="71439982" role="north"/>
  <member type="way" ref="71439983" role="north"/>
  <member type="way" ref="172772612" role="north"/>
  <member type="way" ref="1498387911" role="north"/>
  <member type="way" ref="108124884" role="north"/>
  <member type="way" ref="117987471" role="north"/>
  <member type="way" ref="164623113" role="north"/>
  <member type="way" ref="164623111" role="north"/>
  <member type="way" ref="487248969" role="north"/>
  <member type="way" ref="548046974" role="north"/>
  <member type="way" ref="233087841" role="north"/>
  <member type="way" ref="178173626" role="north"/>
  <member type="way" ref="178173618" role="north"/>
  <member type="way" ref="178173616" role="north"/>
  <member type="way" ref="178173615" role="north"/>
  <member type="way" ref="178173631" role="north"/>
  <member type="way" ref="178173621" role="north"/>
  <member type="way" ref="178173624" role="north"/>
  <member type="way" ref="178173627" role="north"/>
  <member type="way" ref="178173613" role="north"/>
  <member type="way" ref="178173617" role="north"/>
  <member type="way" ref="178173620" role="north"/>
  <member type="way" ref="178173614" role="north"/>
  <member type="way" ref="449634439" role="north"/>
  <member type="way" ref="178173619" role="north"/>
  <member type="way" ref="553749294" role="north"/>
  <member type="way" ref="178173633" role="north"/>
  <member type="way" ref="1414189950" role="north"/>
  <member type="way" ref="178173625" role="north"/>
  <member type="way" ref="553747934" role="north"/>
  <member type="way" ref="178173623" role="north"/>
  <member type="way" ref="176743995" role="north"/>
  <member type="way" ref="1414189952" role="north"/>
  <member type="way" ref="1414189951" role="north"/>
  <member type="way" ref="172869347" role="north"/>
  <member type="way" ref="38415079" role="north"/>
  <member type="way" ref="38414966" role="north"/>
  <member type="way" ref="38414967" role="north"/>
  <member type="way" ref="42397616" role="north"/>
  <member type="way" ref="42397609" role="south"/>
  <member type="way" ref="172772673" role="north"/>
  <member type="way" ref="42397617" role="north"/>
  <member type="way" ref="42397610" role="north"/>
  <member type="way" ref="42397611" role="north"/>
  <member type="way" ref="34151837" role="north"/>
  <member type="way" ref="34151838" role="north"/>
  <member type="way" ref="34151663" role="north"/>
  <member type="way" ref="34151664" role="north"/>
  <member type="way" ref="32905616" role="north"/>
  <member type="way" ref="32905612" role="north"/>
  <member type="way" ref="293581656" role="north"/>
  <member type="way" ref="293581659" role="north"/>
  <member type="way" ref="32861745" role="north"/>
  <member type="way" ref="32861744" role="north"/>
  <member type="way" ref="32860847" role="north"/>
  <member type="way" ref="32860848" role="north"/>
  <member type="way" ref="34152555" role="north"/>
  <member type="way" ref="34152554" role="north"/>
  <member type="way" ref="33541351" role="north"/>
  <member type="way" ref="33541352" role="north"/>
  <member type="way" ref="587588297" role="north"/>
  <member type="way" ref="33541947" role="north"/>
  <member type="way" ref="33541946" role="north"/>
  <member type="way" ref="33542059" role="north"/>
  <member type="way" ref="33542060" role="north"/>
  <member type="way" ref="33542081" role="north"/>
  <member type="way" ref="33542082" role="north"/>
  <member type="way" ref="33542101" role="north"/>
  <member type="way" ref="33542102" role="north"/>
  <member type="way" ref="183528108" role="north"/>
  <member type="way" ref="33542177" role="north"/>
  <member type="way" ref="551469825" role="south"/>
  <member type="way" ref="551469826" role="north"/>
  <member type="way" ref="551470704" role="south"/>
  <member type="way" ref="691842354" role="north"/>
  <member type="way" ref="551504793" role="north"/>
  <member type="way" ref="551505895" role="north"/>
  <member type="way" ref="691838745" role="north"/>
  <member type="way" ref="551505894" role="north"/>
  <member type="way" ref="551509108" role="south"/>
  <member type="way" ref="551509109" role="south"/>
  <member type="way" ref="551754310" role="south"/>
  <member type="way" ref="551754309" role="north"/>
  <member type="way" ref="551755050" role="south"/>
  <member type="way" ref="551755049" role="north"/>
  <member type="way" ref="552012040" role="north"/>
  <member type="way" ref="552012664" role="south"/>
  <member type="way" ref="552013103" role="south"/>
  <member type="way" ref="552013426" role="north"/>
  <member type="way" ref="552013984" role="south"/>
  <member type="way" ref="552014392" role="south"/>
  <member type="way" ref="552015216" role="north"/>
  <member type="way" ref="552015653" role="north"/>
  <member type="way" ref="553752382" role="south"/>
  <member type="way" ref="553751426" role="south"/>
  <member type="way" ref="38414969" role="south"/>
  <member type="way" ref="553750203" role="south"/>
  <member type="way" ref="38414968" role="south"/>
  <member type="way" ref="38415040" role="south"/>
  <member type="way" ref="172869345" role="south"/>
  <member type="way" ref="117987387" role="south"/>
  <member type="way" ref="176743998" role="south"/>
  <member type="way" ref="176743996" role="south"/>
  <member type="way" ref="176743999" role="south"/>
  <member type="way" ref="1248681419" role="south"/>
  <member type="way" ref="177387165" role="south"/>
  <member type="way" ref="449634440" role="south"/>
  <member type="way" ref="177387155" role="south"/>
  <member type="way" ref="177387164" role="south"/>
  <member type="way" ref="177387157" role="south"/>
  <member type="way" ref="177387162" role="south"/>
  <member type="way" ref="177387154" role="south"/>
  <member type="way" ref="177387163" role="south"/>
  <member type="way" ref="177387156" role="south"/>
  <member type="way" ref="177523051" role="south"/>
  <member type="way" ref="177523050" role="south"/>
  <member type="way" ref="177387166" role="south"/>
  <member type="way" ref="553753097" role="north"/>
  <member type="way" ref="553754823" role="south"/>
  <member type="way" ref="553755575" role="north"/>
  <member type="way" ref="179380768" role="north"/>
  <member type="way" ref="1339997668" role="north"/>
  <member type="way" ref="702395254" role="south"/>
  <member type="way" ref="702395634" role="south"/>
  <member type="way" ref="702396128" role="north"/>
  <member type="way" ref="702401730" role="south"/>
  <member type="way" ref="702404645" role="north"/>
  <member type="way" ref="702405769" role="south"/>
  <member type="way" ref="702408695" role="north"/>
  <member type="way" ref="702411690" role="north"/>
  <member type="way" ref="702412753" role="north"/>
  <member type="way" ref="702413870" role="south"/>
  <member type="way" ref="702421642" role="south"/>
  <member type="way" ref="702423180" role="north"/>
  <member type="way" ref="702424399" role="south"/>
  <member type="way" ref="702425790" role="north"/>
  <member type="way" ref="702426366" role="south"/>
  <member type="way" ref="702427093" role="north"/>
  <member type="way" ref="702434636" role="north"/>
  <member type="way" ref="1343788316" role="north"/>
  <member type="way" ref="702435937" role="south"/>
  <member type="way" ref="1343720769" role="south"/>
  <member type="way" ref="702459903" role="north"/>
  <member type="way" ref="702461154" role="south"/>
  <member type="way" ref="702461938" role="south"/>
  <member type="way" ref="702462430" role="north"/>
  <member type="way" ref="702463047" role="north"/>
  <member type="way" ref="702488779" role="south"/>
  <member type="way" ref="702492999" role="north"/>
  <member type="way" ref="702493561" role="south"/>
  <member type="way" ref="702494415" role="north"/>
  <member type="way" ref="1339999265" role="north"/>
  <member type="way" ref="702495133" role="north"/>
  <member type="way" ref="783767233" role=""/>
  <member type="way" ref="691547309" role="forward"/>
  <member type="way" ref="825119298" role="forward"/>
  <member type="way" ref="387029551" role="forward"/>
  <member type="way" ref="691547320" role="forward"/>
  <member type="way" ref="691584884" role="forward"/>
  <member type="way" ref="691584893" role="forward"/>
  <member type="way" ref="783767232" role="forward"/>
  <member type="way" ref="512376137" role="forward"/>
  <member type="way" ref="691573413" role="forward"/>
  <tag k="description" v="I 580 (NV)"/>
  <tag k="is_in:state" v="NV"/>
  <tag k="name" v="Interstate 580"/>
  <tag k="network" v="US:I"/>
  <tag k="NHS" v="Interstate"/>
  <tag k="ref" v="580"/>
  <tag k="route" v="road"/>
  <tag k="symbol" v="https://upload.wikimedia.org/wikipedia/commons/a/a8/I-580_%28NV%29.svg"/>
  <tag k="type" v="route"/>
  <tag k="wikipedia" v="en:Interstate 580 (Nevada)"/>
 </relation>
 <relation id="3561375" visible="true" version="24" changeset="175817334" timestamp="2025-12-11T19:26:02Z" user="idkwhatname2use" uid="16305471">
  <member type="way" ref="436973948" role=""/>
  <member type="way" ref="436973950" role=""/>
  <member type="way" ref="691578116" role=""/>
  <member type="way" ref="14401228" role=""/>
  <member type="way" ref="14399987" role=""/>
  <member type="way" ref="788738409" role=""/>
  <member type="way" ref="691578112" role=""/>
  <member type="way" ref="691578115" role=""/>
  <member type="way" ref="436973949" role=""/>
  <member type="way" ref="186930538" role=""/>
  <member type="way" ref="215650199" role=""/>
  <member type="way" ref="436973952" role=""/>
  <member type="way" ref="186930537" role=""/>
  <member type="way" ref="436973951" role=""/>
  <member type="way" ref="14401201" role=""/>
  <member type="way" ref="723262664" role=""/>
  <member type="way" ref="273883716" role=""/>
  <member type="way" ref="444090974" role=""/>
  <member type="way" ref="14402906" role=""/>
  <member type="way" ref="723262662" role=""/>
  <member type="way" ref="273883714" role=""/>
  <member type="way" ref="14401689" role=""/>
  <member type="way" ref="273883710" role=""/>
  <member type="way" ref="1457868905" role=""/>
  <member type="way" ref="1457868907" role=""/>
  <member type="way" ref="1457868904" role=""/>
  <member type="way" ref="1457868903" role=""/>
  <member type="way" ref="1457868908" role=""/>
  <member type="way" ref="14401873" role=""/>
  <member type="way" ref="450137369" role=""/>
  <member type="way" ref="1457868909" role=""/>
  <member type="way" ref="14400004" role=""/>
  <member type="way" ref="273883706" role=""/>
  <member type="way" ref="743540434" role=""/>
  <member type="way" ref="14401560" role=""/>
  <member type="way" ref="273883712" role=""/>
  <member type="way" ref="14402748" role=""/>
  <member type="way" ref="195469109" role=""/>
  <member type="way" ref="693652340" role=""/>
  <member type="way" ref="693652342" role=""/>
  <member type="way" ref="186930545" role=""/>
  <member type="way" ref="14402558" role=""/>
  <member type="way" ref="693662725" role=""/>
  <member type="way" ref="693662729" role=""/>
  <member type="way" ref="186930519" role=""/>
  <member type="way" ref="693662726" role=""/>
  <member type="way" ref="693662731" role=""/>
  <member type="way" ref="693662724" role=""/>
  <member type="way" ref="195469136" role=""/>
  <member type="way" ref="186930533" role=""/>
  <member type="way" ref="186930534" role=""/>
  <member type="way" ref="462640867" role=""/>
  <member type="way" ref="186930532" role=""/>
  <member type="way" ref="14402167" role=""/>
  <member type="way" ref="620119825" role=""/>
  <member type="way" ref="14401098" role=""/>
  <member type="way" ref="186930535" role=""/>
  <member type="way" ref="462230472" role=""/>
  <member type="way" ref="462230470" role=""/>
  <member type="way" ref="462230471" role=""/>
  <member type="way" ref="307331721" role=""/>
  <member type="way" ref="899145334" role=""/>
  <member type="way" ref="899145333" role=""/>
  <member type="way" ref="462230473" role=""/>
  <member type="way" ref="462230474" role=""/>
  <member type="way" ref="462230475" role=""/>
  <member type="way" ref="307331698" role=""/>
  <member type="way" ref="307331691" role=""/>
  <member type="way" ref="462230478" role=""/>
  <member type="way" ref="462230480" role=""/>
  <member type="way" ref="462230479" role=""/>
  <member type="way" ref="307331680" role=""/>
  <member type="way" ref="307331707" role=""/>
  <member type="way" ref="658222229" role=""/>
  <tag k="network" v="rcn"/>
  <tag k="ref" v="395"/>
  <tag k="route" v="bicycle"/>
  <tag k="type" v="route"/>
 </relation>
 <relation id="6856420" visible="true" version="1" changeset="44978768" timestamp="2017-01-07T13:31:18Z" user="bahnpirat" uid="13203">
  <member type="way" ref="170362863" role="substation"/>
  <member type="way" ref="38789070" role="line"/>
  <member type="way" ref="170362835" role="substation"/>
  <tag k="cables" v="3"/>
  <tag k="frequency" v="60"/>
  <tag k="route" v="power"/>
  <tag k="type" v="route"/>
  <tag k="voltage" v="125000"/>
  <tag k="wires" v="single"/>
 </relation>
 <relation id="7185386" visible="true" version="194" changeset="181176002" timestamp="2026-04-11T06:23:50Z" user="Flap Slimy Outward" uid="22417964">
  <member type="way" ref="702670669" role="forward"/>
  <member type="way" ref="702670668" role="forward"/>
  <member type="way" ref="702678587" role="forward"/>
  <member type="way" ref="702680575" role="forward"/>
  <member type="way" ref="702694959" role="forward"/>
  <member type="way" ref="702696448" role="forward"/>
  <member type="way" ref="117340277" role="forward"/>
  <member type="way" ref="133443332" role="forward"/>
  <member type="way" ref="39173879" role="forward"/>
  <member type="way" ref="702789165" role="forward"/>
  <member type="way" ref="39173880" role="forward"/>
  <member type="way" ref="39173690" role="forward"/>
  <member type="way" ref="702796134" role="forward"/>
  <member type="way" ref="39173689" role="forward"/>
  <member type="way" ref="39173680" role="forward"/>
  <member type="way" ref="702797528" role="forward"/>
  <member type="way" ref="702800404" role="forward"/>
  <member type="way" ref="702800405" role="forward"/>
  <member type="way" ref="39173681" role="forward"/>
  <member type="way" ref="702829367" role="forward"/>
  <member type="way" ref="39173551" role="forward"/>
  <member type="way" ref="39173552" role="forward"/>
  <member type="way" ref="184697862" role="forward"/>
  <member type="way" ref="184697792" role="forward"/>
  <member type="way" ref="27331585" role="forward"/>
  <member type="way" ref="39173447" role="forward"/>
  <member type="way" ref="702860229" role="forward"/>
  <member type="way" ref="39173446" role="forward"/>
  <member type="way" ref="14388292" role="forward"/>
  <member type="way" ref="14391898" role="forward"/>
  <member type="way" ref="39173459" role="forward"/>
  <member type="way" ref="39173460" role="forward"/>
  <member type="way" ref="42397225" role="forward"/>
  <member type="way" ref="42397226" role="forward"/>
  <member type="way" ref="702879860" role="forward"/>
  <member type="way" ref="184697786" role="forward"/>
  <member type="way" ref="702911964" role="forward"/>
  <member type="way" ref="125171400" role="forward"/>
  <member type="way" ref="125171404" role="forward"/>
  <member type="way" ref="702906748" role="forward"/>
  <member type="way" ref="117987440" role="forward"/>
  <member type="way" ref="39173005" role="forward"/>
  <member type="way" ref="39173006" role="forward"/>
  <member type="way" ref="702913294" role="forward"/>
  <member type="way" ref="702920042" role="forward"/>
  <member type="way" ref="39173015" role="forward"/>
  <member type="way" ref="702920281" role="forward"/>
  <member type="way" ref="39173016" role="forward"/>
  <member type="way" ref="511185390" role="forward"/>
  <member type="way" ref="27331725" role="forward"/>
  <member type="way" ref="27331726" role="forward"/>
  <member type="way" ref="27331722" role="forward"/>
  <member type="way" ref="27331719" role="forward"/>
  <member type="way" ref="34152363" role="forward"/>
  <member type="way" ref="120608108" role="forward"/>
  <member type="way" ref="1190700896" role="forward"/>
  <member type="way" ref="1069485595" role="forward"/>
  <member type="way" ref="1389112445" role="forward"/>
  <member type="way" ref="33542333" role="forward"/>
  <member type="way" ref="33542172" role="forward"/>
  <member type="way" ref="702493561" role="forward"/>
  <member type="way" ref="33542150" role="forward"/>
  <member type="way" ref="33542104" role="forward"/>
  <member type="way" ref="33542108" role="forward"/>
  <member type="way" ref="1190700893" role="forward"/>
  <member type="way" ref="1344467987" role="forward"/>
  <member type="way" ref="702488779" role="forward"/>
  <member type="way" ref="33542087" role="forward"/>
  <member type="way" ref="1069485591" role="forward"/>
  <member type="way" ref="117987530" role="forward"/>
  <member type="way" ref="1190700889" role="forward"/>
  <member type="way" ref="33542041" role="forward"/>
  <member type="way" ref="702461938" role="forward"/>
  <member type="way" ref="33542040" role="forward"/>
  <member type="way" ref="33541939" role="forward"/>
  <member type="way" ref="702461154" role="forward"/>
  <member type="way" ref="33541938" role="forward"/>
  <member type="way" ref="702435937" role="forward"/>
  <member type="way" ref="1343720769" role="forward"/>
  <member type="way" ref="117987631" role="forward"/>
  <member type="way" ref="33541345" role="forward"/>
  <member type="way" ref="33541344" role="forward"/>
  <member type="way" ref="702426366" role="forward"/>
  <member type="way" ref="34152551" role="forward"/>
  <member type="way" ref="702424399" role="forward"/>
  <member type="way" ref="34152550" role="forward"/>
  <member type="way" ref="32860778" role="forward"/>
  <member type="way" ref="32860787" role="forward"/>
  <member type="way" ref="32861752" role="forward"/>
  <member type="way" ref="181363152" role="forward"/>
  <member type="way" ref="293581657" role="forward"/>
  <member type="way" ref="293581658" role="forward"/>
  <member type="way" ref="32905627" role="forward"/>
  <member type="way" ref="702421642" role="forward"/>
  <member type="way" ref="32905630" role="forward"/>
  <member type="way" ref="34151669" role="forward"/>
  <member type="way" ref="1343741052" role="forward"/>
  <member type="way" ref="34151668" role="forward"/>
  <member type="way" ref="702413870" role="forward"/>
  <member type="way" ref="34151836" role="forward"/>
  <member type="way" ref="702405769" role="forward"/>
  <member type="way" ref="34151835" role="forward"/>
  <member type="way" ref="702401730" role="forward"/>
  <member type="way" ref="42397613" role="forward"/>
  <member type="way" ref="702395634" role="forward"/>
  <member type="way" ref="553754823" role="forward"/>
  <member type="way" ref="702395254" role="forward"/>
  <member type="way" ref="42397618" role="forward"/>
  <member type="way" ref="553752382" role="forward"/>
  <member type="way" ref="42397609" role="forward"/>
  <member type="way" ref="553751426" role="forward"/>
  <member type="way" ref="38414969" role="forward"/>
  <member type="way" ref="553750203" role="forward"/>
  <member type="way" ref="38414968" role="forward"/>
  <member type="way" ref="38415040" role="forward"/>
  <member type="way" ref="172869345" role="forward"/>
  <member type="way" ref="117987387" role="forward"/>
  <member type="way" ref="176743998" role="forward"/>
  <member type="way" ref="176743996" role="forward"/>
  <member type="way" ref="176743999" role="forward"/>
  <member type="way" ref="1248681419" role="forward"/>
  <member type="way" ref="177387165" role="forward"/>
  <member type="way" ref="449634440" role="forward"/>
  <member type="way" ref="177387155" role="forward"/>
  <member type="way" ref="177387164" role="forward"/>
  <member type="way" ref="177387157" role="forward"/>
  <member type="way" ref="177387162" role="forward"/>
  <member type="way" ref="177387154" role="forward"/>
  <member type="way" ref="177387163" role="forward"/>
  <member type="way" ref="177387156" role="forward"/>
  <member type="way" ref="177523051" role="forward"/>
  <member type="way" ref="177523050" role="forward"/>
  <member type="way" ref="177387166" role="forward"/>
  <member type="way" ref="177387171" role="forward"/>
  <member type="way" ref="177387158" role="forward"/>
  <member type="way" ref="177387173" role="forward"/>
  <member type="way" ref="548046520" role="forward"/>
  <member type="way" ref="487248975" role="forward"/>
  <member type="way" ref="233087842" role="forward"/>
  <member type="way" ref="552014392" role="forward"/>
  <member type="way" ref="552013984" role="forward"/>
  <member type="way" ref="552013103" role="forward"/>
  <member type="way" ref="164623118" role="forward"/>
  <member type="way" ref="164623114" role="forward"/>
  <member type="way" ref="1498387912" role="forward"/>
  <member type="way" ref="108124854" role="forward"/>
  <member type="way" ref="1339997054" role="forward"/>
  <member type="way" ref="108124889" role="forward"/>
  <member type="way" ref="71439984" role="forward"/>
  <member type="way" ref="71439985" role="forward"/>
  <member type="way" ref="71439986" role="forward"/>
  <member type="way" ref="551469825" role="forward"/>
  <member type="way" ref="71439987" role="forward"/>
  <member type="way" ref="71439992" role="forward"/>
  <member type="way" ref="71439993" role="forward"/>
  <member type="way" ref="71439995" role="forward"/>
  <member type="way" ref="551754310" role="forward"/>
  <member type="way" ref="71440000" role="forward"/>
  <member type="way" ref="71440008" role="forward"/>
  <member type="way" ref="551755050" role="forward"/>
  <member type="way" ref="44227323" role="forward"/>
  <member type="way" ref="692916679" role="forward"/>
  <member type="way" ref="551470704" role="forward"/>
  <member type="way" ref="24313478" role="forward"/>
  <member type="way" ref="24313459" role="forward"/>
  <member type="way" ref="24312158" role="forward"/>
  <member type="way" ref="71239670" role="forward"/>
  <member type="way" ref="692522589" role="forward"/>
  <member type="way" ref="692522592" role="forward"/>
  <member type="way" ref="551509108" role="forward"/>
  <member type="way" ref="551509109" role="forward"/>
  <member type="way" ref="552012664" role="forward"/>
  <member type="way" ref="91817412" role="forward"/>
  <member type="way" ref="691547326" role="forward"/>
  <member type="way" ref="691547327" role="forward"/>
  <member type="way" ref="783767233" role="forward"/>
  <member type="way" ref="691547328" role="forward"/>
  <member type="way" ref="691150362" role="forward"/>
  <member type="way" ref="691547314" role="forward"/>
  <member type="way" ref="691547310" role="forward"/>
  <member type="way" ref="1342409205" role="forward"/>
  <member type="way" ref="691547309" role="forward"/>
  <member type="way" ref="825119298" role="forward"/>
  <member type="way" ref="512376137" role="forward"/>
  <member type="way" ref="425165076" role="forward"/>
  <member type="way" ref="1446392103" role="forward"/>
  <member type="way" ref="628241700" role="forward"/>
  <member type="way" ref="691547329" role="forward"/>
  <member type="way" ref="691547313" role="forward"/>
  <member type="way" ref="691547318" role="forward"/>
  <member type="way" ref="425165063" role="forward"/>
  <member type="way" ref="425165064" role="forward"/>
  <member type="way" ref="185013600" role="forward"/>
  <member type="way" ref="1089664569" role="forward"/>
  <member type="way" ref="117987608" role="forward"/>
  <member type="way" ref="425165081" role="forward"/>
  <member type="way" ref="914610027" role="forward"/>
  <member type="way" ref="1089664566" role="forward"/>
  <member type="way" ref="211047142" role="forward"/>
  <member type="way" ref="297827726" role="forward"/>
  <member type="way" ref="1089664567" role="forward"/>
  <member type="way" ref="425165056" role="forward"/>
  <member type="way" ref="425165058" role="forward"/>
  <member type="way" ref="425165065" role="forward"/>
  <member type="way" ref="246095749" role="forward"/>
  <member type="way" ref="246095752" role="forward"/>
  <member type="way" ref="1089664568" role="forward"/>
  <member type="way" ref="425165060" role="forward"/>
  <member type="way" ref="425165071" role="forward"/>
  <member type="way" ref="425165066" role="forward"/>
  <member type="way" ref="295768451" role="forward"/>
  <member type="way" ref="1155155859" role="forward"/>
  <member type="way" ref="1145540606" role="forward"/>
  <member type="way" ref="462678546" role="forward"/>
  <member type="way" ref="297827724" role="forward"/>
  <member type="way" ref="702673538" role="forward"/>
  <member type="way" ref="702676179" role="forward"/>
  <member type="way" ref="702683393" role="forward"/>
  <member type="way" ref="702684380" role="forward"/>
  <member type="way" ref="702708706" role="forward"/>
  <member type="way" ref="702708707" role="forward"/>
  <member type="way" ref="133443335" role="forward"/>
  <member type="way" ref="39173878" role="forward"/>
  <member type="way" ref="39173877" role="forward"/>
  <member type="way" ref="702789166" role="forward"/>
  <member type="way" ref="39173682" role="forward"/>
  <member type="way" ref="702795063" role="forward"/>
  <member type="way" ref="39173686" role="forward"/>
  <member type="way" ref="39173678" role="forward"/>
  <member type="way" ref="39173679" role="forward"/>
  <member type="way" ref="702805184" role="forward"/>
  <member type="way" ref="1338617633" role="forward"/>
  <member type="way" ref="702806924" role="forward"/>
  <member type="way" ref="39173553" role="forward"/>
  <member type="way" ref="702833729" role="forward"/>
  <member type="way" ref="39173554" role="forward"/>
  <member type="way" ref="702835908" role="forward"/>
  <member type="way" ref="27331587" role="forward"/>
  <member type="way" ref="702857054" role="forward"/>
  <member type="way" ref="27331588" role="forward"/>
  <member type="way" ref="117340271" role="forward"/>
  <member type="way" ref="39173448" role="forward"/>
  <member type="way" ref="39173449" role="forward"/>
  <member type="way" ref="702857524" role="forward"/>
  <member type="way" ref="27331583" role="forward"/>
  <member type="way" ref="39173453" role="forward"/>
  <member type="way" ref="1339998333" role="forward"/>
  <member type="way" ref="39173461" role="forward"/>
  <member type="way" ref="42397228" role="forward"/>
  <member type="way" ref="42397227" role="forward"/>
  <member type="way" ref="184697858" role="forward"/>
  <member type="way" ref="702866442" role="forward"/>
  <member type="way" ref="702879859" role="forward"/>
  <member type="way" ref="125171409" role="forward"/>
  <member type="way" ref="702910701" role="forward"/>
  <member type="way" ref="702910161" role="forward"/>
  <member type="way" ref="125171393" role="forward"/>
  <member type="way" ref="39173008" role="forward"/>
  <member type="way" ref="702909148" role="forward"/>
  <member type="way" ref="702908074" role="forward"/>
  <member type="way" ref="39173007" role="forward"/>
  <member type="way" ref="39173010" role="forward"/>
  <member type="way" ref="702918831" role="forward"/>
  <member type="way" ref="39173009" role="forward"/>
  <member type="way" ref="702918213" role="forward"/>
  <member type="way" ref="27331728" role="forward"/>
  <member type="way" ref="511186420" role="forward"/>
  <member type="way" ref="511186421" role="forward"/>
  <member type="way" ref="27331727" role="forward"/>
  <member type="way" ref="27331721" role="forward"/>
  <member type="way" ref="27331720" role="forward"/>
  <member type="way" ref="34152364" role="forward"/>
  <member type="way" ref="34152368" role="forward"/>
  <member type="way" ref="33542319" role="forward"/>
  <member type="way" ref="703246646" role="forward"/>
  <member type="way" ref="1339997668" role="forward"/>
  <member type="way" ref="179380768" role="forward"/>
  <member type="way" ref="33542177" role="forward"/>
  <member type="way" ref="183528108" role="forward"/>
  <member type="way" ref="702495133" role="forward"/>
  <member type="way" ref="33542102" role="forward"/>
  <member type="way" ref="33542101" role="forward"/>
  <member type="way" ref="702492999" role="forward"/>
  <member type="way" ref="33542082" role="forward"/>
  <member type="way" ref="1339999265" role="forward"/>
  <member type="way" ref="702494415" role="forward"/>
  <member type="way" ref="33542081" role="forward"/>
  <member type="way" ref="33542060" role="forward"/>
  <member type="way" ref="702463047" role="forward"/>
  <member type="way" ref="33542059" role="forward"/>
  <member type="way" ref="702462430" role="forward"/>
  <member type="way" ref="33541946" role="forward"/>
  <member type="way" ref="33541947" role="forward"/>
  <member type="way" ref="702459903" role="forward"/>
  <member type="way" ref="587588297" role="forward"/>
  <member type="way" ref="1343788316" role="forward"/>
  <member type="way" ref="702434636" role="forward"/>
  <member type="way" ref="33541352" role="forward"/>
  <member type="way" ref="33541351" role="forward"/>
  <member type="way" ref="34152554" role="forward"/>
  <member type="way" ref="702427093" role="forward"/>
  <member type="way" ref="34152555" role="forward"/>
  <member type="way" ref="32860848" role="forward"/>
  <member type="way" ref="702425790" role="forward"/>
  <member type="way" ref="32860847" role="forward"/>
  <member type="way" ref="32861744" role="forward"/>
  <member type="way" ref="32861745" role="forward"/>
  <member type="way" ref="293581659" role="forward"/>
  <member type="way" ref="293581656" role="forward"/>
  <member type="way" ref="32905612" role="forward"/>
  <member type="way" ref="32905616" role="forward"/>
  <member type="way" ref="702423180" role="forward"/>
  <member type="way" ref="34151664" role="forward"/>
  <member type="way" ref="34151663" role="forward"/>
  <member type="way" ref="34151838" role="forward"/>
  <member type="way" ref="702412753" role="forward"/>
  <member type="way" ref="34151837" role="forward"/>
  <member type="way" ref="702411690" role="forward"/>
  <member type="way" ref="702408695" role="forward"/>
  <member type="way" ref="42397611" role="forward"/>
  <member type="way" ref="702404645" role="forward"/>
  <member type="way" ref="42397610" role="forward"/>
  <member type="way" ref="702396128" role="forward"/>
  <member type="way" ref="42397617" role="forward"/>
  <member type="way" ref="553755575" role="forward"/>
  <member type="way" ref="172772673" role="forward"/>
  <member type="way" ref="553753097" role="forward"/>
  <member type="way" ref="42397616" role="forward"/>
  <member type="way" ref="38414967" role="forward"/>
  <member type="way" ref="38414966" role="forward"/>
  <member type="way" ref="38415079" role="forward"/>
  <member type="way" ref="172869347" role="forward"/>
  <member type="way" ref="1414189951" role="forward"/>
  <member type="way" ref="1414189952" role="forward"/>
  <member type="way" ref="176743995" role="forward"/>
  <member type="way" ref="178173623" role="forward"/>
  <member type="way" ref="553747934" role="forward"/>
  <member type="way" ref="178173625" role="forward"/>
  <member type="way" ref="1414189950" role="forward"/>
  <member type="way" ref="178173633" role="forward"/>
  <member type="way" ref="553749294" role="forward"/>
  <member type="way" ref="178173619" role="forward"/>
  <member type="way" ref="449634439" role="forward"/>
  <member type="way" ref="178173614" role="forward"/>
  <member type="way" ref="178173620" role="forward"/>
  <member type="way" ref="178173617" role="forward"/>
  <member type="way" ref="178173613" role="forward"/>
  <member type="way" ref="178173627" role="forward"/>
  <member type="way" ref="178173624" role="forward"/>
  <member type="way" ref="178173621" role="forward"/>
  <member type="way" ref="178173631" role="forward"/>
  <member type="way" ref="178173615" role="forward"/>
  <member type="way" ref="178173616" role="forward"/>
  <member type="way" ref="178173618" role="forward"/>
  <member type="way" ref="178173626" role="forward"/>
  <member type="way" ref="233087841" role="forward"/>
  <member type="way" ref="548046974" role="forward"/>
  <member type="way" ref="487248969" role="forward"/>
  <member type="way" ref="164623111" role="forward"/>
  <member type="way" ref="552015653" role="forward"/>
  <member type="way" ref="552015216" role="forward"/>
  <member type="way" ref="552013426" role="forward"/>
  <member type="way" ref="164623113" role="forward"/>
  <member type="way" ref="117987471" role="forward"/>
  <member type="way" ref="108124884" role="forward"/>
  <member type="way" ref="1498387911" role="forward"/>
  <member type="way" ref="172772612" role="forward"/>
  <member type="way" ref="71439983" role="forward"/>
  <member type="way" ref="71439982" role="forward"/>
  <member type="way" ref="71439989" role="forward"/>
  <member type="way" ref="71439988" role="forward"/>
  <member type="way" ref="551469826" role="forward"/>
  <member type="way" ref="71439991" role="forward"/>
  <member type="way" ref="71439990" role="forward"/>
  <member type="way" ref="71440005" role="forward"/>
  <member type="way" ref="71440002" role="forward"/>
  <member type="way" ref="551754309" role="forward"/>
  <member type="way" ref="71440007" role="forward"/>
  <member type="way" ref="71440006" role="forward"/>
  <member type="way" ref="551755049" role="forward"/>
  <member type="way" ref="692522591" role="forward"/>
  <member type="way" ref="24313414" role="forward"/>
  <member type="way" ref="24313452" role="forward"/>
  <member type="way" ref="24312166" role="forward"/>
  <member type="way" ref="71440041" role="forward"/>
  <member type="way" ref="24312146" role="forward"/>
  <member type="way" ref="83293878" role="forward"/>
  <member type="way" ref="551505894" role="forward"/>
  <member type="way" ref="691838745" role="forward"/>
  <member type="way" ref="551505895" role="forward"/>
  <member type="way" ref="691842354" role="forward"/>
  <member type="way" ref="551504793" role="forward"/>
  <member type="way" ref="552012040" role="forward"/>
  <member type="way" ref="691547325" role="forward"/>
  <member type="way" ref="691547317" role="forward"/>
  <member type="way" ref="212256925" role="forward"/>
  <member type="way" ref="992151851" role="forward"/>
  <member type="way" ref="108719546" role="forward"/>
  <member type="way" ref="351005740" role="forward"/>
  <member type="way" ref="691582311" role="forward"/>
  <member type="way" ref="691582306" role="forward"/>
  <member type="way" ref="691582315" role="forward"/>
  <member type="way" ref="445237588" role="forward"/>
  <member type="way" ref="425165084" role="forward"/>
  <member type="way" ref="211047137" role="forward"/>
  <member type="way" ref="303614036" role="forward"/>
  <member type="way" ref="1089664565" role="forward"/>
  <member type="way" ref="246095751" role="forward"/>
  <member type="way" ref="425165077" role="forward"/>
  <member type="way" ref="425165062" role="forward"/>
  <member type="way" ref="425165059" role="forward"/>
  <member type="way" ref="246095750" role="forward"/>
  <member type="way" ref="185017246" role="forward"/>
  <member type="way" ref="425165068" role="forward"/>
  <member type="way" ref="218679724" role="forward"/>
  <member type="way" ref="295768452" role="forward"/>
  <member type="way" ref="425165061" role="forward"/>
  <member type="way" ref="425165075" role="forward"/>
  <member type="way" ref="425165069" role="forward"/>
  <member type="way" ref="297827727" role="forward"/>
  <member type="way" ref="1155155858" role="forward"/>
  <member type="way" ref="1145540605" role="forward"/>
  <member type="way" ref="1145540603" role="forward"/>
  <member type="way" ref="185017284" role="forward"/>
  <member type="way" ref="425165070" role=""/>
  <member type="way" ref="825119291" role=""/>
  <member type="way" ref="14286413" role=""/>
  <member type="way" ref="1155155847" role=""/>
  <member type="way" ref="1155155848" role=""/>
  <member type="way" ref="909205117" role=""/>
  <member type="way" ref="909205183" role=""/>
  <member type="way" ref="1144448474" role=""/>
  <member type="way" ref="1147255186" role=""/>
  <member type="way" ref="1147255185" role=""/>
  <member type="way" ref="185017277" role=""/>
  <member type="way" ref="1011111505" role=""/>
  <member type="way" ref="425165067" role=""/>
  <member type="way" ref="425165073" role="forward"/>
  <member type="way" ref="914610026" role="forward"/>
  <member type="way" ref="425165074" role="forward"/>
  <member type="way" ref="1155153143" role="forward"/>
  <member type="way" ref="425165072" role=""/>
  <member type="way" ref="425165057" role=""/>
  <member type="way" ref="425165049" role=""/>
  <member type="way" ref="1024401837" role=""/>
  <member type="way" ref="1155153140" role=""/>
  <member type="way" ref="1296826436" role=""/>
  <member type="way" ref="1296826435" role=""/>
  <member type="way" ref="1296927404" role=""/>
  <member type="way" ref="185017292" role=""/>
  <member type="way" ref="1296927403" role=""/>
  <member type="way" ref="1296927402" role=""/>
  <member type="way" ref="1296927401" role=""/>
  <member type="way" ref="1296671692" role=""/>
  <member type="way" ref="1024401838" role=""/>
  <member type="way" ref="1155153142" role=""/>
  <member type="way" ref="1296823153" role=""/>
  <member type="way" ref="1155153127" role=""/>
  <member type="way" ref="1024401836" role=""/>
  <member type="way" ref="1024401840" role=""/>
  <member type="way" ref="1024401841" role=""/>
  <member type="way" ref="1024401842" role=""/>
  <member type="way" ref="444219903" role=""/>
  <member type="way" ref="117987590" role=""/>
  <member type="way" ref="117987350" role=""/>
  <member type="way" ref="117987595" role=""/>
  <member type="way" ref="117987382" role=""/>
  <member type="way" ref="117987503" role=""/>
  <member type="way" ref="117987359" role=""/>
  <member type="way" ref="117987574" role=""/>
  <member type="way" ref="992151838" role="forward"/>
  <member type="way" ref="992151836" role="forward"/>
  <member type="way" ref="992151844" role="forward"/>
  <member type="way" ref="992151842" role="forward"/>
  <member type="way" ref="992151841" role="forward"/>
  <member type="way" ref="992151843" role="forward"/>
  <member type="way" ref="992151840" role="forward"/>
  <member type="way" ref="992151839" role="forward"/>
  <member type="way" ref="992151837" role="forward"/>
  <member type="way" ref="117987525" role="forward"/>
  <member type="way" ref="117987354" role="forward"/>
  <member type="way" ref="992151834" role="forward"/>
  <member type="way" ref="992151835" role="forward"/>
  <member type="way" ref="805234539" role="forward"/>
  <member type="way" ref="55410869" role="forward"/>
  <member type="way" ref="533470447" role="forward"/>
  <member type="way" ref="117987347" role="forward"/>
  <member type="way" ref="533470448" role="forward"/>
  <member type="way" ref="269136901" role="forward"/>
  <member type="way" ref="269136900" role=""/>
  <member type="way" ref="506067803" role=""/>
  <member type="way" ref="506067804" role=""/>
  <member type="way" ref="14289753" role=""/>
  <tag k="description" v="US 395 (NV)"/>
  <tag k="is_in:state" v="NV"/>
  <tag k="name" v="US 395 in Nevada"/>
  <tag k="network" v="US:US"/>
  <tag k="ref" v="395"/>
  <tag k="route" v="road"/>
  <tag k="symbol" v="http://en.wikipedia.org/wiki/File:US_395.svg"/>
  <tag k="type" v="route"/>
  <tag k="wikipedia" v="en:U.S. Route 395 in Nevada"/>
 </relation>
 <relation id="9154622" visible="true" version="32" changeset="168321493" timestamp="2025-06-30T18:06:30Z" user="btwhite92" uid="730573">
  <member type="way" ref="222406520" role=""/>
  <member type="way" ref="108168644" role=""/>
  <member type="way" ref="1375138873" role=""/>
  <member type="way" ref="108719571" role=""/>
  <member type="way" ref="175785918" role=""/>
  <member type="way" ref="999714289" role=""/>
  <member type="way" ref="14369541" role=""/>
  <member type="way" ref="14385580" role=""/>
  <member type="way" ref="14385565" role=""/>
  <member type="way" ref="14380298" role=""/>
  <member type="way" ref="870020988" role=""/>
  <member type="way" ref="899188990" role=""/>
  <member type="way" ref="658213086" role=""/>
  <member type="way" ref="1410969184" role=""/>
  <member type="way" ref="1410969183" role=""/>
  <member type="way" ref="658219910" role=""/>
  <member type="way" ref="658219912" role=""/>
  <member type="way" ref="658219909" role=""/>
  <member type="way" ref="658222046" role=""/>
  <member type="way" ref="1410969187" role=""/>
  <member type="way" ref="882224192" role=""/>
  <member type="way" ref="14380701" role=""/>
  <member type="way" ref="658222075" role=""/>
  <member type="way" ref="462230469" role=""/>
  <member type="way" ref="307331707" role=""/>
  <member type="way" ref="658222229" role=""/>
  <member type="way" ref="723262662" role=""/>
  <member type="way" ref="14402906" role=""/>
  <member type="way" ref="444090974" role=""/>
  <member type="way" ref="273883711" role=""/>
  <member type="way" ref="457048117" role=""/>
  <member type="way" ref="14401241" role=""/>
  <member type="way" ref="14400141" role=""/>
  <member type="way" ref="658224342" role=""/>
  <member type="way" ref="881604779" role=""/>
  <member type="way" ref="1382371815" role=""/>
  <member type="way" ref="1382371816" role=""/>
  <member type="way" ref="658244638" role=""/>
  <member type="way" ref="38786981" role=""/>
  <member type="way" ref="506086448" role=""/>
  <member type="way" ref="437631059" role=""/>
  <member type="way" ref="439969865" role=""/>
  <member type="way" ref="533527227" role=""/>
  <member type="way" ref="437629648" role=""/>
  <member type="way" ref="28642012" role=""/>
  <member type="way" ref="890848850" role=""/>
  <member type="way" ref="1348054457" role=""/>
  <member type="way" ref="890846533" role=""/>
  <member type="way" ref="38781999" role=""/>
  <member type="way" ref="415929054" role=""/>
  <member type="way" ref="415929060" role=""/>
  <member type="way" ref="864869445" role=""/>
  <member type="way" ref="212215280" role=""/>
  <member type="way" ref="658246807" role=""/>
  <member type="way" ref="1373841343" role=""/>
  <member type="way" ref="32877800" role=""/>
  <member type="way" ref="864869446" role=""/>
  <member type="way" ref="439969240" role=""/>
  <member type="way" ref="388178385" role=""/>
  <member type="way" ref="513417099" role=""/>
  <tag k="description" v="Nevada Seg 9: Virginia City to California Line"/>
  <tag k="distance" v="48.04 mi"/>
  <tag k="name" v="ADT - Nevada - S - Seg 9"/>
  <tag k="network" v="nwn"/>
  <tag k="operator" v="American Discovery Trail Society"/>
  <tag k="ref" v="ADT S9"/>
  <tag k="route" v="hiking"/>
  <tag k="type" v="route"/>
 </relation>
 <relation id="9772838" visible="true" version="39" changeset="181658576" timestamp="2026-04-22T07:30:56Z" user="Flap Slimy Outward" uid="22417964">
  <member type="node" ref="6603724650" role="stop"/>
  <member type="way" ref="14402736" role="forward"/>
  <member type="way" ref="195469136" role="forward"/>
  <member type="way" ref="693662724" role="forward"/>
  <member type="way" ref="693662731" role="forward"/>
  <member type="way" ref="693662726" role="forward"/>
  <member type="way" ref="186930519" role="forward"/>
  <member type="way" ref="186930541" role="forward"/>
  <member type="way" ref="693664181" role="forward"/>
  <member type="way" ref="693664182" role="forward"/>
  <member type="way" ref="742325759" role="forward"/>
  <member type="way" ref="692519140" role=""/>
  <member type="way" ref="186930540" role=""/>
  <member type="way" ref="703246587" role=""/>
  <member type="way" ref="14401794" role=""/>
  <member type="way" ref="693641389" role="forward"/>
  <member type="way" ref="184705197" role="forward"/>
  <member type="way" ref="693641379" role="backward"/>
  <member type="way" ref="184705188" role="backward"/>
  <member type="way" ref="14401185" role="backward"/>
  <member type="way" ref="693641388" role="backward"/>
  <member type="way" ref="703246637" role="forward"/>
  <member type="way" ref="970722386" role="backward"/>
  <member type="way" ref="970722376" role="backward"/>
  <member type="way" ref="970722374" role="backward"/>
  <member type="way" ref="186930548" role="backward"/>
  <member type="way" ref="14402224" role="backward"/>
  <member type="way" ref="693641375" role="backward"/>
  <member type="way" ref="914610033" role="forward"/>
  <member type="way" ref="184705199" role="forward"/>
  <member type="way" ref="693641376" role="forward"/>
  <member type="way" ref="184705198" role="forward"/>
  <member type="way" ref="693641384" role=""/>
  <member type="way" ref="693641380" role=""/>
  <member type="way" ref="450136077" role=""/>
  <member type="way" ref="184705195" role=""/>
  <member type="way" ref="184705206" role=""/>
  <member type="way" ref="283879252" role="forward"/>
  <member type="way" ref="693644183" role="forward"/>
  <member type="way" ref="703246629" role="forward"/>
  <member type="way" ref="283879225" role="forward"/>
  <member type="way" ref="24312525" role="forward"/>
  <member type="way" ref="172772612" role="forward"/>
  <member type="way" ref="1498387911" role="forward"/>
  <member type="way" ref="108124884" role="forward"/>
  <member type="way" ref="117987471" role="forward"/>
  <member type="way" ref="164623113" role="forward"/>
  <member type="way" ref="552013426" role="forward"/>
  <member type="way" ref="552015216" role="forward"/>
  <member type="way" ref="552015653" role="forward"/>
  <member type="way" ref="164623111" role="forward"/>
  <member type="way" ref="487248969" role="forward"/>
  <member type="way" ref="548046974" role="forward"/>
  <member type="way" ref="233087841" role="forward"/>
  <member type="way" ref="178173626" role="forward"/>
  <member type="way" ref="178173618" role="forward"/>
  <member type="way" ref="178173616" role="forward"/>
  <member type="way" ref="178173615" role="forward"/>
  <member type="way" ref="178173631" role="forward"/>
  <member type="way" ref="178173621" role="forward"/>
  <member type="way" ref="178173624" role="forward"/>
  <member type="way" ref="178173627" role="forward"/>
  <member type="way" ref="178173613" role="forward"/>
  <member type="way" ref="178173617" role="forward"/>
  <member type="way" ref="178173620" role="forward"/>
  <member type="way" ref="178173614" role="forward"/>
  <member type="way" ref="449634439" role="forward"/>
  <member type="way" ref="178173619" role="forward"/>
  <member type="way" ref="553749294" role="forward"/>
  <member type="way" ref="183528133" role="forward"/>
  <member type="way" ref="263552547" role="forward"/>
  <member type="way" ref="1414189953" role="forward"/>
  <member type="way" ref="534365883" role="forward"/>
  <member type="way" ref="534365882" role="forward"/>
  <member type="way" ref="263564347" role="forward"/>
  <member type="way" ref="263558051" role="forward"/>
  <member type="way" ref="1493253954" role="forward"/>
  <member type="way" ref="703246638" role="forward"/>
  <member type="way" ref="306732767" role="forward"/>
  <member type="way" ref="1151107495" role="forward"/>
  <member type="way" ref="306732726" role="forward"/>
  <member type="way" ref="306732775" role="forward"/>
  <member type="way" ref="703246639" role="forward"/>
  <member type="way" ref="306732905" role="forward"/>
  <member type="way" ref="534365902" role="forward"/>
  <member type="way" ref="534365900" role="forward"/>
  <member type="way" ref="263558045" role="forward"/>
  <member type="way" ref="534365899" role="forward"/>
  <member type="way" ref="486243717" role="forward"/>
  <member type="way" ref="534365897" role="forward"/>
  <member type="way" ref="534365898" role="forward"/>
  <member type="way" ref="178173622" role="forward"/>
  <member type="way" ref="534365886" role="forward"/>
  <member type="way" ref="263558053" role="forward"/>
  <member type="way" ref="263558052" role="forward"/>
  <member type="way" ref="771681764" role="forward"/>
  <member type="way" ref="177387165" role="forward"/>
  <member type="way" ref="449634440" role="forward"/>
  <member type="way" ref="177387155" role="forward"/>
  <member type="way" ref="177387164" role="forward"/>
  <member type="way" ref="177387157" role="forward"/>
  <member type="way" ref="177387162" role="forward"/>
  <member type="way" ref="177387154" role="forward"/>
  <member type="way" ref="177387163" role="forward"/>
  <member type="way" ref="177387156" role="forward"/>
  <member type="way" ref="177523051" role="forward"/>
  <member type="way" ref="177523050" role="forward"/>
  <member type="way" ref="177387166" role="forward"/>
  <member type="way" ref="177387171" role="forward"/>
  <member type="way" ref="177387158" role="forward"/>
  <member type="way" ref="177387173" role="forward"/>
  <member type="way" ref="548046520" role="forward"/>
  <member type="way" ref="487248975" role="forward"/>
  <member type="way" ref="233087842" role="forward"/>
  <member type="way" ref="552014392" role="forward"/>
  <member type="way" ref="552013984" role="forward"/>
  <member type="way" ref="552013103" role="forward"/>
  <member type="way" ref="164623118" role="forward"/>
  <member type="way" ref="164623114" role="forward"/>
  <member type="way" ref="1498387912" role="forward"/>
  <member type="way" ref="108124854" role="forward"/>
  <member type="way" ref="1339997054" role="forward"/>
  <member type="way" ref="24312933" role="forward"/>
  <member type="way" ref="283879249" role="forward"/>
  <member type="way" ref="283879223" role="forward"/>
  <member type="way" ref="283879221" role="forward"/>
  <member type="way" ref="693644173" role="forward"/>
  <member type="way" ref="306732792" role=""/>
  <member type="way" ref="306732857" role="forward"/>
  <member type="way" ref="1151107484" role="forward"/>
  <member type="way" ref="1151107486" role="forward"/>
  <member type="way" ref="1151107485" role="forward"/>
  <member type="way" ref="306732690" role=""/>
  <member type="way" ref="1414555238" role=""/>
  <member type="way" ref="306732730" role=""/>
  <member type="way" ref="1414555237" role=""/>
  <member type="way" ref="1414555236" role=""/>
  <member type="way" ref="306732734" role=""/>
  <member type="way" ref="1414555240" role=""/>
  <member type="way" ref="306732889" role="forward"/>
  <member type="way" ref="306732894" role="forward"/>
  <member type="way" ref="306732893" role="forward"/>
  <member type="way" ref="306732910" role=""/>
  <member type="way" ref="306732765" role="forward"/>
  <member type="way" ref="306732835" role="forward"/>
  <member type="way" ref="306732901" role=""/>
  <member type="way" ref="306732661" role="forward"/>
  <member type="way" ref="306732698" role="forward"/>
  <member type="way" ref="344906784" role=""/>
  <member type="way" ref="1080479595" role=""/>
  <member type="way" ref="344906780" role=""/>
  <member type="way" ref="344906774" role=""/>
  <member type="way" ref="344906771" role=""/>
  <member type="way" ref="306732787" role=""/>
  <member type="way" ref="306732751" role=""/>
  <member type="way" ref="306732786" role="forward"/>
  <member type="way" ref="306732753" role="forward"/>
  <member type="way" ref="306732671" role=""/>
  <member type="way" ref="306732891" role="forward"/>
  <member type="way" ref="306732757" role="forward"/>
  <member type="way" ref="1497205982" role="forward"/>
  <member type="way" ref="1497205983" role="forward"/>
  <member type="way" ref="1497205989" role="forward"/>
  <member type="way" ref="1497205990" role="forward"/>
  <member type="way" ref="306732710" role="forward"/>
  <member type="way" ref="1497205992" role="forward"/>
  <member type="way" ref="1497205991" role="forward"/>
  <member type="way" ref="306732684" role="forward"/>
  <member type="way" ref="1497205987" role="forward"/>
  <member type="way" ref="1497205986" role="forward"/>
  <member type="way" ref="1497205984" role="forward"/>
  <member type="way" ref="1497205985" role="forward"/>
  <member type="way" ref="306732769" role="forward"/>
  <member type="way" ref="444671553" role="forward"/>
  <member type="way" ref="306732695" role="forward"/>
  <member type="way" ref="306732780" role="forward"/>
  <member type="way" ref="1497205996" role="forward"/>
  <member type="way" ref="306732693" role="forward"/>
  <member type="way" ref="1497205994" role="forward"/>
  <member type="way" ref="306732737" role=""/>
  <member type="way" ref="1497205995" role=""/>
  <member type="way" ref="306732933" role=""/>
  <member type="way" ref="306732681" role="forward"/>
  <member type="way" ref="306732687" role="forward"/>
  <member type="way" ref="306732848" role="forward"/>
  <member type="way" ref="703197376" role="backward"/>
  <member type="way" ref="306732927" role="forward"/>
  <member type="way" ref="306732802" role="forward"/>
  <member type="way" ref="306732940" role="forward"/>
  <member type="way" ref="33542172" role="forward"/>
  <member type="way" ref="702493561" role="forward"/>
  <member type="way" ref="33542150" role="forward"/>
  <member type="way" ref="33542104" role="forward"/>
  <member type="way" ref="33542108" role="forward"/>
  <member type="way" ref="1190700893" role="forward"/>
  <member type="way" ref="1344467987" role="forward"/>
  <member type="way" ref="702488779" role="forward"/>
  <member type="way" ref="33542087" role="forward"/>
  <member type="way" ref="1069485591" role="forward"/>
  <member type="way" ref="117987530" role="forward"/>
  <member type="way" ref="1190700889" role="forward"/>
  <member type="way" ref="33542041" role="forward"/>
  <member type="way" ref="702461938" role="forward"/>
  <member type="way" ref="33542040" role="forward"/>
  <member type="way" ref="33541939" role="forward"/>
  <member type="way" ref="702461154" role="forward"/>
  <member type="way" ref="33541938" role="forward"/>
  <member type="way" ref="702435937" role="forward"/>
  <member type="way" ref="1343720769" role="forward"/>
  <member type="way" ref="117987631" role="forward"/>
  <member type="way" ref="33541345" role="forward"/>
  <member type="way" ref="33541344" role="forward"/>
  <member type="way" ref="702426366" role="forward"/>
  <member type="way" ref="34152551" role="forward"/>
  <member type="way" ref="702424399" role="forward"/>
  <member type="way" ref="34152550" role="forward"/>
  <member type="way" ref="32860778" role="forward"/>
  <member type="way" ref="32860787" role="forward"/>
  <member type="way" ref="32861752" role="forward"/>
  <member type="way" ref="181365663" role="forward"/>
  <member type="way" ref="310744911" role="backward"/>
  <member type="way" ref="310744908" role="forward"/>
  <member type="way" ref="306732658" role="forward"/>
  <member type="way" ref="703197376" role="forward"/>
  <member type="way" ref="306732862" role="forward"/>
  <member type="way" ref="306732644" role="forward"/>
  <member type="way" ref="306732937" role="forward"/>
  <member type="way" ref="703232628" role="forward"/>
  <member type="way" ref="703246640" role="forward"/>
  <member type="way" ref="14380116" role="forward"/>
  <member type="way" ref="32860848" role="forward"/>
  <member type="way" ref="34152555" role="forward"/>
  <member type="way" ref="702427093" role="forward"/>
  <member type="way" ref="34152554" role="forward"/>
  <member type="way" ref="33541351" role="forward"/>
  <member type="way" ref="33541352" role="forward"/>
  <member type="way" ref="702434636" role="forward"/>
  <member type="way" ref="1343788316" role="forward"/>
  <member type="way" ref="587588297" role="forward"/>
  <member type="way" ref="702459903" role="forward"/>
  <member type="way" ref="33541947" role="forward"/>
  <member type="way" ref="33541946" role="forward"/>
  <member type="way" ref="702462430" role="forward"/>
  <member type="way" ref="33542059" role="forward"/>
  <member type="way" ref="702463047" role="forward"/>
  <member type="way" ref="33542060" role="forward"/>
  <member type="way" ref="33542081" role="forward"/>
  <member type="way" ref="702494415" role="forward"/>
  <member type="way" ref="1339999265" role="forward"/>
  <member type="way" ref="33542082" role="forward"/>
  <member type="way" ref="702492999" role="forward"/>
  <member type="way" ref="33542101" role="forward"/>
  <member type="way" ref="33542102" role="forward"/>
  <member type="way" ref="702495133" role="forward"/>
  <member type="way" ref="183528108" role="forward"/>
  <member type="way" ref="33542177" role="forward"/>
  <member type="way" ref="179380768" role="forward"/>
  <member type="way" ref="1339997668" role="forward"/>
  <member type="way" ref="703246645" role="forward"/>
  <member type="way" ref="179380782" role="forward"/>
  <member type="way" ref="34146358" role="forward"/>
  <member type="way" ref="14370517" role="forward"/>
  <member type="way" ref="1344477635" role="forward"/>
  <member type="way" ref="123936467" role="forward"/>
  <member type="way" ref="703091754" role="forward"/>
  <member type="way" ref="703082841" role="forward"/>
  <member type="way" ref="703082557" role="forward"/>
  <member type="way" ref="32776307" role="forward"/>
  <member type="way" ref="32776308" role="forward"/>
  <member type="way" ref="32776298" role="forward"/>
  <member type="way" ref="32776300" role="forward"/>
  <member type="way" ref="703083729" role="forward"/>
  <member type="way" ref="1339998217" role="forward"/>
  <member type="way" ref="382382362" role="forward"/>
  <member type="way" ref="382382347" role="forward"/>
  <member type="way" ref="382382373" role="forward"/>
  <member type="way" ref="382382145" role="forward"/>
  <member type="way" ref="1391919411" role="forward"/>
  <member type="way" ref="382382220" role="forward"/>
  <member type="way" ref="306902774" role="forward"/>
  <member type="way" ref="306902793" role="forward"/>
  <member type="way" ref="306902794" role="forward"/>
  <member type="way" ref="306902786" role="forward"/>
  <member type="way" ref="355386499" role="forward"/>
  <member type="way" ref="674207119" role="forward"/>
  <member type="way" ref="386075156" role="forward"/>
  <member type="way" ref="386075157" role="forward"/>
  <member type="way" ref="386075159" role="forward"/>
  <member type="way" ref="386075158" role="forward"/>
  <member type="way" ref="14396079" role="forward"/>
  <member type="way" ref="183941192" role="forward"/>
  <member type="way" ref="703197377" role="forward"/>
  <member type="way" ref="703197378" role="forward"/>
  <member type="way" ref="703246675" role="forward"/>
  <member type="way" ref="703246676" role="forward"/>
  <member type="way" ref="340371309" role="forward"/>
  <member type="way" ref="703232647" role="forward"/>
  <member type="way" ref="402193142" role="forward"/>
  <member type="way" ref="703246643" role="forward"/>
  <member type="way" ref="703246644" role="forward"/>
  <member type="way" ref="39174463" role="forward"/>
  <member type="way" ref="703080470" role="forward"/>
  <member type="way" ref="214818961" role="forward"/>
  <member type="way" ref="34144629" role="forward"/>
  <member type="way" ref="703080665" role="forward"/>
  <member type="way" ref="34118637" role="forward"/>
  <member type="way" ref="1190702521" role="forward"/>
  <member type="way" ref="703081729" role="forward"/>
  <member type="way" ref="346133902" role="forward"/>
  <member type="way" ref="702498552" role="forward"/>
  <member type="way" ref="33542337" role="forward"/>
  <member type="way" ref="33542339" role="forward"/>
  <member type="way" ref="14383864" role=""/>
  <member type="way" ref="483546447" role="forward"/>
  <member type="way" ref="703197373" role="forward"/>
  <member type="way" ref="703197375" role="forward"/>
  <member type="way" ref="708735346" role="forward"/>
  <member type="way" ref="703197371" role="forward"/>
  <member type="way" ref="703197371" role="forward"/>
  <member type="way" ref="708735346" role="forward"/>
  <member type="way" ref="703197375" role="forward"/>
  <member type="way" ref="703197373" role="forward"/>
  <member type="way" ref="483546447" role="forward"/>
  <member type="way" ref="14383864" role=""/>
  <tag k="fixme" v="verify route in Reno"/>
  <tag k="name" v="Regional Connector"/>
  <tag k="network:short" v="RTC"/>
  <tag k="network:wikidata" v="Q7309179"/>
  <tag k="network:wikipedia" v="en:Regional Transportation Commission of Washoe County"/>
  <tag k="operator" v="Regional Transportation Commission of Washoe County"/>
  <tag k="public_transport:version" v="1"/>
  <tag k="route" v="bus"/>
  <tag k="source" v="Regional Transportation Council"/>
  <tag k="type" v="route"/>
 </relation>
 <relation id="13655794" visible="true" version="80" changeset="183474227" timestamp="2026-06-01T02:23:10Z" user="Flap Slimy Outward" uid="22417964">
  <member type="node" ref="2417650778" role=""/>
  <member type="node" ref="9270078874" role=""/>
  <member type="node" ref="9201619184" role=""/>
  <member type="node" ref="9201722220" role=""/>
  <member type="node" ref="9201824317" role=""/>
  <member type="node" ref="9201824318" role=""/>
  <member type="node" ref="9201630297" role=""/>
  <member type="node" ref="9201777069" role=""/>
  <member type="node" ref="9201970523" role=""/>
  <member type="node" ref="539430306" role=""/>
  <member type="node" ref="9380656697" role=""/>
  <member type="node" ref="9380690886" role=""/>
  <member type="node" ref="9409627137" role=""/>
  <member type="node" ref="539419266" role=""/>
  <member type="node" ref="539419268" role=""/>
  <member type="node" ref="539467112" role=""/>
  <member type="node" ref="539498161" role=""/>
  <member type="node" ref="539495348" role=""/>
  <member type="node" ref="9446171828" role=""/>
  <member type="node" ref="9446171829" role=""/>
  <member type="node" ref="9457194819" role=""/>
  <member type="node" ref="9457388620" role=""/>
  <member type="node" ref="9457474139" role=""/>
  <member type="way" ref="996539538" role=""/>
  <member type="way" ref="996539539" role=""/>
  <member type="way" ref="10375097" role=""/>
  <member type="way" ref="465478537" role=""/>
  <member type="way" ref="465478538" role=""/>
  <member type="way" ref="465478539" role=""/>
  <member type="way" ref="489407746" role=""/>
  <member type="way" ref="489407747" role=""/>
  <member type="way" ref="489407758" role=""/>
  <member type="way" ref="89471666" role=""/>
  <member type="way" ref="489407768" role=""/>
  <member type="way" ref="489407769" role=""/>
  <member type="way" ref="89471655" role=""/>
  <member type="way" ref="1106620090" role=""/>
  <member type="way" ref="1106620089" role=""/>
  <member type="way" ref="26830639" role=""/>
  <member type="way" ref="1032663549" role=""/>
  <member type="way" ref="1032663549" role=""/>
  <member type="way" ref="26830639" role=""/>
  <member type="way" ref="1106620089" role=""/>
  <member type="way" ref="1106620090" role=""/>
  <member type="way" ref="1106620088" role=""/>
  <member type="way" ref="1106620087" role=""/>
  <member type="way" ref="89471680" role=""/>
  <member type="way" ref="89471680" role=""/>
  <member type="way" ref="1106620087" role=""/>
  <member type="way" ref="1106620088" role=""/>
  <member type="way" ref="89471669" role=""/>
  <member type="way" ref="489407764" role=""/>
  <member type="way" ref="489407763" role=""/>
  <member type="way" ref="211197323" role=""/>
  <member type="way" ref="209116762" role=""/>
  <member type="way" ref="209116756" role=""/>
  <member type="way" ref="489407785" role=""/>
  <member type="way" ref="489407781" role=""/>
  <member type="way" ref="489407794" role=""/>
  <member type="way" ref="489407792" role=""/>
  <member type="way" ref="209116747" role=""/>
  <member type="way" ref="489407803" role=""/>
  <member type="way" ref="489407804" role=""/>
  <member type="way" ref="209116757" role=""/>
  <member type="way" ref="489407807" role=""/>
  <member type="way" ref="489407805" role=""/>
  <member type="way" ref="117987585" role=""/>
  <member type="way" ref="489407799" role=""/>
  <member type="way" ref="489407797" role=""/>
  <member type="way" ref="1106620097" role=""/>
  <member type="way" ref="489407791" role=""/>
  <member type="way" ref="1106620095" role=""/>
  <member type="way" ref="209117077" role=""/>
  <member type="way" ref="489407787" role=""/>
  <member type="way" ref="489407786" role=""/>
  <member type="way" ref="209116750" role=""/>
  <member type="way" ref="89477405" role=""/>
  <member type="way" ref="26830493" role=""/>
  <member type="way" ref="489407810" role=""/>
  <member type="way" ref="489407811" role=""/>
  <member type="way" ref="10377967" role=""/>
  <member type="way" ref="10374443" role=""/>
  <member type="way" ref="209117194" role=""/>
  <member type="way" ref="489457829" role=""/>
  <member type="way" ref="489407824" role=""/>
  <member type="way" ref="489407829" role=""/>
  <member type="way" ref="329065353" role=""/>
  <member type="way" ref="489407834" role=""/>
  <member type="way" ref="489407836" role=""/>
  <member type="way" ref="489407839" role=""/>
  <member type="way" ref="489407840" role=""/>
  <member type="way" ref="489407843" role=""/>
  <member type="way" ref="822369329" role=""/>
  <member type="way" ref="822369331" role=""/>
  <member type="way" ref="489407850" role=""/>
  <member type="way" ref="489407851" role=""/>
  <member type="way" ref="489407852" role=""/>
  <member type="way" ref="489407853" role=""/>
  <member type="way" ref="489407857" role=""/>
  <member type="way" ref="489407858" role=""/>
  <member type="way" ref="1016035966" role=""/>
  <member type="way" ref="489407864" role=""/>
  <member type="way" ref="489407865" role=""/>
  <member type="way" ref="329065344" role=""/>
  <member type="way" ref="329065351" role=""/>
  <member type="way" ref="489407867" role=""/>
  <member type="way" ref="489407866" role=""/>
  <member type="way" ref="329065348" role=""/>
  <member type="way" ref="489407856" role=""/>
  <member type="way" ref="489407855" role=""/>
  <member type="way" ref="10375099" role=""/>
  <member type="way" ref="822369327" role=""/>
  <member type="way" ref="822369328" role=""/>
  <member type="way" ref="489407837" role=""/>
  <member type="way" ref="489407830" role=""/>
  <member type="way" ref="489407838" role=""/>
  <member type="way" ref="489407816" role=""/>
  <member type="way" ref="489407814" role=""/>
  <member type="way" ref="26830691" role=""/>
  <member type="way" ref="1016035970" role=""/>
  <member type="way" ref="329065345" role=""/>
  <member type="way" ref="489407869" role=""/>
  <member type="way" ref="489407870" role=""/>
  <member type="way" ref="489407879" role=""/>
  <member type="way" ref="489407877" role=""/>
  <member type="way" ref="489407878" role=""/>
  <member type="way" ref="209118455" role=""/>
  <member type="way" ref="489407883" role=""/>
  <member type="way" ref="489407884" role=""/>
  <member type="way" ref="489407888" role=""/>
  <member type="way" ref="489407889" role=""/>
  <member type="way" ref="273617420" role=""/>
  <member type="way" ref="489407896" role=""/>
  <member type="way" ref="489407895" role=""/>
  <member type="way" ref="329237960" role=""/>
  <member type="way" ref="489407907" role=""/>
  <member type="way" ref="489407908" role=""/>
  <member type="way" ref="489407911" role=""/>
  <member type="way" ref="489407912" role=""/>
  <member type="way" ref="209118456" role=""/>
  <member type="way" ref="489407913" role=""/>
  <member type="way" ref="489407914" role=""/>
  <member type="way" ref="489407917" role=""/>
  <member type="way" ref="489407918" role=""/>
  <member type="way" ref="489407919" role=""/>
  <member type="way" ref="329237963" role=""/>
  <member type="way" ref="1106643559" role=""/>
  <member type="way" ref="273617421" role=""/>
  <member type="way" ref="489407893" role=""/>
  <member type="way" ref="489407892" role=""/>
  <member type="way" ref="489407894" role=""/>
  <member type="way" ref="273617419" role=""/>
  <member type="way" ref="489407891" role=""/>
  <member type="way" ref="489407890" role=""/>
  <member type="way" ref="450121885" role=""/>
  <member type="way" ref="489407875" role=""/>
  <member type="way" ref="489407876" role=""/>
  <member type="way" ref="329065350" role=""/>
  <member type="way" ref="489407920" role=""/>
  <member type="way" ref="489407922" role=""/>
  <member type="way" ref="489407921" role=""/>
  <member type="way" ref="489457830" role=""/>
  <member type="way" ref="209119179" role=""/>
  <member type="way" ref="996552699" role=""/>
  <member type="way" ref="825286096" role=""/>
  <member type="way" ref="10377354" role=""/>
  <member type="way" ref="489457831" role=""/>
  <member type="way" ref="185146194" role=""/>
  <member type="way" ref="489407923" role=""/>
  <member type="way" ref="489407925" role=""/>
  <member type="way" ref="475938252" role=""/>
  <member type="way" ref="10378750" role=""/>
  <member type="way" ref="489407930" role=""/>
  <member type="way" ref="489407929" role=""/>
  <member type="way" ref="489407932" role=""/>
  <member type="way" ref="489407933" role=""/>
  <member type="way" ref="489407934" role=""/>
  <member type="way" ref="489407937" role=""/>
  <member type="way" ref="489407938" role=""/>
  <member type="way" ref="329397623" role=""/>
  <member type="way" ref="489407941" role=""/>
  <member type="way" ref="489407942" role=""/>
  <member type="way" ref="489407944" role=""/>
  <member type="way" ref="10375180" role=""/>
  <member type="way" ref="1228543758" role=""/>
  <member type="way" ref="329397618" role=""/>
  <member type="way" ref="489407943" role=""/>
  <member type="way" ref="489407939" role=""/>
  <member type="way" ref="489407940" role=""/>
  <member type="way" ref="185146217" role=""/>
  <member type="way" ref="489407935" role=""/>
  <member type="way" ref="489407936" role=""/>
  <member type="way" ref="165681713" role=""/>
  <member type="way" ref="185146178" role=""/>
  <member type="way" ref="489172830" role=""/>
  <member type="way" ref="489172831" role=""/>
  <member type="way" ref="489172832" role=""/>
  <member type="way" ref="489172833" role=""/>
  <member type="way" ref="489172834" role=""/>
  <member type="way" ref="489172835" role=""/>
  <member type="way" ref="489172836" role=""/>
  <member type="way" ref="489172837" role=""/>
  <member type="way" ref="489172838" role=""/>
  <member type="way" ref="489172842" role=""/>
  <member type="way" ref="489172839" role=""/>
  <member type="way" ref="489172840" role=""/>
  <member type="way" ref="489172841" role=""/>
  <member type="way" ref="465481465" role=""/>
  <member type="way" ref="465481464" role=""/>
  <member type="way" ref="489172844" role=""/>
  <member type="way" ref="489172843" role=""/>
  <member type="way" ref="489172845" role=""/>
  <member type="way" ref="465481467" role=""/>
  <member type="way" ref="465481469" role=""/>
  <member type="way" ref="10377296" role=""/>
  <member type="way" ref="489172846" role=""/>
  <member type="way" ref="489172847" role=""/>
  <member type="way" ref="825286099" role=""/>
  <member type="way" ref="489172850" role=""/>
  <member type="way" ref="825286100" role=""/>
  <member type="way" ref="825286101" role=""/>
  <member type="way" ref="489172852" role=""/>
  <member type="way" ref="996741734" role=""/>
  <member type="way" ref="604519843" role=""/>
  <member type="way" ref="10377357" role=""/>
  <member type="way" ref="489172855" role=""/>
  <member type="way" ref="489172856" role=""/>
  <member type="way" ref="489172857" role=""/>
  <member type="way" ref="1019617145" role=""/>
  <member type="way" ref="996571911" role=""/>
  <member type="way" ref="996739627" role=""/>
  <member type="way" ref="996571914" role=""/>
  <member type="way" ref="603911853" role=""/>
  <member type="way" ref="996571913" role=""/>
  <member type="way" ref="996571912" role=""/>
  <member type="way" ref="197954568" role=""/>
  <member type="way" ref="185358137" role=""/>
  <member type="way" ref="1017022032" role=""/>
  <member type="way" ref="465481471" role=""/>
  <member type="way" ref="990972405" role=""/>
  <member type="way" ref="465481470" role=""/>
  <member type="way" ref="607842890" role=""/>
  <member type="way" ref="10377337" role=""/>
  <member type="way" ref="607842889" role=""/>
  <member type="way" ref="461128328" role=""/>
  <member type="way" ref="465481474" role=""/>
  <member type="way" ref="465481477" role=""/>
  <member type="way" ref="604519799" role=""/>
  <member type="way" ref="799239373" role=""/>
  <member type="way" ref="465481475" role=""/>
  <member type="way" ref="465481478" role=""/>
  <member type="way" ref="990972407" role=""/>
  <member type="way" ref="461128329" role=""/>
  <member type="way" ref="10375175" role=""/>
  <member type="way" ref="1494766544" role=""/>
  <member type="way" ref="489172859" role=""/>
  <member type="way" ref="489172860" role=""/>
  <member type="way" ref="489172861" role=""/>
  <member type="way" ref="489133308" role=""/>
  <member type="way" ref="713579057" role=""/>
  <member type="way" ref="713579056" role=""/>
  <member type="way" ref="489172862" role=""/>
  <member type="way" ref="489133312" role=""/>
  <member type="way" ref="489133335" role=""/>
  <member type="way" ref="489133339" role=""/>
  <member type="way" ref="489133355" role=""/>
  <member type="way" ref="489133359" role=""/>
  <member type="way" ref="489133386" role=""/>
  <member type="way" ref="489133392" role=""/>
  <member type="way" ref="489133419" role=""/>
  <member type="way" ref="489133423" role=""/>
  <member type="way" ref="489133426" role=""/>
  <member type="way" ref="489133441" role=""/>
  <member type="way" ref="489133445" role=""/>
  <member type="way" ref="489133455" role=""/>
  <member type="way" ref="489133459" role=""/>
  <member type="way" ref="489133493" role=""/>
  <member type="way" ref="346354195" role=""/>
  <member type="way" ref="1228543762" role=""/>
  <member type="way" ref="1228543761" role=""/>
  <member type="way" ref="489133523" role=""/>
  <member type="way" ref="489172866" role=""/>
  <member type="way" ref="489172867" role=""/>
  <member type="way" ref="489133537" role=""/>
  <member type="way" ref="10458098" role=""/>
  <member type="way" ref="1228543760" role=""/>
  <member type="way" ref="1228543759" role=""/>
  <member type="way" ref="489133484" role=""/>
  <member type="way" ref="489133498" role=""/>
  <member type="way" ref="489133469" role=""/>
  <member type="way" ref="489133472" role=""/>
  <member type="way" ref="489133448" role=""/>
  <member type="way" ref="489133451" role=""/>
  <member type="way" ref="489133503" role=""/>
  <member type="way" ref="489133408" role=""/>
  <member type="way" ref="489133411" role=""/>
  <member type="way" ref="489133377" role=""/>
  <member type="way" ref="489133373" role=""/>
  <member type="way" ref="489133346" role=""/>
  <member type="way" ref="489133342" role=""/>
  <member type="way" ref="489133350" role=""/>
  <member type="way" ref="10375131" role=""/>
  <member type="way" ref="489133329" role=""/>
  <member type="way" ref="489172863" role=""/>
  <member type="way" ref="1017022031" role=""/>
  <member type="way" ref="489133527" role=""/>
  <member type="way" ref="489172864" role=""/>
  <member type="way" ref="489172865" role=""/>
  <member type="way" ref="489133570" role=""/>
  <member type="way" ref="489133574" role=""/>
  <member type="way" ref="489172868" role=""/>
  <member type="way" ref="489133586" role=""/>
  <member type="way" ref="489133578" role=""/>
  <member type="way" ref="489133625" role=""/>
  <member type="way" ref="489133620" role=""/>
  <member type="way" ref="489133636" role=""/>
  <member type="way" ref="489133633" role=""/>
  <member type="way" ref="198848080" role=""/>
  <member type="way" ref="713579058" role=""/>
  <member type="way" ref="489133594" role=""/>
  <member type="way" ref="489133590" role=""/>
  <member type="way" ref="489172869" role=""/>
  <member type="way" ref="10449027" role=""/>
  <member type="way" ref="1228540858" role=""/>
  <member type="way" ref="1228540862" role=""/>
  <member type="way" ref="1228540859" role=""/>
  <member type="way" ref="1017030940" role=""/>
  <member type="way" ref="489133648" role=""/>
  <member type="way" ref="489133643" role=""/>
  <member type="way" ref="489133671" role=""/>
  <member type="way" ref="489133676" role=""/>
  <member type="way" ref="489133693" role=""/>
  <member type="way" ref="489133689" role=""/>
  <member type="way" ref="489133715" role=""/>
  <member type="way" ref="489133711" role=""/>
  <member type="way" ref="489133730" role=""/>
  <member type="way" ref="489133726" role=""/>
  <member type="way" ref="489133752" role=""/>
  <member type="way" ref="489133745" role=""/>
  <member type="way" ref="346354185" role=""/>
  <member type="way" ref="346354180" role=""/>
  <member type="way" ref="10454002" role=""/>
  <member type="way" ref="30912195" role=""/>
  <member type="way" ref="266470340" role=""/>
  <member type="way" ref="489113964" role=""/>
  <member type="way" ref="489113965" role=""/>
  <member type="way" ref="1228543838" role=""/>
  <member type="way" ref="30912319" role=""/>
  <member type="way" ref="346354189" role=""/>
  <member type="way" ref="489133771" role=""/>
  <member type="way" ref="489133761" role=""/>
  <member type="way" ref="489133737" role=""/>
  <member type="way" ref="489133734" role=""/>
  <member type="way" ref="489133731" role=""/>
  <member type="way" ref="489133722" role=""/>
  <member type="way" ref="489133719" role=""/>
  <member type="way" ref="489133707" role=""/>
  <member type="way" ref="489133704" role=""/>
  <member type="way" ref="489172871" role=""/>
  <member type="way" ref="489172870" role=""/>
  <member type="way" ref="489133684" role=""/>
  <member type="way" ref="489133680" role=""/>
  <member type="way" ref="489133659" role=""/>
  <member type="way" ref="489133653" role=""/>
  <member type="way" ref="1017030939" role=""/>
  <member type="way" ref="1228540861" role=""/>
  <member type="way" ref="1228540860" role=""/>
  <member type="way" ref="10446420" role=""/>
  <member type="way" ref="1020211835" role=""/>
  <member type="way" ref="1017027516" role=""/>
  <member type="way" ref="1017027517" role=""/>
  <member type="way" ref="713579059" role=""/>
  <member type="way" ref="10463057" role=""/>
  <member type="way" ref="1053456430" role=""/>
  <member type="way" ref="1053456429" role=""/>
  <member type="way" ref="73436861" role=""/>
  <member type="way" ref="1264988687" role=""/>
  <member type="way" ref="266470341" role=""/>
  <member type="way" ref="1020211842" role=""/>
  <member type="way" ref="174815981" role=""/>
  <member type="way" ref="489166783" role=""/>
  <member type="way" ref="489166782" role=""/>
  <member type="way" ref="489166787" role=""/>
  <member type="way" ref="489166786" role=""/>
  <member type="way" ref="489166793" role=""/>
  <member type="way" ref="489166792" role=""/>
  <member type="way" ref="489166798" role=""/>
  <member type="way" ref="489166797" role=""/>
  <member type="way" ref="489166805" role=""/>
  <member type="way" ref="489166804" role=""/>
  <member type="way" ref="339376495" role=""/>
  <member type="way" ref="339376482" role=""/>
  <member type="way" ref="339376500" role=""/>
  <member type="way" ref="489166809" role=""/>
  <member type="way" ref="489166808" role=""/>
  <member type="way" ref="489166814" role=""/>
  <member type="way" ref="489166813" role=""/>
  <member type="way" ref="489166818" role=""/>
  <member type="way" ref="489166817" role=""/>
  <member type="way" ref="489166824" role=""/>
  <member type="way" ref="489166823" role=""/>
  <member type="way" ref="489166826" role=""/>
  <member type="way" ref="489166825" role=""/>
  <member type="way" ref="489166821" role=""/>
  <member type="way" ref="489166820" role=""/>
  <member type="way" ref="489166816" role=""/>
  <member type="way" ref="489166815" role=""/>
  <member type="way" ref="489166812" role=""/>
  <member type="way" ref="489166811" role=""/>
  <member type="way" ref="489166810" role=""/>
  <member type="way" ref="361080719" role=""/>
  <member type="way" ref="339376489" role=""/>
  <member type="way" ref="339376476" role=""/>
  <member type="way" ref="489166807" role=""/>
  <member type="way" ref="489166806" role=""/>
  <member type="way" ref="489166800" role=""/>
  <member type="way" ref="489166799" role=""/>
  <member type="way" ref="489166795" role=""/>
  <member type="way" ref="489166794" role=""/>
  <member type="way" ref="489166789" role=""/>
  <member type="way" ref="489166788" role=""/>
  <member type="way" ref="489166785" role=""/>
  <member type="way" ref="489166784" role=""/>
  <member type="way" ref="339376527" role=""/>
  <member type="way" ref="996590568" role=""/>
  <member type="way" ref="30912162" role=""/>
  <member type="way" ref="266470339" role=""/>
  <member type="way" ref="489113967" role=""/>
  <member type="way" ref="185225867" role=""/>
  <member type="way" ref="10449029" role=""/>
  <member type="way" ref="10449034" role=""/>
  <member type="way" ref="1017032216" role=""/>
  <member type="way" ref="132668201" role=""/>
  <member type="way" ref="1019674646" role=""/>
  <member type="way" ref="558811859" role=""/>
  <member type="way" ref="558811858" role=""/>
  <member type="way" ref="558811861" role=""/>
  <member type="way" ref="1017032217" role=""/>
  <member type="way" ref="1019674648" role=""/>
  <member type="way" ref="1017032215" role=""/>
  <member type="way" ref="269152254" role=""/>
  <member type="way" ref="10462181" role=""/>
  <member type="way" ref="1019674649" role=""/>
  <member type="way" ref="1017032212" role=""/>
  <member type="way" ref="185225870" role=""/>
  <member type="way" ref="762818204" role=""/>
  <member type="way" ref="1029258835" role=""/>
  <member type="way" ref="691582306" role=""/>
  <member type="way" ref="691582315" role=""/>
  <member type="way" ref="445237588" role=""/>
  <member type="way" ref="425165084" role=""/>
  <member type="way" ref="211047137" role=""/>
  <member type="way" ref="303614036" role=""/>
  <member type="way" ref="1089664565" role=""/>
  <member type="way" ref="246095751" role=""/>
  <member type="way" ref="425165077" role=""/>
  <member type="way" ref="425165062" role=""/>
  <member type="way" ref="425165059" role=""/>
  <member type="way" ref="246095750" role=""/>
  <member type="way" ref="185017246" role=""/>
  <member type="way" ref="425165068" role=""/>
  <member type="way" ref="218679724" role=""/>
  <member type="way" ref="295768452" role=""/>
  <member type="way" ref="425165061" role=""/>
  <member type="way" ref="425165075" role=""/>
  <member type="way" ref="425165069" role=""/>
  <member type="way" ref="297827727" role=""/>
  <member type="way" ref="1155155858" role=""/>
  <member type="way" ref="1145540605" role=""/>
  <member type="way" ref="1145540603" role=""/>
  <member type="way" ref="185017284" role=""/>
  <member type="way" ref="297827724" role=""/>
  <member type="way" ref="462678546" role=""/>
  <member type="way" ref="1145540606" role=""/>
  <member type="way" ref="1155155859" role=""/>
  <member type="way" ref="295768451" role=""/>
  <member type="way" ref="425165066" role=""/>
  <member type="way" ref="425165071" role=""/>
  <member type="way" ref="425165060" role=""/>
  <member type="way" ref="1089664568" role=""/>
  <member type="way" ref="246095752" role=""/>
  <member type="way" ref="246095749" role=""/>
  <member type="way" ref="425165065" role=""/>
  <member type="way" ref="425165058" role=""/>
  <member type="way" ref="425165056" role=""/>
  <member type="way" ref="1089664567" role=""/>
  <member type="way" ref="297827726" role=""/>
  <member type="way" ref="211047142" role=""/>
  <member type="way" ref="1089664566" role=""/>
  <member type="way" ref="914610027" role=""/>
  <member type="way" ref="425165081" role=""/>
  <member type="way" ref="117987608" role=""/>
  <member type="way" ref="1089664569" role=""/>
  <member type="way" ref="185013600" role=""/>
  <member type="way" ref="425165064" role=""/>
  <member type="way" ref="425165063" role=""/>
  <member type="way" ref="691547318" role=""/>
  <member type="way" ref="691547313" role=""/>
  <member type="way" ref="691547329" role=""/>
  <member type="way" ref="628241700" role=""/>
  <member type="way" ref="1446392103" role=""/>
  <member type="way" ref="425165076" role=""/>
  <member type="way" ref="512376137" role=""/>
  <member type="way" ref="825119298" role=""/>
  <member type="way" ref="691547309" role=""/>
  <member type="way" ref="1342409205" role=""/>
  <member type="way" ref="691547310" role=""/>
  <member type="way" ref="691547314" role=""/>
  <member type="way" ref="691150362" role=""/>
  <member type="way" ref="691547328" role=""/>
  <member type="way" ref="783767233" role=""/>
  <member type="way" ref="691547327" role=""/>
  <member type="way" ref="691547326" role=""/>
  <member type="way" ref="91817412" role=""/>
  <member type="way" ref="552012664" role=""/>
  <member type="way" ref="551509109" role=""/>
  <member type="way" ref="551509108" role=""/>
  <member type="way" ref="692522592" role=""/>
  <member type="way" ref="692522589" role=""/>
  <member type="way" ref="71239670" role=""/>
  <member type="way" ref="24312158" role=""/>
  <member type="way" ref="24313459" role=""/>
  <member type="way" ref="24313478" role=""/>
  <member type="way" ref="551470704" role=""/>
  <member type="way" ref="692916679" role=""/>
  <member type="way" ref="44227323" role=""/>
  <member type="way" ref="692916677" role=""/>
  <member type="way" ref="692908514" role=""/>
  <member type="way" ref="692916680" role=""/>
  <member type="way" ref="692916674" role=""/>
  <member type="way" ref="692916673" role=""/>
  <member type="way" ref="692916676" role=""/>
  <member type="way" ref="692918430" role=""/>
  <member type="way" ref="692918428" role=""/>
  <member type="way" ref="283869898" role=""/>
  <member type="way" ref="283869894" role=""/>
  <member type="way" ref="71496417" role=""/>
  <member type="way" ref="703246634" role=""/>
  <member type="way" ref="283881228" role=""/>
  <member type="way" ref="443903864" role=""/>
  <member type="way" ref="283881220" role=""/>
  <member type="way" ref="14401076" role=""/>
  <member type="way" ref="703246631" role=""/>
  <member type="way" ref="184705205" role=""/>
  <member type="way" ref="283869892" role=""/>
  <member type="way" ref="692918436" role=""/>
  <member type="way" ref="692918429" role=""/>
  <member type="way" ref="970108673" role=""/>
  <member type="way" ref="970108669" role=""/>
  <member type="way" ref="560850868" role=""/>
  <member type="way" ref="692913782" role=""/>
  <member type="way" ref="692913767" role=""/>
  <member type="way" ref="692521092" role=""/>
  <member type="way" ref="24312675" role=""/>
  <member type="way" ref="692522591" role=""/>
  <member type="way" ref="24313414" role=""/>
  <member type="way" ref="24313452" role=""/>
  <member type="way" ref="24312166" role=""/>
  <member type="way" ref="71440041" role=""/>
  <member type="way" ref="24312146" role=""/>
  <member type="way" ref="83293878" role=""/>
  <member type="way" ref="551505894" role=""/>
  <member type="way" ref="691838745" role=""/>
  <member type="way" ref="551505895" role=""/>
  <member type="way" ref="691842354" role=""/>
  <member type="way" ref="551504793" role=""/>
  <member type="way" ref="552012040" role=""/>
  <member type="way" ref="691547325" role=""/>
  <member type="way" ref="691547317" role=""/>
  <member type="way" ref="212256925" role=""/>
  <member type="way" ref="992151851" role=""/>
  <member type="way" ref="108719546" role=""/>
  <member type="way" ref="24312783" role=""/>
  <member type="way" ref="692913758" role=""/>
  <member type="way" ref="692913763" role=""/>
  <member type="way" ref="24312683" role=""/>
  <member type="way" ref="551754310" role=""/>
  <member type="way" ref="71439995" role=""/>
  <member type="way" ref="71439993" role=""/>
  <member type="way" ref="71439992" role=""/>
  <member type="way" ref="71439987" role=""/>
  <member type="way" ref="551469825" role=""/>
  <member type="way" ref="71439986" role=""/>
  <member type="way" ref="71439985" role=""/>
  <member type="way" ref="71439984" role=""/>
  <member type="way" ref="108124889" role=""/>
  <member type="way" ref="1339997054" role=""/>
  <member type="way" ref="108124854" role=""/>
  <member type="way" ref="1498387912" role=""/>
  <member type="way" ref="164623114" role=""/>
  <member type="way" ref="164623118" role=""/>
  <member type="way" ref="552013103" role=""/>
  <member type="way" ref="552013984" role=""/>
  <member type="way" ref="552014392" role=""/>
  <member type="way" ref="233087842" role=""/>
  <member type="way" ref="487248975" role=""/>
  <member type="way" ref="548046520" role=""/>
  <member type="way" ref="177387173" role=""/>
  <member type="way" ref="177387158" role=""/>
  <member type="way" ref="177387171" role=""/>
  <member type="way" ref="177387166" role=""/>
  <member type="way" ref="177523050" role=""/>
  <member type="way" ref="177523051" role=""/>
  <member type="way" ref="177387156" role=""/>
  <member type="way" ref="177387163" role=""/>
  <member type="way" ref="177387154" role=""/>
  <member type="way" ref="177387162" role=""/>
  <member type="way" ref="177387157" role=""/>
  <member type="way" ref="177387164" role=""/>
  <member type="way" ref="177387155" role=""/>
  <member type="way" ref="449634440" role=""/>
  <member type="way" ref="177387165" role=""/>
  <member type="way" ref="1248681419" role=""/>
  <member type="way" ref="176743999" role=""/>
  <member type="way" ref="176743996" role=""/>
  <member type="way" ref="176743998" role=""/>
  <member type="way" ref="117987387" role=""/>
  <member type="way" ref="172869345" role=""/>
  <member type="way" ref="38415040" role=""/>
  <member type="way" ref="38414968" role=""/>
  <member type="way" ref="553750203" role=""/>
  <member type="way" ref="38414969" role=""/>
  <member type="way" ref="553751426" role=""/>
  <member type="way" ref="42397609" role=""/>
  <member type="way" ref="553752382" role=""/>
  <member type="way" ref="42397618" role=""/>
  <member type="way" ref="702395254" role=""/>
  <member type="way" ref="553754823" role=""/>
  <member type="way" ref="702395634" role=""/>
  <member type="way" ref="42397613" role=""/>
  <member type="way" ref="702401730" role=""/>
  <member type="way" ref="34151835" role=""/>
  <member type="way" ref="702405769" role=""/>
  <member type="way" ref="34151836" role=""/>
  <member type="way" ref="702413870" role=""/>
  <member type="way" ref="34151668" role=""/>
  <member type="way" ref="1343741052" role=""/>
  <member type="way" ref="34151669" role=""/>
  <member type="way" ref="32905630" role=""/>
  <member type="way" ref="702421642" role=""/>
  <member type="way" ref="32905627" role=""/>
  <member type="way" ref="293581658" role=""/>
  <member type="way" ref="293581657" role=""/>
  <member type="way" ref="181363152" role=""/>
  <member type="way" ref="32861752" role=""/>
  <member type="way" ref="32860787" role=""/>
  <member type="way" ref="32860778" role=""/>
  <member type="way" ref="34152550" role=""/>
  <member type="way" ref="702424399" role=""/>
  <member type="way" ref="34152551" role=""/>
  <member type="way" ref="702426366" role=""/>
  <member type="way" ref="33541344" role=""/>
  <member type="way" ref="33541345" role=""/>
  <member type="way" ref="117987631" role=""/>
  <member type="way" ref="1343720769" role=""/>
  <member type="way" ref="702435937" role=""/>
  <member type="way" ref="133443347" role=""/>
  <member type="way" ref="702441488" role=""/>
  <member type="way" ref="702445987" role=""/>
  <member type="way" ref="702445989" role=""/>
  <member type="way" ref="702445988" role=""/>
  <member type="way" ref="702446907" role=""/>
  <member type="way" ref="39174654" role=""/>
  <member type="way" ref="702451810" role=""/>
  <member type="way" ref="62789504" role=""/>
  <member type="way" ref="1025752979" role=""/>
  <member type="way" ref="133443388" role=""/>
  <member type="way" ref="702442488" role=""/>
  <member type="way" ref="702442486" role=""/>
  <member type="way" ref="702442487" role=""/>
  <member type="way" ref="302621043" role=""/>
  <member type="way" ref="14370803" role=""/>
  <member type="way" ref="489166875" role=""/>
  <member type="way" ref="489166874" role=""/>
  <member type="way" ref="489166873" role=""/>
  <member type="way" ref="32861745" role=""/>
  <member type="way" ref="1155153142" role=""/>
  <member type="way" ref="1296823153" role=""/>
  <member type="way" ref="1155153140" role=""/>
  <member type="way" ref="1296826436" role=""/>
  <member type="way" ref="1296826435" role=""/>
  <member type="way" ref="1024401838" role=""/>
  <member type="way" ref="1296671692" role=""/>
  <member type="way" ref="1296927401" role=""/>
  <member type="way" ref="1296927402" role=""/>
  <member type="way" ref="1296927403" role=""/>
  <member type="way" ref="185017292" role=""/>
  <member type="way" ref="1296927404" role=""/>
  <member type="way" ref="1024401837" role=""/>
  <member type="way" ref="425165049" role=""/>
  <member type="way" ref="425165057" role=""/>
  <member type="way" ref="425165072" role=""/>
  <member type="way" ref="1155153143" role=""/>
  <member type="way" ref="425165074" role=""/>
  <member type="way" ref="425165067" role=""/>
  <member type="way" ref="1011111505" role=""/>
  <member type="way" ref="185017277" role=""/>
  <member type="way" ref="1147255185" role=""/>
  <member type="way" ref="1147255186" role=""/>
  <member type="way" ref="1144448474" role=""/>
  <member type="way" ref="909205183" role=""/>
  <member type="way" ref="909205117" role=""/>
  <member type="way" ref="1155155848" role=""/>
  <member type="way" ref="1155155847" role=""/>
  <member type="way" ref="14286413" role=""/>
  <member type="way" ref="825119291" role=""/>
  <member type="way" ref="425165070" role=""/>
  <member type="way" ref="1155153127" role=""/>
  <member type="way" ref="1024401836" role=""/>
  <member type="way" ref="1024401840" role=""/>
  <member type="way" ref="1024401841" role=""/>
  <member type="way" ref="444219903" role=""/>
  <member type="way" ref="117987590" role=""/>
  <member type="way" ref="117987350" role=""/>
  <member type="way" ref="117987595" role=""/>
  <member type="way" ref="117987382" role=""/>
  <member type="way" ref="117987503" role=""/>
  <member type="way" ref="117987359" role=""/>
  <member type="way" ref="117987574" role=""/>
  <member type="way" ref="992151838" role=""/>
  <member type="way" ref="992151836" role=""/>
  <member type="way" ref="992151844" role=""/>
  <member type="way" ref="992151842" role=""/>
  <member type="way" ref="992151841" role=""/>
  <member type="way" ref="992151843" role=""/>
  <member type="way" ref="992151840" role=""/>
  <member type="way" ref="992151839" role=""/>
  <member type="way" ref="992151837" role=""/>
  <member type="way" ref="269136900" role=""/>
  <member type="way" ref="506067803" role=""/>
  <member type="way" ref="506067804" role=""/>
  <member type="way" ref="14289753" role=""/>
  <member type="way" ref="723270369" role=""/>
  <member type="way" ref="973601059" role=""/>
  <member type="way" ref="973601058" role=""/>
  <member type="way" ref="973601057" role=""/>
  <member type="way" ref="55410833" role=""/>
  <member type="way" ref="117987366" role=""/>
  <member type="way" ref="117987489" role=""/>
  <member type="way" ref="117987360" role=""/>
  <member type="way" ref="117987566" role=""/>
  <member type="way" ref="848970000" role=""/>
  <member type="way" ref="1011029112" role=""/>
  <member type="way" ref="1011029111" role=""/>
  <member type="way" ref="269142387" role=""/>
  <member type="way" ref="1011029110" role=""/>
  <member type="way" ref="1011029109" role=""/>
  <member type="way" ref="1029232924" role=""/>
  <member type="way" ref="1034112110" role=""/>
  <member type="way" ref="1011029105" role=""/>
  <member type="way" ref="1034076588" role=""/>
  <member type="way" ref="1011029106" role=""/>
  <member type="way" ref="1011029108" role=""/>
  <member type="way" ref="1011029107" role=""/>
  <member type="way" ref="117987361" role=""/>
  <member type="way" ref="117987519" role=""/>
  <member type="way" ref="117987562" role=""/>
  <member type="way" ref="117987498" role=""/>
  <member type="way" ref="117987536" role=""/>
  <member type="way" ref="117987589" role=""/>
  <member type="way" ref="117987487" role=""/>
  <member type="way" ref="117987632" role=""/>
  <member type="way" ref="269142380" role=""/>
  <member type="way" ref="269142374" role=""/>
  <member type="way" ref="269142379" role=""/>
  <member type="way" ref="503487755" role=""/>
  <member type="way" ref="1327882587" role=""/>
  <member type="way" ref="1327882588" role=""/>
  <member type="way" ref="172772672" role=""/>
  <member type="way" ref="172772674" role=""/>
  <member type="way" ref="10458010" role=""/>
  <member type="way" ref="117987527" role=""/>
  <member type="way" ref="269142384" role=""/>
  <member type="way" ref="269142375" role=""/>
  <member type="way" ref="269142372" role=""/>
  <member type="way" ref="269142370" role=""/>
  <member type="way" ref="489166904" role=""/>
  <member type="way" ref="489166903" role=""/>
  <member type="way" ref="269142369" role=""/>
  <member type="way" ref="269147006" role=""/>
  <member type="way" ref="269147007" role=""/>
  <member type="way" ref="269147009" role=""/>
  <member type="way" ref="489166898" role=""/>
  <member type="way" ref="489166892" role=""/>
  <member type="way" ref="489166889" role=""/>
  <member type="way" ref="117987476" role=""/>
  <member type="way" ref="266954223" role=""/>
  <member type="way" ref="1415718571" role=""/>
  <member type="way" ref="489166888" role=""/>
  <member type="way" ref="26401848" role=""/>
  <member type="way" ref="117987576" role=""/>
  <member type="way" ref="1415718570" role=""/>
  <member type="way" ref="1415718577" role=""/>
  <member type="way" ref="1415718575" role=""/>
  <member type="way" ref="1415718576" role=""/>
  <member type="way" ref="266954224" role=""/>
  <member type="way" ref="489166887" role=""/>
  <member type="way" ref="117987520" role=""/>
  <member type="way" ref="266954226" role=""/>
  <member type="way" ref="489166883" role=""/>
  <member type="way" ref="489166882" role=""/>
  <member type="way" ref="1415718569" role=""/>
  <member type="way" ref="26401666" role=""/>
  <member type="way" ref="489166881" role=""/>
  <member type="way" ref="117987510" role=""/>
  <member type="way" ref="489166880" role=""/>
  <member type="way" ref="117987548" role=""/>
  <member type="way" ref="266954228" role=""/>
  <member type="way" ref="489166879" role=""/>
  <member type="way" ref="489166877" role=""/>
  <member type="way" ref="489166878" role=""/>
  <member type="way" ref="26401651" role=""/>
  <member type="way" ref="685861789" role=""/>
  <member type="way" ref="117987497" role=""/>
  <member type="way" ref="194189989" role=""/>
  <member type="way" ref="269147003" role=""/>
  <member type="way" ref="269147008" role=""/>
  <member type="way" ref="489166844" role=""/>
  <member type="way" ref="489166827" role=""/>
  <member type="way" ref="489166829" role=""/>
  <member type="way" ref="489166832" role=""/>
  <member type="way" ref="489166833" role=""/>
  <member type="way" ref="489166843" role=""/>
  <member type="way" ref="185020248" role=""/>
  <member type="way" ref="489166845" role=""/>
  <member type="way" ref="489166846" role=""/>
  <member type="way" ref="489166856" role=""/>
  <member type="way" ref="489166859" role=""/>
  <member type="way" ref="489166860" role=""/>
  <member type="way" ref="489166864" role=""/>
  <member type="way" ref="179319959" role=""/>
  <member type="way" ref="179319958" role=""/>
  <member type="way" ref="489166866" role=""/>
  <member type="way" ref="489166865" role=""/>
  <member type="way" ref="269147011" role=""/>
  <member type="way" ref="174815994" role=""/>
  <member type="way" ref="174815993" role=""/>
  <member type="way" ref="489166869" role=""/>
  <member type="way" ref="489166872" role=""/>
  <member type="way" ref="489166870" role=""/>
  <member type="way" ref="489166871" role=""/>
  <member type="way" ref="174815995" role=""/>
  <member type="way" ref="1315224955" role=""/>
  <member type="way" ref="269147004" role=""/>
  <member type="way" ref="489166840" role=""/>
  <member type="way" ref="489166839" role=""/>
  <member type="way" ref="489166837" role=""/>
  <member type="way" ref="489166834" role=""/>
  <member type="way" ref="489166835" role=""/>
  <member type="way" ref="489166836" role=""/>
  <member type="way" ref="489166838" role=""/>
  <member type="way" ref="692916682" role=""/>
  <member type="way" ref="24312787" role=""/>
  <member type="way" ref="970108672" role=""/>
  <member type="way" ref="692908518" role=""/>
  <member type="way" ref="692918431" role=""/>
  <member type="way" ref="551754309" role=""/>
  <member type="way" ref="71440002" role=""/>
  <member type="way" ref="71440005" role=""/>
  <member type="way" ref="71439990" role=""/>
  <member type="way" ref="71439991" role=""/>
  <member type="way" ref="551469826" role=""/>
  <member type="way" ref="71439988" role=""/>
  <member type="way" ref="71439989" role=""/>
  <member type="way" ref="71439982" role=""/>
  <member type="way" ref="71439983" role=""/>
  <member type="way" ref="172772612" role=""/>
  <member type="way" ref="1498387911" role=""/>
  <member type="way" ref="108124884" role=""/>
  <member type="way" ref="117987471" role=""/>
  <member type="way" ref="164623113" role=""/>
  <member type="way" ref="552013426" role=""/>
  <member type="way" ref="552015216" role=""/>
  <member type="way" ref="552015653" role=""/>
  <member type="way" ref="164623111" role=""/>
  <member type="way" ref="487248969" role=""/>
  <member type="way" ref="548046974" role=""/>
  <member type="way" ref="233087841" role=""/>
  <member type="way" ref="178173626" role=""/>
  <member type="way" ref="178173618" role=""/>
  <member type="way" ref="178173616" role=""/>
  <member type="way" ref="178173615" role=""/>
  <member type="way" ref="178173631" role=""/>
  <member type="way" ref="178173621" role=""/>
  <member type="way" ref="178173624" role=""/>
  <member type="way" ref="178173627" role=""/>
  <member type="way" ref="178173613" role=""/>
  <member type="way" ref="178173617" role=""/>
  <member type="way" ref="178173620" role=""/>
  <member type="way" ref="178173614" role=""/>
  <member type="way" ref="449634439" role=""/>
  <member type="way" ref="178173619" role=""/>
  <member type="way" ref="553749294" role=""/>
  <member type="way" ref="178173633" role=""/>
  <member type="way" ref="1414189950" role=""/>
  <member type="way" ref="178173625" role=""/>
  <member type="way" ref="553747934" role=""/>
  <member type="way" ref="178173623" role=""/>
  <member type="way" ref="176743995" role=""/>
  <member type="way" ref="1414189952" role=""/>
  <member type="way" ref="1414189951" role=""/>
  <member type="way" ref="172869347" role=""/>
  <member type="way" ref="38415079" role=""/>
  <member type="way" ref="38414966" role=""/>
  <member type="way" ref="38414967" role=""/>
  <member type="way" ref="42397616" role=""/>
  <member type="way" ref="553753097" role=""/>
  <member type="way" ref="172772673" role=""/>
  <member type="way" ref="553755575" role=""/>
  <member type="way" ref="42397617" role=""/>
  <member type="way" ref="702396128" role=""/>
  <member type="way" ref="42397610" role=""/>
  <member type="way" ref="702404645" role=""/>
  <member type="way" ref="42397611" role=""/>
  <member type="way" ref="702408695" role=""/>
  <member type="way" ref="269142376" role=""/>
  <member type="way" ref="269142377" role=""/>
  <member type="way" ref="269142373" role=""/>
  <member type="way" ref="269142371" role=""/>
  <member type="way" ref="269142368" role=""/>
  <member type="way" ref="269142383" role=""/>
  <member type="way" ref="10462212" role=""/>
  <member type="way" ref="1379400391" role=""/>
  <member type="way" ref="1034071953" role=""/>
  <member type="way" ref="10458919" role=""/>
  <member type="way" ref="1020723448" role=""/>
  <member type="way" ref="489166908" role=""/>
  <member type="way" ref="489166906" role=""/>
  <member type="way" ref="489166907" role=""/>
  <member type="way" ref="489166905" role=""/>
  <member type="way" ref="117987581" role=""/>
  <member type="way" ref="26401788" role=""/>
  <member type="way" ref="266954227" role=""/>
  <member type="way" ref="266954225" role=""/>
  <member type="way" ref="1011258040" role=""/>
  <member type="way" ref="489166841" role=""/>
  <member type="way" ref="1024401842" role=""/>
  <member type="way" ref="425165073" role=""/>
  <member type="way" ref="914610026" role=""/>
  <member type="way" ref="117987525" role=""/>
  <member type="way" ref="117987354" role=""/>
  <member type="way" ref="992151834" role=""/>
  <member type="way" ref="992151835" role=""/>
  <member type="way" ref="805234539" role=""/>
  <member type="way" ref="55410869" role=""/>
  <member type="way" ref="533470447" role=""/>
  <member type="way" ref="117987347" role=""/>
  <member type="way" ref="533470448" role=""/>
  <member type="way" ref="269136901" role=""/>
  <member type="way" ref="269136902" role=""/>
  <member type="way" ref="489166842" role=""/>
  <member type="way" ref="1105959946" role=""/>
  <member type="way" ref="1105959945" role=""/>
  <member type="way" ref="489166849" role=""/>
  <member type="way" ref="489166847" role=""/>
  <member type="way" ref="489166851" role=""/>
  <member type="way" ref="489166850" role=""/>
  <member type="way" ref="489166852" role=""/>
  <member type="way" ref="489166863" role=""/>
  <member type="way" ref="174815986" role=""/>
  <member type="way" ref="489166868" role=""/>
  <member type="way" ref="179319957" role=""/>
  <member type="way" ref="489166867" role=""/>
  <member type="way" ref="179319956" role=""/>
  <member type="way" ref="565936678" role=""/>
  <member type="way" ref="450030212" role=""/>
  <member type="way" ref="269147010" role=""/>
  <member type="way" ref="1029258836" role=""/>
  <member type="way" ref="996590564" role=""/>
  <member type="way" ref="34151837" role=""/>
  <member type="way" ref="702412753" role=""/>
  <member type="way" ref="34151838" role=""/>
  <member type="way" ref="34151663" role=""/>
  <member type="way" ref="34151664" role=""/>
  <member type="way" ref="702423180" role=""/>
  <member type="way" ref="32905616" role=""/>
  <member type="way" ref="32905612" role=""/>
  <member type="way" ref="293581656" role=""/>
  <member type="way" ref="293581659" role=""/>
  <member type="way" ref="32861744" role=""/>
  <member type="way" ref="32860847" role=""/>
  <member type="way" ref="702425790" role=""/>
  <member type="way" ref="32860848" role=""/>
  <member type="way" ref="34152555" role=""/>
  <member type="way" ref="702427093" role=""/>
  <member type="way" ref="34152554" role=""/>
  <member type="way" ref="33541351" role=""/>
  <member type="way" ref="33541352" role=""/>
  <member type="way" ref="702434636" role=""/>
  <member type="way" ref="1343788316" role=""/>
  <member type="way" ref="62789502" role=""/>
  <member type="way" ref="14382327" role=""/>
  <member type="way" ref="665183022" role=""/>
  <member type="way" ref="1288367559" role=""/>
  <member type="way" ref="1250958179" role=""/>
  <member type="way" ref="1288367559" role=""/>
  <member type="way" ref="665183022" role=""/>
  <member type="way" ref="665183022" role=""/>
  <member type="way" ref="1288367559" role=""/>
  <member type="way" ref="665183022" role=""/>
  <member type="way" ref="1288367559" role=""/>
  <member type="way" ref="1250958179" role=""/>
  <member type="way" ref="665183022" role=""/>
  <member type="way" ref="1288367559" role=""/>
  <member type="way" ref="62789505" role=""/>
  <member type="way" ref="702452015" role=""/>
  <member type="way" ref="133443348" role=""/>
  <member type="way" ref="33542049" role=""/>
  <member type="way" ref="33542059" role=""/>
  <member type="way" ref="702463047" role=""/>
  <member type="way" ref="33542060" role=""/>
  <member type="way" ref="33542081" role=""/>
  <member type="way" ref="702494415" role=""/>
  <member type="way" ref="1339999265" role=""/>
  <member type="way" ref="33542087" role=""/>
  <member type="way" ref="34136184" role=""/>
  <member type="way" ref="480953127" role=""/>
  <member type="way" ref="480953128" role=""/>
  <member type="way" ref="183941193" role=""/>
  <member type="way" ref="34136170" role=""/>
  <member type="way" ref="480953136" role=""/>
  <member type="way" ref="480953137" role=""/>
  <member type="way" ref="480953134" role=""/>
  <member type="way" ref="34152361" role=""/>
  <member type="way" ref="34146461" role=""/>
  <member type="way" ref="34146472" role=""/>
  <member type="way" ref="14380451" role=""/>
  <member type="way" ref="346130994" role=""/>
  <member type="way" ref="702496554" role=""/>
  <member type="way" ref="34263878" role=""/>
  <member type="way" ref="34263870" role=""/>
  <member type="way" ref="34263869" role=""/>
  <member type="way" ref="703116900" role=""/>
  <member type="way" ref="703126645" role=""/>
  <member type="way" ref="703131812" role=""/>
  <member type="way" ref="560868152" role=""/>
  <member type="way" ref="33542082" role=""/>
  <member type="way" ref="309622390" role=""/>
  <member type="way" ref="117987530" role=""/>
  <member type="way" ref="1190700889" role=""/>
  <member type="way" ref="33542041" role=""/>
  <member type="way" ref="14398838" role=""/>
  <member type="way" ref="481070029" role=""/>
  <member type="way" ref="703130655" role=""/>
  <member type="way" ref="14370757" role=""/>
  <member type="way" ref="703127782" role=""/>
  <member type="way" ref="703109969" role=""/>
  <member type="way" ref="33677745" role=""/>
  <member type="way" ref="34263625" role=""/>
  <member type="way" ref="34263623" role=""/>
  <member type="way" ref="34118636" role=""/>
  <member type="way" ref="703106358" role=""/>
  <member type="way" ref="33542290" role=""/>
  <member type="way" ref="33542289" role=""/>
  <member type="way" ref="33542188" role=""/>
  <member type="way" ref="33542184" role=""/>
  <member type="way" ref="1070833795" role=""/>
  <member type="way" ref="33542102" role=""/>
  <member type="way" ref="33542101" role=""/>
  <member type="way" ref="702454051" role=""/>
  <member type="way" ref="1190700888" role=""/>
  <member type="way" ref="33542044" role=""/>
  <member type="way" ref="1069485591" role=""/>
  <member type="way" ref="702488779" role=""/>
  <member type="way" ref="1344467987" role=""/>
  <member type="way" ref="1190700893" role=""/>
  <member type="way" ref="33542108" role=""/>
  <member type="way" ref="33542104" role=""/>
  <member type="way" ref="33542150" role=""/>
  <member type="way" ref="702493561" role=""/>
  <member type="way" ref="33542172" role=""/>
  <member type="way" ref="33542333" role=""/>
  <member type="way" ref="1389112445" role=""/>
  <member type="way" ref="1069485595" role=""/>
  <member type="way" ref="1190700896" role=""/>
  <member type="way" ref="1069485626" role=""/>
  <member type="way" ref="480953133" role=""/>
  <member type="way" ref="480953135" role=""/>
  <member type="way" ref="1464232141" role=""/>
  <member type="way" ref="309622365" role=""/>
  <member type="way" ref="703130331" role=""/>
  <member type="way" ref="480953129" role=""/>
  <member type="way" ref="703246672" role=""/>
  <member type="way" ref="703246666" role=""/>
  <member type="way" ref="183941187" role=""/>
  <member type="way" ref="703246667" role=""/>
  <member type="way" ref="703197380" role=""/>
  <member type="way" ref="691582311" role=""/>
  <member type="way" ref="351005740" role=""/>
  <tag k="from" v="Lone Pine"/>
  <tag k="name" v="Lone Pine to Reno"/>
  <tag k="network" v="Eastern Sierra Transit"/>
  <tag k="network:wikidata" v="Q5330465"/>
  <tag k="network:wikipedia" v="en:Eastern Sierra Transit"/>
  <tag k="operator" v="Eastern Sierra Transit"/>
  <tag k="ref" v="395 North"/>
  <tag k="route" v="bus"/>
  <tag k="source" v="https://www.estransit.com/wp-content/uploads/2022/01/395-Route-Brochure-rev010422.pdf;https://www.estransit.com/routes-schedule/395-routes/lone-pine-to-reno/;https://www.estransit.com/wp-content/uploads/2022/01/Bishop-Area-Brochure-rev-010322.pdf"/>
  <tag k="to" v="Reno"/>
  <tag k="type" v="route"/>
  <tag k="via" v="US 395"/>
 </relation>
 <relation id="16545886" visible="true" version="16" changeset="183472048" timestamp="2026-06-01T00:06:46Z" user="Flap Slimy Outward" uid="22417964">
  <member type="way" ref="140464285" role="outer"/>
  <member type="way" ref="447887561" role="outer"/>
  <member type="way" ref="14369834" role="outer"/>
  <member type="way" ref="1217763453" role="outer"/>
  <member type="way" ref="810635773" role="outer"/>
  <member type="way" ref="1498386371" role="outer"/>
  <member type="way" ref="832357838" role="outer"/>
  <member type="way" ref="504426507" role="outer"/>
  <member type="way" ref="504426506" role="outer"/>
  <member type="way" ref="504426505" role="outer"/>
  <member type="way" ref="504426504" role="outer"/>
  <member type="way" ref="504426503" role="outer"/>
  <member type="way" ref="504426502" role="outer"/>
  <member type="way" ref="504426509" role="outer"/>
  <member type="way" ref="832357844" role="outer"/>
  <member type="way" ref="504426508" role="outer"/>
  <member type="way" ref="504426515" role="outer"/>
  <member type="way" ref="832357837" role="outer"/>
  <member type="way" ref="832357839" role="outer"/>
  <member type="way" ref="504294703" role="outer"/>
  <member type="way" ref="504294704" role="outer"/>
  <member type="way" ref="832357831" role="outer"/>
  <member type="way" ref="504294705" role="outer"/>
  <member type="way" ref="832357832" role="outer"/>
  <member type="way" ref="504294706" role="outer"/>
  <member type="way" ref="832357835" role="outer"/>
  <member type="way" ref="832357841" role="outer"/>
  <member type="way" ref="832357842" role="outer"/>
  <member type="way" ref="1217763452" role="outer"/>
  <member type="way" ref="1217763451" role="outer"/>
  <member type="way" ref="1217763450" role="outer"/>
  <member type="way" ref="415929053" role="outer"/>
  <member type="way" ref="658246805" role="outer"/>
  <member type="way" ref="415929054" role="outer"/>
  <member type="way" ref="415929060" role="outer"/>
  <member type="way" ref="864869445" role="outer"/>
  <member type="way" ref="1217763449" role="outer"/>
  <member type="way" ref="1217763448" role="outer"/>
  <member type="way" ref="415929056" role="outer"/>
  <member type="way" ref="415929062" role="outer"/>
  <member type="way" ref="415929064" role="outer"/>
  <member type="way" ref="415929059" role="outer"/>
  <member type="way" ref="1408148415" role="outer"/>
  <member type="way" ref="415929063" role="outer"/>
  <member type="way" ref="651670183" role="outer"/>
  <member type="way" ref="1284441699" role="outer"/>
  <member type="way" ref="1408139982" role="outer"/>
  <member type="way" ref="1284441696" role="outer"/>
  <member type="way" ref="1284441697" role="outer"/>
  <member type="way" ref="1284441694" role="outer"/>
  <member type="way" ref="1313380330" role="outer"/>
  <member type="way" ref="1306724979" role="outer"/>
  <member type="way" ref="415929061" role="outer"/>
  <member type="way" ref="1284441695" role="outer"/>
  <member type="way" ref="1329475038" role="outer"/>
  <member type="way" ref="1329475039" role="outer"/>
  <member type="way" ref="1414189946" role="outer"/>
  <member type="way" ref="415929058" role="outer"/>
  <member type="way" ref="1414189945" role="outer"/>
  <member type="way" ref="990461671" role="outer"/>
  <member type="way" ref="1511131652" role="outer"/>
  <member type="node" ref="13812177393" role="label"/>
  <member type="node" ref="150956332" role="admin_centre"/>
  <tag k="boundary" v="census"/>
  <tag k="name" v="Washoe Valley"/>
  <tag k="type" v="boundary"/>
  <tag k="wikidata" v="Q7972623"/>
  <tag k="wikipedia" v="en:Washoe Valley, Nevada"/>
 </relation>
 <relation id="18649190" visible="true" version="2" changeset="181299117" timestamp="2026-04-14T00:28:18Z" user="Flap Slimy Outward" uid="22417964">
  <member type="way" ref="1356602077" role="outer"/>
  <member type="way" ref="1356602076" role="outer"/>
  <member type="way" ref="1356602073" role="outer"/>
  <member type="way" ref="1356602074" role="outer"/>
  <member type="way" ref="1356602075" role="inner"/>
  <tag k="boundary" v="protected_area"/>
  <tag k="ele" v="1534"/>
  <tag k="gnis:feature_id" v="862678"/>
  <tag k="leisure" v="nature_reserve"/>
  <tag k="name" v="Washoe Lake State Park"/>
  <tag k="operator" v="Nevada State Parks"/>
  <tag k="operator:type" v="government"/>
  <tag k="operator:wikidata" v="Q109292599"/>
  <tag k="protection_title" v="State Park"/>
  <tag k="type" v="boundary"/>
  <tag k="website" v="https://parks.nv.gov/parks/washoe-lake"/>
  <tag k="wikidata" v="Q2654727"/>
 </relation>
 <relation id="18944627" visible="true" version="1" changeset="164537067" timestamp="2025-04-05T06:16:52Z" user="haprager" uid="7453397">
  <member type="relation" ref="9084566" role=""/>
  <member type="relation" ref="9106824" role=""/>
  <member type="relation" ref="9109178" role=""/>
  <member type="relation" ref="9131848" role=""/>
  <member type="relation" ref="9136944" role=""/>
  <member type="relation" ref="9137148" role=""/>
  <member type="relation" ref="9140523" role=""/>
  <member type="relation" ref="9141812" role=""/>
  <member type="relation" ref="9141937" role=""/>
  <member type="relation" ref="9142337" role=""/>
  <member type="relation" ref="9145478" role=""/>
  <member type="relation" ref="9146179" role=""/>
  <member type="relation" ref="9146468" role=""/>
  <member type="relation" ref="9149436" role=""/>
  <member type="relation" ref="9150214" role=""/>
  <member type="relation" ref="9150438" role=""/>
  <member type="relation" ref="9150469" role=""/>
  <member type="relation" ref="9154622" role=""/>
  <member type="relation" ref="9154927" role=""/>
  <member type="relation" ref="9157153" role=""/>
  <member type="relation" ref="9157638" role=""/>
  <member type="relation" ref="9158561" role=""/>
  <member type="relation" ref="9158716" role=""/>
  <member type="relation" ref="9160885" role=""/>
  <member type="relation" ref="9161548" role=""/>
  <member type="relation" ref="9164049" role=""/>
  <member type="relation" ref="9168170" role=""/>
  <tag k="name" v="Western American Discovery Trail"/>
  <tag k="network" v="nwn"/>
  <tag k="ref" v="ADT"/>
  <tag k="route" v="hiking"/>
  <tag k="type" v="route"/>
  <tag k="website" v="https://discoverytrail.org/"/>
  <tag k="wikidata" v="Q463893"/>
  <tag k="wikipedia" v="en:American Discovery Trail"/>
 </relation>
 <relation id="20433721" visible="true" version="1" changeset="181175523" timestamp="2026-04-11T05:56:45Z" user="Flap Slimy Outward" uid="22417964">
  <member type="way" ref="1498386369" role="outer"/>
  <member type="way" ref="202234640" role="outer"/>
  <member type="way" ref="775460947" role="outer"/>
  <member type="way" ref="775460948" role="outer"/>
  <member type="way" ref="14401802" role="outer"/>
  <member type="way" ref="1498386367" role="outer"/>
  <member type="way" ref="184705206" role="outer"/>
  <member type="way" ref="184705195" role="outer"/>
  <member type="way" ref="450136077" role="outer"/>
  <member type="way" ref="693641380" role="outer"/>
  <member type="way" ref="693641384" role="outer"/>
  <member type="way" ref="693641366" role="outer"/>
  <member type="way" ref="693641386" role="outer"/>
  <member type="way" ref="693641377" role="outer"/>
  <member type="way" ref="693641373" role="outer"/>
  <member type="way" ref="693641382" role="outer"/>
  <member type="way" ref="693641391" role="outer"/>
  <member type="way" ref="693641381" role="outer"/>
  <member type="way" ref="693641367" role="outer"/>
  <member type="way" ref="693649699" role="outer"/>
  <member type="way" ref="692519136" role="outer"/>
  <member type="way" ref="742353401" role="outer"/>
  <member type="way" ref="742353403" role="outer"/>
  <member type="way" ref="1498386353" role="outer"/>
  <member type="way" ref="14401498" role="outer"/>
  <member type="way" ref="273883712" role="outer"/>
  <member type="way" ref="14401560" role="outer"/>
  <member type="way" ref="743540434" role="outer"/>
  <member type="way" ref="273883706" role="outer"/>
  <member type="way" ref="326622701" role="outer"/>
  <member type="way" ref="1498386366" role="outer"/>
  <member type="way" ref="832357830" role="outer"/>
  <member type="way" ref="504426497" role="outer"/>
  <member type="way" ref="504426496" role="outer"/>
  <member type="way" ref="504294702" role="outer"/>
  <member type="way" ref="1498386371" role="outer"/>
  <tag k="boundary" v="postal_code"/>
  <tag k="name" v="Northwest Carson City"/>
  <tag k="type" v="boundary"/>
 </relation>
</osm>
