<?xml version="1.0" encoding="UTF-8"?>
<osm version="0.6" generator="openstreetmap-cgimap 2.1.0 (3863629 spike-07.openstreetmap.org)" copyright="OpenStreetMap and contributors" attribution="http://www.openstreetmap.org/copyright" license="http://opendatacommons.org/licenses/odbl/1-0/">
 <bounds minlat="37.6721000" minlon="-97.1895000" maxlat="37.6768900" maxlon="-97.1804200"/>
 <node id="122216486" visible="true" version="2" changeset="2378875" timestamp="2009-09-05T11:22:06Z" user="woodpeck_fixbot" uid="147510" lat="37.6791150" lon="-97.1712590"/>
 <node id="122243871" visible="true" version="2" changeset="2378875" timestamp="2009-09-05T11:23:58Z" user="woodpeck_fixbot" uid="147510" lat="37.6748870" lon="-97.1668270"/>
 <node id="122243873" visible="true" version="2" changeset="3339037" timestamp="2009-12-10T04:02:37Z" user="woodpeck_fixbot" uid="147510" lat="37.6748200" lon="-97.1667920"/>
 <node id="122243876" visible="true" version="2" changeset="3142572" timestamp="2009-11-17T16:51:18Z" user="woodpeck_fixbot" uid="147510" lat="37.6747830" lon="-97.1667860"/>
 <node id="122243881" visible="true" version="2" changeset="3142572" timestamp="2009-11-17T16:51:19Z" user="woodpeck_fixbot" uid="147510" lat="37.6722460" lon="-97.1667700"/>
 <node id="122243889" visible="true" version="2" changeset="3142572" timestamp="2009-11-17T16:51:19Z" user="woodpeck_fixbot" uid="147510" lat="37.6764200" lon="-97.1667950"/>
 <node id="122243892" visible="true" version="2" changeset="3339037" timestamp="2009-12-10T04:02:37Z" user="woodpeck_fixbot" uid="147510" lat="37.6764380" lon="-97.1667990"/>
 <node id="122243895" visible="true" version="2" changeset="2378875" timestamp="2009-09-05T11:23:58Z" user="woodpeck_fixbot" uid="147510" lat="37.6764690" lon="-97.1668180"/>
 <node id="122294758" visible="true" version="2" changeset="2378875" timestamp="2009-09-05T11:27:07Z" user="woodpeck_fixbot" uid="147510" lat="37.6792540" lon="-97.1666870"/>
 <node id="122378685" visible="true" version="3" changeset="24111689" timestamp="2014-07-13T02:22:30Z" user="StellanL" uid="28775" lat="37.6768363" lon="-97.1803158"/>
 <node id="122379255" visible="true" version="2" changeset="2309399" timestamp="2009-08-30T08:03:32Z" user="woodpeck_fixbot" uid="147510" lat="37.6592110" lon="-97.1621230"/>
 <node id="122396292" visible="true" version="2" changeset="2378875" timestamp="2009-09-05T11:33:54Z" user="woodpeck_fixbot" uid="147510" lat="37.7087400" lon="-97.1826070"/>
 <node id="122403014" visible="true" version="2" changeset="3142572" timestamp="2009-11-17T17:03:26Z" user="woodpeck_fixbot" uid="147510" lat="37.7086910" lon="-97.1858660"/>
 <node id="122416723" visible="true" version="2" changeset="2309399" timestamp="2009-08-30T08:04:18Z" user="woodpeck_fixbot" uid="147510" lat="37.6720630" lon="-97.1573490"/>
 <node id="122481268" visible="true" version="2" changeset="2789887" timestamp="2009-10-09T07:00:20Z" user="woodpeck_fixbot" uid="147510" lat="37.6780380" lon="-97.1667820"/>
 <node id="122494947" visible="true" version="3" changeset="122305603" timestamp="2022-06-13T05:09:59Z" user="boopington" uid="8649216" lat="37.6794320" lon="-97.1895310"/>
 <node id="122511732" visible="true" version="2" changeset="2789887" timestamp="2009-10-09T07:04:19Z" user="woodpeck_fixbot" uid="147510" lat="37.6722080" lon="-97.1685890"/>
 <node id="122529695" visible="true" version="3" changeset="122305603" timestamp="2022-06-13T05:09:59Z" user="boopington" uid="8649216" lat="37.6794320" lon="-97.1894640"/>
 <node id="391475925" visible="true" version="1" changeset="1099742" timestamp="2009-05-06T18:54:15Z" user="TIGERcnl" uid="120146" lat="37.7086760" lon="-97.1883670"/>
 <node id="391475931" visible="true" version="1" changeset="1099742" timestamp="2009-05-06T18:54:16Z" user="TIGERcnl" uid="120146" lat="37.7147160" lon="-97.1804590"/>
 <node id="391475933" visible="true" version="1" changeset="1099742" timestamp="2009-05-06T18:54:16Z" user="TIGERcnl" uid="120146" lat="37.7142490" lon="-97.1804590"/>
 <node id="391475935" visible="true" version="1" changeset="1099742" timestamp="2009-05-06T18:54:16Z" user="TIGERcnl" uid="120146" lat="37.7139810" lon="-97.1804610"/>
 <node id="391475937" visible="true" version="1" changeset="1099742" timestamp="2009-05-06T18:54:16Z" user="TIGERcnl" uid="120146" lat="37.7087880" lon="-97.1804870"/>
 <node id="391475940" visible="true" version="1" changeset="1099742" timestamp="2009-05-06T18:54:16Z" user="TIGERcnl" uid="120146" lat="37.7087070" lon="-97.1839500"/>
 <node id="391475942" visible="true" version="1" changeset="1099742" timestamp="2009-05-06T18:54:16Z" user="TIGERcnl" uid="120146" lat="37.7086990" lon="-97.1849550"/>
 <node id="391475983" visible="true" version="1" changeset="1099742" timestamp="2009-05-06T18:54:17Z" user="TIGERcnl" uid="120146" lat="37.6697310" lon="-97.1533070"/>
 <node id="391475984" visible="true" version="1" changeset="1099742" timestamp="2009-05-06T18:54:17Z" user="TIGERcnl" uid="120146" lat="37.6703130" lon="-97.1532900"/>
 <node id="391475989" visible="true" version="1" changeset="1099742" timestamp="2009-05-06T18:54:17Z" user="TIGERcnl" uid="120146" lat="37.6718150" lon="-97.1532530"/>
 <node id="391475991" visible="true" version="1" changeset="1099742" timestamp="2009-05-06T18:54:17Z" user="TIGERcnl" uid="120146" lat="37.6720540" lon="-97.1532470"/>
 <node id="391475992" visible="true" version="1" changeset="1099742" timestamp="2009-05-06T18:54:17Z" user="TIGERcnl" uid="120146" lat="37.6708760" lon="-97.1532550"/>
 <node id="391475994" visible="true" version="1" changeset="1099742" timestamp="2009-05-06T18:54:17Z" user="TIGERcnl" uid="120146" lat="37.6714560" lon="-97.1532440"/>
 <node id="391475996" visible="true" version="1" changeset="1099742" timestamp="2009-05-06T18:54:17Z" user="TIGERcnl" uid="120146" lat="37.6720220" lon="-97.1571780"/>
 <node id="391475999" visible="true" version="1" changeset="1099742" timestamp="2009-05-06T18:54:17Z" user="TIGERcnl" uid="120146" lat="37.6720570" lon="-97.1547890"/>
 <node id="391476000" visible="true" version="1" changeset="1099742" timestamp="2009-05-06T18:54:17Z" user="TIGERcnl" uid="120146" lat="37.6720310" lon="-97.1565810"/>
 <node id="391476022" visible="true" version="1" changeset="1099742" timestamp="2009-05-06T18:54:18Z" user="TIGERcnl" uid="120146" lat="37.6721790" lon="-97.1667740"/>
 <node id="391476092" visible="true" version="1" changeset="1099742" timestamp="2009-05-06T18:54:19Z" user="TIGERcnl" uid="120146" lat="37.6856390" lon="-97.1835720"/>
 <node id="391476094" visible="true" version="1" changeset="1099742" timestamp="2009-05-06T18:54:19Z" user="TIGERcnl" uid="120146" lat="37.6866320" lon="-97.1817860"/>
 <node id="391476110" visible="true" version="1" changeset="1099742" timestamp="2009-05-06T18:54:19Z" user="TIGERcnl" uid="120146" lat="37.6824080" lon="-97.1882700"/>
 <node id="391476112" visible="true" version="1" changeset="1099742" timestamp="2009-05-06T18:54:19Z" user="TIGERcnl" uid="120146" lat="37.6840000" lon="-97.1862080"/>
 <node id="391476113" visible="true" version="1" changeset="1099742" timestamp="2009-05-06T18:54:19Z" user="TIGERcnl" uid="120146" lat="37.6830370" lon="-97.1875070"/>
 <node id="391476115" visible="true" version="1" changeset="1099742" timestamp="2009-05-06T18:54:19Z" user="TIGERcnl" uid="120146" lat="37.6843870" lon="-97.1856460"/>
 <node id="391476121" visible="true" version="1" changeset="1099742" timestamp="2009-05-06T18:54:19Z" user="TIGERcnl" uid="120146" lat="37.6650710" lon="-97.1841420"/>
 <node id="391476123" visible="true" version="1" changeset="1099742" timestamp="2009-05-06T18:54:19Z" user="TIGERcnl" uid="120146" lat="37.6674180" lon="-97.1842160"/>
 <node id="391476126" visible="true" version="1" changeset="1099742" timestamp="2009-05-06T18:54:19Z" user="TIGERcnl" uid="120146" lat="37.6703400" lon="-97.1869280"/>
 <node id="391476128" visible="true" version="1" changeset="1099742" timestamp="2009-05-06T18:54:19Z" user="TIGERcnl" uid="120146" lat="37.6703360" lon="-97.1876660"/>
 <node id="391476129" visible="true" version="1" changeset="1099742" timestamp="2009-05-06T18:54:19Z" user="TIGERcnl" uid="120146" lat="37.6707580" lon="-97.1881480"/>
 <node id="391476130" visible="true" version="1" changeset="1099742" timestamp="2009-05-06T18:54:19Z" user="TIGERcnl" uid="120146" lat="37.6709340" lon="-97.1881660"/>
 <node id="391476132" visible="true" version="1" changeset="1099742" timestamp="2009-05-06T18:54:19Z" user="TIGERcnl" uid="120146" lat="37.6684380" lon="-97.1842430"/>
 <node id="391476134" visible="true" version="1" changeset="1099742" timestamp="2009-05-06T18:54:19Z" user="TIGERcnl" uid="120146" lat="37.6687840" lon="-97.1868350"/>
 <node id="391476136" visible="true" version="1" changeset="1099742" timestamp="2009-05-06T18:54:19Z" user="TIGERcnl" uid="120146" lat="37.6689590" lon="-97.1868570"/>
 <node id="391476142" visible="true" version="1" changeset="1099742" timestamp="2009-05-06T18:54:19Z" user="TIGERcnl" uid="120146" lat="37.6647390" lon="-97.1705980"/>
 <node id="391476144" visible="true" version="1" changeset="1099742" timestamp="2009-05-06T18:54:20Z" user="TIGERcnl" uid="120146" lat="37.6647260" lon="-97.1712940"/>
 <node id="391476145" visible="true" version="1" changeset="1099742" timestamp="2009-05-06T18:54:20Z" user="TIGERcnl" uid="120146" lat="37.6772880" lon="-97.1848470"/>
 <node id="391476147" visible="true" version="1" changeset="1099742" timestamp="2009-05-06T18:54:20Z" user="TIGERcnl" uid="120146" lat="37.6772910" lon="-97.1836030"/>
 <node id="391476149" visible="true" version="1" changeset="1099742" timestamp="2009-05-06T18:54:20Z" user="TIGERcnl" uid="120146" lat="37.6866390" lon="-97.1836570"/>
 <node id="391476150" visible="true" version="1" changeset="1099742" timestamp="2009-05-06T18:54:20Z" user="TIGERcnl" uid="120146" lat="37.6866450" lon="-97.1853410"/>
 <node id="391476151" visible="true" version="1" changeset="1099742" timestamp="2009-05-06T18:54:20Z" user="TIGERcnl" uid="120146" lat="37.6844650" lon="-97.1855330"/>
 <node id="391476152" visible="true" version="1" changeset="1099742" timestamp="2009-05-06T18:54:20Z" user="TIGERcnl" uid="120146" lat="37.6845330" lon="-97.1854230"/>
 <node id="391476153" visible="true" version="1" changeset="1099742" timestamp="2009-05-06T18:54:20Z" user="TIGERcnl" uid="120146" lat="37.6848480" lon="-97.1849250"/>
 <node id="391476154" visible="true" version="1" changeset="1099742" timestamp="2009-05-06T18:54:20Z" user="TIGERcnl" uid="120146" lat="37.6850300" lon="-97.1846350"/>
 <node id="391476158" visible="true" version="1" changeset="1099742" timestamp="2009-05-06T18:54:20Z" user="TIGERcnl" uid="120146" lat="37.6791510" lon="-97.1895270"/>
 <node id="391476159" visible="true" version="1" changeset="1099742" timestamp="2009-05-06T18:54:20Z" user="TIGERcnl" uid="120146" lat="37.6791510" lon="-97.1894220"/>
 <node id="391476160" visible="true" version="1" changeset="1099742" timestamp="2009-05-06T18:54:20Z" user="TIGERcnl" uid="120146" lat="37.6790450" lon="-97.1894160"/>
 <node id="391476161" visible="true" version="1" changeset="1099742" timestamp="2009-05-06T18:54:20Z" user="TIGERcnl" uid="120146" lat="37.6790550" lon="-97.1861340"/>
 <node id="391476162" visible="true" version="1" changeset="1099742" timestamp="2009-05-06T18:54:20Z" user="TIGERcnl" uid="120146" lat="37.6778350" lon="-97.1855410"/>
 <node id="391476164" visible="true" version="1" changeset="1099742" timestamp="2009-05-06T18:54:20Z" user="TIGERcnl" uid="120146" lat="37.7006150" lon="-97.1893760"/>
 <node id="391477770" visible="true" version="1" changeset="1099742" timestamp="2009-05-06T18:55:27Z" user="TIGERcnl" uid="120146" lat="37.7087390" lon="-97.1893100"/>
 <node id="391477816" visible="true" version="1" changeset="1099742" timestamp="2009-05-06T18:55:28Z" user="TIGERcnl" uid="120146" lat="37.6754610" lon="-97.1621430"/>
 <node id="391477819" visible="true" version="1" changeset="1099742" timestamp="2009-05-06T18:55:28Z" user="TIGERcnl" uid="120146" lat="37.6756670" lon="-97.1621430"/>
 <node id="391477821" visible="true" version="1" changeset="1099742" timestamp="2009-05-06T18:55:28Z" user="TIGERcnl" uid="120146" lat="37.6757310" lon="-97.1621430"/>
 <node id="391477823" visible="true" version="1" changeset="1099742" timestamp="2009-05-06T18:55:28Z" user="TIGERcnl" uid="120146" lat="37.6759620" lon="-97.1621420"/>
 <node id="391477826" visible="true" version="1" changeset="1099742" timestamp="2009-05-06T18:55:28Z" user="TIGERcnl" uid="120146" lat="37.6763850" lon="-97.1621410"/>
 <node id="391477828" visible="true" version="1" changeset="1099742" timestamp="2009-05-06T18:55:28Z" user="TIGERcnl" uid="120146" lat="37.6765460" lon="-97.1621420"/>
 <node id="391477830" visible="true" version="1" changeset="1099742" timestamp="2009-05-06T18:55:28Z" user="TIGERcnl" uid="120146" lat="37.6770430" lon="-97.1621410"/>
 <node id="391477832" visible="true" version="1" changeset="1099742" timestamp="2009-05-06T18:55:28Z" user="TIGERcnl" uid="120146" lat="37.6777120" lon="-97.1621400"/>
 <node id="391477835" visible="true" version="1" changeset="1099742" timestamp="2009-05-06T18:55:28Z" user="TIGERcnl" uid="120146" lat="37.6781770" lon="-97.1621390"/>
 <node id="391477836" visible="true" version="1" changeset="1099742" timestamp="2009-05-06T18:55:29Z" user="TIGERcnl" uid="120146" lat="37.6792150" lon="-97.1621500"/>
 <node id="391477842" visible="true" version="1" changeset="1099742" timestamp="2009-05-06T18:55:29Z" user="TIGERcnl" uid="120146" lat="37.6612200" lon="-97.1621210"/>
 <node id="391477844" visible="true" version="1" changeset="1099742" timestamp="2009-05-06T18:55:29Z" user="TIGERcnl" uid="120146" lat="37.6609150" lon="-97.1621190"/>
 <node id="391477845" visible="true" version="1" changeset="1099742" timestamp="2009-05-06T18:55:29Z" user="TIGERcnl" uid="120146" lat="37.6612360" lon="-97.1630130"/>
 <node id="391477847" visible="true" version="1" changeset="1099742" timestamp="2009-05-06T18:55:29Z" user="TIGERcnl" uid="120146" lat="37.6612290" lon="-97.1622210"/>
 <node id="391477848" visible="true" version="1" changeset="1099742" timestamp="2009-05-06T18:55:29Z" user="TIGERcnl" uid="120146" lat="37.6612360" lon="-97.1659700"/>
 <node id="391477850" visible="true" version="1" changeset="1099742" timestamp="2009-05-06T18:55:29Z" user="TIGERcnl" uid="120146" lat="37.6612470" lon="-97.1640220"/>
 <node id="391477853" visible="true" version="1" changeset="1099742" timestamp="2009-05-06T18:55:29Z" user="TIGERcnl" uid="120146" lat="37.6612360" lon="-97.1667030"/>
 <node id="391477856" visible="true" version="1" changeset="1099742" timestamp="2009-05-06T18:55:29Z" user="TIGERcnl" uid="120146" lat="37.6612360" lon="-97.1661630"/>
 <node id="391477857" visible="true" version="1" changeset="1099742" timestamp="2009-05-06T18:55:29Z" user="TIGERcnl" uid="120146" lat="37.6627950" lon="-97.1680640"/>
 <node id="391477861" visible="true" version="1" changeset="1099742" timestamp="2009-05-06T18:55:29Z" user="TIGERcnl" uid="120146" lat="37.6627980" lon="-97.1667030"/>
 <node id="391477867" visible="true" version="1" changeset="1099742" timestamp="2009-05-06T18:55:29Z" user="TIGERcnl" uid="120146" lat="37.7042270" lon="-97.1893940"/>
 <node id="391477965" visible="true" version="1" changeset="1099742" timestamp="2009-05-06T18:55:31Z" user="TIGERcnl" uid="120146" lat="37.6721090" lon="-97.1814430"/>
 <node id="391477967" visible="true" version="1" changeset="1099742" timestamp="2009-05-06T18:55:31Z" user="TIGERcnl" uid="120146" lat="37.6721070" lon="-97.1817360"/>
 <node id="391477969" visible="true" version="1" changeset="1099742" timestamp="2009-05-06T18:55:31Z" user="TIGERcnl" uid="120146" lat="37.6721130" lon="-97.1808560"/>
 <node id="391477971" visible="true" version="1" changeset="1099742" timestamp="2009-05-06T18:55:31Z" user="TIGERcnl" uid="120146" lat="37.6721110" lon="-97.1811490"/>
 <node id="391477972" visible="true" version="1" changeset="1099742" timestamp="2009-05-06T18:55:31Z" user="TIGERcnl" uid="120146" lat="37.6721010" lon="-97.1827360"/>
 <node id="391477974" visible="true" version="1" changeset="1099742" timestamp="2009-05-06T18:55:31Z" user="TIGERcnl" uid="120146" lat="37.6720990" lon="-97.1831270"/>
 <node id="391477976" visible="true" version="1" changeset="1099742" timestamp="2009-05-06T18:55:31Z" user="TIGERcnl" uid="120146" lat="37.6721060" lon="-97.1820300"/>
 <node id="391477981" visible="true" version="1" changeset="1099742" timestamp="2009-05-06T18:55:31Z" user="TIGERcnl" uid="120146" lat="37.6721040" lon="-97.1823250"/>
 <node id="391477987" visible="true" version="1" changeset="1099742" timestamp="2009-05-06T18:55:31Z" user="TIGERcnl" uid="120146" lat="37.6720860" lon="-97.1852620"/>
 <node id="391477988" visible="true" version="1" changeset="1099742" timestamp="2009-05-06T18:55:31Z" user="TIGERcnl" uid="120146" lat="37.6720680" lon="-97.1881720"/>
 <node id="391478004" visible="true" version="1" changeset="1099742" timestamp="2009-05-06T18:55:32Z" user="TIGERcnl" uid="120146" lat="37.6610810" lon="-97.1532850"/>
 <node id="391478006" visible="true" version="1" changeset="1099742" timestamp="2009-05-06T18:55:32Z" user="TIGERcnl" uid="120146" lat="37.6606710" lon="-97.1532730"/>
 <node id="391478011" visible="true" version="1" changeset="1099742" timestamp="2009-05-06T18:55:32Z" user="TIGERcnl" uid="120146" lat="37.6678900" lon="-97.1532690"/>
 <node id="391478013" visible="true" version="1" changeset="1099742" timestamp="2009-05-06T18:55:32Z" user="TIGERcnl" uid="120146" lat="37.6677320" lon="-97.1533270"/>
 <node id="391478015" visible="true" version="1" changeset="1099742" timestamp="2009-05-06T18:55:32Z" user="TIGERcnl" uid="120146" lat="37.6675910" lon="-97.1532840"/>
 <node id="391478016" visible="true" version="1" changeset="1099742" timestamp="2009-05-06T18:55:32Z" user="TIGERcnl" uid="120146" lat="37.6675730" lon="-97.1532730"/>
 <node id="391478018" visible="true" version="1" changeset="1099742" timestamp="2009-05-06T18:55:32Z" user="TIGERcnl" uid="120146" lat="37.6662140" lon="-97.1532790"/>
 <node id="391478020" visible="true" version="1" changeset="1099742" timestamp="2009-05-06T18:55:32Z" user="TIGERcnl" uid="120146" lat="37.6650840" lon="-97.1532670"/>
 <node id="391478021" visible="true" version="1" changeset="1099742" timestamp="2009-05-06T18:55:32Z" user="TIGERcnl" uid="120146" lat="37.6648970" lon="-97.1532680"/>
 <node id="391478023" visible="true" version="1" changeset="1099742" timestamp="2009-05-06T18:55:32Z" user="TIGERcnl" uid="120146" lat="37.6647940" lon="-97.1532700"/>
 <node id="391478031" visible="true" version="1" changeset="1099742" timestamp="2009-05-06T18:55:32Z" user="TIGERcnl" uid="120146" lat="37.7052700" lon="-97.1893890"/>
 <node id="391478033" visible="true" version="1" changeset="1099742" timestamp="2009-05-06T18:55:32Z" user="TIGERcnl" uid="120146" lat="37.7083860" lon="-97.1894000"/>
 <node id="391478034" visible="true" version="1" changeset="1099742" timestamp="2009-05-06T18:55:32Z" user="TIGERcnl" uid="120146" lat="37.7085410" lon="-97.1894010"/>
 <node id="391478036" visible="true" version="1" changeset="1099742" timestamp="2009-05-06T18:55:32Z" user="TIGERcnl" uid="120146" lat="37.7086700" lon="-97.1893940"/>
 <node id="391478037" visible="true" version="1" changeset="1099742" timestamp="2009-05-06T18:55:32Z" user="TIGERcnl" uid="120146" lat="37.7086700" lon="-97.1893060"/>
 <node id="391478039" visible="true" version="1" changeset="1099742" timestamp="2009-05-06T18:55:32Z" user="TIGERcnl" uid="120146" lat="37.6721590" lon="-97.1675970"/>
 <node id="391478041" visible="true" version="1" changeset="1099742" timestamp="2009-05-06T18:55:32Z" user="TIGERcnl" uid="120146" lat="37.7087410" lon="-97.1887910"/>
 <node id="391478042" visible="true" version="1" changeset="1099742" timestamp="2009-05-06T18:55:32Z" user="TIGERcnl" uid="120146" lat="37.7087420" lon="-97.1887050"/>
 <node id="391478044" visible="true" version="1" changeset="1099742" timestamp="2009-05-06T18:55:32Z" user="TIGERcnl" uid="120146" lat="37.6733800" lon="-97.1711500"/>
 <node id="391478046" visible="true" version="1" changeset="1099742" timestamp="2009-05-06T18:55:32Z" user="TIGERcnl" uid="120146" lat="37.6728350" lon="-97.1711530"/>
 <node id="391478047" visible="true" version="1" changeset="1099742" timestamp="2009-05-06T18:55:32Z" user="TIGERcnl" uid="120146" lat="37.6722840" lon="-97.1711550"/>
 <node id="391478049" visible="true" version="1" changeset="1099742" timestamp="2009-05-06T18:55:32Z" user="TIGERcnl" uid="120146" lat="37.6722000" lon="-97.1711170"/>
 <node id="391478050" visible="true" version="1" changeset="1099742" timestamp="2009-05-06T18:55:32Z" user="TIGERcnl" uid="120146" lat="37.6746620" lon="-97.1711370"/>
 <node id="391478052" visible="true" version="1" changeset="1099742" timestamp="2009-05-06T18:55:32Z" user="TIGERcnl" uid="120146" lat="37.6740940" lon="-97.1711480"/>
 <node id="391478054" visible="true" version="1" changeset="1099742" timestamp="2009-05-06T18:55:32Z" user="TIGERcnl" uid="120146" lat="37.6735430" lon="-97.1711500"/>
 <node id="391478055" visible="true" version="1" changeset="1099742" timestamp="2009-05-06T18:55:32Z" user="TIGERcnl" uid="120146" lat="37.6734300" lon="-97.1711490"/>
 <node id="391478079" visible="true" version="1" changeset="1099742" timestamp="2009-05-06T18:55:33Z" user="TIGERcnl" uid="120146" lat="37.6654430" lon="-97.1846850"/>
 <node id="391478125" visible="true" version="1" changeset="1099742" timestamp="2009-05-06T18:55:34Z" user="TIGERcnl" uid="120146" lat="37.6899380" lon="-97.1883240"/>
 <node id="391478133" visible="true" version="1" changeset="1099742" timestamp="2009-05-06T18:55:34Z" user="TIGERcnl" uid="120146" lat="37.6791680" lon="-97.1740270"/>
 <node id="391478158" visible="true" version="1" changeset="1099742" timestamp="2009-05-06T18:55:34Z" user="TIGERcnl" uid="120146" lat="37.6940750" lon="-97.1893670"/>
 <node id="391478159" visible="true" version="1" changeset="1099742" timestamp="2009-05-06T18:55:34Z" user="TIGERcnl" uid="120146" lat="37.6940790" lon="-97.1888790"/>
 <node id="391478161" visible="true" version="1" changeset="1099742" timestamp="2009-05-06T18:55:34Z" user="TIGERcnl" uid="120146" lat="37.6947860" lon="-97.1893680"/>
 <node id="391478163" visible="true" version="1" changeset="1099742" timestamp="2009-05-06T18:55:35Z" user="TIGERcnl" uid="120146" lat="37.6940780" lon="-97.1893670"/>
 <node id="391478165" visible="true" version="1" changeset="1099742" timestamp="2009-05-06T18:55:35Z" user="TIGERcnl" uid="120146" lat="37.6953560" lon="-97.1893690"/>
 <node id="391478167" visible="true" version="1" changeset="1099742" timestamp="2009-05-06T18:55:35Z" user="TIGERcnl" uid="120146" lat="37.6952170" lon="-97.1893680"/>
 <node id="391478168" visible="true" version="1" changeset="1099742" timestamp="2009-05-06T18:55:35Z" user="TIGERcnl" uid="120146" lat="37.6967370" lon="-97.1893720"/>
 <node id="391478170" visible="true" version="1" changeset="1099742" timestamp="2009-05-06T18:55:35Z" user="TIGERcnl" uid="120146" lat="37.6956370" lon="-97.1893690"/>
 <node id="391478172" visible="true" version="1" changeset="1099742" timestamp="2009-05-06T18:55:35Z" user="TIGERcnl" uid="120146" lat="37.6990060" lon="-97.1893690"/>
 <node id="391478174" visible="true" version="1" changeset="1099742" timestamp="2009-05-06T18:55:35Z" user="TIGERcnl" uid="120146" lat="37.6866450" lon="-97.1854180"/>
 <node id="391478262" visible="true" version="1" changeset="1099742" timestamp="2009-05-06T18:55:36Z" user="TIGERcnl" uid="120146" lat="37.6806180" lon="-97.1894170"/>
 <node id="391478264" visible="true" version="1" changeset="1099742" timestamp="2009-05-06T18:55:36Z" user="TIGERcnl" uid="120146" lat="37.6808070" lon="-97.1894090"/>
 <node id="391478266" visible="true" version="1" changeset="1099742" timestamp="2009-05-06T18:55:37Z" user="TIGERcnl" uid="120146" lat="37.6813900" lon="-97.1893870"/>
 <node id="391478268" visible="true" version="1" changeset="1099742" timestamp="2009-05-06T18:55:37Z" user="TIGERcnl" uid="120146" lat="37.6818770" lon="-97.1888680"/>
 <node id="391478270" visible="true" version="1" changeset="1099742" timestamp="2009-05-06T18:55:37Z" user="TIGERcnl" uid="120146" lat="37.6615580" lon="-97.1767530"/>
 <node id="391478271" visible="true" version="1" changeset="1099742" timestamp="2009-05-06T18:55:37Z" user="TIGERcnl" uid="120146" lat="37.6615620" lon="-97.1768290"/>
 <node id="391478273" visible="true" version="1" changeset="1099742" timestamp="2009-05-06T18:55:37Z" user="TIGERcnl" uid="120146" lat="37.6834730" lon="-97.1869410"/>
 <node id="391478275" visible="true" version="1" changeset="1099742" timestamp="2009-05-06T18:55:37Z" user="TIGERcnl" uid="120146" lat="37.6839220" lon="-97.1863200"/>
 <node id="391478277" visible="true" version="1" changeset="1099742" timestamp="2009-05-06T18:55:37Z" user="TIGERcnl" uid="120146" lat="37.6647270" lon="-97.1714950"/>
 <node id="391478278" visible="true" version="1" changeset="1099742" timestamp="2009-05-06T18:55:37Z" user="TIGERcnl" uid="120146" lat="37.6615690" lon="-97.1714810"/>
 <node id="391478280" visible="true" version="1" changeset="1099742" timestamp="2009-05-06T18:55:37Z" user="TIGERcnl" uid="120146" lat="37.6615700" lon="-97.1735410"/>
 <node id="391478282" visible="true" version="1" changeset="1099742" timestamp="2009-05-06T18:55:37Z" user="TIGERcnl" uid="120146" lat="37.6615590" lon="-97.1763490"/>
 <node id="391478284" visible="true" version="1" changeset="1099742" timestamp="2009-05-06T18:55:37Z" user="TIGERcnl" uid="120146" lat="37.6647530" lon="-97.1680750"/>
 <node id="391478285" visible="true" version="1" changeset="1099742" timestamp="2009-05-06T18:55:37Z" user="TIGERcnl" uid="120146" lat="37.6647530" lon="-97.1688070"/>
 <node id="391478289" visible="true" version="1" changeset="1099742" timestamp="2009-05-06T18:55:37Z" user="TIGERcnl" uid="120146" lat="37.6794490" lon="-97.1894240"/>
 <node id="391478294" visible="true" version="1" changeset="1099742" timestamp="2009-05-06T18:55:37Z" user="TIGERcnl" uid="120146" lat="37.6649380" lon="-97.1773590"/>
 <node id="391478296" visible="true" version="1" changeset="1099742" timestamp="2009-05-06T18:55:37Z" user="TIGERcnl" uid="120146" lat="37.6649390" lon="-97.1772040"/>
 <node id="391478302" visible="true" version="1" changeset="1099742" timestamp="2009-05-06T18:55:37Z" user="TIGERcnl" uid="120146" lat="37.6649380" lon="-97.1775550"/>
 <node id="391478303" visible="true" version="1" changeset="1099742" timestamp="2009-05-06T18:55:37Z" user="TIGERcnl" uid="120146" lat="37.6649380" lon="-97.1774350"/>
 <node id="391478305" visible="true" version="1" changeset="1099742" timestamp="2009-05-06T18:55:37Z" user="TIGERcnl" uid="120146" lat="37.6648350" lon="-97.1775610"/>
 <node id="391478307" visible="true" version="1" changeset="1099742" timestamp="2009-05-06T18:55:37Z" user="TIGERcnl" uid="120146" lat="37.6649140" lon="-97.1775560"/>
 <node id="391478308" visible="true" version="1" changeset="1099742" timestamp="2009-05-06T18:55:37Z" user="TIGERcnl" uid="120146" lat="37.6629380" lon="-97.1775480"/>
 <node id="391478310" visible="true" version="1" changeset="1099742" timestamp="2009-05-06T18:55:37Z" user="TIGERcnl" uid="120146" lat="37.6646980" lon="-97.1775550"/>
 <node id="391478312" visible="true" version="1" changeset="1099742" timestamp="2009-05-06T18:55:37Z" user="TIGERcnl" uid="120146" lat="37.6649390" lon="-97.1770600"/>
 <node id="391478313" visible="true" version="1" changeset="1099742" timestamp="2009-05-06T18:55:37Z" user="TIGERcnl" uid="120146" lat="37.6649400" lon="-97.1769950"/>
 <node id="391480844" visible="true" version="1" changeset="1099742" timestamp="2009-05-06T18:57:06Z" user="TIGERcnl" uid="120146" lat="37.6721310" lon="-97.1769470"/>
 <node id="391480846" visible="true" version="1" changeset="1099742" timestamp="2009-05-06T18:57:06Z" user="TIGERcnl" uid="120146" lat="37.6717510" lon="-97.1769480"/>
 <node id="391480847" visible="true" version="1" changeset="1099742" timestamp="2009-05-06T18:57:06Z" user="TIGERcnl" uid="120146" lat="37.6721300" lon="-97.1774090"/>
 <node id="391480850" visible="true" version="1" changeset="1099742" timestamp="2009-05-06T18:57:06Z" user="TIGERcnl" uid="120146" lat="37.6721310" lon="-97.1772700"/>
 <node id="391480852" visible="true" version="1" changeset="1099742" timestamp="2009-05-06T18:57:06Z" user="TIGERcnl" uid="120146" lat="37.6721280" lon="-97.1776270"/>
 <node id="391480854" visible="true" version="1" changeset="1099742" timestamp="2009-05-06T18:57:06Z" user="TIGERcnl" uid="120146" lat="37.6721290" lon="-97.1774580"/>
 <node id="391480856" visible="true" version="1" changeset="1099742" timestamp="2009-05-06T18:57:06Z" user="TIGERcnl" uid="120146" lat="37.6721240" lon="-97.1781920"/>
 <node id="391480858" visible="true" version="1" changeset="1099742" timestamp="2009-05-06T18:57:07Z" user="TIGERcnl" uid="120146" lat="37.6721260" lon="-97.1778480"/>
 <node id="391480860" visible="true" version="1" changeset="1099742" timestamp="2009-05-06T18:57:07Z" user="TIGERcnl" uid="120146" lat="37.6721150" lon="-97.1804060"/>
 <node id="391480862" visible="true" version="1" changeset="1099742" timestamp="2009-05-06T18:57:07Z" user="TIGERcnl" uid="120146" lat="37.6721210" lon="-97.1785370"/>
 <node id="391480873" visible="true" version="1" changeset="1099742" timestamp="2009-05-06T18:57:07Z" user="TIGERcnl" uid="120146" lat="37.6778780" lon="-97.1711290"/>
 <node id="391480875" visible="true" version="1" changeset="1099742" timestamp="2009-05-06T18:57:07Z" user="TIGERcnl" uid="120146" lat="37.6777540" lon="-97.1711440"/>
 <node id="391480876" visible="true" version="1" changeset="1099742" timestamp="2009-05-06T18:57:07Z" user="TIGERcnl" uid="120146" lat="37.6780520" lon="-97.1711250"/>
 <node id="391480878" visible="true" version="1" changeset="1099742" timestamp="2009-05-06T18:57:07Z" user="TIGERcnl" uid="120146" lat="37.6779980" lon="-97.1711260"/>
 <node id="391480880" visible="true" version="1" changeset="1099742" timestamp="2009-05-06T18:57:07Z" user="TIGERcnl" uid="120146" lat="37.6786290" lon="-97.1711180"/>
 <node id="391480882" visible="true" version="1" changeset="1099742" timestamp="2009-05-06T18:57:07Z" user="TIGERcnl" uid="120146" lat="37.6781340" lon="-97.1711240"/>
 <node id="391480883" visible="true" version="1" changeset="1099742" timestamp="2009-05-06T18:57:07Z" user="TIGERcnl" uid="120146" lat="37.6790650" lon="-97.1712590"/>
 <node id="391480886" visible="true" version="1" changeset="1099742" timestamp="2009-05-06T18:57:07Z" user="TIGERcnl" uid="120146" lat="37.6790680" lon="-97.1711160"/>
 <node id="391480888" visible="true" version="1" changeset="1099742" timestamp="2009-05-06T18:57:07Z" user="TIGERcnl" uid="120146" lat="37.6791920" lon="-97.1712590"/>
 <node id="391480907" visible="true" version="1" changeset="1099742" timestamp="2009-05-06T18:57:07Z" user="TIGERcnl" uid="120146" lat="37.6747150" lon="-97.1711480"/>
 <node id="391480941" visible="true" version="1" changeset="1099742" timestamp="2009-05-06T18:57:08Z" user="TIGERcnl" uid="120146" lat="37.6767360" lon="-97.1711350"/>
 <node id="391480944" visible="true" version="1" changeset="1099742" timestamp="2009-05-06T18:57:08Z" user="TIGERcnl" uid="120146" lat="37.6768000" lon="-97.1711320"/>
 <node id="391480951" visible="true" version="1" changeset="1099742" timestamp="2009-05-06T18:57:08Z" user="TIGERcnl" uid="120146" lat="37.6752190" lon="-97.1711430"/>
 <node id="391480953" visible="true" version="1" changeset="1099742" timestamp="2009-05-06T18:57:08Z" user="TIGERcnl" uid="120146" lat="37.6755160" lon="-97.1711420"/>
 <node id="391480956" visible="true" version="1" changeset="1099742" timestamp="2009-05-06T18:57:08Z" user="TIGERcnl" uid="120146" lat="37.6758600" lon="-97.1711390"/>
 <node id="391480959" visible="true" version="1" changeset="1099742" timestamp="2009-05-06T18:57:08Z" user="TIGERcnl" uid="120146" lat="37.6762720" lon="-97.1711380"/>
 <node id="391481016" visible="true" version="1" changeset="1099742" timestamp="2009-05-06T18:57:09Z" user="TIGERcnl" uid="120146" lat="37.6575820" lon="-97.1621010"/>
 <node id="391481018" visible="true" version="1" changeset="1099742" timestamp="2009-05-06T18:57:09Z" user="TIGERcnl" uid="120146" lat="37.6576050" lon="-97.1532260"/>
 <node id="391481022" visible="true" version="1" changeset="1099742" timestamp="2009-05-06T18:57:09Z" user="TIGERcnl" uid="120146" lat="37.6587000" lon="-97.1532230"/>
 <node id="391481024" visible="true" version="1" changeset="1099742" timestamp="2009-05-06T18:57:09Z" user="TIGERcnl" uid="120146" lat="37.6590950" lon="-97.1532270"/>
 <node id="391481025" visible="true" version="1" changeset="1099742" timestamp="2009-05-06T18:57:09Z" user="TIGERcnl" uid="120146" lat="37.6592900" lon="-97.1532290"/>
 <node id="391481028" visible="true" version="1" changeset="1099742" timestamp="2009-05-06T18:57:09Z" user="TIGERcnl" uid="120146" lat="37.6595410" lon="-97.1532400"/>
 <node id="391481029" visible="true" version="1" changeset="1099742" timestamp="2009-05-06T18:57:09Z" user="TIGERcnl" uid="120146" lat="37.6599530" lon="-97.1532540"/>
 <node id="391481035" visible="true" version="1" changeset="1099742" timestamp="2009-05-06T18:57:09Z" user="TIGERcnl" uid="120146" lat="37.6581470" lon="-97.1621050"/>
 <node id="391481038" visible="true" version="1" changeset="1099742" timestamp="2009-05-06T18:57:09Z" user="TIGERcnl" uid="120146" lat="37.6578270" lon="-97.1621030"/>
 <node id="391481078" visible="true" version="1" changeset="1099742" timestamp="2009-05-06T18:57:10Z" user="TIGERcnl" uid="120146" lat="37.6900220" lon="-97.1884300"/>
 <node id="391481080" visible="true" version="1" changeset="1099742" timestamp="2009-05-06T18:57:10Z" user="TIGERcnl" uid="120146" lat="37.6900160" lon="-97.1893630"/>
 <node id="391481083" visible="true" version="1" changeset="1099742" timestamp="2009-05-06T18:57:10Z" user="TIGERcnl" uid="120146" lat="37.6904470" lon="-97.1892800"/>
 <node id="391481084" visible="true" version="1" changeset="1099742" timestamp="2009-05-06T18:57:10Z" user="TIGERcnl" uid="120146" lat="37.6904520" lon="-97.1867630"/>
 <node id="391481087" visible="true" version="1" changeset="1099742" timestamp="2009-05-06T18:57:11Z" user="TIGERcnl" uid="120146" lat="37.6901760" lon="-97.1893320"/>
 <node id="391481088" visible="true" version="1" changeset="1099742" timestamp="2009-05-06T18:57:11Z" user="TIGERcnl" uid="120146" lat="37.6903050" lon="-97.1893070"/>
 <node id="391481089" visible="true" version="1" changeset="1099742" timestamp="2009-05-06T18:57:11Z" user="TIGERcnl" uid="120146" lat="37.6939530" lon="-97.1887450"/>
 <node id="391481091" visible="true" version="1" changeset="1099742" timestamp="2009-05-06T18:57:11Z" user="TIGERcnl" uid="120146" lat="37.6940800" lon="-97.1888550"/>
 <node id="391481092" visible="true" version="1" changeset="1099742" timestamp="2009-05-06T18:57:11Z" user="TIGERcnl" uid="120146" lat="37.6928390" lon="-97.1878040"/>
 <node id="391481093" visible="true" version="1" changeset="1099742" timestamp="2009-05-06T18:57:11Z" user="TIGERcnl" uid="120146" lat="37.6938090" lon="-97.1886280"/>
 <node id="391481140" visible="true" version="1" changeset="1099742" timestamp="2009-05-06T18:57:12Z" user="TIGERcnl" uid="120146" lat="37.6721980" lon="-97.1573490"/>
 <node id="391481141" visible="true" version="1" changeset="1099742" timestamp="2009-05-06T18:57:12Z" user="TIGERcnl" uid="120146" lat="37.6721250" lon="-97.1573490"/>
 <node id="391481142" visible="true" version="1" changeset="1099742" timestamp="2009-05-06T18:57:12Z" user="TIGERcnl" uid="120146" lat="37.6721960" lon="-97.1577910"/>
 <node id="391481144" visible="true" version="1" changeset="1099742" timestamp="2009-05-06T18:57:12Z" user="TIGERcnl" uid="120146" lat="37.6721960" lon="-97.1576240"/>
 <node id="391481146" visible="true" version="1" changeset="1099742" timestamp="2009-05-06T18:57:12Z" user="TIGERcnl" uid="120146" lat="37.6721940" lon="-97.1585200"/>
 <node id="391481148" visible="true" version="1" changeset="1099742" timestamp="2009-05-06T18:57:12Z" user="TIGERcnl" uid="120146" lat="37.6721950" lon="-97.1580880"/>
 <node id="391481150" visible="true" version="1" changeset="1099742" timestamp="2009-05-06T18:57:12Z" user="TIGERcnl" uid="120146" lat="37.6721930" lon="-97.1592290"/>
 <node id="391481152" visible="true" version="1" changeset="1099742" timestamp="2009-05-06T18:57:13Z" user="TIGERcnl" uid="120146" lat="37.6721940" lon="-97.1587840"/>
 <node id="391481153" visible="true" version="1" changeset="1099742" timestamp="2009-05-06T18:57:13Z" user="TIGERcnl" uid="120146" lat="37.6721930" lon="-97.1598210"/>
 <node id="391481156" visible="true" version="1" changeset="1099742" timestamp="2009-05-06T18:57:13Z" user="TIGERcnl" uid="120146" lat="37.6721920" lon="-97.1596000"/>
 <node id="391481188" visible="true" version="1" changeset="1099742" timestamp="2009-05-06T18:57:13Z" user="TIGERcnl" uid="120146" lat="37.6792590" lon="-97.1663090"/>
 <node id="391481191" visible="true" version="1" changeset="1099742" timestamp="2009-05-06T18:57:13Z" user="TIGERcnl" uid="120146" lat="37.6624450" lon="-97.1775460"/>
 <node id="391481193" visible="true" version="1" changeset="1099742" timestamp="2009-05-06T18:57:14Z" user="TIGERcnl" uid="120146" lat="37.6792530" lon="-97.1667110"/>
 <node id="391481195" visible="true" version="1" changeset="1099742" timestamp="2009-05-06T18:57:14Z" user="TIGERcnl" uid="120146" lat="37.6792330" lon="-97.1633970"/>
 <node id="391481196" visible="true" version="1" changeset="1099742" timestamp="2009-05-06T18:57:14Z" user="TIGERcnl" uid="120146" lat="37.6792160" lon="-97.1631780"/>
 <node id="391481199" visible="true" version="1" changeset="1099742" timestamp="2009-05-06T18:57:14Z" user="TIGERcnl" uid="120146" lat="37.6792480" lon="-97.1660720"/>
 <node id="391481201" visible="true" version="1" changeset="1099742" timestamp="2009-05-06T18:57:14Z" user="TIGERcnl" uid="120146" lat="37.6792120" lon="-97.1635390"/>
 <node id="391481203" visible="true" version="1" changeset="1099742" timestamp="2009-05-06T18:57:14Z" user="TIGERcnl" uid="120146" lat="37.6616750" lon="-97.1772660"/>
 <node id="391481205" visible="true" version="1" changeset="1099742" timestamp="2009-05-06T18:57:14Z" user="TIGERcnl" uid="120146" lat="37.6616480" lon="-97.1772030"/>
 <node id="391481207" visible="true" version="1" changeset="1099742" timestamp="2009-05-06T18:57:14Z" user="TIGERcnl" uid="120146" lat="37.6792190" lon="-97.1627050"/>
 <node id="391481209" visible="true" version="1" changeset="1099742" timestamp="2009-05-06T18:57:14Z" user="TIGERcnl" uid="120146" lat="37.6792150" lon="-97.1625080"/>
 <node id="391481211" visible="true" version="1" changeset="1099742" timestamp="2009-05-06T18:57:14Z" user="TIGERcnl" uid="120146" lat="37.6619670" lon="-97.1775940"/>
 <node id="391481214" visible="true" version="1" changeset="1099742" timestamp="2009-05-06T18:57:14Z" user="TIGERcnl" uid="120146" lat="37.6619350" lon="-97.1776320"/>
 <node id="391481216" visible="true" version="1" changeset="1099742" timestamp="2009-05-06T18:57:14Z" user="TIGERcnl" uid="120146" lat="37.6618060" lon="-97.1774730"/>
 <node id="391481218" visible="true" version="1" changeset="1099742" timestamp="2009-05-06T18:57:14Z" user="TIGERcnl" uid="120146" lat="37.6617390" lon="-97.1773860"/>
 <node id="391481226" visible="true" version="1" changeset="1099742" timestamp="2009-05-06T18:57:14Z" user="TIGERcnl" uid="120146" lat="37.6694000" lon="-97.1769550"/>
 <node id="391481229" visible="true" version="1" changeset="1099742" timestamp="2009-05-06T18:57:14Z" user="TIGERcnl" uid="120146" lat="37.6684780" lon="-97.1769510"/>
 <node id="391481234" visible="true" version="1" changeset="1099742" timestamp="2009-05-06T18:57:15Z" user="TIGERcnl" uid="120146" lat="37.6708150" lon="-97.1769510"/>
 <node id="391481236" visible="true" version="1" changeset="1099742" timestamp="2009-05-06T18:57:15Z" user="TIGERcnl" uid="120146" lat="37.6703070" lon="-97.1769520"/>
 <node id="391481239" visible="true" version="1" changeset="1099742" timestamp="2009-05-06T18:57:15Z" user="TIGERcnl" uid="120146" lat="37.6649800" lon="-97.1769470"/>
 <node id="391481241" visible="true" version="1" changeset="1099742" timestamp="2009-05-06T18:57:15Z" user="TIGERcnl" uid="120146" lat="37.6649400" lon="-97.1769450"/>
 <node id="391481244" visible="true" version="1" changeset="1099742" timestamp="2009-05-06T18:57:15Z" user="TIGERcnl" uid="120146" lat="37.6676380" lon="-97.1769550"/>
 <node id="391481246" visible="true" version="1" changeset="1099742" timestamp="2009-05-06T18:57:15Z" user="TIGERcnl" uid="120146" lat="37.6667160" lon="-97.1769520"/>
 <node id="391481248" visible="true" version="1" changeset="1099742" timestamp="2009-05-06T18:57:15Z" user="TIGERcnl" uid="120146" lat="37.6715860" lon="-97.1769480"/>
 <node id="391481250" visible="true" version="1" changeset="1099742" timestamp="2009-05-06T18:57:15Z" user="TIGERcnl" uid="120146" lat="37.6712120" lon="-97.1769490"/>
 <node id="391481253" visible="true" version="1" changeset="1099742" timestamp="2009-05-06T18:57:15Z" user="TIGERcnl" uid="120146" lat="37.6792590" lon="-97.1667870"/>
 <node id="391481254" visible="true" version="1" changeset="1099742" timestamp="2009-05-06T18:57:15Z" user="TIGERcnl" uid="120146" lat="37.6621950" lon="-97.1778750"/>
 <node id="391481274" visible="true" version="1" changeset="1099742" timestamp="2009-05-06T18:57:15Z" user="TIGERcnl" uid="120146" lat="37.6976250" lon="-97.1893700"/>
 <node id="391481276" visible="true" version="1" changeset="1099742" timestamp="2009-05-06T18:57:15Z" user="TIGERcnl" uid="120146" lat="37.6616030" lon="-97.1770720"/>
 <node id="391481282" visible="true" version="1" changeset="1099742" timestamp="2009-05-06T18:57:16Z" user="TIGERcnl" uid="120146" lat="37.6615730" lon="-97.1769330"/>
 <node id="391481297" visible="true" version="1" changeset="1099742" timestamp="2009-05-06T18:57:16Z" user="TIGERcnl" uid="120146" lat="37.6648930" lon="-97.1854750"/>
 <node id="391481298" visible="true" version="1" changeset="1099742" timestamp="2009-05-06T18:57:16Z" user="TIGERcnl" uid="120146" lat="37.6648910" lon="-97.1849500"/>
 <node id="391481300" visible="true" version="1" changeset="1099742" timestamp="2009-05-06T18:57:16Z" user="TIGERcnl" uid="120146" lat="37.6658280" lon="-97.1846880"/>
 <node id="391481302" visible="true" version="1" changeset="1099742" timestamp="2009-05-06T18:57:16Z" user="TIGERcnl" uid="120146" lat="37.6658280" lon="-97.1847520"/>
 <node id="391481303" visible="true" version="1" changeset="1099742" timestamp="2009-05-06T18:57:16Z" user="TIGERcnl" uid="120146" lat="37.6658300" lon="-97.1854720"/>
 <node id="391481305" visible="true" version="1" changeset="1099742" timestamp="2009-05-06T18:57:16Z" user="TIGERcnl" uid="120146" lat="37.6657550" lon="-97.1854730"/>
 <node id="391481307" visible="true" version="1" changeset="1099742" timestamp="2009-05-06T18:57:16Z" user="TIGERcnl" uid="120146" lat="37.6651040" lon="-97.1842990"/>
 <node id="391481310" visible="true" version="1" changeset="1099742" timestamp="2009-05-06T18:57:16Z" user="TIGERcnl" uid="120146" lat="37.6655170" lon="-97.1847690"/>
 <node id="391481311" visible="true" version="1" changeset="1099742" timestamp="2009-05-06T18:57:16Z" user="TIGERcnl" uid="120146" lat="37.6655790" lon="-97.1847670"/>
 <node id="391481313" visible="true" version="1" changeset="1099742" timestamp="2009-05-06T18:57:16Z" user="TIGERcnl" uid="120146" lat="37.6748070" lon="-97.1711450"/>
 <node id="391481321" visible="true" version="1" changeset="1099742" timestamp="2009-05-06T18:57:16Z" user="TIGERcnl" uid="120146" lat="37.6866740" lon="-97.1863800"/>
 <node id="391481323" visible="true" version="1" changeset="1099742" timestamp="2009-05-06T18:57:16Z" user="TIGERcnl" uid="120146" lat="37.6866490" lon="-97.1863800"/>
 <node id="391481325" visible="true" version="1" changeset="1099742" timestamp="2009-05-06T18:57:16Z" user="TIGERcnl" uid="120146" lat="37.6866480" lon="-97.1861210"/>
 <node id="391481327" visible="true" version="1" changeset="1099742" timestamp="2009-05-06T18:57:16Z" user="TIGERcnl" uid="120146" lat="37.6866460" lon="-97.1857730"/>
 <node id="391481328" visible="true" version="1" changeset="1099742" timestamp="2009-05-06T18:57:16Z" user="TIGERcnl" uid="120146" lat="37.6791720" lon="-97.1715150"/>
 <node id="391481329" visible="true" version="1" changeset="1099742" timestamp="2009-05-06T18:57:16Z" user="TIGERcnl" uid="120146" lat="37.6894630" lon="-97.1882950"/>
 <node id="391481330" visible="true" version="1" changeset="1099742" timestamp="2009-05-06T18:57:16Z" user="TIGERcnl" uid="120146" lat="37.6890020" lon="-97.1882670"/>
 <node id="391481331" visible="true" version="1" changeset="1099742" timestamp="2009-05-06T18:57:17Z" user="TIGERcnl" uid="120146" lat="37.6873150" lon="-97.1866880"/>
 <node id="391481332" visible="true" version="1" changeset="1099742" timestamp="2009-05-06T18:57:17Z" user="TIGERcnl" uid="120146" lat="37.6790610" lon="-97.1781900"/>
 <node id="391481333" visible="true" version="1" changeset="1099742" timestamp="2009-05-06T18:57:17Z" user="TIGERcnl" uid="120146" lat="37.6790630" lon="-97.1784500"/>
 <node id="391481334" visible="true" version="1" changeset="1099742" timestamp="2009-05-06T18:57:17Z" user="TIGERcnl" uid="120146" lat="37.6791330" lon="-97.1782140"/>
 <node id="391481336" visible="true" version="1" changeset="1099742" timestamp="2009-05-06T18:57:17Z" user="TIGERcnl" uid="120146" lat="37.6790920" lon="-97.1782130"/>
 <node id="391481339" visible="true" version="1" changeset="1099742" timestamp="2009-05-06T18:57:17Z" user="TIGERcnl" uid="120146" lat="37.6866460" lon="-97.1856430"/>
 <node id="391481342" visible="true" version="1" changeset="1099742" timestamp="2009-05-06T18:57:17Z" user="TIGERcnl" uid="120146" lat="37.6785600" lon="-97.1819850"/>
 <node id="391481344" visible="true" version="1" changeset="1099742" timestamp="2009-05-06T18:57:17Z" user="TIGERcnl" uid="120146" lat="37.6790680" lon="-97.1788820"/>
 <node id="391481346" visible="true" version="1" changeset="1099742" timestamp="2009-05-06T18:57:17Z" user="TIGERcnl" uid="120146" lat="37.6790620" lon="-97.1796130"/>
 <node id="391481356" visible="true" version="1" changeset="1099742" timestamp="2009-05-06T18:57:17Z" user="TIGERcnl" uid="120146" lat="37.6768730" lon="-97.1711300"/>
 <node id="391481357" visible="true" version="1" changeset="1099742" timestamp="2009-05-06T18:57:17Z" user="TIGERcnl" uid="120146" lat="37.6774230" lon="-97.1711280"/>
 <node id="391481378" visible="true" version="2" changeset="134715406" timestamp="2023-04-10T07:56:30Z" user="Aleksandar Matejevic" uid="8724788" lat="37.7157183" lon="-97.1804567"/>
 <node id="391482195" visible="true" version="1" changeset="1099742" timestamp="2009-05-06T18:58:03Z" user="TIGERcnl" uid="120146" lat="37.6752090" lon="-97.1621440"/>
 <node id="391482196" visible="true" version="1" changeset="1099742" timestamp="2009-05-06T18:58:03Z" user="TIGERcnl" uid="120146" lat="37.6746780" lon="-97.1621450"/>
 <node id="391482198" visible="true" version="1" changeset="1099742" timestamp="2009-05-06T18:58:03Z" user="TIGERcnl" uid="120146" lat="37.6730320" lon="-97.1621500"/>
 <node id="391482200" visible="true" version="1" changeset="1099742" timestamp="2009-05-06T18:58:03Z" user="TIGERcnl" uid="120146" lat="37.6726110" lon="-97.1621510"/>
 <node id="391482201" visible="true" version="1" changeset="1099742" timestamp="2009-05-06T18:58:03Z" user="TIGERcnl" uid="120146" lat="37.6721850" lon="-97.1621510"/>
 <node id="391482203" visible="true" version="1" changeset="1099742" timestamp="2009-05-06T18:58:03Z" user="TIGERcnl" uid="120146" lat="37.6721870" lon="-97.1617980"/>
 <node id="391482205" visible="true" version="1" changeset="1099742" timestamp="2009-05-06T18:58:03Z" user="TIGERcnl" uid="120146" lat="37.6721880" lon="-97.1613360"/>
 <node id="391482206" visible="true" version="1" changeset="1099742" timestamp="2009-05-06T18:58:03Z" user="TIGERcnl" uid="120146" lat="37.6721900" lon="-97.1608490"/>
 <node id="391482208" visible="true" version="1" changeset="1099742" timestamp="2009-05-06T18:58:03Z" user="TIGERcnl" uid="120146" lat="37.6721910" lon="-97.1605910"/>
 <node id="391482210" visible="true" version="1" changeset="1099742" timestamp="2009-05-06T18:58:03Z" user="TIGERcnl" uid="120146" lat="37.6721920" lon="-97.1601790"/>
 <node id="391482215" visible="true" version="1" changeset="1099742" timestamp="2009-05-06T18:58:03Z" user="TIGERcnl" uid="120146" lat="37.6588060" lon="-97.1621080"/>
 <node id="391482218" visible="true" version="1" changeset="1099742" timestamp="2009-05-06T18:58:03Z" user="TIGERcnl" uid="120146" lat="37.6583670" lon="-97.1621060"/>
 <node id="391482220" visible="true" version="1" changeset="1099742" timestamp="2009-05-06T18:58:03Z" user="TIGERcnl" uid="120146" lat="37.6585870" lon="-97.1621070"/>
 <node id="391482221" visible="true" version="1" changeset="1099742" timestamp="2009-05-06T18:58:03Z" user="TIGERcnl" uid="120146" lat="37.6599570" lon="-97.1621140"/>
 <node id="391482223" visible="true" version="1" changeset="1099742" timestamp="2009-05-06T18:58:03Z" user="TIGERcnl" uid="120146" lat="37.6601900" lon="-97.1621160"/>
 <node id="391482225" visible="true" version="1" changeset="1099742" timestamp="2009-05-06T18:58:03Z" user="TIGERcnl" uid="120146" lat="37.6594900" lon="-97.1621120"/>
 <node id="391482227" visible="true" version="1" changeset="1099742" timestamp="2009-05-06T18:58:03Z" user="TIGERcnl" uid="120146" lat="37.6597240" lon="-97.1621130"/>
 <node id="391482229" visible="true" version="1" changeset="1099742" timestamp="2009-05-06T18:58:03Z" user="TIGERcnl" uid="120146" lat="37.6603540" lon="-97.1621160"/>
 <node id="391482231" visible="true" version="1" changeset="1099742" timestamp="2009-05-06T18:58:03Z" user="TIGERcnl" uid="120146" lat="37.6607500" lon="-97.1621180"/>
 <node id="391482245" visible="true" version="1" changeset="1099742" timestamp="2009-05-06T18:58:04Z" user="TIGERcnl" uid="120146" lat="37.6628060" lon="-97.1803950"/>
 <node id="391482252" visible="true" version="1" changeset="1099742" timestamp="2009-05-06T18:58:04Z" user="TIGERcnl" uid="120146" lat="37.6790570" lon="-97.1803650"/>
 <node id="391482253" visible="true" version="1" changeset="1099742" timestamp="2009-05-06T18:58:04Z" user="TIGERcnl" uid="120146" lat="37.6649290" lon="-97.1804020"/>
 <node id="391482256" visible="true" version="1" changeset="1099742" timestamp="2009-05-06T18:58:04Z" user="TIGERcnl" uid="120146" lat="37.6649050" lon="-97.1831710"/>
 <node id="391482258" visible="true" version="1" changeset="1099742" timestamp="2009-05-06T18:58:04Z" user="TIGERcnl" uid="120146" lat="37.6646900" lon="-97.1803970"/>
 <node id="391482260" visible="true" version="1" changeset="1099742" timestamp="2009-05-06T18:58:04Z" user="TIGERcnl" uid="120146" lat="37.6648170" lon="-97.1803990"/>
 <node id="1304326513" visible="true" version="2" changeset="19753155" timestamp="2014-01-01T21:29:46Z" user="ToeBee" uid="262151" lat="37.6684504" lon="-97.1868031"/>
 <node id="2460574093" visible="true" version="3" changeset="90466345" timestamp="2020-09-05T23:27:00Z" user="TokyoJoe" uid="1973844" lat="37.6719155" lon="-97.1836502"/>
 <node id="2460574094" visible="true" version="3" changeset="90452978" timestamp="2020-09-05T13:13:36Z" user="TokyoJoe" uid="1973844" lat="37.6722752" lon="-97.1886059">
  <tag k="highway" v="turning_circle"/>
 </node>
 <node id="2460574095" visible="true" version="2" changeset="90452978" timestamp="2020-09-05T13:13:36Z" user="TokyoJoe" uid="1973844" lat="37.6725116" lon="-97.1864706"/>
 <node id="2460574096" visible="true" version="2" changeset="90452978" timestamp="2020-09-05T13:13:36Z" user="TokyoJoe" uid="1973844" lat="37.6725115" lon="-97.1860227"/>
 <node id="2460574097" visible="true" version="1" changeset="17871037" timestamp="2013-09-16T16:20:26Z" user="Rub21" uid="510836" lat="37.6725143" lon="-97.1853707"/>
 <node id="2460574098" visible="true" version="2" changeset="90439346" timestamp="2020-09-05T04:58:34Z" user="TokyoJoe" uid="1973844" lat="37.6725191" lon="-97.1848713"/>
 <node id="2460574099" visible="true" version="2" changeset="90443174" timestamp="2020-09-05T07:34:40Z" user="TokyoJoe" uid="1973844" lat="37.6725297" lon="-97.1819176"/>
 <node id="2460574100" visible="true" version="2" changeset="90439346" timestamp="2020-09-05T04:58:34Z" user="TokyoJoe" uid="1973844" lat="37.6725495" lon="-97.1847300"/>
 <node id="2460574101" visible="true" version="2" changeset="90452978" timestamp="2020-09-05T13:13:36Z" user="TokyoJoe" uid="1973844" lat="37.6725329" lon="-97.1866084"/>
 <node id="2460574102" visible="true" version="1" changeset="17871037" timestamp="2013-09-16T16:20:26Z" user="Rub21" uid="510836" lat="37.6725452" lon="-97.1816831"/>
 <node id="2460574103" visible="true" version="2" changeset="90443174" timestamp="2020-09-05T07:34:40Z" user="TokyoJoe" uid="1973844" lat="37.6725642" lon="-97.1831004"/>
 <node id="2460574104" visible="true" version="2" changeset="90443174" timestamp="2020-09-05T07:34:40Z" user="TokyoJoe" uid="1973844" lat="37.6725609" lon="-97.1836527"/>
 <node id="2460574105" visible="true" version="2" changeset="90452978" timestamp="2020-09-05T13:13:36Z" user="TokyoJoe" uid="1973844" lat="37.6725544" lon="-97.1866637"/>
 <node id="2460574106" visible="true" version="2" changeset="90443174" timestamp="2020-09-05T07:34:40Z" user="TokyoJoe" uid="1973844" lat="37.6725803" lon="-97.1839063"/>
 <node id="2460574108" visible="true" version="2" changeset="90443174" timestamp="2020-09-05T07:34:40Z" user="TokyoJoe" uid="1973844" lat="37.6725680" lon="-97.1828679"/>
 <node id="2460574109" visible="true" version="2" changeset="90443174" timestamp="2020-09-05T07:34:40Z" user="TokyoJoe" uid="1973844" lat="37.6725533" lon="-97.1821292"/>
 <node id="2460574110" visible="true" version="2" changeset="90439346" timestamp="2020-09-05T04:58:34Z" user="TokyoJoe" uid="1973844" lat="37.6725761" lon="-97.1846648"/>
 <node id="2460574111" visible="true" version="2" changeset="90452978" timestamp="2020-09-05T13:13:36Z" user="TokyoJoe" uid="1973844" lat="37.6725809" lon="-97.1867153"/>
 <node id="2460574112" visible="true" version="2" changeset="90443174" timestamp="2020-09-05T07:34:40Z" user="TokyoJoe" uid="1973844" lat="37.6726251" lon="-97.1841547"/>
 <node id="2460574113" visible="true" version="2" changeset="90439346" timestamp="2020-09-05T04:58:34Z" user="TokyoJoe" uid="1973844" lat="37.6726096" lon="-97.1846049"/>
 <node id="2460574114" visible="true" version="2" changeset="90443174" timestamp="2020-09-05T07:34:40Z" user="TokyoJoe" uid="1973844" lat="37.6726117" lon="-97.1823297"/>
 <node id="2460574115" visible="true" version="2" changeset="90452978" timestamp="2020-09-05T13:13:36Z" user="TokyoJoe" uid="1973844" lat="37.6726122" lon="-97.1867626"/>
 <node id="2460574116" visible="true" version="2" changeset="90443174" timestamp="2020-09-05T07:34:40Z" user="TokyoJoe" uid="1973844" lat="37.6726269" lon="-97.1826806"/>
 <node id="2460574117" visible="true" version="3" changeset="90443174" timestamp="2020-09-05T07:34:40Z" user="TokyoJoe" uid="1973844" lat="37.6726348" lon="-97.1809234">
  <tag k="highway" v="turning_circle"/>
 </node>
 <node id="2460574118" visible="true" version="3" changeset="90443174" timestamp="2020-09-05T07:34:40Z" user="TokyoJoe" uid="1973844" lat="37.6726976" lon="-97.1844030"/>
 <node id="2460574119" visible="true" version="2" changeset="90452978" timestamp="2020-09-05T13:13:36Z" user="TokyoJoe" uid="1973844" lat="37.6726869" lon="-97.1868413"/>
 <node id="2460574120" visible="true" version="2" changeset="90439346" timestamp="2020-09-05T04:58:34Z" user="TokyoJoe" uid="1973844" lat="37.6727254" lon="-97.1844814"/>
 <node id="2460574121" visible="true" version="2" changeset="90443174" timestamp="2020-09-05T07:34:40Z" user="TokyoJoe" uid="1973844" lat="37.6727124" lon="-97.1825502"/>
 <node id="2460574122" visible="true" version="2" changeset="90439346" timestamp="2020-09-05T04:58:34Z" user="TokyoJoe" uid="1973844" lat="37.6728299" lon="-97.1844343"/>
 <node id="2460574123" visible="true" version="2" changeset="90452978" timestamp="2020-09-05T13:13:36Z" user="TokyoJoe" uid="1973844" lat="37.6727859" lon="-97.1869003"/>
 <node id="2460574124" visible="true" version="2" changeset="90443174" timestamp="2020-09-05T07:34:40Z" user="TokyoJoe" uid="1973844" lat="37.6728964" lon="-97.1824495"/>
 <node id="2460574125" visible="true" version="2" changeset="90452978" timestamp="2020-09-05T13:13:36Z" user="TokyoJoe" uid="1973844" lat="37.6728357" lon="-97.1873606"/>
 <node id="2460574126" visible="true" version="2" changeset="90452978" timestamp="2020-09-05T13:13:36Z" user="TokyoJoe" uid="1973844" lat="37.6728842" lon="-97.1871736"/>
 <node id="2460574127" visible="true" version="2" changeset="90452978" timestamp="2020-09-05T13:13:36Z" user="TokyoJoe" uid="1973844" lat="37.6728939" lon="-97.1869239"/>
 <node id="2460574128" visible="true" version="2" changeset="90439346" timestamp="2020-09-05T04:58:34Z" user="TokyoJoe" uid="1973844" lat="37.6729405" lon="-97.1844247"/>
 <node id="2460574129" visible="true" version="2" changeset="90439346" timestamp="2020-09-05T04:58:34Z" user="TokyoJoe" uid="1973844" lat="37.6729900" lon="-97.1844328"/>
 <node id="2460574130" visible="true" version="2" changeset="90443174" timestamp="2020-09-05T07:34:40Z" user="TokyoJoe" uid="1973844" lat="37.6730878" lon="-97.1824596"/>
 <node id="2460574131" visible="true" version="2" changeset="90439346" timestamp="2020-09-05T04:58:34Z" user="TokyoJoe" uid="1973844" lat="37.6731287" lon="-97.1845020"/>
 <node id="2460574132" visible="true" version="2" changeset="90443174" timestamp="2020-09-05T07:34:40Z" user="TokyoJoe" uid="1973844" lat="37.6731485" lon="-97.1824864"/>
 <node id="2460574133" visible="true" version="1" changeset="17871037" timestamp="2013-09-16T16:20:27Z" user="Rub21" uid="510836" lat="37.6731342" lon="-97.1869213"/>
 <node id="2460574134" visible="true" version="3" changeset="90466345" timestamp="2020-09-05T23:27:00Z" user="TokyoJoe" uid="1973844" lat="37.6731631" lon="-97.1888572">
  <tag k="highway" v="turning_circle"/>
 </node>
 <node id="2460574135" visible="true" version="1" changeset="17871037" timestamp="2013-09-16T16:20:27Z" user="Rub21" uid="510836" lat="37.6731693" lon="-97.1845388"/>
 <node id="2460574138" visible="true" version="2" changeset="90443880" timestamp="2020-09-05T08:03:06Z" user="TokyoJoe" uid="1973844" lat="37.6734042" lon="-97.1848387"/>
 <node id="2460574139" visible="true" version="2" changeset="90443880" timestamp="2020-09-05T08:03:06Z" user="TokyoJoe" uid="1973844" lat="37.6736633" lon="-97.1851255"/>
 <node id="2460574141" visible="true" version="2" changeset="70473036" timestamp="2019-05-21T10:43:12Z" user="torapa" uid="5446055" lat="37.6737194" lon="-97.1808868">
  <tag k="highway" v="turning_circle"/>
 </node>
 <node id="2460574142" visible="true" version="2" changeset="90466345" timestamp="2020-09-05T23:27:00Z" user="TokyoJoe" uid="1973844" lat="37.6738330" lon="-97.1873813"/>
 <node id="2460574143" visible="true" version="2" changeset="90466345" timestamp="2020-09-05T23:27:00Z" user="TokyoJoe" uid="1973844" lat="37.6739119" lon="-97.1870928"/>
 <node id="2460574144" visible="true" version="1" changeset="17871037" timestamp="2013-09-16T16:20:27Z" user="Rub21" uid="510836" lat="37.6739350" lon="-97.1869581"/>
 <node id="2460574145" visible="true" version="2" changeset="90466345" timestamp="2020-09-05T23:27:00Z" user="TokyoJoe" uid="1973844" lat="37.6739396" lon="-97.1869613"/>
 <node id="2460574146" visible="true" version="1" changeset="17871037" timestamp="2013-09-16T16:20:27Z" user="Rub21" uid="510836" lat="37.6740765" lon="-97.1870054"/>
 <node id="2460574148" visible="true" version="2" changeset="29579195" timestamp="2015-03-18T20:51:37Z" user="calfarome" uid="2511706" lat="37.6743893" lon="-97.1842626">
  <tag k="highway" v="turning_circle"/>
 </node>
 <node id="2460574149" visible="true" version="2" changeset="90452978" timestamp="2020-09-05T13:13:36Z" user="TokyoJoe" uid="1973844" lat="37.6743288" lon="-97.1855231"/>
 <node id="2460574150" visible="true" version="2" changeset="90439346" timestamp="2020-09-05T04:58:34Z" user="TokyoJoe" uid="1973844" lat="37.6743023" lon="-97.1888261"/>
 <node id="2460574151" visible="true" version="2" changeset="90439346" timestamp="2020-09-05T04:58:34Z" user="TokyoJoe" uid="1973844" lat="37.6743864" lon="-97.1885296"/>
 <node id="2460574152" visible="true" version="2" changeset="90439346" timestamp="2020-09-05T04:58:34Z" user="TokyoJoe" uid="1973844" lat="37.6744069" lon="-97.1882816"/>
 <node id="2460574153" visible="true" version="2" changeset="90439346" timestamp="2020-09-05T04:58:34Z" user="TokyoJoe" uid="1973844" lat="37.6744879" lon="-97.1879037"/>
 <node id="2460574154" visible="true" version="1" changeset="17871037" timestamp="2013-09-16T16:20:27Z" user="Rub21" uid="510836" lat="37.6745588" lon="-97.1843745"/>
 <node id="2460574155" visible="true" version="2" changeset="90452978" timestamp="2020-09-05T13:13:36Z" user="TokyoJoe" uid="1973844" lat="37.6746917" lon="-97.1856335"/>
 <node id="2460574156" visible="true" version="2" changeset="90439346" timestamp="2020-09-05T04:58:34Z" user="TokyoJoe" uid="1973844" lat="37.6746807" lon="-97.1874169"/>
 <node id="2460574157" visible="true" version="1" changeset="17871037" timestamp="2013-09-16T16:20:28Z" user="Rub21" uid="510836" lat="37.6747980" lon="-97.1844586"/>
 <node id="2460574158" visible="true" version="1" changeset="17871037" timestamp="2013-09-16T16:20:28Z" user="Rub21" uid="510836" lat="37.6748790" lon="-97.1869580"/>
 <node id="2460574159" visible="true" version="2" changeset="90439346" timestamp="2020-09-05T04:58:34Z" user="TokyoJoe" uid="1973844" lat="37.6750266" lon="-97.1865418"/>
 <node id="2460574160" visible="true" version="5" changeset="90452978" timestamp="2020-09-05T13:13:36Z" user="TokyoJoe" uid="1973844" lat="37.6750962" lon="-97.1856292"/>
 <node id="2460574161" visible="true" version="3" changeset="90439346" timestamp="2020-09-05T04:58:34Z" user="TokyoJoe" uid="1973844" lat="37.6750733" lon="-97.1863056"/>
 <node id="2460574162" visible="true" version="2" changeset="90452978" timestamp="2020-09-05T13:13:36Z" user="TokyoJoe" uid="1973844" lat="37.6750887" lon="-97.1852119"/>
 <node id="2460574163" visible="true" version="3" changeset="90439346" timestamp="2020-09-05T04:58:34Z" user="TokyoJoe" uid="1973844" lat="37.6750970" lon="-97.1860292"/>
 <node id="2460574164" visible="true" version="2" changeset="90452978" timestamp="2020-09-05T13:13:36Z" user="TokyoJoe" uid="1973844" lat="37.6751043" lon="-97.1846768"/>
 <node id="2460574165" visible="true" version="1" changeset="17871037" timestamp="2013-09-16T16:20:28Z" user="Rub21" uid="510836" lat="37.6751192" lon="-97.1845498"/>
 <node id="2460574166" visible="true" version="2" changeset="70473036" timestamp="2019-05-21T10:43:12Z" user="torapa" uid="5446055" lat="37.6752047" lon="-97.1841983"/>
 <node id="5844327280" visible="true" version="1" changeset="61830156" timestamp="2018-08-20T17:07:07Z" user="dintrans_g" uid="237777" lat="37.6717916" lon="-97.1836623"/>
 <node id="5844327281" visible="true" version="1" changeset="61830156" timestamp="2018-08-20T17:07:07Z" user="dintrans_g" uid="237777" lat="37.6715768" lon="-97.1837373"/>
 <node id="5915365600" visible="true" version="1" changeset="62719053" timestamp="2018-09-19T07:03:48Z" user="hoream_telenav" uid="4437318" lat="37.6721340" lon="-97.1836478"/>
 <node id="6416929005" visible="true" version="1" changeset="69388432" timestamp="2019-04-19T20:27:37Z" user="boopington" uid="8649216" lat="37.6733999" lon="-97.1826055"/>
 <node id="6416929006" visible="true" version="1" changeset="69388432" timestamp="2019-04-19T20:27:37Z" user="boopington" uid="8649216" lat="37.6737432" lon="-97.1826597"/>
 <node id="6416929007" visible="true" version="1" changeset="69388432" timestamp="2019-04-19T20:27:37Z" user="boopington" uid="8649216" lat="37.6735569" lon="-97.1826449"/>
 <node id="6487759693" visible="true" version="1" changeset="70473036" timestamp="2019-05-21T10:42:54Z" user="torapa" uid="5446055" lat="37.6731138" lon="-97.1849969"/>
 <node id="6487759694" visible="true" version="1" changeset="70473036" timestamp="2019-05-21T10:42:54Z" user="torapa" uid="5446055" lat="37.6731403" lon="-97.1849781"/>
 <node id="6487759695" visible="true" version="1" changeset="70473036" timestamp="2019-05-21T10:42:54Z" user="torapa" uid="5446055" lat="37.6732072" lon="-97.1849835"/>
 <node id="6487759696" visible="true" version="2" changeset="90439346" timestamp="2020-09-05T04:58:34Z" user="TokyoJoe" uid="1973844" lat="37.6732560" lon="-97.1849674"/>
 <node id="6487759697" visible="true" version="2" changeset="90439346" timestamp="2020-09-05T04:58:34Z" user="TokyoJoe" uid="1973844" lat="37.6733526" lon="-97.1849748"/>
 <node id="6487759698" visible="true" version="1" changeset="70473036" timestamp="2019-05-21T10:42:55Z" user="torapa" uid="5446055" lat="37.6733813" lon="-97.1851096"/>
 <node id="6487759699" visible="true" version="1" changeset="70473036" timestamp="2019-05-21T10:42:55Z" user="torapa" uid="5446055" lat="37.6734290" lon="-97.1852356"/>
 <node id="6487759700" visible="true" version="1" changeset="70473036" timestamp="2019-05-21T10:42:55Z" user="torapa" uid="5446055" lat="37.6734970" lon="-97.1853550"/>
 <node id="6487759701" visible="true" version="1" changeset="70473036" timestamp="2019-05-21T10:42:55Z" user="torapa" uid="5446055" lat="37.6735182" lon="-97.1854797"/>
 <node id="6487759702" visible="true" version="1" changeset="70473036" timestamp="2019-05-21T10:42:55Z" user="torapa" uid="5446055" lat="37.6735479" lon="-97.1857546"/>
 <node id="6487759703" visible="true" version="1" changeset="70473036" timestamp="2019-05-21T10:42:55Z" user="torapa" uid="5446055" lat="37.6736021" lon="-97.1858995"/>
 <node id="6487759704" visible="true" version="1" changeset="70473036" timestamp="2019-05-21T10:42:55Z" user="torapa" uid="5446055" lat="37.6736265" lon="-97.1860349"/>
 <node id="6487759705" visible="true" version="1" changeset="70473036" timestamp="2019-05-21T10:42:55Z" user="torapa" uid="5446055" lat="37.6736286" lon="-97.1861194"/>
 <node id="6487759706" visible="true" version="1" changeset="70473036" timestamp="2019-05-21T10:42:55Z" user="torapa" uid="5446055" lat="37.6735320" lon="-97.1861999"/>
 <node id="6487759707" visible="true" version="1" changeset="70473036" timestamp="2019-05-21T10:42:55Z" user="torapa" uid="5446055" lat="37.6733208" lon="-97.1861905"/>
 <node id="6487759708" visible="true" version="1" changeset="70473036" timestamp="2019-05-21T10:42:55Z" user="torapa" uid="5446055" lat="37.6732019" lon="-97.1861623"/>
 <node id="6487759709" visible="true" version="1" changeset="70473036" timestamp="2019-05-21T10:42:55Z" user="torapa" uid="5446055" lat="37.6731785" lon="-97.1861449"/>
 <node id="6487759710" visible="true" version="2" changeset="90439346" timestamp="2020-09-05T04:58:34Z" user="TokyoJoe" uid="1973844" lat="37.6731255" lon="-97.1860550"/>
 <node id="6487759711" visible="true" version="2" changeset="90439346" timestamp="2020-09-05T04:58:34Z" user="TokyoJoe" uid="1973844" lat="37.6731011" lon="-97.1859893"/>
 <node id="6487759712" visible="true" version="1" changeset="70473036" timestamp="2019-05-21T10:42:55Z" user="torapa" uid="5446055" lat="37.6731276" lon="-97.1858163"/>
 <node id="6487759713" visible="true" version="1" changeset="70473036" timestamp="2019-05-21T10:42:55Z" user="torapa" uid="5446055" lat="37.6731350" lon="-97.1857278"/>
 <node id="6487759714" visible="true" version="1" changeset="70473036" timestamp="2019-05-21T10:42:55Z" user="torapa" uid="5446055" lat="37.6730989" lon="-97.1854770"/>
 <node id="6487759715" visible="true" version="1" changeset="70473036" timestamp="2019-05-21T10:42:55Z" user="torapa" uid="5446055" lat="37.6730819" lon="-97.1851458"/>
 <node id="6487759716" visible="true" version="1" changeset="70473036" timestamp="2019-05-21T10:42:55Z" user="torapa" uid="5446055" lat="37.6731021" lon="-97.1850050"/>
 <node id="6487759717" visible="true" version="1" changeset="70473036" timestamp="2019-05-21T10:42:55Z" user="torapa" uid="5446055" lat="37.6755265" lon="-97.1877462"/>
 <node id="6487759718" visible="true" version="1" changeset="70473036" timestamp="2019-05-21T10:42:55Z" user="torapa" uid="5446055" lat="37.6754862" lon="-97.1875772"/>
 <node id="6487759719" visible="true" version="1" changeset="70473036" timestamp="2019-05-21T10:42:55Z" user="torapa" uid="5446055" lat="37.6755010" lon="-97.1874484"/>
 <node id="6487759720" visible="true" version="1" changeset="70473036" timestamp="2019-05-21T10:42:55Z" user="torapa" uid="5446055" lat="37.6755286" lon="-97.1872741"/>
 <node id="6487759721" visible="true" version="1" changeset="70473036" timestamp="2019-05-21T10:42:55Z" user="torapa" uid="5446055" lat="37.6754862" lon="-97.1871668"/>
 <node id="6487759722" visible="true" version="1" changeset="70473036" timestamp="2019-05-21T10:42:55Z" user="torapa" uid="5446055" lat="37.6753312" lon="-97.1870729"/>
 <node id="6487759723" visible="true" version="1" changeset="70473036" timestamp="2019-05-21T10:42:55Z" user="torapa" uid="5446055" lat="37.6749937" lon="-97.1870112"/>
 <node id="6487759724" visible="true" version="1" changeset="70473036" timestamp="2019-05-21T10:42:55Z" user="torapa" uid="5446055" lat="37.6749852" lon="-97.1872151"/>
 <node id="6487759725" visible="true" version="1" changeset="70473036" timestamp="2019-05-21T10:42:55Z" user="torapa" uid="5446055" lat="37.6749257" lon="-97.1873465"/>
 <node id="6487759726" visible="true" version="1" changeset="70473036" timestamp="2019-05-21T10:42:55Z" user="torapa" uid="5446055" lat="37.6748578" lon="-97.1876603"/>
 <node id="6487759727" visible="true" version="1" changeset="70473036" timestamp="2019-05-21T10:42:55Z" user="torapa" uid="5446055" lat="37.6748493" lon="-97.1877784"/>
 <node id="6487759728" visible="true" version="1" changeset="70473036" timestamp="2019-05-21T10:42:55Z" user="torapa" uid="5446055" lat="37.6748875" lon="-97.1878830"/>
 <node id="6487759729" visible="true" version="1" changeset="70473036" timestamp="2019-05-21T10:42:55Z" user="torapa" uid="5446055" lat="37.6749300" lon="-97.1879339"/>
 <node id="6487759730" visible="true" version="1" changeset="70473036" timestamp="2019-05-21T10:42:55Z" user="torapa" uid="5446055" lat="37.6752123" lon="-97.1879554"/>
 <node id="6487759731" visible="true" version="1" changeset="70473036" timestamp="2019-05-21T10:42:55Z" user="torapa" uid="5446055" lat="37.6753864" lon="-97.1879420"/>
 <node id="6487759732" visible="true" version="1" changeset="70473036" timestamp="2019-05-21T10:42:55Z" user="torapa" uid="5446055" lat="37.6755244" lon="-97.1878132"/>
 <node id="6487759733" visible="true" version="1" changeset="70473036" timestamp="2019-05-21T10:42:55Z" user="torapa" uid="5446055" lat="37.6752505" lon="-97.1846623"/>
 <node id="6487759734" visible="true" version="2" changeset="90452978" timestamp="2020-09-05T13:13:36Z" user="TokyoJoe" uid="1973844" lat="37.6753482" lon="-97.1845805"/>
 <node id="6487759735" visible="true" version="2" changeset="90452978" timestamp="2020-09-05T13:13:36Z" user="TokyoJoe" uid="1973844" lat="37.6753781" lon="-97.1846430"/>
 <node id="6487759736" visible="true" version="2" changeset="90452978" timestamp="2020-09-05T13:13:36Z" user="TokyoJoe" uid="1973844" lat="37.6754198" lon="-97.1847790"/>
 <node id="6487759737" visible="true" version="1" changeset="70473036" timestamp="2019-05-21T10:42:55Z" user="torapa" uid="5446055" lat="37.6754352" lon="-97.1849044"/>
 <node id="6487759738" visible="true" version="1" changeset="70473036" timestamp="2019-05-21T10:42:55Z" user="torapa" uid="5446055" lat="37.6752718" lon="-97.1849131"/>
 <node id="6487759739" visible="true" version="2" changeset="90452978" timestamp="2020-09-05T13:13:36Z" user="TokyoJoe" uid="1973844" lat="37.6752629" lon="-97.1848482"/>
 <node id="6487759740" visible="true" version="1" changeset="70473036" timestamp="2019-05-21T10:42:55Z" user="torapa" uid="5446055" lat="37.6752484" lon="-97.1847850"/>
 <node id="6487759741" visible="true" version="1" changeset="70473036" timestamp="2019-05-21T10:42:55Z" user="torapa" uid="5446055" lat="37.6752203" lon="-97.1847039"/>
 <node id="6487759742" visible="true" version="1" changeset="70473036" timestamp="2019-05-21T10:42:55Z" user="torapa" uid="5446055" lat="37.6752272" lon="-97.1845745"/>
 <node id="6487759743" visible="true" version="1" changeset="70473036" timestamp="2019-05-21T10:42:55Z" user="torapa" uid="5446055" lat="37.6752564" lon="-97.1846087"/>
 <node id="6487759744" visible="true" version="1" changeset="70473036" timestamp="2019-05-21T10:42:55Z" user="torapa" uid="5446055" lat="37.6752866" lon="-97.1846529"/>
 <node id="6487759745" visible="true" version="1" changeset="70473036" timestamp="2019-05-21T10:42:55Z" user="torapa" uid="5446055" lat="37.6753211" lon="-97.1847515"/>
 <node id="6487759746" visible="true" version="1" changeset="70473036" timestamp="2019-05-21T10:42:55Z" user="torapa" uid="5446055" lat="37.6753556" lon="-97.1849030"/>
 <node id="6487759825" visible="true" version="2" changeset="90439346" timestamp="2020-09-05T04:58:34Z" user="TokyoJoe" uid="1973844" lat="37.6715778" lon="-97.1825668"/>
 <node id="6662499434" visible="true" version="1" changeset="72829634" timestamp="2019-07-30T20:44:48Z" user="boopington" uid="8649216" lat="37.6738864" lon="-97.1826894"/>
 <node id="6662499435" visible="true" version="1" changeset="72829634" timestamp="2019-07-30T20:44:48Z" user="boopington" uid="8649216" lat="37.6740230" lon="-97.1827387"/>
 <node id="6662499436" visible="true" version="1" changeset="72829634" timestamp="2019-07-30T20:44:48Z" user="boopington" uid="8649216" lat="37.6742034" lon="-97.1828250"/>
 <node id="6662499437" visible="true" version="1" changeset="72829634" timestamp="2019-07-30T20:44:48Z" user="boopington" uid="8649216" lat="37.6743595" lon="-97.1828743"/>
 <node id="6662499438" visible="true" version="3" changeset="176113086" timestamp="2025-12-18T20:54:45Z" user="ICT_maps" uid="18862646" lat="37.6747260" lon="-97.1829532"/>
 <node id="7550290816" visible="true" version="2" changeset="176113086" timestamp="2025-12-18T20:54:45Z" user="ICT_maps" uid="18862646" lat="37.6748943" lon="-97.1829968"/>
 <node id="7550290817" visible="true" version="2" changeset="176113086" timestamp="2025-12-18T20:54:45Z" user="ICT_maps" uid="18862646" lat="37.6750417" lon="-97.1830435"/>
 <node id="7550290818" visible="true" version="2" changeset="176113086" timestamp="2025-12-18T20:54:45Z" user="ICT_maps" uid="18862646" lat="37.6751788" lon="-97.1831148"/>
 <node id="7550290819" visible="true" version="2" changeset="176113086" timestamp="2025-12-18T20:54:45Z" user="ICT_maps" uid="18862646" lat="37.6752990" lon="-97.1832046"/>
 <node id="7550290820" visible="true" version="2" changeset="176113086" timestamp="2025-12-18T20:54:45Z" user="ICT_maps" uid="18862646" lat="37.6755779" lon="-97.1834881"/>
 <node id="7550290821" visible="true" version="1" changeset="85635888" timestamp="2020-05-23T02:39:18Z" user="boopington" uid="8649216" lat="37.6752831" lon="-97.1840017"/>
 <node id="7550290822" visible="true" version="1" changeset="85635888" timestamp="2020-05-23T02:39:18Z" user="boopington" uid="8649216" lat="37.6753552" lon="-97.1838515"/>
 <node id="7550290823" visible="true" version="1" changeset="85635888" timestamp="2020-05-23T02:39:18Z" user="boopington" uid="8649216" lat="37.6754656" lon="-97.1836691"/>
 <node id="7550290824" visible="true" version="1" changeset="85635888" timestamp="2020-05-23T02:39:18Z" user="boopington" uid="8649216" lat="37.6756864" lon="-97.1833472"/>
 <node id="7550290825" visible="true" version="1" changeset="85635888" timestamp="2020-05-23T02:39:18Z" user="boopington" uid="8649216" lat="37.6757586" lon="-97.1832346"/>
 <node id="7550290826" visible="true" version="1" changeset="85635888" timestamp="2020-05-23T02:39:18Z" user="boopington" uid="8649216" lat="37.6758308" lon="-97.1831112"/>
 <node id="7550290827" visible="true" version="2" changeset="134628193" timestamp="2023-04-07T18:23:29Z" user="ICT_maps" uid="18862646" lat="37.6758902" lon="-97.1829755"/>
 <node id="7716802635" visible="true" version="2" changeset="176113086" timestamp="2025-12-18T20:54:45Z" user="ICT_maps" uid="18862646" lat="37.6740667" lon="-97.1827616"/>
 <node id="7716802636" visible="true" version="1" changeset="88032817" timestamp="2020-07-15T12:14:23Z" user="cswaroo" uid="10145808" lat="37.6742198" lon="-97.1821442"/>
 <node id="7716802637" visible="true" version="2" changeset="90443880" timestamp="2020-09-05T08:03:06Z" user="TokyoJoe" uid="1973844" lat="37.6746614" lon="-97.1809144">
  <tag k="highway" v="turning_circle"/>
 </node>
 <node id="7877204700" visible="true" version="1" changeset="90439346" timestamp="2020-09-05T04:58:34Z" user="TokyoJoe" uid="1973844" lat="37.6727763" lon="-97.1844533"/>
 <node id="7877204701" visible="true" version="1" changeset="90439346" timestamp="2020-09-05T04:58:34Z" user="TokyoJoe" uid="1973844" lat="37.6728849" lon="-97.1844247"/>
 <node id="7877204702" visible="true" version="1" changeset="90439346" timestamp="2020-09-05T04:58:34Z" user="TokyoJoe" uid="1973844" lat="37.6730384" lon="-97.1844486"/>
 <node id="7877204703" visible="true" version="1" changeset="90439346" timestamp="2020-09-05T04:58:34Z" user="TokyoJoe" uid="1973844" lat="37.6730849" lon="-97.1844718"/>
 <node id="7877204704" visible="true" version="1" changeset="90439346" timestamp="2020-09-05T04:58:34Z" user="TokyoJoe" uid="1973844" lat="37.6726829" lon="-97.1845164"/>
 <node id="7877204705" visible="true" version="1" changeset="90439346" timestamp="2020-09-05T04:58:34Z" user="TokyoJoe" uid="1973844" lat="37.6726441" lon="-97.1845578"/>
 <node id="7877204706" visible="true" version="1" changeset="90439346" timestamp="2020-09-05T04:58:34Z" user="TokyoJoe" uid="1973844" lat="37.6725304" lon="-97.1847993"/>
 <node id="7877204707" visible="true" version="1" changeset="90439346" timestamp="2020-09-05T04:58:34Z" user="TokyoJoe" uid="1973844" lat="37.6720438" lon="-97.1828029"/>
 <node id="7877204728" visible="true" version="1" changeset="90439346" timestamp="2020-09-05T04:58:34Z" user="TokyoJoe" uid="1973844" lat="37.6717476" lon="-97.1827063"/>
 <node id="7877204729" visible="true" version="1" changeset="90439346" timestamp="2020-09-05T04:58:34Z" user="TokyoJoe" uid="1973844" lat="37.6719153" lon="-97.1827868"/>
 <node id="7877204730" visible="true" version="1" changeset="90439346" timestamp="2020-09-05T04:58:34Z" user="TokyoJoe" uid="1973844" lat="37.6721632" lon="-97.1827593"/>
 <node id="7877204731" visible="true" version="1" changeset="90439346" timestamp="2020-09-05T04:58:34Z" user="TokyoJoe" uid="1973844" lat="37.6722858" lon="-97.1827070"/>
 <node id="7877204732" visible="true" version="1" changeset="90439346" timestamp="2020-09-05T04:58:34Z" user="TokyoJoe" uid="1973844" lat="37.6723495" lon="-97.1827680"/>
 <node id="7877204733" visible="true" version="1" changeset="90439346" timestamp="2020-09-05T04:58:34Z" user="TokyoJoe" uid="1973844" lat="37.6724503" lon="-97.1827345"/>
 <node id="7877204734" visible="true" version="1" changeset="90439346" timestamp="2020-09-05T04:58:34Z" user="TokyoJoe" uid="1973844" lat="37.6726679" lon="-97.1829182"/>
 <node id="7877204735" visible="true" version="1" changeset="90439346" timestamp="2020-09-05T04:58:34Z" user="TokyoJoe" uid="1973844" lat="37.6727125" lon="-97.1830121"/>
 <node id="7877204736" visible="true" version="1" changeset="90439346" timestamp="2020-09-05T04:58:34Z" user="TokyoJoe" uid="1973844" lat="37.6728144" lon="-97.1830080"/>
 <node id="7877204737" visible="true" version="1" changeset="90439346" timestamp="2020-09-05T04:58:34Z" user="TokyoJoe" uid="1973844" lat="37.6729068" lon="-97.1830603"/>
 <node id="7877204738" visible="true" version="1" changeset="90439346" timestamp="2020-09-05T04:58:34Z" user="TokyoJoe" uid="1973844" lat="37.6730724" lon="-97.1831784"/>
 <node id="7877204739" visible="true" version="1" changeset="90439346" timestamp="2020-09-05T04:58:34Z" user="TokyoJoe" uid="1973844" lat="37.6732019" lon="-97.1834479"/>
 <node id="7877204740" visible="true" version="1" changeset="90439346" timestamp="2020-09-05T04:58:34Z" user="TokyoJoe" uid="1973844" lat="37.6733356" lon="-97.1835579"/>
 <node id="7877204741" visible="true" version="1" changeset="90439346" timestamp="2020-09-05T04:58:34Z" user="TokyoJoe" uid="1973844" lat="37.6734407" lon="-97.1837041"/>
 <node id="7877204742" visible="true" version="1" changeset="90439346" timestamp="2020-09-05T04:58:34Z" user="TokyoJoe" uid="1973844" lat="37.6734609" lon="-97.1837349"/>
 <node id="7877204743" visible="true" version="1" changeset="90439346" timestamp="2020-09-05T04:58:34Z" user="TokyoJoe" uid="1973844" lat="37.6735002" lon="-97.1838141"/>
 <node id="7877204744" visible="true" version="1" changeset="90439346" timestamp="2020-09-05T04:58:34Z" user="TokyoJoe" uid="1973844" lat="37.6735235" lon="-97.1838945"/>
 <node id="7877204745" visible="true" version="1" changeset="90439346" timestamp="2020-09-05T04:58:34Z" user="TokyoJoe" uid="1973844" lat="37.6735278" lon="-97.1839951"/>
 <node id="7877204746" visible="true" version="1" changeset="90439346" timestamp="2020-09-05T04:58:34Z" user="TokyoJoe" uid="1973844" lat="37.6735171" lon="-97.1840622"/>
 <node id="7877204747" visible="true" version="1" changeset="90439346" timestamp="2020-09-05T04:58:34Z" user="TokyoJoe" uid="1973844" lat="37.6735002" lon="-97.1841198"/>
 <node id="7877204748" visible="true" version="1" changeset="90439346" timestamp="2020-09-05T04:58:34Z" user="TokyoJoe" uid="1973844" lat="37.6734726" lon="-97.1841574"/>
 <node id="7877204749" visible="true" version="1" changeset="90439346" timestamp="2020-09-05T04:58:34Z" user="TokyoJoe" uid="1973844" lat="37.6734651" lon="-97.1841869"/>
 <node id="7877204750" visible="true" version="1" changeset="90439346" timestamp="2020-09-05T04:58:34Z" user="TokyoJoe" uid="1973844" lat="37.6735171" lon="-97.1842110"/>
 <node id="7877204751" visible="true" version="1" changeset="90439346" timestamp="2020-09-05T04:58:34Z" user="TokyoJoe" uid="1973844" lat="37.6735416" lon="-97.1842365"/>
 <node id="7877204752" visible="true" version="1" changeset="90439346" timestamp="2020-09-05T04:58:34Z" user="TokyoJoe" uid="1973844" lat="37.6735649" lon="-97.1842989"/>
 <node id="7877204753" visible="true" version="1" changeset="90439346" timestamp="2020-09-05T04:58:34Z" user="TokyoJoe" uid="1973844" lat="37.6735861" lon="-97.1843485"/>
 <node id="7877204754" visible="true" version="1" changeset="90439346" timestamp="2020-09-05T04:58:34Z" user="TokyoJoe" uid="1973844" lat="37.6735633" lon="-97.1844142"/>
 <node id="7877204755" visible="true" version="1" changeset="90439346" timestamp="2020-09-05T04:58:34Z" user="TokyoJoe" uid="1973844" lat="37.6735591" lon="-97.1844685"/>
 <node id="7877204756" visible="true" version="1" changeset="90439346" timestamp="2020-09-05T04:58:34Z" user="TokyoJoe" uid="1973844" lat="37.6735601" lon="-97.1845470"/>
 <node id="7877204757" visible="true" version="1" changeset="90439346" timestamp="2020-09-05T04:58:34Z" user="TokyoJoe" uid="1973844" lat="37.6735569" lon="-97.1845885"/>
 <node id="7877204758" visible="true" version="1" changeset="90439346" timestamp="2020-09-05T04:58:34Z" user="TokyoJoe" uid="1973844" lat="37.6735309" lon="-97.1846583"/>
 <node id="7877204759" visible="true" version="1" changeset="90439346" timestamp="2020-09-05T04:58:34Z" user="TokyoJoe" uid="1973844" lat="37.6734832" lon="-97.1847703"/>
 <node id="7877204760" visible="true" version="1" changeset="90439346" timestamp="2020-09-05T04:58:34Z" user="TokyoJoe" uid="1973844" lat="37.6733418" lon="-97.1849597"/>
 <node id="7877204761" visible="true" version="1" changeset="90439346" timestamp="2020-09-05T04:58:34Z" user="TokyoJoe" uid="1973844" lat="37.6733324" lon="-97.1849466"/>
 <node id="7877204762" visible="true" version="1" changeset="90439346" timestamp="2020-09-05T04:58:34Z" user="TokyoJoe" uid="1973844" lat="37.6750891" lon="-97.1861680"/>
 <node id="7877204763" visible="true" version="1" changeset="90439346" timestamp="2020-09-05T04:58:34Z" user="TokyoJoe" uid="1973844" lat="37.6750529" lon="-97.1864247"/>
 <node id="7877204764" visible="true" version="1" changeset="90439346" timestamp="2020-09-05T04:58:34Z" user="TokyoJoe" uid="1973844" lat="37.6749944" lon="-97.1866566"/>
 <node id="7877204765" visible="true" version="1" changeset="90439346" timestamp="2020-09-05T04:58:34Z" user="TokyoJoe" uid="1973844" lat="37.6749565" lon="-97.1867685"/>
 <node id="7877204766" visible="true" version="1" changeset="90439346" timestamp="2020-09-05T04:58:34Z" user="TokyoJoe" uid="1973844" lat="37.6751680" lon="-97.1857318"/>
 <node id="7877204767" visible="true" version="2" changeset="90443880" timestamp="2020-09-05T08:03:06Z" user="TokyoJoe" uid="1973844" lat="37.6750968" lon="-97.1857351">
  <tag k="crossing" v="unmarked"/>
  <tag k="highway" v="crossing"/>
 </node>
 <node id="7877204768" visible="true" version="1" changeset="90439346" timestamp="2020-09-05T04:58:34Z" user="TokyoJoe" uid="1973844" lat="37.6748424" lon="-97.1857372"/>
 <node id="7877204769" visible="true" version="1" changeset="90439346" timestamp="2020-09-05T04:58:34Z" user="TokyoJoe" uid="1973844" lat="37.6747378" lon="-97.1857365"/>
 <node id="7877204770" visible="true" version="1" changeset="90439346" timestamp="2020-09-05T04:58:34Z" user="TokyoJoe" uid="1973844" lat="37.6746842" lon="-97.1857325"/>
 <node id="7877204771" visible="true" version="2" changeset="176113359" timestamp="2025-12-18T21:04:52Z" user="ICT_maps" uid="18862646" lat="37.6746383" lon="-97.1857248"/>
 <node id="7877204772" visible="true" version="1" changeset="90439346" timestamp="2020-09-05T04:58:34Z" user="TokyoJoe" uid="1973844" lat="37.6745839" lon="-97.1857151"/>
 <node id="7877204773" visible="true" version="1" changeset="90439346" timestamp="2020-09-05T04:58:34Z" user="TokyoJoe" uid="1973844" lat="37.6745255" lon="-97.1857043"/>
 <node id="7877204774" visible="true" version="1" changeset="90439346" timestamp="2020-09-05T04:58:34Z" user="TokyoJoe" uid="1973844" lat="37.6744603" lon="-97.1856862"/>
 <node id="7877204775" visible="true" version="1" changeset="90439346" timestamp="2020-09-05T04:58:34Z" user="TokyoJoe" uid="1973844" lat="37.6743955" lon="-97.1856634"/>
 <node id="7877204776" visible="true" version="1" changeset="90439346" timestamp="2020-09-05T04:58:34Z" user="TokyoJoe" uid="1973844" lat="37.6743430" lon="-97.1856386"/>
 <node id="7877204777" visible="true" version="2" changeset="176113359" timestamp="2025-12-18T21:04:52Z" user="ICT_maps" uid="18862646" lat="37.6742994" lon="-97.1856194"/>
 <node id="7877204778" visible="true" version="1" changeset="90439346" timestamp="2020-09-05T04:58:34Z" user="TokyoJoe" uid="1973844" lat="37.6742559" lon="-97.1855964"/>
 <node id="7877204779" visible="true" version="1" changeset="90439346" timestamp="2020-09-05T04:58:34Z" user="TokyoJoe" uid="1973844" lat="37.6738117" lon="-97.1853308"/>
 <node id="7877204780" visible="true" version="1" changeset="90439346" timestamp="2020-09-05T04:58:34Z" user="TokyoJoe" uid="1973844" lat="37.6736854" lon="-97.1852531"/>
 <node id="7877204781" visible="true" version="1" changeset="90439346" timestamp="2020-09-05T04:58:34Z" user="TokyoJoe" uid="1973844" lat="37.6736514" lon="-97.1852323"/>
 <node id="7877204782" visible="true" version="1" changeset="90439346" timestamp="2020-09-05T04:58:34Z" user="TokyoJoe" uid="1973844" lat="37.6736201" lon="-97.1852101"/>
 <node id="7877204783" visible="true" version="1" changeset="90439346" timestamp="2020-09-05T04:58:34Z" user="TokyoJoe" uid="1973844" lat="37.6735851" lon="-97.1851840"/>
 <node id="7877204784" visible="true" version="1" changeset="90439346" timestamp="2020-09-05T04:58:34Z" user="TokyoJoe" uid="1973844" lat="37.6735564" lon="-97.1851565"/>
 <node id="7877215185" visible="true" version="1" changeset="90439346" timestamp="2020-09-05T04:58:34Z" user="TokyoJoe" uid="1973844" lat="37.6735235" lon="-97.1851283"/>
 <node id="7877215186" visible="true" version="1" changeset="90439346" timestamp="2020-09-05T04:58:34Z" user="TokyoJoe" uid="1973844" lat="37.6734927" lon="-97.1850928"/>
 <node id="7877215187" visible="true" version="1" changeset="90439346" timestamp="2020-09-05T04:58:34Z" user="TokyoJoe" uid="1973844" lat="37.6734221" lon="-97.1850096"/>
 <node id="7877215188" visible="true" version="1" changeset="90439346" timestamp="2020-09-05T04:58:34Z" user="TokyoJoe" uid="1973844" lat="37.6731897" lon="-97.1847039"/>
 <node id="7877215189" visible="true" version="1" changeset="90439346" timestamp="2020-09-05T04:58:34Z" user="TokyoJoe" uid="1973844" lat="37.6731472" lon="-97.1846469"/>
 <node id="7877215190" visible="true" version="1" changeset="90439346" timestamp="2020-09-05T04:58:34Z" user="TokyoJoe" uid="1973844" lat="37.6731116" lon="-97.1846053"/>
 <node id="7877215191" visible="true" version="2" changeset="90452978" timestamp="2020-09-05T13:13:36Z" user="TokyoJoe" uid="1973844" lat="37.6730774" lon="-97.1845761"/>
 <node id="7877215192" visible="true" version="2" changeset="90452978" timestamp="2020-09-05T13:13:36Z" user="TokyoJoe" uid="1973844" lat="37.6730404" lon="-97.1845528"/>
 <node id="7877215193" visible="true" version="2" changeset="90452978" timestamp="2020-09-05T13:13:36Z" user="TokyoJoe" uid="1973844" lat="37.6730014" lon="-97.1845358"/>
 <node id="7877215194" visible="true" version="1" changeset="90439346" timestamp="2020-09-05T04:58:34Z" user="TokyoJoe" uid="1973844" lat="37.6729609" lon="-97.1845255"/>
 <node id="7877215195" visible="true" version="2" changeset="90452978" timestamp="2020-09-05T13:13:36Z" user="TokyoJoe" uid="1973844" lat="37.6729178" lon="-97.1845220"/>
 <node id="7877215196" visible="true" version="2" changeset="90452978" timestamp="2020-09-05T13:13:36Z" user="TokyoJoe" uid="1973844" lat="37.6728747" lon="-97.1845261"/>
 <node id="7877215197" visible="true" version="1" changeset="90439346" timestamp="2020-09-05T04:58:34Z" user="TokyoJoe" uid="1973844" lat="37.6728325" lon="-97.1845376"/>
 <node id="7877215198" visible="true" version="1" changeset="90439346" timestamp="2020-09-05T04:58:34Z" user="TokyoJoe" uid="1973844" lat="37.6727810" lon="-97.1845617"/>
 <node id="7877215199" visible="true" version="1" changeset="90439346" timestamp="2020-09-05T04:58:34Z" user="TokyoJoe" uid="1973844" lat="37.6727428" lon="-97.1845872"/>
 <node id="7877215200" visible="true" version="1" changeset="90439346" timestamp="2020-09-05T04:58:34Z" user="TokyoJoe" uid="1973844" lat="37.6727030" lon="-97.1846274"/>
 <node id="7877215201" visible="true" version="1" changeset="90439346" timestamp="2020-09-05T04:58:34Z" user="TokyoJoe" uid="1973844" lat="37.6726642" lon="-97.1846811"/>
 <node id="7877215202" visible="true" version="1" changeset="90439346" timestamp="2020-09-05T04:58:34Z" user="TokyoJoe" uid="1973844" lat="37.6726361" lon="-97.1847387"/>
 <node id="7877215203" visible="true" version="1" changeset="90439346" timestamp="2020-09-05T04:58:34Z" user="TokyoJoe" uid="1973844" lat="37.6726149" lon="-97.1847991"/>
 <node id="7877215204" visible="true" version="1" changeset="90439346" timestamp="2020-09-05T04:58:34Z" user="TokyoJoe" uid="1973844" lat="37.6726016" lon="-97.1848682"/>
 <node id="7877215205" visible="true" version="1" changeset="90439346" timestamp="2020-09-05T04:58:34Z" user="TokyoJoe" uid="1973844" lat="37.6725984" lon="-97.1851156"/>
 <node id="7877215206" visible="true" version="1" changeset="90439346" timestamp="2020-09-05T04:58:34Z" user="TokyoJoe" uid="1973844" lat="37.6725926" lon="-97.1860832"/>
 <node id="7877215207" visible="true" version="1" changeset="90439346" timestamp="2020-09-05T04:58:34Z" user="TokyoJoe" uid="1973844" lat="37.6725899" lon="-97.1863823"/>
 <node id="7877215208" visible="true" version="1" changeset="90439346" timestamp="2020-09-05T04:58:34Z" user="TokyoJoe" uid="1973844" lat="37.6725915" lon="-97.1864681"/>
 <node id="7877215209" visible="true" version="1" changeset="90439346" timestamp="2020-09-05T04:58:34Z" user="TokyoJoe" uid="1973844" lat="37.6725968" lon="-97.1865298"/>
 <node id="7877215210" visible="true" version="1" changeset="90439346" timestamp="2020-09-05T04:58:34Z" user="TokyoJoe" uid="1973844" lat="37.6726085" lon="-97.1865761"/>
 <node id="7877215211" visible="true" version="1" changeset="90439346" timestamp="2020-09-05T04:58:34Z" user="TokyoJoe" uid="1973844" lat="37.6726260" lon="-97.1866230"/>
 <node id="7877215212" visible="true" version="1" changeset="90439346" timestamp="2020-09-05T04:58:34Z" user="TokyoJoe" uid="1973844" lat="37.6726419" lon="-97.1866532"/>
 <node id="7877215213" visible="true" version="1" changeset="90439346" timestamp="2020-09-05T04:58:34Z" user="TokyoJoe" uid="1973844" lat="37.6726669" lon="-97.1866954"/>
 <node id="7877215214" visible="true" version="1" changeset="90439346" timestamp="2020-09-05T04:58:34Z" user="TokyoJoe" uid="1973844" lat="37.6727024" lon="-97.1867383"/>
 <node id="7877215215" visible="true" version="1" changeset="90439346" timestamp="2020-09-05T04:58:34Z" user="TokyoJoe" uid="1973844" lat="37.6727412" lon="-97.1867698"/>
 <node id="7877215216" visible="true" version="1" changeset="90439346" timestamp="2020-09-05T04:58:34Z" user="TokyoJoe" uid="1973844" lat="37.6727842" lon="-97.1867973"/>
 <node id="7877215217" visible="true" version="1" changeset="90439346" timestamp="2020-09-05T04:58:34Z" user="TokyoJoe" uid="1973844" lat="37.6728261" lon="-97.1868128"/>
 <node id="7877215218" visible="true" version="1" changeset="90439346" timestamp="2020-09-05T04:58:34Z" user="TokyoJoe" uid="1973844" lat="37.6728590" lon="-97.1868215"/>
 <node id="7877215219" visible="true" version="1" changeset="90439346" timestamp="2020-09-05T04:58:34Z" user="TokyoJoe" uid="1973844" lat="37.6729068" lon="-97.1868221"/>
 <node id="7877215220" visible="true" version="1" changeset="90439346" timestamp="2020-09-05T04:58:34Z" user="TokyoJoe" uid="1973844" lat="37.6731116" lon="-97.1858914"/>
 <node id="7877215221" visible="true" version="1" changeset="90439346" timestamp="2020-09-05T04:58:34Z" user="TokyoJoe" uid="1973844" lat="37.6729535" lon="-97.1868221"/>
 <node id="7877215222" visible="true" version="1" changeset="90439346" timestamp="2020-09-05T04:58:34Z" user="TokyoJoe" uid="1973844" lat="37.6730978" lon="-97.1868235"/>
 <node id="7877215223" visible="true" version="1" changeset="90439346" timestamp="2020-09-05T04:58:34Z" user="TokyoJoe" uid="1973844" lat="37.6737416" lon="-97.1868403"/>
 <node id="7877215224" visible="true" version="1" changeset="90439346" timestamp="2020-09-05T04:58:34Z" user="TokyoJoe" uid="1973844" lat="37.6737963" lon="-97.1868416"/>
 <node id="7877215225" visible="true" version="1" changeset="90439346" timestamp="2020-09-05T04:58:34Z" user="TokyoJoe" uid="1973844" lat="37.6738361" lon="-97.1868443"/>
 <node id="7877215226" visible="true" version="1" changeset="90439346" timestamp="2020-09-05T04:58:34Z" user="TokyoJoe" uid="1973844" lat="37.6738780" lon="-97.1868496"/>
 <node id="7877215227" visible="true" version="1" changeset="90439346" timestamp="2020-09-05T04:58:34Z" user="TokyoJoe" uid="1973844" lat="37.6739141" lon="-97.1868577"/>
 <node id="7877215228" visible="true" version="1" changeset="90439346" timestamp="2020-09-05T04:58:34Z" user="TokyoJoe" uid="1973844" lat="37.6739608" lon="-97.1868684"/>
 <node id="7877215229" visible="true" version="1" changeset="90439346" timestamp="2020-09-05T04:58:34Z" user="TokyoJoe" uid="1973844" lat="37.6740081" lon="-97.1868832"/>
 <node id="7877215230" visible="true" version="1" changeset="90439346" timestamp="2020-09-05T04:58:34Z" user="TokyoJoe" uid="1973844" lat="37.6740601" lon="-97.1868999"/>
 <node id="7877215231" visible="true" version="1" changeset="90439346" timestamp="2020-09-05T04:58:34Z" user="TokyoJoe" uid="1973844" lat="37.6740941" lon="-97.1869154"/>
 <node id="7877215232" visible="true" version="1" changeset="90439346" timestamp="2020-09-05T04:58:34Z" user="TokyoJoe" uid="1973844" lat="37.6741185" lon="-97.1869254"/>
 <node id="7877215233" visible="true" version="1" changeset="90439346" timestamp="2020-09-05T04:58:34Z" user="TokyoJoe" uid="1973844" lat="37.6741511" lon="-97.1869432"/>
 <node id="7877215234" visible="true" version="1" changeset="90439346" timestamp="2020-09-05T04:58:34Z" user="TokyoJoe" uid="1973844" lat="37.6741769" lon="-97.1869573"/>
 <node id="7877215235" visible="true" version="1" changeset="90439346" timestamp="2020-09-05T04:58:34Z" user="TokyoJoe" uid="1973844" lat="37.6742015" lon="-97.1869707"/>
 <node id="7877215236" visible="true" version="1" changeset="90439346" timestamp="2020-09-05T04:58:34Z" user="TokyoJoe" uid="1973844" lat="37.6742238" lon="-97.1869844"/>
 <node id="7877215237" visible="true" version="1" changeset="90439346" timestamp="2020-09-05T04:58:34Z" user="TokyoJoe" uid="1973844" lat="37.6742453" lon="-97.1870008"/>
 <node id="7877215238" visible="true" version="1" changeset="90439346" timestamp="2020-09-05T04:58:34Z" user="TokyoJoe" uid="1973844" lat="37.6744353" lon="-97.1871299"/>
 <node id="7877215239" visible="true" version="2" changeset="90452978" timestamp="2020-09-05T13:13:36Z" user="TokyoJoe" uid="1973844" lat="37.6746768" lon="-97.1873003">
  <tag k="tactile_paving" v="yes"/>
 </node>
 <node id="7877215240" visible="true" version="2" changeset="90452978" timestamp="2020-09-05T13:13:36Z" user="TokyoJoe" uid="1973844" lat="37.6747190" lon="-97.1873298">
  <tag k="crossing" v="unmarked"/>
  <tag k="highway" v="crossing"/>
 </node>
 <node id="7877215241" visible="true" version="1" changeset="90439346" timestamp="2020-09-05T04:58:34Z" user="TokyoJoe" uid="1973844" lat="37.6752778" lon="-97.1843878"/>
 <node id="7877215242" visible="true" version="1" changeset="90439346" timestamp="2020-09-05T04:58:34Z" user="TokyoJoe" uid="1973844" lat="37.6752930" lon="-97.1843874"/>
 <node id="7877215243" visible="true" version="1" changeset="90439346" timestamp="2020-09-05T04:58:34Z" user="TokyoJoe" uid="1973844" lat="37.6753158" lon="-97.1843679"/>
 <node id="7877215244" visible="true" version="1" changeset="90439346" timestamp="2020-09-05T04:58:34Z" user="TokyoJoe" uid="1973844" lat="37.6753551" lon="-97.1843458"/>
 <node id="7877215245" visible="true" version="1" changeset="90439346" timestamp="2020-09-05T04:58:34Z" user="TokyoJoe" uid="1973844" lat="37.6752877" lon="-97.1842077"/>
 <node id="7877215246" visible="true" version="1" changeset="90439346" timestamp="2020-09-05T04:58:34Z" user="TokyoJoe" uid="1973844" lat="37.6752866" lon="-97.1843337"/>
 <node id="7877215247" visible="true" version="1" changeset="90439346" timestamp="2020-09-05T04:58:34Z" user="TokyoJoe" uid="1973844" lat="37.6752818" lon="-97.1843713"/>
 <node id="7877215248" visible="true" version="1" changeset="90439346" timestamp="2020-09-05T04:58:34Z" user="TokyoJoe" uid="1973844" lat="37.6752734" lon="-97.1844061"/>
 <node id="7877215249" visible="true" version="1" changeset="90439346" timestamp="2020-09-05T04:58:34Z" user="TokyoJoe" uid="1973844" lat="37.6752495" lon="-97.1844538"/>
 <node id="7877215250" visible="true" version="1" changeset="90439346" timestamp="2020-09-05T04:58:34Z" user="TokyoJoe" uid="1973844" lat="37.6752266" lon="-97.1844846"/>
 <node id="7877215251" visible="true" version="1" changeset="90439346" timestamp="2020-09-05T04:58:34Z" user="TokyoJoe" uid="1973844" lat="37.6752049" lon="-97.1845108"/>
 <node id="7877215252" visible="true" version="1" changeset="90439346" timestamp="2020-09-05T04:58:34Z" user="TokyoJoe" uid="1973844" lat="37.6751982" lon="-97.1845679"/>
 <node id="7877215253" visible="true" version="1" changeset="90439346" timestamp="2020-09-05T04:58:34Z" user="TokyoJoe" uid="1973844" lat="37.6751895" lon="-97.1846482"/>
 <node id="7877215254" visible="true" version="1" changeset="90439346" timestamp="2020-09-05T04:58:34Z" user="TokyoJoe" uid="1973844" lat="37.6751863" lon="-97.1847025"/>
 <node id="7877215255" visible="true" version="1" changeset="90439346" timestamp="2020-09-05T04:58:34Z" user="TokyoJoe" uid="1973844" lat="37.6751890" lon="-97.1847441"/>
 <node id="7877215256" visible="true" version="1" changeset="90439346" timestamp="2020-09-05T04:58:34Z" user="TokyoJoe" uid="1973844" lat="37.6751948" lon="-97.1847750"/>
 <node id="7877215257" visible="true" version="1" changeset="90439346" timestamp="2020-09-05T04:58:34Z" user="TokyoJoe" uid="1973844" lat="37.6751980" lon="-97.1848132"/>
 <node id="7877215258" visible="true" version="1" changeset="90439346" timestamp="2020-09-05T04:58:34Z" user="TokyoJoe" uid="1973844" lat="37.6751959" lon="-97.1848568"/>
 <node id="7877215259" visible="true" version="1" changeset="90439346" timestamp="2020-09-05T04:58:34Z" user="TokyoJoe" uid="1973844" lat="37.6751911" lon="-97.1848896"/>
 <node id="7877215260" visible="true" version="1" changeset="90439346" timestamp="2020-09-05T04:58:34Z" user="TokyoJoe" uid="1973844" lat="37.6751826" lon="-97.1849218"/>
 <node id="7877215261" visible="true" version="1" changeset="90439346" timestamp="2020-09-05T04:58:34Z" user="TokyoJoe" uid="1973844" lat="37.6751693" lon="-97.1849560"/>
 <node id="7877215262" visible="true" version="1" changeset="90439346" timestamp="2020-09-05T04:58:34Z" user="TokyoJoe" uid="1973844" lat="37.6751608" lon="-97.1849889"/>
 <node id="7877215263" visible="true" version="1" changeset="90439346" timestamp="2020-09-05T04:58:34Z" user="TokyoJoe" uid="1973844" lat="37.6751614" lon="-97.1850345"/>
 <node id="7877215264" visible="true" version="1" changeset="90439346" timestamp="2020-09-05T04:58:34Z" user="TokyoJoe" uid="1973844" lat="37.6751709" lon="-97.1860322"/>
 <node id="7877215265" visible="true" version="1" changeset="90439346" timestamp="2020-09-05T04:58:34Z" user="TokyoJoe" uid="1973844" lat="37.6751571" lon="-97.1862146"/>
 <node id="7877215266" visible="true" version="1" changeset="90439346" timestamp="2020-09-05T04:58:34Z" user="TokyoJoe" uid="1973844" lat="37.6751486" lon="-97.1863098"/>
 <node id="7877215267" visible="true" version="1" changeset="90439346" timestamp="2020-09-05T04:58:34Z" user="TokyoJoe" uid="1973844" lat="37.6751263" lon="-97.1864212"/>
 <node id="7877215268" visible="true" version="1" changeset="90439346" timestamp="2020-09-05T04:58:34Z" user="TokyoJoe" uid="1973844" lat="37.6751009" lon="-97.1865579"/>
 <node id="7877215269" visible="true" version="1" changeset="90439346" timestamp="2020-09-05T04:58:34Z" user="TokyoJoe" uid="1973844" lat="37.6750754" lon="-97.1866478"/>
 <node id="7877215270" visible="true" version="1" changeset="90439346" timestamp="2020-09-05T04:58:34Z" user="TokyoJoe" uid="1973844" lat="37.6750478" lon="-97.1867444"/>
 <node id="7877215271" visible="true" version="1" changeset="90439346" timestamp="2020-09-05T04:58:34Z" user="TokyoJoe" uid="1973844" lat="37.6750106" lon="-97.1868423"/>
 <node id="7877215272" visible="true" version="1" changeset="90439346" timestamp="2020-09-05T04:58:34Z" user="TokyoJoe" uid="1973844" lat="37.6749841" lon="-97.1869174"/>
 <node id="7877215273" visible="true" version="1" changeset="90439346" timestamp="2020-09-05T04:58:34Z" user="TokyoJoe" uid="1973844" lat="37.6749544" lon="-97.1869898"/>
 <node id="7877215274" visible="true" version="1" changeset="90439346" timestamp="2020-09-05T04:58:34Z" user="TokyoJoe" uid="1973844" lat="37.6747856" lon="-97.1873727"/>
 <node id="7877215275" visible="true" version="1" changeset="90439346" timestamp="2020-09-05T04:58:34Z" user="TokyoJoe" uid="1973844" lat="37.6746572" lon="-97.1876670"/>
 <node id="7877215276" visible="true" version="1" changeset="90439346" timestamp="2020-09-05T04:58:34Z" user="TokyoJoe" uid="1973844" lat="37.6746200" lon="-97.1877636"/>
 <node id="7877215277" visible="true" version="1" changeset="90439346" timestamp="2020-09-05T04:58:34Z" user="TokyoJoe" uid="1973844" lat="37.6745850" lon="-97.1878588"/>
 <node id="7877215278" visible="true" version="1" changeset="90439346" timestamp="2020-09-05T04:58:34Z" user="TokyoJoe" uid="1973844" lat="37.6745510" lon="-97.1879675"/>
 <node id="7877215279" visible="true" version="1" changeset="90439346" timestamp="2020-09-05T04:58:34Z" user="TokyoJoe" uid="1973844" lat="37.6745319" lon="-97.1880519"/>
 <node id="7877215280" visible="true" version="1" changeset="90439346" timestamp="2020-09-05T04:58:34Z" user="TokyoJoe" uid="1973844" lat="37.6745086" lon="-97.1881364"/>
 <node id="7877215281" visible="true" version="1" changeset="90439346" timestamp="2020-09-05T04:58:34Z" user="TokyoJoe" uid="1973844" lat="37.6744916" lon="-97.1882370"/>
 <node id="7877215282" visible="true" version="1" changeset="90439346" timestamp="2020-09-05T04:58:34Z" user="TokyoJoe" uid="1973844" lat="37.6744746" lon="-97.1883604"/>
 <node id="7877215283" visible="true" version="1" changeset="90439346" timestamp="2020-09-05T04:58:34Z" user="TokyoJoe" uid="1973844" lat="37.6744661" lon="-97.1884717"/>
 <node id="7877215284" visible="true" version="1" changeset="90439346" timestamp="2020-09-05T04:58:34Z" user="TokyoJoe" uid="1973844" lat="37.6744629" lon="-97.1885522"/>
 <node id="7877215285" visible="true" version="1" changeset="90439346" timestamp="2020-09-05T04:58:34Z" user="TokyoJoe" uid="1973844" lat="37.6744650" lon="-97.1886836"/>
 <node id="7877215286" visible="true" version="1" changeset="90439346" timestamp="2020-09-05T04:58:34Z" user="TokyoJoe" uid="1973844" lat="37.6744650" lon="-97.1893354"/>
 <node id="7877215287" visible="true" version="1" changeset="90439346" timestamp="2020-09-05T04:58:34Z" user="TokyoJoe" uid="1973844" lat="37.6743451" lon="-97.1888392"/>
 <node id="7877215288" visible="true" version="1" changeset="90439346" timestamp="2020-09-05T04:58:34Z" user="TokyoJoe" uid="1973844" lat="37.6743271" lon="-97.1893314"/>
 <node id="7877215289" visible="true" version="1" changeset="90439346" timestamp="2020-09-05T04:58:34Z" user="TokyoJoe" uid="1973844" lat="37.6742782" lon="-97.1890256"/>
 <node id="7877215290" visible="true" version="1" changeset="90439346" timestamp="2020-09-05T04:58:34Z" user="TokyoJoe" uid="1973844" lat="37.6743876" lon="-97.1895393"/>
 <node id="7877215291" visible="true" version="1" changeset="90439346" timestamp="2020-09-05T04:58:34Z" user="TokyoJoe" uid="1973844" lat="37.6743886" lon="-97.1888110"/>
 <node id="7877215292" visible="true" version="1" changeset="90439346" timestamp="2020-09-05T04:58:34Z" user="TokyoJoe" uid="1973844" lat="37.6742570" lon="-97.1895418"/>
 <node id="7877215293" visible="true" version="1" changeset="90439346" timestamp="2020-09-05T04:58:34Z" user="TokyoJoe" uid="1973844" lat="37.6742623" lon="-97.1892616"/>
 <node id="7877408522" visible="true" version="2" changeset="90452978" timestamp="2020-09-05T13:13:36Z" user="TokyoJoe" uid="1973844" lat="37.6726162" lon="-97.1837400">
  <tag k="tactile_paving" v="yes"/>
 </node>
 <node id="7877408523" visible="true" version="1" changeset="90443174" timestamp="2020-09-05T07:34:40Z" user="TokyoJoe" uid="1973844" lat="37.6726475" lon="-97.1837361"/>
 <node id="7877408524" visible="true" version="3" changeset="176113086" timestamp="2025-12-18T20:54:45Z" user="ICT_maps" uid="18862646" lat="37.6725661" lon="-97.1837481">
  <tag k="crossing" v="unmarked"/>
  <tag k="crossing:markings" v="no"/>
  <tag k="highway" v="crossing"/>
 </node>
 <node id="7877408525" visible="true" version="2" changeset="90452978" timestamp="2020-09-05T13:13:36Z" user="TokyoJoe" uid="1973844" lat="37.6725119" lon="-97.1837547">
  <tag k="tactile_paving" v="yes"/>
 </node>
 <node id="7877408526" visible="true" version="1" changeset="90443174" timestamp="2020-09-05T07:34:40Z" user="TokyoJoe" uid="1973844" lat="37.6720692" lon="-97.1837544"/>
 <node id="7877408527" visible="true" version="1" changeset="90443174" timestamp="2020-09-05T07:34:40Z" user="TokyoJoe" uid="1973844" lat="37.6719206" lon="-97.1837530"/>
 <node id="7877408528" visible="true" version="1" changeset="90443174" timestamp="2020-09-05T07:34:40Z" user="TokyoJoe" uid="1973844" lat="37.6718601" lon="-97.1837571"/>
 <node id="7877408529" visible="true" version="1" changeset="90443174" timestamp="2020-09-05T07:34:40Z" user="TokyoJoe" uid="1973844" lat="37.6718224" lon="-97.1837638"/>
 <node id="7877408530" visible="true" version="1" changeset="90443174" timestamp="2020-09-05T07:34:40Z" user="TokyoJoe" uid="1973844" lat="37.6717694" lon="-97.1837799"/>
 <node id="7877408531" visible="true" version="1" changeset="90443174" timestamp="2020-09-05T07:34:40Z" user="TokyoJoe" uid="1973844" lat="37.6717105" lon="-97.1837973"/>
 <node id="7877408532" visible="true" version="2" changeset="90452978" timestamp="2020-09-05T13:13:36Z" user="TokyoJoe" uid="1973844" lat="37.6716372" lon="-97.1838174">
  <tag k="tactile_paving" v="yes"/>
 </node>
 <node id="7877408533" visible="true" version="1" changeset="90443174" timestamp="2020-09-05T07:34:40Z" user="TokyoJoe" uid="1973844" lat="37.6725352" lon="-97.1817607"/>
 <node id="7877408534" visible="true" version="1" changeset="90443174" timestamp="2020-09-05T07:34:40Z" user="TokyoJoe" uid="1973844" lat="37.6725300" lon="-97.1818390"/>
 <node id="7877408535" visible="true" version="1" changeset="90443174" timestamp="2020-09-05T07:34:40Z" user="TokyoJoe" uid="1973844" lat="37.6725370" lon="-97.1820242"/>
 <node id="7877408536" visible="true" version="1" changeset="90443174" timestamp="2020-09-05T07:34:40Z" user="TokyoJoe" uid="1973844" lat="37.6725782" lon="-97.1822314"/>
 <node id="7877408537" visible="true" version="1" changeset="90443174" timestamp="2020-09-05T07:34:40Z" user="TokyoJoe" uid="1973844" lat="37.6726806" lon="-97.1825901"/>
 <node id="7877408538" visible="true" version="1" changeset="90443174" timestamp="2020-09-05T07:34:40Z" user="TokyoJoe" uid="1973844" lat="37.6726520" lon="-97.1826337"/>
 <node id="7877408539" visible="true" version="1" changeset="90443174" timestamp="2020-09-05T07:34:40Z" user="TokyoJoe" uid="1973844" lat="37.6726017" lon="-97.1827401"/>
 <node id="7877408540" visible="true" version="1" changeset="90443174" timestamp="2020-09-05T07:34:40Z" user="TokyoJoe" uid="1973844" lat="37.6725819" lon="-97.1828028"/>
 <node id="7877408541" visible="true" version="1" changeset="90443174" timestamp="2020-09-05T07:34:40Z" user="TokyoJoe" uid="1973844" lat="37.6730246" lon="-97.1824444"/>
 <node id="7877408542" visible="true" version="1" changeset="90443174" timestamp="2020-09-05T07:34:40Z" user="TokyoJoe" uid="1973844" lat="37.6729603" lon="-97.1824410"/>
 <node id="7877408543" visible="true" version="1" changeset="90443174" timestamp="2020-09-05T07:34:40Z" user="TokyoJoe" uid="1973844" lat="37.6728472" lon="-97.1824644"/>
 <node id="7877408544" visible="true" version="1" changeset="90443174" timestamp="2020-09-05T07:34:40Z" user="TokyoJoe" uid="1973844" lat="37.6727997" lon="-97.1824863"/>
 <node id="7877408545" visible="true" version="1" changeset="90443174" timestamp="2020-09-05T07:34:40Z" user="TokyoJoe" uid="1973844" lat="37.6727546" lon="-97.1825151"/>
 <node id="7877408546" visible="true" version="1" changeset="90443174" timestamp="2020-09-05T07:34:40Z" user="TokyoJoe" uid="1973844" lat="37.6725674" lon="-97.1837799"/>
 <node id="7877408547" visible="true" version="1" changeset="90443174" timestamp="2020-09-05T07:34:40Z" user="TokyoJoe" uid="1973844" lat="37.6725996" lon="-97.1840314"/>
 <node id="7877408548" visible="true" version="1" changeset="90443174" timestamp="2020-09-05T07:34:40Z" user="TokyoJoe" uid="1973844" lat="37.6726581" lon="-97.1842803"/>
 <node id="7877408549" visible="true" version="1" changeset="90443174" timestamp="2020-09-05T07:34:40Z" user="TokyoJoe" uid="1973844" lat="37.6743026" lon="-97.1829738"/>
 <node id="7877408550" visible="true" version="1" changeset="90443174" timestamp="2020-09-05T07:34:40Z" user="TokyoJoe" uid="1973844" lat="37.6742692" lon="-97.1829604"/>
 <node id="7877408551" visible="true" version="1" changeset="90443174" timestamp="2020-09-05T07:34:40Z" user="TokyoJoe" uid="1973844" lat="37.6741652" lon="-97.1829229"/>
 <node id="7877408552" visible="true" version="1" changeset="90443174" timestamp="2020-09-05T07:34:40Z" user="TokyoJoe" uid="1973844" lat="37.6741174" lon="-97.1829041"/>
 <node id="7877408553" visible="true" version="1" changeset="90443174" timestamp="2020-09-05T07:34:40Z" user="TokyoJoe" uid="1973844" lat="37.6740675" lon="-97.1828786"/>
 <node id="7877408554" visible="true" version="1" changeset="90443174" timestamp="2020-09-05T07:34:40Z" user="TokyoJoe" uid="1973844" lat="37.6739693" lon="-97.1828277"/>
 <node id="7877408555" visible="true" version="1" changeset="90443174" timestamp="2020-09-05T07:34:40Z" user="TokyoJoe" uid="1973844" lat="37.6739035" lon="-97.1827955"/>
 <node id="7877408556" visible="true" version="1" changeset="90443174" timestamp="2020-09-05T07:34:40Z" user="TokyoJoe" uid="1973844" lat="37.6738478" lon="-97.1827754"/>
 <node id="7877408557" visible="true" version="2" changeset="176113086" timestamp="2025-12-18T20:54:45Z" user="ICT_maps" uid="18862646" lat="37.6738055" lon="-97.1827644"/>
 <node id="7877408558" visible="true" version="1" changeset="90443174" timestamp="2020-09-05T07:34:40Z" user="TokyoJoe" uid="1973844" lat="37.6737549" lon="-97.1827579"/>
 <node id="7877408559" visible="true" version="1" changeset="90443174" timestamp="2020-09-05T07:34:40Z" user="TokyoJoe" uid="1973844" lat="37.6736965" lon="-97.1827512"/>
 <node id="7877408560" visible="true" version="1" changeset="90443174" timestamp="2020-09-05T07:34:40Z" user="TokyoJoe" uid="1973844" lat="37.6736265" lon="-97.1827512"/>
 <node id="7877408561" visible="true" version="1" changeset="90443174" timestamp="2020-09-05T07:34:40Z" user="TokyoJoe" uid="1973844" lat="37.6735325" lon="-97.1827445"/>
 <node id="7877408562" visible="true" version="1" changeset="90443174" timestamp="2020-09-05T07:34:40Z" user="TokyoJoe" uid="1973844" lat="37.6734614" lon="-97.1827284"/>
 <node id="7877408563" visible="true" version="1" changeset="90443174" timestamp="2020-09-05T07:34:40Z" user="TokyoJoe" uid="1973844" lat="37.6733908" lon="-97.1827083"/>
 <node id="7877408564" visible="true" version="1" changeset="90443174" timestamp="2020-09-05T07:34:40Z" user="TokyoJoe" uid="1973844" lat="37.6733181" lon="-97.1826835"/>
 <node id="7877408565" visible="true" version="1" changeset="90443174" timestamp="2020-09-05T07:34:40Z" user="TokyoJoe" uid="1973844" lat="37.6732666" lon="-97.1826607"/>
 <node id="7877408566" visible="true" version="1" changeset="90443174" timestamp="2020-09-05T07:34:40Z" user="TokyoJoe" uid="1973844" lat="37.6731992" lon="-97.1826272"/>
 <node id="7877408567" visible="true" version="1" changeset="90443174" timestamp="2020-09-05T07:34:40Z" user="TokyoJoe" uid="1973844" lat="37.6731472" lon="-97.1825977"/>
 <node id="7877408568" visible="true" version="1" changeset="90443174" timestamp="2020-09-05T07:34:40Z" user="TokyoJoe" uid="1973844" lat="37.6730994" lon="-97.1825695"/>
 <node id="7877408569" visible="true" version="1" changeset="90443174" timestamp="2020-09-05T07:34:40Z" user="TokyoJoe" uid="1973844" lat="37.6730495" lon="-97.1825487"/>
 <node id="7877408570" visible="true" version="1" changeset="90443174" timestamp="2020-09-05T07:34:40Z" user="TokyoJoe" uid="1973844" lat="37.6729922" lon="-97.1825393"/>
 <node id="7877408571" visible="true" version="1" changeset="90443174" timestamp="2020-09-05T07:34:40Z" user="TokyoJoe" uid="1973844" lat="37.6729227" lon="-97.1825434"/>
 <node id="7877408572" visible="true" version="1" changeset="90443174" timestamp="2020-09-05T07:34:40Z" user="TokyoJoe" uid="1973844" lat="37.6728579" lon="-97.1825668"/>
 <node id="7877408573" visible="true" version="1" changeset="90443174" timestamp="2020-09-05T07:34:40Z" user="TokyoJoe" uid="1973844" lat="37.6727948" lon="-97.1826077"/>
 <node id="7877408574" visible="true" version="1" changeset="90443174" timestamp="2020-09-05T07:34:40Z" user="TokyoJoe" uid="1973844" lat="37.6727284" lon="-97.1826694"/>
 <node id="7877408575" visible="true" version="1" changeset="90443174" timestamp="2020-09-05T07:34:40Z" user="TokyoJoe" uid="1973844" lat="37.6726886" lon="-97.1827385"/>
 <node id="7877408576" visible="true" version="2" changeset="90452978" timestamp="2020-09-05T13:13:36Z" user="TokyoJoe" uid="1973844" lat="37.6726605" lon="-97.1828136"/>
 <node id="7877408577" visible="true" version="2" changeset="90452978" timestamp="2020-09-05T13:13:36Z" user="TokyoJoe" uid="1973844" lat="37.6726462" lon="-97.1828693"/>
 <node id="7877408578" visible="true" version="2" changeset="90452978" timestamp="2020-09-05T13:13:36Z" user="TokyoJoe" uid="1973844" lat="37.6726462" lon="-97.1829644"/>
 <node id="7877408579" visible="true" version="2" changeset="90452978" timestamp="2020-09-05T13:13:36Z" user="TokyoJoe" uid="1973844" lat="37.6726456" lon="-97.1830362"/>
 <node id="7877408580" visible="true" version="1" changeset="90443174" timestamp="2020-09-05T07:34:40Z" user="TokyoJoe" uid="1973844" lat="37.6726425" lon="-97.1834399"/>
 <node id="7877408581" visible="true" version="1" changeset="90443174" timestamp="2020-09-05T07:34:40Z" user="TokyoJoe" uid="1973844" lat="37.6726419" lon="-97.1836243"/>
 <node id="7877408582" visible="true" version="1" changeset="90443174" timestamp="2020-09-05T07:34:40Z" user="TokyoJoe" uid="1973844" lat="37.6726467" lon="-97.1837208"/>
 <node id="7877408583" visible="true" version="1" changeset="90443174" timestamp="2020-09-05T07:34:40Z" user="TokyoJoe" uid="1973844" lat="37.6726504" lon="-97.1837886"/>
 <node id="7877408584" visible="true" version="1" changeset="90443174" timestamp="2020-09-05T07:34:40Z" user="TokyoJoe" uid="1973844" lat="37.6726616" lon="-97.1838945"/>
 <node id="7877417785" visible="true" version="1" changeset="90443174" timestamp="2020-09-05T07:34:40Z" user="TokyoJoe" uid="1973844" lat="37.6726775" lon="-97.1839991"/>
 <node id="7877417786" visible="true" version="1" changeset="90443174" timestamp="2020-09-05T07:34:40Z" user="TokyoJoe" uid="1973844" lat="37.6727003" lon="-97.1841057"/>
 <node id="7877417787" visible="true" version="1" changeset="90443174" timestamp="2020-09-05T07:34:40Z" user="TokyoJoe" uid="1973844" lat="37.6727125" lon="-97.1841547"/>
 <node id="7877417788" visible="true" version="1" changeset="90443174" timestamp="2020-09-05T07:34:40Z" user="TokyoJoe" uid="1973844" lat="37.6727417" lon="-97.1842606"/>
 <node id="7877417789" visible="true" version="1" changeset="90443174" timestamp="2020-09-05T07:34:40Z" user="TokyoJoe" uid="1973844" lat="37.6727746" lon="-97.1843471"/>
 <node id="7877417790" visible="true" version="3" changeset="90452978" timestamp="2020-09-05T13:13:36Z" user="TokyoJoe" uid="1973844" lat="37.6727799" lon="-97.1843813">
  <tag k="tactile_paving" v="private"/>
 </node>
 <node id="7877417791" visible="true" version="4" changeset="176113359" timestamp="2025-12-18T21:04:52Z" user="ICT_maps" uid="18862646" lat="37.6728011" lon="-97.1844447">
  <tag k="crossing" v="unmarked"/>
  <tag k="crossing:markings" v="no"/>
  <tag k="highway" v="crossing"/>
 </node>
 <node id="7877529009" visible="true" version="1" changeset="90443880" timestamp="2020-09-05T08:03:06Z" user="TokyoJoe" uid="1973844" lat="37.6751216" lon="-97.1912766"/>
 <node id="7877529010" visible="true" version="1" changeset="90443880" timestamp="2020-09-05T08:03:06Z" user="TokyoJoe" uid="1973844" lat="37.6750865" lon="-97.1912317"/>
 <node id="7877529011" visible="true" version="1" changeset="90443880" timestamp="2020-09-05T08:03:06Z" user="TokyoJoe" uid="1973844" lat="37.6750425" lon="-97.1911854"/>
 <node id="7877529012" visible="true" version="1" changeset="90443880" timestamp="2020-09-05T08:03:06Z" user="TokyoJoe" uid="1973844" lat="37.6750053" lon="-97.1911485"/>
 <node id="7877529013" visible="true" version="1" changeset="90443880" timestamp="2020-09-05T08:03:06Z" user="TokyoJoe" uid="1973844" lat="37.6749454" lon="-97.1910996"/>
 <node id="7877529014" visible="true" version="1" changeset="90443880" timestamp="2020-09-05T08:03:06Z" user="TokyoJoe" uid="1973844" lat="37.6749077" lon="-97.1910734"/>
 <node id="7877529015" visible="true" version="1" changeset="90443880" timestamp="2020-09-05T08:03:06Z" user="TokyoJoe" uid="1973844" lat="37.6748647" lon="-97.1910460"/>
 <node id="7877529016" visible="true" version="1" changeset="90443880" timestamp="2020-09-05T08:03:06Z" user="TokyoJoe" uid="1973844" lat="37.6748137" lon="-97.1910198"/>
 <node id="7877529017" visible="true" version="1" changeset="90443880" timestamp="2020-09-05T08:03:06Z" user="TokyoJoe" uid="1973844" lat="37.6747776" lon="-97.1910030"/>
 <node id="7877529018" visible="true" version="1" changeset="90443880" timestamp="2020-09-05T08:03:06Z" user="TokyoJoe" uid="1973844" lat="37.6746996" lon="-97.1909709"/>
 <node id="7877529019" visible="true" version="1" changeset="90443880" timestamp="2020-09-05T08:03:06Z" user="TokyoJoe" uid="1973844" lat="37.6746694" lon="-97.1909588"/>
 <node id="7877529020" visible="true" version="1" changeset="90443880" timestamp="2020-09-05T08:03:06Z" user="TokyoJoe" uid="1973844" lat="37.6746370" lon="-97.1909360"/>
 <node id="7877529021" visible="true" version="1" changeset="90443880" timestamp="2020-09-05T08:03:06Z" user="TokyoJoe" uid="1973844" lat="37.6745930" lon="-97.1908991"/>
 <node id="7877529022" visible="true" version="1" changeset="90443880" timestamp="2020-09-05T08:03:06Z" user="TokyoJoe" uid="1973844" lat="37.6745669" lon="-97.1908723"/>
 <node id="7877529023" visible="true" version="1" changeset="90443880" timestamp="2020-09-05T08:03:06Z" user="TokyoJoe" uid="1973844" lat="37.6745468" lon="-97.1908455"/>
 <node id="7877529024" visible="true" version="1" changeset="90443880" timestamp="2020-09-05T08:03:06Z" user="TokyoJoe" uid="1973844" lat="37.6745224" lon="-97.1908046"/>
 <node id="7877529025" visible="true" version="1" changeset="90443880" timestamp="2020-09-05T08:03:06Z" user="TokyoJoe" uid="1973844" lat="37.6745011" lon="-97.1907616"/>
 <node id="7877529026" visible="true" version="1" changeset="90443880" timestamp="2020-09-05T08:03:06Z" user="TokyoJoe" uid="1973844" lat="37.6744868" lon="-97.1907207"/>
 <node id="7877529027" visible="true" version="1" changeset="90443880" timestamp="2020-09-05T08:03:06Z" user="TokyoJoe" uid="1973844" lat="37.6744783" lon="-97.1906745"/>
 <node id="7877529028" visible="true" version="1" changeset="90443880" timestamp="2020-09-05T08:03:06Z" user="TokyoJoe" uid="1973844" lat="37.6744725" lon="-97.1906322"/>
 <node id="7877529029" visible="true" version="1" changeset="90443880" timestamp="2020-09-05T08:03:06Z" user="TokyoJoe" uid="1973844" lat="37.6744703" lon="-97.1905893"/>
 <node id="7877529030" visible="true" version="1" changeset="90443880" timestamp="2020-09-05T08:03:06Z" user="TokyoJoe" uid="1973844" lat="37.6744741" lon="-97.1905444"/>
 <node id="7877529031" visible="true" version="1" changeset="90443880" timestamp="2020-09-05T08:03:06Z" user="TokyoJoe" uid="1973844" lat="37.6744841" lon="-97.1904472"/>
 <node id="7877529032" visible="true" version="1" changeset="90443880" timestamp="2020-09-05T08:03:06Z" user="TokyoJoe" uid="1973844" lat="37.6745229" lon="-97.1900669"/>
 <node id="7877529033" visible="true" version="2" changeset="122305603" timestamp="2022-06-13T05:09:59Z" user="boopington" uid="8649216" lat="37.6745206" lon="-97.1897458"/>
 <node id="7877529101" visible="true" version="1" changeset="90443880" timestamp="2020-09-05T08:03:06Z" user="TokyoJoe" uid="1973844" lat="37.6751401" lon="-97.1857331"/>
 <node id="7877529102" visible="true" version="1" changeset="90443880" timestamp="2020-09-05T08:03:06Z" user="TokyoJoe" uid="1973844" lat="37.6750510" lon="-97.1857355"/>
 <node id="7877529103" visible="true" version="1" changeset="90443880" timestamp="2020-09-05T08:03:06Z" user="TokyoJoe" uid="1973844" lat="37.6734719" lon="-97.1849305"/>
 <node id="7877529104" visible="true" version="1" changeset="90443880" timestamp="2020-09-05T08:03:06Z" user="TokyoJoe" uid="1973844" lat="37.6736030" lon="-97.1850725"/>
 <node id="7877529105" visible="true" version="1" changeset="90443880" timestamp="2020-09-05T08:03:06Z" user="TokyoJoe" uid="1973844" lat="37.6735453" lon="-97.1850150"/>
 <node id="7877529106" visible="true" version="2" changeset="90452978" timestamp="2020-09-05T13:13:36Z" user="TokyoJoe" uid="1973844" lat="37.6728185" lon="-97.1844968"/>
 <node id="7878412907" visible="true" version="1" changeset="90452978" timestamp="2020-09-05T13:13:36Z" user="TokyoJoe" uid="1973844" lat="37.6744167" lon="-97.1855622"/>
 <node id="7878412908" visible="true" version="1" changeset="90452978" timestamp="2020-09-05T13:13:36Z" user="TokyoJoe" uid="1973844" lat="37.6745985" lon="-97.1856176"/>
 <node id="7878412909" visible="true" version="1" changeset="90452978" timestamp="2020-09-05T13:13:36Z" user="TokyoJoe" uid="1973844" lat="37.6745064" lon="-97.1855937"/>
 <node id="7878412910" visible="true" version="1" changeset="90452978" timestamp="2020-09-05T13:13:36Z" user="TokyoJoe" uid="1973844" lat="37.6750903" lon="-97.1849218"/>
 <node id="7878412911" visible="true" version="1" changeset="90452978" timestamp="2020-09-05T13:13:36Z" user="TokyoJoe" uid="1973844" lat="37.6754021" lon="-97.1847095"/>
 <node id="7878412912" visible="true" version="1" changeset="90452978" timestamp="2020-09-05T13:13:36Z" user="TokyoJoe" uid="1973844" lat="37.6754300" lon="-97.1848412"/>
 <node id="7878412913" visible="true" version="1" changeset="90452978" timestamp="2020-09-05T13:13:36Z" user="TokyoJoe" uid="1973844" lat="37.6752355" lon="-97.1847438"/>
 <node id="7878412914" visible="true" version="1" changeset="90452978" timestamp="2020-09-05T13:13:36Z" user="TokyoJoe" uid="1973844" lat="37.6755212" lon="-97.1848286"/>
 <node id="7878412915" visible="true" version="1" changeset="90452978" timestamp="2020-09-05T13:13:36Z" user="TokyoJoe" uid="1973844" lat="37.6755058" lon="-97.1848668"/>
 <node id="7878412916" visible="true" version="1" changeset="90452978" timestamp="2020-09-05T13:13:36Z" user="TokyoJoe" uid="1973844" lat="37.6754910" lon="-97.1848775"/>
 <node id="7878412917" visible="true" version="1" changeset="90452978" timestamp="2020-09-05T13:13:36Z" user="TokyoJoe" uid="1973844" lat="37.6754766" lon="-97.1848889"/>
 <node id="7878412918" visible="true" version="1" changeset="90452978" timestamp="2020-09-05T13:13:36Z" user="TokyoJoe" uid="1973844" lat="37.6754697" lon="-97.1848903"/>
 <node id="7878412919" visible="true" version="1" changeset="90452978" timestamp="2020-09-05T13:13:36Z" user="TokyoJoe" uid="1973844" lat="37.6754411" lon="-97.1848635"/>
 <node id="7878412920" visible="true" version="1" changeset="90452978" timestamp="2020-09-05T13:13:36Z" user="TokyoJoe" uid="1973844" lat="37.6754315" lon="-97.1847025"/>
 <node id="7878412921" visible="true" version="1" changeset="90452978" timestamp="2020-09-05T13:13:36Z" user="TokyoJoe" uid="1973844" lat="37.6754718" lon="-97.1846402"/>
 <node id="7878412922" visible="true" version="1" changeset="90452978" timestamp="2020-09-05T13:13:36Z" user="TokyoJoe" uid="1973844" lat="37.6754809" lon="-97.1846382"/>
 <node id="7878412923" visible="true" version="1" changeset="90452978" timestamp="2020-09-05T13:13:36Z" user="TokyoJoe" uid="1973844" lat="37.6754994" lon="-97.1846429"/>
 <node id="7878412924" visible="true" version="1" changeset="90452978" timestamp="2020-09-05T13:13:36Z" user="TokyoJoe" uid="1973844" lat="37.6755170" lon="-97.1846516"/>
 <node id="7878412925" visible="true" version="1" changeset="90452978" timestamp="2020-09-05T13:13:36Z" user="TokyoJoe" uid="1973844" lat="37.6755366" lon="-97.1846730"/>
 <node id="7878412926" visible="true" version="1" changeset="90452978" timestamp="2020-09-05T13:13:36Z" user="TokyoJoe" uid="1973844" lat="37.6755366" lon="-97.1847401"/>
 <node id="7878412927" visible="true" version="1" changeset="90452978" timestamp="2020-09-05T13:13:36Z" user="TokyoJoe" uid="1973844" lat="37.6755297" lon="-97.1848045"/>
 <node id="7878412928" visible="true" version="1" changeset="90452978" timestamp="2020-09-05T13:13:36Z" user="TokyoJoe" uid="1973844" lat="37.6754084" lon="-97.1844557"/>
 <node id="7878412929" visible="true" version="1" changeset="90452978" timestamp="2020-09-05T13:13:36Z" user="TokyoJoe" uid="1973844" lat="37.6754487" lon="-97.1843511"/>
 <node id="7878412930" visible="true" version="1" changeset="90452978" timestamp="2020-09-05T13:13:36Z" user="TokyoJoe" uid="1973844" lat="37.6756058" lon="-97.1844477"/>
 <node id="7878412931" visible="true" version="1" changeset="90452978" timestamp="2020-09-05T13:13:36Z" user="TokyoJoe" uid="1973844" lat="37.6755655" lon="-97.1845524"/>
 <node id="7878412932" visible="true" version="1" changeset="90452978" timestamp="2020-09-05T13:13:36Z" user="TokyoJoe" uid="1973844" lat="37.6747575" lon="-97.1873559">
  <tag k="tactile_paving" v="yes"/>
 </node>
 <node id="7878412933" visible="true" version="1" changeset="90452978" timestamp="2020-09-05T13:13:36Z" user="TokyoJoe" uid="1973844" lat="37.6721308" lon="-97.1837544"/>
 <node id="7878412959" visible="true" version="1" changeset="90452978" timestamp="2020-09-05T13:13:36Z" user="TokyoJoe" uid="1973844" lat="37.6726476" lon="-97.1868047"/>
 <node id="7878412960" visible="true" version="1" changeset="90452978" timestamp="2020-09-05T13:13:36Z" user="TokyoJoe" uid="1973844" lat="37.6727348" lon="-97.1868750"/>
 <node id="7878412961" visible="true" version="1" changeset="90452978" timestamp="2020-09-05T13:13:36Z" user="TokyoJoe" uid="1973844" lat="37.6728393" lon="-97.1869167"/>
 <node id="7878412962" visible="true" version="1" changeset="90452978" timestamp="2020-09-05T13:13:36Z" user="TokyoJoe" uid="1973844" lat="37.6722263" lon="-97.1870403"/>
 <node id="7878412963" visible="true" version="1" changeset="90452978" timestamp="2020-09-05T13:13:36Z" user="TokyoJoe" uid="1973844" lat="37.6722057" lon="-97.1868904"/>
 <node id="7878412964" visible="true" version="1" changeset="90452978" timestamp="2020-09-05T13:13:36Z" user="TokyoJoe" uid="1973844" lat="37.6722471" lon="-97.1868813"/>
 <node id="7878412965" visible="true" version="1" changeset="90452978" timestamp="2020-09-05T13:13:36Z" user="TokyoJoe" uid="1973844" lat="37.6722677" lon="-97.1870312"/>
 <node id="7880077341" visible="true" version="1" changeset="90466345" timestamp="2020-09-05T23:27:00Z" user="TokyoJoe" uid="1973844" lat="37.6721298" lon="-97.1893609"/>
 <node id="7880077342" visible="true" version="1" changeset="90466345" timestamp="2020-09-05T23:27:00Z" user="TokyoJoe" uid="1973844" lat="37.6721669" lon="-97.1831267"/>
 <node id="7880077343" visible="true" version="1" changeset="90466345" timestamp="2020-09-05T23:27:00Z" user="TokyoJoe" uid="1973844" lat="37.6721956" lon="-97.1831194"/>
 <node id="7880077344" visible="true" version="1" changeset="90466345" timestamp="2020-09-05T23:27:00Z" user="TokyoJoe" uid="1973844" lat="37.6722269" lon="-97.1831140"/>
 <node id="7880077345" visible="true" version="1" changeset="90466345" timestamp="2020-09-05T23:27:00Z" user="TokyoJoe" uid="1973844" lat="37.6722704" lon="-97.1830952"/>
 <node id="7880077346" visible="true" version="1" changeset="90466345" timestamp="2020-09-05T23:27:00Z" user="TokyoJoe" uid="1973844" lat="37.6723017" lon="-97.1830858"/>
 <node id="7880077347" visible="true" version="1" changeset="90466345" timestamp="2020-09-05T23:27:00Z" user="TokyoJoe" uid="1973844" lat="37.6723346" lon="-97.1830845"/>
 <node id="7880077348" visible="true" version="1" changeset="90466345" timestamp="2020-09-05T23:27:00Z" user="TokyoJoe" uid="1973844" lat="37.6723569" lon="-97.1831100"/>
 <node id="7880077349" visible="true" version="1" changeset="90466345" timestamp="2020-09-05T23:27:00Z" user="TokyoJoe" uid="1973844" lat="37.6723813" lon="-97.1831536"/>
 <node id="7880077350" visible="true" version="1" changeset="90466345" timestamp="2020-09-05T23:27:00Z" user="TokyoJoe" uid="1973844" lat="37.6724010" lon="-97.1831864"/>
 <node id="7880077351" visible="true" version="1" changeset="90466345" timestamp="2020-09-05T23:27:00Z" user="TokyoJoe" uid="1973844" lat="37.6724264" lon="-97.1832152"/>
 <node id="7880077352" visible="true" version="1" changeset="90466345" timestamp="2020-09-05T23:27:00Z" user="TokyoJoe" uid="1973844" lat="37.6724535" lon="-97.1832193"/>
 <node id="7880077353" visible="true" version="1" changeset="90466345" timestamp="2020-09-05T23:27:00Z" user="TokyoJoe" uid="1973844" lat="37.6724737" lon="-97.1832038"/>
 <node id="7880077354" visible="true" version="1" changeset="90466345" timestamp="2020-09-05T23:27:00Z" user="TokyoJoe" uid="1973844" lat="37.6724758" lon="-97.1828511"/>
 <node id="7880077355" visible="true" version="1" changeset="90466345" timestamp="2020-09-05T23:27:00Z" user="TokyoJoe" uid="1973844" lat="37.6725151" lon="-97.1827063"/>
 <node id="7880077356" visible="true" version="1" changeset="90466345" timestamp="2020-09-05T23:27:00Z" user="TokyoJoe" uid="1973844" lat="37.6725501" lon="-97.1826111"/>
 <node id="7880077357" visible="true" version="1" changeset="90466345" timestamp="2020-09-05T23:27:00Z" user="TokyoJoe" uid="1973844" lat="37.6725862" lon="-97.1825212"/>
 <node id="7880077358" visible="true" version="1" changeset="90466345" timestamp="2020-09-05T23:27:00Z" user="TokyoJoe" uid="1973844" lat="37.6725501" lon="-97.1824381"/>
 <node id="7880077359" visible="true" version="1" changeset="90466345" timestamp="2020-09-05T23:27:00Z" user="TokyoJoe" uid="1973844" lat="37.6721807" lon="-97.1824756"/>
 <node id="7880077360" visible="true" version="1" changeset="90466345" timestamp="2020-09-05T23:27:00Z" user="TokyoJoe" uid="1973844" lat="37.6722062" lon="-97.1804881"/>
 <node id="7880077361" visible="true" version="1" changeset="90466345" timestamp="2020-09-05T23:27:00Z" user="TokyoJoe" uid="1973844" lat="37.6751762" lon="-97.1804827"/>
 <node id="7880077362" visible="true" version="2" changeset="134628193" timestamp="2023-04-07T18:23:29Z" user="ICT_maps" uid="18862646" lat="37.6767805" lon="-97.1805270"/>
 <node id="7880077364" visible="true" version="2" changeset="134628193" timestamp="2023-04-07T18:23:29Z" user="ICT_maps" uid="18862646" lat="37.6766829" lon="-97.1810528"/>
 <node id="7880077365" visible="true" version="2" changeset="134628193" timestamp="2023-04-07T18:23:29Z" user="ICT_maps" uid="18862646" lat="37.6753128" lon="-97.1837808"/>
 <node id="7880077369" visible="true" version="2" changeset="134628193" timestamp="2023-04-07T18:23:29Z" user="ICT_maps" uid="18862646" lat="37.6750730" lon="-97.1836449"/>
 <node id="7880077370" visible="true" version="2" changeset="134628193" timestamp="2023-04-07T18:23:29Z" user="ICT_maps" uid="18862646" lat="37.6742258" lon="-97.1834283"/>
 <node id="7880077371" visible="true" version="1" changeset="90466345" timestamp="2020-09-05T23:27:00Z" user="TokyoJoe" uid="1973844" lat="37.6733526" lon="-97.1832454"/>
 <node id="7880077372" visible="true" version="1" changeset="90466345" timestamp="2020-09-05T23:27:00Z" user="TokyoJoe" uid="1973844" lat="37.6731594" lon="-97.1831462"/>
 <node id="7880077373" visible="true" version="1" changeset="90466345" timestamp="2020-09-05T23:27:00Z" user="TokyoJoe" uid="1973844" lat="37.6731318" lon="-97.1831127"/>
 <node id="7880077374" visible="true" version="1" changeset="90466345" timestamp="2020-09-05T23:27:00Z" user="TokyoJoe" uid="1973844" lat="37.6731308" lon="-97.1830282"/>
 <node id="7880077375" visible="true" version="1" changeset="90466345" timestamp="2020-09-05T23:27:00Z" user="TokyoJoe" uid="1973844" lat="37.6731116" lon="-97.1829665"/>
 <node id="7880077376" visible="true" version="1" changeset="90466345" timestamp="2020-09-05T23:27:00Z" user="TokyoJoe" uid="1973844" lat="37.6730628" lon="-97.1829745"/>
 <node id="7880077377" visible="true" version="1" changeset="90466345" timestamp="2020-09-05T23:27:00Z" user="TokyoJoe" uid="1973844" lat="37.6730182" lon="-97.1829852"/>
 <node id="7880077378" visible="true" version="1" changeset="90466345" timestamp="2020-09-05T23:27:00Z" user="TokyoJoe" uid="1973844" lat="37.6729790" lon="-97.1829692"/>
 <node id="7880077379" visible="true" version="1" changeset="90466345" timestamp="2020-09-05T23:27:00Z" user="TokyoJoe" uid="1973844" lat="37.6730087" lon="-97.1827197"/>
 <node id="7880077380" visible="true" version="1" changeset="90466345" timestamp="2020-09-05T23:27:00Z" user="TokyoJoe" uid="1973844" lat="37.6729853" lon="-97.1825762"/>
 <node id="7880077381" visible="true" version="1" changeset="90466345" timestamp="2020-09-05T23:27:00Z" user="TokyoJoe" uid="1973844" lat="37.6729323" lon="-97.1825749"/>
 <node id="7880077382" visible="true" version="1" changeset="90466345" timestamp="2020-09-05T23:27:00Z" user="TokyoJoe" uid="1973844" lat="37.6728739" lon="-97.1827935"/>
 <node id="7880077383" visible="true" version="1" changeset="90466345" timestamp="2020-09-05T23:27:00Z" user="TokyoJoe" uid="1973844" lat="37.6728463" lon="-97.1828190"/>
 <node id="7880077384" visible="true" version="1" changeset="90466345" timestamp="2020-09-05T23:27:00Z" user="TokyoJoe" uid="1973844" lat="37.6728059" lon="-97.1828176"/>
 <node id="7880077385" visible="true" version="1" changeset="90466345" timestamp="2020-09-05T23:27:00Z" user="TokyoJoe" uid="1973844" lat="37.6727741" lon="-97.1827774"/>
 <node id="7880077386" visible="true" version="1" changeset="90466345" timestamp="2020-09-05T23:27:00Z" user="TokyoJoe" uid="1973844" lat="37.6727274" lon="-97.1827734"/>
 <node id="7880077387" visible="true" version="1" changeset="90466345" timestamp="2020-09-05T23:27:00Z" user="TokyoJoe" uid="1973844" lat="37.6726839" lon="-97.1828243"/>
 <node id="7880077388" visible="true" version="1" changeset="90466345" timestamp="2020-09-05T23:27:00Z" user="TokyoJoe" uid="1973844" lat="37.6726616" lon="-97.1829651"/>
 <node id="7880077389" visible="true" version="1" changeset="90466345" timestamp="2020-09-05T23:27:00Z" user="TokyoJoe" uid="1973844" lat="37.6726658" lon="-97.1831945"/>
 <node id="7880077390" visible="true" version="1" changeset="90466345" timestamp="2020-09-05T23:27:00Z" user="TokyoJoe" uid="1973844" lat="37.6726913" lon="-97.1833822"/>
 <node id="7880077391" visible="true" version="1" changeset="90466345" timestamp="2020-09-05T23:27:00Z" user="TokyoJoe" uid="1973844" lat="37.6730384" lon="-97.1833929"/>
 <node id="7880077392" visible="true" version="1" changeset="90466345" timestamp="2020-09-05T23:27:00Z" user="TokyoJoe" uid="1973844" lat="37.6731722" lon="-97.1842459"/>
 <node id="7880077393" visible="true" version="1" changeset="90466345" timestamp="2020-09-05T23:27:00Z" user="TokyoJoe" uid="1973844" lat="37.6736456" lon="-97.1845704"/>
 <node id="7880077394" visible="true" version="1" changeset="90466345" timestamp="2020-09-05T23:27:00Z" user="TokyoJoe" uid="1973844" lat="37.6738324" lon="-97.1845812"/>
 <node id="7880077395" visible="true" version="1" changeset="90466345" timestamp="2020-09-05T23:27:00Z" user="TokyoJoe" uid="1973844" lat="37.6740192" lon="-97.1835271"/>
 <node id="7880077396" visible="true" version="1" changeset="90466345" timestamp="2020-09-05T23:27:00Z" user="TokyoJoe" uid="1973844" lat="37.6750446" lon="-97.1838731"/>
 <node id="7880077397" visible="true" version="1" changeset="90466345" timestamp="2020-09-05T23:27:00Z" user="TokyoJoe" uid="1973844" lat="37.6751953" lon="-97.1840903"/>
 <node id="7880077398" visible="true" version="1" changeset="90466345" timestamp="2020-09-05T23:27:00Z" user="TokyoJoe" uid="1973844" lat="37.6759150" lon="-97.1843639"/>
 <node id="7880077399" visible="true" version="1" changeset="90466345" timestamp="2020-09-05T23:27:00Z" user="TokyoJoe" uid="1973844" lat="37.6752208" lon="-97.1862441"/>
 <node id="7880077400" visible="true" version="1" changeset="90466345" timestamp="2020-09-05T23:27:00Z" user="TokyoJoe" uid="1973844" lat="37.6751911" lon="-97.1864319"/>
 <node id="7880077401" visible="true" version="1" changeset="90466345" timestamp="2020-09-05T23:27:00Z" user="TokyoJoe" uid="1973844" lat="37.6745903" lon="-97.1880224"/>
 <node id="7880077402" visible="true" version="1" changeset="90466345" timestamp="2020-09-05T23:27:00Z" user="TokyoJoe" uid="1973844" lat="37.6745797" lon="-97.1893689"/>
 <node id="7880077403" visible="true" version="1" changeset="90466345" timestamp="2020-09-05T23:27:00Z" user="TokyoJoe" uid="1973844" lat="37.6738592" lon="-97.1873114"/>
 <node id="7880077404" visible="true" version="1" changeset="90466345" timestamp="2020-09-05T23:27:00Z" user="TokyoJoe" uid="1973844" lat="37.6738987" lon="-97.1871667"/>
 <node id="7880077405" visible="true" version="1" changeset="90466345" timestamp="2020-09-05T23:27:00Z" user="TokyoJoe" uid="1973844" lat="37.6738812" lon="-97.1872392"/>
 <node id="7880077712" visible="true" version="1" changeset="90466345" timestamp="2020-09-05T23:27:00Z" user="TokyoJoe" uid="1973844" lat="37.6719812" lon="-97.1836495"/>
 <node id="8835033690" visible="true" version="1" changeset="106383019" timestamp="2021-06-15T08:09:41Z" user="pachpora" uid="11705753" lat="37.6749398" lon="-97.1828116"/>
 <node id="8835033691" visible="true" version="1" changeset="106383019" timestamp="2021-06-15T08:09:41Z" user="pachpora" uid="11705753" lat="37.6749977" lon="-97.1826185"/>
 <node id="8835033692" visible="true" version="1" changeset="106383019" timestamp="2021-06-15T08:09:41Z" user="pachpora" uid="11705753" lat="37.6750797" lon="-97.1823929"/>
 <node id="8835033693" visible="true" version="1" changeset="106383019" timestamp="2021-06-15T08:09:41Z" user="pachpora" uid="11705753" lat="37.6754112" lon="-97.1814863"/>
 <node id="9813687478" visible="true" version="1" changeset="122305603" timestamp="2022-06-13T05:09:59Z" user="boopington" uid="8649216" lat="37.6745089" lon="-97.1896843"/>
 <node id="9813687479" visible="true" version="1" changeset="122305603" timestamp="2022-06-13T05:09:59Z" user="boopington" uid="8649216" lat="37.6744959" lon="-97.1896157"/>
 <node id="9813687480" visible="true" version="1" changeset="122305603" timestamp="2022-06-13T05:09:59Z" user="boopington" uid="8649216" lat="37.6744874" lon="-97.1895385">
  <tag k="highway" v="crossing"/>
 </node>
 <node id="10793588776" visible="true" version="1" changeset="134628193" timestamp="2023-04-07T18:23:29Z" user="ICT_maps" uid="18862646" lat="37.6746492" lon="-97.1830541"/>
 <node id="10793588777" visible="true" version="1" changeset="134628193" timestamp="2023-04-07T18:23:29Z" user="ICT_maps" uid="18862646" lat="37.6751166" lon="-97.1831803"/>
 <node id="10793588778" visible="true" version="1" changeset="134628193" timestamp="2023-04-07T18:23:29Z" user="ICT_maps" uid="18862646" lat="37.6753679" lon="-97.1834138"/>
 <node id="10793588779" visible="true" version="1" changeset="134628193" timestamp="2023-04-07T18:23:29Z" user="ICT_maps" uid="18862646" lat="37.6754603" lon="-97.1835259"/>
 <node id="10793588780" visible="true" version="1" changeset="134628193" timestamp="2023-04-07T18:23:29Z" user="ICT_maps" uid="18862646" lat="37.6734521" lon="-97.1848120"/>
 <node id="10793588781" visible="true" version="1" changeset="134628193" timestamp="2023-04-07T18:23:29Z" user="ICT_maps" uid="18862646" lat="37.6733841" lon="-97.1849031"/>
 <node id="10793588782" visible="true" version="2" changeset="176113086" timestamp="2025-12-18T20:54:45Z" user="ICT_maps" uid="18862646" lat="37.6755468" lon="-97.1811434"/>
 <node id="10793588783" visible="true" version="2" changeset="176113086" timestamp="2025-12-18T20:54:45Z" user="ICT_maps" uid="18862646" lat="37.6755945" lon="-97.1810938"/>
 <node id="10793588784" visible="true" version="2" changeset="176113086" timestamp="2025-12-18T20:54:45Z" user="ICT_maps" uid="18862646" lat="37.6756451" lon="-97.1810585"/>
 <node id="10793588785" visible="true" version="2" changeset="176113086" timestamp="2025-12-18T20:54:45Z" user="ICT_maps" uid="18862646" lat="37.6756926" lon="-97.1810409"/>
 <node id="10793588786" visible="true" version="2" changeset="176113086" timestamp="2025-12-18T20:54:45Z" user="ICT_maps" uid="18862646" lat="37.6758015" lon="-97.1810303"/>
 <node id="10793588787" visible="true" version="2" changeset="176113086" timestamp="2025-12-18T20:54:45Z" user="ICT_maps" uid="18862646" lat="37.6763141" lon="-97.1810231"/>
 <node id="10793588788" visible="true" version="2" changeset="176113086" timestamp="2025-12-18T20:54:45Z" user="ICT_maps" uid="18862646" lat="37.6764820" lon="-97.1810480"/>
 <node id="10793588789" visible="true" version="1" changeset="134628193" timestamp="2023-04-07T18:23:29Z" user="ICT_maps" uid="18862646" lat="37.6766082" lon="-97.1810792"/>
 <node id="10793588790" visible="true" version="1" changeset="134628193" timestamp="2023-04-07T18:23:29Z" user="ICT_maps" uid="18862646" lat="37.6767035" lon="-97.1811288"/>
 <node id="10793588791" visible="true" version="1" changeset="134628193" timestamp="2023-04-07T18:23:29Z" user="ICT_maps" uid="18862646" lat="37.6759948" lon="-97.1826507"/>
 <node id="10793588792" visible="true" version="1" changeset="134628193" timestamp="2023-04-07T18:23:29Z" user="ICT_maps" uid="18862646" lat="37.6760480" lon="-97.1824878"/>
 <node id="10793588793" visible="true" version="1" changeset="134628193" timestamp="2023-04-07T18:23:29Z" user="ICT_maps" uid="18862646" lat="37.6760900" lon="-97.1823463"/>
 <node id="10793588794" visible="true" version="1" changeset="134628193" timestamp="2023-04-07T18:23:29Z" user="ICT_maps" uid="18862646" lat="37.6761657" lon="-97.1821729"/>
 <node id="10793588795" visible="true" version="1" changeset="134628193" timestamp="2023-04-07T18:23:29Z" user="ICT_maps" uid="18862646" lat="37.6762525" lon="-97.1819888"/>
 <node id="10793588796" visible="true" version="1" changeset="134628193" timestamp="2023-04-07T18:23:29Z" user="ICT_maps" uid="18862646" lat="37.6763337" lon="-97.1818473"/>
 <node id="10793588797" visible="true" version="1" changeset="134628193" timestamp="2023-04-07T18:23:29Z" user="ICT_maps" uid="18862646" lat="37.6764290" lon="-97.1816915"/>
 <node id="10793588798" visible="true" version="1" changeset="134628193" timestamp="2023-04-07T18:23:29Z" user="ICT_maps" uid="18862646" lat="37.6765326" lon="-97.1814969"/>
 <node id="10793588799" visible="true" version="1" changeset="134628193" timestamp="2023-04-07T18:23:29Z" user="ICT_maps" uid="18862646" lat="37.6766250" lon="-97.1813341"/>
 <node id="10793588800" visible="true" version="1" changeset="134628193" timestamp="2023-04-07T18:23:29Z" user="ICT_maps" uid="18862646" lat="37.6767427" lon="-97.1810191"/>
 <node id="10793588801" visible="true" version="1" changeset="134628193" timestamp="2023-04-07T18:23:29Z" user="ICT_maps" uid="18862646" lat="37.6767931" lon="-97.1808563"/>
 <node id="10793588802" visible="true" version="1" changeset="134628193" timestamp="2023-04-07T18:23:29Z" user="ICT_maps" uid="18862646" lat="37.6768239" lon="-97.1806439"/>
 <node id="10793590427" visible="true" version="1" changeset="134628193" timestamp="2023-04-07T18:23:29Z" user="ICT_maps" uid="18862646" lat="37.6576680" lon="-97.1803754"/>
 <node id="10830644125" visible="true" version="1" changeset="135207681" timestamp="2023-04-21T19:39:25Z" user="ICT_maps" uid="18862646" lat="37.6631011" lon="-97.1714878"/>
 <node id="11377013071" visible="true" version="1" changeset="144458869" timestamp="2023-11-26T02:52:18Z" user="Local-Mapper" uid="10661773" lat="37.6756820" lon="-97.2076646">
  <tag k="power" v="pole"/>
 </node>
 <node id="11377013100" visible="true" version="1" changeset="144458869" timestamp="2023-11-26T02:52:18Z" user="Local-Mapper" uid="10661773" lat="37.6757013" lon="-97.2055877">
  <tag k="power" v="pole"/>
 </node>
 <node id="11377013101" visible="true" version="1" changeset="144458869" timestamp="2023-11-26T02:52:18Z" user="Local-Mapper" uid="10661773" lat="37.6757023" lon="-97.2044616">
  <tag k="power" v="pole"/>
 </node>
 <node id="11377013102" visible="true" version="1" changeset="144458869" timestamp="2023-11-26T02:52:18Z" user="Local-Mapper" uid="10661773" lat="37.6757059" lon="-97.2033306">
  <tag k="power" v="pole"/>
 </node>
 <node id="11377013103" visible="true" version="1" changeset="144458869" timestamp="2023-11-26T02:52:18Z" user="Local-Mapper" uid="10661773" lat="37.6757125" lon="-97.2022036">
  <tag k="power" v="pole"/>
 </node>
 <node id="11377013104" visible="true" version="1" changeset="144458869" timestamp="2023-11-26T02:52:18Z" user="Local-Mapper" uid="10661773" lat="37.6757149" lon="-97.2010770">
  <tag k="power" v="pole"/>
 </node>
 <node id="11377013105" visible="true" version="1" changeset="144458869" timestamp="2023-11-26T02:52:18Z" user="Local-Mapper" uid="10661773" lat="37.6757765" lon="-97.1986915">
  <tag k="power" v="pole"/>
 </node>
 <node id="11377013106" visible="true" version="1" changeset="144458869" timestamp="2023-11-26T02:52:18Z" user="Local-Mapper" uid="10661773" lat="37.6759903" lon="-97.1974236">
  <tag k="power" v="pole"/>
 </node>
 <node id="11377013107" visible="true" version="1" changeset="144458869" timestamp="2023-11-26T02:52:18Z" user="Local-Mapper" uid="10661773" lat="37.6765378" lon="-97.1963262">
  <tag k="power" v="pole"/>
 </node>
 <node id="11377013108" visible="true" version="1" changeset="144458869" timestamp="2023-11-26T02:52:18Z" user="Local-Mapper" uid="10661773" lat="37.6760551" lon="-97.1942405">
  <tag k="power" v="pole"/>
 </node>
 <node id="11377013109" visible="true" version="1" changeset="144458869" timestamp="2023-11-26T02:52:18Z" user="Local-Mapper" uid="10661773" lat="37.6758509" lon="-97.1932673">
  <tag k="power" v="pole"/>
 </node>
 <node id="11377013110" visible="true" version="1" changeset="144458869" timestamp="2023-11-26T02:52:18Z" user="Local-Mapper" uid="10661773" lat="37.6760710" lon="-97.1921799">
  <tag k="power" v="pole"/>
 </node>
 <node id="11377013111" visible="true" version="1" changeset="144458869" timestamp="2023-11-26T02:52:18Z" user="Local-Mapper" uid="10661773" lat="37.6762494" lon="-97.1912350">
  <tag k="power" v="pole"/>
 </node>
 <node id="11377013112" visible="true" version="1" changeset="144458869" timestamp="2023-11-26T02:52:18Z" user="Local-Mapper" uid="10661773" lat="37.6764637" lon="-97.1902621">
  <tag k="power" v="pole"/>
 </node>
 <node id="11377013113" visible="true" version="1" changeset="144458869" timestamp="2023-11-26T02:52:18Z" user="Local-Mapper" uid="10661773" lat="37.6765592" lon="-97.1891584">
  <tag k="power" v="pole"/>
 </node>
 <node id="11377013114" visible="true" version="1" changeset="144458869" timestamp="2023-11-26T02:52:18Z" user="Local-Mapper" uid="10661773" lat="37.6766733" lon="-97.1881554">
  <tag k="power" v="pole"/>
 </node>
 <node id="11377013115" visible="true" version="1" changeset="144458869" timestamp="2023-11-26T02:52:18Z" user="Local-Mapper" uid="10661773" lat="37.6767806" lon="-97.1870897">
  <tag k="power" v="pole"/>
 </node>
 <node id="11377013116" visible="true" version="1" changeset="144458869" timestamp="2023-11-26T02:52:18Z" user="Local-Mapper" uid="10661773" lat="37.6768850" lon="-97.1860301">
  <tag k="power" v="pole"/>
 </node>
 <node id="11377013117" visible="true" version="1" changeset="144458869" timestamp="2023-11-26T02:52:18Z" user="Local-Mapper" uid="10661773" lat="37.6769925" lon="-97.1849975">
  <tag k="power" v="pole"/>
 </node>
 <node id="11377013118" visible="true" version="1" changeset="144458869" timestamp="2023-11-26T02:52:18Z" user="Local-Mapper" uid="10661773" lat="37.6771048" lon="-97.1838656">
  <tag k="power" v="pole"/>
 </node>
 <node id="11377013119" visible="true" version="1" changeset="144458869" timestamp="2023-11-26T02:52:18Z" user="Local-Mapper" uid="10661773" lat="37.6771793" lon="-97.1827948">
  <tag k="power" v="pole"/>
 </node>
 <node id="11377013120" visible="true" version="1" changeset="144458869" timestamp="2023-11-26T02:52:18Z" user="Local-Mapper" uid="10661773" lat="37.6775132" lon="-97.1817833">
  <tag k="power" v="pole"/>
 </node>
 <node id="11377013121" visible="true" version="1" changeset="144458869" timestamp="2023-11-26T02:52:18Z" user="Local-Mapper" uid="10661773" lat="37.6778561" lon="-97.1806441">
  <tag k="power" v="pole"/>
 </node>
 <node id="11377013122" visible="true" version="1" changeset="144458869" timestamp="2023-11-26T02:52:18Z" user="Local-Mapper" uid="10661773" lat="37.6807500" lon="-97.1806475">
  <tag k="power" v="pole"/>
 </node>
 <node id="11377013123" visible="true" version="1" changeset="144458869" timestamp="2023-11-26T02:52:18Z" user="Local-Mapper" uid="10661773" lat="37.6807717" lon="-97.1793102">
  <tag k="power" v="pole"/>
 </node>
 <node id="11377013124" visible="true" version="1" changeset="144458869" timestamp="2023-11-26T02:52:18Z" user="Local-Mapper" uid="10661773" lat="37.6807629" lon="-97.1770504">
  <tag k="power" v="pole"/>
 </node>
 <node id="11377013125" visible="true" version="1" changeset="144458869" timestamp="2023-11-26T02:52:18Z" user="Local-Mapper" uid="10661773" lat="37.6807732" lon="-97.1757155">
  <tag k="power" v="pole"/>
 </node>
 <node id="11377013126" visible="true" version="1" changeset="144458869" timestamp="2023-11-26T02:52:18Z" user="Local-Mapper" uid="10661773" lat="37.6807663" lon="-97.1746644">
  <tag k="power" v="pole"/>
 </node>
 <node id="11377013127" visible="true" version="1" changeset="144458869" timestamp="2023-11-26T02:52:18Z" user="Local-Mapper" uid="10661773" lat="37.6807767" lon="-97.1734281">
  <tag k="power" v="pole"/>
 </node>
 <node id="11377013128" visible="true" version="1" changeset="144458869" timestamp="2023-11-26T02:52:18Z" user="Local-Mapper" uid="10661773" lat="37.6807812" lon="-97.1721849">
  <tag k="power" v="pole"/>
 </node>
 <node id="11377013129" visible="true" version="1" changeset="144458869" timestamp="2023-11-26T02:52:18Z" user="Local-Mapper" uid="10661773" lat="37.6807830" lon="-97.1709687">
  <tag k="power" v="pole"/>
 </node>
 <node id="11377013130" visible="true" version="1" changeset="144458869" timestamp="2023-11-26T02:52:18Z" user="Local-Mapper" uid="10661773" lat="37.6807839" lon="-97.1699070">
  <tag k="power" v="pole"/>
 </node>
 <node id="11377013131" visible="true" version="1" changeset="144458869" timestamp="2023-11-26T02:52:18Z" user="Local-Mapper" uid="10661773" lat="37.6807875" lon="-97.1688837">
  <tag k="power" v="pole"/>
 </node>
 <node id="11377013132" visible="true" version="1" changeset="144458869" timestamp="2023-11-26T02:52:18Z" user="Local-Mapper" uid="10661773" lat="37.6807943" lon="-97.1678580">
  <tag k="power" v="pole"/>
 </node>
 <node id="11377013133" visible="true" version="1" changeset="144458869" timestamp="2023-11-26T02:52:18Z" user="Local-Mapper" uid="10661773" lat="37.6807945" lon="-97.1668049">
  <tag k="power" v="pole"/>
 </node>
 <node id="11377013134" visible="true" version="1" changeset="144458869" timestamp="2023-11-26T02:52:18Z" user="Local-Mapper" uid="10661773" lat="37.6802380" lon="-97.1668045">
  <tag k="power" v="pole"/>
 </node>
 <node id="11377013135" visible="true" version="1" changeset="144458869" timestamp="2023-11-26T02:52:18Z" user="Local-Mapper" uid="10661773" lat="37.6802312" lon="-97.1656818">
  <tag k="power" v="pole"/>
 </node>
 <node id="11377013136" visible="true" version="1" changeset="144458869" timestamp="2023-11-26T02:52:18Z" user="Local-Mapper" uid="10661773" lat="37.6802314" lon="-97.1646279">
  <tag k="power" v="pole"/>
 </node>
 <node id="11377013137" visible="true" version="1" changeset="144458869" timestamp="2023-11-26T02:52:18Z" user="Local-Mapper" uid="10661773" lat="37.6802267" lon="-97.1635976">
  <tag k="power" v="pole"/>
 </node>
 <node id="11377013138" visible="true" version="1" changeset="144458869" timestamp="2023-11-26T02:52:18Z" user="Local-Mapper" uid="10661773" lat="37.6802182" lon="-97.1624021">
  <tag k="power" v="pole"/>
 </node>
 <node id="11377013139" visible="true" version="1" changeset="144458869" timestamp="2023-11-26T02:52:18Z" user="Local-Mapper" uid="10661773" lat="37.6796536" lon="-97.1624018">
  <tag k="power" v="pole"/>
 </node>
 <node id="12834027934" visible="true" version="1" changeset="166213033" timestamp="2025-05-13T16:49:17Z" user="ICT_maps" uid="18862646" lat="37.6672242" lon="-97.1769537"/>
 <node id="12834027946" visible="true" version="1" changeset="166213033" timestamp="2025-05-13T16:49:17Z" user="ICT_maps" uid="18862646" lat="37.6611694" lon="-97.1803888"/>
 <node id="12871000762" visible="true" version="1" changeset="166875472" timestamp="2025-05-28T13:07:11Z" user="ICT_maps" uid="18862646" lat="37.6721154" lon="-97.1802956"/>
 <node id="12873565506" visible="true" version="1" changeset="166933620" timestamp="2025-05-29T17:01:57Z" user="ICT_maps" uid="18862646" lat="37.6965067" lon="-97.1893714"/>
 <node id="12873565507" visible="true" version="1" changeset="166933620" timestamp="2025-05-29T17:01:57Z" user="ICT_maps" uid="18862646" lat="37.7005474" lon="-97.1893757"/>
 <node id="13271032892" visible="true" version="1" changeset="173992532" timestamp="2025-10-30T19:32:24Z" user="ICT_maps" uid="18862646" lat="37.6757660" lon="-97.1667730"/>
 <node id="13271038114" visible="true" version="1" changeset="173992532" timestamp="2025-10-30T19:32:24Z" user="ICT_maps" uid="18862646" lat="37.6753478" lon="-97.1840713"/>
 <node id="13271038115" visible="true" version="1" changeset="173992532" timestamp="2025-10-30T19:32:24Z" user="ICT_maps" uid="18862646" lat="37.6755941" lon="-97.1836215"/>
 <node id="13271038116" visible="true" version="1" changeset="173992532" timestamp="2025-10-30T19:32:24Z" user="ICT_maps" uid="18862646" lat="37.6755275" lon="-97.1835739">
  <tag k="highway" v="crossing"/>
 </node>
 <node id="13271038117" visible="true" version="1" changeset="173992532" timestamp="2025-10-30T19:32:24Z" user="ICT_maps" uid="18862646" lat="37.6755842" lon="-97.1833215"/>
 <node id="13271038118" visible="true" version="1" changeset="173992532" timestamp="2025-10-30T19:32:24Z" user="ICT_maps" uid="18862646" lat="37.6757548" lon="-97.1830776"/>
 <node id="13271038119" visible="true" version="1" changeset="173992532" timestamp="2025-10-30T19:32:24Z" user="ICT_maps" uid="18862646" lat="37.6758127" lon="-97.1829597"/>
 <node id="13271038120" visible="true" version="1" changeset="173992532" timestamp="2025-10-30T19:32:24Z" user="ICT_maps" uid="18862646" lat="37.6758899" lon="-97.1827523"/>
 <node id="13271038121" visible="true" version="1" changeset="173992532" timestamp="2025-10-30T19:32:24Z" user="ICT_maps" uid="18862646" lat="37.6759832" lon="-97.1824393"/>
 <node id="13271038122" visible="true" version="1" changeset="173992532" timestamp="2025-10-30T19:32:24Z" user="ICT_maps" uid="18862646" lat="37.6760380" lon="-97.1822604"/>
 <node id="13271038123" visible="true" version="1" changeset="173992532" timestamp="2025-10-30T19:32:24Z" user="ICT_maps" uid="18862646" lat="37.6761023" lon="-97.1820937"/>
 <node id="13271038124" visible="true" version="1" changeset="173992532" timestamp="2025-10-30T19:32:24Z" user="ICT_maps" uid="18862646" lat="37.6762117" lon="-97.1819189"/>
 <node id="13271038125" visible="true" version="1" changeset="173992532" timestamp="2025-10-30T19:32:24Z" user="ICT_maps" uid="18862646" lat="37.6763887" lon="-97.1816221"/>
 <node id="13271038126" visible="true" version="1" changeset="173992532" timestamp="2025-10-30T19:32:24Z" user="ICT_maps" uid="18862646" lat="37.6766011" lon="-97.1812400"/>
 <node id="13271038127" visible="true" version="1" changeset="173992532" timestamp="2025-10-30T19:32:24Z" user="ICT_maps" uid="18862646" lat="37.6766847" lon="-97.1809920"/>
 <node id="13271038128" visible="true" version="1" changeset="173992532" timestamp="2025-10-30T19:32:24Z" user="ICT_maps" uid="18862646" lat="37.6767587" lon="-97.1804797"/>
 <node id="13271038129" visible="true" version="1" changeset="173992532" timestamp="2025-10-30T19:32:24Z" user="ICT_maps" uid="18862646" lat="37.6767587" lon="-97.1804065"/>
 <node id="13271038130" visible="true" version="1" changeset="173992532" timestamp="2025-10-30T19:32:24Z" user="ICT_maps" uid="18862646" lat="37.6767486" lon="-97.1806615"/>
 <node id="13271039179" visible="true" version="2" changeset="176113086" timestamp="2025-12-18T20:54:45Z" user="ICT_maps" uid="18862646" lat="37.6755190" lon="-97.1834265">
  <tag k="highway" v="crossing"/>
 </node>
 <node id="13271039180" visible="true" version="1" changeset="173992532" timestamp="2025-10-30T19:32:24Z" user="ICT_maps" uid="18862646" lat="37.6766483" lon="-97.1811000">
  <tag k="highway" v="crossing"/>
 </node>
 <node id="13379076219" visible="true" version="1" changeset="175978650" timestamp="2025-12-15T20:57:10Z" user="ICT_maps" uid="18862646" lat="37.6740674" lon="-97.1667815"/>
 <node id="13379076228" visible="true" version="1" changeset="175978650" timestamp="2025-12-15T20:57:10Z" user="ICT_maps" uid="18862646" lat="37.6737636" lon="-97.1667796"/>
 <node id="13379076229" visible="true" version="1" changeset="175978650" timestamp="2025-12-15T20:57:10Z" user="ICT_maps" uid="18862646" lat="37.6743982" lon="-97.1667836"/>
 <node id="13379076238" visible="true" version="1" changeset="175978650" timestamp="2025-12-15T20:57:10Z" user="ICT_maps" uid="18862646" lat="37.6741627" lon="-97.1667821"/>
 <node id="13379076239" visible="true" version="1" changeset="175978650" timestamp="2025-12-15T20:57:10Z" user="ICT_maps" uid="18862646" lat="37.6733764" lon="-97.1667772"/>
 <node id="13379076246" visible="true" version="1" changeset="175978650" timestamp="2025-12-15T20:57:10Z" user="ICT_maps" uid="18862646" lat="37.6729126" lon="-97.1667742"/>
 <node id="13387368170" visible="true" version="1" changeset="176113086" timestamp="2025-12-18T20:54:45Z" user="ICT_maps" uid="18862646" lat="37.6754552" lon="-97.1818480"/>
 <node id="13387368171" visible="true" version="1" changeset="176113086" timestamp="2025-12-18T20:54:45Z" user="ICT_maps" uid="18862646" lat="37.6753097" lon="-97.1817638"/>
 <node id="13387368172" visible="true" version="1" changeset="176113086" timestamp="2025-12-18T20:54:45Z" user="ICT_maps" uid="18862646" lat="37.6753425" lon="-97.1816743"/>
 <node id="13387368173" visible="true" version="1" changeset="176113086" timestamp="2025-12-18T20:54:45Z" user="ICT_maps" uid="18862646" lat="37.6752190" lon="-97.1816042"/>
 <node id="13387368174" visible="true" version="1" changeset="176113086" timestamp="2025-12-18T20:54:45Z" user="ICT_maps" uid="18862646" lat="37.6752629" lon="-97.1818918"/>
 <node id="13387368175" visible="true" version="1" changeset="176113086" timestamp="2025-12-18T20:54:45Z" user="ICT_maps" uid="18862646" lat="37.6751441" lon="-97.1818225"/>
 <node id="13387368176" visible="true" version="1" changeset="176113086" timestamp="2025-12-18T20:54:45Z" user="ICT_maps" uid="18862646" lat="37.6754820" lon="-97.1819017">
  <tag k="addr:city" v="Wichita"/>
  <tag k="addr:housenumber" v="13416"/>
  <tag k="addr:postcode" v="67230"/>
  <tag k="addr:state" v="KS"/>
  <tag k="addr:street" v="East Rose Street"/>
  <tag k="source" v="esri/USA_NAD_Addresses"/>
 </node>
 <node id="13387368177" visible="true" version="1" changeset="176113086" timestamp="2025-12-18T20:54:45Z" user="ICT_maps" uid="18862646" lat="37.6752014" lon="-97.1814700">
  <tag k="addr:city" v="Wichita"/>
  <tag k="addr:housenumber" v="13423"/>
  <tag k="addr:postcode" v="67230"/>
  <tag k="addr:state" v="KS"/>
  <tag k="addr:street" v="East Watson Street"/>
  <tag k="source" v="esri/USA_NAD_Addresses"/>
 </node>
 <node id="13387368178" visible="true" version="1" changeset="176113086" timestamp="2025-12-18T20:54:45Z" user="ICT_maps" uid="18862646" lat="37.6751101" lon="-97.1817359">
  <tag k="addr:city" v="Wichita"/>
  <tag k="addr:housenumber" v="13419"/>
  <tag k="addr:postcode" v="67230"/>
  <tag k="addr:state" v="KS"/>
  <tag k="addr:street" v="East Rose Street"/>
  <tag k="source" v="esri/USA_NAD_Addresses"/>
 </node>
 <node id="13387368179" visible="true" version="1" changeset="176113086" timestamp="2025-12-18T20:54:45Z" user="ICT_maps" uid="18862646" lat="37.6750035" lon="-97.1819549">
  <tag k="addr:city" v="Wichita"/>
  <tag k="addr:housenumber" v="13415"/>
  <tag k="addr:postcode" v="67230"/>
  <tag k="addr:state" v="KS"/>
  <tag k="addr:street" v="East Rose Street"/>
  <tag k="source" v="esri/USA_NAD_Addresses"/>
 </node>
 <node id="13387368180" visible="true" version="1" changeset="176113086" timestamp="2025-12-18T20:54:45Z" user="ICT_maps" uid="18862646" lat="37.6749307" lon="-97.1821705">
  <tag k="addr:city" v="Wichita"/>
  <tag k="addr:housenumber" v="13311"/>
  <tag k="addr:postcode" v="67230"/>
  <tag k="addr:state" v="KS"/>
  <tag k="addr:street" v="East Rose Street"/>
  <tag k="source" v="esri/USA_NAD_Addresses"/>
 </node>
 <node id="13387368181" visible="true" version="1" changeset="176113086" timestamp="2025-12-18T20:54:45Z" user="ICT_maps" uid="18862646" lat="37.6748471" lon="-97.1824597">
  <tag k="addr:city" v="Wichita"/>
  <tag k="addr:housenumber" v="13307"/>
  <tag k="addr:postcode" v="67230"/>
  <tag k="addr:state" v="KS"/>
  <tag k="addr:street" v="East Rose Street"/>
  <tag k="source" v="esri/USA_NAD_Addresses"/>
 </node>
 <node id="13387368182" visible="true" version="1" changeset="176113086" timestamp="2025-12-18T20:54:45Z" user="ICT_maps" uid="18862646" lat="37.6747563" lon="-97.1826951">
  <tag k="addr:city" v="Wichita"/>
  <tag k="addr:housenumber" v="13303"/>
  <tag k="addr:postcode" v="67230"/>
  <tag k="addr:state" v="KS"/>
  <tag k="addr:street" v="East Rose Street"/>
  <tag k="source" v="esri/USA_NAD_Addresses"/>
 </node>
 <node id="13387368183" visible="true" version="1" changeset="176113086" timestamp="2025-12-18T20:54:45Z" user="ICT_maps" uid="18862646" lat="37.6752323" lon="-97.1826863">
  <tag k="addr:city" v="Wichita"/>
  <tag k="addr:housenumber" v="13404"/>
  <tag k="addr:postcode" v="67230"/>
  <tag k="addr:state" v="KS"/>
  <tag k="addr:street" v="East Rose Street"/>
  <tag k="source" v="esri/USA_NAD_Addresses"/>
 </node>
 <node id="13387368184" visible="true" version="1" changeset="176113086" timestamp="2025-12-18T20:54:45Z" user="ICT_maps" uid="18862646" lat="37.6753226" lon="-97.1823814">
  <tag k="addr:city" v="Wichita"/>
  <tag k="addr:housenumber" v="13408"/>
  <tag k="addr:postcode" v="67230"/>
  <tag k="addr:state" v="KS"/>
  <tag k="addr:street" v="East Rose Street"/>
  <tag k="source" v="esri/USA_NAD_Addresses"/>
 </node>
 <node id="13387368185" visible="true" version="1" changeset="176113086" timestamp="2025-12-18T20:54:45Z" user="ICT_maps" uid="18862646" lat="37.6754002" lon="-97.1821163">
  <tag k="addr:city" v="Wichita"/>
  <tag k="addr:housenumber" v="13412"/>
  <tag k="addr:postcode" v="67230"/>
  <tag k="addr:state" v="KS"/>
  <tag k="addr:street" v="East Rose Street"/>
  <tag k="source" v="esri/USA_NAD_Addresses"/>
 </node>
 <node id="13387368186" visible="true" version="1" changeset="176113086" timestamp="2025-12-18T20:54:45Z" user="ICT_maps" uid="18862646" lat="37.6753509" lon="-97.1821039"/>
 <node id="13387368187" visible="true" version="1" changeset="176113086" timestamp="2025-12-18T20:54:45Z" user="ICT_maps" uid="18862646" lat="37.6752104" lon="-97.1820354"/>
 <node id="13387368188" visible="true" version="1" changeset="176113086" timestamp="2025-12-18T20:54:45Z" user="ICT_maps" uid="18862646" lat="37.6751766" lon="-97.1821280"/>
 <node id="13387368189" visible="true" version="1" changeset="176113086" timestamp="2025-12-18T20:54:45Z" user="ICT_maps" uid="18862646" lat="37.6750629" lon="-97.1820566"/>
 <node id="13387368190" visible="true" version="1" changeset="176113086" timestamp="2025-12-18T20:54:45Z" user="ICT_maps" uid="18862646" lat="37.6752876" lon="-97.1823223"/>
 <node id="13387368191" visible="true" version="1" changeset="176113086" timestamp="2025-12-18T20:54:45Z" user="ICT_maps" uid="18862646" lat="37.6751353" lon="-97.1822408"/>
 <node id="13387368192" visible="true" version="1" changeset="176113086" timestamp="2025-12-18T20:54:45Z" user="ICT_maps" uid="18862646" lat="37.6749564" lon="-97.1823223"/>
 <node id="13387368193" visible="true" version="1" changeset="176113086" timestamp="2025-12-18T20:54:45Z" user="ICT_maps" uid="18862646" lat="37.6749218" lon="-97.1824533"/>
 <node id="13387368194" visible="true" version="1" changeset="176113086" timestamp="2025-12-18T20:54:45Z" user="ICT_maps" uid="18862646" lat="37.6751752" lon="-97.1825770"/>
 <node id="13387368195" visible="true" version="1" changeset="176113086" timestamp="2025-12-18T20:54:45Z" user="ICT_maps" uid="18862646" lat="37.6752357" lon="-97.1829372"/>
 <node id="13387368196" visible="true" version="1" changeset="176113086" timestamp="2025-12-18T20:54:45Z" user="ICT_maps" uid="18862646" lat="37.6749538" lon="-97.1827650"/>
 <node id="13387368197" visible="true" version="1" changeset="176113086" timestamp="2025-12-18T20:54:45Z" user="ICT_maps" uid="18862646" lat="37.6748527" lon="-97.1827152"/>
 <node id="13387368198" visible="true" version="1" changeset="176113086" timestamp="2025-12-18T20:54:45Z" user="ICT_maps" uid="18862646" lat="37.6752609" lon="-97.1834442">
  <tag k="addr:city" v="Wichita"/>
  <tag k="addr:housenumber" v="703"/>
  <tag k="addr:postcode" v="67230"/>
  <tag k="addr:state" v="KS"/>
  <tag k="addr:street" v="South Glen Wood Street"/>
  <tag k="source" v="esri/USA_NAD_Addresses"/>
 </node>
 <node id="13387368199" visible="true" version="1" changeset="176113086" timestamp="2025-12-18T20:54:45Z" user="ICT_maps" uid="18862646" lat="37.6753591" lon="-97.1834860"/>
 <node id="13387368200" visible="true" version="1" changeset="176113086" timestamp="2025-12-18T20:54:45Z" user="ICT_maps" uid="18862646" lat="37.6754432" lon="-97.1833501"/>
 <node id="13387388039" visible="true" version="1" changeset="176113554" timestamp="2025-12-18T21:11:39Z" user="ICT_maps" uid="18862646" lat="37.6738196" lon="-97.1874108"/>
 <node id="13387388040" visible="true" version="1" changeset="176113554" timestamp="2025-12-18T21:11:39Z" user="ICT_maps" uid="18862646" lat="37.6737038" lon="-97.1873325"/>
 <node id="13387388041" visible="true" version="1" changeset="176113554" timestamp="2025-12-18T21:11:39Z" user="ICT_maps" uid="18862646" lat="37.6736688" lon="-97.1871966">
  <tag k="addr:city" v="Wichita"/>
  <tag k="addr:housenumber" v="771"/>
  <tag k="addr:postcode" v="67230"/>
  <tag k="addr:state" v="KS"/>
  <tag k="addr:street" v="South Peckham Court"/>
  <tag k="source" v="esri/USA_NAD_Addresses"/>
 </node>
 <node id="13387388042" visible="true" version="1" changeset="176113554" timestamp="2025-12-18T21:11:39Z" user="ICT_maps" uid="18862646" lat="37.6735577" lon="-97.1874430">
  <tag k="addr:city" v="Wichita"/>
  <tag k="addr:housenumber" v="767"/>
  <tag k="addr:postcode" v="67230"/>
  <tag k="addr:state" v="KS"/>
  <tag k="addr:street" v="South Peckham Court"/>
  <tag k="source" v="esri/USA_NAD_Addresses"/>
 </node>
 <node id="13387388043" visible="true" version="1" changeset="176113554" timestamp="2025-12-18T21:11:39Z" user="ICT_maps" uid="18862646" lat="37.6734673" lon="-97.1877395">
  <tag k="addr:city" v="Wichita"/>
  <tag k="addr:housenumber" v="763"/>
  <tag k="addr:postcode" v="67230"/>
  <tag k="addr:state" v="KS"/>
  <tag k="addr:street" v="South Peckham Court"/>
  <tag k="source" v="esri/USA_NAD_Addresses"/>
 </node>
 <node id="13387388044" visible="true" version="1" changeset="176113554" timestamp="2025-12-18T21:11:39Z" user="ICT_maps" uid="18862646" lat="37.6733295" lon="-97.1879947">
  <tag k="addr:city" v="Wichita"/>
  <tag k="addr:housenumber" v="759"/>
  <tag k="addr:postcode" v="67230"/>
  <tag k="addr:state" v="KS"/>
  <tag k="addr:street" v="South Peckham Court"/>
  <tag k="source" v="esri/USA_NAD_Addresses"/>
 </node>
 <node id="13387388045" visible="true" version="1" changeset="176113554" timestamp="2025-12-18T21:11:39Z" user="ICT_maps" uid="18862646" lat="37.6732443" lon="-97.1881647">
  <tag k="addr:city" v="Wichita"/>
  <tag k="addr:housenumber" v="755"/>
  <tag k="addr:postcode" v="67230"/>
  <tag k="addr:state" v="KS"/>
  <tag k="addr:street" v="South Peckham Court"/>
  <tag k="source" v="esri/USA_NAD_Addresses"/>
 </node>
 <node id="13387388046" visible="true" version="1" changeset="176113554" timestamp="2025-12-18T21:11:39Z" user="ICT_maps" uid="18862646" lat="37.6731138" lon="-97.1884703">
  <tag k="addr:city" v="Wichita"/>
  <tag k="addr:housenumber" v="751"/>
  <tag k="addr:postcode" v="67230"/>
  <tag k="addr:state" v="KS"/>
  <tag k="addr:street" v="South Peckham Court"/>
  <tag k="source" v="esri/USA_NAD_Addresses"/>
 </node>
 <node id="13387388047" visible="true" version="1" changeset="176113554" timestamp="2025-12-18T21:11:39Z" user="ICT_maps" uid="18862646" lat="37.6729550" lon="-97.1886416">
  <tag k="addr:city" v="Wichita"/>
  <tag k="addr:housenumber" v="747"/>
  <tag k="addr:postcode" v="67230"/>
  <tag k="addr:state" v="KS"/>
  <tag k="addr:street" v="South Peckham Court"/>
  <tag k="source" v="esri/USA_NAD_Addresses"/>
 </node>
 <node id="13387388048" visible="true" version="1" changeset="176113554" timestamp="2025-12-18T21:11:39Z" user="ICT_maps" uid="18862646" lat="37.6729245" lon="-97.1890619">
  <tag k="addr:city" v="Wichita"/>
  <tag k="addr:housenumber" v="743"/>
  <tag k="addr:postcode" v="67230"/>
  <tag k="addr:state" v="KS"/>
  <tag k="addr:street" v="South Peckham Court"/>
  <tag k="source" v="esri/USA_NAD_Addresses"/>
 </node>
 <node id="13387388049" visible="true" version="1" changeset="176113554" timestamp="2025-12-18T21:11:39Z" user="ICT_maps" uid="18862646" lat="37.6733679" lon="-97.1890304">
  <tag k="addr:city" v="Wichita"/>
  <tag k="addr:housenumber" v="739"/>
  <tag k="addr:postcode" v="67230"/>
  <tag k="addr:state" v="KS"/>
  <tag k="addr:street" v="South Peckham Court"/>
  <tag k="source" v="esri/USA_NAD_Addresses"/>
 </node>
 <node id="13387388050" visible="true" version="1" changeset="176113554" timestamp="2025-12-18T21:11:39Z" user="ICT_maps" uid="18862646" lat="37.6735386" lon="-97.1887240">
  <tag k="addr:city" v="Wichita"/>
  <tag k="addr:housenumber" v="735"/>
  <tag k="addr:postcode" v="67230"/>
  <tag k="addr:state" v="KS"/>
  <tag k="addr:street" v="South Peckham Court"/>
  <tag k="source" v="esri/USA_NAD_Addresses"/>
 </node>
 <node id="13387388051" visible="true" version="1" changeset="176113554" timestamp="2025-12-18T21:11:39Z" user="ICT_maps" uid="18862646" lat="37.6736293" lon="-97.1884528">
  <tag k="addr:city" v="Wichita"/>
  <tag k="addr:housenumber" v="729"/>
  <tag k="addr:postcode" v="67230"/>
  <tag k="addr:state" v="KS"/>
  <tag k="addr:street" v="South Peckham Court"/>
  <tag k="source" v="esri/USA_NAD_Addresses"/>
 </node>
 <node id="13387388052" visible="true" version="1" changeset="176113554" timestamp="2025-12-18T21:11:39Z" user="ICT_maps" uid="18862646" lat="37.6735366" lon="-97.1884386"/>
 <node id="13387388053" visible="true" version="1" changeset="176113554" timestamp="2025-12-18T21:11:39Z" user="ICT_maps" uid="18862646" lat="37.6733961" lon="-97.1883439"/>
 <node id="13387388054" visible="true" version="1" changeset="176113554" timestamp="2025-12-18T21:11:39Z" user="ICT_maps" uid="18862646" lat="37.6734086" lon="-97.1887125"/>
 <node id="13387388055" visible="true" version="1" changeset="176113554" timestamp="2025-12-18T21:11:39Z" user="ICT_maps" uid="18862646" lat="37.6732668" lon="-97.1886288"/>
 <node id="13387388056" visible="true" version="1" changeset="176113554" timestamp="2025-12-18T21:11:39Z" user="ICT_maps" uid="18862646" lat="37.6732496" lon="-97.1891743"/>
 <node id="13387388057" visible="true" version="1" changeset="176113554" timestamp="2025-12-18T21:11:39Z" user="ICT_maps" uid="18862646" lat="37.6731835" lon="-97.1891926"/>
 <node id="13387388058" visible="true" version="1" changeset="176113554" timestamp="2025-12-18T21:11:39Z" user="ICT_maps" uid="18862646" lat="37.6730080" lon="-97.1890282"/>
 <node id="13387388059" visible="true" version="1" changeset="176113554" timestamp="2025-12-18T21:11:39Z" user="ICT_maps" uid="18862646" lat="37.6730162" lon="-97.1887595"/>
 <node id="13387388060" visible="true" version="1" changeset="176113554" timestamp="2025-12-18T21:11:39Z" user="ICT_maps" uid="18862646" lat="37.6732818" lon="-97.1885957"/>
 <node id="13387388061" visible="true" version="1" changeset="176113554" timestamp="2025-12-18T21:11:39Z" user="ICT_maps" uid="18862646" lat="37.6731608" lon="-97.1885247"/>
 <node id="13387388062" visible="true" version="1" changeset="176113554" timestamp="2025-12-18T21:11:39Z" user="ICT_maps" uid="18862646" lat="37.6733709" lon="-97.1883995"/>
 <node id="13387388063" visible="true" version="1" changeset="176113554" timestamp="2025-12-18T21:11:39Z" user="ICT_maps" uid="18862646" lat="37.6732619" lon="-97.1883238"/>
 <node id="13387388064" visible="true" version="1" changeset="176113554" timestamp="2025-12-18T21:11:39Z" user="ICT_maps" uid="18862646" lat="37.6734768" lon="-97.1881661"/>
 <node id="13387388065" visible="true" version="1" changeset="176113554" timestamp="2025-12-18T21:11:39Z" user="ICT_maps" uid="18862646" lat="37.6733765" lon="-97.1880850"/>
 <node id="13387388066" visible="true" version="1" changeset="176113554" timestamp="2025-12-18T21:11:39Z" user="ICT_maps" uid="18862646" lat="37.6735987" lon="-97.1878976"/>
 <node id="13387388067" visible="true" version="1" changeset="176113554" timestamp="2025-12-18T21:11:39Z" user="ICT_maps" uid="18862646" lat="37.6734982" lon="-97.1878264"/>
 <node id="13387388068" visible="true" version="1" changeset="176113554" timestamp="2025-12-18T21:11:39Z" user="ICT_maps" uid="18862646" lat="37.6737119" lon="-97.1876479"/>
 <node id="13387388069" visible="true" version="1" changeset="176113554" timestamp="2025-12-18T21:11:39Z" user="ICT_maps" uid="18862646" lat="37.6735836" lon="-97.1875583"/>
 <node id="13387388070" visible="true" version="1" changeset="176113554" timestamp="2025-12-18T21:11:39Z" user="ICT_maps" uid="18862646" lat="37.6735355" lon="-97.1866513">
  <tag k="addr:city" v="Wichita"/>
  <tag k="addr:housenumber" v="804"/>
  <tag k="addr:postcode" v="67230"/>
  <tag k="addr:state" v="KS"/>
  <tag k="addr:street" v="South Peckham Street"/>
  <tag k="source" v="esri/USA_NAD_Addresses"/>
 </node>
 <node id="13387388071" visible="true" version="1" changeset="176113554" timestamp="2025-12-18T21:11:39Z" user="ICT_maps" uid="18862646" lat="37.6733276" lon="-97.1866297">
  <tag k="addr:city" v="Wichita"/>
  <tag k="addr:housenumber" v="808"/>
  <tag k="addr:postcode" v="67230"/>
  <tag k="addr:state" v="KS"/>
  <tag k="addr:street" v="South Peckham Street"/>
  <tag k="source" v="esri/USA_NAD_Addresses"/>
 </node>
 <node id="13387388072" visible="true" version="1" changeset="176113554" timestamp="2025-12-18T21:11:39Z" user="ICT_maps" uid="18862646" lat="37.6731401" lon="-97.1866331">
  <tag k="addr:city" v="Wichita"/>
  <tag k="addr:housenumber" v="812"/>
  <tag k="addr:postcode" v="67230"/>
  <tag k="addr:state" v="KS"/>
  <tag k="addr:street" v="South Peckham Street"/>
  <tag k="source" v="esri/USA_NAD_Addresses"/>
 </node>
 <node id="13387388073" visible="true" version="1" changeset="176113554" timestamp="2025-12-18T21:11:39Z" user="ICT_maps" uid="18862646" lat="37.6730484" lon="-97.1867373"/>
 <node id="13387388074" visible="true" version="1" changeset="176113554" timestamp="2025-12-18T21:11:39Z" user="ICT_maps" uid="18862646" lat="37.6730518" lon="-97.1869222"/>
 <node id="13387388075" visible="true" version="1" changeset="176113554" timestamp="2025-12-18T21:11:39Z" user="ICT_maps" uid="18862646" lat="37.6732739" lon="-97.1867439"/>
 <node id="13387388076" visible="true" version="1" changeset="176113554" timestamp="2025-12-18T21:11:39Z" user="ICT_maps" uid="18862646" lat="37.6732721" lon="-97.1869276"/>
 <node id="13387388077" visible="true" version="1" changeset="176113554" timestamp="2025-12-18T21:11:39Z" user="ICT_maps" uid="18862646" lat="37.6735642" lon="-97.1867594"/>
 <node id="13387388078" visible="true" version="1" changeset="176113554" timestamp="2025-12-18T21:11:39Z" user="ICT_maps" uid="18862646" lat="37.6735643" lon="-97.1869410"/>
 <node id="13387388079" visible="true" version="1" changeset="176113554" timestamp="2025-12-18T21:11:39Z" user="ICT_maps" uid="18862646" lat="37.6730500" lon="-97.1868230"/>
 <node id="13387388080" visible="true" version="1" changeset="176113554" timestamp="2025-12-18T21:11:39Z" user="ICT_maps" uid="18862646" lat="37.6732731" lon="-97.1868281"/>
 <node id="13387388081" visible="true" version="1" changeset="176113554" timestamp="2025-12-18T21:11:39Z" user="ICT_maps" uid="18862646" lat="37.6735642" lon="-97.1868357"/>
 <node id="13387388082" visible="true" version="1" changeset="176113554" timestamp="2025-12-18T21:11:39Z" user="ICT_maps" uid="18862646" lat="37.6731067" lon="-97.1872319">
  <tag k="addr:city" v="Wichita"/>
  <tag k="addr:housenumber" v="807"/>
  <tag k="addr:postcode" v="67230"/>
  <tag k="addr:state" v="KS"/>
  <tag k="addr:street" v="South Peckham Court"/>
  <tag k="source" v="esri/USA_NAD_Addresses"/>
 </node>
 <node id="13387388083" visible="true" version="1" changeset="176113554" timestamp="2025-12-18T21:11:39Z" user="ICT_maps" uid="18862646" lat="37.6730163" lon="-97.1875368">
  <tag k="addr:city" v="Wichita"/>
  <tag k="addr:housenumber" v="811"/>
  <tag k="addr:postcode" v="67230"/>
  <tag k="addr:state" v="KS"/>
  <tag k="addr:street" v="South Peckham Court"/>
  <tag k="source" v="esri/USA_NAD_Addresses"/>
 </node>
 <node id="13387388084" visible="true" version="1" changeset="176113554" timestamp="2025-12-18T21:11:39Z" user="ICT_maps" uid="18862646" lat="37.6729419" lon="-97.1874722"/>
 <node id="13387388085" visible="true" version="1" changeset="176113554" timestamp="2025-12-18T21:11:39Z" user="ICT_maps" uid="18862646" lat="37.6728187" lon="-97.1873983"/>
 <node id="13387388086" visible="true" version="1" changeset="176113554" timestamp="2025-12-18T21:11:39Z" user="ICT_maps" uid="18862646" lat="37.6730199" lon="-97.1872781"/>
 <node id="13387388087" visible="true" version="1" changeset="176113554" timestamp="2025-12-18T21:11:39Z" user="ICT_maps" uid="18862646" lat="37.6728714" lon="-97.1872228"/>
 <node id="13387388088" visible="true" version="1" changeset="176113554" timestamp="2025-12-18T21:11:39Z" user="ICT_maps" uid="18862646" lat="37.6728224" lon="-97.1877957"/>
 <node id="13387388089" visible="true" version="1" changeset="176113554" timestamp="2025-12-18T21:11:39Z" user="ICT_maps" uid="18862646" lat="37.6726843" lon="-97.1876969"/>
 <node id="13387388090" visible="true" version="1" changeset="176113554" timestamp="2025-12-18T21:11:39Z" user="ICT_maps" uid="18862646" lat="37.6729256" lon="-97.1878080">
  <tag k="addr:city" v="Wichita"/>
  <tag k="addr:housenumber" v="815"/>
  <tag k="addr:postcode" v="67230"/>
  <tag k="addr:state" v="KS"/>
  <tag k="addr:street" v="South Peckham Court"/>
  <tag k="source" v="esri/USA_NAD_Addresses"/>
 </node>
 <node id="13387388091" visible="true" version="1" changeset="176113554" timestamp="2025-12-18T21:11:39Z" user="ICT_maps" uid="18862646" lat="37.6728123" lon="-97.1880582">
  <tag k="addr:city" v="Wichita"/>
  <tag k="addr:housenumber" v="819"/>
  <tag k="addr:postcode" v="67230"/>
  <tag k="addr:state" v="KS"/>
  <tag k="addr:street" v="South Peckham Court"/>
  <tag k="source" v="esri/USA_NAD_Addresses"/>
 </node>
 <node id="13387388092" visible="true" version="1" changeset="176113554" timestamp="2025-12-18T21:11:39Z" user="ICT_maps" uid="18862646" lat="37.6726897" lon="-97.1882756">
  <tag k="addr:city" v="Wichita"/>
  <tag k="addr:housenumber" v="823"/>
  <tag k="addr:postcode" v="67230"/>
  <tag k="addr:state" v="KS"/>
  <tag k="addr:street" v="South Peckham Court"/>
  <tag k="source" v="esri/USA_NAD_Addresses"/>
 </node>
 <node id="13387388093" visible="true" version="1" changeset="176113554" timestamp="2025-12-18T21:11:39Z" user="ICT_maps" uid="18862646" lat="37.6725853" lon="-97.1885218">
  <tag k="addr:city" v="Wichita"/>
  <tag k="addr:housenumber" v="827"/>
  <tag k="addr:postcode" v="67230"/>
  <tag k="addr:state" v="KS"/>
  <tag k="addr:street" v="South Peckham Court"/>
  <tag k="source" v="esri/USA_NAD_Addresses"/>
 </node>
 <node id="13387388094" visible="true" version="1" changeset="176113554" timestamp="2025-12-18T21:11:39Z" user="ICT_maps" uid="18862646" lat="37.6724814" lon="-97.1888101">
  <tag k="addr:city" v="Wichita"/>
  <tag k="addr:housenumber" v="831"/>
  <tag k="addr:postcode" v="67230"/>
  <tag k="addr:state" v="KS"/>
  <tag k="addr:street" v="South Peckham Court"/>
  <tag k="source" v="esri/USA_NAD_Addresses"/>
 </node>
 <node id="13387388095" visible="true" version="1" changeset="176113554" timestamp="2025-12-18T21:11:39Z" user="ICT_maps" uid="18862646" lat="37.6722368" lon="-97.1889897">
  <tag k="addr:city" v="Wichita"/>
  <tag k="addr:housenumber" v="835"/>
  <tag k="addr:postcode" v="67230"/>
  <tag k="addr:state" v="KS"/>
  <tag k="addr:street" v="South Peckham Court"/>
  <tag k="source" v="esri/USA_NAD_Addresses"/>
 </node>
 <node id="13387388096" visible="true" version="1" changeset="176113554" timestamp="2025-12-18T21:11:39Z" user="ICT_maps" uid="18862646" lat="37.6722151" lon="-97.1888463"/>
 <node id="13387388097" visible="true" version="1" changeset="176113554" timestamp="2025-12-18T21:11:39Z" user="ICT_maps" uid="18862646" lat="37.6724005" lon="-97.1887909"/>
 <node id="13387388098" visible="true" version="1" changeset="176113554" timestamp="2025-12-18T21:11:39Z" user="ICT_maps" uid="18862646" lat="37.6725200" lon="-97.1884304"/>
 <node id="13387388099" visible="true" version="1" changeset="176113554" timestamp="2025-12-18T21:11:39Z" user="ICT_maps" uid="18862646" lat="37.6723926" lon="-97.1883450"/>
 <node id="13387388100" visible="true" version="1" changeset="176113554" timestamp="2025-12-18T21:11:39Z" user="ICT_maps" uid="18862646" lat="37.6726297" lon="-97.1881870"/>
 <node id="13387388101" visible="true" version="1" changeset="176113086" timestamp="2025-12-18T20:54:45Z" user="ICT_maps" uid="18862646" lat="37.6748518" lon="-97.1831779"/>
 <node id="13387388102" visible="true" version="1" changeset="176113086" timestamp="2025-12-18T20:54:45Z" user="ICT_maps" uid="18862646" lat="37.6750226" lon="-97.1832241"/>
 <node id="13387388103" visible="true" version="1" changeset="176113086" timestamp="2025-12-18T20:54:45Z" user="ICT_maps" uid="18862646" lat="37.6750387" lon="-97.1833386">
  <tag k="addr:city" v="Wichita"/>
  <tag k="addr:housenumber" v="707"/>
  <tag k="addr:postcode" v="67230"/>
  <tag k="addr:state" v="KS"/>
  <tag k="addr:street" v="South Glen Wood Street"/>
  <tag k="source" v="esri/USA_NAD_Addresses"/>
 </node>
 <node id="13387388104" visible="true" version="1" changeset="176113086" timestamp="2025-12-18T20:54:45Z" user="ICT_maps" uid="18862646" lat="37.6748372" lon="-97.1832916">
  <tag k="addr:city" v="Wichita"/>
  <tag k="addr:housenumber" v="711"/>
  <tag k="addr:postcode" v="67230"/>
  <tag k="addr:state" v="KS"/>
  <tag k="addr:street" v="South Glen Wood Street"/>
  <tag k="source" v="esri/USA_NAD_Addresses"/>
 </node>
 <node id="13387388105" visible="true" version="1" changeset="176113086" timestamp="2025-12-18T20:54:45Z" user="ICT_maps" uid="18862646" lat="37.6746155" lon="-97.1832281">
  <tag k="addr:city" v="Wichita"/>
  <tag k="addr:housenumber" v="715"/>
  <tag k="addr:postcode" v="67230"/>
  <tag k="addr:state" v="KS"/>
  <tag k="addr:street" v="South Glen Wood Street"/>
  <tag k="source" v="esri/USA_NAD_Addresses"/>
 </node>
 <node id="13387388106" visible="true" version="1" changeset="176113086" timestamp="2025-12-18T20:54:45Z" user="ICT_maps" uid="18862646" lat="37.6743942" lon="-97.1831995">
  <tag k="addr:city" v="Wichita"/>
  <tag k="addr:housenumber" v="719"/>
  <tag k="addr:postcode" v="67230"/>
  <tag k="addr:state" v="KS"/>
  <tag k="addr:street" v="South Glen Wood Street"/>
  <tag k="source" v="esri/USA_NAD_Addresses"/>
 </node>
 <node id="13387388107" visible="true" version="1" changeset="176113086" timestamp="2025-12-18T20:54:45Z" user="ICT_maps" uid="18862646" lat="37.6741923" lon="-97.1831093">
  <tag k="addr:city" v="Wichita"/>
  <tag k="addr:housenumber" v="723"/>
  <tag k="addr:postcode" v="67230"/>
  <tag k="addr:state" v="KS"/>
  <tag k="addr:street" v="South Glen Wood Street"/>
  <tag k="source" v="esri/USA_NAD_Addresses"/>
 </node>
 <node id="13387388108" visible="true" version="1" changeset="176113086" timestamp="2025-12-18T20:54:45Z" user="ICT_maps" uid="18862646" lat="37.6739769" lon="-97.1830120">
  <tag k="addr:city" v="Wichita"/>
  <tag k="addr:housenumber" v="727"/>
  <tag k="addr:postcode" v="67230"/>
  <tag k="addr:state" v="KS"/>
  <tag k="addr:street" v="South Glen Wood Street"/>
  <tag k="source" v="esri/USA_NAD_Addresses"/>
 </node>
 <node id="13387388109" visible="true" version="1" changeset="176113086" timestamp="2025-12-18T20:54:45Z" user="ICT_maps" uid="18862646" lat="37.6745641" lon="-97.1831009"/>
 <node id="13387388110" visible="true" version="1" changeset="176113086" timestamp="2025-12-18T20:54:45Z" user="ICT_maps" uid="18862646" lat="37.6746062" lon="-97.1829274"/>
 <node id="13387388111" visible="true" version="1" changeset="176113086" timestamp="2025-12-18T20:54:45Z" user="ICT_maps" uid="18862646" lat="37.6745794" lon="-97.1830379"/>
 <node id="13387388112" visible="true" version="1" changeset="176113086" timestamp="2025-12-18T20:54:45Z" user="ICT_maps" uid="18862646" lat="37.6744275" lon="-97.1830670"/>
 <node id="13387388113" visible="true" version="1" changeset="176113086" timestamp="2025-12-18T20:54:45Z" user="ICT_maps" uid="18862646" lat="37.6744603" lon="-97.1828960"/>
 <node id="13387388114" visible="true" version="1" changeset="176113086" timestamp="2025-12-18T20:54:45Z" user="ICT_maps" uid="18862646" lat="37.6742105" lon="-97.1830053"/>
 <node id="13387388115" visible="true" version="1" changeset="176113086" timestamp="2025-12-18T20:54:45Z" user="ICT_maps" uid="18862646" lat="37.6742465" lon="-97.1828386"/>
 <node id="13387388116" visible="true" version="1" changeset="176113086" timestamp="2025-12-18T20:54:45Z" user="ICT_maps" uid="18862646" lat="37.6740004" lon="-97.1829303"/>
 <node id="13387388117" visible="true" version="1" changeset="176113086" timestamp="2025-12-18T20:54:45Z" user="ICT_maps" uid="18862646" lat="37.6740286" lon="-97.1828585"/>
 <node id="13387388118" visible="true" version="1" changeset="176113086" timestamp="2025-12-18T20:54:45Z" user="ICT_maps" uid="18862646" lat="37.6742237" lon="-97.1829440"/>
 <node id="13387388119" visible="true" version="1" changeset="176113086" timestamp="2025-12-18T20:54:45Z" user="ICT_maps" uid="18862646" lat="37.6744393" lon="-97.1830055"/>
 <node id="13387388120" visible="true" version="1" changeset="176113086" timestamp="2025-12-18T20:54:45Z" user="ICT_maps" uid="18862646" lat="37.6748670" lon="-97.1831129"/>
 <node id="13387388121" visible="true" version="1" changeset="176113086" timestamp="2025-12-18T20:54:45Z" user="ICT_maps" uid="18862646" lat="37.6750297" lon="-97.1831568"/>
 <node id="13387388122" visible="true" version="1" changeset="176113086" timestamp="2025-12-18T20:54:45Z" user="ICT_maps" uid="18862646" lat="37.6753884" lon="-97.1834387"/>
 <node id="13387388123" visible="true" version="1" changeset="176113086" timestamp="2025-12-18T20:54:45Z" user="ICT_maps" uid="18862646" lat="37.6743331" lon="-97.1825338">
  <tag k="addr:city" v="Wichita"/>
  <tag k="addr:housenumber" v="720"/>
  <tag k="addr:postcode" v="67230"/>
  <tag k="addr:state" v="KS"/>
  <tag k="addr:street" v="South Glen Wood Court"/>
  <tag k="source" v="esri/USA_NAD_Addresses"/>
 </node>
 <node id="13387388124" visible="true" version="1" changeset="176113086" timestamp="2025-12-18T20:54:45Z" user="ICT_maps" uid="18862646" lat="37.6744166" lon="-97.1822121">
  <tag k="addr:city" v="Wichita"/>
  <tag k="addr:housenumber" v="724"/>
  <tag k="addr:postcode" v="67230"/>
  <tag k="addr:state" v="KS"/>
  <tag k="addr:street" v="South Glen Wood Court"/>
  <tag k="source" v="esri/USA_NAD_Addresses"/>
 </node>
 <node id="13387388125" visible="true" version="1" changeset="176113086" timestamp="2025-12-18T20:54:45Z" user="ICT_maps" uid="18862646" lat="37.6745212" lon="-97.1819828">
  <tag k="addr:city" v="Wichita"/>
  <tag k="addr:housenumber" v="728"/>
  <tag k="addr:postcode" v="67230"/>
  <tag k="addr:state" v="KS"/>
  <tag k="addr:street" v="South Glen Wood Court"/>
  <tag k="source" v="esri/USA_NAD_Addresses"/>
 </node>
 <node id="13387388126" visible="true" version="1" changeset="176113086" timestamp="2025-12-18T20:54:45Z" user="ICT_maps" uid="18862646" lat="37.6746059" lon="-97.1817790">
  <tag k="addr:city" v="Wichita"/>
  <tag k="addr:housenumber" v="732"/>
  <tag k="addr:postcode" v="67230"/>
  <tag k="addr:state" v="KS"/>
  <tag k="addr:street" v="South Glen Wood Court"/>
  <tag k="source" v="esri/USA_NAD_Addresses"/>
 </node>
 <node id="13387388127" visible="true" version="1" changeset="176113086" timestamp="2025-12-18T20:54:45Z" user="ICT_maps" uid="18862646" lat="37.6746902" lon="-97.1815332">
  <tag k="addr:city" v="Wichita"/>
  <tag k="addr:housenumber" v="736"/>
  <tag k="addr:postcode" v="67230"/>
  <tag k="addr:state" v="KS"/>
  <tag k="addr:street" v="South Glen Wood Court"/>
  <tag k="source" v="esri/USA_NAD_Addresses"/>
 </node>
 <node id="13387388128" visible="true" version="1" changeset="176113086" timestamp="2025-12-18T20:54:45Z" user="ICT_maps" uid="18862646" lat="37.6748212" lon="-97.1812697">
  <tag k="addr:city" v="Wichita"/>
  <tag k="addr:housenumber" v="740"/>
  <tag k="addr:postcode" v="67230"/>
  <tag k="addr:state" v="KS"/>
  <tag k="addr:street" v="South Glen Wood Court"/>
  <tag k="source" v="esri/USA_NAD_Addresses"/>
 </node>
 <node id="13387388129" visible="true" version="1" changeset="176113086" timestamp="2025-12-18T20:54:45Z" user="ICT_maps" uid="18862646" lat="37.6749658" lon="-97.1810227">
  <tag k="addr:city" v="Wichita"/>
  <tag k="addr:housenumber" v="744"/>
  <tag k="addr:postcode" v="67230"/>
  <tag k="addr:state" v="KS"/>
  <tag k="addr:street" v="South Glen Wood Court"/>
  <tag k="source" v="esri/USA_NAD_Addresses"/>
 </node>
 <node id="13387388130" visible="true" version="1" changeset="176113086" timestamp="2025-12-18T20:54:45Z" user="ICT_maps" uid="18862646" lat="37.6749483" lon="-97.1806607">
  <tag k="addr:city" v="Wichita"/>
  <tag k="addr:housenumber" v="748"/>
  <tag k="addr:postcode" v="67230"/>
  <tag k="addr:state" v="KS"/>
  <tag k="addr:street" v="South Glen Wood Court"/>
  <tag k="source" v="esri/USA_NAD_Addresses"/>
 </node>
 <node id="13387388131" visible="true" version="1" changeset="176113086" timestamp="2025-12-18T20:54:45Z" user="ICT_maps" uid="18862646" lat="37.6744307" lon="-97.1807004">
  <tag k="addr:city" v="Wichita"/>
  <tag k="addr:housenumber" v="752"/>
  <tag k="addr:postcode" v="67230"/>
  <tag k="addr:state" v="KS"/>
  <tag k="addr:street" v="South Glen Wood Court"/>
  <tag k="source" v="esri/USA_NAD_Addresses"/>
 </node>
 <node id="13387388132" visible="true" version="1" changeset="176113086" timestamp="2025-12-18T20:54:45Z" user="ICT_maps" uid="18862646" lat="37.6744164" lon="-97.1810072">
  <tag k="addr:city" v="Wichita"/>
  <tag k="addr:housenumber" v="756"/>
  <tag k="addr:postcode" v="67230"/>
  <tag k="addr:state" v="KS"/>
  <tag k="addr:street" v="South Glen Wood Court"/>
  <tag k="source" v="esri/USA_NAD_Addresses"/>
 </node>
 <node id="13387388133" visible="true" version="1" changeset="176113086" timestamp="2025-12-18T20:54:45Z" user="ICT_maps" uid="18862646" lat="37.6742789" lon="-97.1812793">
  <tag k="addr:city" v="Wichita"/>
  <tag k="addr:housenumber" v="760"/>
  <tag k="addr:postcode" v="67230"/>
  <tag k="addr:state" v="KS"/>
  <tag k="addr:street" v="South Glen Wood Court"/>
  <tag k="source" v="esri/USA_NAD_Addresses"/>
 </node>
 <node id="13387388134" visible="true" version="1" changeset="176113086" timestamp="2025-12-18T20:54:45Z" user="ICT_maps" uid="18862646" lat="37.6741885" lon="-97.1815842">
  <tag k="addr:city" v="Wichita"/>
  <tag k="addr:housenumber" v="764"/>
  <tag k="addr:postcode" v="67230"/>
  <tag k="addr:state" v="KS"/>
  <tag k="addr:street" v="South Glen Wood Court"/>
  <tag k="source" v="esri/USA_NAD_Addresses"/>
 </node>
 <node id="13387388135" visible="true" version="1" changeset="176113086" timestamp="2025-12-18T20:54:45Z" user="ICT_maps" uid="18862646" lat="37.6740777" lon="-97.1818558">
  <tag k="addr:city" v="Wichita"/>
  <tag k="addr:housenumber" v="768"/>
  <tag k="addr:postcode" v="67230"/>
  <tag k="addr:state" v="KS"/>
  <tag k="addr:street" v="South Glen Wood Court"/>
  <tag k="source" v="esri/USA_NAD_Addresses"/>
 </node>
 <node id="13387388136" visible="true" version="1" changeset="176113086" timestamp="2025-12-18T20:54:45Z" user="ICT_maps" uid="18862646" lat="37.6740002" lon="-97.1821100">
  <tag k="addr:city" v="Wichita"/>
  <tag k="addr:housenumber" v="772"/>
  <tag k="addr:postcode" v="67230"/>
  <tag k="addr:state" v="KS"/>
  <tag k="addr:street" v="South Glen Wood Court"/>
  <tag k="source" v="esri/USA_NAD_Addresses"/>
 </node>
 <node id="13387388137" visible="true" version="1" changeset="176113086" timestamp="2025-12-18T20:54:45Z" user="ICT_maps" uid="18862646" lat="37.6739343" lon="-97.1824028">
  <tag k="addr:city" v="Wichita"/>
  <tag k="addr:housenumber" v="776"/>
  <tag k="addr:postcode" v="67230"/>
  <tag k="addr:state" v="KS"/>
  <tag k="addr:street" v="South Glen Wood Court"/>
  <tag k="source" v="esri/USA_NAD_Addresses"/>
 </node>
 <node id="13387388138" visible="true" version="1" changeset="176113086" timestamp="2025-12-18T20:54:45Z" user="ICT_maps" uid="18862646" lat="37.6742906" lon="-97.1824866"/>
 <node id="13387388139" visible="true" version="1" changeset="176113086" timestamp="2025-12-18T20:54:45Z" user="ICT_maps" uid="18862646" lat="37.6740077" lon="-97.1823973"/>
 <node id="13387388140" visible="true" version="1" changeset="176113086" timestamp="2025-12-18T20:54:45Z" user="ICT_maps" uid="18862646" lat="37.6741462" lon="-97.1824410"/>
 <node id="13387388141" visible="true" version="1" changeset="176113086" timestamp="2025-12-18T20:54:45Z" user="ICT_maps" uid="18862646" lat="37.6743637" lon="-97.1822216"/>
 <node id="13387388142" visible="true" version="1" changeset="176113086" timestamp="2025-12-18T20:54:45Z" user="ICT_maps" uid="18862646" lat="37.6740857" lon="-97.1821446"/>
 <node id="13387388143" visible="true" version="1" changeset="176113086" timestamp="2025-12-18T20:54:45Z" user="ICT_maps" uid="18862646" lat="37.6742111" lon="-97.1821793"/>
 <node id="13387388144" visible="true" version="1" changeset="176113086" timestamp="2025-12-18T20:54:45Z" user="ICT_maps" uid="18862646" lat="37.6744613" lon="-97.1819320"/>
 <node id="13387388145" visible="true" version="1" changeset="176113086" timestamp="2025-12-18T20:54:45Z" user="ICT_maps" uid="18862646" lat="37.6743197" lon="-97.1818659"/>
 <node id="13387388146" visible="true" version="1" changeset="176113086" timestamp="2025-12-18T20:54:45Z" user="ICT_maps" uid="18862646" lat="37.6742919" lon="-97.1819434"/>
 <node id="13387388147" visible="true" version="1" changeset="176113086" timestamp="2025-12-18T20:54:45Z" user="ICT_maps" uid="18862646" lat="37.6741760" lon="-97.1818827"/>
 <node id="13387388148" visible="true" version="1" changeset="176113086" timestamp="2025-12-18T20:54:45Z" user="ICT_maps" uid="18862646" lat="37.6745588" lon="-97.1816948"/>
 <node id="13387388149" visible="true" version="1" changeset="176113086" timestamp="2025-12-18T20:54:45Z" user="ICT_maps" uid="18862646" lat="37.6744098" lon="-97.1816151"/>
 <node id="13387388150" visible="true" version="1" changeset="176113086" timestamp="2025-12-18T20:54:45Z" user="ICT_maps" uid="18862646" lat="37.6743874" lon="-97.1816775"/>
 <node id="13387388151" visible="true" version="1" changeset="176113086" timestamp="2025-12-18T20:54:45Z" user="ICT_maps" uid="18862646" lat="37.6742735" lon="-97.1816177"/>
 <node id="13387388152" visible="true" version="1" changeset="176113086" timestamp="2025-12-18T20:54:45Z" user="ICT_maps" uid="18862646" lat="37.6744673" lon="-97.1814551"/>
 <node id="13387388153" visible="true" version="1" changeset="176113086" timestamp="2025-12-18T20:54:45Z" user="ICT_maps" uid="18862646" lat="37.6743442" lon="-97.1813928"/>
 <node id="13387388154" visible="true" version="1" changeset="176113086" timestamp="2025-12-18T20:54:45Z" user="ICT_maps" uid="18862646" lat="37.6746515" lon="-97.1814329"/>
 <node id="13387388155" visible="true" version="1" changeset="176113086" timestamp="2025-12-18T20:54:45Z" user="ICT_maps" uid="18862646" lat="37.6745061" lon="-97.1813471"/>
 <node id="13387388156" visible="true" version="1" changeset="176113086" timestamp="2025-12-18T20:54:45Z" user="ICT_maps" uid="18862646" lat="37.6747198" lon="-97.1811772"/>
 <node id="13387388157" visible="true" version="1" changeset="176113086" timestamp="2025-12-18T20:54:45Z" user="ICT_maps" uid="18862646" lat="37.6744783" lon="-97.1810478"/>
 <node id="13387388158" visible="true" version="1" changeset="176113086" timestamp="2025-12-18T20:54:45Z" user="ICT_maps" uid="18862646" lat="37.6745917" lon="-97.1811086"/>
 <node id="13387388159" visible="true" version="1" changeset="176113086" timestamp="2025-12-18T20:54:45Z" user="ICT_maps" uid="18862646" lat="37.6748319" lon="-97.1810354"/>
 <node id="13387388160" visible="true" version="1" changeset="176113086" timestamp="2025-12-18T20:54:45Z" user="ICT_maps" uid="18862646" lat="37.6747515" lon="-97.1807581"/>
 <node id="13387388161" visible="true" version="1" changeset="176113086" timestamp="2025-12-18T20:54:45Z" user="ICT_maps" uid="18862646" lat="37.6748246" lon="-97.1807181"/>
 <node id="13387388162" visible="true" version="1" changeset="176113086" timestamp="2025-12-18T20:54:45Z" user="ICT_maps" uid="18862646" lat="37.6745100" lon="-97.1807520"/>
 <node id="13387388163" visible="true" version="1" changeset="176113086" timestamp="2025-12-18T20:54:45Z" user="ICT_maps" uid="18862646" lat="37.6745881" lon="-97.1808136"/>
 <node id="13387388164" visible="true" version="1" changeset="176113086" timestamp="2025-12-18T20:54:45Z" user="ICT_maps" uid="18862646" lat="37.6737555" lon="-97.1829822">
  <tag k="addr:city" v="Wichita"/>
  <tag k="addr:housenumber" v="803"/>
  <tag k="addr:postcode" v="67230"/>
  <tag k="addr:state" v="KS"/>
  <tag k="addr:street" v="South Glen Wood Street"/>
  <tag k="source" v="esri/USA_NAD_Addresses"/>
 </node>
 <node id="13387388165" visible="true" version="1" changeset="176113086" timestamp="2025-12-18T20:54:45Z" user="ICT_maps" uid="18862646" lat="37.6735274" lon="-97.1829441">
  <tag k="addr:city" v="Wichita"/>
  <tag k="addr:housenumber" v="807"/>
  <tag k="addr:postcode" v="67230"/>
  <tag k="addr:state" v="KS"/>
  <tag k="addr:street" v="South Glen Wood Street"/>
  <tag k="source" v="esri/USA_NAD_Addresses"/>
 </node>
 <node id="13387388166" visible="true" version="1" changeset="176113086" timestamp="2025-12-18T20:54:45Z" user="ICT_maps" uid="18862646" lat="37.6732922" lon="-97.1828725">
  <tag k="addr:city" v="Wichita"/>
  <tag k="addr:housenumber" v="811"/>
  <tag k="addr:postcode" v="67230"/>
  <tag k="addr:state" v="KS"/>
  <tag k="addr:street" v="South Glen Wood Street"/>
  <tag k="source" v="esri/USA_NAD_Addresses"/>
 </node>
 <node id="13387388167" visible="true" version="1" changeset="176113086" timestamp="2025-12-18T20:54:45Z" user="ICT_maps" uid="18862646" lat="37.6733562" lon="-97.1827904"/>
 <node id="13387388168" visible="true" version="1" changeset="176113086" timestamp="2025-12-18T20:54:45Z" user="ICT_maps" uid="18862646" lat="37.6735628" lon="-97.1828377"/>
 <node id="13387388169" visible="true" version="1" changeset="176113086" timestamp="2025-12-18T20:54:45Z" user="ICT_maps" uid="18862646" lat="37.6735900" lon="-97.1826475"/>
 <node id="13387388170" visible="true" version="1" changeset="176113086" timestamp="2025-12-18T20:54:45Z" user="ICT_maps" uid="18862646" lat="37.6737946" lon="-97.1828450"/>
 <node id="13387388171" visible="true" version="1" changeset="176113086" timestamp="2025-12-18T20:54:45Z" user="ICT_maps" uid="18862646" lat="37.6738175" lon="-97.1826751"/>
 <node id="13387388172" visible="true" version="1" changeset="176113086" timestamp="2025-12-18T20:54:45Z" user="ICT_maps" uid="18862646" lat="37.6733767" lon="-97.1827035"/>
 <node id="13387388173" visible="true" version="1" changeset="176113086" timestamp="2025-12-18T20:54:45Z" user="ICT_maps" uid="18862646" lat="37.6735757" lon="-97.1827476"/>
 <node id="13387388174" visible="true" version="1" changeset="176113086" timestamp="2025-12-18T20:54:45Z" user="ICT_maps" uid="18862646" lat="37.6734929" lon="-97.1822538">
  <tag k="addr:city" v="Wichita"/>
  <tag k="addr:housenumber" v="808"/>
  <tag k="addr:postcode" v="67230"/>
  <tag k="addr:state" v="KS"/>
  <tag k="addr:street" v="South Glen Wood Court"/>
  <tag k="source" v="esri/USA_NAD_Addresses"/>
 </node>
 <node id="13387388175" visible="true" version="1" changeset="176113086" timestamp="2025-12-18T20:54:45Z" user="ICT_maps" uid="18862646" lat="37.6735639" lon="-97.1820166">
  <tag k="addr:city" v="Wichita"/>
  <tag k="addr:housenumber" v="812"/>
  <tag k="addr:postcode" v="67230"/>
  <tag k="addr:state" v="KS"/>
  <tag k="addr:street" v="South Glen Wood Court"/>
  <tag k="source" v="esri/USA_NAD_Addresses"/>
 </node>
 <node id="13387388176" visible="true" version="1" changeset="176113086" timestamp="2025-12-18T20:54:45Z" user="ICT_maps" uid="18862646" lat="37.6736683" lon="-97.1817789">
  <tag k="addr:city" v="Wichita"/>
  <tag k="addr:housenumber" v="816"/>
  <tag k="addr:postcode" v="67230"/>
  <tag k="addr:state" v="KS"/>
  <tag k="addr:street" v="South Glen Wood Court"/>
  <tag k="source" v="esri/USA_NAD_Addresses"/>
 </node>
 <node id="13387388177" visible="true" version="1" changeset="176113086" timestamp="2025-12-18T20:54:45Z" user="ICT_maps" uid="18862646" lat="37.6731086" lon="-97.1820332">
  <tag k="addr:city" v="Wichita"/>
  <tag k="addr:housenumber" v="852"/>
  <tag k="addr:postcode" v="67230"/>
  <tag k="addr:state" v="KS"/>
  <tag k="addr:street" v="South Glen Wood Court"/>
  <tag k="source" v="esri/USA_NAD_Addresses"/>
 </node>
 <node id="13387388178" visible="true" version="1" changeset="176113086" timestamp="2025-12-18T20:54:45Z" user="ICT_maps" uid="18862646" lat="37.6731712" lon="-97.1816445">
  <tag k="addr:city" v="Wichita"/>
  <tag k="addr:housenumber" v="848"/>
  <tag k="addr:postcode" v="67230"/>
  <tag k="addr:state" v="KS"/>
  <tag k="addr:street" v="South Glen Wood Court"/>
  <tag k="source" v="esri/USA_NAD_Addresses"/>
 </node>
 <node id="13387388179" visible="true" version="1" changeset="176113086" timestamp="2025-12-18T20:54:45Z" user="ICT_maps" uid="18862646" lat="37.6733016" lon="-97.1813304">
  <tag k="addr:city" v="Wichita"/>
  <tag k="addr:housenumber" v="844"/>
  <tag k="addr:postcode" v="67230"/>
  <tag k="addr:state" v="KS"/>
  <tag k="addr:street" v="South Glen Wood Court"/>
  <tag k="source" v="esri/USA_NAD_Addresses"/>
 </node>
 <node id="13387388180" visible="true" version="1" changeset="176113086" timestamp="2025-12-18T20:54:45Z" user="ICT_maps" uid="18862646" lat="37.6737457" lon="-97.1815079">
  <tag k="addr:city" v="Wichita"/>
  <tag k="addr:housenumber" v="820"/>
  <tag k="addr:postcode" v="67230"/>
  <tag k="addr:state" v="KS"/>
  <tag k="addr:street" v="South Glen Wood Court"/>
  <tag k="source" v="esri/USA_NAD_Addresses"/>
 </node>
 <node id="13387388181" visible="true" version="1" changeset="176113086" timestamp="2025-12-18T20:54:45Z" user="ICT_maps" uid="18862646" lat="37.6738496" lon="-97.1812195">
  <tag k="addr:city" v="Wichita"/>
  <tag k="addr:housenumber" v="824"/>
  <tag k="addr:postcode" v="67230"/>
  <tag k="addr:state" v="KS"/>
  <tag k="addr:street" v="South Glen Wood Court"/>
  <tag k="source" v="esri/USA_NAD_Addresses"/>
 </node>
 <node id="13387388182" visible="true" version="1" changeset="176113086" timestamp="2025-12-18T20:54:45Z" user="ICT_maps" uid="18862646" lat="37.6731691" lon="-97.1819810"/>
 <node id="13387388183" visible="true" version="1" changeset="176113086" timestamp="2025-12-18T20:54:45Z" user="ICT_maps" uid="18862646" lat="37.6733021" lon="-97.1820561"/>
 <node id="13387388184" visible="true" version="1" changeset="176113086" timestamp="2025-12-18T20:54:45Z" user="ICT_maps" uid="18862646" lat="37.6734072" lon="-97.1821828"/>
 <node id="13387388185" visible="true" version="1" changeset="176113086" timestamp="2025-12-18T20:54:45Z" user="ICT_maps" uid="18862646" lat="37.6732808" lon="-97.1821157"/>
 <node id="13387388186" visible="true" version="1" changeset="176113086" timestamp="2025-12-18T20:54:45Z" user="ICT_maps" uid="18862646" lat="37.6734941" lon="-97.1819633"/>
 <node id="13387388187" visible="true" version="1" changeset="176113086" timestamp="2025-12-18T20:54:45Z" user="ICT_maps" uid="18862646" lat="37.6733591" lon="-97.1818965"/>
 <node id="13387388188" visible="true" version="1" changeset="176113086" timestamp="2025-12-18T20:54:45Z" user="ICT_maps" uid="18862646" lat="37.6734184" lon="-97.1817304"/>
 <node id="13387388189" visible="true" version="1" changeset="176113086" timestamp="2025-12-18T20:54:45Z" user="ICT_maps" uid="18862646" lat="37.6733071" lon="-97.1816633"/>
 <node id="13387388190" visible="true" version="1" changeset="176113086" timestamp="2025-12-18T20:54:45Z" user="ICT_maps" uid="18862646" lat="37.6736012" lon="-97.1816752"/>
 <node id="13387388191" visible="true" version="1" changeset="176113086" timestamp="2025-12-18T20:54:45Z" user="ICT_maps" uid="18862646" lat="37.6734645" lon="-97.1816011"/>
 <node id="13387388192" visible="true" version="1" changeset="176113086" timestamp="2025-12-18T20:54:45Z" user="ICT_maps" uid="18862646" lat="37.6736724" lon="-97.1814445"/>
 <node id="13387388193" visible="true" version="1" changeset="176113086" timestamp="2025-12-18T20:54:45Z" user="ICT_maps" uid="18862646" lat="37.6735426" lon="-97.1813822"/>
 <node id="13387388194" visible="true" version="1" changeset="176113086" timestamp="2025-12-18T20:54:45Z" user="ICT_maps" uid="18862646" lat="37.6735169" lon="-97.1814541"/>
 <node id="13387388195" visible="true" version="1" changeset="176113086" timestamp="2025-12-18T20:54:45Z" user="ICT_maps" uid="18862646" lat="37.6733782" lon="-97.1813845"/>
 <node id="13387388196" visible="true" version="1" changeset="176113086" timestamp="2025-12-18T20:54:45Z" user="ICT_maps" uid="18862646" lat="37.6737910" lon="-97.1811838"/>
 <node id="13387388197" visible="true" version="1" changeset="176113086" timestamp="2025-12-18T20:54:45Z" user="ICT_maps" uid="18862646" lat="37.6736435" lon="-97.1810996"/>
 <node id="13387388198" visible="true" version="1" changeset="176113086" timestamp="2025-12-18T20:54:45Z" user="ICT_maps" uid="18862646" lat="37.6750373" lon="-97.1825097"/>
 <node id="13387404414" visible="true" version="1" changeset="176113359" timestamp="2025-12-18T21:04:52Z" user="ICT_maps" uid="18862646" lat="37.6739943" lon="-97.1809895">
  <tag k="addr:city" v="Wichita"/>
  <tag k="addr:housenumber" v="828"/>
  <tag k="addr:postcode" v="67230"/>
  <tag k="addr:state" v="KS"/>
  <tag k="addr:street" v="South Glen Wood Court"/>
  <tag k="source" v="esri/USA_NAD_Addresses"/>
 </node>
 <node id="13387404415" visible="true" version="1" changeset="176113359" timestamp="2025-12-18T21:04:52Z" user="ICT_maps" uid="18862646" lat="37.6734166" lon="-97.1810607">
  <tag k="addr:city" v="Wichita"/>
  <tag k="addr:housenumber" v="840"/>
  <tag k="addr:postcode" v="67230"/>
  <tag k="addr:state" v="KS"/>
  <tag k="addr:street" v="South Glen Wood Court"/>
  <tag k="source" v="esri/USA_NAD_Addresses"/>
 </node>
 <node id="13387404416" visible="true" version="1" changeset="176113359" timestamp="2025-12-18T21:04:52Z" user="ICT_maps" uid="18862646" lat="37.6734533" lon="-97.1807034">
  <tag k="addr:city" v="Wichita"/>
  <tag k="addr:housenumber" v="836"/>
  <tag k="addr:postcode" v="67230"/>
  <tag k="addr:state" v="KS"/>
  <tag k="addr:street" v="South Glen Wood Court"/>
  <tag k="source" v="esri/USA_NAD_Addresses"/>
 </node>
 <node id="13387404417" visible="true" version="1" changeset="176113359" timestamp="2025-12-18T21:04:52Z" user="ICT_maps" uid="18862646" lat="37.6739571" lon="-97.1806615">
  <tag k="addr:city" v="Wichita"/>
  <tag k="addr:housenumber" v="832"/>
  <tag k="addr:postcode" v="67230"/>
  <tag k="addr:state" v="KS"/>
  <tag k="addr:street" v="South Glen Wood Court"/>
  <tag k="source" v="esri/USA_NAD_Addresses"/>
 </node>
 <node id="13387404418" visible="true" version="1" changeset="176113359" timestamp="2025-12-18T21:04:52Z" user="ICT_maps" uid="18862646" lat="37.6738335" lon="-97.1806927"/>
 <node id="13387404419" visible="true" version="1" changeset="176113359" timestamp="2025-12-18T21:04:52Z" user="ICT_maps" uid="18862646" lat="37.6737831" lon="-97.1807637"/>
 <node id="13387404420" visible="true" version="1" changeset="176113359" timestamp="2025-12-18T21:04:52Z" user="ICT_maps" uid="18862646" lat="37.6738779" lon="-97.1810032"/>
 <node id="13387404421" visible="true" version="1" changeset="176113359" timestamp="2025-12-18T21:04:52Z" user="ICT_maps" uid="18862646" lat="37.6735581" lon="-97.1807637"/>
 <node id="13387404422" visible="true" version="1" changeset="176113359" timestamp="2025-12-18T21:04:52Z" user="ICT_maps" uid="18862646" lat="37.6736255" lon="-97.1811500"/>
 <node id="13387404423" visible="true" version="1" changeset="176113359" timestamp="2025-12-18T21:04:52Z" user="ICT_maps" uid="18862646" lat="37.6734989" lon="-97.1810929"/>
 <node id="13387404424" visible="true" version="1" changeset="176113359" timestamp="2025-12-18T21:04:52Z" user="ICT_maps" uid="18862646" lat="37.6727509" lon="-97.1820387">
  <tag k="addr:city" v="Wichita"/>
  <tag k="addr:housenumber" v="13404"/>
  <tag k="addr:postcode" v="67230"/>
  <tag k="addr:state" v="KS"/>
  <tag k="addr:street" v="East Laguna Circle"/>
  <tag k="source" v="esri/USA_NAD_Addresses"/>
 </node>
 <node id="13387404425" visible="true" version="1" changeset="176113359" timestamp="2025-12-18T21:04:52Z" user="ICT_maps" uid="18862646" lat="37.6723536" lon="-97.1821898">
  <tag k="addr:city" v="Wichita"/>
  <tag k="addr:housenumber" v="13403"/>
  <tag k="addr:postcode" v="67230"/>
  <tag k="addr:state" v="KS"/>
  <tag k="addr:street" v="East Laguna Circle"/>
  <tag k="source" v="esri/USA_NAD_Addresses"/>
 </node>
 <node id="13387404426" visible="true" version="1" changeset="176113359" timestamp="2025-12-18T21:04:52Z" user="ICT_maps" uid="18862646" lat="37.6723236" lon="-97.1819039">
  <tag k="addr:city" v="Wichita"/>
  <tag k="addr:housenumber" v="13407"/>
  <tag k="addr:postcode" v="67230"/>
  <tag k="addr:state" v="KS"/>
  <tag k="addr:street" v="East Laguna Circle"/>
  <tag k="source" v="esri/USA_NAD_Addresses"/>
 </node>
 <node id="13387404427" visible="true" version="1" changeset="176113359" timestamp="2025-12-18T21:04:52Z" user="ICT_maps" uid="18862646" lat="37.6723199" lon="-97.1815754">
  <tag k="addr:city" v="Wichita"/>
  <tag k="addr:housenumber" v="13419"/>
  <tag k="addr:postcode" v="67230"/>
  <tag k="addr:state" v="KS"/>
  <tag k="addr:street" v="East Laguna Circle"/>
  <tag k="source" v="esri/USA_NAD_Addresses"/>
 </node>
 <node id="13387404428" visible="true" version="1" changeset="176113359" timestamp="2025-12-18T21:04:52Z" user="ICT_maps" uid="18862646" lat="37.6723505" lon="-97.1813136">
  <tag k="addr:city" v="Wichita"/>
  <tag k="addr:housenumber" v="13503"/>
  <tag k="addr:postcode" v="67230"/>
  <tag k="addr:state" v="KS"/>
  <tag k="addr:street" v="East Laguna Circle"/>
  <tag k="source" v="esri/USA_NAD_Addresses"/>
 </node>
 <node id="13387404429" visible="true" version="1" changeset="176113359" timestamp="2025-12-18T21:04:52Z" user="ICT_maps" uid="18862646" lat="37.6723602" lon="-97.1809933">
  <tag k="addr:city" v="Wichita"/>
  <tag k="addr:housenumber" v="13507"/>
  <tag k="addr:postcode" v="67230"/>
  <tag k="addr:state" v="KS"/>
  <tag k="addr:street" v="East Laguna Circle"/>
  <tag k="source" v="esri/USA_NAD_Addresses"/>
 </node>
 <node id="13387404430" visible="true" version="1" changeset="176113359" timestamp="2025-12-18T21:04:52Z" user="ICT_maps" uid="18862646" lat="37.6724098" lon="-97.1806385">
  <tag k="addr:city" v="Wichita"/>
  <tag k="addr:housenumber" v="13511"/>
  <tag k="addr:postcode" v="67230"/>
  <tag k="addr:state" v="KS"/>
  <tag k="addr:street" v="East Laguna Circle"/>
  <tag k="source" v="esri/USA_NAD_Addresses"/>
 </node>
 <node id="13387404431" visible="true" version="1" changeset="176113359" timestamp="2025-12-18T21:04:52Z" user="ICT_maps" uid="18862646" lat="37.6728789" lon="-97.1806639">
  <tag k="addr:city" v="Wichita"/>
  <tag k="addr:housenumber" v="13510"/>
  <tag k="addr:postcode" v="67230"/>
  <tag k="addr:state" v="KS"/>
  <tag k="addr:street" v="East Laguna Circle"/>
  <tag k="source" v="esri/USA_NAD_Addresses"/>
 </node>
 <node id="13387404432" visible="true" version="1" changeset="176113359" timestamp="2025-12-18T21:04:52Z" user="ICT_maps" uid="18862646" lat="37.6728458" lon="-97.1812880">
  <tag k="addr:city" v="Wichita"/>
  <tag k="addr:housenumber" v="13502"/>
  <tag k="addr:postcode" v="67230"/>
  <tag k="addr:state" v="KS"/>
  <tag k="addr:street" v="East Laguna Circle"/>
  <tag k="source" v="esri/USA_NAD_Addresses"/>
 </node>
 <node id="13387404433" visible="true" version="1" changeset="176113359" timestamp="2025-12-18T21:04:52Z" user="ICT_maps" uid="18862646" lat="37.6729234" lon="-97.1810422">
  <tag k="addr:city" v="Wichita"/>
  <tag k="addr:housenumber" v="13506"/>
  <tag k="addr:postcode" v="67230"/>
  <tag k="addr:state" v="KS"/>
  <tag k="addr:street" v="East Laguna Circle"/>
  <tag k="source" v="esri/USA_NAD_Addresses"/>
 </node>
 <node id="13387404434" visible="true" version="1" changeset="176113359" timestamp="2025-12-18T21:04:52Z" user="ICT_maps" uid="18862646" lat="37.6728020" lon="-97.1815668">
  <tag k="addr:city" v="Wichita"/>
  <tag k="addr:housenumber" v="13408"/>
  <tag k="addr:postcode" v="67230"/>
  <tag k="addr:state" v="KS"/>
  <tag k="addr:street" v="East Laguna Circle"/>
  <tag k="source" v="esri/USA_NAD_Addresses"/>
 </node>
 <node id="13387404435" visible="true" version="1" changeset="176113359" timestamp="2025-12-18T21:04:52Z" user="ICT_maps" uid="18862646" lat="37.6727675" lon="-97.1807039"/>
 <node id="13387404436" visible="true" version="1" changeset="176113359" timestamp="2025-12-18T21:04:52Z" user="ICT_maps" uid="18862646" lat="37.6727083" lon="-97.1807488"/>
 <node id="13387404437" visible="true" version="1" changeset="176113359" timestamp="2025-12-18T21:04:52Z" user="ICT_maps" uid="18862646" lat="37.6725839" lon="-97.1807637"/>
 <node id="13387404438" visible="true" version="1" changeset="176113359" timestamp="2025-12-18T21:04:52Z" user="ICT_maps" uid="18862646" lat="37.6725069" lon="-97.1807263"/>
 <node id="13387404439" visible="true" version="1" changeset="176113359" timestamp="2025-12-18T21:04:52Z" user="ICT_maps" uid="18862646" lat="37.6728238" lon="-97.1809732"/>
 <node id="13387404440" visible="true" version="1" changeset="176113359" timestamp="2025-12-18T21:04:52Z" user="ICT_maps" uid="18862646" lat="37.6724744" lon="-97.1809882"/>
 <node id="13387404441" visible="true" version="1" changeset="176113359" timestamp="2025-12-18T21:04:52Z" user="ICT_maps" uid="18862646" lat="37.6727349" lon="-97.1812351"/>
 <node id="13387404442" visible="true" version="1" changeset="176113359" timestamp="2025-12-18T21:04:52Z" user="ICT_maps" uid="18862646" lat="37.6726005" lon="-97.1812145"/>
 <node id="13387404443" visible="true" version="1" changeset="176113359" timestamp="2025-12-18T21:04:52Z" user="ICT_maps" uid="18862646" lat="37.6725916" lon="-97.1812899"/>
 <node id="13387404444" visible="true" version="1" changeset="176113359" timestamp="2025-12-18T21:04:52Z" user="ICT_maps" uid="18862646" lat="37.6724596" lon="-97.1812650"/>
 <node id="13387404445" visible="true" version="1" changeset="176113359" timestamp="2025-12-18T21:04:52Z" user="ICT_maps" uid="18862646" lat="37.6727083" lon="-97.1815531"/>
 <node id="13387404446" visible="true" version="1" changeset="176113359" timestamp="2025-12-18T21:04:52Z" user="ICT_maps" uid="18862646" lat="37.6725644" lon="-97.1815206"/>
 <node id="13387404447" visible="true" version="1" changeset="176113359" timestamp="2025-12-18T21:04:52Z" user="ICT_maps" uid="18862646" lat="37.6725570" lon="-97.1815835"/>
 <node id="13387404448" visible="true" version="1" changeset="176113359" timestamp="2025-12-18T21:04:52Z" user="ICT_maps" uid="18862646" lat="37.6724122" lon="-97.1815606"/>
 <node id="13387404449" visible="true" version="1" changeset="176113359" timestamp="2025-12-18T21:04:52Z" user="ICT_maps" uid="18862646" lat="37.6725299" lon="-97.1818777"/>
 <node id="13387404450" visible="true" version="1" changeset="176113359" timestamp="2025-12-18T21:04:52Z" user="ICT_maps" uid="18862646" lat="37.6723862" lon="-97.1818777"/>
 <node id="13387404451" visible="true" version="1" changeset="176113359" timestamp="2025-12-18T21:04:52Z" user="ICT_maps" uid="18862646" lat="37.6724347" lon="-97.1821412"/>
 <node id="13387404452" visible="true" version="1" changeset="176113359" timestamp="2025-12-18T21:04:52Z" user="ICT_maps" uid="18862646" lat="37.6726666" lon="-97.1820231"/>
 <node id="13387404453" visible="true" version="1" changeset="176113359" timestamp="2025-12-18T21:04:52Z" user="ICT_maps" uid="18862646" lat="37.6723464" lon="-97.1833358">
  <tag k="addr:city" v="Wichita"/>
  <tag k="addr:housenumber" v="13303"/>
  <tag k="addr:postcode" v="67230"/>
  <tag k="addr:state" v="KS"/>
  <tag k="addr:street" v="East Laguna Street"/>
  <tag k="source" v="esri/USA_NAD_Addresses"/>
 </node>
 <node id="13387404454" visible="true" version="1" changeset="176113359" timestamp="2025-12-18T21:04:52Z" user="ICT_maps" uid="18862646" lat="37.6724192" lon="-97.1833683"/>
 <node id="13387404455" visible="true" version="1" changeset="176113359" timestamp="2025-12-18T21:04:52Z" user="ICT_maps" uid="18862646" lat="37.6725626" lon="-97.1833714"/>
 <node id="13387404456" visible="true" version="1" changeset="176113359" timestamp="2025-12-18T21:04:52Z" user="ICT_maps" uid="18862646" lat="37.6727301" lon="-97.1835869"/>
 <node id="13387404457" visible="true" version="1" changeset="176113359" timestamp="2025-12-18T21:04:52Z" user="ICT_maps" uid="18862646" lat="37.6725613" lon="-97.1835900"/>
 <node id="13387404458" visible="true" version="1" changeset="176113359" timestamp="2025-12-18T21:04:52Z" user="ICT_maps" uid="18862646" lat="37.6726420" lon="-97.1835885"/>
 <node id="13387404459" visible="true" version="1" changeset="176113359" timestamp="2025-12-18T21:04:52Z" user="ICT_maps" uid="18862646" lat="37.6727401" lon="-97.1838688"/>
 <node id="13387404460" visible="true" version="1" changeset="176113359" timestamp="2025-12-18T21:04:52Z" user="ICT_maps" uid="18862646" lat="37.6725759" lon="-97.1838631"/>
 <node id="13387404461" visible="true" version="1" changeset="176113359" timestamp="2025-12-18T21:04:52Z" user="ICT_maps" uid="18862646" lat="37.6725916" lon="-97.1839793"/>
 <node id="13387404462" visible="true" version="1" changeset="176113359" timestamp="2025-12-18T21:04:52Z" user="ICT_maps" uid="18862646" lat="37.6724505" lon="-97.1840068"/>
 <node id="13387404463" visible="true" version="1" changeset="176113359" timestamp="2025-12-18T21:04:52Z" user="ICT_maps" uid="18862646" lat="37.6727957" lon="-97.1841976"/>
 <node id="13387404464" visible="true" version="1" changeset="176113359" timestamp="2025-12-18T21:04:52Z" user="ICT_maps" uid="18862646" lat="37.6726497" lon="-97.1842484"/>
 <node id="13387404465" visible="true" version="1" changeset="176113359" timestamp="2025-12-18T21:04:52Z" user="ICT_maps" uid="18862646" lat="37.6728578" lon="-97.1841525">
  <tag k="addr:city" v="Wichita"/>
  <tag k="addr:housenumber" v="13210"/>
  <tag k="addr:postcode" v="67230"/>
  <tag k="addr:state" v="KS"/>
  <tag k="addr:street" v="East Laguna Street"/>
  <tag k="source" v="esri/USA_NAD_Addresses"/>
 </node>
 <node id="13387404466" visible="true" version="1" changeset="176113359" timestamp="2025-12-18T21:04:52Z" user="ICT_maps" uid="18862646" lat="37.6728407" lon="-97.1838158">
  <tag k="addr:city" v="Wichita"/>
  <tag k="addr:housenumber" v="13214"/>
  <tag k="addr:postcode" v="67230"/>
  <tag k="addr:state" v="KS"/>
  <tag k="addr:street" v="East Laguna Street"/>
  <tag k="source" v="esri/USA_NAD_Addresses"/>
 </node>
 <node id="13387404467" visible="true" version="1" changeset="176113359" timestamp="2025-12-18T21:04:52Z" user="ICT_maps" uid="18862646" lat="37.6728038" lon="-97.1835131">
  <tag k="addr:city" v="Wichita"/>
  <tag k="addr:housenumber" v="13302"/>
  <tag k="addr:postcode" v="67230"/>
  <tag k="addr:state" v="KS"/>
  <tag k="addr:street" v="East Laguna Street"/>
  <tag k="source" v="esri/USA_NAD_Addresses"/>
 </node>
 <node id="13387404468" visible="true" version="1" changeset="176113359" timestamp="2025-12-18T21:04:52Z" user="ICT_maps" uid="18862646" lat="37.6723332" lon="-97.1839512">
  <tag k="addr:city" v="Wichita"/>
  <tag k="addr:housenumber" v="13215"/>
  <tag k="addr:postcode" v="67230"/>
  <tag k="addr:state" v="KS"/>
  <tag k="addr:street" v="East Laguna Street"/>
  <tag k="source" v="esri/USA_NAD_Addresses"/>
 </node>
 <node id="13387404469" visible="true" version="1" changeset="176113359" timestamp="2025-12-18T21:04:52Z" user="ICT_maps" uid="18862646" lat="37.6726586" lon="-97.1838660"/>
 <node id="13387404470" visible="true" version="1" changeset="176113359" timestamp="2025-12-18T21:04:52Z" user="ICT_maps" uid="18862646" lat="37.6727306" lon="-97.1842203"/>
 <node id="13387404475" visible="true" version="1" changeset="176113359" timestamp="2025-12-18T21:04:52Z" user="ICT_maps" uid="18862646" lat="37.6748527" lon="-97.1846203"/>
 <node id="13387404476" visible="true" version="1" changeset="176113359" timestamp="2025-12-18T21:04:52Z" user="ICT_maps" uid="18862646" lat="37.6748973" lon="-97.1843253"/>
 <node id="13387404477" visible="true" version="1" changeset="176113359" timestamp="2025-12-18T21:04:52Z" user="ICT_maps" uid="18862646" lat="37.6748739" lon="-97.1844801"/>
 <node id="13387404478" visible="true" version="1" changeset="176113359" timestamp="2025-12-18T21:04:52Z" user="ICT_maps" uid="18862646" lat="37.6748757" lon="-97.1847935">
  <tag k="addr:city" v="Wichita"/>
  <tag k="addr:housenumber" v="13205"/>
  <tag k="addr:postcode" v="67230"/>
  <tag k="addr:state" v="KS"/>
  <tag k="addr:street" v="East Gilbert Court"/>
  <tag k="source" v="esri/USA_NAD_Addresses"/>
 </node>
 <node id="13387404479" visible="true" version="1" changeset="176113359" timestamp="2025-12-18T21:04:52Z" user="ICT_maps" uid="18862646" lat="37.6749683" lon="-97.1842245">
  <tag k="addr:city" v="Wichita"/>
  <tag k="addr:housenumber" v="13235"/>
  <tag k="addr:postcode" v="67230"/>
  <tag k="addr:state" v="KS"/>
  <tag k="addr:street" v="East Gilbert Court"/>
  <tag k="source" v="esri/USA_NAD_Addresses"/>
 </node>
 <node id="13387404480" visible="true" version="1" changeset="176113359" timestamp="2025-12-18T21:04:52Z" user="ICT_maps" uid="18862646" lat="37.6746389" lon="-97.1847107">
  <tag k="addr:city" v="Wichita"/>
  <tag k="addr:housenumber" v="13207"/>
  <tag k="addr:postcode" v="67230"/>
  <tag k="addr:state" v="KS"/>
  <tag k="addr:street" v="East Gilbert Court"/>
  <tag k="source" v="esri/USA_NAD_Addresses"/>
 </node>
 <node id="13387404481" visible="true" version="1" changeset="176113359" timestamp="2025-12-18T21:04:52Z" user="ICT_maps" uid="18862646" lat="37.6747721" lon="-97.1841798">
  <tag k="addr:city" v="Wichita"/>
  <tag k="addr:housenumber" v="13231"/>
  <tag k="addr:postcode" v="67230"/>
  <tag k="addr:state" v="KS"/>
  <tag k="addr:street" v="East Gilbert Court"/>
  <tag k="source" v="esri/USA_NAD_Addresses"/>
 </node>
 <node id="13387404482" visible="true" version="1" changeset="176113359" timestamp="2025-12-18T21:04:52Z" user="ICT_maps" uid="18862646" lat="37.6744169" lon="-97.1846219">
  <tag k="addr:city" v="Wichita"/>
  <tag k="addr:housenumber" v="13211"/>
  <tag k="addr:postcode" v="67230"/>
  <tag k="addr:state" v="KS"/>
  <tag k="addr:street" v="East Gilbert Court"/>
  <tag k="source" v="esri/USA_NAD_Addresses"/>
 </node>
 <node id="13387404483" visible="true" version="1" changeset="176113359" timestamp="2025-12-18T21:04:52Z" user="ICT_maps" uid="18862646" lat="37.6741808" lon="-97.1844744">
  <tag k="addr:city" v="Wichita"/>
  <tag k="addr:housenumber" v="13215"/>
  <tag k="addr:postcode" v="67230"/>
  <tag k="addr:state" v="KS"/>
  <tag k="addr:street" v="East Gilbert Court"/>
  <tag k="source" v="esri/USA_NAD_Addresses"/>
 </node>
 <node id="13387404484" visible="true" version="1" changeset="176113359" timestamp="2025-12-18T21:04:52Z" user="ICT_maps" uid="18862646" lat="37.6741172" lon="-97.1842099">
  <tag k="addr:city" v="Wichita"/>
  <tag k="addr:housenumber" v="13219"/>
  <tag k="addr:postcode" v="67230"/>
  <tag k="addr:state" v="KS"/>
  <tag k="addr:street" v="East Gilbert Court"/>
  <tag k="source" v="esri/USA_NAD_Addresses"/>
 </node>
 <node id="13387404485" visible="true" version="1" changeset="176113359" timestamp="2025-12-18T21:04:52Z" user="ICT_maps" uid="18862646" lat="37.6742814" lon="-97.1838913">
  <tag k="addr:city" v="Wichita"/>
  <tag k="addr:housenumber" v="13223"/>
  <tag k="addr:postcode" v="67230"/>
  <tag k="addr:state" v="KS"/>
  <tag k="addr:street" v="East Gilbert Court"/>
  <tag k="source" v="esri/USA_NAD_Addresses"/>
 </node>
 <node id="13387404486" visible="true" version="1" changeset="176113359" timestamp="2025-12-18T21:04:52Z" user="ICT_maps" uid="18862646" lat="37.6745567" lon="-97.1839538">
  <tag k="addr:city" v="Wichita"/>
  <tag k="addr:housenumber" v="13227"/>
  <tag k="addr:postcode" v="67230"/>
  <tag k="addr:state" v="KS"/>
  <tag k="addr:street" v="East Gilbert Court"/>
  <tag k="source" v="esri/USA_NAD_Addresses"/>
 </node>
 <node id="13387404487" visible="true" version="1" changeset="176113359" timestamp="2025-12-18T21:04:52Z" user="ICT_maps" uid="18862646" lat="37.6746404" lon="-97.1845774"/>
 <node id="13387404488" visible="true" version="1" changeset="176113359" timestamp="2025-12-18T21:04:52Z" user="ICT_maps" uid="18862646" lat="37.6746935" lon="-97.1842690"/>
 <node id="13387404489" visible="true" version="1" changeset="176113359" timestamp="2025-12-18T21:04:52Z" user="ICT_maps" uid="18862646" lat="37.6746687" lon="-97.1844131"/>
 <node id="13387404490" visible="true" version="1" changeset="176113359" timestamp="2025-12-18T21:04:52Z" user="ICT_maps" uid="18862646" lat="37.6744685" lon="-97.1845023"/>
 <node id="13387404491" visible="true" version="1" changeset="176113359" timestamp="2025-12-18T21:04:52Z" user="ICT_maps" uid="18862646" lat="37.6745089" lon="-97.1843416"/>
 <node id="13387404492" visible="true" version="1" changeset="176113359" timestamp="2025-12-18T21:04:52Z" user="ICT_maps" uid="18862646" lat="37.6742286" lon="-97.1844111"/>
 <node id="13387404493" visible="true" version="1" changeset="176113359" timestamp="2025-12-18T21:04:52Z" user="ICT_maps" uid="18862646" lat="37.6741989" lon="-97.1842314"/>
 <node id="13387404494" visible="true" version="1" changeset="176113359" timestamp="2025-12-18T21:04:52Z" user="ICT_maps" uid="18862646" lat="37.6743093" lon="-97.1840169"/>
 <node id="13387404495" visible="true" version="1" changeset="176113359" timestamp="2025-12-18T21:04:52Z" user="ICT_maps" uid="18862646" lat="37.6745003" lon="-97.1841751"/>
 <node id="13387404496" visible="true" version="1" changeset="176113359" timestamp="2025-12-18T21:04:52Z" user="ICT_maps" uid="18862646" lat="37.6745513" lon="-97.1840839"/>
 <node id="13387404497" visible="true" version="1" changeset="176113359" timestamp="2025-12-18T21:04:52Z" user="ICT_maps" uid="18862646" lat="37.6748946" lon="-97.1853335">
  <tag k="addr:city" v="Wichita"/>
  <tag k="addr:housenumber" v="704"/>
  <tag k="addr:postcode" v="67230"/>
  <tag k="addr:state" v="KS"/>
  <tag k="addr:street" v="South Sierra Hills Street"/>
  <tag k="source" v="esri/USA_NAD_Addresses"/>
 </node>
 <node id="13387404498" visible="true" version="1" changeset="176113359" timestamp="2025-12-18T21:04:52Z" user="ICT_maps" uid="18862646" lat="37.6748653" lon="-97.1859199">
  <tag k="addr:city" v="Wichita"/>
  <tag k="addr:housenumber" v="705"/>
  <tag k="addr:postcode" v="67230"/>
  <tag k="addr:state" v="KS"/>
  <tag k="addr:street" v="South Sierra Hills Street"/>
  <tag k="source" v="esri/USA_NAD_Addresses"/>
 </node>
 <node id="13387404499" visible="true" version="1" changeset="176113359" timestamp="2025-12-18T21:04:52Z" user="ICT_maps" uid="18862646" lat="37.6746991" lon="-97.1859061">
  <tag k="addr:city" v="Wichita"/>
  <tag k="addr:housenumber" v="709"/>
  <tag k="addr:postcode" v="67230"/>
  <tag k="addr:state" v="KS"/>
  <tag k="addr:street" v="South Sierra Hills Street"/>
  <tag k="source" v="esri/USA_NAD_Addresses"/>
 </node>
 <node id="13387404500" visible="true" version="1" changeset="176113359" timestamp="2025-12-18T21:04:52Z" user="ICT_maps" uid="18862646" lat="37.6744443" lon="-97.1858769">
  <tag k="addr:city" v="Wichita"/>
  <tag k="addr:housenumber" v="711"/>
  <tag k="addr:postcode" v="67230"/>
  <tag k="addr:state" v="KS"/>
  <tag k="addr:street" v="South Sierra Hills Street"/>
  <tag k="source" v="esri/USA_NAD_Addresses"/>
 </node>
 <node id="13387411601" visible="true" version="1" changeset="176113359" timestamp="2025-12-18T21:04:52Z" user="ICT_maps" uid="18862646" lat="37.6742156" lon="-97.1857883">
  <tag k="addr:city" v="Wichita"/>
  <tag k="addr:housenumber" v="717"/>
  <tag k="addr:postcode" v="67230"/>
  <tag k="addr:state" v="KS"/>
  <tag k="addr:street" v="South Sierra Hills Street"/>
  <tag k="source" v="esri/USA_NAD_Addresses"/>
 </node>
 <node id="13387411602" visible="true" version="1" changeset="176113359" timestamp="2025-12-18T21:04:52Z" user="ICT_maps" uid="18862646" lat="37.6740062" lon="-97.1856235">
  <tag k="addr:city" v="Wichita"/>
  <tag k="addr:housenumber" v="721"/>
  <tag k="addr:postcode" v="67230"/>
  <tag k="addr:state" v="KS"/>
  <tag k="addr:street" v="South Sierra Hills Street"/>
  <tag k="source" v="esri/USA_NAD_Addresses"/>
 </node>
 <node id="13387411603" visible="true" version="1" changeset="176113359" timestamp="2025-12-18T21:04:52Z" user="ICT_maps" uid="18862646" lat="37.6738308" lon="-97.1855170">
  <tag k="addr:city" v="Wichita"/>
  <tag k="addr:housenumber" v="803"/>
  <tag k="addr:postcode" v="67230"/>
  <tag k="addr:state" v="KS"/>
  <tag k="addr:street" v="South Sierra Hills Street"/>
  <tag k="source" v="esri/USA_NAD_Addresses"/>
 </node>
 <node id="13387411604" visible="true" version="1" changeset="176113359" timestamp="2025-12-18T21:04:52Z" user="ICT_maps" uid="18862646" lat="37.6738572" lon="-97.1848846">
  <tag k="addr:city" v="Wichita"/>
  <tag k="addr:housenumber" v="806"/>
  <tag k="addr:postcode" v="67230"/>
  <tag k="addr:state" v="KS"/>
  <tag k="addr:street" v="South Sierra Hills Street"/>
  <tag k="source" v="esri/USA_NAD_Addresses"/>
 </node>
 <node id="13387411605" visible="true" version="1" changeset="176113359" timestamp="2025-12-18T21:04:52Z" user="ICT_maps" uid="18862646" lat="37.6740325" lon="-97.1849826">
  <tag k="addr:city" v="Wichita"/>
  <tag k="addr:housenumber" v="802"/>
  <tag k="addr:postcode" v="67230"/>
  <tag k="addr:state" v="KS"/>
  <tag k="addr:street" v="South Sierra Hills Street"/>
  <tag k="source" v="esri/USA_NAD_Addresses"/>
 </node>
 <node id="13387411606" visible="true" version="1" changeset="176113359" timestamp="2025-12-18T21:04:52Z" user="ICT_maps" uid="18862646" lat="37.6742482" lon="-97.1851136">
  <tag k="addr:city" v="Wichita"/>
  <tag k="addr:housenumber" v="716"/>
  <tag k="addr:postcode" v="67230"/>
  <tag k="addr:state" v="KS"/>
  <tag k="addr:street" v="South Sierra Hills Street"/>
  <tag k="source" v="esri/USA_NAD_Addresses"/>
 </node>
 <node id="13387411607" visible="true" version="1" changeset="176113359" timestamp="2025-12-18T21:04:52Z" user="ICT_maps" uid="18862646" lat="37.6744035" lon="-97.1852204">
  <tag k="addr:city" v="Wichita"/>
  <tag k="addr:housenumber" v="712"/>
  <tag k="addr:postcode" v="67230"/>
  <tag k="addr:state" v="KS"/>
  <tag k="addr:street" v="South Sierra Hills Street"/>
  <tag k="source" v="esri/USA_NAD_Addresses"/>
 </node>
 <node id="13387411608" visible="true" version="1" changeset="176113359" timestamp="2025-12-18T21:04:52Z" user="ICT_maps" uid="18862646" lat="37.6746434" lon="-97.1853059">
  <tag k="addr:city" v="Wichita"/>
  <tag k="addr:housenumber" v="708"/>
  <tag k="addr:postcode" v="67230"/>
  <tag k="addr:state" v="KS"/>
  <tag k="addr:street" v="South Sierra Hills Street"/>
  <tag k="source" v="esri/USA_NAD_Addresses"/>
 </node>
 <node id="13387411609" visible="true" version="1" changeset="176113359" timestamp="2025-12-18T21:04:52Z" user="ICT_maps" uid="18862646" lat="37.6748263" lon="-97.1854475"/>
 <node id="13387411610" visible="true" version="1" changeset="176113359" timestamp="2025-12-18T21:04:52Z" user="ICT_maps" uid="18862646" lat="37.6748327" lon="-97.1858257"/>
 <node id="13387411611" visible="true" version="1" changeset="176113359" timestamp="2025-12-18T21:04:52Z" user="ICT_maps" uid="18862646" lat="37.6748294" lon="-97.1856320"/>
 <node id="13387411612" visible="true" version="1" changeset="176113359" timestamp="2025-12-18T21:04:52Z" user="ICT_maps" uid="18862646" lat="37.6746289" lon="-97.1857961"/>
 <node id="13387411613" visible="true" version="1" changeset="176113359" timestamp="2025-12-18T21:04:52Z" user="ICT_maps" uid="18862646" lat="37.6746513" lon="-97.1856266"/>
 <node id="13387411614" visible="true" version="1" changeset="176113359" timestamp="2025-12-18T21:04:52Z" user="ICT_maps" uid="18862646" lat="37.6746352" lon="-97.1854421"/>
 <node id="13387411615" visible="true" version="1" changeset="176113359" timestamp="2025-12-18T21:04:52Z" user="ICT_maps" uid="18862646" lat="37.6744166" lon="-97.1857291"/>
 <node id="13387411616" visible="true" version="1" changeset="176113359" timestamp="2025-12-18T21:04:52Z" user="ICT_maps" uid="18862646" lat="37.6744600" lon="-97.1855774"/>
 <node id="13387411617" visible="true" version="1" changeset="176113359" timestamp="2025-12-18T21:04:52Z" user="ICT_maps" uid="18862646" lat="37.6742807" lon="-97.1856808"/>
 <node id="13387411618" visible="true" version="1" changeset="176113359" timestamp="2025-12-18T21:04:52Z" user="ICT_maps" uid="18862646" lat="37.6744229" lon="-97.1853509"/>
 <node id="13387411619" visible="true" version="1" changeset="176113359" timestamp="2025-12-18T21:04:52Z" user="ICT_maps" uid="18862646" lat="37.6743685" lon="-97.1855408"/>
 <node id="13387411620" visible="true" version="1" changeset="176113359" timestamp="2025-12-18T21:04:52Z" user="ICT_maps" uid="18862646" lat="37.6740790" lon="-97.1855521"/>
 <node id="13387411621" visible="true" version="1" changeset="176113359" timestamp="2025-12-18T21:04:52Z" user="ICT_maps" uid="18862646" lat="37.6741397" lon="-97.1854101"/>
 <node id="13387411622" visible="true" version="1" changeset="176113359" timestamp="2025-12-18T21:04:52Z" user="ICT_maps" uid="18862646" lat="37.6742064" lon="-97.1852543"/>
 <node id="13387411623" visible="true" version="1" changeset="176113359" timestamp="2025-12-18T21:04:52Z" user="ICT_maps" uid="18862646" lat="37.6738200" lon="-97.1853965"/>
 <node id="13387411624" visible="true" version="1" changeset="176113359" timestamp="2025-12-18T21:04:52Z" user="ICT_maps" uid="18862646" lat="37.6738717" lon="-97.1852500"/>
 <node id="13387411625" visible="true" version="1" changeset="176113359" timestamp="2025-12-18T21:04:52Z" user="ICT_maps" uid="18862646" lat="37.6740111" lon="-97.1851336"/>
 <node id="13387411626" visible="true" version="1" changeset="176113359" timestamp="2025-12-18T21:04:52Z" user="ICT_maps" uid="18862646" lat="37.6739517" lon="-97.1852978"/>
 <node id="13387411627" visible="true" version="1" changeset="176113359" timestamp="2025-12-18T21:04:52Z" user="ICT_maps" uid="18862646" lat="37.6738285" lon="-97.1850129"/>
 <node id="13387411628" visible="true" version="1" changeset="176113359" timestamp="2025-12-18T21:04:52Z" user="ICT_maps" uid="18862646" lat="37.6737439" lon="-97.1851737"/>
 <node id="13387411629" visible="true" version="1" changeset="176113359" timestamp="2025-12-18T21:04:52Z" user="ICT_maps" uid="18862646" lat="37.6738377" lon="-97.1853463"/>
 <node id="13387411630" visible="true" version="1" changeset="176113359" timestamp="2025-12-18T21:04:52Z" user="ICT_maps" uid="18862646" lat="37.6740999" lon="-97.1855031"/>
 <node id="13387411631" visible="true" version="1" changeset="176113359" timestamp="2025-12-18T21:04:52Z" user="ICT_maps" uid="18862646" lat="37.6744317" lon="-97.1856762"/>
 <node id="13387411632" visible="true" version="1" changeset="176113359" timestamp="2025-12-18T21:04:52Z" user="ICT_maps" uid="18862646" lat="37.6748312" lon="-97.1857371"/>
 <node id="13387411633" visible="true" version="1" changeset="176113359" timestamp="2025-12-18T21:04:52Z" user="ICT_maps" uid="18862646" lat="37.6744557" lon="-97.1868962">
  <tag k="addr:city" v="Wichita"/>
  <tag k="addr:housenumber" v="714"/>
  <tag k="addr:postcode" v="67230"/>
  <tag k="addr:state" v="KS"/>
  <tag k="addr:street" v="South Peckham Street"/>
  <tag k="source" v="esri/USA_NAD_Addresses"/>
 </node>
 <node id="13387411634" visible="true" version="1" changeset="176113359" timestamp="2025-12-18T21:04:52Z" user="ICT_maps" uid="18862646" lat="37.6742331" lon="-97.1867485">
  <tag k="addr:city" v="Wichita"/>
  <tag k="addr:housenumber" v="718"/>
  <tag k="addr:postcode" v="67230"/>
  <tag k="addr:state" v="KS"/>
  <tag k="addr:street" v="South Peckham Street"/>
  <tag k="source" v="esri/USA_NAD_Addresses"/>
 </node>
 <node id="13387411635" visible="true" version="1" changeset="176113359" timestamp="2025-12-18T21:04:52Z" user="ICT_maps" uid="18862646" lat="37.6744306" lon="-97.1870246"/>
 <node id="13387411636" visible="true" version="1" changeset="176113359" timestamp="2025-12-18T21:04:52Z" user="ICT_maps" uid="18862646" lat="37.6743546" lon="-97.1871948"/>
 <node id="13387411637" visible="true" version="1" changeset="176113359" timestamp="2025-12-18T21:04:52Z" user="ICT_maps" uid="18862646" lat="37.6742086" lon="-97.1868767"/>
 <node id="13387411638" visible="true" version="1" changeset="176113359" timestamp="2025-12-18T21:04:52Z" user="ICT_maps" uid="18862646" lat="37.6741658" lon="-97.1870662"/>
 <node id="13387411639" visible="true" version="1" changeset="176113359" timestamp="2025-12-18T21:04:52Z" user="ICT_maps" uid="18862646" lat="37.6739355" lon="-97.1867812"/>
 <node id="13387411640" visible="true" version="1" changeset="176113359" timestamp="2025-12-18T21:04:52Z" user="ICT_maps" uid="18862646" lat="37.6739912" lon="-97.1866769">
  <tag k="addr:city" v="Wichita"/>
  <tag k="addr:housenumber" v="722"/>
  <tag k="addr:postcode" v="67230"/>
  <tag k="addr:state" v="KS"/>
  <tag k="addr:street" v="South Peckham Street"/>
  <tag k="source" v="esri/USA_NAD_Addresses"/>
 </node>
 <node id="13387411641" visible="true" version="1" changeset="176113359" timestamp="2025-12-18T21:04:52Z" user="ICT_maps" uid="18862646" lat="37.6737630" lon="-97.1866389">
  <tag k="addr:city" v="Wichita"/>
  <tag k="addr:housenumber" v="726"/>
  <tag k="addr:postcode" v="67230"/>
  <tag k="addr:state" v="KS"/>
  <tag k="addr:street" v="South Peckham Street"/>
  <tag k="source" v="esri/USA_NAD_Addresses"/>
 </node>
 <node id="13387411642" visible="true" version="1" changeset="176113359" timestamp="2025-12-18T21:04:52Z" user="ICT_maps" uid="18862646" lat="37.6737819" lon="-97.1867627"/>
 <node id="13387411643" visible="true" version="2" changeset="176113554" timestamp="2025-12-18T21:11:39Z" user="ICT_maps" uid="18862646" lat="37.6737801" lon="-97.1869398"/>
 <node id="13387411644" visible="true" version="1" changeset="176113359" timestamp="2025-12-18T21:04:52Z" user="ICT_maps" uid="18862646" lat="37.6737797" lon="-97.1868412"/>
 <node id="13387411645" visible="true" version="1" changeset="176113359" timestamp="2025-12-18T21:04:52Z" user="ICT_maps" uid="18862646" lat="37.6739353" lon="-97.1868626"/>
 <node id="13387411646" visible="true" version="1" changeset="176113359" timestamp="2025-12-18T21:04:52Z" user="ICT_maps" uid="18862646" lat="37.6741889" lon="-97.1869638"/>
 <node id="13387411647" visible="true" version="1" changeset="176113359" timestamp="2025-12-18T21:04:52Z" user="ICT_maps" uid="18862646" lat="37.6743956" lon="-97.1871029"/>
 <node id="13387411648" visible="true" version="1" changeset="176113359" timestamp="2025-12-18T21:04:52Z" user="ICT_maps" uid="18862646" lat="37.6741061" lon="-97.1873743">
  <tag k="addr:city" v="Wichita"/>
  <tag k="addr:housenumber" v="715"/>
  <tag k="addr:postcode" v="67230"/>
  <tag k="addr:state" v="KS"/>
  <tag k="addr:street" v="South Peckham Court"/>
  <tag k="source" v="esri/USA_NAD_Addresses"/>
 </node>
 <node id="13387411649" visible="true" version="1" changeset="176113359" timestamp="2025-12-18T21:04:52Z" user="ICT_maps" uid="18862646" lat="37.6740017" lon="-97.1876205">
  <tag k="addr:city" v="Wichita"/>
  <tag k="addr:housenumber" v="719"/>
  <tag k="addr:postcode" v="67230"/>
  <tag k="addr:state" v="KS"/>
  <tag k="addr:street" v="South Peckham Court"/>
  <tag k="source" v="esri/USA_NAD_Addresses"/>
 </node>
 <node id="13387411650" visible="true" version="1" changeset="176113359" timestamp="2025-12-18T21:04:52Z" user="ICT_maps" uid="18862646" lat="37.6738782" lon="-97.1879512">
  <tag k="addr:city" v="Wichita"/>
  <tag k="addr:housenumber" v="723"/>
  <tag k="addr:postcode" v="67230"/>
  <tag k="addr:state" v="KS"/>
  <tag k="addr:street" v="South Peckham Court"/>
  <tag k="source" v="esri/USA_NAD_Addresses"/>
 </node>
 <node id="13387411651" visible="true" version="1" changeset="176113359" timestamp="2025-12-18T21:04:52Z" user="ICT_maps" uid="18862646" lat="37.6737671" lon="-97.1881976">
  <tag k="addr:city" v="Wichita"/>
  <tag k="addr:housenumber" v="727"/>
  <tag k="addr:postcode" v="67230"/>
  <tag k="addr:state" v="KS"/>
  <tag k="addr:street" v="South Peckham Court"/>
  <tag k="source" v="esri/USA_NAD_Addresses"/>
 </node>
 <node id="13387411652" visible="true" version="1" changeset="176113359" timestamp="2025-12-18T21:04:52Z" user="ICT_maps" uid="18862646" lat="37.6736429" lon="-97.1881677"/>
 <node id="13387411653" visible="true" version="1" changeset="176113359" timestamp="2025-12-18T21:04:52Z" user="ICT_maps" uid="18862646" lat="37.6735123" lon="-97.1880879"/>
 <node id="13387411654" visible="true" version="1" changeset="176113359" timestamp="2025-12-18T21:04:52Z" user="ICT_maps" uid="18862646" lat="37.6737721" lon="-97.1878842"/>
 <node id="13387411655" visible="true" version="1" changeset="176113359" timestamp="2025-12-18T21:04:52Z" user="ICT_maps" uid="18862646" lat="37.6736441" lon="-97.1877975"/>
 <node id="13387411656" visible="true" version="1" changeset="176113359" timestamp="2025-12-18T21:04:52Z" user="ICT_maps" uid="18862646" lat="37.6738867" lon="-97.1876347"/>
 <node id="13387411657" visible="true" version="1" changeset="176113359" timestamp="2025-12-18T21:04:52Z" user="ICT_maps" uid="18862646" lat="37.6737590" lon="-97.1875442"/>
 <node id="13387411658" visible="true" version="1" changeset="176113359" timestamp="2025-12-18T21:04:52Z" user="ICT_maps" uid="18862646" lat="37.6740087" lon="-97.1873820"/>
 <node id="13387425101" visible="true" version="1" changeset="176113554" timestamp="2025-12-18T21:11:39Z" user="ICT_maps" uid="18862646" lat="37.6724986" lon="-97.1881095"/>
 <node id="13387425102" visible="true" version="1" changeset="176113554" timestamp="2025-12-18T21:11:39Z" user="ICT_maps" uid="18862646" lat="37.6723932" lon="-97.1880422"/>
 <node id="13387425103" visible="true" version="1" changeset="176113554" timestamp="2025-12-18T21:11:39Z" user="ICT_maps" uid="18862646" lat="37.6722858" lon="-97.1880890">
  <tag k="addr:city" v="Wichita"/>
  <tag k="addr:housenumber" v="839"/>
  <tag k="addr:postcode" v="67230"/>
  <tag k="addr:state" v="KS"/>
  <tag k="addr:street" v="South Peckham Court"/>
  <tag k="source" v="esri/USA_NAD_Addresses"/>
 </node>
 <node id="13387425104" visible="true" version="1" changeset="176113554" timestamp="2025-12-18T21:11:39Z" user="ICT_maps" uid="18862646" lat="37.6724264" lon="-97.1877332">
  <tag k="addr:city" v="Wichita"/>
  <tag k="addr:housenumber" v="843"/>
  <tag k="addr:postcode" v="67230"/>
  <tag k="addr:state" v="KS"/>
  <tag k="addr:street" v="South Peckham Court"/>
  <tag k="source" v="esri/USA_NAD_Addresses"/>
 </node>
 <node id="13387425105" visible="true" version="1" changeset="176113554" timestamp="2025-12-18T21:11:39Z" user="ICT_maps" uid="18862646" lat="37.6725444" lon="-97.1874558">
  <tag k="addr:city" v="Wichita"/>
  <tag k="addr:housenumber" v="847"/>
  <tag k="addr:postcode" v="67230"/>
  <tag k="addr:state" v="KS"/>
  <tag k="addr:street" v="South Peckham Court"/>
  <tag k="source" v="esri/USA_NAD_Addresses"/>
 </node>
 <node id="13387425106" visible="true" version="1" changeset="176113554" timestamp="2025-12-18T21:11:39Z" user="ICT_maps" uid="18862646" lat="37.6726539" lon="-97.1871945">
  <tag k="addr:city" v="Wichita"/>
  <tag k="addr:housenumber" v="851"/>
  <tag k="addr:postcode" v="67230"/>
  <tag k="addr:state" v="KS"/>
  <tag k="addr:street" v="South Peckham Court"/>
  <tag k="source" v="esri/USA_NAD_Addresses"/>
 </node>
 <node id="13387425107" visible="true" version="1" changeset="176113554" timestamp="2025-12-18T21:11:39Z" user="ICT_maps" uid="18862646" lat="37.6727175" lon="-97.1872873"/>
 <node id="13387425108" visible="true" version="1" changeset="176113554" timestamp="2025-12-18T21:11:39Z" user="ICT_maps" uid="18862646" lat="37.6727590" lon="-97.1879466"/>
 <node id="13387425109" visible="true" version="1" changeset="176113554" timestamp="2025-12-18T21:11:39Z" user="ICT_maps" uid="18862646" lat="37.6726166" lon="-97.1878474"/>
 <node id="13387425110" visible="true" version="1" changeset="176113554" timestamp="2025-12-18T21:11:39Z" user="ICT_maps" uid="18862646" lat="37.6725952" lon="-97.1878949"/>
 <node id="13387425111" visible="true" version="1" changeset="176113554" timestamp="2025-12-18T21:11:39Z" user="ICT_maps" uid="18862646" lat="37.6724883" lon="-97.1878203"/>
 <node id="13387425112" visible="true" version="1" changeset="176113554" timestamp="2025-12-18T21:11:39Z" user="ICT_maps" uid="18862646" lat="37.6727075" lon="-97.1876454"/>
 <node id="13387425113" visible="true" version="1" changeset="176113554" timestamp="2025-12-18T21:11:39Z" user="ICT_maps" uid="18862646" lat="37.6725907" lon="-97.1875554"/>
 <node id="13387425114" visible="true" version="1" changeset="176113554" timestamp="2025-12-18T21:11:39Z" user="ICT_maps" uid="18862646" lat="37.6728311" lon="-97.1866340">
  <tag k="addr:city" v="Wichita"/>
  <tag k="addr:housenumber" v="816"/>
  <tag k="addr:postcode" v="67230"/>
  <tag k="addr:state" v="KS"/>
  <tag k="addr:street" v="South Peckham Street"/>
  <tag k="source" v="esri/USA_NAD_Addresses"/>
 </node>
 <node id="13387425115" visible="true" version="1" changeset="176113554" timestamp="2025-12-18T21:11:39Z" user="ICT_maps" uid="18862646" lat="37.6726980" lon="-97.1866002"/>
 <node id="13387425116" visible="true" version="1" changeset="176113554" timestamp="2025-12-18T21:11:39Z" user="ICT_maps" uid="18862646" lat="37.6725964" lon="-97.1867387"/>
 <node id="13387425117" visible="true" version="1" changeset="176113554" timestamp="2025-12-18T21:11:39Z" user="ICT_maps" uid="18862646" lat="37.6726496" lon="-97.1866662"/>
 <node id="13387425118" visible="true" version="1" changeset="176113554" timestamp="2025-12-18T21:11:39Z" user="ICT_maps" uid="18862646" lat="37.6724254" lon="-97.1867490"/>
 <node id="13387425119" visible="true" version="1" changeset="176113554" timestamp="2025-12-18T21:11:39Z" user="ICT_maps" uid="18862646" lat="37.6725219" lon="-97.1865374"/>
 <node id="13387425120" visible="true" version="1" changeset="176113554" timestamp="2025-12-18T21:11:39Z" user="ICT_maps" uid="18862646" lat="37.6723945" lon="-97.1865769"/>
 <node id="13387425121" visible="true" version="1" changeset="176113554" timestamp="2025-12-18T21:11:39Z" user="ICT_maps" uid="18862646" lat="37.6726650" lon="-97.1862455"/>
 <node id="13387425122" visible="true" version="1" changeset="176113554" timestamp="2025-12-18T21:11:39Z" user="ICT_maps" uid="18862646" lat="37.6725115" lon="-97.1862377"/>
 <node id="13387425123" visible="true" version="1" changeset="176113554" timestamp="2025-12-18T21:11:39Z" user="ICT_maps" uid="18862646" lat="37.6725115" lon="-97.1863055"/>
 <node id="13387425124" visible="true" version="1" changeset="176113554" timestamp="2025-12-18T21:11:39Z" user="ICT_maps" uid="18862646" lat="37.6723759" lon="-97.1862977"/>
 <node id="13387425125" visible="true" version="1" changeset="176113554" timestamp="2025-12-18T21:11:39Z" user="ICT_maps" uid="18862646" lat="37.6723592" lon="-97.1868660">
  <tag k="addr:city" v="Wichita"/>
  <tag k="addr:housenumber" v="13003"/>
  <tag k="addr:postcode" v="67230"/>
  <tag k="addr:state" v="KS"/>
  <tag k="addr:street" v="East Laguna Street"/>
  <tag k="source" v="esri/USA_NAD_Addresses"/>
 </node>
 <node id="13387425126" visible="true" version="1" changeset="176113554" timestamp="2025-12-18T21:11:39Z" user="ICT_maps" uid="18862646" lat="37.6722752" lon="-97.1865473">
  <tag k="addr:city" v="Wichita"/>
  <tag k="addr:housenumber" v="13007"/>
  <tag k="addr:postcode" v="67230"/>
  <tag k="addr:state" v="KS"/>
  <tag k="addr:street" v="East Laguna Street"/>
  <tag k="source" v="esri/USA_NAD_Addresses"/>
 </node>
 <node id="13387425127" visible="true" version="1" changeset="176113554" timestamp="2025-12-18T21:11:39Z" user="ICT_maps" uid="18862646" lat="37.6722651" lon="-97.1862357">
  <tag k="addr:city" v="Wichita"/>
  <tag k="addr:housenumber" v="13011"/>
  <tag k="addr:postcode" v="67230"/>
  <tag k="addr:state" v="KS"/>
  <tag k="addr:street" v="East Laguna Street"/>
  <tag k="source" v="esri/USA_NAD_Addresses"/>
 </node>
 <node id="13387425128" visible="true" version="1" changeset="176113554" timestamp="2025-12-18T21:11:39Z" user="ICT_maps" uid="18862646" lat="37.6727402" lon="-97.1862020">
  <tag k="addr:city" v="Wichita"/>
  <tag k="addr:housenumber" v="13004"/>
  <tag k="addr:postcode" v="67230"/>
  <tag k="addr:state" v="KS"/>
  <tag k="addr:street" v="East Laguna Street"/>
  <tag k="source" v="esri/USA_NAD_Addresses"/>
 </node>
 <node id="13387425129" visible="true" version="1" changeset="176113554" timestamp="2025-12-18T21:11:39Z" user="ICT_maps" uid="18862646" lat="37.6727368" lon="-97.1858987">
  <tag k="addr:city" v="Wichita"/>
  <tag k="addr:housenumber" v="13102"/>
  <tag k="addr:postcode" v="67230"/>
  <tag k="addr:state" v="KS"/>
  <tag k="addr:street" v="East Laguna Street"/>
  <tag k="source" v="esri/USA_NAD_Addresses"/>
 </node>
 <node id="13387425130" visible="true" version="1" changeset="176113554" timestamp="2025-12-18T21:11:39Z" user="ICT_maps" uid="18862646" lat="37.6722921" lon="-97.1859717">
  <tag k="addr:city" v="Wichita"/>
  <tag k="addr:housenumber" v="13103"/>
  <tag k="addr:postcode" v="67230"/>
  <tag k="addr:state" v="KS"/>
  <tag k="addr:street" v="East Laguna Street"/>
  <tag k="source" v="esri/USA_NAD_Addresses"/>
 </node>
 <node id="13387425131" visible="true" version="1" changeset="176113554" timestamp="2025-12-18T21:11:39Z" user="ICT_maps" uid="18862646" lat="37.6722778" lon="-97.1857364">
  <tag k="addr:city" v="Wichita"/>
  <tag k="addr:housenumber" v="13107"/>
  <tag k="addr:postcode" v="67230"/>
  <tag k="addr:state" v="KS"/>
  <tag k="addr:street" v="East Laguna Street"/>
  <tag k="source" v="esri/USA_NAD_Addresses"/>
 </node>
 <node id="13387425132" visible="true" version="1" changeset="176113554" timestamp="2025-12-18T21:11:39Z" user="ICT_maps" uid="18862646" lat="37.6727471" lon="-97.1856289">
  <tag k="addr:city" v="Wichita"/>
  <tag k="addr:housenumber" v="13104"/>
  <tag k="addr:postcode" v="67230"/>
  <tag k="addr:state" v="KS"/>
  <tag k="addr:street" v="East Laguna Street"/>
  <tag k="source" v="esri/USA_NAD_Addresses"/>
 </node>
 <node id="13387425133" visible="true" version="1" changeset="176113554" timestamp="2025-12-18T21:11:39Z" user="ICT_maps" uid="18862646" lat="37.6727433" lon="-97.1853916">
  <tag k="addr:city" v="Wichita"/>
  <tag k="addr:housenumber" v="13110"/>
  <tag k="addr:postcode" v="67230"/>
  <tag k="addr:state" v="KS"/>
  <tag k="addr:street" v="East Laguna Street"/>
  <tag k="source" v="esri/USA_NAD_Addresses"/>
 </node>
 <node id="13387425134" visible="true" version="1" changeset="176113554" timestamp="2025-12-18T21:11:39Z" user="ICT_maps" uid="18862646" lat="37.6727411" lon="-97.1850898">
  <tag k="addr:city" v="Wichita"/>
  <tag k="addr:housenumber" v="13114"/>
  <tag k="addr:postcode" v="67230"/>
  <tag k="addr:state" v="KS"/>
  <tag k="addr:street" v="East Laguna Street"/>
  <tag k="source" v="esri/USA_NAD_Addresses"/>
 </node>
 <node id="13387425135" visible="true" version="1" changeset="176113554" timestamp="2025-12-18T21:11:39Z" user="ICT_maps" uid="18862646" lat="37.6728010" lon="-97.1847850">
  <tag k="addr:city" v="Wichita"/>
  <tag k="addr:housenumber" v="13202"/>
  <tag k="addr:postcode" v="67230"/>
  <tag k="addr:state" v="KS"/>
  <tag k="addr:street" v="East Laguna Street"/>
  <tag k="source" v="esri/USA_NAD_Addresses"/>
 </node>
 <node id="13387425136" visible="true" version="1" changeset="176113554" timestamp="2025-12-18T21:11:39Z" user="ICT_maps" uid="18862646" lat="37.6722755" lon="-97.1853761">
  <tag k="addr:city" v="Wichita"/>
  <tag k="addr:housenumber" v="13111"/>
  <tag k="addr:postcode" v="67230"/>
  <tag k="addr:state" v="KS"/>
  <tag k="addr:street" v="East Laguna Street"/>
  <tag k="source" v="esri/USA_NAD_Addresses"/>
 </node>
 <node id="13387425137" visible="true" version="1" changeset="176113554" timestamp="2025-12-18T21:11:39Z" user="ICT_maps" uid="18862646" lat="37.6722864" lon="-97.1851484">
  <tag k="addr:city" v="Wichita"/>
  <tag k="addr:housenumber" v="13115"/>
  <tag k="addr:postcode" v="67230"/>
  <tag k="addr:state" v="KS"/>
  <tag k="addr:street" v="East Laguna Street"/>
  <tag k="source" v="esri/USA_NAD_Addresses"/>
 </node>
 <node id="13387425138" visible="true" version="1" changeset="176113554" timestamp="2025-12-18T21:11:39Z" user="ICT_maps" uid="18862646" lat="37.6722759" lon="-97.1848116">
  <tag k="addr:city" v="Wichita"/>
  <tag k="addr:housenumber" v="13203"/>
  <tag k="addr:postcode" v="67230"/>
  <tag k="addr:state" v="KS"/>
  <tag k="addr:street" v="East Laguna Street"/>
  <tag k="source" v="esri/USA_NAD_Addresses"/>
 </node>
 <node id="13387425139" visible="true" version="1" changeset="176113554" timestamp="2025-12-18T21:11:39Z" user="ICT_maps" uid="18862646" lat="37.6723663" lon="-97.1845151">
  <tag k="addr:city" v="Wichita"/>
  <tag k="addr:housenumber" v="13207"/>
  <tag k="addr:postcode" v="67230"/>
  <tag k="addr:state" v="KS"/>
  <tag k="addr:street" v="East Laguna Street"/>
  <tag k="source" v="esri/USA_NAD_Addresses"/>
 </node>
 <node id="13387425140" visible="true" version="1" changeset="176113554" timestamp="2025-12-18T21:11:39Z" user="ICT_maps" uid="18862646" lat="37.6726670" lon="-97.1858829"/>
 <node id="13387425141" visible="true" version="1" changeset="176113554" timestamp="2025-12-18T21:11:39Z" user="ICT_maps" uid="18862646" lat="37.6725121" lon="-97.1858854"/>
 <node id="13387425142" visible="true" version="1" changeset="176113554" timestamp="2025-12-18T21:11:39Z" user="ICT_maps" uid="18862646" lat="37.6725118" lon="-97.1859533"/>
 <node id="13387425143" visible="true" version="1" changeset="176113554" timestamp="2025-12-18T21:11:39Z" user="ICT_maps" uid="18862646" lat="37.6723759" lon="-97.1859429"/>
 <node id="13387425144" visible="true" version="1" changeset="176113554" timestamp="2025-12-18T21:11:39Z" user="ICT_maps" uid="18862646" lat="37.6725127" lon="-97.1857420"/>
 <node id="13387425145" visible="true" version="1" changeset="176113554" timestamp="2025-12-18T21:11:39Z" user="ICT_maps" uid="18862646" lat="37.6723945" lon="-97.1857420"/>
 <node id="13387425146" visible="true" version="1" changeset="176113554" timestamp="2025-12-18T21:11:39Z" user="ICT_maps" uid="18862646" lat="37.6726732" lon="-97.1856090"/>
 <node id="13387425147" visible="true" version="1" changeset="176113554" timestamp="2025-12-18T21:11:39Z" user="ICT_maps" uid="18862646" lat="37.6725133" lon="-97.1856037"/>
 <node id="13387425148" visible="true" version="1" changeset="176113554" timestamp="2025-12-18T21:11:39Z" user="ICT_maps" uid="18862646" lat="37.6726650" lon="-97.1854316"/>
 <node id="13387425149" visible="true" version="1" changeset="176113554" timestamp="2025-12-18T21:11:39Z" user="ICT_maps" uid="18862646" lat="37.6725141" lon="-97.1854263"/>
 <node id="13387425150" visible="true" version="1" changeset="176113554" timestamp="2025-12-18T21:11:39Z" user="ICT_maps" uid="18862646" lat="37.6725139" lon="-97.1854785"/>
 <node id="13387425151" visible="true" version="1" changeset="176113554" timestamp="2025-12-18T21:11:39Z" user="ICT_maps" uid="18862646" lat="37.6723779" lon="-97.1854733"/>
 <node id="13387425152" visible="true" version="1" changeset="176113554" timestamp="2025-12-18T21:11:39Z" user="ICT_maps" uid="18862646" lat="37.6726650" lon="-97.1851681"/>
 <node id="13387425153" visible="true" version="1" changeset="176113554" timestamp="2025-12-18T21:11:39Z" user="ICT_maps" uid="18862646" lat="37.6723883" lon="-97.1851681"/>
 <node id="13387425154" visible="true" version="1" changeset="176113554" timestamp="2025-12-18T21:11:39Z" user="ICT_maps" uid="18862646" lat="37.6723821" lon="-97.1847950"/>
 <node id="13387425155" visible="true" version="1" changeset="176113554" timestamp="2025-12-18T21:11:39Z" user="ICT_maps" uid="18862646" lat="37.6724192" lon="-97.1846385"/>
 <node id="13387425156" visible="true" version="1" changeset="176113554" timestamp="2025-12-18T21:11:39Z" user="ICT_maps" uid="18862646" lat="37.6727868" lon="-97.1846724"/>
 <node id="13387425157" visible="true" version="1" changeset="176113554" timestamp="2025-12-18T21:11:39Z" user="ICT_maps" uid="18862646" lat="37.6726641" lon="-97.1845364"/>
 <node id="13387425158" visible="true" version="1" changeset="176113554" timestamp="2025-12-18T21:11:39Z" user="ICT_maps" uid="18862646" lat="37.6727256" lon="-97.1846046"/>
 <node id="13387425159" visible="true" version="1" changeset="176113554" timestamp="2025-12-18T21:11:39Z" user="ICT_maps" uid="18862646" lat="37.6725981" lon="-97.1851681"/>
 <node id="13387425160" visible="true" version="1" changeset="176113554" timestamp="2025-12-18T21:11:39Z" user="ICT_maps" uid="18862646" lat="37.6725965" lon="-97.1854292"/>
 <node id="13387425161" visible="true" version="1" changeset="176113554" timestamp="2025-12-18T21:11:39Z" user="ICT_maps" uid="18862646" lat="37.6725955" lon="-97.1856064"/>
 <node id="13387425162" visible="true" version="1" changeset="176113554" timestamp="2025-12-18T21:11:39Z" user="ICT_maps" uid="18862646" lat="37.6725938" lon="-97.1858841"/>
 <node id="13387425163" visible="true" version="1" changeset="176113554" timestamp="2025-12-18T21:11:39Z" user="ICT_maps" uid="18862646" lat="37.6725912" lon="-97.1862417"/>
 <node id="13387425164" visible="true" version="1" changeset="176113554" timestamp="2025-12-18T21:11:39Z" user="ICT_maps" uid="18862646" lat="37.6725162" lon="-97.1851681"/>
 <node id="13387461932" visible="true" version="1" changeset="176114170" timestamp="2025-12-18T21:31:12Z" user="ICT_maps" uid="18862646" lat="37.6717121" lon="-97.1836900"/>
 <way id="34140977" visible="true" version="47" changeset="175978650" timestamp="2025-12-15T20:57:10Z" user="ICT_maps" uid="18862646">
  <nd ref="10793590427"/>
  <nd ref="12834027946"/>
  <nd ref="391482245"/>
  <nd ref="391482258"/>
  <nd ref="391482260"/>
  <nd ref="391482253"/>
  <nd ref="391482256"/>
  <nd ref="391481298"/>
  <nd ref="391481297"/>
  <nd ref="391481305"/>
  <nd ref="391481303"/>
  <nd ref="391481302"/>
  <nd ref="391481300"/>
  <nd ref="391481311"/>
  <nd ref="391481310"/>
  <nd ref="391478079"/>
  <nd ref="391481307"/>
  <nd ref="391476121"/>
  <nd ref="391476123"/>
  <nd ref="391476132"/>
  <nd ref="1304326513"/>
  <nd ref="391476134"/>
  <nd ref="391476136"/>
  <nd ref="391476126"/>
  <nd ref="391476128"/>
  <nd ref="391476129"/>
  <nd ref="391476130"/>
  <nd ref="391477988"/>
  <nd ref="391477987"/>
  <nd ref="391477974"/>
  <nd ref="391477972"/>
  <nd ref="391477981"/>
  <nd ref="391477976"/>
  <nd ref="391477967"/>
  <nd ref="391477965"/>
  <nd ref="391477971"/>
  <nd ref="391477969"/>
  <nd ref="391480860"/>
  <nd ref="12871000762"/>
  <nd ref="391480862"/>
  <nd ref="391480856"/>
  <nd ref="391480858"/>
  <nd ref="391480852"/>
  <nd ref="391480854"/>
  <nd ref="391480847"/>
  <nd ref="391480850"/>
  <nd ref="391480844"/>
  <nd ref="391480846"/>
  <nd ref="391481248"/>
  <nd ref="391481250"/>
  <nd ref="391481234"/>
  <nd ref="391481236"/>
  <nd ref="391481226"/>
  <nd ref="391481229"/>
  <nd ref="391481244"/>
  <nd ref="12834027934"/>
  <nd ref="391481246"/>
  <nd ref="391481239"/>
  <nd ref="391481241"/>
  <nd ref="391478313"/>
  <nd ref="391478312"/>
  <nd ref="391478296"/>
  <nd ref="391478294"/>
  <nd ref="391478303"/>
  <nd ref="391478302"/>
  <nd ref="391478307"/>
  <nd ref="391478305"/>
  <nd ref="391478310"/>
  <nd ref="391478308"/>
  <nd ref="391481191"/>
  <nd ref="391481254"/>
  <nd ref="391481211"/>
  <nd ref="391481214"/>
  <nd ref="391481216"/>
  <nd ref="391481218"/>
  <nd ref="391481203"/>
  <nd ref="391481205"/>
  <nd ref="391481276"/>
  <nd ref="391481282"/>
  <nd ref="391478271"/>
  <nd ref="391478270"/>
  <nd ref="391478282"/>
  <nd ref="391478280"/>
  <nd ref="391478278"/>
  <nd ref="10830644125"/>
  <nd ref="391478277"/>
  <nd ref="391476144"/>
  <nd ref="391476142"/>
  <nd ref="391478285"/>
  <nd ref="391478284"/>
  <nd ref="391477857"/>
  <nd ref="391477861"/>
  <nd ref="391477853"/>
  <nd ref="391477856"/>
  <nd ref="391477848"/>
  <nd ref="391477850"/>
  <nd ref="391477845"/>
  <nd ref="391477847"/>
  <nd ref="391477842"/>
  <nd ref="391477844"/>
  <nd ref="391482231"/>
  <nd ref="391482229"/>
  <nd ref="391482223"/>
  <nd ref="391482221"/>
  <nd ref="391482227"/>
  <nd ref="391482225"/>
  <nd ref="122379255"/>
  <nd ref="391482215"/>
  <nd ref="391482220"/>
  <nd ref="391482218"/>
  <nd ref="391481035"/>
  <nd ref="391481038"/>
  <nd ref="391481016"/>
  <nd ref="391481018"/>
  <nd ref="391481022"/>
  <nd ref="391481024"/>
  <nd ref="391481025"/>
  <nd ref="391481028"/>
  <nd ref="391481029"/>
  <nd ref="391478006"/>
  <nd ref="391478004"/>
  <nd ref="391478023"/>
  <nd ref="391478021"/>
  <nd ref="391478020"/>
  <nd ref="391478018"/>
  <nd ref="391478016"/>
  <nd ref="391478015"/>
  <nd ref="391478013"/>
  <nd ref="391478011"/>
  <nd ref="391475983"/>
  <nd ref="391475984"/>
  <nd ref="391475992"/>
  <nd ref="391475994"/>
  <nd ref="391475989"/>
  <nd ref="391475991"/>
  <nd ref="391475999"/>
  <nd ref="391476000"/>
  <nd ref="391475996"/>
  <nd ref="122416723"/>
  <nd ref="391481141"/>
  <nd ref="391481140"/>
  <nd ref="391481144"/>
  <nd ref="391481142"/>
  <nd ref="391481148"/>
  <nd ref="391481146"/>
  <nd ref="391481152"/>
  <nd ref="391481150"/>
  <nd ref="391481156"/>
  <nd ref="391481153"/>
  <nd ref="391482210"/>
  <nd ref="391482208"/>
  <nd ref="391482206"/>
  <nd ref="391482205"/>
  <nd ref="391482203"/>
  <nd ref="391482201"/>
  <nd ref="391482200"/>
  <nd ref="391482198"/>
  <nd ref="391482196"/>
  <nd ref="391482195"/>
  <nd ref="391477816"/>
  <nd ref="391477819"/>
  <nd ref="391477821"/>
  <nd ref="391477823"/>
  <nd ref="391477826"/>
  <nd ref="391477828"/>
  <nd ref="391477830"/>
  <nd ref="391477832"/>
  <nd ref="391477835"/>
  <nd ref="391477836"/>
  <nd ref="391481209"/>
  <nd ref="391481207"/>
  <nd ref="391481196"/>
  <nd ref="391481195"/>
  <nd ref="391481201"/>
  <nd ref="391481199"/>
  <nd ref="391481188"/>
  <nd ref="122294758"/>
  <nd ref="391481193"/>
  <nd ref="391481253"/>
  <nd ref="122481268"/>
  <nd ref="122243895"/>
  <nd ref="122243892"/>
  <nd ref="122243889"/>
  <nd ref="13271032892"/>
  <nd ref="122243871"/>
  <nd ref="122243873"/>
  <nd ref="122243876"/>
  <nd ref="13379076229"/>
  <nd ref="13379076238"/>
  <nd ref="13379076219"/>
  <nd ref="13379076228"/>
  <nd ref="13379076239"/>
  <nd ref="13379076246"/>
  <nd ref="122243881"/>
  <nd ref="391476022"/>
  <nd ref="391478039"/>
  <nd ref="122511732"/>
  <nd ref="391478049"/>
  <nd ref="391478047"/>
  <nd ref="391478046"/>
  <nd ref="391478044"/>
  <nd ref="391478055"/>
  <nd ref="391478054"/>
  <nd ref="391478052"/>
  <nd ref="391478050"/>
  <nd ref="391480907"/>
  <nd ref="391481313"/>
  <nd ref="391480951"/>
  <nd ref="391480953"/>
  <nd ref="391480956"/>
  <nd ref="391480959"/>
  <nd ref="391480941"/>
  <nd ref="391480944"/>
  <nd ref="391481356"/>
  <nd ref="391481357"/>
  <nd ref="391480875"/>
  <nd ref="391480873"/>
  <nd ref="391480878"/>
  <nd ref="391480876"/>
  <nd ref="391480882"/>
  <nd ref="391480880"/>
  <nd ref="391480886"/>
  <nd ref="391480883"/>
  <nd ref="122216486"/>
  <nd ref="391480888"/>
  <nd ref="391481328"/>
  <nd ref="391478133"/>
  <nd ref="391481334"/>
  <nd ref="391481336"/>
  <nd ref="391481332"/>
  <nd ref="391481333"/>
  <nd ref="391481344"/>
  <nd ref="391481346"/>
  <nd ref="391482252"/>
  <nd ref="391481342"/>
  <nd ref="391476147"/>
  <nd ref="391476145"/>
  <nd ref="391476162"/>
  <nd ref="391476161"/>
  <nd ref="391476160"/>
  <nd ref="391476159"/>
  <nd ref="391476158"/>
  <nd ref="122494947"/>
  <nd ref="122529695"/>
  <nd ref="391478289"/>
  <nd ref="391478262"/>
  <nd ref="391478264"/>
  <nd ref="391478266"/>
  <nd ref="391478268"/>
  <nd ref="391476110"/>
  <nd ref="391476113"/>
  <nd ref="391478273"/>
  <nd ref="391478275"/>
  <nd ref="391476112"/>
  <nd ref="391476115"/>
  <nd ref="391476151"/>
  <nd ref="391476152"/>
  <nd ref="391476153"/>
  <nd ref="391476154"/>
  <nd ref="391476092"/>
  <nd ref="391476094"/>
  <nd ref="391476149"/>
  <nd ref="391476150"/>
  <nd ref="391478174"/>
  <nd ref="391481339"/>
  <nd ref="391481327"/>
  <nd ref="391481325"/>
  <nd ref="391481323"/>
  <nd ref="391481321"/>
  <nd ref="391481331"/>
  <nd ref="391481330"/>
  <nd ref="391481329"/>
  <nd ref="391478125"/>
  <nd ref="391481078"/>
  <nd ref="391481080"/>
  <nd ref="391481087"/>
  <nd ref="391481088"/>
  <nd ref="391481083"/>
  <nd ref="391481084"/>
  <nd ref="391481092"/>
  <nd ref="391481093"/>
  <nd ref="391481089"/>
  <nd ref="391481091"/>
  <nd ref="391478159"/>
  <nd ref="391478158"/>
  <nd ref="391478163"/>
  <nd ref="391478161"/>
  <nd ref="391478167"/>
  <nd ref="391478165"/>
  <nd ref="391478170"/>
  <nd ref="12873565506"/>
  <nd ref="391478168"/>
  <nd ref="391481274"/>
  <nd ref="391478172"/>
  <nd ref="12873565507"/>
  <nd ref="391476164"/>
  <nd ref="391477867"/>
  <nd ref="391478031"/>
  <nd ref="391478033"/>
  <nd ref="391478034"/>
  <nd ref="391478036"/>
  <nd ref="391478037"/>
  <nd ref="391477770"/>
  <nd ref="391478041"/>
  <nd ref="391478042"/>
  <nd ref="391475925"/>
  <nd ref="122403014"/>
  <nd ref="391475942"/>
  <nd ref="391475940"/>
  <nd ref="122396292"/>
  <nd ref="391475937"/>
  <nd ref="391475935"/>
  <nd ref="391475933"/>
  <nd ref="391475931"/>
  <nd ref="391481378"/>
  <tag k="source" v="TIGER/Line® 2008 Place Shapefiles (http://www.census.gov/geo/www/tiger/)"/>
 </way>
 <way id="238208129" visible="true" version="2" changeset="176113359" timestamp="2025-12-18T21:04:52Z" user="ICT_maps" uid="18862646">
  <nd ref="2460574148"/>
  <nd ref="13387404491"/>
  <nd ref="2460574154"/>
  <nd ref="13387404489"/>
  <nd ref="2460574157"/>
  <nd ref="13387404477"/>
  <nd ref="2460574165"/>
  <tag k="highway" v="residential"/>
  <tag k="name" v="Gilbert Court"/>
 </way>
 <way id="238208131" visible="true" version="8" changeset="173992532" timestamp="2025-10-30T19:32:24Z" user="ICT_maps" uid="18862646">
  <nd ref="2460574151"/>
  <nd ref="2460574152"/>
  <nd ref="2460574153"/>
  <nd ref="2460574156"/>
  <nd ref="7877215240"/>
  <nd ref="2460574158"/>
  <nd ref="7877204765"/>
  <nd ref="7877204764"/>
  <nd ref="2460574159"/>
  <nd ref="7877204763"/>
  <nd ref="2460574161"/>
  <nd ref="7877204762"/>
  <nd ref="2460574163"/>
  <nd ref="7877204767"/>
  <nd ref="2460574160"/>
  <nd ref="2460574162"/>
  <nd ref="7878412910"/>
  <nd ref="2460574164"/>
  <nd ref="2460574165"/>
  <nd ref="2460574166"/>
  <nd ref="7550290821"/>
  <nd ref="7550290822"/>
  <nd ref="7550290823"/>
  <nd ref="13271038116"/>
  <nd ref="7550290820"/>
  <nd ref="7550290824"/>
  <nd ref="7550290825"/>
  <nd ref="7550290826"/>
  <nd ref="7550290827"/>
  <nd ref="10793588791"/>
  <nd ref="10793588792"/>
  <nd ref="10793588793"/>
  <nd ref="10793588794"/>
  <nd ref="10793588795"/>
  <nd ref="10793588796"/>
  <nd ref="10793588797"/>
  <nd ref="10793588798"/>
  <nd ref="10793588799"/>
  <nd ref="10793588790"/>
  <nd ref="10793588800"/>
  <nd ref="10793588801"/>
  <nd ref="10793588802"/>
  <nd ref="122378685"/>
  <tag k="highway" v="residential"/>
  <tag k="name" v="Gilbert Street"/>
 </way>
 <way id="238208133" visible="true" version="5" changeset="176113359" timestamp="2025-12-18T21:04:52Z" user="ICT_maps" uid="18862646">
  <nd ref="2460574141"/>
  <nd ref="13387388197"/>
  <nd ref="13387404422"/>
  <nd ref="13387388193"/>
  <nd ref="13387388194"/>
  <nd ref="13387388191"/>
  <nd ref="13387388188"/>
  <nd ref="13387388187"/>
  <nd ref="13387388183"/>
  <nd ref="13387388185"/>
  <nd ref="2460574132"/>
  <tag k="highway" v="residential"/>
  <tag k="name" v="Glenwood Court"/>
  <tag k="surface" v="asphalt"/>
 </way>
 <way id="238208135" visible="true" version="12" changeset="176113554" timestamp="2025-12-18T21:11:39Z" user="ICT_maps" uid="18862646">
  <nd ref="2460574101"/>
  <nd ref="13387425119"/>
  <nd ref="2460574095"/>
  <nd ref="13387425123"/>
  <nd ref="13387425122"/>
  <nd ref="2460574096"/>
  <nd ref="13387425142"/>
  <nd ref="13387425141"/>
  <nd ref="13387425144"/>
  <nd ref="13387425147"/>
  <nd ref="13387425150"/>
  <nd ref="13387425149"/>
  <nd ref="2460574097"/>
  <nd ref="13387425164"/>
  <nd ref="2460574098"/>
  <nd ref="7877204706"/>
  <nd ref="2460574100"/>
  <nd ref="2460574110"/>
  <nd ref="2460574113"/>
  <nd ref="7877204705"/>
  <nd ref="13387425157"/>
  <nd ref="7877204704"/>
  <nd ref="2460574120"/>
  <nd ref="2460574118"/>
  <nd ref="7877408548"/>
  <nd ref="13387404464"/>
  <nd ref="2460574112"/>
  <nd ref="7877408547"/>
  <nd ref="13387404461"/>
  <nd ref="2460574106"/>
  <nd ref="13387404460"/>
  <nd ref="7877408546"/>
  <nd ref="7877408524"/>
  <nd ref="2460574104"/>
  <nd ref="13387404457"/>
  <nd ref="13387404455"/>
  <nd ref="2460574103"/>
  <nd ref="2460574108"/>
  <nd ref="7877408540"/>
  <nd ref="7877408539"/>
  <nd ref="2460574116"/>
  <nd ref="7877408538"/>
  <nd ref="7877408537"/>
  <nd ref="2460574121"/>
  <nd ref="7877408545"/>
  <nd ref="7877408544"/>
  <nd ref="7877408543"/>
  <nd ref="2460574124"/>
  <nd ref="7877408542"/>
  <nd ref="7877408541"/>
  <nd ref="2460574130"/>
  <nd ref="2460574132"/>
  <nd ref="6416929005"/>
  <nd ref="6416929007"/>
  <nd ref="13387388169"/>
  <nd ref="6416929006"/>
  <nd ref="13387388171"/>
  <nd ref="6662499434"/>
  <nd ref="6662499435"/>
  <nd ref="7716802635"/>
  <nd ref="6662499436"/>
  <nd ref="13387388115"/>
  <nd ref="6662499437"/>
  <nd ref="13387388113"/>
  <nd ref="13387388110"/>
  <nd ref="6662499438"/>
  <nd ref="7550290816"/>
  <nd ref="7550290817"/>
  <nd ref="7550290818"/>
  <nd ref="7550290819"/>
  <nd ref="13387368200"/>
  <nd ref="13271039179"/>
  <nd ref="7550290820"/>
  <tag k="highway" v="residential"/>
  <tag k="name" v="Laguna Street"/>
  <tag k="surface" v="asphalt"/>
 </way>
 <way id="238208137" visible="true" version="4" changeset="176113359" timestamp="2025-12-18T21:04:52Z" user="ICT_maps" uid="18862646">
  <nd ref="2460574121"/>
  <nd ref="2460574114"/>
  <nd ref="7877408536"/>
  <nd ref="2460574109"/>
  <nd ref="7877408535"/>
  <nd ref="2460574099"/>
  <nd ref="13387404449"/>
  <nd ref="7877408534"/>
  <nd ref="7877408533"/>
  <nd ref="2460574102"/>
  <nd ref="13387404447"/>
  <nd ref="13387404446"/>
  <nd ref="13387404443"/>
  <nd ref="13387404442"/>
  <nd ref="2460574117"/>
  <tag k="highway" v="residential"/>
  <tag k="name" v="Laguna Court"/>
  <tag k="surface" v="asphalt"/>
 </way>
 <way id="238208139" visible="true" version="4" changeset="176113554" timestamp="2025-12-18T21:11:39Z" user="ICT_maps" uid="18862646">
  <nd ref="2460574156"/>
  <nd ref="13387411636"/>
  <nd ref="13387411638"/>
  <nd ref="2460574146"/>
  <nd ref="2460574145"/>
  <nd ref="2460574144"/>
  <nd ref="13387411643"/>
  <nd ref="13387388078"/>
  <nd ref="13387388076"/>
  <nd ref="2460574133"/>
  <nd ref="13387388074"/>
  <nd ref="2460574127"/>
  <nd ref="7878412961"/>
  <nd ref="2460574123"/>
  <nd ref="7878412960"/>
  <nd ref="2460574119"/>
  <nd ref="7878412959"/>
  <nd ref="2460574115"/>
  <nd ref="13387425116"/>
  <nd ref="2460574111"/>
  <nd ref="2460574105"/>
  <nd ref="2460574101"/>
  <tag k="highway" v="residential"/>
  <tag k="name" v="Peckham"/>
 </way>
 <way id="238208141" visible="true" version="4" changeset="176113554" timestamp="2025-12-18T21:11:39Z" user="ICT_maps" uid="18862646">
  <nd ref="2460574145"/>
  <nd ref="2460574143"/>
  <nd ref="7880077404"/>
  <nd ref="7880077405"/>
  <nd ref="7880077403"/>
  <nd ref="2460574142"/>
  <nd ref="13387388039"/>
  <nd ref="13387411657"/>
  <nd ref="13387388068"/>
  <nd ref="13387411655"/>
  <nd ref="13387388066"/>
  <nd ref="13387411653"/>
  <nd ref="13387388064"/>
  <nd ref="13387388053"/>
  <nd ref="13387388062"/>
  <nd ref="13387388060"/>
  <nd ref="13387388055"/>
  <nd ref="2460574134"/>
  <tag k="highway" v="residential"/>
  <tag k="name" v="Peckham Court"/>
 </way>
 <way id="238208142" visible="true" version="3" changeset="176113554" timestamp="2025-12-18T21:11:39Z" user="ICT_maps" uid="18862646">
  <nd ref="2460574127"/>
  <nd ref="2460574126"/>
  <nd ref="13387388087"/>
  <nd ref="2460574125"/>
  <nd ref="13387388085"/>
  <nd ref="13387425112"/>
  <nd ref="13387388089"/>
  <nd ref="13387425109"/>
  <nd ref="13387425110"/>
  <nd ref="13387425101"/>
  <nd ref="13387388099"/>
  <nd ref="2460574094"/>
  <tag k="highway" v="residential"/>
  <tag k="name" v="Peckham Court"/>
 </way>
 <way id="238208144" visible="true" version="7" changeset="176113359" timestamp="2025-12-18T21:04:52Z" user="ICT_maps" uid="18862646">
  <nd ref="2460574160"/>
  <nd ref="13387411611"/>
  <nd ref="2460574155"/>
  <nd ref="13387411613"/>
  <nd ref="7878412908"/>
  <nd ref="7878412909"/>
  <nd ref="13387411616"/>
  <nd ref="7878412907"/>
  <nd ref="13387411619"/>
  <nd ref="2460574149"/>
  <nd ref="13387411621"/>
  <nd ref="13387411626"/>
  <nd ref="13387411624"/>
  <nd ref="13387411628"/>
  <nd ref="2460574139"/>
  <nd ref="7877529104"/>
  <nd ref="7877529105"/>
  <nd ref="7877529103"/>
  <nd ref="2460574138"/>
  <nd ref="2460574135"/>
  <nd ref="2460574131"/>
  <nd ref="7877204703"/>
  <nd ref="7877204702"/>
  <nd ref="2460574129"/>
  <nd ref="2460574128"/>
  <nd ref="7877204701"/>
  <nd ref="2460574122"/>
  <nd ref="7877417791"/>
  <nd ref="7877204700"/>
  <nd ref="2460574120"/>
  <tag k="highway" v="residential"/>
  <tag k="name" v="Sierra Hills"/>
  <tag k="surface" v="asphalt"/>
 </way>
 <way id="626580290" visible="true" version="5" changeset="176114170" timestamp="2025-12-18T21:31:12Z" user="ICT_maps" uid="18862646">
  <nd ref="2460574104"/>
  <nd ref="5915365600"/>
  <nd ref="7880077712"/>
  <nd ref="2460574093"/>
  <nd ref="5844327280"/>
  <nd ref="13387461932"/>
  <nd ref="5844327281"/>
  <tag k="highway" v="residential"/>
  <tag k="name" v="Sierra Hills Street"/>
 </way>
 <way id="691406639" visible="true" version="2" changeset="90439346" timestamp="2020-09-05T04:58:34Z" user="TokyoJoe" uid="1973844">
  <nd ref="6487759716"/>
  <nd ref="6487759715"/>
  <nd ref="6487759714"/>
  <nd ref="6487759713"/>
  <nd ref="6487759712"/>
  <nd ref="7877215220"/>
  <nd ref="6487759711"/>
  <nd ref="6487759710"/>
  <nd ref="6487759709"/>
  <nd ref="6487759708"/>
  <nd ref="6487759707"/>
  <nd ref="6487759706"/>
  <nd ref="6487759705"/>
  <nd ref="6487759704"/>
  <nd ref="6487759703"/>
  <nd ref="6487759702"/>
  <nd ref="6487759701"/>
  <nd ref="6487759700"/>
  <nd ref="6487759699"/>
  <nd ref="6487759698"/>
  <nd ref="6487759697"/>
  <nd ref="7877204760"/>
  <nd ref="7877204761"/>
  <nd ref="6487759696"/>
  <nd ref="6487759695"/>
  <nd ref="6487759694"/>
  <nd ref="6487759693"/>
  <nd ref="6487759716"/>
  <tag k="natural" v="water"/>
 </way>
 <way id="691406640" visible="true" version="1" changeset="70473036" timestamp="2019-05-21T10:43:07Z" user="torapa" uid="5446055">
  <nd ref="6487759732"/>
  <nd ref="6487759731"/>
  <nd ref="6487759730"/>
  <nd ref="6487759729"/>
  <nd ref="6487759728"/>
  <nd ref="6487759727"/>
  <nd ref="6487759726"/>
  <nd ref="6487759725"/>
  <nd ref="6487759724"/>
  <nd ref="6487759723"/>
  <nd ref="6487759722"/>
  <nd ref="6487759721"/>
  <nd ref="6487759720"/>
  <nd ref="6487759719"/>
  <nd ref="6487759718"/>
  <nd ref="6487759717"/>
  <nd ref="6487759732"/>
  <tag k="natural" v="water"/>
 </way>
 <way id="691406641" visible="true" version="2" changeset="90452978" timestamp="2020-09-05T13:13:36Z" user="TokyoJoe" uid="1973844">
  <nd ref="6487759741"/>
  <nd ref="7878412913"/>
  <nd ref="6487759740"/>
  <nd ref="6487759739"/>
  <nd ref="6487759738"/>
  <nd ref="6487759737"/>
  <nd ref="7878412912"/>
  <nd ref="6487759736"/>
  <nd ref="7878412911"/>
  <nd ref="6487759735"/>
  <nd ref="6487759734"/>
  <nd ref="6487759733"/>
  <nd ref="6487759741"/>
  <tag k="amenity" v="parking"/>
  <tag k="capacity" v="16"/>
  <tag k="capacity:disabled" v="1"/>
  <tag k="parking" v="surface"/>
 </way>
 <way id="691406642" visible="true" version="2" changeset="90439346" timestamp="2020-09-05T04:58:34Z" user="TokyoJoe" uid="1973844">
  <nd ref="6487759746"/>
  <nd ref="6487759745"/>
  <nd ref="6487759744"/>
  <nd ref="6487759743"/>
  <nd ref="6487759742"/>
  <nd ref="7877215252"/>
  <nd ref="2460574165"/>
  <tag k="highway" v="service"/>
  <tag k="service" v="parking_aisle"/>
 </way>
 <way id="826495224" visible="true" version="3" changeset="176113086" timestamp="2025-12-18T20:54:45Z" user="ICT_maps" uid="18862646">
  <nd ref="7716802635"/>
  <nd ref="13387388140"/>
  <nd ref="13387388143"/>
  <nd ref="7716802636"/>
  <nd ref="13387388146"/>
  <nd ref="13387388145"/>
  <nd ref="13387388150"/>
  <nd ref="13387388149"/>
  <nd ref="13387388152"/>
  <nd ref="13387388155"/>
  <nd ref="13387388158"/>
  <nd ref="7716802637"/>
  <tag k="highway" v="residential"/>
  <tag k="name" v="Glen Wood Court"/>
 </way>
 <way id="844457233" visible="true" version="1" changeset="90439346" timestamp="2020-09-05T04:58:34Z" user="TokyoJoe" uid="1973844">
  <nd ref="7877204733"/>
  <nd ref="7877204732"/>
  <nd ref="7877204731"/>
  <nd ref="7877204730"/>
  <nd ref="7877204707"/>
  <nd ref="7877204729"/>
  <nd ref="7877204728"/>
  <nd ref="6487759825"/>
  <tag k="intermittent" v="yes"/>
  <tag k="waterway" v="stream"/>
 </way>
 <way id="844457234" visible="true" version="1" changeset="90439346" timestamp="2020-09-05T04:58:34Z" user="TokyoJoe" uid="1973844">
  <nd ref="7877204734"/>
  <nd ref="7877204733"/>
  <tag k="intermittent" v="yes"/>
  <tag k="layer" v="-1"/>
  <tag k="tunnel" v="culvert"/>
  <tag k="waterway" v="stream"/>
 </way>
 <way id="844457235" visible="true" version="2" changeset="134628193" timestamp="2023-04-07T18:23:29Z" user="ICT_maps" uid="18862646">
  <nd ref="10793588780"/>
  <nd ref="7877204759"/>
  <nd ref="7877204758"/>
  <nd ref="7877204757"/>
  <nd ref="7877204756"/>
  <nd ref="7877204755"/>
  <nd ref="7877204754"/>
  <nd ref="7877204753"/>
  <nd ref="7877204752"/>
  <nd ref="7877204751"/>
  <nd ref="7877204750"/>
  <nd ref="7877204749"/>
  <nd ref="7877204748"/>
  <nd ref="7877204747"/>
  <nd ref="7877204746"/>
  <nd ref="7877204745"/>
  <nd ref="7877204744"/>
  <nd ref="7877204743"/>
  <nd ref="7877204742"/>
  <nd ref="7877204741"/>
  <nd ref="7877204740"/>
  <nd ref="7877204739"/>
  <nd ref="7877204738"/>
  <nd ref="7877204737"/>
  <nd ref="7877204736"/>
  <nd ref="7877204735"/>
  <nd ref="7877204734"/>
  <tag k="intermittent" v="yes"/>
  <tag k="layer" v="-1"/>
  <tag k="waterway" v="stream"/>
 </way>
 <way id="844457236" visible="true" version="5" changeset="176113554" timestamp="2025-12-18T21:11:39Z" user="ICT_maps" uid="18862646">
  <nd ref="7877215239"/>
  <nd ref="7877215238"/>
  <nd ref="13387411647"/>
  <nd ref="7877215237"/>
  <nd ref="7877215236"/>
  <nd ref="7877215235"/>
  <nd ref="13387411646"/>
  <nd ref="7877215234"/>
  <nd ref="7877215233"/>
  <nd ref="7877215232"/>
  <nd ref="7877215231"/>
  <nd ref="7877215230"/>
  <nd ref="7877215229"/>
  <nd ref="7877215228"/>
  <nd ref="13387411645"/>
  <nd ref="7877215227"/>
  <nd ref="7877215226"/>
  <nd ref="7877215225"/>
  <nd ref="7877215224"/>
  <nd ref="13387411644"/>
  <nd ref="7877215223"/>
  <nd ref="13387388081"/>
  <nd ref="13387388080"/>
  <nd ref="7877215222"/>
  <nd ref="13387388079"/>
  <nd ref="7877215221"/>
  <nd ref="7877215219"/>
  <nd ref="7877215218"/>
  <nd ref="7877215217"/>
  <nd ref="7877215216"/>
  <nd ref="7877215215"/>
  <nd ref="7877215214"/>
  <nd ref="7877215213"/>
  <nd ref="13387425117"/>
  <nd ref="7877215212"/>
  <nd ref="7877215211"/>
  <nd ref="7877215210"/>
  <nd ref="7877215209"/>
  <nd ref="7877215208"/>
  <nd ref="7877215207"/>
  <nd ref="13387425163"/>
  <nd ref="7877215206"/>
  <nd ref="13387425162"/>
  <nd ref="13387425161"/>
  <nd ref="13387425160"/>
  <nd ref="13387425159"/>
  <nd ref="7877215205"/>
  <nd ref="7877215204"/>
  <nd ref="7877215203"/>
  <nd ref="7877215202"/>
  <nd ref="7877215201"/>
  <nd ref="7877215200"/>
  <nd ref="13387425158"/>
  <nd ref="7877215199"/>
  <nd ref="7877215198"/>
  <nd ref="7877215197"/>
  <nd ref="7877215196"/>
  <nd ref="7877215195"/>
  <nd ref="7877215194"/>
  <nd ref="7877215193"/>
  <nd ref="7877215192"/>
  <nd ref="7877215191"/>
  <nd ref="7877215190"/>
  <nd ref="7877215189"/>
  <nd ref="7877215188"/>
  <nd ref="7877215187"/>
  <nd ref="7877215186"/>
  <nd ref="7877215185"/>
  <nd ref="7877204784"/>
  <nd ref="7877204783"/>
  <nd ref="7877204782"/>
  <nd ref="7877204781"/>
  <nd ref="7877204780"/>
  <nd ref="7877204779"/>
  <nd ref="13387411629"/>
  <nd ref="13387411630"/>
  <nd ref="7877204778"/>
  <nd ref="7877204777"/>
  <nd ref="7877204776"/>
  <nd ref="7877204775"/>
  <nd ref="13387411631"/>
  <nd ref="7877204774"/>
  <nd ref="7877204773"/>
  <nd ref="7877204772"/>
  <nd ref="7877204771"/>
  <nd ref="7877204770"/>
  <nd ref="7877204769"/>
  <nd ref="13387411632"/>
  <nd ref="7877204768"/>
  <nd ref="7877529102"/>
  <tag k="highway" v="footway"/>
  <tag k="surface" v="concrete"/>
 </way>
 <way id="844457237" visible="true" version="2" changeset="90452978" timestamp="2020-09-05T13:13:36Z" user="TokyoJoe" uid="1973844">
  <nd ref="7877215244"/>
  <nd ref="7877215243"/>
  <nd ref="7877215242"/>
  <nd ref="7877215241"/>
  <tag k="highway" v="footway"/>
  <tag k="surface" v="concrete"/>
 </way>
 <way id="844457238" visible="true" version="3" changeset="173992532" timestamp="2025-10-30T19:32:24Z" user="ICT_maps" uid="18862646">
  <nd ref="7877215286"/>
  <nd ref="7877215285"/>
  <nd ref="7877215284"/>
  <nd ref="7877215283"/>
  <nd ref="7877215282"/>
  <nd ref="7877215281"/>
  <nd ref="7877215280"/>
  <nd ref="7877215279"/>
  <nd ref="7877215278"/>
  <nd ref="7877215277"/>
  <nd ref="7877215276"/>
  <nd ref="7877215275"/>
  <nd ref="7877215274"/>
  <nd ref="7877215273"/>
  <nd ref="7877215272"/>
  <nd ref="7877215271"/>
  <nd ref="7877215270"/>
  <nd ref="7877215269"/>
  <nd ref="7877215268"/>
  <nd ref="7877215267"/>
  <nd ref="7877215266"/>
  <nd ref="7877215265"/>
  <nd ref="7877215264"/>
  <nd ref="7877204766"/>
  <nd ref="7877215263"/>
  <nd ref="7877215262"/>
  <nd ref="7877215261"/>
  <nd ref="7877215260"/>
  <nd ref="7877215259"/>
  <nd ref="7877215258"/>
  <nd ref="7877215257"/>
  <nd ref="7877215256"/>
  <nd ref="7877215255"/>
  <nd ref="7877215254"/>
  <nd ref="7877215253"/>
  <nd ref="7877215252"/>
  <nd ref="7877215251"/>
  <nd ref="7877215250"/>
  <nd ref="7877215249"/>
  <nd ref="7877215248"/>
  <nd ref="7877215241"/>
  <nd ref="7877215247"/>
  <nd ref="7877215246"/>
  <nd ref="7877215245"/>
  <nd ref="13271038114"/>
  <nd ref="13271038115"/>
  <nd ref="13271038116"/>
  <nd ref="10793588779"/>
  <tag k="highway" v="footway"/>
  <tag k="surface" v="concrete"/>
 </way>
 <way id="844457239" visible="true" version="1" changeset="90439346" timestamp="2020-09-05T04:58:34Z" user="TokyoJoe" uid="1973844">
  <nd ref="7877215288"/>
  <nd ref="7877215287"/>
  <tag k="traffic_calming" v="island"/>
 </way>
 <way id="844457240" visible="true" version="1" changeset="90439346" timestamp="2020-09-05T04:58:34Z" user="TokyoJoe" uid="1973844">
  <nd ref="7877215292"/>
  <nd ref="7877215293"/>
  <nd ref="7877215289"/>
  <nd ref="2460574150"/>
  <nd ref="2460574151"/>
  <tag k="highway" v="residential"/>
  <tag k="name" v="Gilbert Street"/>
  <tag k="oneway" v="yes"/>
 </way>
 <way id="844457241" visible="true" version="1" changeset="90439346" timestamp="2020-09-05T04:58:34Z" user="TokyoJoe" uid="1973844">
  <nd ref="2460574151"/>
  <nd ref="7877215291"/>
  <nd ref="7877215290"/>
  <tag k="highway" v="residential"/>
  <tag k="name" v="Gilbert Street"/>
  <tag k="oneway" v="yes"/>
 </way>
 <way id="844477557" visible="true" version="3" changeset="90452978" timestamp="2020-09-05T13:13:36Z" user="TokyoJoe" uid="1973844">
  <nd ref="7877408532"/>
  <nd ref="7877408531"/>
  <nd ref="7877408530"/>
  <nd ref="7877408529"/>
  <nd ref="7877408528"/>
  <nd ref="7877408527"/>
  <nd ref="7877408526"/>
  <nd ref="7878412933"/>
  <tag k="highway" v="footway"/>
 </way>
 <way id="844477558" visible="true" version="5" changeset="176113086" timestamp="2025-12-18T20:54:45Z" user="ICT_maps" uid="18862646">
  <nd ref="7877408578"/>
  <nd ref="7877408577"/>
  <nd ref="7877408576"/>
  <nd ref="7877408575"/>
  <nd ref="7877408574"/>
  <nd ref="7877408573"/>
  <nd ref="7877408572"/>
  <nd ref="7877408571"/>
  <nd ref="7877408570"/>
  <nd ref="7877408569"/>
  <nd ref="7877408568"/>
  <nd ref="7877408567"/>
  <nd ref="7877408566"/>
  <nd ref="7877408565"/>
  <nd ref="7877408564"/>
  <nd ref="13387388172"/>
  <nd ref="7877408563"/>
  <nd ref="7877408562"/>
  <nd ref="7877408561"/>
  <nd ref="13387388173"/>
  <nd ref="7877408560"/>
  <nd ref="7877408559"/>
  <nd ref="7877408558"/>
  <nd ref="7877408557"/>
  <nd ref="7877408556"/>
  <nd ref="7877408555"/>
  <nd ref="7877408554"/>
  <nd ref="13387388117"/>
  <nd ref="7877408553"/>
  <nd ref="7877408552"/>
  <nd ref="7877408551"/>
  <nd ref="13387388118"/>
  <nd ref="7877408550"/>
  <nd ref="7877408549"/>
  <nd ref="13387388119"/>
  <nd ref="13387388111"/>
  <nd ref="10793588776"/>
  <nd ref="13387388120"/>
  <nd ref="13387388121"/>
  <nd ref="10793588777"/>
  <nd ref="10793588778"/>
  <nd ref="13387388122"/>
  <nd ref="10793588779"/>
  <tag k="highway" v="footway"/>
  <tag k="surface" v="concrete"/>
 </way>
 <way id="844485847" visible="true" version="3" changeset="122305603" timestamp="2022-06-13T05:09:59Z" user="boopington" uid="8649216">
  <nd ref="7877215286"/>
  <nd ref="9813687480"/>
  <nd ref="9813687479"/>
  <nd ref="9813687478"/>
  <nd ref="7877529033"/>
  <nd ref="7877529032"/>
  <nd ref="7877529031"/>
  <nd ref="7877529030"/>
  <nd ref="7877529029"/>
  <nd ref="7877529028"/>
  <nd ref="7877529027"/>
  <nd ref="7877529026"/>
  <nd ref="7877529025"/>
  <nd ref="7877529024"/>
  <nd ref="7877529023"/>
  <nd ref="7877529022"/>
  <nd ref="7877529021"/>
  <nd ref="7877529020"/>
  <nd ref="7877529019"/>
  <nd ref="7877529018"/>
  <nd ref="7877529017"/>
  <nd ref="7877529016"/>
  <nd ref="7877529015"/>
  <nd ref="7877529014"/>
  <nd ref="7877529013"/>
  <nd ref="7877529012"/>
  <nd ref="7877529011"/>
  <nd ref="7877529010"/>
  <nd ref="7877529009"/>
  <tag k="highway" v="footway"/>
  <tag k="surface" v="concrete:plates"/>
 </way>
 <way id="844485850" visible="true" version="1" changeset="90443880" timestamp="2020-09-05T08:03:06Z" user="TokyoJoe" uid="1973844">
  <nd ref="7877529101"/>
  <nd ref="7877204766"/>
  <tag k="highway" v="footway"/>
 </way>
 <way id="844485851" visible="true" version="1" changeset="90443880" timestamp="2020-09-05T08:03:06Z" user="TokyoJoe" uid="1973844">
  <nd ref="7877529102"/>
  <nd ref="7877204767"/>
  <nd ref="7877529101"/>
  <tag k="footway" v="crossing"/>
  <tag k="highway" v="footway"/>
 </way>
 <way id="844485852" visible="true" version="2" changeset="176113359" timestamp="2025-12-18T21:04:52Z" user="ICT_maps" uid="18862646">
  <nd ref="7877529106"/>
  <nd ref="7877417791"/>
  <nd ref="7877417790"/>
  <tag k="crossing" v="unmarked"/>
  <tag k="crossing:markings" v="no"/>
  <tag k="footway" v="crossing"/>
  <tag k="highway" v="footway"/>
 </way>
 <way id="844485853" visible="true" version="1" changeset="90443880" timestamp="2020-09-05T08:03:06Z" user="TokyoJoe" uid="1973844">
  <nd ref="7877215197"/>
  <nd ref="7877529106"/>
  <tag k="highway" v="footway"/>
 </way>
 <way id="844485854" visible="true" version="1" changeset="90443880" timestamp="2020-09-05T08:03:06Z" user="TokyoJoe" uid="1973844">
  <nd ref="7877408522"/>
  <nd ref="7877408523"/>
  <tag k="highway" v="footway"/>
 </way>
 <way id="844485855" visible="true" version="2" changeset="176113086" timestamp="2025-12-18T20:54:45Z" user="ICT_maps" uid="18862646">
  <nd ref="7877408525"/>
  <nd ref="7877408524"/>
  <nd ref="7877408522"/>
  <tag k="crossing" v="unmarked"/>
  <tag k="crossing:markings" v="no"/>
  <tag k="footway" v="crossing"/>
  <tag k="highway" v="footway"/>
 </way>
 <way id="844550657" visible="true" version="1" changeset="90452978" timestamp="2020-09-05T13:13:36Z" user="TokyoJoe" uid="1973844">
  <nd ref="7878412927"/>
  <nd ref="7878412926"/>
  <nd ref="7878412925"/>
  <nd ref="7878412924"/>
  <nd ref="7878412923"/>
  <nd ref="7878412922"/>
  <nd ref="7878412921"/>
  <nd ref="7878412920"/>
  <nd ref="7878412919"/>
  <nd ref="7878412918"/>
  <nd ref="7878412917"/>
  <nd ref="7878412916"/>
  <nd ref="7878412915"/>
  <nd ref="7878412914"/>
  <nd ref="7878412927"/>
  <tag k="leisure" v="playground"/>
 </way>
 <way id="844550658" visible="true" version="1" changeset="90452978" timestamp="2020-09-05T13:13:36Z" user="TokyoJoe" uid="1973844">
  <nd ref="7878412931"/>
  <nd ref="7878412930"/>
  <nd ref="7878412929"/>
  <nd ref="7878412928"/>
  <nd ref="7878412931"/>
  <tag k="leisure" v="swimming_pool"/>
 </way>
 <way id="844550659" visible="true" version="1" changeset="90452978" timestamp="2020-09-05T13:13:36Z" user="TokyoJoe" uid="1973844">
  <nd ref="7878412932"/>
  <nd ref="7877215240"/>
  <nd ref="7877215239"/>
  <tag k="footway" v="crossing"/>
  <tag k="highway" v="footway"/>
 </way>
 <way id="844550660" visible="true" version="1" changeset="90452978" timestamp="2020-09-05T13:13:36Z" user="TokyoJoe" uid="1973844">
  <nd ref="7877215274"/>
  <nd ref="7878412932"/>
  <tag k="highway" v="footway"/>
  <tag k="surface" v="concrete"/>
 </way>
 <way id="844550661" visible="true" version="2" changeset="176113359" timestamp="2025-12-18T21:04:52Z" user="ICT_maps" uid="18862646">
  <nd ref="7877417790"/>
  <nd ref="7877417789"/>
  <nd ref="7877417788"/>
  <nd ref="13387404470"/>
  <nd ref="7877417787"/>
  <nd ref="7877417786"/>
  <nd ref="7877417785"/>
  <nd ref="7877408584"/>
  <nd ref="13387404469"/>
  <nd ref="7877408583"/>
  <nd ref="7877408523"/>
  <nd ref="7877408582"/>
  <nd ref="7877408581"/>
  <nd ref="13387404458"/>
  <nd ref="7877408580"/>
  <nd ref="7877408579"/>
  <nd ref="7877408578"/>
  <tag k="highway" v="footway"/>
  <tag k="surface" v="concrete"/>
 </way>
 <way id="844550662" visible="true" version="1" changeset="90452978" timestamp="2020-09-05T13:13:36Z" user="TokyoJoe" uid="1973844">
  <nd ref="7878412933"/>
  <nd ref="7877408525"/>
  <tag k="highway" v="footway"/>
  <tag k="surface" v="concrete"/>
 </way>
 <way id="844550670" visible="true" version="1" changeset="90452978" timestamp="2020-09-05T13:13:36Z" user="TokyoJoe" uid="1973844">
  <nd ref="7878412965"/>
  <nd ref="7878412964"/>
  <nd ref="7878412963"/>
  <nd ref="7878412962"/>
  <nd ref="7878412965"/>
  <tag k="access" v="private"/>
  <tag k="leisure" v="swimming_pool"/>
 </way>
 <way id="844659889" visible="true" version="2" changeset="134628193" timestamp="2023-04-07T18:23:29Z" user="ICT_maps" uid="18862646">
  <nd ref="7880077402"/>
  <nd ref="7880077401"/>
  <nd ref="7880077400"/>
  <nd ref="7880077399"/>
  <nd ref="7880077398"/>
  <nd ref="7880077397"/>
  <nd ref="7880077396"/>
  <nd ref="7880077395"/>
  <nd ref="7880077394"/>
  <nd ref="7880077393"/>
  <nd ref="7880077392"/>
  <nd ref="7880077391"/>
  <nd ref="7880077390"/>
  <nd ref="7880077389"/>
  <nd ref="7880077388"/>
  <nd ref="7880077387"/>
  <nd ref="7880077386"/>
  <nd ref="7880077385"/>
  <nd ref="7880077384"/>
  <nd ref="7880077383"/>
  <nd ref="7880077382"/>
  <nd ref="7880077381"/>
  <nd ref="7880077380"/>
  <nd ref="7880077379"/>
  <nd ref="7880077378"/>
  <nd ref="7880077377"/>
  <nd ref="7880077376"/>
  <nd ref="7880077375"/>
  <nd ref="7880077374"/>
  <nd ref="7880077373"/>
  <nd ref="7880077372"/>
  <nd ref="7880077371"/>
  <nd ref="7880077370"/>
  <nd ref="7880077369"/>
  <nd ref="7880077365"/>
  <nd ref="7550290827"/>
  <nd ref="7880077364"/>
  <nd ref="7880077362"/>
  <nd ref="7880077361"/>
  <nd ref="7880077360"/>
  <nd ref="7880077359"/>
  <nd ref="7880077358"/>
  <nd ref="7880077357"/>
  <nd ref="7880077356"/>
  <nd ref="7880077355"/>
  <nd ref="7880077354"/>
  <nd ref="7880077353"/>
  <nd ref="7880077352"/>
  <nd ref="7880077351"/>
  <nd ref="7880077350"/>
  <nd ref="7880077349"/>
  <nd ref="7880077348"/>
  <nd ref="7880077347"/>
  <nd ref="7880077346"/>
  <nd ref="7880077345"/>
  <nd ref="7880077344"/>
  <nd ref="7880077343"/>
  <nd ref="7880077342"/>
  <nd ref="7880077341"/>
  <nd ref="7880077402"/>
  <tag k="landuse" v="residential"/>
 </way>
 <way id="954541138" visible="true" version="4" changeset="176113086" timestamp="2025-12-18T20:54:45Z" user="ICT_maps" uid="18862646">
  <nd ref="7550290816"/>
  <nd ref="8835033690"/>
  <nd ref="13387368196"/>
  <nd ref="8835033691"/>
  <nd ref="13387388198"/>
  <nd ref="8835033692"/>
  <nd ref="13387368191"/>
  <nd ref="13387368188"/>
  <nd ref="13387368187"/>
  <nd ref="13387368174"/>
  <nd ref="13387368171"/>
  <nd ref="13387368172"/>
  <nd ref="8835033693"/>
  <nd ref="10793588782"/>
  <nd ref="10793588783"/>
  <nd ref="10793588784"/>
  <nd ref="10793588785"/>
  <nd ref="10793588786"/>
  <nd ref="10793588787"/>
  <nd ref="10793588788"/>
  <nd ref="10793588789"/>
  <nd ref="13271039180"/>
  <nd ref="10793588790"/>
  <tag k="highway" v="residential"/>
  <tag k="name" v="Rose Street"/>
 </way>
 <way id="1160536886" visible="true" version="1" changeset="134628193" timestamp="2023-04-07T18:23:29Z" user="ICT_maps" uid="18862646">
  <nd ref="10793588781"/>
  <nd ref="10793588780"/>
  <tag k="intermittent" v="yes"/>
  <tag k="layer" v="-1"/>
  <tag k="tunnel" v="culvert"/>
  <tag k="waterway" v="stream"/>
 </way>
 <way id="1160536887" visible="true" version="1" changeset="134628193" timestamp="2023-04-07T18:23:29Z" user="ICT_maps" uid="18862646">
  <nd ref="7877204760"/>
  <nd ref="10793588781"/>
  <tag k="intermittent" v="yes"/>
  <tag k="layer" v="-1"/>
  <tag k="tunnel" v="culvert"/>
  <tag k="waterway" v="stream"/>
 </way>
 <way id="1226867248" visible="true" version="1" changeset="144458869" timestamp="2023-11-26T02:52:18Z" user="Local-Mapper" uid="10661773">
  <nd ref="11377013071"/>
  <nd ref="11377013100"/>
  <nd ref="11377013101"/>
  <nd ref="11377013102"/>
  <nd ref="11377013103"/>
  <nd ref="11377013104"/>
  <nd ref="11377013105"/>
  <nd ref="11377013106"/>
  <nd ref="11377013107"/>
  <nd ref="11377013108"/>
  <nd ref="11377013109"/>
  <nd ref="11377013110"/>
  <nd ref="11377013111"/>
  <nd ref="11377013112"/>
  <nd ref="11377013113"/>
  <nd ref="11377013114"/>
  <nd ref="11377013115"/>
  <nd ref="11377013116"/>
  <nd ref="11377013117"/>
  <nd ref="11377013118"/>
  <nd ref="11377013119"/>
  <nd ref="11377013120"/>
  <nd ref="11377013121"/>
  <nd ref="11377013122"/>
  <nd ref="11377013123"/>
  <nd ref="11377013124"/>
  <nd ref="11377013125"/>
  <nd ref="11377013126"/>
  <nd ref="11377013127"/>
  <nd ref="11377013128"/>
  <nd ref="11377013129"/>
  <nd ref="11377013130"/>
  <nd ref="11377013131"/>
  <nd ref="11377013132"/>
  <nd ref="11377013133"/>
  <nd ref="11377013134"/>
  <nd ref="11377013135"/>
  <nd ref="11377013136"/>
  <nd ref="11377013137"/>
  <nd ref="11377013138"/>
  <nd ref="11377013139"/>
  <tag k="cables" v="3"/>
  <tag k="frequency" v="60"/>
  <tag k="name" v="Beech Tap-Springdale"/>
  <tag k="operator" v="Evergy"/>
  <tag k="operator:wikidata" v="Q7987107"/>
  <tag k="power" v="line"/>
  <tag k="voltage" v="138000"/>
 </way>
 <way id="1446368687" visible="true" version="1" changeset="173992532" timestamp="2025-10-30T19:32:24Z" user="ICT_maps" uid="18862646">
  <nd ref="10793588779"/>
  <nd ref="13271039179"/>
  <nd ref="13271038117"/>
  <nd ref="13271038118"/>
  <nd ref="13271038119"/>
  <nd ref="13271038120"/>
  <nd ref="13271038121"/>
  <nd ref="13271038122"/>
  <nd ref="13271038123"/>
  <nd ref="13271038124"/>
  <nd ref="13271038125"/>
  <nd ref="13271038126"/>
  <nd ref="13271039180"/>
  <nd ref="13271038127"/>
  <nd ref="13271038130"/>
  <nd ref="13271038128"/>
  <nd ref="13271038129"/>
  <tag k="highway" v="footway"/>
 </way>
 <way id="1459657078" visible="true" version="1" changeset="176113086" timestamp="2025-12-18T20:54:45Z" user="ICT_maps" uid="18862646">
  <nd ref="13387368170"/>
  <nd ref="13387368171"/>
  <tag k="highway" v="service"/>
  <tag k="service" v="driveway"/>
 </way>
 <way id="1459657079" visible="true" version="1" changeset="176113086" timestamp="2025-12-18T20:54:45Z" user="ICT_maps" uid="18862646">
  <nd ref="13387368172"/>
  <nd ref="13387368173"/>
  <tag k="highway" v="service"/>
  <tag k="service" v="driveway"/>
 </way>
 <way id="1459657080" visible="true" version="1" changeset="176113086" timestamp="2025-12-18T20:54:45Z" user="ICT_maps" uid="18862646">
  <nd ref="13387368174"/>
  <nd ref="13387368175"/>
  <tag k="highway" v="service"/>
  <tag k="service" v="driveway"/>
 </way>
 <way id="1459657081" visible="true" version="1" changeset="176113086" timestamp="2025-12-18T20:54:45Z" user="ICT_maps" uid="18862646">
  <nd ref="13387368186"/>
  <nd ref="13387368187"/>
  <tag k="highway" v="service"/>
  <tag k="service" v="driveway"/>
 </way>
 <way id="1459657082" visible="true" version="1" changeset="176113086" timestamp="2025-12-18T20:54:45Z" user="ICT_maps" uid="18862646">
  <nd ref="13387368188"/>
  <nd ref="13387368189"/>
  <tag k="highway" v="service"/>
  <tag k="service" v="driveway"/>
 </way>
 <way id="1459657083" visible="true" version="1" changeset="176113086" timestamp="2025-12-18T20:54:45Z" user="ICT_maps" uid="18862646">
  <nd ref="13387368190"/>
  <nd ref="13387368191"/>
  <tag k="highway" v="service"/>
  <tag k="service" v="driveway"/>
 </way>
 <way id="1459657084" visible="true" version="1" changeset="176113086" timestamp="2025-12-18T20:54:45Z" user="ICT_maps" uid="18862646">
  <nd ref="8835033692"/>
  <nd ref="13387368192"/>
  <tag k="highway" v="service"/>
  <tag k="service" v="driveway"/>
 </way>
 <way id="1459657085" visible="true" version="1" changeset="176113086" timestamp="2025-12-18T20:54:45Z" user="ICT_maps" uid="18862646">
  <nd ref="13387368193"/>
  <nd ref="13387388198"/>
  <nd ref="13387368194"/>
  <tag k="highway" v="service"/>
  <tag k="service" v="driveway"/>
 </way>
 <way id="1459657086" visible="true" version="1" changeset="176113086" timestamp="2025-12-18T20:54:45Z" user="ICT_maps" uid="18862646">
  <nd ref="7550290818"/>
  <nd ref="13387368195"/>
  <tag k="highway" v="service"/>
  <tag k="service" v="driveway"/>
 </way>
 <way id="1459657087" visible="true" version="1" changeset="176113086" timestamp="2025-12-18T20:54:45Z" user="ICT_maps" uid="18862646">
  <nd ref="13387368196"/>
  <nd ref="13387368197"/>
  <tag k="highway" v="service"/>
  <tag k="service" v="driveway"/>
 </way>
 <way id="1459657088" visible="true" version="1" changeset="176113086" timestamp="2025-12-18T20:54:45Z" user="ICT_maps" uid="18862646">
  <nd ref="13387368199"/>
  <nd ref="13387388122"/>
  <nd ref="13387368200"/>
  <tag k="highway" v="service"/>
  <tag k="service" v="driveway"/>
 </way>
 <way id="1459657089" visible="true" version="1" changeset="176113086" timestamp="2025-12-18T20:54:45Z" user="ICT_maps" uid="18862646">
  <nd ref="13387388101"/>
  <nd ref="13387388120"/>
  <nd ref="7550290816"/>
  <tag k="highway" v="service"/>
  <tag k="service" v="driveway"/>
 </way>
 <way id="1459657090" visible="true" version="1" changeset="176113086" timestamp="2025-12-18T20:54:45Z" user="ICT_maps" uid="18862646">
  <nd ref="13387388102"/>
  <nd ref="13387388121"/>
  <nd ref="7550290817"/>
  <tag k="highway" v="service"/>
  <tag k="service" v="driveway"/>
 </way>
 <way id="1459657091" visible="true" version="1" changeset="176113086" timestamp="2025-12-18T20:54:45Z" user="ICT_maps" uid="18862646">
  <nd ref="13387388109"/>
  <nd ref="13387388111"/>
  <nd ref="13387388110"/>
  <tag k="highway" v="service"/>
  <tag k="service" v="driveway"/>
 </way>
 <way id="1459657092" visible="true" version="1" changeset="176113086" timestamp="2025-12-18T20:54:45Z" user="ICT_maps" uid="18862646">
  <nd ref="13387388112"/>
  <nd ref="13387388119"/>
  <nd ref="13387388113"/>
  <tag k="highway" v="service"/>
  <tag k="service" v="driveway"/>
 </way>
 <way id="1459657093" visible="true" version="1" changeset="176113086" timestamp="2025-12-18T20:54:45Z" user="ICT_maps" uid="18862646">
  <nd ref="13387388114"/>
  <nd ref="13387388118"/>
  <nd ref="13387388115"/>
  <tag k="highway" v="service"/>
  <tag k="service" v="driveway"/>
 </way>
 <way id="1459657094" visible="true" version="1" changeset="176113086" timestamp="2025-12-18T20:54:45Z" user="ICT_maps" uid="18862646">
  <nd ref="13387388116"/>
  <nd ref="13387388117"/>
  <nd ref="7716802635"/>
  <tag k="highway" v="service"/>
  <tag k="service" v="driveway"/>
 </way>
 <way id="1459657095" visible="true" version="1" changeset="176113086" timestamp="2025-12-18T20:54:45Z" user="ICT_maps" uid="18862646">
  <nd ref="13387388138"/>
  <nd ref="13387388140"/>
  <nd ref="13387388139"/>
  <tag k="highway" v="service"/>
  <tag k="service" v="driveway"/>
 </way>
 <way id="1459657096" visible="true" version="1" changeset="176113086" timestamp="2025-12-18T20:54:45Z" user="ICT_maps" uid="18862646">
  <nd ref="13387388141"/>
  <nd ref="13387388143"/>
  <nd ref="13387388142"/>
  <tag k="highway" v="service"/>
  <tag k="service" v="driveway"/>
 </way>
 <way id="1459657097" visible="true" version="1" changeset="176113086" timestamp="2025-12-18T20:54:45Z" user="ICT_maps" uid="18862646">
  <nd ref="13387388144"/>
  <nd ref="13387388145"/>
  <tag k="highway" v="service"/>
  <tag k="service" v="driveway"/>
 </way>
 <way id="1459657098" visible="true" version="1" changeset="176113086" timestamp="2025-12-18T20:54:45Z" user="ICT_maps" uid="18862646">
  <nd ref="13387388146"/>
  <nd ref="13387388147"/>
  <tag k="highway" v="service"/>
  <tag k="service" v="driveway"/>
 </way>
 <way id="1459657099" visible="true" version="1" changeset="176113086" timestamp="2025-12-18T20:54:45Z" user="ICT_maps" uid="18862646">
  <nd ref="13387388148"/>
  <nd ref="13387388149"/>
  <tag k="highway" v="service"/>
  <tag k="service" v="driveway"/>
 </way>
 <way id="1459657100" visible="true" version="1" changeset="176113086" timestamp="2025-12-18T20:54:45Z" user="ICT_maps" uid="18862646">
  <nd ref="13387388150"/>
  <nd ref="13387388151"/>
  <tag k="highway" v="service"/>
  <tag k="service" v="driveway"/>
 </way>
 <way id="1459657101" visible="true" version="1" changeset="176113086" timestamp="2025-12-18T20:54:45Z" user="ICT_maps" uid="18862646">
  <nd ref="13387388152"/>
  <nd ref="13387388153"/>
  <tag k="highway" v="service"/>
  <tag k="service" v="driveway"/>
 </way>
 <way id="1459657102" visible="true" version="1" changeset="176113086" timestamp="2025-12-18T20:54:45Z" user="ICT_maps" uid="18862646">
  <nd ref="13387388154"/>
  <nd ref="13387388155"/>
  <tag k="highway" v="service"/>
  <tag k="service" v="driveway"/>
 </way>
 <way id="1459657103" visible="true" version="1" changeset="176113086" timestamp="2025-12-18T20:54:45Z" user="ICT_maps" uid="18862646">
  <nd ref="13387388156"/>
  <nd ref="13387388158"/>
  <nd ref="13387388157"/>
  <tag k="highway" v="service"/>
  <tag k="service" v="driveway"/>
 </way>
 <way id="1459657104" visible="true" version="1" changeset="176113086" timestamp="2025-12-18T20:54:45Z" user="ICT_maps" uid="18862646">
  <nd ref="13387388159"/>
  <nd ref="7716802637"/>
  <nd ref="13387388160"/>
  <nd ref="13387388161"/>
  <tag k="highway" v="service"/>
  <tag k="service" v="driveway"/>
 </way>
 <way id="1459657105" visible="true" version="1" changeset="176113086" timestamp="2025-12-18T20:54:45Z" user="ICT_maps" uid="18862646">
  <nd ref="13387388162"/>
  <nd ref="13387388163"/>
  <nd ref="7716802637"/>
  <tag k="highway" v="service"/>
  <tag k="service" v="driveway"/>
 </way>
 <way id="1459657106" visible="true" version="1" changeset="176113086" timestamp="2025-12-18T20:54:45Z" user="ICT_maps" uid="18862646">
  <nd ref="13387388167"/>
  <nd ref="13387388172"/>
  <nd ref="6416929005"/>
  <tag k="highway" v="service"/>
  <tag k="service" v="driveway"/>
 </way>
 <way id="1459657107" visible="true" version="1" changeset="176113086" timestamp="2025-12-18T20:54:45Z" user="ICT_maps" uid="18862646">
  <nd ref="13387388168"/>
  <nd ref="13387388173"/>
  <nd ref="13387388169"/>
  <tag k="highway" v="service"/>
  <tag k="service" v="driveway"/>
 </way>
 <way id="1459657108" visible="true" version="1" changeset="176113086" timestamp="2025-12-18T20:54:45Z" user="ICT_maps" uid="18862646">
  <nd ref="13387388170"/>
  <nd ref="7877408557"/>
  <nd ref="13387388171"/>
  <tag k="highway" v="service"/>
  <tag k="service" v="driveway"/>
 </way>
 <way id="1459657109" visible="true" version="1" changeset="176113086" timestamp="2025-12-18T20:54:45Z" user="ICT_maps" uid="18862646">
  <nd ref="13387388182"/>
  <nd ref="13387388183"/>
  <tag k="highway" v="service"/>
  <tag k="service" v="driveway"/>
 </way>
 <way id="1459657110" visible="true" version="1" changeset="176113086" timestamp="2025-12-18T20:54:45Z" user="ICT_maps" uid="18862646">
  <nd ref="13387388184"/>
  <nd ref="13387388185"/>
  <tag k="highway" v="service"/>
  <tag k="service" v="driveway"/>
 </way>
 <way id="1459657111" visible="true" version="1" changeset="176113086" timestamp="2025-12-18T20:54:45Z" user="ICT_maps" uid="18862646">
  <nd ref="13387388186"/>
  <nd ref="13387388187"/>
  <tag k="highway" v="service"/>
  <tag k="service" v="driveway"/>
 </way>
 <way id="1459657112" visible="true" version="1" changeset="176113086" timestamp="2025-12-18T20:54:45Z" user="ICT_maps" uid="18862646">
  <nd ref="13387388188"/>
  <nd ref="13387388189"/>
  <tag k="highway" v="service"/>
  <tag k="service" v="driveway"/>
 </way>
 <way id="1459657113" visible="true" version="1" changeset="176113086" timestamp="2025-12-18T20:54:45Z" user="ICT_maps" uid="18862646">
  <nd ref="13387388190"/>
  <nd ref="13387388191"/>
  <tag k="highway" v="service"/>
  <tag k="service" v="driveway"/>
 </way>
 <way id="1459657114" visible="true" version="1" changeset="176113086" timestamp="2025-12-18T20:54:45Z" user="ICT_maps" uid="18862646">
  <nd ref="13387388192"/>
  <nd ref="13387388193"/>
  <tag k="highway" v="service"/>
  <tag k="service" v="driveway"/>
 </way>
 <way id="1459657115" visible="true" version="1" changeset="176113086" timestamp="2025-12-18T20:54:45Z" user="ICT_maps" uid="18862646">
  <nd ref="13387388194"/>
  <nd ref="13387388195"/>
  <tag k="highway" v="service"/>
  <tag k="service" v="driveway"/>
 </way>
 <way id="1459657116" visible="true" version="1" changeset="176113086" timestamp="2025-12-18T20:54:45Z" user="ICT_maps" uid="18862646">
  <nd ref="13387388196"/>
  <nd ref="13387388197"/>
  <tag k="highway" v="service"/>
  <tag k="service" v="driveway"/>
 </way>
 <way id="1459659424" visible="true" version="1" changeset="176113359" timestamp="2025-12-18T21:04:52Z" user="ICT_maps" uid="18862646">
  <nd ref="13387404418"/>
  <nd ref="13387404419"/>
  <nd ref="2460574141"/>
  <nd ref="13387404420"/>
  <tag k="highway" v="service"/>
  <tag k="service" v="driveway"/>
 </way>
 <way id="1459659425" visible="true" version="1" changeset="176113359" timestamp="2025-12-18T21:04:52Z" user="ICT_maps" uid="18862646">
  <nd ref="2460574141"/>
  <nd ref="13387404421"/>
  <tag k="highway" v="service"/>
  <tag k="service" v="driveway"/>
 </way>
 <way id="1459659426" visible="true" version="1" changeset="176113359" timestamp="2025-12-18T21:04:52Z" user="ICT_maps" uid="18862646">
  <nd ref="13387404422"/>
  <nd ref="13387404423"/>
  <tag k="highway" v="service"/>
  <tag k="service" v="driveway"/>
 </way>
 <way id="1459659427" visible="true" version="1" changeset="176113359" timestamp="2025-12-18T21:04:52Z" user="ICT_maps" uid="18862646">
  <nd ref="13387404435"/>
  <nd ref="13387404436"/>
  <nd ref="2460574117"/>
  <nd ref="13387404437"/>
  <nd ref="13387404438"/>
  <tag k="highway" v="service"/>
  <tag k="service" v="driveway"/>
 </way>
 <way id="1459659428" visible="true" version="1" changeset="176113359" timestamp="2025-12-18T21:04:52Z" user="ICT_maps" uid="18862646">
  <nd ref="13387404439"/>
  <nd ref="2460574117"/>
  <nd ref="13387404440"/>
  <tag k="highway" v="service"/>
  <tag k="service" v="driveway"/>
 </way>
 <way id="1459659429" visible="true" version="1" changeset="176113359" timestamp="2025-12-18T21:04:52Z" user="ICT_maps" uid="18862646">
  <nd ref="13387404441"/>
  <nd ref="13387404442"/>
  <tag k="highway" v="service"/>
  <tag k="service" v="driveway"/>
 </way>
 <way id="1459659430" visible="true" version="1" changeset="176113359" timestamp="2025-12-18T21:04:52Z" user="ICT_maps" uid="18862646">
  <nd ref="13387404443"/>
  <nd ref="13387404444"/>
  <tag k="highway" v="service"/>
  <tag k="service" v="driveway"/>
 </way>
 <way id="1459659431" visible="true" version="1" changeset="176113359" timestamp="2025-12-18T21:04:52Z" user="ICT_maps" uid="18862646">
  <nd ref="13387404445"/>
  <nd ref="13387404446"/>
  <tag k="highway" v="service"/>
  <tag k="service" v="driveway"/>
 </way>
 <way id="1459659432" visible="true" version="1" changeset="176113359" timestamp="2025-12-18T21:04:52Z" user="ICT_maps" uid="18862646">
  <nd ref="13387404447"/>
  <nd ref="13387404448"/>
  <tag k="highway" v="service"/>
  <tag k="service" v="driveway"/>
 </way>
 <way id="1459659433" visible="true" version="1" changeset="176113359" timestamp="2025-12-18T21:04:52Z" user="ICT_maps" uid="18862646">
  <nd ref="13387404449"/>
  <nd ref="13387404450"/>
  <tag k="highway" v="service"/>
  <tag k="service" v="driveway"/>
 </way>
 <way id="1459659434" visible="true" version="1" changeset="176113359" timestamp="2025-12-18T21:04:52Z" user="ICT_maps" uid="18862646">
  <nd ref="2460574109"/>
  <nd ref="13387404451"/>
  <tag k="highway" v="service"/>
  <tag k="service" v="driveway"/>
 </way>
 <way id="1459659435" visible="true" version="1" changeset="176113359" timestamp="2025-12-18T21:04:52Z" user="ICT_maps" uid="18862646">
  <nd ref="7877408535"/>
  <nd ref="13387404452"/>
  <tag k="highway" v="service"/>
  <tag k="service" v="driveway"/>
 </way>
 <way id="1459659436" visible="true" version="1" changeset="176113359" timestamp="2025-12-18T21:04:52Z" user="ICT_maps" uid="18862646">
  <nd ref="13387404454"/>
  <nd ref="13387404455"/>
  <tag k="highway" v="service"/>
  <tag k="service" v="driveway"/>
 </way>
 <way id="1459659437" visible="true" version="1" changeset="176113359" timestamp="2025-12-18T21:04:52Z" user="ICT_maps" uid="18862646">
  <nd ref="13387404456"/>
  <nd ref="13387404458"/>
  <nd ref="13387404457"/>
  <tag k="highway" v="service"/>
  <tag k="service" v="driveway"/>
 </way>
 <way id="1459659438" visible="true" version="1" changeset="176113359" timestamp="2025-12-18T21:04:52Z" user="ICT_maps" uid="18862646">
  <nd ref="13387404459"/>
  <nd ref="13387404469"/>
  <nd ref="13387404460"/>
  <tag k="highway" v="service"/>
  <tag k="service" v="driveway"/>
 </way>
 <way id="1459659439" visible="true" version="1" changeset="176113359" timestamp="2025-12-18T21:04:52Z" user="ICT_maps" uid="18862646">
  <nd ref="13387404461"/>
  <nd ref="13387404462"/>
  <tag k="highway" v="service"/>
  <tag k="service" v="driveway"/>
 </way>
 <way id="1459659440" visible="true" version="1" changeset="176113359" timestamp="2025-12-18T21:04:52Z" user="ICT_maps" uid="18862646">
  <nd ref="13387404463"/>
  <nd ref="13387404470"/>
  <nd ref="13387404464"/>
  <tag k="highway" v="service"/>
  <tag k="service" v="driveway"/>
 </way>
 <way id="1459659443" visible="true" version="1" changeset="176113359" timestamp="2025-12-18T21:04:52Z" user="ICT_maps" uid="18862646">
  <nd ref="13387404475"/>
  <nd ref="13387404477"/>
  <nd ref="13387404476"/>
  <tag k="highway" v="service"/>
  <tag k="service" v="driveway"/>
 </way>
 <way id="1459659444" visible="true" version="1" changeset="176113359" timestamp="2025-12-18T21:04:52Z" user="ICT_maps" uid="18862646">
  <nd ref="13387404487"/>
  <nd ref="13387404489"/>
  <nd ref="13387404488"/>
  <tag k="highway" v="service"/>
  <tag k="service" v="driveway"/>
 </way>
 <way id="1459659445" visible="true" version="1" changeset="176113359" timestamp="2025-12-18T21:04:52Z" user="ICT_maps" uid="18862646">
  <nd ref="13387404490"/>
  <nd ref="13387404491"/>
  <tag k="highway" v="service"/>
  <tag k="service" v="driveway"/>
 </way>
 <way id="1459659446" visible="true" version="1" changeset="176113359" timestamp="2025-12-18T21:04:52Z" user="ICT_maps" uid="18862646">
  <nd ref="13387404492"/>
  <nd ref="2460574148"/>
  <nd ref="13387404493"/>
  <tag k="highway" v="service"/>
  <tag k="service" v="driveway"/>
 </way>
 <way id="1459659447" visible="true" version="1" changeset="176113359" timestamp="2025-12-18T21:04:52Z" user="ICT_maps" uid="18862646">
  <nd ref="13387404494"/>
  <nd ref="2460574148"/>
  <nd ref="13387404495"/>
  <nd ref="13387404496"/>
  <tag k="highway" v="service"/>
  <tag k="service" v="driveway"/>
 </way>
 <way id="1459659448" visible="true" version="1" changeset="176113359" timestamp="2025-12-18T21:04:52Z" user="ICT_maps" uid="18862646">
  <nd ref="13387411609"/>
  <nd ref="13387411611"/>
  <nd ref="13387411632"/>
  <nd ref="13387411610"/>
  <tag k="highway" v="service"/>
  <tag k="service" v="driveway"/>
 </way>
 <way id="1459659449" visible="true" version="1" changeset="176113359" timestamp="2025-12-18T21:04:52Z" user="ICT_maps" uid="18862646">
  <nd ref="13387411612"/>
  <nd ref="7877204771"/>
  <nd ref="13387411613"/>
  <tag k="highway" v="service"/>
  <tag k="service" v="driveway"/>
 </way>
 <way id="1459659450" visible="true" version="1" changeset="176113359" timestamp="2025-12-18T21:04:52Z" user="ICT_maps" uid="18862646">
  <nd ref="7878412908"/>
  <nd ref="13387411614"/>
  <tag k="highway" v="service"/>
  <tag k="service" v="driveway"/>
 </way>
 <way id="1459659451" visible="true" version="1" changeset="176113359" timestamp="2025-12-18T21:04:52Z" user="ICT_maps" uid="18862646">
  <nd ref="13387411615"/>
  <nd ref="13387411631"/>
  <nd ref="13387411616"/>
  <tag k="highway" v="service"/>
  <tag k="service" v="driveway"/>
 </way>
 <way id="1459659452" visible="true" version="1" changeset="176113359" timestamp="2025-12-18T21:04:52Z" user="ICT_maps" uid="18862646">
  <nd ref="13387411617"/>
  <nd ref="7877204777"/>
  <nd ref="2460574149"/>
  <tag k="highway" v="service"/>
  <tag k="service" v="driveway"/>
 </way>
 <way id="1459659453" visible="true" version="1" changeset="176113359" timestamp="2025-12-18T21:04:52Z" user="ICT_maps" uid="18862646">
  <nd ref="13387411618"/>
  <nd ref="13387411619"/>
  <tag k="highway" v="service"/>
  <tag k="service" v="driveway"/>
 </way>
 <way id="1459659454" visible="true" version="1" changeset="176113359" timestamp="2025-12-18T21:04:52Z" user="ICT_maps" uid="18862646">
  <nd ref="13387411620"/>
  <nd ref="13387411630"/>
  <nd ref="13387411621"/>
  <nd ref="13387411622"/>
  <tag k="highway" v="service"/>
  <tag k="service" v="driveway"/>
 </way>
 <way id="1459659455" visible="true" version="1" changeset="176113359" timestamp="2025-12-18T21:04:52Z" user="ICT_maps" uid="18862646">
  <nd ref="13387411623"/>
  <nd ref="13387411629"/>
  <nd ref="13387411624"/>
  <tag k="highway" v="service"/>
  <tag k="service" v="driveway"/>
 </way>
 <way id="1459659456" visible="true" version="1" changeset="176113359" timestamp="2025-12-18T21:04:52Z" user="ICT_maps" uid="18862646">
  <nd ref="13387411625"/>
  <nd ref="13387411626"/>
  <tag k="highway" v="service"/>
  <tag k="service" v="driveway"/>
 </way>
 <way id="1459659457" visible="true" version="1" changeset="176113359" timestamp="2025-12-18T21:04:52Z" user="ICT_maps" uid="18862646">
  <nd ref="13387411627"/>
  <nd ref="13387411628"/>
  <tag k="highway" v="service"/>
  <tag k="service" v="driveway"/>
 </way>
 <way id="1459659458" visible="true" version="1" changeset="176113359" timestamp="2025-12-18T21:04:52Z" user="ICT_maps" uid="18862646">
  <nd ref="13387411635"/>
  <nd ref="13387411647"/>
  <nd ref="13387411636"/>
  <tag k="highway" v="service"/>
  <tag k="service" v="driveway"/>
 </way>
 <way id="1459659459" visible="true" version="1" changeset="176113359" timestamp="2025-12-18T21:04:52Z" user="ICT_maps" uid="18862646">
  <nd ref="13387411637"/>
  <nd ref="13387411646"/>
  <nd ref="13387411638"/>
  <tag k="highway" v="service"/>
  <tag k="service" v="driveway"/>
 </way>
 <way id="1459659460" visible="true" version="1" changeset="176113359" timestamp="2025-12-18T21:04:52Z" user="ICT_maps" uid="18862646">
  <nd ref="13387411639"/>
  <nd ref="13387411645"/>
  <nd ref="2460574144"/>
  <tag k="highway" v="service"/>
  <tag k="service" v="driveway"/>
 </way>
 <way id="1459659461" visible="true" version="1" changeset="176113359" timestamp="2025-12-18T21:04:52Z" user="ICT_maps" uid="18862646">
  <nd ref="13387411642"/>
  <nd ref="13387411644"/>
  <nd ref="13387411643"/>
  <tag k="highway" v="service"/>
  <tag k="service" v="driveway"/>
 </way>
 <way id="1459659462" visible="true" version="1" changeset="176113359" timestamp="2025-12-18T21:04:52Z" user="ICT_maps" uid="18862646">
  <nd ref="13387411652"/>
  <nd ref="13387411653"/>
  <tag k="highway" v="service"/>
  <tag k="service" v="driveway"/>
 </way>
 <way id="1459659463" visible="true" version="1" changeset="176113359" timestamp="2025-12-18T21:04:52Z" user="ICT_maps" uid="18862646">
  <nd ref="13387411654"/>
  <nd ref="13387411655"/>
  <tag k="highway" v="service"/>
  <tag k="service" v="driveway"/>
 </way>
 <way id="1459659464" visible="true" version="1" changeset="176113359" timestamp="2025-12-18T21:04:52Z" user="ICT_maps" uid="18862646">
  <nd ref="13387411656"/>
  <nd ref="13387411657"/>
  <tag k="highway" v="service"/>
  <tag k="service" v="driveway"/>
 </way>
 <way id="1459659465" visible="true" version="1" changeset="176113359" timestamp="2025-12-18T21:04:52Z" user="ICT_maps" uid="18862646">
  <nd ref="13387411658"/>
  <nd ref="7880077403"/>
  <tag k="highway" v="service"/>
  <tag k="service" v="driveway"/>
 </way>
 <way id="1459660460" visible="true" version="1" changeset="176113554" timestamp="2025-12-18T21:11:39Z" user="ICT_maps" uid="18862646">
  <nd ref="13387388039"/>
  <nd ref="13387388040"/>
  <tag k="highway" v="service"/>
  <tag k="service" v="driveway"/>
 </way>
 <way id="1459660461" visible="true" version="1" changeset="176113554" timestamp="2025-12-18T21:11:39Z" user="ICT_maps" uid="18862646">
  <nd ref="13387388052"/>
  <nd ref="13387388053"/>
  <tag k="highway" v="service"/>
  <tag k="service" v="driveway"/>
 </way>
 <way id="1459660462" visible="true" version="1" changeset="176113554" timestamp="2025-12-18T21:11:39Z" user="ICT_maps" uid="18862646">
  <nd ref="13387388054"/>
  <nd ref="13387388055"/>
  <tag k="highway" v="service"/>
  <tag k="service" v="driveway"/>
 </way>
 <way id="1459660463" visible="true" version="1" changeset="176113554" timestamp="2025-12-18T21:11:39Z" user="ICT_maps" uid="18862646">
  <nd ref="13387388056"/>
  <nd ref="13387388057"/>
  <nd ref="2460574134"/>
  <nd ref="13387388058"/>
  <tag k="highway" v="service"/>
  <tag k="service" v="driveway"/>
 </way>
 <way id="1459660464" visible="true" version="1" changeset="176113554" timestamp="2025-12-18T21:11:39Z" user="ICT_maps" uid="18862646">
  <nd ref="2460574134"/>
  <nd ref="13387388059"/>
  <tag k="highway" v="service"/>
  <tag k="service" v="driveway"/>
 </way>
 <way id="1459660465" visible="true" version="1" changeset="176113554" timestamp="2025-12-18T21:11:39Z" user="ICT_maps" uid="18862646">
  <nd ref="13387388060"/>
  <nd ref="13387388061"/>
  <tag k="highway" v="service"/>
  <tag k="service" v="driveway"/>
 </way>
 <way id="1459660466" visible="true" version="1" changeset="176113554" timestamp="2025-12-18T21:11:39Z" user="ICT_maps" uid="18862646">
  <nd ref="13387388062"/>
  <nd ref="13387388063"/>
  <tag k="highway" v="service"/>
  <tag k="service" v="driveway"/>
 </way>
 <way id="1459660467" visible="true" version="1" changeset="176113554" timestamp="2025-12-18T21:11:39Z" user="ICT_maps" uid="18862646">
  <nd ref="13387388064"/>
  <nd ref="13387388065"/>
  <tag k="highway" v="service"/>
  <tag k="service" v="driveway"/>
 </way>
 <way id="1459660468" visible="true" version="1" changeset="176113554" timestamp="2025-12-18T21:11:39Z" user="ICT_maps" uid="18862646">
  <nd ref="13387388066"/>
  <nd ref="13387388067"/>
  <tag k="highway" v="service"/>
  <tag k="service" v="driveway"/>
 </way>
 <way id="1459660469" visible="true" version="1" changeset="176113554" timestamp="2025-12-18T21:11:39Z" user="ICT_maps" uid="18862646">
  <nd ref="13387388068"/>
  <nd ref="13387388069"/>
  <tag k="highway" v="service"/>
  <tag k="service" v="driveway"/>
 </way>
 <way id="1459660470" visible="true" version="1" changeset="176113554" timestamp="2025-12-18T21:11:39Z" user="ICT_maps" uid="18862646">
  <nd ref="13387388073"/>
  <nd ref="13387388079"/>
  <nd ref="13387388074"/>
  <tag k="highway" v="service"/>
  <tag k="service" v="driveway"/>
 </way>
 <way id="1459660471" visible="true" version="1" changeset="176113554" timestamp="2025-12-18T21:11:39Z" user="ICT_maps" uid="18862646">
  <nd ref="13387388075"/>
  <nd ref="13387388080"/>
  <nd ref="13387388076"/>
  <tag k="highway" v="service"/>
  <tag k="service" v="driveway"/>
 </way>
 <way id="1459660472" visible="true" version="1" changeset="176113554" timestamp="2025-12-18T21:11:39Z" user="ICT_maps" uid="18862646">
  <nd ref="13387388077"/>
  <nd ref="13387388081"/>
  <nd ref="13387388078"/>
  <tag k="highway" v="service"/>
  <tag k="service" v="driveway"/>
 </way>
 <way id="1459660473" visible="true" version="1" changeset="176113554" timestamp="2025-12-18T21:11:39Z" user="ICT_maps" uid="18862646">
  <nd ref="13387388084"/>
  <nd ref="13387388085"/>
  <tag k="highway" v="service"/>
  <tag k="service" v="driveway"/>
 </way>
 <way id="1459660474" visible="true" version="1" changeset="176113554" timestamp="2025-12-18T21:11:39Z" user="ICT_maps" uid="18862646">
  <nd ref="13387388086"/>
  <nd ref="13387388087"/>
  <tag k="highway" v="service"/>
  <tag k="service" v="driveway"/>
 </way>
 <way id="1459660475" visible="true" version="1" changeset="176113554" timestamp="2025-12-18T21:11:39Z" user="ICT_maps" uid="18862646">
  <nd ref="13387388088"/>
  <nd ref="13387388089"/>
  <tag k="highway" v="service"/>
  <tag k="service" v="driveway"/>
 </way>
 <way id="1459660476" visible="true" version="1" changeset="176113554" timestamp="2025-12-18T21:11:39Z" user="ICT_maps" uid="18862646">
  <nd ref="13387388096"/>
  <nd ref="2460574094"/>
  <nd ref="13387388097"/>
  <tag k="highway" v="service"/>
  <tag k="service" v="driveway"/>
 </way>
 <way id="1459660477" visible="true" version="1" changeset="176113554" timestamp="2025-12-18T21:11:39Z" user="ICT_maps" uid="18862646">
  <nd ref="13387388098"/>
  <nd ref="13387388099"/>
  <tag k="highway" v="service"/>
  <tag k="service" v="driveway"/>
 </way>
 <way id="1459660478" visible="true" version="1" changeset="176113554" timestamp="2025-12-18T21:11:39Z" user="ICT_maps" uid="18862646">
  <nd ref="13387388100"/>
  <nd ref="13387425101"/>
  <tag k="highway" v="service"/>
  <tag k="service" v="driveway"/>
 </way>
 <way id="1459660479" visible="true" version="1" changeset="176113554" timestamp="2025-12-18T21:11:39Z" user="ICT_maps" uid="18862646">
  <nd ref="13387425101"/>
  <nd ref="13387425102"/>
  <tag k="highway" v="service"/>
  <tag k="service" v="driveway"/>
 </way>
 <way id="1459660480" visible="true" version="1" changeset="176113554" timestamp="2025-12-18T21:11:39Z" user="ICT_maps" uid="18862646">
  <nd ref="13387425107"/>
  <nd ref="2460574125"/>
  <tag k="highway" v="service"/>
  <tag k="service" v="driveway"/>
 </way>
 <way id="1459660481" visible="true" version="1" changeset="176113554" timestamp="2025-12-18T21:11:39Z" user="ICT_maps" uid="18862646">
  <nd ref="13387425108"/>
  <nd ref="13387425109"/>
  <tag k="highway" v="service"/>
  <tag k="service" v="driveway"/>
 </way>
 <way id="1459660482" visible="true" version="1" changeset="176113554" timestamp="2025-12-18T21:11:39Z" user="ICT_maps" uid="18862646">
  <nd ref="13387425110"/>
  <nd ref="13387425111"/>
  <tag k="highway" v="service"/>
  <tag k="service" v="driveway"/>
 </way>
 <way id="1459660483" visible="true" version="1" changeset="176113554" timestamp="2025-12-18T21:11:39Z" user="ICT_maps" uid="18862646">
  <nd ref="13387425112"/>
  <nd ref="13387425113"/>
  <tag k="highway" v="service"/>
  <tag k="service" v="driveway"/>
 </way>
 <way id="1459660484" visible="true" version="1" changeset="176113554" timestamp="2025-12-18T21:11:39Z" user="ICT_maps" uid="18862646">
  <nd ref="13387425115"/>
  <nd ref="13387425117"/>
  <nd ref="13387425116"/>
  <tag k="highway" v="service"/>
  <tag k="service" v="driveway"/>
 </way>
 <way id="1459660485" visible="true" version="1" changeset="176113554" timestamp="2025-12-18T21:11:39Z" user="ICT_maps" uid="18862646">
  <nd ref="2460574105"/>
  <nd ref="13387425118"/>
  <tag k="highway" v="service"/>
  <tag k="service" v="driveway"/>
 </way>
 <way id="1459660486" visible="true" version="1" changeset="176113554" timestamp="2025-12-18T21:11:39Z" user="ICT_maps" uid="18862646">
  <nd ref="13387425119"/>
  <nd ref="13387425120"/>
  <tag k="highway" v="service"/>
  <tag k="service" v="driveway"/>
 </way>
 <way id="1459660487" visible="true" version="1" changeset="176113554" timestamp="2025-12-18T21:11:39Z" user="ICT_maps" uid="18862646">
  <nd ref="13387425121"/>
  <nd ref="13387425163"/>
  <nd ref="13387425122"/>
  <tag k="highway" v="service"/>
  <tag k="service" v="driveway"/>
 </way>
 <way id="1459660488" visible="true" version="1" changeset="176113554" timestamp="2025-12-18T21:11:39Z" user="ICT_maps" uid="18862646">
  <nd ref="13387425123"/>
  <nd ref="13387425124"/>
  <tag k="highway" v="service"/>
  <tag k="service" v="driveway"/>
 </way>
 <way id="1459660489" visible="true" version="1" changeset="176113554" timestamp="2025-12-18T21:11:39Z" user="ICT_maps" uid="18862646">
  <nd ref="13387425140"/>
  <nd ref="13387425162"/>
  <nd ref="13387425141"/>
  <tag k="highway" v="service"/>
  <tag k="service" v="driveway"/>
 </way>
 <way id="1459660490" visible="true" version="1" changeset="176113554" timestamp="2025-12-18T21:11:39Z" user="ICT_maps" uid="18862646">
  <nd ref="13387425142"/>
  <nd ref="13387425143"/>
  <tag k="highway" v="service"/>
  <tag k="service" v="driveway"/>
 </way>
 <way id="1459660491" visible="true" version="1" changeset="176113554" timestamp="2025-12-18T21:11:39Z" user="ICT_maps" uid="18862646">
  <nd ref="13387425144"/>
  <nd ref="13387425145"/>
  <tag k="highway" v="service"/>
  <tag k="service" v="driveway"/>
 </way>
 <way id="1459660492" visible="true" version="1" changeset="176113554" timestamp="2025-12-18T21:11:39Z" user="ICT_maps" uid="18862646">
  <nd ref="13387425146"/>
  <nd ref="13387425161"/>
  <nd ref="13387425147"/>
  <tag k="highway" v="service"/>
  <tag k="service" v="driveway"/>
 </way>
 <way id="1459660493" visible="true" version="1" changeset="176113554" timestamp="2025-12-18T21:11:39Z" user="ICT_maps" uid="18862646">
  <nd ref="13387425148"/>
  <nd ref="13387425160"/>
  <nd ref="13387425149"/>
  <tag k="highway" v="service"/>
  <tag k="service" v="driveway"/>
 </way>
 <way id="1459660494" visible="true" version="1" changeset="176113554" timestamp="2025-12-18T21:11:39Z" user="ICT_maps" uid="18862646">
  <nd ref="13387425150"/>
  <nd ref="13387425151"/>
  <tag k="highway" v="service"/>
  <tag k="service" v="driveway"/>
 </way>
 <way id="1459660495" visible="true" version="1" changeset="176113554" timestamp="2025-12-18T21:11:39Z" user="ICT_maps" uid="18862646">
  <nd ref="13387425152"/>
  <nd ref="13387425159"/>
  <nd ref="13387425164"/>
  <nd ref="13387425153"/>
  <tag k="highway" v="service"/>
  <tag k="service" v="driveway"/>
 </way>
 <way id="1459660496" visible="true" version="1" changeset="176113554" timestamp="2025-12-18T21:11:39Z" user="ICT_maps" uid="18862646">
  <nd ref="7877204706"/>
  <nd ref="13387425154"/>
  <tag k="highway" v="service"/>
  <tag k="service" v="driveway"/>
 </way>
 <way id="1459660497" visible="true" version="1" changeset="176113554" timestamp="2025-12-18T21:11:39Z" user="ICT_maps" uid="18862646">
  <nd ref="2460574110"/>
  <nd ref="13387425155"/>
  <tag k="highway" v="service"/>
  <tag k="service" v="driveway"/>
 </way>
 <way id="1459660498" visible="true" version="1" changeset="176113554" timestamp="2025-12-18T21:11:39Z" user="ICT_maps" uid="18862646">
  <nd ref="13387425156"/>
  <nd ref="13387425158"/>
  <nd ref="13387425157"/>
  <tag k="highway" v="service"/>
  <tag k="service" v="driveway"/>
 </way>
 <relation id="129814" visible="true" version="36" changeset="179041057" timestamp="2026-02-25T14:57:07Z" user="ICT_maps" uid="18862646">
  <member type="node" ref="151817485" role="label"/>
  <member type="way" ref="34140688" role="outer"/>
  <member type="way" ref="34140689" role="outer"/>
  <member type="way" ref="34140171" role="outer"/>
  <member type="way" ref="34140170" role="outer"/>
  <member type="way" ref="34140629" role="outer"/>
  <member type="way" ref="34140630" role="outer"/>
  <member type="way" ref="34140169" role="outer"/>
  <member type="way" ref="34140168" role="outer"/>
  <member type="way" ref="34140253" role="outer"/>
  <member type="way" ref="34148657" role="outer"/>
  <member type="way" ref="34148685" role="outer"/>
  <member type="way" ref="34148688" role="outer"/>
  <member type="way" ref="1209243391" role="outer"/>
  <member type="way" ref="1209243390" role="outer"/>
  <member type="way" ref="1384056715" role="outer"/>
  <member type="way" ref="34140607" role="outer"/>
  <member type="way" ref="1384056713" role="outer"/>
  <member type="way" ref="34140466" role="outer"/>
  <member type="way" ref="34140465" role="outer"/>
  <member type="way" ref="34140463" role="outer"/>
  <member type="way" ref="1055548193" role="outer"/>
  <member type="way" ref="34140462" role="outer"/>
  <member type="way" ref="34140460" role="outer"/>
  <member type="way" ref="1183908367" role="outer"/>
  <member type="way" ref="34140459" role="outer"/>
  <member type="way" ref="34140684" role="outer"/>
  <member type="way" ref="34140683" role="outer"/>
  <member type="way" ref="34140682" role="outer"/>
  <member type="way" ref="34140679" role="outer"/>
  <member type="way" ref="34140678" role="outer"/>
  <member type="way" ref="34140635" role="outer"/>
  <member type="way" ref="34140634" role="outer"/>
  <member type="way" ref="34140632" role="outer"/>
  <member type="way" ref="34140631" role="outer"/>
  <member type="way" ref="34140851" role="outer"/>
  <member type="way" ref="34140853" role="outer"/>
  <member type="way" ref="34140854" role="outer"/>
  <member type="way" ref="34140856" role="outer"/>
  <member type="way" ref="34140857" role="outer"/>
  <member type="way" ref="1160536907" role="outer"/>
  <member type="way" ref="1160536909" role="outer"/>
  <member type="way" ref="34140977" role="outer"/>
  <member type="way" ref="1208372489" role="outer"/>
  <member type="way" ref="1160536904" role="outer"/>
  <member type="way" ref="1160536905" role="outer"/>
  <member type="way" ref="1208372486" role="outer"/>
  <member type="way" ref="1209146477" role="outer"/>
  <member type="way" ref="1055549142" role="outer"/>
  <member type="way" ref="1208372476" role="outer"/>
  <member type="way" ref="34142661" role="outer"/>
  <member type="way" ref="1208372477" role="outer"/>
  <member type="way" ref="1208372478" role="outer"/>
  <member type="way" ref="34140327" role="outer"/>
  <member type="way" ref="1209146473" role="outer"/>
  <member type="way" ref="34140325" role="outer"/>
  <member type="way" ref="1209300178" role="outer"/>
  <member type="way" ref="1209146481" role="outer"/>
  <member type="way" ref="1385845071" role="outer"/>
  <member type="way" ref="34148702" role="outer"/>
  <member type="way" ref="1385845068" role="outer"/>
  <member type="way" ref="1209146484" role="outer"/>
  <member type="way" ref="1209146483" role="outer"/>
  <member type="way" ref="34148687" role="outer"/>
  <member type="way" ref="34140324" role="outer"/>
  <member type="way" ref="1482915053" role="outer"/>
  <member type="way" ref="1209146496" role="outer"/>
  <member type="way" ref="1209146494" role="outer"/>
  <member type="way" ref="1209146493" role="outer"/>
  <member type="way" ref="1209146492" role="outer"/>
  <member type="way" ref="1209146488" role="outer"/>
  <member type="way" ref="1209146489" role="outer"/>
  <member type="way" ref="1209146490" role="outer"/>
  <member type="way" ref="1209243399" role="outer"/>
  <member type="way" ref="34142662" role="outer"/>
  <member type="way" ref="1209146485" role="outer"/>
  <member type="way" ref="1385845070" role="inner"/>
  <member type="way" ref="1384056714" role="inner"/>
  <member type="way" ref="34148693" role="outer"/>
  <member type="way" ref="1055543355" role="outer"/>
  <member type="way" ref="34148694" role="outer"/>
  <member type="way" ref="34148700" role="outer"/>
  <member type="way" ref="34148701" role="outer"/>
  <member type="way" ref="34148704" role="outer"/>
  <member type="way" ref="34142658" role="outer"/>
  <member type="way" ref="34148705" role="outer"/>
  <member type="way" ref="34148707" role="outer"/>
  <member type="way" ref="34148586" role="inner"/>
  <member type="way" ref="34148593" role="inner"/>
  <member type="way" ref="34148594" role="inner"/>
  <member type="way" ref="34148595" role="inner"/>
  <member type="way" ref="749069604" role="inner"/>
  <member type="way" ref="34148620" role="inner"/>
  <member type="way" ref="34148625" role="inner"/>
  <member type="way" ref="34148626" role="inner"/>
  <member type="way" ref="34148628" role="inner"/>
  <member type="way" ref="34148631" role="inner"/>
  <member type="way" ref="34148634" role="inner"/>
  <member type="way" ref="34148635" role="inner"/>
  <member type="way" ref="34148636" role="inner"/>
  <member type="way" ref="34148637" role="inner"/>
  <member type="way" ref="34148649" role="inner"/>
  <member type="way" ref="34148651" role="inner"/>
  <member type="way" ref="34148652" role="inner"/>
  <member type="way" ref="34148653" role="inner"/>
  <member type="way" ref="34148654" role="inner"/>
  <member type="way" ref="34148656" role="inner"/>
  <member type="way" ref="34148423" role="inner"/>
  <member type="way" ref="34148690" role="inner"/>
  <member type="way" ref="1160536906" role="inner"/>
  <member type="way" ref="1463688206" role="outer"/>
  <member type="way" ref="1463688211" role="outer"/>
  <member type="way" ref="1463688209" role="outer"/>
  <member type="way" ref="1160536903" role="outer"/>
  <member type="way" ref="1463688208" role="outer"/>
  <member type="way" ref="1463688207" role="outer"/>
  <member type="way" ref="1183751758" role="outer"/>
  <member type="way" ref="1208372487" role="inner"/>
  <member type="way" ref="1209243380" role="inner"/>
  <member type="way" ref="1209146478" role="outer"/>
  <member type="way" ref="1209146482" role="inner"/>
  <member type="way" ref="1209146487" role="outer"/>
  <member type="way" ref="1209146497" role="inner"/>
  <member type="way" ref="1209146498" role="inner"/>
  <member type="way" ref="1209243378" role="inner"/>
  <member type="way" ref="1209243379" role="inner"/>
  <member type="way" ref="1384056717" role="outer"/>
  <member type="way" ref="1463688210" role="outer"/>
  <member type="way" ref="1466629984" role="outer"/>
  <tag k="admin_level" v="7"/>
  <tag k="border_type" v="city"/>
  <tag k="boundary" v="administrative"/>
  <tag k="name" v="Wichita"/>
  <tag k="name:hi" v="विचीटा"/>
  <tag k="source" v="TIGER/Line® 2008 Place Shapefiles (http://www.census.gov/geo/www/tiger/)"/>
  <tag k="type" v="boundary"/>
  <tag k="wikidata" v="Q49266"/>
  <tag k="wikipedia" v="en:Wichita, Kansas"/>
 </relation>
</osm>
