<?xml version="1.0" encoding="UTF-8"?>
<osm version="0.6" generator="openstreetmap-cgimap 2.1.0 (83000 spike-06.openstreetmap.org)" copyright="OpenStreetMap and contributors" attribution="http://www.openstreetmap.org/copyright" license="http://opendatacommons.org/licenses/odbl/1-0/">
 <bounds minlat="27.0034700" minlon="55.6759600" maxlat="27.0221600" maxlon="55.7216700"/>
 <node id="1204090454" visible="true" version="1" changeset="7574318" timestamp="2011-03-16T10:50:41Z" user="Claudius Henrichs" uid="18069" lat="26.9493882" lon="55.7484799">
  <tag k="height" v="130"/>
  <tag k="power" v="tower"/>
 </node>
 <node id="1204090464" visible="true" version="2" changeset="10259039" timestamp="2012-01-01T02:40:14Z" user="HBR" uid="64805" lat="26.9872008" lon="55.7386367">
  <tag k="power" v="tower"/>
 </node>
 <node id="1204090488" visible="true" version="1" changeset="7574318" timestamp="2011-03-16T10:50:42Z" user="Claudius Henrichs" uid="18069" lat="26.9635221" lon="55.7463127">
  <tag k="height" v="130"/>
  <tag k="power" v="tower"/>
 </node>
 <node id="1204090499" visible="true" version="1" changeset="7574318" timestamp="2011-03-16T10:50:43Z" user="Claudius Henrichs" uid="18069" lat="26.9431039" lon="55.7494511">
  <tag k="power" v="tower"/>
 </node>
 <node id="1204090503" visible="true" version="1" changeset="7574318" timestamp="2011-03-16T10:50:43Z" user="Claudius Henrichs" uid="18069" lat="26.9726011" lon="55.7449182">
  <tag k="power" v="tower"/>
 </node>
 <node id="1204090513" visible="true" version="2" changeset="10259039" timestamp="2012-01-01T02:40:14Z" user="HBR" uid="64805" lat="26.9843041" lon="55.7410131">
  <tag k="power" v="tower"/>
 </node>
 <node id="1204090519" visible="true" version="1" changeset="7574318" timestamp="2011-03-16T10:50:43Z" user="Claudius Henrichs" uid="18069" lat="26.9763925" lon="55.7443388">
  <tag k="power" v="tower"/>
 </node>
 <node id="1204090523" visible="true" version="1" changeset="7574318" timestamp="2011-03-16T10:50:43Z" user="Claudius Henrichs" uid="18069" lat="26.9811012" lon="55.7436098">
  <tag k="power" v="tower"/>
 </node>
 <node id="1572275968" visible="true" version="1" changeset="10259039" timestamp="2012-01-01T02:39:18Z" user="HBR" uid="64805" lat="26.9901964" lon="55.7363245">
  <tag k="power" v="tower"/>
 </node>
 <node id="1572275977" visible="true" version="1" changeset="10259039" timestamp="2012-01-01T02:39:18Z" user="HBR" uid="64805" lat="26.9929345" lon="55.7340116">
  <tag k="power" v="tower"/>
 </node>
 <node id="1572275980" visible="true" version="1" changeset="10259039" timestamp="2012-01-01T02:39:18Z" user="HBR" uid="64805" lat="26.9957509" lon="55.7317040">
  <tag k="power" v="tower"/>
 </node>
 <node id="1572275982" visible="true" version="2" changeset="123158670" timestamp="2022-07-03T17:06:02Z" user="Mostafa Ahangarha" uid="3800783" lat="26.9981185" lon="55.7084566"/>
 <node id="1572275983" visible="true" version="3" changeset="123158670" timestamp="2022-07-03T17:06:02Z" user="Mostafa Ahangarha" uid="3800783" lat="26.9979799" lon="55.7120937"/>
 <node id="1572275985" visible="true" version="1" changeset="10259039" timestamp="2012-01-01T02:39:18Z" user="HBR" uid="64805" lat="26.9983918" lon="55.7295521">
  <tag k="power" v="tower"/>
 </node>
 <node id="1572275986" visible="true" version="2" changeset="123158670" timestamp="2022-07-03T17:06:02Z" user="Mostafa Ahangarha" uid="3800783" lat="26.9987733" lon="55.7061607"/>
 <node id="1572275997" visible="true" version="3" changeset="123158670" timestamp="2022-07-03T17:06:02Z" user="Mostafa Ahangarha" uid="3800783" lat="26.9985296" lon="55.7123351"/>
 <node id="1572275999" visible="true" version="3" changeset="123158670" timestamp="2022-07-03T17:06:02Z" user="Mostafa Ahangarha" uid="3800783" lat="27.0003889" lon="55.7062304"/>
 <node id="1572276001" visible="true" version="3" changeset="123158670" timestamp="2022-07-03T17:06:02Z" user="Mostafa Ahangarha" uid="3800783" lat="27.0025684" lon="55.7120186"/>
 <node id="1572276002" visible="true" version="2" changeset="28108413" timestamp="2015-01-13T11:47:30Z" user="kongo" uid="537296" lat="27.0024004" lon="55.7279989"/>
 <node id="1572276004" visible="true" version="2" changeset="123158925" timestamp="2022-07-03T17:13:54Z" user="Mostafa Ahangarha" uid="3800783" lat="27.0027121" lon="55.7087234"/>
 <node id="1572276010" visible="true" version="1" changeset="10259039" timestamp="2012-01-01T02:39:19Z" user="HBR" uid="64805" lat="27.0034235" lon="55.7275962"/>
 <node id="1572276015" visible="true" version="1" changeset="10259039" timestamp="2012-01-01T02:39:19Z" user="HBR" uid="64805" lat="27.0034932" lon="55.7084795"/>
 <node id="1572276021" visible="true" version="1" changeset="10259039" timestamp="2012-01-01T02:39:19Z" user="HBR" uid="64805" lat="27.0048050" lon="55.7081470"/>
 <node id="1572276022" visible="true" version="1" changeset="10259039" timestamp="2012-01-01T02:39:19Z" user="HBR" uid="64805" lat="27.0050765" lon="55.7267502"/>
 <node id="1572276026" visible="true" version="1" changeset="10259039" timestamp="2012-01-01T02:39:20Z" user="HBR" uid="64805" lat="27.0059793" lon="55.7078501"/>
 <node id="1572276027" visible="true" version="2" changeset="107750708" timestamp="2021-07-10T14:40:11Z" user="Sal73x" uid="1293386" lat="27.0069960" lon="55.7255797"/>
 <node id="1572276032" visible="true" version="1" changeset="10259039" timestamp="2012-01-01T02:39:20Z" user="HBR" uid="64805" lat="27.0078307" lon="55.7070902"/>
 <node id="1572276038" visible="true" version="1" changeset="10259039" timestamp="2012-01-01T02:39:20Z" user="HBR" uid="64805" lat="27.0094862" lon="55.7170333"/>
 <node id="1572276041" visible="true" version="1" changeset="10259039" timestamp="2012-01-01T02:39:21Z" user="HBR" uid="64805" lat="27.0098768" lon="55.7234700"/>
 <node id="1572276047" visible="true" version="1" changeset="10259039" timestamp="2012-01-01T02:39:21Z" user="HBR" uid="64805" lat="27.0106870" lon="55.7059147"/>
 <node id="1572276048" visible="true" version="1" changeset="10259039" timestamp="2012-01-01T02:39:21Z" user="HBR" uid="64805" lat="27.0109442" lon="55.7199627"/>
 <node id="1572276053" visible="true" version="1" changeset="10259039" timestamp="2012-01-01T02:39:21Z" user="HBR" uid="64805" lat="27.0115016" lon="55.7055347"/>
 <node id="1572276054" visible="true" version="2" changeset="12706078" timestamp="2012-08-12T19:46:15Z" user="bauma" uid="239172" lat="27.0117334" lon="55.7054260"/>
 <node id="1572276055" visible="true" version="1" changeset="10259039" timestamp="2012-01-01T02:39:21Z" user="HBR" uid="64805" lat="27.0117119" lon="55.7156377"/>
 <node id="1572276063" visible="true" version="1" changeset="10259039" timestamp="2012-01-01T02:39:22Z" user="HBR" uid="64805" lat="27.0131699" lon="55.7185670"/>
 <node id="1572276066" visible="true" version="1" changeset="10259039" timestamp="2012-01-01T02:39:22Z" user="HBR" uid="64805" lat="27.0137645" lon="55.7206499"/>
 <node id="1572276072" visible="true" version="2" changeset="127738827" timestamp="2022-10-18T17:05:27Z" user="Afnui12" uid="10074686" lat="27.0172710" lon="55.7180861"/>
 <node id="1572276073" visible="true" version="2" changeset="12706078" timestamp="2012-08-12T19:46:15Z" user="bauma" uid="239172" lat="27.0177514" lon="55.7176527"/>
 <node id="1572276083" visible="true" version="2" changeset="12706078" timestamp="2012-08-12T19:46:16Z" user="bauma" uid="239172" lat="27.0246263" lon="55.7267224"/>
 <node id="1863493560" visible="true" version="1" changeset="12706078" timestamp="2012-08-12T19:45:45Z" user="bauma" uid="239172" lat="26.9934795" lon="55.6570341"/>
 <node id="1863493561" visible="true" version="1" changeset="12706078" timestamp="2012-08-12T19:45:45Z" user="bauma" uid="239172" lat="26.9938482" lon="55.6580692"/>
 <node id="1863493562" visible="true" version="1" changeset="12706078" timestamp="2012-08-12T19:45:45Z" user="bauma" uid="239172" lat="26.9941896" lon="55.6591095"/>
 <node id="1863493563" visible="true" version="1" changeset="12706078" timestamp="2012-08-12T19:45:45Z" user="bauma" uid="239172" lat="26.9945529" lon="55.6601112"/>
 <node id="1863493564" visible="true" version="3" changeset="123131738" timestamp="2022-07-02T19:55:14Z" user="Mostafa Ahangarha" uid="3800783" lat="26.9951896" lon="55.6619520"/>
 <node id="1863493565" visible="true" version="1" changeset="12706078" timestamp="2012-08-12T19:45:45Z" user="bauma" uid="239172" lat="26.9956021" lon="55.6631831"/>
 <node id="1863493566" visible="true" version="1" changeset="12706078" timestamp="2012-08-12T19:45:45Z" user="bauma" uid="239172" lat="26.9957528" lon="55.6636024"/>
 <node id="1863493567" visible="true" version="1" changeset="12706078" timestamp="2012-08-12T19:45:45Z" user="bauma" uid="239172" lat="26.9959568" lon="55.6640111"/>
 <node id="1863493568" visible="true" version="1" changeset="12706078" timestamp="2012-08-12T19:45:45Z" user="bauma" uid="239172" lat="26.9961797" lon="55.6644128"/>
 <node id="1863493569" visible="true" version="1" changeset="12706078" timestamp="2012-08-12T19:45:45Z" user="bauma" uid="239172" lat="26.9965471" lon="55.6649942"/>
 <node id="1863493570" visible="true" version="1" changeset="12706078" timestamp="2012-08-12T19:45:45Z" user="bauma" uid="239172" lat="26.9968642" lon="55.6654522"/>
 <node id="1863493571" visible="true" version="1" changeset="12706078" timestamp="2012-08-12T19:45:45Z" user="bauma" uid="239172" lat="26.9974984" lon="55.6663754"/>
 <node id="1863493572" visible="true" version="1" changeset="12706078" timestamp="2012-08-12T19:45:45Z" user="bauma" uid="239172" lat="26.9988076" lon="55.6682288"/>
 <node id="1863493573" visible="true" version="1" changeset="12706078" timestamp="2012-08-12T19:45:45Z" user="bauma" uid="239172" lat="26.9990901" lon="55.6686516"/>
 <node id="1863493574" visible="true" version="1" changeset="12706078" timestamp="2012-08-12T19:45:45Z" user="bauma" uid="239172" lat="26.9998687" lon="55.6697439"/>
 <node id="1863493575" visible="true" version="1" changeset="12706078" timestamp="2012-08-12T19:45:46Z" user="bauma" uid="239172" lat="27.0009701" lon="55.6713272"/>
 <node id="1863493576" visible="true" version="1" changeset="12706078" timestamp="2012-08-12T19:45:46Z" user="bauma" uid="239172" lat="27.0015452" lon="55.6721540"/>
 <node id="1863493577" visible="true" version="1" changeset="12706078" timestamp="2012-08-12T19:45:46Z" user="bauma" uid="239172" lat="27.0020192" lon="55.6728552"/>
 <node id="1863493578" visible="true" version="2" changeset="123131891" timestamp="2022-07-02T20:02:24Z" user="Mostafa Ahangarha" uid="3800783" lat="27.0030189" lon="55.6742638"/>
 <node id="1863493579" visible="true" version="1" changeset="12706078" timestamp="2012-08-12T19:45:46Z" user="bauma" uid="239172" lat="27.0046124" lon="55.6765584"/>
 <node id="1863493580" visible="true" version="1" changeset="12706078" timestamp="2012-08-12T19:45:46Z" user="bauma" uid="239172" lat="27.0054820" lon="55.6777881"/>
 <node id="1863493581" visible="true" version="1" changeset="12706078" timestamp="2012-08-12T19:45:46Z" user="bauma" uid="239172" lat="27.0057958" lon="55.6782398"/>
 <node id="1863493582" visible="true" version="1" changeset="12706078" timestamp="2012-08-12T19:45:46Z" user="bauma" uid="239172" lat="27.0073059" lon="55.6804131"/>
 <node id="1863493583" visible="true" version="1" changeset="12706078" timestamp="2012-08-12T19:45:46Z" user="bauma" uid="239172" lat="27.0082289" lon="55.6817309"/>
 <node id="1863493584" visible="true" version="1" changeset="12706078" timestamp="2012-08-12T19:45:46Z" user="bauma" uid="239172" lat="27.0086495" lon="55.6823793"/>
 <node id="1863493585" visible="true" version="1" changeset="12706078" timestamp="2012-08-12T19:45:46Z" user="bauma" uid="239172" lat="27.0089007" lon="55.6827810"/>
 <node id="1863493586" visible="true" version="1" changeset="12706078" timestamp="2012-08-12T19:45:46Z" user="bauma" uid="239172" lat="27.0091110" lon="55.6832073"/>
 <node id="1863493587" visible="true" version="1" changeset="12706078" timestamp="2012-08-12T19:45:46Z" user="bauma" uid="239172" lat="27.0093276" lon="55.6836795"/>
 <node id="1863493588" visible="true" version="1" changeset="12706078" timestamp="2012-08-12T19:45:46Z" user="bauma" uid="239172" lat="27.0095128" lon="55.6841164"/>
 <node id="1863493589" visible="true" version="1" changeset="12706078" timestamp="2012-08-12T19:45:46Z" user="bauma" uid="239172" lat="27.0097074" lon="55.6846414"/>
 <node id="1863493590" visible="true" version="1" changeset="12706078" timestamp="2012-08-12T19:45:46Z" user="bauma" uid="239172" lat="27.0098644" lon="55.6851206"/>
 <node id="1863493591" visible="true" version="1" changeset="12706078" timestamp="2012-08-12T19:45:46Z" user="bauma" uid="239172" lat="27.0100182" lon="55.6857125"/>
 <node id="1863493592" visible="true" version="1" changeset="12706078" timestamp="2012-08-12T19:45:46Z" user="bauma" uid="239172" lat="27.0101532" lon="55.6863679"/>
 <node id="1863493593" visible="true" version="1" changeset="12706078" timestamp="2012-08-12T19:45:46Z" user="bauma" uid="239172" lat="27.0102254" lon="55.6869528"/>
 <node id="1863493594" visible="true" version="1" changeset="12706078" timestamp="2012-08-12T19:45:46Z" user="bauma" uid="239172" lat="27.0102694" lon="55.6877245"/>
 <node id="1863493595" visible="true" version="1" changeset="12706078" timestamp="2012-08-12T19:45:46Z" user="bauma" uid="239172" lat="27.0103949" lon="55.6900747"/>
 <node id="1863493596" visible="true" version="1" changeset="12706078" timestamp="2012-08-12T19:45:46Z" user="bauma" uid="239172" lat="27.0108151" lon="55.7006490"/>
 <node id="1863493597" visible="true" version="1" changeset="12706078" timestamp="2012-08-12T19:45:46Z" user="bauma" uid="239172" lat="27.0108900" lon="55.7021064"/>
 <node id="1863493598" visible="true" version="1" changeset="12706078" timestamp="2012-08-12T19:45:46Z" user="bauma" uid="239172" lat="27.0109506" lon="55.7027430"/>
 <node id="1863493599" visible="true" version="1" changeset="12706078" timestamp="2012-08-12T19:45:46Z" user="bauma" uid="239172" lat="27.0110558" lon="55.7034096"/>
 <node id="1863493600" visible="true" version="1" changeset="12706078" timestamp="2012-08-12T19:45:46Z" user="bauma" uid="239172" lat="27.0112313" lon="55.7039920"/>
 <node id="1863493601" visible="true" version="1" changeset="12706078" timestamp="2012-08-12T19:45:46Z" user="bauma" uid="239172" lat="27.0113777" lon="55.7043947"/>
 <node id="1863493602" visible="true" version="1" changeset="12706078" timestamp="2012-08-12T19:45:46Z" user="bauma" uid="239172" lat="27.0125169" lon="55.7075288"/>
 <node id="1863493603" visible="true" version="1" changeset="12706078" timestamp="2012-08-12T19:45:46Z" user="bauma" uid="239172" lat="27.0138498" lon="55.7111950"/>
 <node id="1863493604" visible="true" version="1" changeset="12706078" timestamp="2012-08-12T19:45:46Z" user="bauma" uid="239172" lat="27.0145195" lon="55.7129680"/>
 <node id="1863493605" visible="true" version="1" changeset="12706078" timestamp="2012-08-12T19:45:46Z" user="bauma" uid="239172" lat="27.0147393" lon="55.7134615"/>
 <node id="1863493606" visible="true" version="1" changeset="12706078" timestamp="2012-08-12T19:45:46Z" user="bauma" uid="239172" lat="27.0150869" lon="55.7140926"/>
 <node id="1863493607" visible="true" version="1" changeset="12706078" timestamp="2012-08-12T19:45:46Z" user="bauma" uid="239172" lat="27.0155521" lon="55.7147582"/>
 <node id="1863493608" visible="true" version="1" changeset="12706078" timestamp="2012-08-12T19:45:47Z" user="bauma" uid="239172" lat="27.0162933" lon="55.7157337"/>
 <node id="1863493609" visible="true" version="1" changeset="12706078" timestamp="2012-08-12T19:45:47Z" user="bauma" uid="239172" lat="27.0185640" lon="55.7187221"/>
 <node id="1863493610" visible="true" version="1" changeset="12706078" timestamp="2012-08-12T19:45:47Z" user="bauma" uid="239172" lat="27.0193756" lon="55.7197903"/>
 <node id="1863493611" visible="true" version="1" changeset="12706078" timestamp="2012-08-12T19:45:47Z" user="bauma" uid="239172" lat="27.0208185" lon="55.7216867"/>
 <node id="1863493612" visible="true" version="1" changeset="12706078" timestamp="2012-08-12T19:45:47Z" user="bauma" uid="239172" lat="27.0216195" lon="55.7227395"/>
 <node id="1863493613" visible="true" version="1" changeset="12706078" timestamp="2012-08-12T19:45:47Z" user="bauma" uid="239172" lat="27.0224629" lon="55.7238642"/>
 <node id="1863493614" visible="true" version="1" changeset="12706078" timestamp="2012-08-12T19:45:47Z" user="bauma" uid="239172" lat="27.0233165" lon="55.7249773"/>
 <node id="1863493615" visible="true" version="1" changeset="12706078" timestamp="2012-08-12T19:45:47Z" user="bauma" uid="239172" lat="27.0249573" lon="55.7271634"/>
 <node id="1863493616" visible="true" version="1" changeset="12706078" timestamp="2012-08-12T19:45:47Z" user="bauma" uid="239172" lat="27.0258569" lon="55.7283454"/>
 <node id="1863493617" visible="true" version="1" changeset="12706078" timestamp="2012-08-12T19:45:47Z" user="bauma" uid="239172" lat="27.0279985" lon="55.7311570"/>
 <node id="1863493618" visible="true" version="1" changeset="12706078" timestamp="2012-08-12T19:45:47Z" user="bauma" uid="239172" lat="27.0292618" lon="55.7328183"/>
 <node id="1863493619" visible="true" version="1" changeset="12706078" timestamp="2012-08-12T19:45:47Z" user="bauma" uid="239172" lat="27.0308914" lon="55.7349611"/>
 <node id="1863493620" visible="true" version="1" changeset="12706078" timestamp="2012-08-12T19:45:47Z" user="bauma" uid="239172" lat="27.0341624" lon="55.7392645"/>
 <node id="1863493621" visible="true" version="1" changeset="12706078" timestamp="2012-08-12T19:45:47Z" user="bauma" uid="239172" lat="27.0359521" lon="55.7416389"/>
 <node id="1863493622" visible="true" version="1" changeset="12706078" timestamp="2012-08-12T19:45:47Z" user="bauma" uid="239172" lat="27.0380721" lon="55.7444515"/>
 <node id="1863493623" visible="true" version="1" changeset="12706078" timestamp="2012-08-12T19:45:47Z" user="bauma" uid="239172" lat="27.0385877" lon="55.7451328"/>
 <node id="1863493624" visible="true" version="1" changeset="12706078" timestamp="2012-08-12T19:45:47Z" user="bauma" uid="239172" lat="27.0397740" lon="55.7467007"/>
 <node id="1863493625" visible="true" version="1" changeset="12706078" timestamp="2012-08-12T19:45:47Z" user="bauma" uid="239172" lat="27.0399945" lon="55.7469685"/>
 <node id="1863493626" visible="true" version="1" changeset="12706078" timestamp="2012-08-12T19:45:47Z" user="bauma" uid="239172" lat="27.0402942" lon="55.7472446"/>
 <node id="1863493627" visible="true" version="1" changeset="12706078" timestamp="2012-08-12T19:45:47Z" user="bauma" uid="239172" lat="27.0406785" lon="55.7475380"/>
 <node id="1863493628" visible="true" version="1" changeset="12706078" timestamp="2012-08-12T19:45:47Z" user="bauma" uid="239172" lat="27.0410589" lon="55.7477882"/>
 <node id="1863493629" visible="true" version="1" changeset="12706078" timestamp="2012-08-12T19:45:48Z" user="bauma" uid="239172" lat="27.0414969" lon="55.7480211"/>
 <node id="1863493630" visible="true" version="1" changeset="12706078" timestamp="2012-08-12T19:45:48Z" user="bauma" uid="239172" lat="27.0418970" lon="55.7482089"/>
 <node id="1863493631" visible="true" version="1" changeset="12706078" timestamp="2012-08-12T19:45:48Z" user="bauma" uid="239172" lat="27.0424806" lon="55.7484828"/>
 <node id="1863493632" visible="true" version="1" changeset="12706078" timestamp="2012-08-12T19:45:48Z" user="bauma" uid="239172" lat="27.0429103" lon="55.7486760"/>
 <node id="1863493633" visible="true" version="1" changeset="12706078" timestamp="2012-08-12T19:45:48Z" user="bauma" uid="239172" lat="27.0437371" lon="55.7490479"/>
 <node id="1863493634" visible="true" version="1" changeset="12706078" timestamp="2012-08-12T19:45:48Z" user="bauma" uid="239172" lat="27.0453355" lon="55.7497727"/>
 <node id="1863493635" visible="true" version="1" changeset="12706078" timestamp="2012-08-12T19:45:48Z" user="bauma" uid="239172" lat="27.0466881" lon="55.7503724"/>
 <node id="1863493636" visible="true" version="1" changeset="12706078" timestamp="2012-08-12T19:45:48Z" user="bauma" uid="239172" lat="27.0471715" lon="55.7506164"/>
 <node id="1863493637" visible="true" version="1" changeset="12706078" timestamp="2012-08-12T19:45:48Z" user="bauma" uid="239172" lat="27.0474488" lon="55.7507563"/>
 <node id="1863493638" visible="true" version="1" changeset="12706078" timestamp="2012-08-12T19:45:48Z" user="bauma" uid="239172" lat="27.0478215" lon="55.7509850"/>
 <node id="1863493639" visible="true" version="1" changeset="12706078" timestamp="2012-08-12T19:45:48Z" user="bauma" uid="239172" lat="27.0481827" lon="55.7512352"/>
 <node id="1863493640" visible="true" version="1" changeset="12706078" timestamp="2012-08-12T19:45:48Z" user="bauma" uid="239172" lat="27.0486323" lon="55.7515760"/>
 <node id="1863493641" visible="true" version="1" changeset="12706078" timestamp="2012-08-12T19:45:48Z" user="bauma" uid="239172" lat="27.0491241" lon="55.7520290"/>
 <node id="1863493642" visible="true" version="1" changeset="12706078" timestamp="2012-08-12T19:45:48Z" user="bauma" uid="239172" lat="27.0499002" lon="55.7527926"/>
 <node id="1863493643" visible="true" version="1" changeset="12706078" timestamp="2012-08-12T19:45:48Z" user="bauma" uid="239172" lat="27.0514217" lon="55.7542465"/>
 <node id="1863493644" visible="true" version="1" changeset="12706078" timestamp="2012-08-12T19:45:48Z" user="bauma" uid="239172" lat="27.0518828" lon="55.7547167"/>
 <node id="1863493645" visible="true" version="1" changeset="12706078" timestamp="2012-08-12T19:45:48Z" user="bauma" uid="239172" lat="27.0521689" lon="55.7549722"/>
 <node id="1863493646" visible="true" version="1" changeset="12706078" timestamp="2012-08-12T19:45:48Z" user="bauma" uid="239172" lat="27.0524289" lon="55.7551798"/>
 <node id="1863493647" visible="true" version="1" changeset="12706078" timestamp="2012-08-12T19:45:48Z" user="bauma" uid="239172" lat="27.0527785" lon="55.7554264"/>
 <node id="1863493648" visible="true" version="1" changeset="12706078" timestamp="2012-08-12T19:45:48Z" user="bauma" uid="239172" lat="27.0531887" lon="55.7556664"/>
 <node id="1863493649" visible="true" version="1" changeset="12706078" timestamp="2012-08-12T19:45:48Z" user="bauma" uid="239172" lat="27.0536798" lon="55.7559097"/>
 <node id="1863493650" visible="true" version="1" changeset="12706078" timestamp="2012-08-12T19:45:48Z" user="bauma" uid="239172" lat="27.0548155" lon="55.7564444"/>
 <node id="1863493651" visible="true" version="2" changeset="123159090" timestamp="2022-07-03T17:20:02Z" user="Mostafa Ahangarha" uid="3800783" lat="27.0563669" lon="55.7571079"/>
 <node id="1863493652" visible="true" version="3" changeset="123159090" timestamp="2022-07-03T17:20:02Z" user="Mostafa Ahangarha" uid="3800783" lat="27.0568112" lon="55.7572514"/>
 <node id="1863493654" visible="true" version="2" changeset="75761124" timestamp="2019-10-16T08:11:42Z" user="ali dini" uid="5864298" lat="27.0576511" lon="55.7573618"/>
 <node id="1863493655" visible="true" version="3" changeset="123159090" timestamp="2022-07-03T17:20:02Z" user="Mostafa Ahangarha" uid="3800783" lat="27.0581175" lon="55.7573648"/>
 <node id="1863494456" visible="true" version="3" changeset="123159090" timestamp="2022-07-03T17:20:02Z" user="Mostafa Ahangarha" uid="3800783" lat="27.0577619" lon="55.7571977"/>
 <node id="1863494457" visible="true" version="1" changeset="12706078" timestamp="2012-08-12T19:46:02Z" user="bauma" uid="239172" lat="27.0573532" lon="55.7571767"/>
 <node id="1863494459" visible="true" version="3" changeset="123159090" timestamp="2022-07-03T17:20:02Z" user="Mostafa Ahangarha" uid="3800783" lat="27.0568124" lon="55.7570609"/>
 <node id="1863494460" visible="true" version="2" changeset="75761124" timestamp="2019-10-16T08:11:42Z" user="ali dini" uid="5864298" lat="27.0563615" lon="55.7569070"/>
 <node id="1863494461" visible="true" version="2" changeset="75761124" timestamp="2019-10-16T08:11:42Z" user="ali dini" uid="5864298" lat="27.0556976" lon="55.7566525"/>
 <node id="1863494462" visible="true" version="1" changeset="12706078" timestamp="2012-08-12T19:46:02Z" user="bauma" uid="239172" lat="27.0548682" lon="55.7562706"/>
 <node id="1863494463" visible="true" version="1" changeset="12706078" timestamp="2012-08-12T19:46:02Z" user="bauma" uid="239172" lat="27.0537158" lon="55.7557480"/>
 <node id="1863494464" visible="true" version="2" changeset="75761124" timestamp="2019-10-16T08:11:42Z" user="ali dini" uid="5864298" lat="27.0532292" lon="55.7554862"/>
 <node id="1863494465" visible="true" version="2" changeset="75761124" timestamp="2019-10-16T08:11:42Z" user="ali dini" uid="5864298" lat="27.0528422" lon="55.7552477"/>
 <node id="1863494466" visible="true" version="1" changeset="12706078" timestamp="2012-08-12T19:46:02Z" user="bauma" uid="239172" lat="27.0525322" lon="55.7550443"/>
 <node id="1863494467" visible="true" version="1" changeset="12706078" timestamp="2012-08-12T19:46:02Z" user="bauma" uid="239172" lat="27.0522625" lon="55.7548264"/>
 <node id="1863494468" visible="true" version="1" changeset="12706078" timestamp="2012-08-12T19:46:02Z" user="bauma" uid="239172" lat="27.0519792" lon="55.7545824"/>
 <node id="1863494469" visible="true" version="1" changeset="12706078" timestamp="2012-08-12T19:46:02Z" user="bauma" uid="239172" lat="27.0515115" lon="55.7541335"/>
 <node id="1863494470" visible="true" version="1" changeset="12706078" timestamp="2012-08-12T19:46:02Z" user="bauma" uid="239172" lat="27.0499786" lon="55.7526868"/>
 <node id="1863494471" visible="true" version="1" changeset="12706078" timestamp="2012-08-12T19:46:02Z" user="bauma" uid="239172" lat="27.0491908" lon="55.7519351"/>
 <node id="1863494472" visible="true" version="1" changeset="12706078" timestamp="2012-08-12T19:46:02Z" user="bauma" uid="239172" lat="27.0487095" lon="55.7514776"/>
 <node id="1863494473" visible="true" version="1" changeset="12706078" timestamp="2012-08-12T19:46:02Z" user="bauma" uid="239172" lat="27.0483137" lon="55.7510898"/>
 <node id="1863494474" visible="true" version="1" changeset="12706078" timestamp="2012-08-12T19:46:02Z" user="bauma" uid="239172" lat="27.0479586" lon="55.7507629"/>
 <node id="1863494475" visible="true" version="1" changeset="12706078" timestamp="2012-08-12T19:46:02Z" user="bauma" uid="239172" lat="27.0476131" lon="55.7504296"/>
 <node id="1863494476" visible="true" version="1" changeset="12706078" timestamp="2012-08-12T19:46:03Z" user="bauma" uid="239172" lat="27.0472173" lon="55.7501006"/>
 <node id="1863494477" visible="true" version="1" changeset="12706078" timestamp="2012-08-12T19:46:03Z" user="bauma" uid="239172" lat="27.0468389" lon="55.7498261"/>
 <node id="1863494478" visible="true" version="1" changeset="12706078" timestamp="2012-08-12T19:46:03Z" user="bauma" uid="239172" lat="27.0465672" lon="55.7496365"/>
 <node id="1863494479" visible="true" version="1" changeset="12706078" timestamp="2012-08-12T19:46:03Z" user="bauma" uid="239172" lat="27.0460122" lon="55.7493010"/>
 <node id="1863494480" visible="true" version="1" changeset="12706078" timestamp="2012-08-12T19:46:03Z" user="bauma" uid="239172" lat="27.0457708" lon="55.7491762"/>
 <node id="1863494481" visible="true" version="1" changeset="12706078" timestamp="2012-08-12T19:46:03Z" user="bauma" uid="239172" lat="27.0451351" lon="55.7488478"/>
 <node id="1863494482" visible="true" version="1" changeset="12706078" timestamp="2012-08-12T19:46:03Z" user="bauma" uid="239172" lat="27.0444152" lon="55.7484687"/>
 <node id="1863494483" visible="true" version="1" changeset="12706078" timestamp="2012-08-12T19:46:03Z" user="bauma" uid="239172" lat="27.0437418" lon="55.7481266"/>
 <node id="1863494484" visible="true" version="1" changeset="12706078" timestamp="2012-08-12T19:46:03Z" user="bauma" uid="239172" lat="27.0422670" lon="55.7473662"/>
 <node id="1863494485" visible="true" version="1" changeset="12706078" timestamp="2012-08-12T19:46:03Z" user="bauma" uid="239172" lat="27.0418265" lon="55.7471069"/>
 <node id="1863494486" visible="true" version="1" changeset="12706078" timestamp="2012-08-12T19:46:03Z" user="bauma" uid="239172" lat="27.0413704" lon="55.7467910"/>
 <node id="1863494487" visible="true" version="1" changeset="12706078" timestamp="2012-08-12T19:46:03Z" user="bauma" uid="239172" lat="27.0409105" lon="55.7464424"/>
 <node id="1863494488" visible="true" version="1" changeset="12706078" timestamp="2012-08-12T19:46:03Z" user="bauma" uid="239172" lat="27.0404079" lon="55.7460001"/>
 <node id="1863494489" visible="true" version="1" changeset="12706078" timestamp="2012-08-12T19:46:03Z" user="bauma" uid="239172" lat="27.0400062" lon="55.7456058"/>
 <node id="1863494490" visible="true" version="1" changeset="12706078" timestamp="2012-08-12T19:46:03Z" user="bauma" uid="239172" lat="27.0396180" lon="55.7451591"/>
 <node id="1863494491" visible="true" version="1" changeset="12706078" timestamp="2012-08-12T19:46:03Z" user="bauma" uid="239172" lat="27.0392008" lon="55.7446144"/>
 <node id="1863494492" visible="true" version="1" changeset="12706078" timestamp="2012-08-12T19:46:03Z" user="bauma" uid="239172" lat="27.0388107" lon="55.7440370"/>
 <node id="1863494493" visible="true" version="1" changeset="12706078" timestamp="2012-08-12T19:46:03Z" user="bauma" uid="239172" lat="27.0383877" lon="55.7433006"/>
 <node id="1863494494" visible="true" version="1" changeset="12706078" timestamp="2012-08-12T19:46:03Z" user="bauma" uid="239172" lat="27.0378365" lon="55.7423506"/>
 <node id="1863494495" visible="true" version="1" changeset="12706078" timestamp="2012-08-12T19:46:03Z" user="bauma" uid="239172" lat="27.0369050" lon="55.7407057"/>
 <node id="1863494496" visible="true" version="1" changeset="12706078" timestamp="2012-08-12T19:46:03Z" user="bauma" uid="239172" lat="27.0365382" lon="55.7400978"/>
 <node id="1863494497" visible="true" version="1" changeset="12706078" timestamp="2012-08-12T19:46:04Z" user="bauma" uid="239172" lat="27.0362238" lon="55.7396228"/>
 <node id="1863494498" visible="true" version="1" changeset="12706078" timestamp="2012-08-12T19:46:04Z" user="bauma" uid="239172" lat="27.0359289" lon="55.7392200"/>
 <node id="1863494499" visible="true" version="1" changeset="12706078" timestamp="2012-08-12T19:46:04Z" user="bauma" uid="239172" lat="27.0357134" lon="55.7389256"/>
 <node id="1863494500" visible="true" version="1" changeset="12706078" timestamp="2012-08-12T19:46:04Z" user="bauma" uid="239172" lat="27.0353272" lon="55.7384136"/>
 <node id="1863494501" visible="true" version="1" changeset="12706078" timestamp="2012-08-12T19:46:04Z" user="bauma" uid="239172" lat="27.0349934" lon="55.7379822"/>
 <node id="1863494502" visible="true" version="1" changeset="12706078" timestamp="2012-08-12T19:46:04Z" user="bauma" uid="239172" lat="27.0342501" lon="55.7370061"/>
 <node id="1863494503" visible="true" version="1" changeset="12706078" timestamp="2012-08-12T19:46:04Z" user="bauma" uid="239172" lat="27.0327829" lon="55.7350800"/>
 <node id="1863494504" visible="true" version="1" changeset="12706078" timestamp="2012-08-12T19:46:04Z" user="bauma" uid="239172" lat="27.0325171" lon="55.7347336"/>
 <node id="1863494505" visible="true" version="1" changeset="12706078" timestamp="2012-08-12T19:46:04Z" user="bauma" uid="239172" lat="27.0320357" lon="55.7341693"/>
 <node id="1863494506" visible="true" version="1" changeset="12706078" timestamp="2012-08-12T19:46:04Z" user="bauma" uid="239172" lat="27.0314787" lon="55.7335505"/>
 <node id="1863494507" visible="true" version="1" changeset="12706078" timestamp="2012-08-12T19:46:04Z" user="bauma" uid="239172" lat="27.0308402" lon="55.7329361"/>
 <node id="1863494508" visible="true" version="1" changeset="12706078" timestamp="2012-08-12T19:46:04Z" user="bauma" uid="239172" lat="27.0303085" lon="55.7324415"/>
 <node id="1863494509" visible="true" version="1" changeset="12706078" timestamp="2012-08-12T19:46:04Z" user="bauma" uid="239172" lat="27.0296893" lon="55.7318707"/>
 <node id="1863494510" visible="true" version="1" changeset="12706078" timestamp="2012-08-12T19:46:04Z" user="bauma" uid="239172" lat="27.0292585" lon="55.7314632"/>
 <node id="1863494511" visible="true" version="1" changeset="12706078" timestamp="2012-08-12T19:46:04Z" user="bauma" uid="239172" lat="27.0287131" lon="55.7309687"/>
 <node id="1863494512" visible="true" version="1" changeset="12706078" timestamp="2012-08-12T19:46:04Z" user="bauma" uid="239172" lat="27.0282221" lon="55.7304871"/>
 <node id="1863494513" visible="true" version="1" changeset="12706078" timestamp="2012-08-12T19:46:04Z" user="bauma" uid="239172" lat="27.0274031" lon="55.7297268"/>
 <node id="1863494514" visible="true" version="1" changeset="12706078" timestamp="2012-08-12T19:46:04Z" user="bauma" uid="239172" lat="27.0266209" lon="55.7289685"/>
 <node id="1863494515" visible="true" version="1" changeset="12706078" timestamp="2012-08-12T19:46:04Z" user="bauma" uid="239172" lat="27.0261939" lon="55.7285066"/>
 <node id="1863494516" visible="true" version="1" changeset="12706078" timestamp="2012-08-12T19:46:04Z" user="bauma" uid="239172" lat="27.0259494" lon="55.7282299"/>
 <node id="1863494517" visible="true" version="1" changeset="12706078" timestamp="2012-08-12T19:46:04Z" user="bauma" uid="239172" lat="27.0250585" lon="55.7270556"/>
 <node id="1863494518" visible="true" version="1" changeset="12706078" timestamp="2012-08-12T19:46:04Z" user="bauma" uid="239172" lat="27.0233913" lon="55.7248790"/>
 <node id="1863494519" visible="true" version="1" changeset="12706078" timestamp="2012-08-12T19:46:04Z" user="bauma" uid="239172" lat="27.0225411" lon="55.7237678"/>
 <node id="1863494520" visible="true" version="1" changeset="12706078" timestamp="2012-08-12T19:46:04Z" user="bauma" uid="239172" lat="27.0222092" lon="55.7233015"/>
 <node id="1863494521" visible="true" version="1" changeset="12706078" timestamp="2012-08-12T19:46:04Z" user="bauma" uid="239172" lat="27.0217725" lon="55.7226043"/>
 <node id="1863494522" visible="true" version="1" changeset="12706078" timestamp="2012-08-12T19:46:04Z" user="bauma" uid="239172" lat="27.0213378" lon="55.7218417"/>
 <node id="1863494523" visible="true" version="1" changeset="12706078" timestamp="2012-08-12T19:46:04Z" user="bauma" uid="239172" lat="27.0210195" lon="55.7211903"/>
 <node id="1863494524" visible="true" version="1" changeset="12706078" timestamp="2012-08-12T19:46:04Z" user="bauma" uid="239172" lat="27.0207836" lon="55.7206823"/>
 <node id="1863494525" visible="true" version="1" changeset="12706078" timestamp="2012-08-12T19:46:04Z" user="bauma" uid="239172" lat="27.0207089" lon="55.7205214"/>
 <node id="1863494526" visible="true" version="1" changeset="12706078" timestamp="2012-08-12T19:46:05Z" user="bauma" uid="239172" lat="27.0204158" lon="55.7198961"/>
 <node id="1863494527" visible="true" version="1" changeset="12706078" timestamp="2012-08-12T19:46:05Z" user="bauma" uid="239172" lat="27.0202237" lon="55.7195409"/>
 <node id="1863494528" visible="true" version="1" changeset="12706078" timestamp="2012-08-12T19:46:05Z" user="bauma" uid="239172" lat="27.0200102" lon="55.7191705"/>
 <node id="1863494529" visible="true" version="1" changeset="12706078" timestamp="2012-08-12T19:46:05Z" user="bauma" uid="239172" lat="27.0197598" lon="55.7187914"/>
 <node id="1863494530" visible="true" version="1" changeset="12706078" timestamp="2012-08-12T19:46:05Z" user="bauma" uid="239172" lat="27.0195307" lon="55.7184690"/>
 <node id="1863494531" visible="true" version="1" changeset="12706078" timestamp="2012-08-12T19:46:05Z" user="bauma" uid="239172" lat="27.0192823" lon="55.7181683"/>
 <node id="1863494532" visible="true" version="1" changeset="12706078" timestamp="2012-08-12T19:46:05Z" user="bauma" uid="239172" lat="27.0186359" lon="55.7174602"/>
 <node id="1863494533" visible="true" version="1" changeset="12706078" timestamp="2012-08-12T19:46:05Z" user="bauma" uid="239172" lat="27.0180059" lon="55.7168083"/>
 <node id="1863494534" visible="true" version="1" changeset="12706078" timestamp="2012-08-12T19:46:05Z" user="bauma" uid="239172" lat="27.0176693" lon="55.7164601"/>
 <node id="1863494535" visible="true" version="1" changeset="12706078" timestamp="2012-08-12T19:46:05Z" user="bauma" uid="239172" lat="27.0171588" lon="55.7159241"/>
 <node id="1863494536" visible="true" version="1" changeset="12706078" timestamp="2012-08-12T19:46:05Z" user="bauma" uid="239172" lat="27.0167862" lon="55.7155407"/>
 <node id="1863494537" visible="true" version="1" changeset="12706078" timestamp="2012-08-12T19:46:05Z" user="bauma" uid="239172" lat="27.0163611" lon="55.7150984"/>
 <node id="1863494538" visible="true" version="1" changeset="12706078" timestamp="2012-08-12T19:46:05Z" user="bauma" uid="239172" lat="27.0160292" lon="55.7147432"/>
 <node id="1863494539" visible="true" version="1" changeset="12706078" timestamp="2012-08-12T19:46:05Z" user="bauma" uid="239172" lat="27.0157244" lon="55.7143903"/>
 <node id="1863494540" visible="true" version="1" changeset="12706078" timestamp="2012-08-12T19:46:05Z" user="bauma" uid="239172" lat="27.0153556" lon="55.7139044"/>
 <node id="1863494541" visible="true" version="1" changeset="12706078" timestamp="2012-08-12T19:46:05Z" user="bauma" uid="239172" lat="27.0149888" lon="55.7133466"/>
 <node id="1863494542" visible="true" version="1" changeset="12706078" timestamp="2012-08-12T19:46:05Z" user="bauma" uid="239172" lat="27.0147422" lon="55.7129109"/>
 <node id="1863494543" visible="true" version="1" changeset="12706078" timestamp="2012-08-12T19:46:05Z" user="bauma" uid="239172" lat="27.0144918" lon="55.7124076"/>
 <node id="1863494544" visible="true" version="1" changeset="12706078" timestamp="2012-08-12T19:46:05Z" user="bauma" uid="239172" lat="27.0142395" lon="55.7118324"/>
 <node id="1863494545" visible="true" version="1" changeset="12706078" timestamp="2012-08-12T19:46:05Z" user="bauma" uid="239172" lat="27.0139639" lon="55.7110066"/>
 <node id="1863494546" visible="true" version="1" changeset="12706078" timestamp="2012-08-12T19:46:05Z" user="bauma" uid="239172" lat="27.0138144" lon="55.7102985"/>
 <node id="1863494547" visible="true" version="1" changeset="12706078" timestamp="2012-08-12T19:46:05Z" user="bauma" uid="239172" lat="27.0137309" lon="55.7097974"/>
 <node id="1863494548" visible="true" version="1" changeset="12706078" timestamp="2012-08-12T19:46:05Z" user="bauma" uid="239172" lat="27.0136494" lon="55.7091067"/>
 <node id="1863494549" visible="true" version="1" changeset="12706078" timestamp="2012-08-12T19:46:05Z" user="bauma" uid="239172" lat="27.0135912" lon="55.7085685"/>
 <node id="1863494550" visible="true" version="1" changeset="12706078" timestamp="2012-08-12T19:46:05Z" user="bauma" uid="239172" lat="27.0135330" lon="55.7080522"/>
 <node id="1863494551" visible="true" version="1" changeset="12706078" timestamp="2012-08-12T19:46:05Z" user="bauma" uid="239172" lat="27.0134534" lon="55.7073550"/>
 <node id="1863494552" visible="true" version="1" changeset="12706078" timestamp="2012-08-12T19:46:05Z" user="bauma" uid="239172" lat="27.0133835" lon="55.7068212"/>
 <node id="1863494553" visible="true" version="1" changeset="12706078" timestamp="2012-08-12T19:46:05Z" user="bauma" uid="239172" lat="27.0133175" lon="55.7064660"/>
 <node id="1863494554" visible="true" version="1" changeset="12706078" timestamp="2012-08-12T19:46:06Z" user="bauma" uid="239172" lat="27.0132069" lon="55.7059845"/>
 <node id="1863494555" visible="true" version="1" changeset="12706078" timestamp="2012-08-12T19:46:06Z" user="bauma" uid="239172" lat="27.0129254" lon="55.7048080"/>
 <node id="1863494556" visible="true" version="1" changeset="12706078" timestamp="2012-08-12T19:46:06Z" user="bauma" uid="239172" lat="27.0127507" lon="55.7040759"/>
 <node id="1863494557" visible="true" version="1" changeset="12706078" timestamp="2012-08-12T19:46:06Z" user="bauma" uid="239172" lat="27.0125973" lon="55.7035050"/>
 <node id="1863494558" visible="true" version="1" changeset="12706078" timestamp="2012-08-12T19:46:06Z" user="bauma" uid="239172" lat="27.0124653" lon="55.7029534"/>
 <node id="1863494559" visible="true" version="1" changeset="12706078" timestamp="2012-08-12T19:46:06Z" user="bauma" uid="239172" lat="27.0123392" lon="55.7024265"/>
 <node id="1863494560" visible="true" version="1" changeset="12706078" timestamp="2012-08-12T19:46:06Z" user="bauma" uid="239172" lat="27.0121703" lon="55.7017947"/>
 <node id="1863494561" visible="true" version="1" changeset="12706078" timestamp="2012-08-12T19:46:06Z" user="bauma" uid="239172" lat="27.0120985" lon="55.7013873"/>
 <node id="1863494562" visible="true" version="1" changeset="12706078" timestamp="2012-08-12T19:46:06Z" user="bauma" uid="239172" lat="27.0120403" lon="55.7008774"/>
 <node id="1863494563" visible="true" version="1" changeset="12706078" timestamp="2012-08-12T19:46:06Z" user="bauma" uid="239172" lat="27.0120131" lon="55.7004482"/>
 <node id="1863494564" visible="true" version="1" changeset="12706078" timestamp="2012-08-12T19:46:06Z" user="bauma" uid="239172" lat="27.0119956" lon="55.7000037"/>
 <node id="1863494565" visible="true" version="1" changeset="12706078" timestamp="2012-08-12T19:46:06Z" user="bauma" uid="239172" lat="27.0120111" lon="55.6994198"/>
 <node id="1863494566" visible="true" version="1" changeset="12706078" timestamp="2012-08-12T19:46:06Z" user="bauma" uid="239172" lat="27.0120480" lon="55.6989666"/>
 <node id="1863494567" visible="true" version="1" changeset="12706078" timestamp="2012-08-12T19:46:06Z" user="bauma" uid="239172" lat="27.0121082" lon="55.6985047"/>
 <node id="1863494568" visible="true" version="1" changeset="12706078" timestamp="2012-08-12T19:46:06Z" user="bauma" uid="239172" lat="27.0122111" lon="55.6980276"/>
 <node id="1863494569" visible="true" version="1" changeset="12706078" timestamp="2012-08-12T19:46:06Z" user="bauma" uid="239172" lat="27.0123683" lon="55.6973935"/>
 <node id="1863494570" visible="true" version="1" changeset="12706078" timestamp="2012-08-12T19:46:06Z" user="bauma" uid="239172" lat="27.0126401" lon="55.6964872"/>
 <node id="1863494571" visible="true" version="1" changeset="12706078" timestamp="2012-08-12T19:46:06Z" user="bauma" uid="239172" lat="27.0131040" lon="55.6950361"/>
 <node id="1863494572" visible="true" version="1" changeset="12706078" timestamp="2012-08-12T19:46:06Z" user="bauma" uid="239172" lat="27.0133660" lon="55.6941777"/>
 <node id="1863494573" visible="true" version="1" changeset="12706078" timestamp="2012-08-12T19:46:06Z" user="bauma" uid="239172" lat="27.0134534" lon="55.6938792"/>
 <node id="1863494574" visible="true" version="1" changeset="12706078" timestamp="2012-08-12T19:46:07Z" user="bauma" uid="239172" lat="27.0135330" lon="55.6934804"/>
 <node id="1863494575" visible="true" version="1" changeset="12706078" timestamp="2012-08-12T19:46:07Z" user="bauma" uid="239172" lat="27.0135698" lon="55.6931362"/>
 <node id="1863494576" visible="true" version="1" changeset="12706078" timestamp="2012-08-12T19:46:07Z" user="bauma" uid="239172" lat="27.0135757" lon="55.6926416"/>
 <node id="1863494577" visible="true" version="1" changeset="12706078" timestamp="2012-08-12T19:46:07Z" user="bauma" uid="239172" lat="27.0135465" lon="55.6922385"/>
 <node id="1863494578" visible="true" version="1" changeset="12706078" timestamp="2012-08-12T19:46:07Z" user="bauma" uid="239172" lat="27.0134883" lon="55.6918573"/>
 <node id="1863494579" visible="true" version="1" changeset="12706078" timestamp="2012-08-12T19:46:07Z" user="bauma" uid="239172" lat="27.0134107" lon="55.6914520"/>
 <node id="1863494580" visible="true" version="1" changeset="12706078" timestamp="2012-08-12T19:46:07Z" user="bauma" uid="239172" lat="27.0132923" lon="55.6909356"/>
 <node id="1863494581" visible="true" version="1" changeset="12706078" timestamp="2012-08-12T19:46:07Z" user="bauma" uid="239172" lat="27.0130671" lon="55.6897308"/>
 <node id="1863494582" visible="true" version="1" changeset="12706078" timestamp="2012-08-12T19:46:07Z" user="bauma" uid="239172" lat="27.0129603" lon="55.6892122"/>
 <node id="1863494583" visible="true" version="1" changeset="12706078" timestamp="2012-08-12T19:46:07Z" user="bauma" uid="239172" lat="27.0128613" lon="55.6888767"/>
 <node id="1863494584" visible="true" version="1" changeset="12706078" timestamp="2012-08-12T19:46:07Z" user="bauma" uid="239172" lat="27.0127565" lon="55.6885520"/>
 <node id="1863494585" visible="true" version="1" changeset="12706078" timestamp="2012-08-12T19:46:07Z" user="bauma" uid="239172" lat="27.0125857" lon="55.6881424"/>
 <node id="1863494586" visible="true" version="1" changeset="12706078" timestamp="2012-08-12T19:46:07Z" user="bauma" uid="239172" lat="27.0124362" lon="55.6878526"/>
 <node id="1863494587" visible="true" version="1" changeset="12706078" timestamp="2012-08-12T19:46:07Z" user="bauma" uid="239172" lat="27.0120810" lon="55.6872753"/>
 <node id="1863494588" visible="true" version="1" changeset="12706078" timestamp="2012-08-12T19:46:07Z" user="bauma" uid="239172" lat="27.0114463" lon="55.6863340"/>
 <node id="1863494589" visible="true" version="1" changeset="12706078" timestamp="2012-08-12T19:46:07Z" user="bauma" uid="239172" lat="27.0103864" lon="55.6848546"/>
 <node id="1863494590" visible="true" version="1" changeset="12706078" timestamp="2012-08-12T19:46:07Z" user="bauma" uid="239172" lat="27.0099749" lon="55.6842424"/>
 <node id="1863494591" visible="true" version="1" changeset="12706078" timestamp="2012-08-12T19:46:07Z" user="bauma" uid="239172" lat="27.0097128" lon="55.6838284"/>
 <node id="1863494592" visible="true" version="1" changeset="12706078" timestamp="2012-08-12T19:46:07Z" user="bauma" uid="239172" lat="27.0095692" lon="55.6835495"/>
 <node id="1863494593" visible="true" version="1" changeset="12706078" timestamp="2012-08-12T19:46:07Z" user="bauma" uid="239172" lat="27.0093324" lon="55.6830985"/>
 <node id="1863494594" visible="true" version="1" changeset="12706078" timestamp="2012-08-12T19:46:07Z" user="bauma" uid="239172" lat="27.0091150" lon="55.6826606"/>
 <node id="1863494595" visible="true" version="1" changeset="12706078" timestamp="2012-08-12T19:46:07Z" user="bauma" uid="239172" lat="27.0089014" lon="55.6822314"/>
 <node id="1863494596" visible="true" version="1" changeset="12706078" timestamp="2012-08-12T19:46:07Z" user="bauma" uid="239172" lat="27.0087423" lon="55.6818697"/>
 <node id="1863494597" visible="true" version="1" changeset="12706078" timestamp="2012-08-12T19:46:07Z" user="bauma" uid="239172" lat="27.0085889" lon="55.6814688"/>
 <node id="1863494598" visible="true" version="1" changeset="12706078" timestamp="2012-08-12T19:46:07Z" user="bauma" uid="239172" lat="27.0082162" lon="55.6804840"/>
 <node id="1863494599" visible="true" version="1" changeset="12706078" timestamp="2012-08-12T19:46:07Z" user="bauma" uid="239172" lat="27.0080085" lon="55.6799545"/>
 <node id="1863494600" visible="true" version="1" changeset="12706078" timestamp="2012-08-12T19:46:07Z" user="bauma" uid="239172" lat="27.0078396" lon="55.6795885"/>
 <node id="1863494601" visible="true" version="1" changeset="12706078" timestamp="2012-08-12T19:46:07Z" user="bauma" uid="239172" lat="27.0077154" lon="55.6793358"/>
 <node id="1863494602" visible="true" version="1" changeset="12706078" timestamp="2012-08-12T19:46:07Z" user="bauma" uid="239172" lat="27.0075387" lon="55.6790198"/>
 <node id="1863494603" visible="true" version="1" changeset="12706078" timestamp="2012-08-12T19:46:08Z" user="bauma" uid="239172" lat="27.0073291" lon="55.6786908"/>
 <node id="1863494604" visible="true" version="1" changeset="12706078" timestamp="2012-08-12T19:46:08Z" user="bauma" uid="239172" lat="27.0069855" lon="55.6781788"/>
 <node id="1863494605" visible="true" version="1" changeset="12706078" timestamp="2012-08-12T19:46:08Z" user="bauma" uid="239172" lat="27.0059175" lon="55.6765966"/>
 <node id="1863494606" visible="true" version="1" changeset="12706078" timestamp="2012-08-12T19:46:08Z" user="bauma" uid="239172" lat="27.0056868" lon="55.6762550"/>
 <node id="1863494607" visible="true" version="1" changeset="12706078" timestamp="2012-08-12T19:46:08Z" user="bauma" uid="239172" lat="27.0051666" lon="55.6755098"/>
 <node id="1863494608" visible="true" version="1" changeset="12706078" timestamp="2012-08-12T19:46:08Z" user="bauma" uid="239172" lat="27.0044561" lon="55.6745054"/>
 <node id="1863494609" visible="true" version="1" changeset="12706078" timestamp="2012-08-12T19:46:08Z" user="bauma" uid="239172" lat="27.0036874" lon="55.6733833"/>
 <node id="1863494610" visible="true" version="1" changeset="12706078" timestamp="2012-08-12T19:46:08Z" user="bauma" uid="239172" lat="27.0029206" lon="55.6722830"/>
 <node id="1863494611" visible="true" version="1" changeset="12706078" timestamp="2012-08-12T19:46:08Z" user="bauma" uid="239172" lat="27.0025731" lon="55.6717645"/>
 <node id="1863494612" visible="true" version="1" changeset="12706078" timestamp="2012-08-12T19:46:08Z" user="bauma" uid="239172" lat="27.0021576" lon="55.6711631"/>
 <node id="1863494613" visible="true" version="1" changeset="12706078" timestamp="2012-08-12T19:46:08Z" user="bauma" uid="239172" lat="27.0016413" lon="55.6704071"/>
 <node id="1863494614" visible="true" version="1" changeset="12706078" timestamp="2012-08-12T19:46:08Z" user="bauma" uid="239172" lat="27.0006667" lon="55.6689974"/>
 <node id="1863494615" visible="true" version="1" changeset="12706078" timestamp="2012-08-12T19:46:08Z" user="bauma" uid="239172" lat="27.0000513" lon="55.6680976"/>
 <node id="1863494616" visible="true" version="1" changeset="12706078" timestamp="2012-08-12T19:46:08Z" user="bauma" uid="239172" lat="26.9991040" lon="55.6667424"/>
 <node id="1863494617" visible="true" version="1" changeset="12706078" timestamp="2012-08-12T19:46:08Z" user="bauma" uid="239172" lat="26.9979444" lon="55.6650226"/>
 <node id="1863494618" visible="true" version="1" changeset="12706078" timestamp="2012-08-12T19:46:08Z" user="bauma" uid="239172" lat="26.9974344" lon="55.6642179"/>
 <node id="1863494619" visible="true" version="1" changeset="12706078" timestamp="2012-08-12T19:46:08Z" user="bauma" uid="239172" lat="26.9970720" lon="55.6636078"/>
 <node id="1863494620" visible="true" version="1" changeset="12706078" timestamp="2012-08-12T19:46:08Z" user="bauma" uid="239172" lat="26.9967640" lon="55.6630065"/>
 <node id="1863494621" visible="true" version="1" changeset="12706078" timestamp="2012-08-12T19:46:08Z" user="bauma" uid="239172" lat="26.9965129" lon="55.6624255"/>
 <node id="1863494622" visible="true" version="1" changeset="12706078" timestamp="2012-08-12T19:46:08Z" user="bauma" uid="239172" lat="26.9962230" lon="55.6617166"/>
 <node id="1863494623" visible="true" version="1" changeset="12706078" timestamp="2012-08-12T19:46:08Z" user="bauma" uid="239172" lat="26.9959952" lon="55.6610659"/>
 <node id="1863494624" visible="true" version="1" changeset="12706078" timestamp="2012-08-12T19:46:08Z" user="bauma" uid="239172" lat="26.9955138" lon="55.6596453"/>
 <node id="1863494680" visible="true" version="1" changeset="12706078" timestamp="2012-08-12T19:46:13Z" user="bauma" uid="239172" lat="27.0064663" lon="55.6790653"/>
 <node id="1863494681" visible="true" version="1" changeset="12706078" timestamp="2012-08-12T19:46:13Z" user="bauma" uid="239172" lat="27.0065662" lon="55.6791523"/>
 <node id="1863494682" visible="true" version="1" changeset="12706078" timestamp="2012-08-12T19:46:13Z" user="bauma" uid="239172" lat="27.0066471" lon="55.6791870"/>
 <node id="1863494683" visible="true" version="1" changeset="12706078" timestamp="2012-08-12T19:46:13Z" user="bauma" uid="239172" lat="27.0067350" lon="55.6792083"/>
 <node id="1863494684" visible="true" version="1" changeset="12706078" timestamp="2012-08-12T19:46:13Z" user="bauma" uid="239172" lat="27.0068434" lon="55.6792160"/>
 <node id="1863494685" visible="true" version="1" changeset="12706078" timestamp="2012-08-12T19:46:13Z" user="bauma" uid="239172" lat="27.0069519" lon="55.6791774"/>
 <node id="1863494686" visible="true" version="1" changeset="12706078" timestamp="2012-08-12T19:46:13Z" user="bauma" uid="239172" lat="27.0070449" lon="55.6791020"/>
 <node id="1863494687" visible="true" version="1" changeset="12706078" timestamp="2012-08-12T19:46:13Z" user="bauma" uid="239172" lat="27.0070983" lon="55.6790131"/>
 <node id="1863494688" visible="true" version="1" changeset="12706078" timestamp="2012-08-12T19:46:13Z" user="bauma" uid="239172" lat="27.0071465" lon="55.6788875"/>
 <node id="1863494689" visible="true" version="1" changeset="12706078" timestamp="2012-08-12T19:46:13Z" user="bauma" uid="239172" lat="27.0071603" lon="55.6787580"/>
 <node id="1863494690" visible="true" version="1" changeset="12706078" timestamp="2012-08-12T19:46:13Z" user="bauma" uid="239172" lat="27.0071327" lon="55.6786169"/>
 <node id="1863494691" visible="true" version="1" changeset="12706078" timestamp="2012-08-12T19:46:14Z" user="bauma" uid="239172" lat="27.0070828" lon="55.6784835"/>
 <node id="1863494692" visible="true" version="1" changeset="12706078" timestamp="2012-08-12T19:46:14Z" user="bauma" uid="239172" lat="27.0066821" lon="55.6778721"/>
 <node id="1863494693" visible="true" version="1" changeset="12706078" timestamp="2012-08-12T19:46:14Z" user="bauma" uid="239172" lat="27.0062941" lon="55.6772949"/>
 <node id="1863494694" visible="true" version="1" changeset="12706078" timestamp="2012-08-12T19:46:14Z" user="bauma" uid="239172" lat="27.0121781" lon="55.7022164"/>
 <node id="1863494695" visible="true" version="1" changeset="12706078" timestamp="2012-08-12T19:46:14Z" user="bauma" uid="239172" lat="27.0120732" lon="55.7020604"/>
 <node id="1863494696" visible="true" version="1" changeset="12706078" timestamp="2012-08-12T19:46:14Z" user="bauma" uid="239172" lat="27.0119421" lon="55.7019604"/>
 <node id="1863494697" visible="true" version="1" changeset="12706078" timestamp="2012-08-12T19:46:14Z" user="bauma" uid="239172" lat="27.0118058" lon="55.7019074"/>
 <node id="1863494698" visible="true" version="1" changeset="12706078" timestamp="2012-08-12T19:46:14Z" user="bauma" uid="239172" lat="27.0116484" lon="55.7019044"/>
 <node id="1863494699" visible="true" version="1" changeset="12706078" timestamp="2012-08-12T19:46:14Z" user="bauma" uid="239172" lat="27.0114833" lon="55.7019398"/>
 <node id="1863494700" visible="true" version="1" changeset="12706078" timestamp="2012-08-12T19:46:14Z" user="bauma" uid="239172" lat="27.0113391" lon="55.7020192"/>
 <node id="1863494701" visible="true" version="1" changeset="12706078" timestamp="2012-08-12T19:46:14Z" user="bauma" uid="239172" lat="27.0112158" lon="55.7021311"/>
 <node id="1863494702" visible="true" version="1" changeset="12706078" timestamp="2012-08-12T19:46:14Z" user="bauma" uid="239172" lat="27.0111241" lon="55.7022664"/>
 <node id="1863494703" visible="true" version="1" changeset="12706078" timestamp="2012-08-12T19:46:14Z" user="bauma" uid="239172" lat="27.0110638" lon="55.7024460"/>
 <node id="1863494704" visible="true" version="1" changeset="12706078" timestamp="2012-08-12T19:46:14Z" user="bauma" uid="239172" lat="27.0110559" lon="55.7026490"/>
 <node id="1863494705" visible="true" version="1" changeset="12706078" timestamp="2012-08-12T19:46:14Z" user="bauma" uid="239172" lat="27.0110874" lon="55.7030139"/>
 <node id="1863494706" visible="true" version="1" changeset="12706078" timestamp="2012-08-12T19:46:15Z" user="bauma" uid="239172" lat="27.0190694" lon="55.7192674"/>
 <node id="1863494707" visible="true" version="1" changeset="12706078" timestamp="2012-08-12T19:46:15Z" user="bauma" uid="239172" lat="27.0191545" lon="55.7193333"/>
 <node id="1863494708" visible="true" version="1" changeset="12706078" timestamp="2012-08-12T19:46:15Z" user="bauma" uid="239172" lat="27.0192254" lon="55.7193652"/>
 <node id="1863494709" visible="true" version="1" changeset="12706078" timestamp="2012-08-12T19:46:15Z" user="bauma" uid="239172" lat="27.0193247" lon="55.7193720"/>
 <node id="1863494710" visible="true" version="1" changeset="12706078" timestamp="2012-08-12T19:46:15Z" user="bauma" uid="239172" lat="27.0194219" lon="55.7193629"/>
 <node id="1863494711" visible="true" version="1" changeset="12706078" timestamp="2012-08-12T19:46:15Z" user="bauma" uid="239172" lat="27.0195172" lon="55.7193174"/>
 <node id="1863494712" visible="true" version="1" changeset="12706078" timestamp="2012-08-12T19:46:15Z" user="bauma" uid="239172" lat="27.0195962" lon="55.7192196"/>
 <node id="1863494713" visible="true" version="1" changeset="12706078" timestamp="2012-08-12T19:46:15Z" user="bauma" uid="239172" lat="27.0196347" lon="55.7191059"/>
 <node id="1863494714" visible="true" version="1" changeset="12706078" timestamp="2012-08-12T19:46:15Z" user="bauma" uid="239172" lat="27.0196529" lon="55.7189580"/>
 <node id="1863494715" visible="true" version="1" changeset="12706078" timestamp="2012-08-12T19:46:15Z" user="bauma" uid="239172" lat="27.0196225" lon="55.7188239"/>
 <node id="1863494716" visible="true" version="1" changeset="12706078" timestamp="2012-08-12T19:46:15Z" user="bauma" uid="239172" lat="27.0195516" lon="55.7186692"/>
 <node id="1863494717" visible="true" version="1" changeset="12706078" timestamp="2012-08-12T19:46:15Z" user="bauma" uid="239172" lat="27.0193551" lon="55.7183780"/>
 <node id="1863494718" visible="true" version="1" changeset="12706078" timestamp="2012-08-12T19:46:15Z" user="bauma" uid="239172" lat="27.0189012" lon="55.7178595"/>
 <node id="1863494719" visible="true" version="1" changeset="12706078" timestamp="2012-08-12T19:46:15Z" user="bauma" uid="239172" lat="27.0184574" lon="55.7173864"/>
 <node id="1863494720" visible="true" version="1" changeset="12706078" timestamp="2012-08-12T19:46:15Z" user="bauma" uid="239172" lat="27.0183095" lon="55.7172226"/>
 <node id="1863494721" visible="true" version="1" changeset="12706078" timestamp="2012-08-12T19:46:15Z" user="bauma" uid="239172" lat="27.0203179" lon="55.7199123"/>
 <node id="1863494722" visible="true" version="1" changeset="12706078" timestamp="2012-08-12T19:46:15Z" user="bauma" uid="239172" lat="27.0202327" lon="55.7198271"/>
 <node id="1863494723" visible="true" version="1" changeset="12706078" timestamp="2012-08-12T19:46:16Z" user="bauma" uid="239172" lat="27.0201205" lon="55.7197942"/>
 <node id="1863494724" visible="true" version="1" changeset="12706078" timestamp="2012-08-12T19:46:16Z" user="bauma" uid="239172" lat="27.0200184" lon="55.7197922"/>
 <node id="1863494725" visible="true" version="1" changeset="12706078" timestamp="2012-08-12T19:46:16Z" user="bauma" uid="239172" lat="27.0199526" lon="55.7198214"/>
 <node id="1863494726" visible="true" version="1" changeset="12706078" timestamp="2012-08-12T19:46:16Z" user="bauma" uid="239172" lat="27.0198868" lon="55.7198583"/>
 <node id="1863494727" visible="true" version="1" changeset="12706078" timestamp="2012-08-12T19:46:16Z" user="bauma" uid="239172" lat="27.0198366" lon="55.7199088"/>
 <node id="1863494728" visible="true" version="1" changeset="12706078" timestamp="2012-08-12T19:46:16Z" user="bauma" uid="239172" lat="27.0197968" lon="55.7199943"/>
 <node id="1863494729" visible="true" version="1" changeset="12706078" timestamp="2012-08-12T19:46:16Z" user="bauma" uid="239172" lat="27.0197864" lon="55.7200779"/>
 <node id="1863494730" visible="true" version="1" changeset="12706078" timestamp="2012-08-12T19:46:16Z" user="bauma" uid="239172" lat="27.0197968" lon="55.7201770"/>
 <node id="1863494731" visible="true" version="1" changeset="12706078" timestamp="2012-08-12T19:46:16Z" user="bauma" uid="239172" lat="27.0198314" lon="55.7202897"/>
 <node id="1863494732" visible="true" version="1" changeset="12706078" timestamp="2012-08-12T19:46:16Z" user="bauma" uid="239172" lat="27.0202902" lon="55.7209096"/>
 <node id="1906880442" visible="true" version="2" changeset="123158670" timestamp="2022-07-03T17:06:02Z" user="Mostafa Ahangarha" uid="3800783" lat="26.9979177" lon="55.7067293"/>
 <node id="1906880445" visible="true" version="2" changeset="123158670" timestamp="2022-07-03T17:06:02Z" user="Mostafa Ahangarha" uid="3800783" lat="27.0000925" lon="55.7117397"/>
 <node id="1906880498" visible="true" version="2" changeset="123158670" timestamp="2022-07-03T17:06:02Z" user="Mostafa Ahangarha" uid="3800783" lat="27.0055078" lon="55.7088160"/>
 <node id="1906880510" visible="true" version="1" changeset="13044675" timestamp="2012-09-09T14:02:40Z" user="jakednb" uid="559989" lat="27.0001528" lon="55.7095452"/>
 <node id="1906880519" visible="true" version="2" changeset="123158670" timestamp="2022-07-03T17:06:02Z" user="Mostafa Ahangarha" uid="3800783" lat="27.0038780" lon="55.7050395"/>
 <node id="1906880526" visible="true" version="3" changeset="76938762" timestamp="2019-11-12T04:19:55Z" user="mapsGR" uid="8710050" lat="27.0013768" lon="55.7284053"/>
 <node id="1906880585" visible="true" version="1" changeset="13044675" timestamp="2012-09-09T14:02:41Z" user="jakednb" uid="559989" lat="27.0033160" lon="55.6746904"/>
 <node id="1906880605" visible="true" version="1" changeset="13044675" timestamp="2012-09-09T14:02:41Z" user="jakednb" uid="559989" lat="26.9986806" lon="55.7105752"/>
 <node id="1906880644" visible="true" version="2" changeset="123158670" timestamp="2022-07-03T17:06:02Z" user="Mostafa Ahangarha" uid="3800783" lat="26.9972581" lon="55.7104307"/>
 <node id="3174048451" visible="true" version="1" changeset="26633975" timestamp="2014-11-08T03:32:46Z" user="dmgroom_ct" uid="437598" lat="26.6236317" lon="54.9148469">
  <tag k="power" v="tower"/>
 </node>
 <node id="3174048454" visible="true" version="1" changeset="26633975" timestamp="2014-11-08T03:32:46Z" user="dmgroom_ct" uid="437598" lat="26.6258387" lon="54.9133127">
  <tag k="power" v="tower"/>
 </node>
 <node id="3174048456" visible="true" version="1" changeset="26633975" timestamp="2014-11-08T03:32:46Z" user="dmgroom_ct" uid="437598" lat="26.6287329" lon="54.9116284">
  <tag k="power" v="tower"/>
 </node>
 <node id="3174064261" visible="true" version="1" changeset="26633975" timestamp="2014-11-08T03:32:46Z" user="dmgroom_ct" uid="437598" lat="26.6316029" lon="54.9099080">
  <tag k="power" v="tower"/>
 </node>
 <node id="3174064266" visible="true" version="1" changeset="26633975" timestamp="2014-11-08T03:32:46Z" user="dmgroom_ct" uid="437598" lat="26.6345979" lon="54.9081560">
  <tag k="power" v="tower"/>
 </node>
 <node id="3174064268" visible="true" version="1" changeset="26633975" timestamp="2014-11-08T03:32:46Z" user="dmgroom_ct" uid="437598" lat="26.6379489" lon="54.9061909">
  <tag k="power" v="tower"/>
 </node>
 <node id="3174064270" visible="true" version="1" changeset="26633975" timestamp="2014-11-08T03:32:46Z" user="dmgroom_ct" uid="437598" lat="26.6410655" lon="54.9043559">
  <tag k="power" v="tower"/>
 </node>
 <node id="3174064271" visible="true" version="1" changeset="26633975" timestamp="2014-11-08T03:32:46Z" user="dmgroom_ct" uid="437598" lat="26.6437426" lon="54.9027829">
  <tag k="power" v="tower"/>
 </node>
 <node id="3174064273" visible="true" version="1" changeset="26633975" timestamp="2014-11-08T03:32:46Z" user="dmgroom_ct" uid="437598" lat="26.6466927" lon="54.9010494">
  <tag k="power" v="tower"/>
 </node>
 <node id="3174064275" visible="true" version="1" changeset="26633975" timestamp="2014-11-08T03:32:47Z" user="dmgroom_ct" uid="437598" lat="26.6496355" lon="54.8993202">
  <tag k="power" v="tower"/>
 </node>
 <node id="3174064277" visible="true" version="1" changeset="26633975" timestamp="2014-11-08T03:32:47Z" user="dmgroom_ct" uid="437598" lat="26.6525156" lon="54.8976278">
  <tag k="power" v="tower"/>
 </node>
 <node id="3174064279" visible="true" version="1" changeset="26633975" timestamp="2014-11-08T03:32:47Z" user="dmgroom_ct" uid="437598" lat="26.6555563" lon="54.8958410">
  <tag k="power" v="tower"/>
 </node>
 <node id="3174064281" visible="true" version="1" changeset="26633975" timestamp="2014-11-08T03:32:47Z" user="dmgroom_ct" uid="437598" lat="26.6581815" lon="54.8942982">
  <tag k="power" v="tower"/>
 </node>
 <node id="3174064283" visible="true" version="1" changeset="26633975" timestamp="2014-11-08T03:32:47Z" user="dmgroom_ct" uid="437598" lat="26.6610803" lon="54.8925947">
  <tag k="power" v="tower"/>
 </node>
 <node id="3174064285" visible="true" version="1" changeset="26633975" timestamp="2014-11-08T03:32:47Z" user="dmgroom_ct" uid="437598" lat="26.6635729" lon="54.8911299">
  <tag k="power" v="tower"/>
 </node>
 <node id="3174064288" visible="true" version="1" changeset="26633975" timestamp="2014-11-08T03:32:47Z" user="dmgroom_ct" uid="437598" lat="26.6665927" lon="54.8894071">
  <tag k="power" v="tower"/>
 </node>
 <node id="3174064290" visible="true" version="1" changeset="26633975" timestamp="2014-11-08T03:32:47Z" user="dmgroom_ct" uid="437598" lat="26.6698400" lon="54.8905844">
  <tag k="power" v="tower"/>
 </node>
 <node id="3174064292" visible="true" version="1" changeset="26633975" timestamp="2014-11-08T03:32:47Z" user="dmgroom_ct" uid="437598" lat="26.6729165" lon="54.8917212">
  <tag k="power" v="tower"/>
 </node>
 <node id="3174064295" visible="true" version="1" changeset="26633975" timestamp="2014-11-08T03:32:47Z" user="dmgroom_ct" uid="437598" lat="26.6751495" lon="54.8925320">
  <tag k="power" v="tower"/>
 </node>
 <node id="3174064297" visible="true" version="1" changeset="26633975" timestamp="2014-11-08T03:32:47Z" user="dmgroom_ct" uid="437598" lat="26.6778416" lon="54.8935162">
  <tag k="power" v="tower"/>
 </node>
 <node id="3174064298" visible="true" version="1" changeset="26633975" timestamp="2014-11-08T03:32:47Z" user="dmgroom_ct" uid="437598" lat="26.6800089" lon="54.8943337">
  <tag k="power" v="tower"/>
 </node>
 <node id="3174064300" visible="true" version="1" changeset="26633975" timestamp="2014-11-08T03:32:47Z" user="dmgroom_ct" uid="437598" lat="26.6822179" lon="54.8951344">
  <tag k="power" v="tower"/>
 </node>
 <node id="3174064302" visible="true" version="1" changeset="26633975" timestamp="2014-11-08T03:32:47Z" user="dmgroom_ct" uid="437598" lat="26.6839529" lon="54.8957483">
  <tag k="power" v="tower"/>
 </node>
 <node id="3174064304" visible="true" version="1" changeset="26633975" timestamp="2014-11-08T03:32:47Z" user="dmgroom_ct" uid="437598" lat="26.6867492" lon="54.8967893">
  <tag k="power" v="tower"/>
 </node>
 <node id="3174064311" visible="true" version="1" changeset="26633975" timestamp="2014-11-08T03:32:47Z" user="dmgroom_ct" uid="437598" lat="26.6902726" lon="54.8980604">
  <tag k="power" v="tower"/>
 </node>
 <node id="3174064316" visible="true" version="1" changeset="26633975" timestamp="2014-11-08T03:32:47Z" user="dmgroom_ct" uid="437598" lat="26.6934204" lon="54.8992549">
  <tag k="power" v="tower"/>
 </node>
 <node id="3174064319" visible="true" version="1" changeset="26633975" timestamp="2014-11-08T03:32:47Z" user="dmgroom_ct" uid="437598" lat="26.6968722" lon="54.9005127">
  <tag k="power" v="tower"/>
 </node>
 <node id="3174064321" visible="true" version="1" changeset="26633975" timestamp="2014-11-08T03:32:48Z" user="dmgroom_ct" uid="437598" lat="26.6994326" lon="54.9014269">
  <tag k="power" v="tower"/>
 </node>
 <node id="3174064323" visible="true" version="1" changeset="26633975" timestamp="2014-11-08T03:32:48Z" user="dmgroom_ct" uid="437598" lat="26.7017903" lon="54.9022743">
  <tag k="power" v="tower"/>
 </node>
 <node id="3174064325" visible="true" version="1" changeset="26633975" timestamp="2014-11-08T03:32:48Z" user="dmgroom_ct" uid="437598" lat="26.7045652" lon="54.9033119">
  <tag k="power" v="tower"/>
 </node>
 <node id="3174064344" visible="true" version="1" changeset="26633975" timestamp="2014-11-08T03:32:48Z" user="dmgroom_ct" uid="437598" lat="26.7076709" lon="54.9044397">
  <tag k="power" v="tower"/>
 </node>
 <node id="3174064353" visible="true" version="1" changeset="26633975" timestamp="2014-11-08T03:32:48Z" user="dmgroom_ct" uid="437598" lat="26.7109106" lon="54.9056508">
  <tag k="power" v="tower"/>
 </node>
 <node id="3174064354" visible="true" version="1" changeset="26633975" timestamp="2014-11-08T03:32:48Z" user="dmgroom_ct" uid="437598" lat="26.7127465" lon="54.9063126">
  <tag k="power" v="tower"/>
 </node>
 <node id="3174064358" visible="true" version="1" changeset="26633975" timestamp="2014-11-08T03:32:48Z" user="dmgroom_ct" uid="437598" lat="26.7134558" lon="54.9086202">
  <tag k="power" v="tower"/>
 </node>
 <node id="3174064360" visible="true" version="1" changeset="26633975" timestamp="2014-11-08T03:32:48Z" user="dmgroom_ct" uid="437598" lat="26.7143961" lon="54.9116930">
  <tag k="power" v="tower"/>
 </node>
 <node id="3174064361" visible="true" version="1" changeset="26633975" timestamp="2014-11-08T03:32:48Z" user="dmgroom_ct" uid="437598" lat="26.7154011" lon="54.9149501">
  <tag k="power" v="tower"/>
 </node>
 <node id="3174064363" visible="true" version="1" changeset="26633975" timestamp="2014-11-08T03:32:48Z" user="dmgroom_ct" uid="437598" lat="26.7161729" lon="54.9176225">
  <tag k="power" v="tower"/>
 </node>
 <node id="3174064369" visible="true" version="1" changeset="26633975" timestamp="2014-11-08T03:32:49Z" user="dmgroom_ct" uid="437598" lat="26.7171564" lon="54.9207721">
  <tag k="power" v="tower"/>
 </node>
 <node id="3174064382" visible="true" version="1" changeset="26633975" timestamp="2014-11-08T03:32:49Z" user="dmgroom_ct" uid="437598" lat="26.7187836" lon="54.9236514">
  <tag k="power" v="tower"/>
 </node>
 <node id="3174064398" visible="true" version="1" changeset="26633975" timestamp="2014-11-08T03:32:49Z" user="dmgroom_ct" uid="437598" lat="26.7204286" lon="54.9264207">
  <tag k="power" v="tower"/>
 </node>
 <node id="3174064402" visible="true" version="1" changeset="26633975" timestamp="2014-11-08T03:32:49Z" user="dmgroom_ct" uid="437598" lat="26.7221333" lon="54.9293467">
  <tag k="power" v="tower"/>
 </node>
 <node id="3174064408" visible="true" version="1" changeset="26633975" timestamp="2014-11-08T03:32:49Z" user="dmgroom_ct" uid="437598" lat="26.7238975" lon="54.9323695">
  <tag k="power" v="tower"/>
 </node>
 <node id="3174064411" visible="true" version="1" changeset="26633975" timestamp="2014-11-08T03:32:49Z" user="dmgroom_ct" uid="437598" lat="26.7255514" lon="54.9352221">
  <tag k="power" v="tower"/>
 </node>
 <node id="3174064413" visible="true" version="1" changeset="26633975" timestamp="2014-11-08T03:32:49Z" user="dmgroom_ct" uid="437598" lat="26.7267731" lon="54.9373608">
  <tag k="power" v="tower"/>
 </node>
 <node id="3174064416" visible="true" version="1" changeset="26633975" timestamp="2014-11-08T03:32:49Z" user="dmgroom_ct" uid="437598" lat="26.7279443" lon="54.9393559">
  <tag k="power" v="tower"/>
 </node>
 <node id="3174064417" visible="true" version="1" changeset="26633975" timestamp="2014-11-08T03:32:50Z" user="dmgroom_ct" uid="437598" lat="26.7288293" lon="54.9420684">
  <tag k="power" v="tower"/>
 </node>
 <node id="3174064421" visible="true" version="1" changeset="26633975" timestamp="2014-11-08T03:32:50Z" user="dmgroom_ct" uid="437598" lat="26.7298067" lon="54.9452047">
  <tag k="power" v="tower"/>
 </node>
 <node id="3174064425" visible="true" version="1" changeset="26633975" timestamp="2014-11-08T03:32:50Z" user="dmgroom_ct" uid="437598" lat="26.7313443" lon="54.9481107">
  <tag k="power" v="tower"/>
 </node>
 <node id="3174064431" visible="true" version="1" changeset="26633975" timestamp="2014-11-08T03:32:50Z" user="dmgroom_ct" uid="437598" lat="26.7328521" lon="54.9510634">
  <tag k="power" v="tower"/>
 </node>
 <node id="3174064444" visible="true" version="1" changeset="26633975" timestamp="2014-11-08T03:32:50Z" user="dmgroom_ct" uid="437598" lat="26.7344776" lon="54.9541746">
  <tag k="power" v="tower"/>
 </node>
 <node id="3174064450" visible="true" version="1" changeset="26633975" timestamp="2014-11-08T03:32:50Z" user="dmgroom_ct" uid="437598" lat="26.7360104" lon="54.9571708">
  <tag k="power" v="tower"/>
 </node>
 <node id="3174064455" visible="true" version="1" changeset="26633975" timestamp="2014-11-08T03:32:50Z" user="dmgroom_ct" uid="437598" lat="26.7376367" lon="54.9602659">
  <tag k="power" v="tower"/>
 </node>
 <node id="3174064457" visible="true" version="1" changeset="26633975" timestamp="2014-11-08T03:32:50Z" user="dmgroom_ct" uid="437598" lat="26.7393887" lon="54.9636290">
  <tag k="power" v="tower"/>
 </node>
 <node id="3174064463" visible="true" version="1" changeset="26633975" timestamp="2014-11-08T03:32:50Z" user="dmgroom_ct" uid="437598" lat="26.7410294" lon="54.9667988">
  <tag k="power" v="tower"/>
 </node>
 <node id="3174064474" visible="true" version="1" changeset="26633975" timestamp="2014-11-08T03:32:51Z" user="dmgroom_ct" uid="437598" lat="26.7426185" lon="54.9698682">
  <tag k="power" v="tower"/>
 </node>
 <node id="3174064479" visible="true" version="1" changeset="26633975" timestamp="2014-11-08T03:32:51Z" user="dmgroom_ct" uid="437598" lat="26.7442324" lon="54.9730673">
  <tag k="power" v="tower"/>
 </node>
 <node id="3174064484" visible="true" version="1" changeset="26633975" timestamp="2014-11-08T03:32:51Z" user="dmgroom_ct" uid="437598" lat="26.7459726" lon="54.9762900">
  <tag k="power" v="tower"/>
 </node>
 <node id="3174064489" visible="true" version="1" changeset="26633975" timestamp="2014-11-08T03:32:51Z" user="dmgroom_ct" uid="437598" lat="26.7475442" lon="54.9794560">
  <tag k="power" v="tower"/>
 </node>
 <node id="3174064496" visible="true" version="1" changeset="26633975" timestamp="2014-11-08T03:32:51Z" user="dmgroom_ct" uid="437598" lat="26.7492633" lon="54.9827400">
  <tag k="power" v="tower"/>
 </node>
 <node id="3174064501" visible="true" version="1" changeset="26633975" timestamp="2014-11-08T03:32:51Z" user="dmgroom_ct" uid="437598" lat="26.7509066" lon="54.9859108">
  <tag k="power" v="tower"/>
 </node>
 <node id="3174064507" visible="true" version="1" changeset="26633975" timestamp="2014-11-08T03:32:51Z" user="dmgroom_ct" uid="437598" lat="26.7524697" lon="54.9891005">
  <tag k="power" v="tower"/>
 </node>
 <node id="3174064511" visible="true" version="1" changeset="26633975" timestamp="2014-11-08T03:32:51Z" user="dmgroom_ct" uid="437598" lat="26.7541424" lon="54.9922523">
  <tag k="power" v="tower"/>
 </node>
 <node id="3174064517" visible="true" version="1" changeset="26633975" timestamp="2014-11-08T03:32:52Z" user="dmgroom_ct" uid="437598" lat="26.7558067" lon="54.9953287">
  <tag k="power" v="tower"/>
 </node>
 <node id="3174064520" visible="true" version="1" changeset="26633975" timestamp="2014-11-08T03:32:52Z" user="dmgroom_ct" uid="437598" lat="26.7574835" lon="54.9985137">
  <tag k="power" v="tower"/>
 </node>
 <node id="3174064531" visible="true" version="1" changeset="26633975" timestamp="2014-11-08T03:32:52Z" user="dmgroom_ct" uid="437598" lat="26.7590845" lon="55.0015806">
  <tag k="power" v="tower"/>
 </node>
 <node id="3174064536" visible="true" version="1" changeset="26633975" timestamp="2014-11-08T03:32:52Z" user="dmgroom_ct" uid="437598" lat="26.7607023" lon="55.0048505">
  <tag k="power" v="tower"/>
 </node>
 <node id="3174064553" visible="true" version="1" changeset="26633975" timestamp="2014-11-08T03:32:52Z" user="dmgroom_ct" uid="437598" lat="26.7622948" lon="55.0079033">
  <tag k="power" v="tower"/>
 </node>
 <node id="3174064569" visible="true" version="1" changeset="26633975" timestamp="2014-11-08T03:32:53Z" user="dmgroom_ct" uid="437598" lat="26.7640011" lon="55.0110882">
  <tag k="power" v="tower"/>
 </node>
 <node id="3174064581" visible="true" version="1" changeset="26633975" timestamp="2014-11-08T03:32:53Z" user="dmgroom_ct" uid="437598" lat="26.7654545" lon="55.0139240">
  <tag k="power" v="tower"/>
 </node>
 <node id="3174064588" visible="true" version="1" changeset="26633975" timestamp="2014-11-08T03:32:53Z" user="dmgroom_ct" uid="437598" lat="26.7670343" lon="55.0169956">
  <tag k="power" v="tower"/>
 </node>
 <node id="3174064603" visible="true" version="1" changeset="26633975" timestamp="2014-11-08T03:32:53Z" user="dmgroom_ct" uid="437598" lat="26.7687110" lon="55.0200956">
  <tag k="power" v="tower"/>
 </node>
 <node id="3174064605" visible="true" version="1" changeset="26633975" timestamp="2014-11-08T03:32:53Z" user="dmgroom_ct" uid="437598" lat="26.7703389" lon="55.0234029">
  <tag k="power" v="tower"/>
 </node>
 <node id="3174064610" visible="true" version="1" changeset="26633975" timestamp="2014-11-08T03:32:54Z" user="dmgroom_ct" uid="437598" lat="26.7719223" lon="55.0264724">
  <tag k="power" v="tower"/>
 </node>
 <node id="3174064612" visible="true" version="1" changeset="26633975" timestamp="2014-11-08T03:32:54Z" user="dmgroom_ct" uid="437598" lat="26.7723400" lon="55.1871228">
  <tag k="power" v="tower"/>
 </node>
 <node id="3174064614" visible="true" version="1" changeset="26633975" timestamp="2014-11-08T03:32:54Z" user="dmgroom_ct" uid="437598" lat="26.7725338" lon="55.1832835">
  <tag k="power" v="tower"/>
 </node>
 <node id="3174064615" visible="true" version="1" changeset="26633975" timestamp="2014-11-08T03:32:54Z" user="dmgroom_ct" uid="437598" lat="26.7725374" lon="55.0299238">
  <tag k="power" v="tower"/>
 </node>
 <node id="3174064616" visible="true" version="1" changeset="26633975" timestamp="2014-11-08T03:32:54Z" user="dmgroom_ct" uid="437598" lat="26.7727836" lon="55.1786965">
  <tag k="power" v="tower"/>
 </node>
 <node id="3174064617" visible="true" version="1" changeset="26633975" timestamp="2014-11-08T03:32:54Z" user="dmgroom_ct" uid="437598" lat="26.7728826" lon="55.1904363">
  <tag k="power" v="tower"/>
 </node>
 <node id="3174064618" visible="true" version="1" changeset="26633975" timestamp="2014-11-08T03:32:54Z" user="dmgroom_ct" uid="437598" lat="26.7729942" lon="55.0332184">
  <tag k="power" v="tower"/>
 </node>
 <node id="3174064619" visible="true" version="1" changeset="26633975" timestamp="2014-11-08T03:32:54Z" user="dmgroom_ct" uid="437598" lat="26.7730290" lon="55.1754119">
  <tag k="power" v="tower"/>
 </node>
 <node id="3174064620" visible="true" version="1" changeset="26633975" timestamp="2014-11-08T03:32:54Z" user="dmgroom_ct" uid="437598" lat="26.7733111" lon="55.1705694">
  <tag k="power" v="tower"/>
 </node>
 <node id="3174064622" visible="true" version="1" changeset="26633975" timestamp="2014-11-08T03:32:54Z" user="dmgroom_ct" uid="437598" lat="26.7733908" lon="55.1938126">
  <tag k="power" v="tower"/>
 </node>
 <node id="3174064623" visible="true" version="1" changeset="26633975" timestamp="2014-11-08T03:32:54Z" user="dmgroom_ct" uid="437598" lat="26.7734963" lon="55.1674970">
  <tag k="power" v="tower"/>
 </node>
 <node id="3174064624" visible="true" version="1" changeset="26633975" timestamp="2014-11-08T03:32:54Z" user="dmgroom_ct" uid="437598" lat="26.7735179" lon="55.0367518">
  <tag k="power" v="tower"/>
 </node>
 <node id="3174064625" visible="true" version="1" changeset="26633975" timestamp="2014-11-08T03:32:54Z" user="dmgroom_ct" uid="437598" lat="26.7738149" lon="55.1622444">
  <tag k="power" v="tower"/>
 </node>
 <node id="3174064626" visible="true" version="1" changeset="26633975" timestamp="2014-11-08T03:32:54Z" user="dmgroom_ct" uid="437598" lat="26.7738817" lon="55.1968850">
  <tag k="power" v="tower"/>
 </node>
 <node id="3174064627" visible="true" version="1" changeset="26633975" timestamp="2014-11-08T03:32:54Z" user="dmgroom_ct" uid="437598" lat="26.7739872" lon="55.1594855">
  <tag k="power" v="tower"/>
 </node>
 <node id="3174064628" visible="true" version="1" changeset="26633975" timestamp="2014-11-08T03:32:54Z" user="dmgroom_ct" uid="437598" lat="26.7741939" lon="55.1566205">
  <tag k="power" v="tower"/>
 </node>
 <node id="3174064630" visible="true" version="1" changeset="26633975" timestamp="2014-11-08T03:32:54Z" user="dmgroom_ct" uid="437598" lat="26.7742182" lon="55.0403806">
  <tag k="power" v="tower"/>
 </node>
 <node id="3174064632" visible="true" version="1" changeset="26633975" timestamp="2014-11-08T03:32:54Z" user="dmgroom_ct" uid="437598" lat="26.7743962" lon="55.1528391">
  <tag k="power" v="tower"/>
 </node>
 <node id="3174064633" visible="true" version="1" changeset="26633975" timestamp="2014-11-08T03:32:54Z" user="dmgroom_ct" uid="437598" lat="26.7745017" lon="55.2008498">
  <tag k="power" v="tower"/>
 </node>
 <node id="3174064634" visible="true" version="1" changeset="26633975" timestamp="2014-11-08T03:32:54Z" user="dmgroom_ct" uid="437598" lat="26.7745814" lon="55.1499934">
  <tag k="power" v="tower"/>
 </node>
 <node id="3174064635" visible="true" version="1" changeset="26633975" timestamp="2014-11-08T03:32:54Z" user="dmgroom_ct" uid="437598" lat="26.7747450" lon="55.1474515">
  <tag k="power" v="tower"/>
 </node>
 <node id="3174064636" visible="true" version="1" changeset="26633975" timestamp="2014-11-08T03:32:54Z" user="dmgroom_ct" uid="437598" lat="26.7747785" lon="55.0438321">
  <tag k="power" v="tower"/>
 </node>
 <node id="3174064638" visible="true" version="1" changeset="26633975" timestamp="2014-11-08T03:32:54Z" user="dmgroom_ct" uid="437598" lat="26.7749647" lon="55.1439498">
  <tag k="power" v="tower"/>
 </node>
 <node id="3174064639" visible="true" version="1" changeset="26633975" timestamp="2014-11-08T03:32:54Z" user="dmgroom_ct" uid="437598" lat="26.7750185" lon="55.2041971">
  <tag k="power" v="tower"/>
 </node>
 <node id="3174064640" visible="true" version="1" changeset="26633975" timestamp="2014-11-08T03:32:54Z" user="dmgroom_ct" uid="437598" lat="26.7751154" lon="55.1411475">
  <tag k="power" v="tower"/>
 </node>
 <node id="3174064641" visible="true" version="1" changeset="26633975" timestamp="2014-11-08T03:32:54Z" user="dmgroom_ct" uid="437598" lat="26.7752717" lon="55.0465605">
  <tag k="power" v="tower"/>
 </node>
 <node id="3174064642" visible="true" version="1" changeset="26633975" timestamp="2014-11-08T03:32:54Z" user="dmgroom_ct" uid="437598" lat="26.7753565" lon="55.1376314">
  <tag k="power" v="tower"/>
 </node>
 <node id="3174064643" visible="true" version="1" changeset="26633975" timestamp="2014-11-08T03:32:54Z" user="dmgroom_ct" uid="437598" lat="26.7754965" lon="55.2071779">
  <tag k="power" v="tower"/>
 </node>
 <node id="3174064644" visible="true" version="1" changeset="26633975" timestamp="2014-11-08T03:32:54Z" user="dmgroom_ct" uid="437598" lat="26.7755567" lon="55.1343154">
  <tag k="power" v="tower"/>
 </node>
 <node id="3174064645" visible="true" version="1" changeset="26633975" timestamp="2014-11-08T03:32:54Z" user="dmgroom_ct" uid="437598" lat="26.7757871" lon="55.1303338">
  <tag k="power" v="tower"/>
 </node>
 <node id="3174064647" visible="true" version="1" changeset="26633975" timestamp="2014-11-08T03:32:54Z" user="dmgroom_ct" uid="437598" lat="26.7759120" lon="55.1281344">
  <tag k="power" v="tower"/>
 </node>
 <node id="3174064648" visible="true" version="1" changeset="26633975" timestamp="2014-11-08T03:32:54Z" user="dmgroom_ct" uid="437598" lat="26.7759538" lon="55.0504349">
  <tag k="power" v="tower"/>
 </node>
 <node id="3174064649" visible="true" version="1" changeset="26633975" timestamp="2014-11-08T03:32:54Z" user="dmgroom_ct" uid="437598" lat="26.7760778" lon="55.2108918">
  <tag k="power" v="tower"/>
 </node>
 <node id="3174064650" visible="true" version="1" changeset="26633975" timestamp="2014-11-08T03:32:54Z" user="dmgroom_ct" uid="437598" lat="26.7760907" lon="55.1251391">
  <tag k="power" v="tower"/>
 </node>
 <node id="3174064651" visible="true" version="1" changeset="26633975" timestamp="2014-11-08T03:32:55Z" user="dmgroom_ct" uid="437598" lat="26.7763466" lon="55.1211289">
  <tag k="power" v="tower"/>
 </node>
 <node id="3174064652" visible="true" version="1" changeset="26633975" timestamp="2014-11-08T03:32:55Z" user="dmgroom_ct" uid="437598" lat="26.7765080" lon="55.0540160">
  <tag k="power" v="tower"/>
 </node>
 <node id="3174064653" visible="true" version="1" changeset="26633975" timestamp="2014-11-08T03:32:55Z" user="dmgroom_ct" uid="437598" lat="26.7765914" lon="55.1173555">
  <tag k="power" v="tower"/>
 </node>
 <node id="3174064654" visible="true" version="1" changeset="26633975" timestamp="2014-11-08T03:32:55Z" user="dmgroom_ct" uid="437598" lat="26.7766333" lon="55.2145333">
  <tag k="power" v="tower"/>
 </node>
 <node id="3174064656" visible="true" version="1" changeset="26633975" timestamp="2014-11-08T03:32:55Z" user="dmgroom_ct" uid="437598" lat="26.7767820" lon="55.1144169">
  <tag k="power" v="tower"/>
 </node>
 <node id="3174064657" visible="true" version="1" changeset="26633975" timestamp="2014-11-08T03:32:55Z" user="dmgroom_ct" uid="437598" lat="26.7769464" lon="55.1112997">
  <tag k="power" v="tower"/>
 </node>
 <node id="3174064658" visible="true" version="1" changeset="26633975" timestamp="2014-11-08T03:32:55Z" user="dmgroom_ct" uid="437598" lat="26.7770621" lon="55.0574982">
  <tag k="power" v="tower"/>
 </node>
 <node id="3174064659" visible="true" version="1" changeset="26633975" timestamp="2014-11-08T03:32:55Z" user="dmgroom_ct" uid="437598" lat="26.7771535" lon="55.1079062">
  <tag k="power" v="tower"/>
 </node>
 <node id="3174064660" visible="true" version="1" changeset="26633975" timestamp="2014-11-08T03:32:55Z" user="dmgroom_ct" uid="437598" lat="26.7773351" lon="55.2184884">
  <tag k="power" v="tower"/>
 </node>
 <node id="3174064661" visible="true" version="1" changeset="26633975" timestamp="2014-11-08T03:32:55Z" user="dmgroom_ct" uid="437598" lat="26.7773483" lon="55.1046014">
  <tag k="power" v="tower"/>
 </node>
 <node id="3174064662" visible="true" version="1" changeset="26633975" timestamp="2014-11-08T03:32:55Z" user="dmgroom_ct" uid="437598" lat="26.7775615" lon="55.1010135">
  <tag k="power" v="tower"/>
 </node>
 <node id="3174064663" visible="true" version="1" changeset="26633975" timestamp="2014-11-08T03:32:55Z" user="dmgroom_ct" uid="437598" lat="26.7777046" lon="55.0611611">
  <tag k="power" v="tower"/>
 </node>
 <node id="3174064664" visible="true" version="1" changeset="26633975" timestamp="2014-11-08T03:32:55Z" user="dmgroom_ct" uid="437598" lat="26.7777289" lon="55.0979576">
  <tag k="power" v="tower"/>
 </node>
 <node id="3174064666" visible="true" version="1" changeset="26633975" timestamp="2014-11-08T03:32:55Z" user="dmgroom_ct" uid="437598" lat="26.7778820" lon="55.2221782">
  <tag k="power" v="tower"/>
 </node>
 <node id="3174064667" visible="true" version="1" changeset="26633975" timestamp="2014-11-08T03:32:55Z" user="dmgroom_ct" uid="437598" lat="26.7779421" lon="55.0945027">
  <tag k="power" v="tower"/>
 </node>
 <node id="3174064669" visible="true" version="1" changeset="26633975" timestamp="2014-11-08T03:32:55Z" user="dmgroom_ct" uid="437598" lat="26.7781674" lon="55.0906624">
  <tag k="power" v="tower"/>
 </node>
 <node id="3174064670" visible="true" version="1" changeset="26633975" timestamp="2014-11-08T03:32:55Z" user="dmgroom_ct" uid="437598" lat="26.7782922" lon="55.0647320">
  <tag k="power" v="tower"/>
 </node>
 <node id="3174064671" visible="true" version="1" changeset="26633975" timestamp="2014-11-08T03:32:55Z" user="dmgroom_ct" uid="437598" lat="26.7783166" lon="55.0680095">
  <tag k="power" v="tower"/>
 </node>
 <node id="3174064672" visible="true" version="1" changeset="26633975" timestamp="2014-11-08T03:32:55Z" user="dmgroom_ct" uid="437598" lat="26.7783957" lon="55.0874599">
  <tag k="power" v="tower"/>
 </node>
 <node id="3174064673" visible="true" version="1" changeset="26633975" timestamp="2014-11-08T03:32:55Z" user="dmgroom_ct" uid="437598" lat="26.7784292" lon="55.0761028">
  <tag k="power" v="tower"/>
 </node>
 <node id="3174064674" visible="true" version="1" changeset="26633975" timestamp="2014-11-08T03:32:55Z" user="dmgroom_ct" uid="437598" lat="26.7784414" lon="55.0726854">
  <tag k="power" v="tower"/>
 </node>
 <node id="3174064675" visible="true" version="1" changeset="26633975" timestamp="2014-11-08T03:32:55Z" user="dmgroom_ct" uid="437598" lat="26.7784978" lon="55.2259982">
  <tag k="power" v="tower"/>
 </node>
 <node id="3174064676" visible="true" version="1" changeset="26633975" timestamp="2014-11-08T03:32:55Z" user="dmgroom_ct" uid="437598" lat="26.7785175" lon="55.0782003">
  <tag k="power" v="tower"/>
 </node>
 <node id="3174064677" visible="true" version="1" changeset="26633975" timestamp="2014-11-08T03:32:55Z" user="dmgroom_ct" uid="437598" lat="26.7785937" lon="55.0808025">
  <tag k="power" v="tower"/>
 </node>
 <node id="3174064678" visible="true" version="1" changeset="26633975" timestamp="2014-11-08T03:32:55Z" user="dmgroom_ct" uid="437598" lat="26.7786302" lon="55.0834866">
  <tag k="power" v="tower"/>
 </node>
 <node id="3174064680" visible="true" version="1" changeset="26633975" timestamp="2014-11-08T03:32:55Z" user="dmgroom_ct" uid="437598" lat="26.7788638" lon="55.2285883">
  <tag k="power" v="tower"/>
 </node>
 <node id="3174064681" visible="true" version="1" changeset="26633975" timestamp="2014-11-08T03:32:55Z" user="dmgroom_ct" uid="437598" lat="26.7795669" lon="55.2298392">
  <tag k="power" v="tower"/>
 </node>
 <node id="3174064685" visible="true" version="1" changeset="26633975" timestamp="2014-11-08T03:32:55Z" user="dmgroom_ct" uid="437598" lat="26.7811181" lon="55.2325989">
  <tag k="power" v="tower"/>
 </node>
 <node id="3174064687" visible="true" version="1" changeset="26633975" timestamp="2014-11-08T03:32:55Z" user="dmgroom_ct" uid="437598" lat="26.7822477" lon="55.2346588">
  <tag k="power" v="tower"/>
 </node>
 <node id="3174064688" visible="true" version="1" changeset="26633975" timestamp="2014-11-08T03:32:55Z" user="dmgroom_ct" uid="437598" lat="26.7823119" lon="55.2374348">
  <tag k="power" v="tower"/>
 </node>
 <node id="3174064689" visible="true" version="1" changeset="26633975" timestamp="2014-11-08T03:32:55Z" user="dmgroom_ct" uid="437598" lat="26.7823775" lon="55.2402682">
  <tag k="power" v="tower"/>
 </node>
 <node id="3174064690" visible="true" version="1" changeset="26633975" timestamp="2014-11-08T03:32:55Z" user="dmgroom_ct" uid="437598" lat="26.7823877" lon="55.2416514">
  <tag k="power" v="tower"/>
 </node>
 <node id="3174064691" visible="true" version="1" changeset="26633975" timestamp="2014-11-08T03:32:55Z" user="dmgroom_ct" uid="437598" lat="26.7824142" lon="55.2441894">
  <tag k="power" v="tower"/>
 </node>
 <node id="3174064692" visible="true" version="1" changeset="26633975" timestamp="2014-11-08T03:32:55Z" user="dmgroom_ct" uid="437598" lat="26.7825216" lon="55.2475206">
  <tag k="power" v="tower"/>
 </node>
 <node id="3174064704" visible="true" version="2" changeset="135497827" timestamp="2023-04-29T10:03:45Z" user="F777" uid="13691644" lat="26.7850112" lon="55.2507806">
  <tag k="power" v="tower"/>
 </node>
 <node id="3174064708" visible="true" version="1" changeset="26633975" timestamp="2014-11-08T03:32:56Z" user="dmgroom_ct" uid="437598" lat="26.7850877" lon="55.2546642">
  <tag k="power" v="tower"/>
 </node>
 <node id="3174064711" visible="true" version="1" changeset="26633975" timestamp="2014-11-08T03:32:56Z" user="dmgroom_ct" uid="437598" lat="26.7853771" lon="55.2606398">
  <tag k="power" v="tower"/>
 </node>
 <node id="3174064712" visible="true" version="1" changeset="26633975" timestamp="2014-11-08T03:32:56Z" user="dmgroom_ct" uid="437598" lat="26.7854675" lon="55.2635317">
  <tag k="power" v="tower"/>
 </node>
 <node id="3174064714" visible="true" version="1" changeset="26633975" timestamp="2014-11-08T03:32:56Z" user="dmgroom_ct" uid="437598" lat="26.7855622" lon="55.2683487">
  <tag k="power" v="tower"/>
 </node>
 <node id="3174064715" visible="true" version="1" changeset="26633975" timestamp="2014-11-08T03:32:56Z" user="dmgroom_ct" uid="437598" lat="26.7856722" lon="55.2720958">
  <tag k="power" v="tower"/>
 </node>
 <node id="3174064716" visible="true" version="1" changeset="26633975" timestamp="2014-11-08T03:32:56Z" user="dmgroom_ct" uid="437598" lat="26.7857822" lon="55.2821441">
  <tag k="power" v="tower"/>
 </node>
 <node id="3174064717" visible="true" version="1" changeset="26633975" timestamp="2014-11-08T03:32:56Z" user="dmgroom_ct" uid="437598" lat="26.7857998" lon="55.2755915">
  <tag k="power" v="tower"/>
 </node>
 <node id="3174064718" visible="true" version="1" changeset="26633975" timestamp="2014-11-08T03:32:56Z" user="dmgroom_ct" uid="437598" lat="26.7857998" lon="55.2781898">
  <tag k="power" v="tower"/>
 </node>
 <node id="3174064719" visible="true" version="1" changeset="26633975" timestamp="2014-11-08T03:32:56Z" user="dmgroom_ct" uid="437598" lat="26.7858471" lon="55.2857184">
  <tag k="power" v="tower"/>
 </node>
 <node id="3174064720" visible="true" version="1" changeset="26633975" timestamp="2014-11-08T03:32:56Z" user="dmgroom_ct" uid="437598" lat="26.7858704" lon="55.2884135">
  <tag k="power" v="tower"/>
 </node>
 <node id="3174064721" visible="true" version="1" changeset="26633975" timestamp="2014-11-08T03:32:56Z" user="dmgroom_ct" uid="437598" lat="26.7859056" lon="55.2905730">
  <tag k="power" v="tower"/>
 </node>
 <node id="3174064722" visible="true" version="1" changeset="26633975" timestamp="2014-11-08T03:32:56Z" user="dmgroom_ct" uid="437598" lat="26.7859650" lon="55.2933070">
  <tag k="power" v="tower"/>
 </node>
 <node id="3174064723" visible="true" version="1" changeset="26633975" timestamp="2014-11-08T03:32:56Z" user="dmgroom_ct" uid="437598" lat="26.7859870" lon="55.2958067">
  <tag k="power" v="tower"/>
 </node>
 <node id="3174064724" visible="true" version="1" changeset="26633975" timestamp="2014-11-08T03:32:56Z" user="dmgroom_ct" uid="437598" lat="26.7860486" lon="55.2981905">
  <tag k="power" v="tower"/>
 </node>
 <node id="3174064725" visible="true" version="1" changeset="26633975" timestamp="2014-11-08T03:32:56Z" user="dmgroom_ct" uid="437598" lat="26.7861829" lon="55.3012499">
  <tag k="power" v="tower"/>
 </node>
 <node id="3174064726" visible="true" version="1" changeset="26633975" timestamp="2014-11-08T03:32:56Z" user="dmgroom_ct" uid="437598" lat="26.7862995" lon="55.3039074">
  <tag k="power" v="tower"/>
 </node>
 <node id="3174064727" visible="true" version="1" changeset="26633975" timestamp="2014-11-08T03:32:56Z" user="dmgroom_ct" uid="437598" lat="26.7863986" lon="55.3064564">
  <tag k="power" v="tower"/>
 </node>
 <node id="3174064729" visible="true" version="1" changeset="26633975" timestamp="2014-11-08T03:32:56Z" user="dmgroom_ct" uid="437598" lat="26.7865834" lon="55.3104057">
  <tag k="power" v="tower"/>
 </node>
 <node id="3174064730" visible="true" version="1" changeset="26633975" timestamp="2014-11-08T03:32:56Z" user="dmgroom_ct" uid="437598" lat="26.7871622" lon="55.3138471">
  <tag k="power" v="tower"/>
 </node>
 <node id="3174064731" visible="true" version="1" changeset="26633975" timestamp="2014-11-08T03:32:56Z" user="dmgroom_ct" uid="437598" lat="26.7876540" lon="55.3389773">
  <tag k="power" v="tower"/>
 </node>
 <node id="3174064732" visible="true" version="1" changeset="26633975" timestamp="2014-11-08T03:32:56Z" user="dmgroom_ct" uid="437598" lat="26.7877146" lon="55.3172294">
  <tag k="power" v="tower"/>
 </node>
 <node id="3174064733" visible="true" version="1" changeset="26633975" timestamp="2014-11-08T03:32:56Z" user="dmgroom_ct" uid="437598" lat="26.7879626" lon="55.3365290">
  <tag k="power" v="tower"/>
 </node>
 <node id="3174064735" visible="true" version="1" changeset="26633975" timestamp="2014-11-08T03:32:56Z" user="dmgroom_ct" uid="437598" lat="26.7881535" lon="55.3199074">
  <tag k="power" v="tower"/>
 </node>
 <node id="3174064736" visible="true" version="1" changeset="26633975" timestamp="2014-11-08T03:32:57Z" user="dmgroom_ct" uid="437598" lat="26.7883253" lon="55.3335924">
  <tag k="power" v="tower"/>
 </node>
 <node id="3174064737" visible="true" version="1" changeset="26633975" timestamp="2014-11-08T03:32:57Z" user="dmgroom_ct" uid="437598" lat="26.7886052" lon="55.3265681">
  <tag k="power" v="tower"/>
 </node>
 <node id="3174064738" visible="true" version="1" changeset="26633975" timestamp="2014-11-08T03:32:57Z" user="dmgroom_ct" uid="437598" lat="26.7886052" lon="55.3310193">
  <tag k="power" v="tower"/>
 </node>
 <node id="3174064739" visible="true" version="1" changeset="26633975" timestamp="2014-11-08T03:32:57Z" user="dmgroom_ct" uid="437598" lat="26.7886402" lon="55.3226693">
  <tag k="power" v="tower"/>
 </node>
 <node id="3174064740" visible="true" version="1" changeset="26633975" timestamp="2014-11-08T03:32:57Z" user="dmgroom_ct" uid="437598" lat="26.7892692" lon="55.3402585">
  <tag k="power" v="tower"/>
 </node>
 <node id="3174064743" visible="true" version="1" changeset="26633975" timestamp="2014-11-08T03:32:57Z" user="dmgroom_ct" uid="437598" lat="26.7914740" lon="55.3413001">
  <tag k="power" v="tower"/>
 </node>
 <node id="3174064748" visible="true" version="1" changeset="26633975" timestamp="2014-11-08T03:32:57Z" user="dmgroom_ct" uid="437598" lat="26.7939128" lon="55.3428693">
  <tag k="power" v="tower"/>
 </node>
 <node id="3174064751" visible="true" version="1" changeset="26633975" timestamp="2014-11-08T03:32:57Z" user="dmgroom_ct" uid="437598" lat="26.7967178" lon="55.3449307">
  <tag k="power" v="tower"/>
 </node>
 <node id="3174064754" visible="true" version="1" changeset="26633975" timestamp="2014-11-08T03:32:57Z" user="dmgroom_ct" uid="437598" lat="26.7986612" lon="55.3463976">
  <tag k="power" v="tower"/>
 </node>
 <node id="3174064758" visible="true" version="1" changeset="26633975" timestamp="2014-11-08T03:32:57Z" user="dmgroom_ct" uid="437598" lat="26.8014438" lon="55.3484478">
  <tag k="power" v="tower"/>
 </node>
 <node id="3174064760" visible="true" version="1" changeset="26633975" timestamp="2014-11-08T03:32:57Z" user="dmgroom_ct" uid="437598" lat="26.8027962" lon="55.3507071">
  <tag k="power" v="tower"/>
 </node>
 <node id="3174064762" visible="true" version="1" changeset="26633975" timestamp="2014-11-08T03:32:57Z" user="dmgroom_ct" uid="437598" lat="26.8053833" lon="55.3517288">
  <tag k="power" v="tower"/>
 </node>
 <node id="3174064763" visible="true" version="1" changeset="26633975" timestamp="2014-11-08T03:32:57Z" user="dmgroom_ct" uid="437598" lat="26.8083266" lon="55.3528258">
  <tag k="power" v="tower"/>
 </node>
 <node id="3174064766" visible="true" version="1" changeset="26633975" timestamp="2014-11-08T03:32:57Z" user="dmgroom_ct" uid="437598" lat="26.8112816" lon="55.3538501">
  <tag k="power" v="tower"/>
 </node>
 <node id="3174064767" visible="true" version="1" changeset="26633975" timestamp="2014-11-08T03:32:57Z" user="dmgroom_ct" uid="437598" lat="26.8139240" lon="55.3548282">
  <tag k="power" v="tower"/>
 </node>
 <node id="3174064768" visible="true" version="1" changeset="26633975" timestamp="2014-11-08T03:32:57Z" user="dmgroom_ct" uid="437598" lat="26.8167019" lon="55.3558327">
  <tag k="power" v="tower"/>
 </node>
 <node id="3174064780" visible="true" version="1" changeset="26633975" timestamp="2014-11-08T03:32:57Z" user="dmgroom_ct" uid="437598" lat="26.8193795" lon="55.3567579">
  <tag k="power" v="tower"/>
 </node>
 <node id="3174064785" visible="true" version="1" changeset="26633975" timestamp="2014-11-08T03:32:58Z" user="dmgroom_ct" uid="437598" lat="26.8218626" lon="55.3576312">
  <tag k="power" v="tower"/>
 </node>
 <node id="3174064793" visible="true" version="1" changeset="26633975" timestamp="2014-11-08T03:32:58Z" user="dmgroom_ct" uid="437598" lat="26.8256943" lon="55.3609803">
  <tag k="power" v="tower"/>
 </node>
 <node id="3174064794" visible="true" version="1" changeset="26633975" timestamp="2014-11-08T03:32:58Z" user="dmgroom_ct" uid="437598" lat="26.8273573" lon="55.3631876">
  <tag k="power" v="tower"/>
 </node>
 <node id="3174064795" visible="true" version="1" changeset="26633975" timestamp="2014-11-08T03:32:58Z" user="dmgroom_ct" uid="437598" lat="26.8291206" lon="55.3656394">
  <tag k="power" v="tower"/>
 </node>
 <node id="3174064796" visible="true" version="1" changeset="26633975" timestamp="2014-11-08T03:32:58Z" user="dmgroom_ct" uid="437598" lat="26.8307558" lon="55.3678604">
  <tag k="power" v="tower"/>
 </node>
 <node id="3174064797" visible="true" version="1" changeset="26633975" timestamp="2014-11-08T03:32:58Z" user="dmgroom_ct" uid="437598" lat="26.8323598" lon="55.3701867">
  <tag k="power" v="tower"/>
 </node>
 <node id="3174064798" visible="true" version="1" changeset="26633975" timestamp="2014-11-08T03:32:58Z" user="dmgroom_ct" uid="437598" lat="26.8353908" lon="55.3711053">
  <tag k="power" v="tower"/>
 </node>
 <node id="3174064799" visible="true" version="1" changeset="26633975" timestamp="2014-11-08T03:32:58Z" user="dmgroom_ct" uid="437598" lat="26.8382068" lon="55.3719776">
  <tag k="power" v="tower"/>
 </node>
 <node id="3174064800" visible="true" version="1" changeset="26633975" timestamp="2014-11-08T03:32:58Z" user="dmgroom_ct" uid="437598" lat="26.8413203" lon="55.3730053">
  <tag k="power" v="tower"/>
 </node>
 <node id="3174064801" visible="true" version="1" changeset="26633975" timestamp="2014-11-08T03:32:58Z" user="dmgroom_ct" uid="437598" lat="26.8447710" lon="55.3741258">
  <tag k="power" v="tower"/>
 </node>
 <node id="3174064802" visible="true" version="1" changeset="26633975" timestamp="2014-11-08T03:32:58Z" user="dmgroom_ct" uid="437598" lat="26.8466418" lon="55.3766863">
  <tag k="power" v="tower"/>
 </node>
 <node id="3174064803" visible="true" version="1" changeset="26633975" timestamp="2014-11-08T03:32:58Z" user="dmgroom_ct" uid="437598" lat="26.8477837" lon="55.3782012">
  <tag k="power" v="tower"/>
 </node>
 <node id="3174064804" visible="true" version="1" changeset="26633975" timestamp="2014-11-08T03:32:58Z" user="dmgroom_ct" uid="437598" lat="26.8498341" lon="55.3810020">
  <tag k="power" v="tower"/>
 </node>
 <node id="3174064805" visible="true" version="1" changeset="26633975" timestamp="2014-11-08T03:32:58Z" user="dmgroom_ct" uid="437598" lat="26.8518606" lon="55.3837611">
  <tag k="power" v="tower"/>
 </node>
 <node id="3174064806" visible="true" version="1" changeset="26633975" timestamp="2014-11-08T03:32:58Z" user="dmgroom_ct" uid="437598" lat="26.8540304" lon="55.3865039">
  <tag k="power" v="tower"/>
 </node>
 <node id="3174064807" visible="true" version="1" changeset="26633975" timestamp="2014-11-08T03:32:58Z" user="dmgroom_ct" uid="437598" lat="26.8552656" lon="55.3880996">
  <tag k="power" v="tower"/>
 </node>
 <node id="3174064808" visible="true" version="1" changeset="26633975" timestamp="2014-11-08T03:32:58Z" user="dmgroom_ct" uid="437598" lat="26.8575195" lon="55.3911493">
  <tag k="power" v="tower"/>
 </node>
 <node id="3174064809" visible="true" version="1" changeset="26633975" timestamp="2014-11-08T03:32:58Z" user="dmgroom_ct" uid="437598" lat="26.8588725" lon="55.3928990">
  <tag k="power" v="tower"/>
 </node>
 <node id="3174064810" visible="true" version="1" changeset="26633975" timestamp="2014-11-08T03:32:58Z" user="dmgroom_ct" uid="437598" lat="26.8608101" lon="55.3954492">
  <tag k="power" v="tower"/>
 </node>
 <node id="3174064811" visible="true" version="1" changeset="26633975" timestamp="2014-11-08T03:32:58Z" user="dmgroom_ct" uid="437598" lat="26.8627265" lon="55.3980940">
  <tag k="power" v="tower"/>
 </node>
 <node id="3174064812" visible="true" version="1" changeset="26633975" timestamp="2014-11-08T03:32:58Z" user="dmgroom_ct" uid="437598" lat="26.8647123" lon="55.4007286">
  <tag k="power" v="tower"/>
 </node>
 <node id="3174064813" visible="true" version="1" changeset="26633975" timestamp="2014-11-08T03:32:58Z" user="dmgroom_ct" uid="437598" lat="26.8666166" lon="55.4032450">
  <tag k="power" v="tower"/>
 </node>
 <node id="3174064814" visible="true" version="1" changeset="26633975" timestamp="2014-11-08T03:32:58Z" user="dmgroom_ct" uid="437598" lat="26.8685721" lon="55.4058493">
  <tag k="power" v="tower"/>
 </node>
 <node id="3174064815" visible="true" version="1" changeset="26633975" timestamp="2014-11-08T03:32:58Z" user="dmgroom_ct" uid="437598" lat="26.8705487" lon="55.4084468">
  <tag k="power" v="tower"/>
 </node>
 <node id="3174064816" visible="true" version="1" changeset="26633975" timestamp="2014-11-08T03:32:58Z" user="dmgroom_ct" uid="437598" lat="26.8725222" lon="55.4109868">
  <tag k="power" v="tower"/>
 </node>
 <node id="3174064817" visible="true" version="1" changeset="26633975" timestamp="2014-11-08T03:32:58Z" user="dmgroom_ct" uid="437598" lat="26.8746494" lon="55.4139086">
  <tag k="power" v="tower"/>
 </node>
 <node id="3174064818" visible="true" version="1" changeset="26633975" timestamp="2014-11-08T03:32:58Z" user="dmgroom_ct" uid="437598" lat="26.8766048" lon="55.4164115">
  <tag k="power" v="tower"/>
 </node>
 <node id="3174064819" visible="true" version="1" changeset="26633975" timestamp="2014-11-08T03:32:58Z" user="dmgroom_ct" uid="437598" lat="26.8789337" lon="55.4174755">
  <tag k="power" v="tower"/>
 </node>
 <node id="3174064820" visible="true" version="1" changeset="26633975" timestamp="2014-11-08T03:32:58Z" user="dmgroom_ct" uid="437598" lat="26.8811640" lon="55.4185586">
  <tag k="power" v="tower"/>
 </node>
 <node id="3174064821" visible="true" version="1" changeset="26633975" timestamp="2014-11-08T03:32:58Z" user="dmgroom_ct" uid="437598" lat="26.8840945" lon="55.4199818">
  <tag k="power" v="tower"/>
 </node>
 <node id="3174064822" visible="true" version="1" changeset="26633975" timestamp="2014-11-08T03:32:58Z" user="dmgroom_ct" uid="437598" lat="26.8870921" lon="55.4214004">
  <tag k="power" v="tower"/>
 </node>
 <node id="3174064823" visible="true" version="1" changeset="26633975" timestamp="2014-11-08T03:32:58Z" user="dmgroom_ct" uid="437598" lat="26.8900625" lon="55.4228157">
  <tag k="power" v="tower"/>
 </node>
 <node id="3174064824" visible="true" version="1" changeset="26633975" timestamp="2014-11-08T03:32:59Z" user="dmgroom_ct" uid="437598" lat="26.8929666" lon="55.4242546">
  <tag k="power" v="tower"/>
 </node>
 <node id="3174064825" visible="true" version="1" changeset="26633975" timestamp="2014-11-08T03:32:59Z" user="dmgroom_ct" uid="437598" lat="26.8958404" lon="55.4256023">
  <tag k="power" v="tower"/>
 </node>
 <node id="3174064826" visible="true" version="1" changeset="26633975" timestamp="2014-11-08T03:32:59Z" user="dmgroom_ct" uid="437598" lat="26.8980274" lon="55.4280005">
  <tag k="power" v="tower"/>
 </node>
 <node id="3174064827" visible="true" version="1" changeset="26633975" timestamp="2014-11-08T03:32:59Z" user="dmgroom_ct" uid="437598" lat="26.9002715" lon="55.4304629">
  <tag k="power" v="tower"/>
 </node>
 <node id="3174064828" visible="true" version="1" changeset="26633975" timestamp="2014-11-08T03:32:59Z" user="dmgroom_ct" uid="437598" lat="26.9027366" lon="55.4331147">
  <tag k="power" v="tower"/>
 </node>
 <node id="3174064829" visible="true" version="1" changeset="26633975" timestamp="2014-11-08T03:32:59Z" user="dmgroom_ct" uid="437598" lat="26.9051424" lon="55.4357181">
  <tag k="power" v="tower"/>
 </node>
 <node id="3174064830" visible="true" version="1" changeset="26633975" timestamp="2014-11-08T03:32:59Z" user="dmgroom_ct" uid="437598" lat="26.9074916" lon="55.4381877">
  <tag k="power" v="tower"/>
 </node>
 <node id="3174064831" visible="true" version="1" changeset="26633975" timestamp="2014-11-08T03:32:59Z" user="dmgroom_ct" uid="437598" lat="26.9097876" lon="55.4407194">
  <tag k="power" v="tower"/>
 </node>
 <node id="3174064832" visible="true" version="1" changeset="26633975" timestamp="2014-11-08T03:32:59Z" user="dmgroom_ct" uid="437598" lat="26.9121470" lon="55.4433321">
  <tag k="power" v="tower"/>
 </node>
 <node id="3174064833" visible="true" version="1" changeset="26633975" timestamp="2014-11-08T03:32:59Z" user="dmgroom_ct" uid="437598" lat="26.9146288" lon="55.4460617">
  <tag k="power" v="tower"/>
 </node>
 <node id="3174064834" visible="true" version="1" changeset="26633975" timestamp="2014-11-08T03:32:59Z" user="dmgroom_ct" uid="437598" lat="26.9168015" lon="55.4483665">
  <tag k="power" v="tower"/>
 </node>
 <node id="3174064835" visible="true" version="1" changeset="26633975" timestamp="2014-11-08T03:32:59Z" user="dmgroom_ct" uid="437598" lat="26.9191004" lon="55.4508470">
  <tag k="power" v="tower"/>
 </node>
 <node id="3174064836" visible="true" version="1" changeset="26633975" timestamp="2014-11-08T03:32:59Z" user="dmgroom_ct" uid="437598" lat="26.9215821" lon="55.4535034">
  <tag k="power" v="tower"/>
 </node>
 <node id="3174064837" visible="true" version="1" changeset="26633975" timestamp="2014-11-08T03:32:59Z" user="dmgroom_ct" uid="437598" lat="26.9239549" lon="55.4559986">
  <tag k="power" v="tower"/>
 </node>
 <node id="3174064838" visible="true" version="1" changeset="26633975" timestamp="2014-11-08T03:32:59Z" user="dmgroom_ct" uid="437598" lat="26.9262798" lon="55.4585719">
  <tag k="power" v="tower"/>
 </node>
 <node id="3174064839" visible="true" version="1" changeset="26633975" timestamp="2014-11-08T03:32:59Z" user="dmgroom_ct" uid="437598" lat="26.9286699" lon="55.4611599">
  <tag k="power" v="tower"/>
 </node>
 <node id="3174064840" visible="true" version="1" changeset="26633975" timestamp="2014-11-08T03:32:59Z" user="dmgroom_ct" uid="437598" lat="26.9309947" lon="55.4636991">
  <tag k="power" v="tower"/>
 </node>
 <node id="3174064841" visible="true" version="1" changeset="26633975" timestamp="2014-11-08T03:32:59Z" user="dmgroom_ct" uid="437598" lat="26.9333063" lon="55.4661455">
  <tag k="power" v="tower"/>
 </node>
 <node id="3174064842" visible="true" version="1" changeset="26633975" timestamp="2014-11-08T03:32:59Z" user="dmgroom_ct" uid="437598" lat="26.9356223" lon="55.4686212">
  <tag k="power" v="tower"/>
 </node>
 <node id="3174064843" visible="true" version="1" changeset="26633975" timestamp="2014-11-08T03:32:59Z" user="dmgroom_ct" uid="437598" lat="26.9375421" lon="55.4706330">
  <tag k="power" v="tower"/>
 </node>
 <node id="3174064844" visible="true" version="1" changeset="26633975" timestamp="2014-11-08T03:32:59Z" user="dmgroom_ct" uid="437598" lat="26.9396533" lon="55.4730256">
  <tag k="power" v="tower"/>
 </node>
 <node id="3174064845" visible="true" version="1" changeset="26633975" timestamp="2014-11-08T03:32:59Z" user="dmgroom_ct" uid="437598" lat="26.9418429" lon="55.4753255">
  <tag k="power" v="tower"/>
 </node>
 <node id="3174064846" visible="true" version="1" changeset="26633975" timestamp="2014-11-08T03:32:59Z" user="dmgroom_ct" uid="437598" lat="26.9433861" lon="55.4770297">
  <tag k="power" v="tower"/>
 </node>
 <node id="3174064847" visible="true" version="1" changeset="26633975" timestamp="2014-11-08T03:32:59Z" user="dmgroom_ct" uid="437598" lat="26.9455404" lon="55.4793626">
  <tag k="power" v="tower"/>
 </node>
 <node id="3174064848" visible="true" version="1" changeset="26633975" timestamp="2014-11-08T03:32:59Z" user="dmgroom_ct" uid="437598" lat="26.9461801" lon="55.4827663">
  <tag k="power" v="tower"/>
 </node>
 <node id="3174064849" visible="true" version="1" changeset="26633975" timestamp="2014-11-08T03:32:59Z" user="dmgroom_ct" uid="437598" lat="26.9468116" lon="55.4861267">
  <tag k="power" v="tower"/>
 </node>
 <node id="3174064850" visible="true" version="1" changeset="26633975" timestamp="2014-11-08T03:32:59Z" user="dmgroom_ct" uid="437598" lat="26.9474057" lon="55.4895587">
  <tag k="power" v="tower"/>
 </node>
 <node id="3174064851" visible="true" version="1" changeset="26633975" timestamp="2014-11-08T03:32:59Z" user="dmgroom_ct" uid="437598" lat="26.9479689" lon="55.4927940">
  <tag k="power" v="tower"/>
 </node>
 <node id="3174064852" visible="true" version="1" changeset="26633975" timestamp="2014-11-08T03:32:59Z" user="dmgroom_ct" uid="437598" lat="26.9485630" lon="55.4962744">
  <tag k="power" v="tower"/>
 </node>
 <node id="3174064853" visible="true" version="1" changeset="26633975" timestamp="2014-11-08T03:32:59Z" user="dmgroom_ct" uid="437598" lat="26.9491970" lon="55.4996478">
  <tag k="power" v="tower"/>
 </node>
 <node id="3174064854" visible="true" version="1" changeset="26633975" timestamp="2014-11-08T03:32:59Z" user="dmgroom_ct" uid="437598" lat="26.9497695" lon="55.5030316">
  <tag k="power" v="tower"/>
 </node>
 <node id="3174064855" visible="true" version="1" changeset="26633975" timestamp="2014-11-08T03:32:59Z" user="dmgroom_ct" uid="437598" lat="26.9503912" lon="55.5063463">
  <tag k="power" v="tower"/>
 </node>
 <node id="3174064856" visible="true" version="1" changeset="26633975" timestamp="2014-11-08T03:32:59Z" user="dmgroom_ct" uid="437598" lat="26.9509760" lon="55.5096437">
  <tag k="power" v="tower"/>
 </node>
 <node id="3174064857" visible="true" version="1" changeset="26633975" timestamp="2014-11-08T03:32:59Z" user="dmgroom_ct" uid="437598" lat="26.9515977" lon="55.5129032">
  <tag k="power" v="tower"/>
 </node>
 <node id="3174064858" visible="true" version="1" changeset="26633975" timestamp="2014-11-08T03:32:59Z" user="dmgroom_ct" uid="437598" lat="26.9521794" lon="55.5162731">
  <tag k="power" v="tower"/>
 </node>
 <node id="3174064859" visible="true" version="1" changeset="26633975" timestamp="2014-11-08T03:32:59Z" user="dmgroom_ct" uid="437598" lat="26.9527457" lon="55.5193495">
  <tag k="power" v="tower"/>
 </node>
 <node id="3174064860" visible="true" version="1" changeset="26633975" timestamp="2014-11-08T03:32:59Z" user="dmgroom_ct" uid="437598" lat="26.9536013" lon="55.5212210">
  <tag k="power" v="tower"/>
 </node>
 <node id="3174064961" visible="true" version="1" changeset="26633975" timestamp="2014-11-08T03:32:59Z" user="dmgroom_ct" uid="437598" lat="26.9547032" lon="55.5239383">
  <tag k="power" v="tower"/>
 </node>
 <node id="3174064962" visible="true" version="1" changeset="26633975" timestamp="2014-11-08T03:33:00Z" user="dmgroom_ct" uid="437598" lat="26.9558881" lon="55.5266522">
  <tag k="power" v="tower"/>
 </node>
 <node id="3174064963" visible="true" version="1" changeset="26633975" timestamp="2014-11-08T03:33:00Z" user="dmgroom_ct" uid="437598" lat="26.9571930" lon="55.5297114">
  <tag k="power" v="tower"/>
 </node>
 <node id="3174064964" visible="true" version="1" changeset="26633975" timestamp="2014-11-08T03:33:00Z" user="dmgroom_ct" uid="437598" lat="26.9587749" lon="55.5332920">
  <tag k="power" v="tower"/>
 </node>
 <node id="3174064965" visible="true" version="1" changeset="26633975" timestamp="2014-11-08T03:33:00Z" user="dmgroom_ct" uid="437598" lat="26.9602367" lon="55.5367379">
  <tag k="power" v="tower"/>
 </node>
 <node id="3174064966" visible="true" version="1" changeset="26633975" timestamp="2014-11-08T03:33:00Z" user="dmgroom_ct" uid="437598" lat="26.9614580" lon="55.5483098">
  <tag k="power" v="tower"/>
 </node>
 <node id="3174064967" visible="true" version="1" changeset="26633975" timestamp="2014-11-08T03:33:00Z" user="dmgroom_ct" uid="437598" lat="26.9624341" lon="55.5418169">
  <tag k="power" v="tower"/>
 </node>
 <node id="3174064968" visible="true" version="1" changeset="26633975" timestamp="2014-11-08T03:33:00Z" user="dmgroom_ct" uid="437598" lat="26.9636929" lon="55.5499309">
  <tag k="power" v="tower"/>
 </node>
 <node id="3174064969" visible="true" version="1" changeset="26633975" timestamp="2014-11-08T03:33:00Z" user="dmgroom_ct" uid="437598" lat="26.9638036" lon="55.5449728">
  <tag k="power" v="tower"/>
 </node>
 <node id="3174064974" visible="true" version="1" changeset="26633975" timestamp="2014-11-08T03:33:00Z" user="dmgroom_ct" uid="437598" lat="26.9647974" lon="55.6087366">
  <tag k="power" v="tower"/>
 </node>
 <node id="3174064975" visible="true" version="1" changeset="26633975" timestamp="2014-11-08T03:33:00Z" user="dmgroom_ct" uid="437598" lat="26.9658962" lon="55.5499103">
  <tag k="power" v="tower"/>
 </node>
 <node id="3174064976" visible="true" version="1" changeset="26633975" timestamp="2014-11-08T03:33:00Z" user="dmgroom_ct" uid="437598" lat="26.9661801" lon="55.5517547">
  <tag k="power" v="tower"/>
 </node>
 <node id="3174064977" visible="true" version="1" changeset="26633975" timestamp="2014-11-08T03:33:00Z" user="dmgroom_ct" uid="437598" lat="26.9663808" lon="55.6114569">
  <tag k="power" v="tower"/>
 </node>
 <node id="3174064978" visible="true" version="1" changeset="26633975" timestamp="2014-11-08T03:33:00Z" user="dmgroom_ct" uid="437598" lat="26.9667164" lon="55.6132783">
  <tag k="power" v="tower"/>
 </node>
 <node id="3174064979" visible="true" version="1" changeset="26633975" timestamp="2014-11-08T03:33:00Z" user="dmgroom_ct" uid="437598" lat="26.9668102" lon="55.5519993">
  <tag k="power" v="tower"/>
 </node>
 <node id="3174064980" visible="true" version="1" changeset="26633975" timestamp="2014-11-08T03:33:00Z" user="dmgroom_ct" uid="437598" lat="26.9668878" lon="55.6126704">
  <tag k="power" v="tower"/>
 </node>
 <node id="3174064981" visible="true" version="1" changeset="26633975" timestamp="2014-11-08T03:33:00Z" user="dmgroom_ct" uid="437598" lat="26.9670447" lon="55.6131723">
  <tag k="power" v="tower"/>
 </node>
 <node id="3174064982" visible="true" version="1" changeset="26633975" timestamp="2014-11-08T03:33:00Z" user="dmgroom_ct" uid="437598" lat="26.9670897" lon="55.5541816">
  <tag k="power" v="tower"/>
 </node>
 <node id="3174064983" visible="true" version="1" changeset="26633975" timestamp="2014-11-08T03:33:00Z" user="dmgroom_ct" uid="437598" lat="26.9676484" lon="55.6154169">
  <tag k="power" v="tower"/>
 </node>
 <node id="3174064984" visible="true" version="1" changeset="26633975" timestamp="2014-11-08T03:33:00Z" user="dmgroom_ct" uid="437598" lat="26.9678318" lon="55.6140583">
  <tag k="power" v="tower"/>
 </node>
 <node id="3174064985" visible="true" version="1" changeset="26633975" timestamp="2014-11-08T03:33:00Z" user="dmgroom_ct" uid="437598" lat="26.9680842" lon="55.5569886">
  <tag k="power" v="tower"/>
 </node>
 <node id="3174064986" visible="true" version="1" changeset="26633975" timestamp="2014-11-08T03:33:00Z" user="dmgroom_ct" uid="437598" lat="26.9683943" lon="55.6110647">
  <tag k="power" v="tower"/>
 </node>
 <node id="3174064987" visible="true" version="1" changeset="26633975" timestamp="2014-11-08T03:33:00Z" user="dmgroom_ct" uid="437598" lat="26.9684221" lon="55.6164604">
  <tag k="power" v="tower"/>
 </node>
 <node id="3174064988" visible="true" version="1" changeset="26633975" timestamp="2014-11-08T03:33:00Z" user="dmgroom_ct" uid="437598" lat="26.9684504" lon="55.5564016">
  <tag k="power" v="tower"/>
 </node>
 <node id="3174064989" visible="true" version="1" changeset="26633975" timestamp="2014-11-08T03:33:00Z" user="dmgroom_ct" uid="437598" lat="26.9684973" lon="55.6114642">
  <tag k="power" v="tower"/>
 </node>
 <node id="3174064990" visible="true" version="1" changeset="26633975" timestamp="2014-11-08T03:33:00Z" user="dmgroom_ct" uid="437598" lat="26.9686055" lon="55.6175675">
  <tag k="power" v="tower"/>
 </node>
 <node id="3174064991" visible="true" version="1" changeset="26633975" timestamp="2014-11-08T03:33:00Z" user="dmgroom_ct" uid="437598" lat="26.9690290" lon="55.5596127">
  <tag k="power" v="tower"/>
 </node>
 <node id="3174064992" visible="true" version="1" changeset="26633975" timestamp="2014-11-08T03:33:00Z" user="dmgroom_ct" uid="437598" lat="26.9692283" lon="55.6172769">
  <tag k="power" v="tower"/>
 </node>
 <node id="3174064993" visible="true" version="1" changeset="26633975" timestamp="2014-11-08T03:33:00Z" user="dmgroom_ct" uid="437598" lat="26.9693921" lon="55.5588807">
  <tag k="power" v="tower"/>
 </node>
 <node id="3174064994" visible="true" version="1" changeset="26633975" timestamp="2014-11-08T03:33:00Z" user="dmgroom_ct" uid="437598" lat="26.9696475" lon="55.6199319">
  <tag k="power" v="tower"/>
 </node>
 <node id="3174064995" visible="true" version="1" changeset="26633975" timestamp="2014-11-08T03:33:00Z" user="dmgroom_ct" uid="437598" lat="26.9697406" lon="55.6195237">
  <tag k="power" v="tower"/>
 </node>
 <node id="3174064996" visible="true" version="1" changeset="26633975" timestamp="2014-11-08T03:33:00Z" user="dmgroom_ct" uid="437598" lat="26.9699737" lon="55.5620159">
  <tag k="power" v="tower"/>
 </node>
 <node id="3174064997" visible="true" version="1" changeset="26633975" timestamp="2014-11-08T03:33:00Z" user="dmgroom_ct" uid="437598" lat="26.9701026" lon="55.6096260">
  <tag k="power" v="tower"/>
 </node>
 <node id="3174064998" visible="true" version="1" changeset="26633975" timestamp="2014-11-08T03:33:01Z" user="dmgroom_ct" uid="437598" lat="26.9704236" lon="55.6097461">
  <tag k="power" v="tower"/>
 </node>
 <node id="3174064999" visible="true" version="1" changeset="26633975" timestamp="2014-11-08T03:33:01Z" user="dmgroom_ct" uid="437598" lat="26.9705153" lon="55.5619054">
  <tag k="power" v="tower"/>
 </node>
 <node id="3174065000" visible="true" version="1" changeset="26633975" timestamp="2014-11-08T03:33:01Z" user="dmgroom_ct" uid="437598" lat="26.9705206" lon="55.6202030">
  <tag k="power" v="tower"/>
 </node>
 <node id="3174065001" visible="true" version="1" changeset="26633975" timestamp="2014-11-08T03:33:01Z" user="dmgroom_ct" uid="437598" lat="26.9707831" lon="55.6225819">
  <tag k="power" v="tower"/>
 </node>
 <node id="3174065002" visible="true" version="1" changeset="26633975" timestamp="2014-11-08T03:33:01Z" user="dmgroom_ct" uid="437598" lat="26.9709908" lon="55.5646764">
  <tag k="power" v="tower"/>
 </node>
 <node id="3174065003" visible="true" version="1" changeset="26633975" timestamp="2014-11-08T03:33:01Z" user="dmgroom_ct" uid="437598" lat="26.9710052" lon="55.6224563">
  <tag k="power" v="tower"/>
 </node>
 <node id="3174065004" visible="true" version="1" changeset="26633975" timestamp="2014-11-08T03:33:01Z" user="dmgroom_ct" uid="437598" lat="26.9717202" lon="55.6082659">
  <tag k="power" v="tower"/>
 </node>
 <node id="3174065005" visible="true" version="1" changeset="26633975" timestamp="2014-11-08T03:33:01Z" user="dmgroom_ct" uid="437598" lat="26.9717232" lon="55.6229444">
  <tag k="power" v="tower"/>
 </node>
 <node id="3174065006" visible="true" version="1" changeset="26633975" timestamp="2014-11-08T03:33:01Z" user="dmgroom_ct" uid="437598" lat="26.9717475" lon="55.5651323">
  <tag k="power" v="tower"/>
 </node>
 <node id="3174065007" visible="true" version="1" changeset="26633975" timestamp="2014-11-08T03:33:01Z" user="dmgroom_ct" uid="437598" lat="26.9720928" lon="55.6255505">
  <tag k="power" v="tower"/>
 </node>
 <node id="3174065008" visible="true" version="1" changeset="26633975" timestamp="2014-11-08T03:33:01Z" user="dmgroom_ct" uid="437598" lat="26.9722247" lon="55.5679040">
  <tag k="power" v="tower"/>
 </node>
 <node id="3174065009" visible="true" version="1" changeset="26633975" timestamp="2014-11-08T03:33:01Z" user="dmgroom_ct" uid="437598" lat="26.9722384" lon="55.6253186">
  <tag k="power" v="tower"/>
 </node>
 <node id="3174065010" visible="true" version="1" changeset="26633975" timestamp="2014-11-08T03:33:01Z" user="dmgroom_ct" uid="437598" lat="26.9725993" lon="55.6250998">
  <tag k="power" v="tower"/>
 </node>
 <node id="3174065011" visible="true" version="1" changeset="26633975" timestamp="2014-11-08T03:33:01Z" user="dmgroom_ct" uid="437598" lat="26.9726319" lon="55.6077579">
  <tag k="power" v="tower"/>
 </node>
 <node id="3174065012" visible="true" version="1" changeset="26633975" timestamp="2014-11-08T03:33:01Z" user="dmgroom_ct" uid="437598" lat="26.9728833" lon="55.5682501">
  <tag k="power" v="tower"/>
 </node>
 <node id="3174065013" visible="true" version="1" changeset="26633975" timestamp="2014-11-08T03:33:01Z" user="dmgroom_ct" uid="437598" lat="26.9729625" lon="55.6276507">
  <tag k="power" v="tower"/>
 </node>
 <node id="3174065014" visible="true" version="1" changeset="26633975" timestamp="2014-11-08T03:33:01Z" user="dmgroom_ct" uid="437598" lat="26.9731065" lon="55.6274382">
  <tag k="power" v="tower"/>
 </node>
 <node id="3174065015" visible="true" version="1" changeset="26633975" timestamp="2014-11-08T03:33:01Z" user="dmgroom_ct" uid="437598" lat="26.9734056" lon="55.5709932">
  <tag k="power" v="tower"/>
 </node>
 <node id="3174065016" visible="true" version="1" changeset="26633975" timestamp="2014-11-08T03:33:01Z" user="dmgroom_ct" uid="437598" lat="26.9735326" lon="55.6272071">
  <tag k="power" v="tower"/>
 </node>
 <node id="3174065017" visible="true" version="1" changeset="26633975" timestamp="2014-11-08T03:33:01Z" user="dmgroom_ct" uid="437598" lat="26.9736193" lon="55.6065793">
  <tag k="power" v="tower"/>
 </node>
 <node id="3174065018" visible="true" version="1" changeset="26633975" timestamp="2014-11-08T03:33:02Z" user="dmgroom_ct" uid="437598" lat="26.9741388" lon="55.5716560">
  <tag k="power" v="tower"/>
 </node>
 <node id="3174065019" visible="true" version="1" changeset="26633975" timestamp="2014-11-08T03:33:02Z" user="dmgroom_ct" uid="437598" lat="26.9742654" lon="55.6063202">
  <tag k="power" v="tower"/>
 </node>
 <node id="3174065020" visible="true" version="1" changeset="26633975" timestamp="2014-11-08T03:33:02Z" user="dmgroom_ct" uid="437598" lat="26.9742695" lon="55.5732532">
  <tag k="power" v="tower"/>
 </node>
 <node id="3174065021" visible="true" version="1" changeset="26633975" timestamp="2014-11-08T03:33:02Z" user="dmgroom_ct" uid="437598" lat="26.9747006" lon="55.6291569">
  <tag k="power" v="tower"/>
 </node>
 <node id="3174065022" visible="true" version="1" changeset="26633975" timestamp="2014-11-08T03:33:02Z" user="dmgroom_ct" uid="437598" lat="26.9749330" lon="55.6289708">
  <tag k="power" v="tower"/>
 </node>
 <node id="3174065023" visible="true" version="1" changeset="26633975" timestamp="2014-11-08T03:33:02Z" user="dmgroom_ct" uid="437598" lat="26.9750557" lon="55.6048555">
  <tag k="power" v="tower"/>
 </node>
 <node id="3174065024" visible="true" version="1" changeset="26633975" timestamp="2014-11-08T03:33:02Z" user="dmgroom_ct" uid="437598" lat="26.9753421" lon="55.5747811">
  <tag k="power" v="tower"/>
 </node>
 <node id="3174065025" visible="true" version="1" changeset="26633975" timestamp="2014-11-08T03:33:02Z" user="dmgroom_ct" uid="437598" lat="26.9754267" lon="55.5762802">
  <tag k="power" v="tower"/>
 </node>
 <node id="3174065026" visible="true" version="1" changeset="26633975" timestamp="2014-11-08T03:33:02Z" user="dmgroom_ct" uid="437598" lat="26.9756130" lon="55.6291770">
  <tag k="power" v="tower"/>
 </node>
 <node id="3174065027" visible="true" version="1" changeset="26633975" timestamp="2014-11-08T03:33:02Z" user="dmgroom_ct" uid="437598" lat="26.9762812" lon="55.6039003">
  <tag k="power" v="tower"/>
 </node>
 <node id="3174065028" visible="true" version="1" changeset="26633975" timestamp="2014-11-08T03:33:02Z" user="dmgroom_ct" uid="437598" lat="26.9763858" lon="55.5787893">
  <tag k="power" v="tower"/>
 </node>
 <node id="3174065029" visible="true" version="1" changeset="26633975" timestamp="2014-11-08T03:33:02Z" user="dmgroom_ct" uid="437598" lat="26.9764966" lon="55.6031116">
  <tag k="power" v="tower"/>
 </node>
 <node id="3174065030" visible="true" version="1" changeset="26633975" timestamp="2014-11-08T03:33:02Z" user="dmgroom_ct" uid="437598" lat="26.9765410" lon="55.5781162">
  <tag k="power" v="tower"/>
 </node>
 <node id="3174065031" visible="true" version="1" changeset="26633975" timestamp="2014-11-08T03:33:02Z" user="dmgroom_ct" uid="437598" lat="26.9772296" lon="55.5809964">
  <tag k="power" v="tower"/>
 </node>
 <node id="3174065032" visible="true" version="1" changeset="26633975" timestamp="2014-11-08T03:33:02Z" user="dmgroom_ct" uid="437598" lat="26.9772764" lon="55.6309211">
  <tag k="power" v="tower"/>
 </node>
 <node id="3174065033" visible="true" version="1" changeset="26633975" timestamp="2014-11-08T03:33:02Z" user="dmgroom_ct" uid="437598" lat="26.9774393" lon="55.6315383">
  <tag k="power" v="tower"/>
 </node>
 <node id="3174065034" visible="true" version="1" changeset="26633975" timestamp="2014-11-08T03:33:02Z" user="dmgroom_ct" uid="437598" lat="26.9776296" lon="55.6308643">
  <tag k="power" v="tower"/>
 </node>
 <node id="3174065035" visible="true" version="1" changeset="26633975" timestamp="2014-11-08T03:33:02Z" user="dmgroom_ct" uid="437598" lat="26.9776398" lon="55.5809703">
  <tag k="power" v="tower"/>
 </node>
 <node id="3174065036" visible="true" version="1" changeset="26633975" timestamp="2014-11-08T03:33:02Z" user="dmgroom_ct" uid="437598" lat="26.9780005" lon="55.5830131">
  <tag k="power" v="tower"/>
 </node>
 <node id="3174065037" visible="true" version="1" changeset="26633975" timestamp="2014-11-08T03:33:02Z" user="dmgroom_ct" uid="437598" lat="26.9782635" lon="55.6009764">
  <tag k="power" v="tower"/>
 </node>
 <node id="3174065038" visible="true" version="1" changeset="26633975" timestamp="2014-11-08T03:33:02Z" user="dmgroom_ct" uid="437598" lat="26.9784392" lon="55.6013757">
  <tag k="power" v="tower"/>
 </node>
 <node id="3174065039" visible="true" version="1" changeset="26633975" timestamp="2014-11-08T03:33:02Z" user="dmgroom_ct" uid="437598" lat="26.9786705" lon="55.5995388">
  <tag k="power" v="tower"/>
 </node>
 <node id="3174065040" visible="true" version="1" changeset="26633975" timestamp="2014-11-08T03:33:02Z" user="dmgroom_ct" uid="437598" lat="26.9787491" lon="55.6321944">
  <tag k="power" v="tower"/>
 </node>
 <node id="3174065041" visible="true" version="1" changeset="26633975" timestamp="2014-11-08T03:33:02Z" user="dmgroom_ct" uid="437598" lat="26.9787983" lon="55.5851002">
  <tag k="power" v="tower"/>
 </node>
 <node id="3174065042" visible="true" version="1" changeset="26633975" timestamp="2014-11-08T03:33:02Z" user="dmgroom_ct" uid="437598" lat="26.9789507" lon="55.6327578">
  <tag k="power" v="tower"/>
 </node>
 <node id="3174065043" visible="true" version="1" changeset="26633975" timestamp="2014-11-08T03:33:02Z" user="dmgroom_ct" uid="437598" lat="26.9790932" lon="55.5848450">
  <tag k="power" v="tower"/>
 </node>
 <node id="3174065044" visible="true" version="1" changeset="26633975" timestamp="2014-11-08T03:33:02Z" user="dmgroom_ct" uid="437598" lat="26.9793445" lon="55.5971554">
  <tag k="power" v="tower"/>
 </node>
 <node id="3174065045" visible="true" version="1" changeset="26633975" timestamp="2014-11-08T03:33:02Z" user="dmgroom_ct" uid="437598" lat="26.9794112" lon="55.5978442">
  <tag k="power" v="tower"/>
 </node>
 <node id="3174065046" visible="true" version="1" changeset="26633975" timestamp="2014-11-08T03:33:02Z" user="dmgroom_ct" uid="437598" lat="26.9795233" lon="55.5869968">
  <tag k="power" v="tower"/>
 </node>
 <node id="3174065047" visible="true" version="1" changeset="26633975" timestamp="2014-11-08T03:33:02Z" user="dmgroom_ct" uid="437598" lat="26.9795270" lon="55.6324138">
  <tag k="power" v="tower"/>
 </node>
 <node id="3174065048" visible="true" version="1" changeset="26633975" timestamp="2014-11-08T03:33:02Z" user="dmgroom_ct" uid="437598" lat="26.9802268" lon="55.5940628">
  <tag k="power" v="tower"/>
 </node>
 <node id="3174065049" visible="true" version="1" changeset="26633975" timestamp="2014-11-08T03:33:02Z" user="dmgroom_ct" uid="437598" lat="26.9802875" lon="55.5946721">
  <tag k="power" v="tower"/>
 </node>
 <node id="3174065050" visible="true" version="1" changeset="26633975" timestamp="2014-11-08T03:33:02Z" user="dmgroom_ct" uid="437598" lat="26.9802909" lon="55.5890050">
  <tag k="power" v="tower"/>
 </node>
 <node id="3174065051" visible="true" version="1" changeset="26633975" timestamp="2014-11-08T03:33:02Z" user="dmgroom_ct" uid="437598" lat="26.9804183" lon="55.5883022">
  <tag k="power" v="tower"/>
 </node>
 <node id="3174065052" visible="true" version="1" changeset="26633975" timestamp="2014-11-08T03:33:02Z" user="dmgroom_ct" uid="437598" lat="26.9806847" lon="55.6342667">
  <tag k="power" v="tower"/>
 </node>
 <node id="3174065053" visible="true" version="1" changeset="26633975" timestamp="2014-11-08T03:33:02Z" user="dmgroom_ct" uid="437598" lat="26.9807403" lon="55.6338742">
  <tag k="power" v="tower"/>
 </node>
 <node id="3174065054" visible="true" version="1" changeset="26633975" timestamp="2014-11-08T03:33:02Z" user="dmgroom_ct" uid="437598" lat="26.9810737" lon="55.6337448">
  <tag k="power" v="tower"/>
 </node>
 <node id="3174065055" visible="true" version="1" changeset="26633975" timestamp="2014-11-08T03:33:02Z" user="dmgroom_ct" uid="437598" lat="26.9810912" lon="55.5910986">
  <tag k="power" v="tower"/>
 </node>
 <node id="3174065056" visible="true" version="1" changeset="26633975" timestamp="2014-11-08T03:33:03Z" user="dmgroom_ct" uid="437598" lat="26.9813756" lon="55.5909121">
  <tag k="power" v="tower"/>
 </node>
 <node id="3174065057" visible="true" version="1" changeset="26633975" timestamp="2014-11-08T03:33:03Z" user="dmgroom_ct" uid="437598" lat="26.9822014" lon="55.6362573">
  <tag k="power" v="tower"/>
 </node>
 <node id="3174065058" visible="true" version="1" changeset="26633975" timestamp="2014-11-08T03:33:03Z" user="dmgroom_ct" uid="437598" lat="26.9822261" lon="55.6368138">
  <tag k="power" v="tower"/>
 </node>
 <node id="3174065059" visible="true" version="1" changeset="26633975" timestamp="2014-11-08T03:33:03Z" user="dmgroom_ct" uid="437598" lat="26.9822467" lon="55.6356638">
  <tag k="power" v="tower"/>
 </node>
 <node id="3174065060" visible="true" version="1" changeset="26633975" timestamp="2014-11-08T03:33:03Z" user="dmgroom_ct" uid="437598" lat="26.9834774" lon="55.6377785">
  <tag k="power" v="tower"/>
 </node>
 <node id="3174065061" visible="true" version="1" changeset="26633975" timestamp="2014-11-08T03:33:03Z" user="dmgroom_ct" uid="437598" lat="26.9836084" lon="55.6385622">
  <tag k="power" v="tower"/>
 </node>
 <node id="3174065062" visible="true" version="1" changeset="26633975" timestamp="2014-11-08T03:33:03Z" user="dmgroom_ct" uid="437598" lat="26.9836686" lon="55.6392108">
  <tag k="power" v="tower"/>
 </node>
 <node id="3174065063" visible="true" version="1" changeset="26633975" timestamp="2014-11-08T03:33:03Z" user="dmgroom_ct" uid="437598" lat="26.9849616" lon="55.6401674">
  <tag k="power" v="tower"/>
 </node>
 <node id="3174065064" visible="true" version="1" changeset="26633975" timestamp="2014-11-08T03:33:03Z" user="dmgroom_ct" uid="437598" lat="26.9851954" lon="55.6417223">
  <tag k="power" v="tower"/>
 </node>
 <node id="3174065065" visible="true" version="1" changeset="26633975" timestamp="2014-11-08T03:33:03Z" user="dmgroom_ct" uid="437598" lat="26.9853252" lon="55.6413376">
  <tag k="power" v="tower"/>
 </node>
 <node id="3174065066" visible="true" version="1" changeset="26633975" timestamp="2014-11-08T03:33:03Z" user="dmgroom_ct" uid="437598" lat="26.9862618" lon="55.6423199">
  <tag k="power" v="tower"/>
 </node>
 <node id="3174065067" visible="true" version="1" changeset="26633975" timestamp="2014-11-08T03:33:03Z" user="dmgroom_ct" uid="437598" lat="26.9865959" lon="55.6441233">
  <tag k="power" v="tower"/>
 </node>
 <node id="3174065068" visible="true" version="1" changeset="26633975" timestamp="2014-11-08T03:33:03Z" user="dmgroom_ct" uid="437598" lat="26.9870868" lon="55.6442685">
  <tag k="power" v="tower"/>
 </node>
 <node id="3174065069" visible="true" version="1" changeset="26633975" timestamp="2014-11-08T03:33:03Z" user="dmgroom_ct" uid="437598" lat="26.9878947" lon="55.6449867">
  <tag k="power" v="tower"/>
 </node>
 <node id="3174065070" visible="true" version="1" changeset="26633975" timestamp="2014-11-08T03:33:03Z" user="dmgroom_ct" uid="437598" lat="26.9879978" lon="55.6465439">
  <tag k="power" v="tower"/>
 </node>
 <node id="3174065071" visible="true" version="1" changeset="26633975" timestamp="2014-11-08T03:33:03Z" user="dmgroom_ct" uid="437598" lat="26.9880585" lon="55.6491043">
  <tag k="power" v="tower"/>
 </node>
 <node id="3174065072" visible="true" version="1" changeset="26633975" timestamp="2014-11-08T03:33:03Z" user="dmgroom_ct" uid="437598" lat="26.9887576" lon="55.6469086">
  <tag k="power" v="tower"/>
 </node>
 <node id="3174065073" visible="true" version="1" changeset="26633975" timestamp="2014-11-08T03:33:03Z" user="dmgroom_ct" uid="437598" lat="26.9887754" lon="55.6517708">
  <tag k="power" v="tower"/>
 </node>
 <node id="3174065074" visible="true" version="1" changeset="26633975" timestamp="2014-11-08T03:33:03Z" user="dmgroom_ct" uid="437598" lat="26.9889580" lon="55.6491807">
  <tag k="power" v="tower"/>
 </node>
 <node id="3174065075" visible="true" version="1" changeset="26633975" timestamp="2014-11-08T03:33:03Z" user="dmgroom_ct" uid="437598" lat="26.9891072" lon="55.6514671">
  <tag k="power" v="tower"/>
 </node>
 <node id="3174065076" visible="true" version="1" changeset="26633975" timestamp="2014-11-08T03:33:03Z" user="dmgroom_ct" uid="437598" lat="26.9893236" lon="55.6473445">
  <tag k="power" v="tower"/>
 </node>
 <node id="3174065077" visible="true" version="1" changeset="26633975" timestamp="2014-11-08T03:33:03Z" user="dmgroom_ct" uid="437598" lat="26.9900205" lon="55.6542530">
  <tag k="power" v="tower"/>
 </node>
 <node id="3174065078" visible="true" version="1" changeset="26633975" timestamp="2014-11-08T03:33:03Z" user="dmgroom_ct" uid="437598" lat="26.9904527" lon="55.6492338">
  <tag k="power" v="tower"/>
 </node>
 <node id="3174065079" visible="true" version="1" changeset="26633975" timestamp="2014-11-08T03:33:03Z" user="dmgroom_ct" uid="437598" lat="26.9907005" lon="55.6547153">
  <tag k="power" v="tower"/>
 </node>
 <node id="3174065080" visible="true" version="1" changeset="26633975" timestamp="2014-11-08T03:33:03Z" user="dmgroom_ct" uid="437598" lat="26.9911326" lon="55.6564703">
  <tag k="power" v="tower"/>
 </node>
 <node id="3174065081" visible="true" version="1" changeset="26633975" timestamp="2014-11-08T03:33:03Z" user="dmgroom_ct" uid="437598" lat="26.9917561" lon="55.6505782">
  <tag k="power" v="tower"/>
 </node>
 <node id="3174065082" visible="true" version="1" changeset="26633975" timestamp="2014-11-08T03:33:03Z" user="dmgroom_ct" uid="437598" lat="26.9922643" lon="55.6578789">
  <tag k="power" v="tower"/>
 </node>
 <node id="3174065083" visible="true" version="1" changeset="26633975" timestamp="2014-11-08T03:33:03Z" user="dmgroom_ct" uid="437598" lat="26.9923343" lon="55.6588996">
  <tag k="power" v="tower"/>
 </node>
 <node id="3174065084" visible="true" version="1" changeset="26633975" timestamp="2014-11-08T03:33:03Z" user="dmgroom_ct" uid="437598" lat="26.9935113" lon="55.6603498">
  <tag k="power" v="tower"/>
 </node>
 <node id="3174065085" visible="true" version="1" changeset="26633975" timestamp="2014-11-08T03:33:03Z" user="dmgroom_ct" uid="437598" lat="26.9935154" lon="55.6612966">
  <tag k="power" v="tower"/>
 </node>
 <node id="3174065086" visible="true" version="1" changeset="26633975" timestamp="2014-11-08T03:33:03Z" user="dmgroom_ct" uid="437598" lat="26.9946018" lon="55.6634903">
  <tag k="power" v="tower"/>
 </node>
 <node id="3174065087" visible="true" version="1" changeset="26633975" timestamp="2014-11-08T03:33:03Z" user="dmgroom_ct" uid="437598" lat="26.9946388" lon="55.6627237">
  <tag k="power" v="tower"/>
 </node>
 <node id="3174065088" visible="true" version="1" changeset="26633975" timestamp="2014-11-08T03:33:03Z" user="dmgroom_ct" uid="437598" lat="26.9956183" lon="55.6656333">
  <tag k="power" v="tower"/>
 </node>
 <node id="3174065089" visible="true" version="1" changeset="26633975" timestamp="2014-11-08T03:33:03Z" user="dmgroom_ct" uid="437598" lat="26.9959475" lon="55.6654624">
  <tag k="power" v="tower"/>
 </node>
 <node id="3174065090" visible="true" version="1" changeset="26633975" timestamp="2014-11-08T03:33:03Z" user="dmgroom_ct" uid="437598" lat="26.9963179" lon="55.6683028">
  <tag k="power" v="tower"/>
 </node>
 <node id="3174065091" visible="true" version="1" changeset="26633975" timestamp="2014-11-08T03:33:03Z" user="dmgroom_ct" uid="437598" lat="26.9967129" lon="55.6683166">
  <tag k="power" v="tower"/>
 </node>
 <node id="3174065092" visible="true" version="1" changeset="26633975" timestamp="2014-11-08T03:33:03Z" user="dmgroom_ct" uid="437598" lat="26.9971164" lon="55.6713927">
  <tag k="power" v="tower"/>
 </node>
 <node id="3174065093" visible="true" version="1" changeset="26633975" timestamp="2014-11-08T03:33:04Z" user="dmgroom_ct" uid="437598" lat="26.9975063" lon="55.6714515">
  <tag k="power" v="tower"/>
 </node>
 <node id="3174065094" visible="true" version="1" changeset="26633975" timestamp="2014-11-08T03:33:04Z" user="dmgroom_ct" uid="437598" lat="26.9977766" lon="55.6740054">
  <tag k="power" v="tower"/>
 </node>
 <node id="3174065095" visible="true" version="1" changeset="26633975" timestamp="2014-11-08T03:33:04Z" user="dmgroom_ct" uid="437598" lat="26.9983181" lon="55.6746748">
  <tag k="power" v="tower"/>
 </node>
 <node id="3174065096" visible="true" version="1" changeset="26633975" timestamp="2014-11-08T03:33:04Z" user="dmgroom_ct" uid="437598" lat="26.9984323" lon="55.6766001">
  <tag k="power" v="tower"/>
 </node>
 <node id="3174065097" visible="true" version="1" changeset="26633975" timestamp="2014-11-08T03:33:04Z" user="dmgroom_ct" uid="437598" lat="26.9989755" lon="55.6787497">
  <tag k="power" v="tower"/>
 </node>
 <node id="3174065098" visible="true" version="1" changeset="26633975" timestamp="2014-11-08T03:33:04Z" user="dmgroom_ct" uid="437598" lat="26.9992923" lon="55.6785072">
  <tag k="power" v="tower"/>
 </node>
 <node id="3174065099" visible="true" version="1" changeset="26633975" timestamp="2014-11-08T03:33:04Z" user="dmgroom_ct" uid="437598" lat="26.9998576" lon="55.6812368">
  <tag k="power" v="tower"/>
 </node>
 <node id="3174065100" visible="true" version="1" changeset="26633975" timestamp="2014-11-08T03:33:04Z" user="dmgroom_ct" uid="437598" lat="27.0006297" lon="55.6822227">
  <tag k="power" v="tower"/>
 </node>
 <node id="3174065101" visible="true" version="1" changeset="26633975" timestamp="2014-11-08T03:33:04Z" user="dmgroom_ct" uid="437598" lat="27.0006668" lon="55.6835182">
  <tag k="power" v="tower"/>
 </node>
 <node id="3174065102" visible="true" version="1" changeset="26633975" timestamp="2014-11-08T03:33:04Z" user="dmgroom_ct" uid="437598" lat="27.0010809" lon="55.7272159">
  <tag k="power" v="tower"/>
 </node>
 <node id="3174065103" visible="true" version="1" changeset="26633975" timestamp="2014-11-08T03:33:04Z" user="dmgroom_ct" uid="437598" lat="27.0016464" lon="55.6863868">
  <tag k="power" v="tower"/>
 </node>
 <node id="3174065104" visible="true" version="1" changeset="26633975" timestamp="2014-11-08T03:33:04Z" user="dmgroom_ct" uid="437598" lat="27.0018821" lon="55.6858186">
  <tag k="power" v="tower"/>
 </node>
 <node id="3174065105" visible="true" version="1" changeset="26633975" timestamp="2014-11-08T03:33:04Z" user="dmgroom_ct" uid="437598" lat="27.0026015" lon="55.6891270">
  <tag k="power" v="tower"/>
 </node>
 <node id="3174065106" visible="true" version="1" changeset="26633975" timestamp="2014-11-08T03:33:04Z" user="dmgroom_ct" uid="437598" lat="27.0030838" lon="55.6892607">
  <tag k="power" v="tower"/>
 </node>
 <node id="3174065107" visible="true" version="1" changeset="26633975" timestamp="2014-11-08T03:33:04Z" user="dmgroom_ct" uid="437598" lat="27.0036491" lon="55.6921326">
  <tag k="power" v="tower"/>
 </node>
 <node id="3174065108" visible="true" version="1" changeset="26633975" timestamp="2014-11-08T03:33:04Z" user="dmgroom_ct" uid="437598" lat="27.0039976" lon="55.7246328">
  <tag k="power" v="tower"/>
 </node>
 <node id="3174065109" visible="true" version="1" changeset="26633975" timestamp="2014-11-08T03:33:04Z" user="dmgroom_ct" uid="437598" lat="27.0043175" lon="55.6928399">
  <tag k="power" v="tower"/>
 </node>
 <node id="3174065110" visible="true" version="1" changeset="26633975" timestamp="2014-11-08T03:33:04Z" user="dmgroom_ct" uid="437598" lat="27.0045989" lon="55.6948572">
  <tag k="power" v="tower"/>
 </node>
 <node id="3174065111" visible="true" version="1" changeset="26633975" timestamp="2014-11-08T03:33:04Z" user="dmgroom_ct" uid="437598" lat="27.0055192" lon="55.6963441">
  <tag k="power" v="tower"/>
 </node>
 <node id="3174065112" visible="true" version="1" changeset="26633975" timestamp="2014-11-08T03:33:04Z" user="dmgroom_ct" uid="437598" lat="27.0055827" lon="55.6976799">
  <tag k="power" v="tower"/>
 </node>
 <node id="3174065113" visible="true" version="2" changeset="28241268" timestamp="2015-01-18T22:05:59Z" user="dmgroom_ct" uid="437598" lat="27.0044585" lon="55.6753704">
  <tag k="power" v="tower"/>
 </node>
 <node id="3174065114" visible="true" version="1" changeset="26633975" timestamp="2014-11-08T03:33:04Z" user="dmgroom_ct" uid="437598" lat="27.0061437" lon="55.6778405">
  <tag k="power" v="tower"/>
 </node>
 <node id="3174065115" visible="true" version="1" changeset="26633975" timestamp="2014-11-08T03:33:04Z" user="dmgroom_ct" uid="437598" lat="27.0061699" lon="55.7227088">
  <tag k="power" v="tower"/>
 </node>
 <node id="3174065116" visible="true" version="1" changeset="26633975" timestamp="2014-11-08T03:33:04Z" user="dmgroom_ct" uid="437598" lat="27.0062965" lon="55.6985045">
  <tag k="power" v="tower"/>
 </node>
 <node id="3174065117" visible="true" version="1" changeset="26633975" timestamp="2014-11-08T03:33:04Z" user="dmgroom_ct" uid="437598" lat="27.0065172" lon="55.7003609">
  <tag k="power" v="tower"/>
 </node>
 <node id="3174065118" visible="true" version="1" changeset="26633975" timestamp="2014-11-08T03:33:04Z" user="dmgroom_ct" uid="437598" lat="27.0065593" lon="55.6809303">
  <tag k="power" v="tower"/>
 </node>
 <node id="3174065119" visible="true" version="1" changeset="26633975" timestamp="2014-11-08T03:33:04Z" user="dmgroom_ct" uid="437598" lat="27.0069304" lon="55.7002662">
  <tag k="power" v="tower"/>
 </node>
 <node id="3174065120" visible="true" version="1" changeset="26633975" timestamp="2014-11-08T03:33:04Z" user="dmgroom_ct" uid="437598" lat="27.0070140" lon="55.6841355">
  <tag k="power" v="tower"/>
 </node>
 <node id="3174065121" visible="true" version="1" changeset="26633975" timestamp="2014-11-08T03:33:04Z" user="dmgroom_ct" uid="437598" lat="27.0073552" lon="55.7028658">
  <tag k="power" v="tower"/>
 </node>
 <node id="3174065122" visible="true" version="1" changeset="26633975" timestamp="2014-11-08T03:33:04Z" user="dmgroom_ct" uid="437598" lat="27.0074295" lon="55.6870359">
  <tag k="power" v="tower"/>
 </node>
 <node id="3174065123" visible="true" version="1" changeset="26633975" timestamp="2014-11-08T03:33:04Z" user="dmgroom_ct" uid="437598" lat="27.0078431" lon="55.6899501">
  <tag k="power" v="tower"/>
 </node>
 <node id="3174065124" visible="true" version="1" changeset="26633975" timestamp="2014-11-08T03:33:04Z" user="dmgroom_ct" uid="437598" lat="27.0080282" lon="55.7034043">
  <tag k="power" v="tower"/>
 </node>
 <node id="3174065125" visible="true" version="1" changeset="26633975" timestamp="2014-11-08T03:33:04Z" user="dmgroom_ct" uid="437598" lat="27.0082895" lon="55.6930722">
  <tag k="power" v="tower"/>
 </node>
 <node id="3174065126" visible="true" version="1" changeset="26633975" timestamp="2014-11-08T03:33:04Z" user="dmgroom_ct" uid="437598" lat="27.0083665" lon="55.7207633">
  <tag k="power" v="tower"/>
 </node>
 <node id="3174065127" visible="true" version="1" changeset="26633975" timestamp="2014-11-08T03:33:05Z" user="dmgroom_ct" uid="437598" lat="27.0086928" lon="55.6959980">
  <tag k="power" v="tower"/>
 </node>
 <node id="3174065128" visible="true" version="1" changeset="26633975" timestamp="2014-11-08T03:33:05Z" user="dmgroom_ct" uid="437598" lat="27.0089967" lon="55.7076632">
  <tag k="power" v="tower"/>
 </node>
 <node id="3174065129" visible="true" version="1" changeset="26633975" timestamp="2014-11-08T03:33:05Z" user="dmgroom_ct" uid="437598" lat="27.0091028" lon="55.6988626">
  <tag k="power" v="tower"/>
 </node>
 <node id="3174065130" visible="true" version="1" changeset="26633975" timestamp="2014-11-08T03:33:05Z" user="dmgroom_ct" uid="437598" lat="27.0093114" lon="55.7071981">
  <tag k="power" v="tower"/>
 </node>
 <node id="3174065131" visible="true" version="1" changeset="26633975" timestamp="2014-11-08T03:33:05Z" user="dmgroom_ct" uid="437598" lat="27.0095398" lon="55.7019156">
  <tag k="power" v="tower"/>
 </node>
 <node id="3174065132" visible="true" version="1" changeset="26633975" timestamp="2014-11-08T03:33:05Z" user="dmgroom_ct" uid="437598" lat="27.0096379" lon="55.7100773">
  <tag k="power" v="tower"/>
 </node>
 <node id="3174065133" visible="true" version="1" changeset="26633975" timestamp="2014-11-08T03:33:05Z" user="dmgroom_ct" uid="437598" lat="27.0099400" lon="55.7048378">
  <tag k="power" v="tower"/>
 </node>
 <node id="3174065134" visible="true" version="1" changeset="26633975" timestamp="2014-11-08T03:33:05Z" user="dmgroom_ct" uid="437598" lat="27.0102403" lon="55.7124404">
  <tag k="power" v="tower"/>
 </node>
 <node id="3174065135" visible="true" version="1" changeset="26633975" timestamp="2014-11-08T03:33:05Z" user="dmgroom_ct" uid="437598" lat="27.0103568" lon="55.7078809">
  <tag k="power" v="tower"/>
 </node>
 <node id="3174065136" visible="true" version="1" changeset="26633975" timestamp="2014-11-08T03:33:05Z" user="dmgroom_ct" uid="437598" lat="27.0106003" lon="55.7104242">
  <tag k="power" v="tower"/>
 </node>
 <node id="3174065137" visible="true" version="1" changeset="26633975" timestamp="2014-11-08T03:33:05Z" user="dmgroom_ct" uid="437598" lat="27.0106909" lon="55.7097803">
  <tag k="power" v="tower"/>
 </node>
 <node id="3174065138" visible="true" version="3" changeset="151273311" timestamp="2024-05-13T15:42:08Z" user="demetrio_m" uid="196617" lat="27.0107660" lon="55.7185521">
  <tag k="power" v="tower"/>
 </node>
 <node id="3174065139" visible="true" version="1" changeset="26633975" timestamp="2014-11-08T03:33:05Z" user="dmgroom_ct" uid="437598" lat="27.0108205" lon="55.7126318">
  <tag k="power" v="tower"/>
 </node>
 <node id="3174065140" visible="true" version="3" changeset="46958401" timestamp="2017-03-18T14:49:31Z" user="Basstoelpel" uid="72235" lat="27.0109048" lon="55.7186892">
  <tag k="power" v="tower"/>
 </node>
 <node id="3174065141" visible="true" version="1" changeset="26633975" timestamp="2014-11-08T03:33:05Z" user="dmgroom_ct" uid="437598" lat="27.0109561" lon="55.7151934">
  <tag k="power" v="tower"/>
 </node>
 <node id="3174065142" visible="true" version="1" changeset="26633975" timestamp="2014-11-08T03:33:05Z" user="dmgroom_ct" uid="437598" lat="27.0110454" lon="55.7210486">
  <tag k="power" v="tower"/>
 </node>
 <node id="3174065143" visible="true" version="1" changeset="26633975" timestamp="2014-11-08T03:33:05Z" user="dmgroom_ct" uid="437598" lat="27.0111084" lon="55.7151425">
  <tag k="power" v="tower"/>
 </node>
 <node id="3174065144" visible="true" version="2" changeset="28241268" timestamp="2015-01-18T22:05:59Z" user="dmgroom_ct" uid="437598" lat="27.0117678" lon="55.7168785">
  <tag k="power" v="tower"/>
 </node>
 <node id="3174065145" visible="true" version="2" changeset="28241268" timestamp="2015-01-18T22:05:59Z" user="dmgroom_ct" uid="437598" lat="27.0119046" lon="55.7167969">
  <tag k="power" v="tower"/>
 </node>
 <node id="3174065146" visible="true" version="1" changeset="26633975" timestamp="2014-11-08T03:33:05Z" user="dmgroom_ct" uid="437598" lat="27.0121351" lon="55.7124101">
  <tag k="power" v="tower"/>
 </node>
 <node id="3174065147" visible="true" version="2" changeset="28241268" timestamp="2015-01-18T22:05:59Z" user="dmgroom_ct" uid="437598" lat="27.0124920" lon="55.7181425">
  <tag k="power" v="tower"/>
 </node>
 <node id="3174065148" visible="true" version="2" changeset="46958627" timestamp="2017-03-18T14:58:50Z" user="Basstoelpel" uid="72235" lat="27.0135071" lon="55.7149176">
  <tag k="power" v="tower"/>
 </node>
 <node id="3174065149" visible="true" version="1" changeset="26633975" timestamp="2014-11-08T03:33:05Z" user="dmgroom_ct" uid="437598" lat="27.0135437" lon="55.7235723">
  <tag k="power" v="tower"/>
 </node>
 <node id="3174065150" visible="true" version="1" changeset="26633975" timestamp="2014-11-08T03:33:05Z" user="dmgroom_ct" uid="437598" lat="27.0136584" lon="55.7203386">
  <tag k="power" v="tower"/>
 </node>
 <node id="3174065151" visible="true" version="2" changeset="46958627" timestamp="2017-03-18T14:58:50Z" user="Basstoelpel" uid="72235" lat="27.0151659" lon="55.7168834">
  <tag k="power" v="tower"/>
 </node>
 <node id="3174065152" visible="true" version="1" changeset="26633975" timestamp="2014-11-08T03:33:05Z" user="dmgroom_ct" uid="437598" lat="27.0154483" lon="55.7217495">
  <tag k="power" v="tower"/>
 </node>
 <node id="3174065153" visible="true" version="1" changeset="26633975" timestamp="2014-11-08T03:33:05Z" user="dmgroom_ct" uid="437598" lat="27.0167052" lon="55.7268038">
  <tag k="power" v="tower"/>
 </node>
 <node id="3174065154" visible="true" version="1" changeset="26633975" timestamp="2014-11-08T03:33:05Z" user="dmgroom_ct" uid="437598" lat="27.0169342" lon="55.7193027">
  <tag k="power" v="tower"/>
 </node>
 <node id="3174065155" visible="true" version="1" changeset="26633975" timestamp="2014-11-08T03:33:05Z" user="dmgroom_ct" uid="437598" lat="27.0173512" lon="55.7233567">
  <tag k="power" v="tower"/>
 </node>
 <node id="3174065156" visible="true" version="1" changeset="26633975" timestamp="2014-11-08T03:33:05Z" user="dmgroom_ct" uid="437598" lat="27.0188328" lon="55.7217776">
  <tag k="power" v="tower"/>
 </node>
 <node id="3174065157" visible="true" version="1" changeset="26633975" timestamp="2014-11-08T03:33:05Z" user="dmgroom_ct" uid="437598" lat="27.0192829" lon="55.7248762">
  <tag k="power" v="tower"/>
 </node>
 <node id="3174065158" visible="true" version="1" changeset="26633975" timestamp="2014-11-08T03:33:05Z" user="dmgroom_ct" uid="437598" lat="27.0195632" lon="55.7296848">
  <tag k="power" v="tower"/>
 </node>
 <node id="3174065159" visible="true" version="1" changeset="26633975" timestamp="2014-11-08T03:33:05Z" user="dmgroom_ct" uid="437598" lat="27.0208858" lon="55.7244332">
  <tag k="power" v="tower"/>
 </node>
 <node id="3174065160" visible="true" version="1" changeset="26633975" timestamp="2014-11-08T03:33:05Z" user="dmgroom_ct" uid="437598" lat="27.0211920" lon="55.7263910">
  <tag k="power" v="tower"/>
 </node>
 <node id="3174065161" visible="true" version="1" changeset="26633975" timestamp="2014-11-08T03:33:05Z" user="dmgroom_ct" uid="437598" lat="27.0220612" lon="55.7322687">
  <tag k="power" v="tower"/>
 </node>
 <node id="3174065162" visible="true" version="1" changeset="26633975" timestamp="2014-11-08T03:33:05Z" user="dmgroom_ct" uid="437598" lat="27.0226879" lon="55.7268671">
  <tag k="power" v="tower"/>
 </node>
 <node id="3174065163" visible="true" version="1" changeset="26633975" timestamp="2014-11-08T03:33:05Z" user="dmgroom_ct" uid="437598" lat="27.0229981" lon="55.7278920">
  <tag k="power" v="tower"/>
 </node>
 <node id="3174065164" visible="true" version="1" changeset="26633975" timestamp="2014-11-08T03:33:06Z" user="dmgroom_ct" uid="437598" lat="27.0244820" lon="55.7346823">
  <tag k="power" v="tower"/>
 </node>
 <node id="3174065165" visible="true" version="1" changeset="26633975" timestamp="2014-11-08T03:33:06Z" user="dmgroom_ct" uid="437598" lat="27.0245146" lon="55.7291579">
  <tag k="power" v="tower"/>
 </node>
 <node id="3174065166" visible="true" version="1" changeset="26633975" timestamp="2014-11-08T03:33:06Z" user="dmgroom_ct" uid="437598" lat="27.0247323" lon="55.7301782">
  <tag k="power" v="tower"/>
 </node>
 <node id="3174065167" visible="true" version="1" changeset="26633975" timestamp="2014-11-08T03:33:06Z" user="dmgroom_ct" uid="437598" lat="27.0265498" lon="55.7325598">
  <tag k="power" v="tower"/>
 </node>
 <node id="3174065168" visible="true" version="1" changeset="26633975" timestamp="2014-11-08T03:33:06Z" user="dmgroom_ct" uid="437598" lat="27.0266632" lon="55.7320634">
  <tag k="power" v="tower"/>
 </node>
 <node id="3174065169" visible="true" version="1" changeset="26633975" timestamp="2014-11-08T03:33:06Z" user="dmgroom_ct" uid="437598" lat="27.0267898" lon="55.7370243">
  <tag k="power" v="tower"/>
 </node>
 <node id="3174065170" visible="true" version="1" changeset="26633975" timestamp="2014-11-08T03:33:06Z" user="dmgroom_ct" uid="437598" lat="27.0281760" lon="55.7347969">
  <tag k="power" v="tower"/>
 </node>
 <node id="3174065171" visible="true" version="1" changeset="26633975" timestamp="2014-11-08T03:33:06Z" user="dmgroom_ct" uid="437598" lat="27.0286647" lon="55.7346891">
  <tag k="power" v="tower"/>
 </node>
 <node id="3174065172" visible="true" version="1" changeset="26633975" timestamp="2014-11-08T03:33:06Z" user="dmgroom_ct" uid="437598" lat="27.0291271" lon="55.7394279">
  <tag k="power" v="tower"/>
 </node>
 <node id="3174065173" visible="true" version="1" changeset="26633975" timestamp="2014-11-08T03:33:06Z" user="dmgroom_ct" uid="437598" lat="27.0297265" lon="55.7368510">
  <tag k="power" v="tower"/>
 </node>
 <node id="3174065174" visible="true" version="1" changeset="26633975" timestamp="2014-11-08T03:33:06Z" user="dmgroom_ct" uid="437598" lat="27.0305992" lon="55.7372756">
  <tag k="power" v="tower"/>
 </node>
 <node id="3174065175" visible="true" version="1" changeset="26633975" timestamp="2014-11-08T03:33:06Z" user="dmgroom_ct" uid="437598" lat="27.0312754" lon="55.7389186">
  <tag k="power" v="tower"/>
 </node>
 <node id="3174065176" visible="true" version="1" changeset="26633975" timestamp="2014-11-08T03:33:06Z" user="dmgroom_ct" uid="437598" lat="27.0315031" lon="55.7417814">
  <tag k="power" v="tower"/>
 </node>
 <node id="3174065177" visible="true" version="1" changeset="26633975" timestamp="2014-11-08T03:33:06Z" user="dmgroom_ct" uid="437598" lat="27.0325511" lon="55.7399175">
  <tag k="power" v="tower"/>
 </node>
 <node id="3174065178" visible="true" version="1" changeset="26633975" timestamp="2014-11-08T03:33:06Z" user="dmgroom_ct" uid="437598" lat="27.0326527" lon="55.7407881">
  <tag k="power" v="tower"/>
 </node>
 <node id="3174065179" visible="true" version="1" changeset="26633975" timestamp="2014-11-08T03:33:06Z" user="dmgroom_ct" uid="437598" lat="27.0340299" lon="55.7426837">
  <tag k="power" v="tower"/>
 </node>
 <node id="3174065180" visible="true" version="1" changeset="26633975" timestamp="2014-11-08T03:33:06Z" user="dmgroom_ct" uid="437598" lat="27.0341139" lon="55.7444821">
  <tag k="power" v="tower"/>
 </node>
 <node id="3174065181" visible="true" version="1" changeset="26633975" timestamp="2014-11-08T03:33:06Z" user="dmgroom_ct" uid="437598" lat="27.0345888" lon="55.7425827">
  <tag k="power" v="tower"/>
 </node>
 <node id="3174065182" visible="true" version="1" changeset="26633975" timestamp="2014-11-08T03:33:06Z" user="dmgroom_ct" uid="437598" lat="27.0354151" lon="55.7427975">
  <tag k="power" v="tower"/>
 </node>
 <node id="3174065184" visible="true" version="1" changeset="26633975" timestamp="2014-11-08T03:33:06Z" user="dmgroom_ct" uid="437598" lat="27.0364115" lon="55.7468587">
  <tag k="power" v="tower"/>
 </node>
 <node id="3174065185" visible="true" version="1" changeset="26633975" timestamp="2014-11-08T03:33:06Z" user="dmgroom_ct" uid="437598" lat="27.0365295" lon="55.7451462">
  <tag k="power" v="tower"/>
 </node>
 <node id="3174065186" visible="true" version="1" changeset="26633975" timestamp="2014-11-08T03:33:06Z" user="dmgroom_ct" uid="437598" lat="27.0366409" lon="55.7443672">
  <tag k="power" v="tower"/>
 </node>
 <node id="3174065187" visible="true" version="1" changeset="26633975" timestamp="2014-11-08T03:33:06Z" user="dmgroom_ct" uid="437598" lat="27.0379151" lon="55.7460550">
  <tag k="power" v="tower"/>
 </node>
 <node id="3174065188" visible="true" version="1" changeset="26633975" timestamp="2014-11-08T03:33:06Z" user="dmgroom_ct" uid="437598" lat="27.0382082" lon="55.7473351">
  <tag k="power" v="tower"/>
 </node>
 <node id="3174065189" visible="true" version="1" changeset="26633975" timestamp="2014-11-08T03:33:06Z" user="dmgroom_ct" uid="437598" lat="27.0388959" lon="55.7484761">
  <tag k="power" v="tower"/>
 </node>
 <node id="3174065190" visible="true" version="1" changeset="26633975" timestamp="2014-11-08T03:33:06Z" user="dmgroom_ct" uid="437598" lat="27.0392234" lon="55.7477205">
  <tag k="power" v="tower"/>
 </node>
 <node id="3174065191" visible="true" version="1" changeset="26633975" timestamp="2014-11-08T03:33:06Z" user="dmgroom_ct" uid="437598" lat="27.0408991" lon="55.7491119">
  <tag k="power" v="tower"/>
 </node>
 <node id="3174065192" visible="true" version="1" changeset="26633975" timestamp="2014-11-08T03:33:06Z" user="dmgroom_ct" uid="437598" lat="27.0415313" lon="55.7492296">
  <tag k="power" v="tower"/>
 </node>
 <node id="3174065193" visible="true" version="1" changeset="26633975" timestamp="2014-11-08T03:33:06Z" user="dmgroom_ct" uid="437598" lat="27.0417805" lon="55.7503541">
  <tag k="power" v="tower"/>
 </node>
 <node id="3174065194" visible="true" version="1" changeset="26633975" timestamp="2014-11-08T03:33:06Z" user="dmgroom_ct" uid="437598" lat="27.0432720" lon="55.7506868">
  <tag k="power" v="tower"/>
 </node>
 <node id="3174065195" visible="true" version="1" changeset="26633975" timestamp="2014-11-08T03:33:06Z" user="dmgroom_ct" uid="437598" lat="27.0434817" lon="55.7505230">
  <tag k="power" v="tower"/>
 </node>
 <node id="3174065196" visible="true" version="1" changeset="26633975" timestamp="2014-11-08T03:33:06Z" user="dmgroom_ct" uid="437598" lat="27.0451199" lon="55.7525346">
  <tag k="power" v="tower"/>
 </node>
 <node id="3174065197" visible="true" version="1" changeset="26633975" timestamp="2014-11-08T03:33:06Z" user="dmgroom_ct" uid="437598" lat="27.0453441" lon="55.7517705">
  <tag k="power" v="tower"/>
 </node>
 <node id="3174065198" visible="true" version="1" changeset="26633975" timestamp="2014-11-08T03:33:06Z" user="dmgroom_ct" uid="437598" lat="27.0458463" lon="55.7523845">
  <tag k="power" v="tower"/>
 </node>
 <node id="3174065199" visible="true" version="1" changeset="26633975" timestamp="2014-11-08T03:33:06Z" user="dmgroom_ct" uid="437598" lat="27.0472890" lon="55.7530732">
  <tag k="power" v="tower"/>
 </node>
 <node id="3174065200" visible="true" version="1" changeset="26633975" timestamp="2014-11-08T03:33:07Z" user="dmgroom_ct" uid="437598" lat="27.0474280" lon="55.7534348">
  <tag k="power" v="tower"/>
 </node>
 <node id="3174065201" visible="true" version="1" changeset="26633975" timestamp="2014-11-08T03:33:07Z" user="dmgroom_ct" uid="437598" lat="27.0478953" lon="55.7543729">
  <tag k="power" v="tower"/>
 </node>
 <node id="3174065202" visible="true" version="1" changeset="26633975" timestamp="2014-11-08T03:33:07Z" user="dmgroom_ct" uid="437598" lat="27.0483269" lon="55.7540317">
  <tag k="power" v="tower"/>
 </node>
 <node id="3174065203" visible="true" version="1" changeset="26633975" timestamp="2014-11-08T03:33:07Z" user="dmgroom_ct" uid="437598" lat="27.0492599" lon="55.7543934">
  <tag k="power" v="tower"/>
 </node>
 <node id="3174065204" visible="true" version="1" changeset="26633975" timestamp="2014-11-08T03:33:07Z" user="dmgroom_ct" uid="437598" lat="27.0506367" lon="55.7555843">
  <tag k="power" v="tower"/>
 </node>
 <node id="3174065205" visible="true" version="1" changeset="26633975" timestamp="2014-11-08T03:33:07Z" user="dmgroom_ct" uid="437598" lat="27.0509102" lon="55.7563419">
  <tag k="power" v="tower"/>
 </node>
 <node id="3174065206" visible="true" version="1" changeset="26633975" timestamp="2014-11-08T03:33:07Z" user="dmgroom_ct" uid="437598" lat="27.0512131" lon="55.7557066">
  <tag k="power" v="tower"/>
 </node>
 <node id="3174065207" visible="true" version="1" changeset="26633975" timestamp="2014-11-08T03:33:07Z" user="dmgroom_ct" uid="437598" lat="27.0529464" lon="55.7571404">
  <tag k="power" v="tower"/>
 </node>
 <node id="3174065208" visible="true" version="1" changeset="26633975" timestamp="2014-11-08T03:33:07Z" user="dmgroom_ct" uid="437598" lat="27.0533202" lon="55.7571234">
  <tag k="power" v="tower"/>
 </node>
 <node id="3174065209" visible="true" version="1" changeset="26633975" timestamp="2014-11-08T03:33:07Z" user="dmgroom_ct" uid="437598" lat="27.0538694" lon="55.7583067">
  <tag k="power" v="tower"/>
 </node>
 <node id="3174065210" visible="true" version="1" changeset="26633975" timestamp="2014-11-08T03:33:07Z" user="dmgroom_ct" uid="437598" lat="27.0549843" lon="55.7585054">
  <tag k="power" v="tower"/>
 </node>
 <node id="3174065211" visible="true" version="1" changeset="26633975" timestamp="2014-11-08T03:33:07Z" user="dmgroom_ct" uid="437598" lat="27.0553877" lon="55.7585227">
  <tag k="power" v="tower"/>
 </node>
 <node id="3174065212" visible="true" version="1" changeset="26633975" timestamp="2014-11-08T03:33:07Z" user="dmgroom_ct" uid="437598" lat="27.0565491" lon="55.7601695">
  <tag k="power" v="tower"/>
 </node>
 <node id="3174065213" visible="true" version="1" changeset="26633975" timestamp="2014-11-08T03:33:07Z" user="dmgroom_ct" uid="437598" lat="27.0572794" lon="55.7600407">
  <tag k="power" v="tower"/>
 </node>
 <node id="3174065214" visible="true" version="1" changeset="26633975" timestamp="2014-11-08T03:33:07Z" user="dmgroom_ct" uid="437598" lat="27.0573639" lon="55.7598048">
  <tag k="power" v="tower"/>
 </node>
 <node id="3174065215" visible="true" version="1" changeset="26633975" timestamp="2014-11-08T03:33:07Z" user="dmgroom_ct" uid="437598" lat="27.0575272" lon="55.7633225">
  <tag k="power" v="tower"/>
 </node>
 <node id="3174065216" visible="true" version="1" changeset="26633975" timestamp="2014-11-08T03:33:07Z" user="dmgroom_ct" uid="437598" lat="27.0582201" lon="55.7630233">
  <tag k="power" v="tower"/>
 </node>
 <node id="3174065217" visible="true" version="1" changeset="26633975" timestamp="2014-11-08T03:33:07Z" user="dmgroom_ct" uid="437598" lat="27.0585221" lon="55.7667701">
  <tag k="power" v="tower"/>
 </node>
 <node id="3174065218" visible="true" version="2" changeset="28241268" timestamp="2015-01-18T22:05:59Z" user="dmgroom_ct" uid="437598" lat="27.0588412" lon="55.7597413">
  <tag k="power" v="tower"/>
 </node>
 <node id="3174065219" visible="true" version="1" changeset="26633975" timestamp="2014-11-08T03:33:07Z" user="dmgroom_ct" uid="437598" lat="27.0592328" lon="55.7662195">
  <tag k="power" v="tower"/>
 </node>
 <node id="3174065220" visible="true" version="1" changeset="26633975" timestamp="2014-11-08T03:33:07Z" user="dmgroom_ct" uid="437598" lat="27.0593643" lon="55.7694875">
  <tag k="power" v="tower"/>
 </node>
 <node id="3174065221" visible="true" version="1" changeset="26633975" timestamp="2014-11-08T03:33:07Z" user="dmgroom_ct" uid="437598" lat="27.0600547" lon="55.7687812">
  <tag k="power" v="tower"/>
 </node>
 <node id="3174065222" visible="true" version="2" changeset="28241268" timestamp="2015-01-18T22:05:59Z" user="dmgroom_ct" uid="437598" lat="27.0605400" lon="55.7596633">
  <tag k="power" v="tower"/>
 </node>
 <node id="3174065224" visible="true" version="1" changeset="26633975" timestamp="2014-11-08T03:33:07Z" user="dmgroom_ct" uid="437598" lat="27.0604014" lon="55.7730615">
  <tag k="power" v="tower"/>
 </node>
 <node id="3174065228" visible="true" version="1" changeset="26633975" timestamp="2014-11-08T03:33:07Z" user="dmgroom_ct" uid="437598" lat="27.0609919" lon="55.7716168">
  <tag k="power" v="tower"/>
 </node>
 <node id="3174065230" visible="true" version="1" changeset="26633975" timestamp="2014-11-08T03:33:07Z" user="dmgroom_ct" uid="437598" lat="27.0612765" lon="55.7759859">
  <tag k="power" v="tower"/>
 </node>
 <node id="3174065240" visible="true" version="1" changeset="26633975" timestamp="2014-11-08T03:33:08Z" user="dmgroom_ct" uid="437598" lat="27.0627658" lon="55.7771640">
  <tag k="power" v="tower"/>
 </node>
 <node id="3174065245" visible="true" version="1" changeset="26633975" timestamp="2014-11-08T03:33:08Z" user="dmgroom_ct" uid="437598" lat="27.0636251" lon="55.7799799">
  <tag k="power" v="tower"/>
 </node>
 <node id="3174065251" visible="true" version="1" changeset="26633975" timestamp="2014-11-08T03:33:08Z" user="dmgroom_ct" uid="437598" lat="27.0647973" lon="55.7837783">
  <tag k="power" v="tower"/>
 </node>
 <node id="3285652637" visible="true" version="1" changeset="28108413" timestamp="2015-01-13T11:46:21Z" user="kongo" uid="537296" lat="27.0042270" lon="55.7272601"/>
 <node id="3285654377" visible="true" version="1" changeset="28108413" timestamp="2015-01-13T11:46:20Z" user="kongo" uid="537296" lat="27.0029188" lon="55.7277949"/>
 <node id="3297573039" visible="true" version="1" changeset="28241268" timestamp="2015-01-18T22:05:28Z" user="dmgroom_ct" uid="437598" lat="26.9926526" lon="55.6529695">
  <tag k="power" v="tower"/>
 </node>
 <node id="3297573040" visible="true" version="1" changeset="28241268" timestamp="2015-01-18T22:05:28Z" user="dmgroom_ct" uid="437598" lat="26.9934995" lon="55.6554255">
  <tag k="power" v="tower"/>
 </node>
 <node id="3297573041" visible="true" version="1" changeset="28241268" timestamp="2015-01-18T22:05:28Z" user="dmgroom_ct" uid="437598" lat="26.9945937" lon="55.6585417">
  <tag k="power" v="tower"/>
 </node>
 <node id="3297573043" visible="true" version="1" changeset="28241268" timestamp="2015-01-18T22:05:28Z" user="dmgroom_ct" uid="437598" lat="26.9954577" lon="55.6610423">
  <tag k="power" v="tower"/>
 </node>
 <node id="3297573049" visible="true" version="1" changeset="28241268" timestamp="2015-01-18T22:05:28Z" user="dmgroom_ct" uid="437598" lat="26.9963501" lon="55.6636418">
  <tag k="power" v="tower"/>
 </node>
 <node id="3297573050" visible="true" version="1" changeset="28241268" timestamp="2015-01-18T22:05:28Z" user="dmgroom_ct" uid="437598" lat="26.9980610" lon="55.6661297">
  <tag k="power" v="tower"/>
 </node>
 <node id="3297573051" visible="true" version="1" changeset="28241268" timestamp="2015-01-18T22:05:28Z" user="dmgroom_ct" uid="437598" lat="26.9995587" lon="55.6683049">
  <tag k="power" v="tower"/>
 </node>
 <node id="3297573052" visible="true" version="1" changeset="28241268" timestamp="2015-01-18T22:05:28Z" user="dmgroom_ct" uid="437598" lat="27.0010791" lon="55.6704962">
  <tag k="power" v="tower"/>
 </node>
 <node id="3297573053" visible="true" version="1" changeset="28241268" timestamp="2015-01-18T22:05:28Z" user="dmgroom_ct" uid="437598" lat="27.0027160" lon="55.6728724">
  <tag k="power" v="tower"/>
 </node>
 <node id="3297573054" visible="true" version="1" changeset="28241268" timestamp="2015-01-18T22:05:28Z" user="dmgroom_ct" uid="437598" lat="27.0636438" lon="55.7595962">
  <tag k="power" v="tower"/>
 </node>
 <node id="3297573055" visible="true" version="1" changeset="28241268" timestamp="2015-01-18T22:05:28Z" user="dmgroom_ct" uid="437598" lat="27.0666660" lon="55.7595067">
  <tag k="power" v="tower"/>
 </node>
 <node id="3297573056" visible="true" version="1" changeset="28241268" timestamp="2015-01-18T22:05:28Z" user="dmgroom_ct" uid="437598" lat="27.0691162" lon="55.7589743">
  <tag k="power" v="tower"/>
 </node>
 <node id="3297573057" visible="true" version="1" changeset="28241268" timestamp="2015-01-18T22:05:28Z" user="dmgroom_ct" uid="437598" lat="27.0715229" lon="55.7584378">
  <tag k="power" v="tower"/>
 </node>
 <node id="3297573058" visible="true" version="1" changeset="28241268" timestamp="2015-01-18T22:05:28Z" user="dmgroom_ct" uid="437598" lat="27.0739441" lon="55.7579216">
  <tag k="power" v="tower"/>
 </node>
 <node id="3297573059" visible="true" version="1" changeset="28241268" timestamp="2015-01-18T22:05:28Z" user="dmgroom_ct" uid="437598" lat="27.0761698" lon="55.7573120">
  <tag k="power" v="tower"/>
 </node>
 <node id="3297573060" visible="true" version="1" changeset="28241268" timestamp="2015-01-18T22:05:28Z" user="dmgroom_ct" uid="437598" lat="27.0781602" lon="55.7567429">
  <tag k="power" v="tower"/>
 </node>
 <node id="3297574161" visible="true" version="1" changeset="28241268" timestamp="2015-01-18T22:05:28Z" user="dmgroom_ct" uid="437598" lat="27.0805451" lon="55.7560398">
  <tag k="power" v="tower"/>
 </node>
 <node id="3297574162" visible="true" version="1" changeset="28241268" timestamp="2015-01-18T22:05:29Z" user="dmgroom_ct" uid="437598" lat="27.0830058" lon="55.7552919">
  <tag k="power" v="tower"/>
 </node>
 <node id="3297574163" visible="true" version="1" changeset="28241268" timestamp="2015-01-18T22:05:29Z" user="dmgroom_ct" uid="437598" lat="27.0856656" lon="55.7545400">
  <tag k="power" v="tower"/>
 </node>
 <node id="3297574164" visible="true" version="1" changeset="28241268" timestamp="2015-01-18T22:05:29Z" user="dmgroom_ct" uid="437598" lat="27.0882782" lon="55.7537312">
  <tag k="power" v="tower"/>
 </node>
 <node id="3297574165" visible="true" version="1" changeset="28241268" timestamp="2015-01-18T22:05:29Z" user="dmgroom_ct" uid="437598" lat="27.0907998" lon="55.7530015">
  <tag k="power" v="tower"/>
 </node>
 <node id="3297574166" visible="true" version="1" changeset="28241268" timestamp="2015-01-18T22:05:29Z" user="dmgroom_ct" uid="437598" lat="27.0934229" lon="55.7522143">
  <tag k="power" v="tower"/>
 </node>
 <node id="3297574167" visible="true" version="1" changeset="28241268" timestamp="2015-01-18T22:05:29Z" user="dmgroom_ct" uid="437598" lat="27.0960210" lon="55.7514664">
  <tag k="power" v="tower"/>
 </node>
 <node id="3297574168" visible="true" version="1" changeset="28241268" timestamp="2015-01-18T22:05:29Z" user="dmgroom_ct" uid="437598" lat="27.0984688" lon="55.7507635">
  <tag k="power" v="tower"/>
 </node>
 <node id="3297574169" visible="true" version="1" changeset="28241268" timestamp="2015-01-18T22:05:29Z" user="dmgroom_ct" uid="437598" lat="27.1007114" lon="55.7500550">
  <tag k="power" v="tower"/>
 </node>
 <node id="3297574170" visible="true" version="1" changeset="28241268" timestamp="2015-01-18T22:05:29Z" user="dmgroom_ct" uid="437598" lat="27.1027687" lon="55.7494196">
  <tag k="power" v="tower"/>
 </node>
 <node id="3297574171" visible="true" version="1" changeset="28241268" timestamp="2015-01-18T22:05:29Z" user="dmgroom_ct" uid="437598" lat="27.1044656" lon="55.7481713">
  <tag k="power" v="tower"/>
 </node>
 <node id="3297574172" visible="true" version="1" changeset="28241268" timestamp="2015-01-18T22:05:29Z" user="dmgroom_ct" uid="437598" lat="27.1060122" lon="55.7470355">
  <tag k="power" v="tower"/>
 </node>
 <node id="3297574173" visible="true" version="1" changeset="28241268" timestamp="2015-01-18T22:05:29Z" user="dmgroom_ct" uid="437598" lat="27.1075290" lon="55.7459616">
  <tag k="power" v="tower"/>
 </node>
 <node id="3297574174" visible="true" version="1" changeset="28241268" timestamp="2015-01-18T22:05:29Z" user="dmgroom_ct" uid="437598" lat="27.1122415" lon="55.7435027">
  <tag k="power" v="tower"/>
 </node>
 <node id="3297574175" visible="true" version="1" changeset="28241268" timestamp="2015-01-18T22:05:29Z" user="dmgroom_ct" uid="437598" lat="27.1160571" lon="55.7428226">
  <tag k="power" v="tower"/>
 </node>
 <node id="3297574176" visible="true" version="1" changeset="28241268" timestamp="2015-01-18T22:05:29Z" user="dmgroom_ct" uid="437598" lat="27.1177634" lon="55.7419947">
  <tag k="power" v="tower"/>
 </node>
 <node id="3297574177" visible="true" version="1" changeset="28241268" timestamp="2015-01-18T22:05:29Z" user="dmgroom_ct" uid="437598" lat="27.1201527" lon="55.7404215">
  <tag k="power" v="tower"/>
 </node>
 <node id="3297574178" visible="true" version="1" changeset="28241268" timestamp="2015-01-18T22:05:29Z" user="dmgroom_ct" uid="437598" lat="27.1212983" lon="55.7383257">
  <tag k="power" v="tower"/>
 </node>
 <node id="3297574179" visible="true" version="1" changeset="28241268" timestamp="2015-01-18T22:05:29Z" user="dmgroom_ct" uid="437598" lat="27.1224929" lon="55.7362024">
  <tag k="power" v="tower"/>
 </node>
 <node id="3297574180" visible="true" version="1" changeset="28241268" timestamp="2015-01-18T22:05:29Z" user="dmgroom_ct" uid="437598" lat="27.1236532" lon="55.7340131">
  <tag k="power" v="tower"/>
 </node>
 <node id="3297574181" visible="true" version="1" changeset="28241268" timestamp="2015-01-18T22:05:29Z" user="dmgroom_ct" uid="437598" lat="27.1248967" lon="55.7318953">
  <tag k="power" v="tower"/>
 </node>
 <node id="3297574182" visible="true" version="1" changeset="28241268" timestamp="2015-01-18T22:05:29Z" user="dmgroom_ct" uid="437598" lat="27.1262284" lon="55.7294860">
  <tag k="power" v="tower"/>
 </node>
 <node id="3297574183" visible="true" version="1" changeset="28241268" timestamp="2015-01-18T22:05:29Z" user="dmgroom_ct" uid="437598" lat="27.1274768" lon="55.7272527">
  <tag k="power" v="tower"/>
 </node>
 <node id="3297574184" visible="true" version="1" changeset="28241268" timestamp="2015-01-18T22:05:29Z" user="dmgroom_ct" uid="437598" lat="27.1285000" lon="55.7254099">
  <tag k="power" v="tower"/>
 </node>
 <node id="3297574185" visible="true" version="1" changeset="28241268" timestamp="2015-01-18T22:05:29Z" user="dmgroom_ct" uid="437598" lat="27.1298952" lon="55.7229456">
  <tag k="power" v="tower"/>
 </node>
 <node id="3297574186" visible="true" version="1" changeset="28241268" timestamp="2015-01-18T22:05:29Z" user="dmgroom_ct" uid="437598" lat="27.1311729" lon="55.7205637">
  <tag k="power" v="tower"/>
 </node>
 <node id="3297574187" visible="true" version="1" changeset="28241268" timestamp="2015-01-18T22:05:29Z" user="dmgroom_ct" uid="437598" lat="27.1324213" lon="55.7182864">
  <tag k="power" v="tower"/>
 </node>
 <node id="3297574188" visible="true" version="1" changeset="28241268" timestamp="2015-01-18T22:05:29Z" user="dmgroom_ct" uid="437598" lat="27.1337039" lon="55.7161026">
  <tag k="power" v="tower"/>
 </node>
 <node id="3297574189" visible="true" version="1" changeset="28241268" timestamp="2015-01-18T22:05:29Z" user="dmgroom_ct" uid="437598" lat="27.1350354" lon="55.7138198">
  <tag k="power" v="tower"/>
 </node>
 <node id="3297574190" visible="true" version="1" changeset="28241268" timestamp="2015-01-18T22:05:29Z" user="dmgroom_ct" uid="437598" lat="27.1362656" lon="55.7116263">
  <tag k="power" v="tower"/>
 </node>
 <node id="3297574191" visible="true" version="1" changeset="28241268" timestamp="2015-01-18T22:05:29Z" user="dmgroom_ct" uid="437598" lat="27.1371518" lon="55.7089697">
  <tag k="power" v="tower"/>
 </node>
 <node id="3297574192" visible="true" version="1" changeset="28241268" timestamp="2015-01-18T22:05:29Z" user="dmgroom_ct" uid="437598" lat="27.1381141" lon="55.7059436">
  <tag k="power" v="tower"/>
 </node>
 <node id="3297574193" visible="true" version="1" changeset="28241268" timestamp="2015-01-18T22:05:29Z" user="dmgroom_ct" uid="437598" lat="27.1390556" lon="55.7030653">
  <tag k="power" v="tower"/>
 </node>
 <node id="3297574194" visible="true" version="1" changeset="28241268" timestamp="2015-01-18T22:05:29Z" user="dmgroom_ct" uid="437598" lat="27.1398378" lon="55.7006342">
  <tag k="power" v="tower"/>
 </node>
 <node id="3297574195" visible="true" version="1" changeset="28241268" timestamp="2015-01-18T22:05:29Z" user="dmgroom_ct" uid="437598" lat="27.1407170" lon="55.6979815">
  <tag k="power" v="tower"/>
 </node>
 <node id="3297574196" visible="true" version="1" changeset="28241268" timestamp="2015-01-18T22:05:29Z" user="dmgroom_ct" uid="437598" lat="27.1416758" lon="55.6950915">
  <tag k="power" v="tower"/>
 </node>
 <node id="3297574209" visible="true" version="1" changeset="28241268" timestamp="2015-01-18T22:05:30Z" user="dmgroom_ct" uid="437598" lat="27.1425723" lon="55.6923416">
  <tag k="power" v="tower"/>
 </node>
 <node id="3297574226" visible="true" version="1" changeset="28241268" timestamp="2015-01-18T22:05:30Z" user="dmgroom_ct" uid="437598" lat="27.1435345" lon="55.6894516">
  <tag k="power" v="tower"/>
 </node>
 <node id="3297574229" visible="true" version="1" changeset="28241268" timestamp="2015-01-18T22:05:30Z" user="dmgroom_ct" uid="437598" lat="27.1444413" lon="55.6867210">
  <tag k="power" v="tower"/>
 </node>
 <node id="3297574233" visible="true" version="1" changeset="28241268" timestamp="2015-01-18T22:05:30Z" user="dmgroom_ct" uid="437598" lat="27.1453170" lon="55.6838933">
  <tag k="power" v="tower"/>
 </node>
 <node id="3297574236" visible="true" version="1" changeset="28241268" timestamp="2015-01-18T22:05:30Z" user="dmgroom_ct" uid="437598" lat="27.1462585" lon="55.6811083">
  <tag k="power" v="tower"/>
 </node>
 <node id="3297574242" visible="true" version="1" changeset="28241268" timestamp="2015-01-18T22:05:31Z" user="dmgroom_ct" uid="437598" lat="27.1472068" lon="55.6781911">
  <tag k="power" v="tower"/>
 </node>
 <node id="3297574246" visible="true" version="1" changeset="28241268" timestamp="2015-01-18T22:05:31Z" user="dmgroom_ct" uid="437598" lat="27.1481898" lon="55.6751650">
  <tag k="power" v="tower"/>
 </node>
 <node id="3297574251" visible="true" version="1" changeset="28241268" timestamp="2015-01-18T22:05:31Z" user="dmgroom_ct" uid="437598" lat="27.1492904" lon="55.6726134">
  <tag k="power" v="tower"/>
 </node>
 <node id="3297574256" visible="true" version="1" changeset="28241268" timestamp="2015-01-18T22:05:31Z" user="dmgroom_ct" uid="437598" lat="27.1502180" lon="55.6706374">
  <tag k="power" v="tower"/>
 </node>
 <node id="3297574263" visible="true" version="1" changeset="28241268" timestamp="2015-01-18T22:05:31Z" user="dmgroom_ct" uid="437598" lat="27.1512424" lon="55.6683114">
  <tag k="power" v="tower"/>
 </node>
 <node id="3297574273" visible="true" version="1" changeset="28241268" timestamp="2015-01-18T22:05:31Z" user="dmgroom_ct" uid="437598" lat="27.1523292" lon="55.6659154">
  <tag k="power" v="tower"/>
 </node>
 <node id="3297574284" visible="true" version="1" changeset="28241268" timestamp="2015-01-18T22:05:32Z" user="dmgroom_ct" uid="437598" lat="27.1533882" lon="55.6635583">
  <tag k="power" v="tower"/>
 </node>
 <node id="3297574291" visible="true" version="1" changeset="28241268" timestamp="2015-01-18T22:05:32Z" user="dmgroom_ct" uid="437598" lat="27.1543089" lon="55.6614735">
  <tag k="power" v="tower"/>
 </node>
 <node id="3297574297" visible="true" version="1" changeset="28241268" timestamp="2015-01-18T22:05:32Z" user="dmgroom_ct" uid="437598" lat="27.1553402" lon="55.6591552">
  <tag k="power" v="tower"/>
 </node>
 <node id="3297574304" visible="true" version="1" changeset="28241268" timestamp="2015-01-18T22:05:32Z" user="dmgroom_ct" uid="437598" lat="27.1564684" lon="55.6567203">
  <tag k="power" v="tower"/>
 </node>
 <node id="3297574309" visible="true" version="1" changeset="28241268" timestamp="2015-01-18T22:05:32Z" user="dmgroom_ct" uid="437598" lat="27.1575725" lon="55.6542621">
  <tag k="power" v="tower"/>
 </node>
 <node id="3297574316" visible="true" version="1" changeset="28241268" timestamp="2015-01-18T22:05:32Z" user="dmgroom_ct" uid="437598" lat="27.1585847" lon="55.6519380">
  <tag k="power" v="tower"/>
 </node>
 <node id="3297574321" visible="true" version="1" changeset="28241268" timestamp="2015-01-18T22:05:32Z" user="dmgroom_ct" uid="437598" lat="27.1596214" lon="55.6496421">
  <tag k="power" v="tower"/>
 </node>
 <node id="3297574326" visible="true" version="1" changeset="28241268" timestamp="2015-01-18T22:05:33Z" user="dmgroom_ct" uid="437598" lat="27.1605954" lon="55.6474417">
  <tag k="power" v="tower"/>
 </node>
 <node id="3297574331" visible="true" version="1" changeset="28241268" timestamp="2015-01-18T22:05:33Z" user="dmgroom_ct" uid="437598" lat="27.1615889" lon="55.6453212">
  <tag k="power" v="tower"/>
 </node>
 <node id="3297574339" visible="true" version="1" changeset="28241268" timestamp="2015-01-18T22:05:33Z" user="dmgroom_ct" uid="437598" lat="27.1628198" lon="55.6426368">
  <tag k="power" v="tower"/>
 </node>
 <node id="3297574343" visible="true" version="1" changeset="28241268" timestamp="2015-01-18T22:05:33Z" user="dmgroom_ct" uid="437598" lat="27.1639185" lon="55.6400432">
  <tag k="power" v="tower"/>
 </node>
 <node id="3297574350" visible="true" version="1" changeset="28241268" timestamp="2015-01-18T22:05:33Z" user="dmgroom_ct" uid="437598" lat="27.1650588" lon="55.6374936">
  <tag k="power" v="tower"/>
 </node>
 <node id="3297574358" visible="true" version="1" changeset="28241268" timestamp="2015-01-18T22:05:33Z" user="dmgroom_ct" uid="437598" lat="27.1661795" lon="55.6350348">
  <tag k="power" v="tower"/>
 </node>
 <node id="3297574363" visible="true" version="1" changeset="28241268" timestamp="2015-01-18T22:05:34Z" user="dmgroom_ct" uid="437598" lat="27.1672283" lon="55.6326116">
  <tag k="power" v="tower"/>
 </node>
 <node id="3297574368" visible="true" version="1" changeset="28241268" timestamp="2015-01-18T22:05:34Z" user="dmgroom_ct" uid="437598" lat="27.1682965" lon="55.6302143">
  <tag k="power" v="tower"/>
 </node>
 <node id="3297574372" visible="true" version="1" changeset="28241268" timestamp="2015-01-18T22:05:34Z" user="dmgroom_ct" uid="437598" lat="27.1690839" lon="55.6278627">
  <tag k="power" v="tower"/>
 </node>
 <node id="3297574376" visible="true" version="1" changeset="28241268" timestamp="2015-01-18T22:05:34Z" user="dmgroom_ct" uid="437598" lat="27.1697788" lon="55.6257064">
  <tag k="power" v="tower"/>
 </node>
 <node id="3297574380" visible="true" version="1" changeset="28241268" timestamp="2015-01-18T22:05:34Z" user="dmgroom_ct" uid="437598" lat="27.1709801" lon="55.6231678">
  <tag k="power" v="tower"/>
 </node>
 <node id="3297574385" visible="true" version="1" changeset="28241268" timestamp="2015-01-18T22:05:34Z" user="dmgroom_ct" uid="437598" lat="27.1721148" lon="55.6207705">
  <tag k="power" v="tower"/>
 </node>
 <node id="3297574390" visible="true" version="1" changeset="28241268" timestamp="2015-01-18T22:05:34Z" user="dmgroom_ct" uid="437598" lat="27.1733752" lon="55.6182652">
  <tag k="power" v="tower"/>
 </node>
 <node id="3297574393" visible="true" version="1" changeset="28241268" timestamp="2015-01-18T22:05:34Z" user="dmgroom_ct" uid="437598" lat="27.1744619" lon="55.6160175">
  <tag k="power" v="tower"/>
 </node>
 <node id="3297574395" visible="true" version="1" changeset="28241268" timestamp="2015-01-18T22:05:34Z" user="dmgroom_ct" uid="437598" lat="27.1755448" lon="55.6137199">
  <tag k="power" v="tower"/>
 </node>
 <node id="3297574397" visible="true" version="1" changeset="28241268" timestamp="2015-01-18T22:05:34Z" user="dmgroom_ct" uid="437598" lat="27.1767239" lon="55.6114307">
  <tag k="power" v="tower"/>
 </node>
 <node id="3297574399" visible="true" version="1" changeset="28241268" timestamp="2015-01-18T22:05:34Z" user="dmgroom_ct" uid="437598" lat="27.1779436" lon="55.6086428">
  <tag k="power" v="tower"/>
 </node>
 <node id="3297574401" visible="true" version="1" changeset="28241268" timestamp="2015-01-18T22:05:34Z" user="dmgroom_ct" uid="437598" lat="27.1790709" lon="55.6061583">
  <tag k="power" v="tower"/>
 </node>
 <node id="3297574402" visible="true" version="1" changeset="28241268" timestamp="2015-01-18T22:05:34Z" user="dmgroom_ct" uid="437598" lat="27.1801945" lon="55.6036405">
  <tag k="power" v="tower"/>
 </node>
 <node id="3297574404" visible="true" version="1" changeset="28241268" timestamp="2015-01-18T22:05:34Z" user="dmgroom_ct" uid="437598" lat="27.1813069" lon="55.6012557">
  <tag k="power" v="tower"/>
 </node>
 <node id="3297574406" visible="true" version="1" changeset="28241268" timestamp="2015-01-18T22:05:35Z" user="dmgroom_ct" uid="437598" lat="27.1823455" lon="55.5988418">
  <tag k="power" v="tower"/>
 </node>
 <node id="3297574408" visible="true" version="1" changeset="28241268" timestamp="2015-01-18T22:05:35Z" user="dmgroom_ct" uid="437598" lat="27.1835134" lon="55.5962450">
  <tag k="power" v="tower"/>
 </node>
 <node id="3297574411" visible="true" version="1" changeset="28241268" timestamp="2015-01-18T22:05:35Z" user="dmgroom_ct" uid="437598" lat="27.1845227" lon="55.5939268">
  <tag k="power" v="tower"/>
 </node>
 <node id="3297574420" visible="true" version="1" changeset="28241268" timestamp="2015-01-18T22:05:35Z" user="dmgroom_ct" uid="437598" lat="27.1858320" lon="55.5910212">
  <tag k="power" v="tower"/>
 </node>
 <node id="3297574425" visible="true" version="1" changeset="28241268" timestamp="2015-01-18T22:05:35Z" user="dmgroom_ct" uid="437598" lat="27.1870341" lon="55.5883830">
  <tag k="power" v="tower"/>
 </node>
 <node id="3297574427" visible="true" version="1" changeset="28241268" timestamp="2015-01-18T22:05:35Z" user="dmgroom_ct" uid="437598" lat="27.1881291" lon="55.5858976">
  <tag k="power" v="tower"/>
 </node>
 <node id="3297574429" visible="true" version="1" changeset="28241268" timestamp="2015-01-18T22:05:35Z" user="dmgroom_ct" uid="437598" lat="27.1886857" lon="55.5833153">
  <tag k="power" v="tower"/>
 </node>
 <node id="3297574431" visible="true" version="1" changeset="28241268" timestamp="2015-01-18T22:05:35Z" user="dmgroom_ct" uid="437598" lat="27.1892188" lon="55.5807505">
  <tag k="power" v="tower"/>
 </node>
 <node id="3297574432" visible="true" version="1" changeset="28241268" timestamp="2015-01-18T22:05:35Z" user="dmgroom_ct" uid="437598" lat="27.1897519" lon="55.5781887">
  <tag k="power" v="tower"/>
 </node>
 <node id="3297574433" visible="true" version="1" changeset="28241268" timestamp="2015-01-18T22:05:35Z" user="dmgroom_ct" uid="437598" lat="27.1903242" lon="55.5755916">
  <tag k="power" v="tower"/>
 </node>
 <node id="3297574435" visible="true" version="1" changeset="28241268" timestamp="2015-01-18T22:05:35Z" user="dmgroom_ct" uid="437598" lat="27.1908468" lon="55.5730710">
  <tag k="power" v="tower"/>
 </node>
 <node id="3297574437" visible="true" version="1" changeset="28241268" timestamp="2015-01-18T22:05:35Z" user="dmgroom_ct" uid="437598" lat="27.1914139" lon="55.5704974">
  <tag k="power" v="tower"/>
 </node>
 <node id="3297574440" visible="true" version="1" changeset="28241268" timestamp="2015-01-18T22:05:36Z" user="dmgroom_ct" uid="437598" lat="27.1929034" lon="55.5680969">
  <tag k="power" v="tower"/>
 </node>
 <node id="3297574443" visible="true" version="1" changeset="28241268" timestamp="2015-01-18T22:05:36Z" user="dmgroom_ct" uid="437598" lat="27.1943520" lon="55.5657287">
  <tag k="power" v="tower"/>
 </node>
 <node id="3297574446" visible="true" version="1" changeset="28241268" timestamp="2015-01-18T22:05:36Z" user="dmgroom_ct" uid="437598" lat="27.1957895" lon="55.5634062">
  <tag k="power" v="tower"/>
 </node>
 <node id="3297574449" visible="true" version="1" changeset="28241268" timestamp="2015-01-18T22:05:36Z" user="dmgroom_ct" uid="437598" lat="27.1972640" lon="55.5610754">
  <tag k="power" v="tower"/>
 </node>
 <node id="3297574451" visible="true" version="1" changeset="28241268" timestamp="2015-01-18T22:05:36Z" user="dmgroom_ct" uid="437598" lat="27.1986867" lon="55.5587570">
  <tag k="power" v="tower"/>
 </node>
 <node id="3297574453" visible="true" version="1" changeset="28241268" timestamp="2015-01-18T22:05:36Z" user="dmgroom_ct" uid="437598" lat="27.2000466" lon="55.5565924">
  <tag k="power" v="tower"/>
 </node>
 <node id="3297574460" visible="true" version="1" changeset="28241268" timestamp="2015-01-18T22:05:36Z" user="dmgroom_ct" uid="437598" lat="27.2015580" lon="55.5540746">
  <tag k="power" v="tower"/>
 </node>
 <node id="3297574464" visible="true" version="1" changeset="28241268" timestamp="2015-01-18T22:05:36Z" user="dmgroom_ct" uid="437598" lat="27.2031617" lon="55.5515568">
  <tag k="power" v="tower"/>
 </node>
 <node id="3297574467" visible="true" version="1" changeset="28241268" timestamp="2015-01-18T22:05:36Z" user="dmgroom_ct" uid="437598" lat="27.2047174" lon="55.5490681">
  <tag k="power" v="tower"/>
 </node>
 <node id="3297574470" visible="true" version="1" changeset="28241268" timestamp="2015-01-18T22:05:37Z" user="dmgroom_ct" uid="437598" lat="27.2059774" lon="55.5469908">
  <tag k="power" v="tower"/>
 </node>
 <node id="3297574473" visible="true" version="1" changeset="28241268" timestamp="2015-01-18T22:05:37Z" user="dmgroom_ct" uid="437598" lat="27.2080485" lon="55.5469222">
  <tag k="power" v="tower"/>
 </node>
 <node id="3297574477" visible="true" version="1" changeset="28241268" timestamp="2015-01-18T22:05:37Z" user="dmgroom_ct" uid="437598" lat="27.2100918" lon="55.5468931">
  <tag k="power" v="tower"/>
 </node>
 <node id="3297574479" visible="true" version="1" changeset="28241268" timestamp="2015-01-18T22:05:37Z" user="dmgroom_ct" uid="437598" lat="27.2122238" lon="55.5468433">
  <tag k="power" v="tower"/>
 </node>
 <node id="3297574482" visible="true" version="1" changeset="28241268" timestamp="2015-01-18T22:05:37Z" user="dmgroom_ct" uid="437598" lat="27.2146994" lon="55.5456799">
  <tag k="power" v="tower"/>
 </node>
 <node id="3297574485" visible="true" version="1" changeset="28241268" timestamp="2015-01-18T22:05:37Z" user="dmgroom_ct" uid="437598" lat="27.2171490" lon="55.5445083">
  <tag k="power" v="tower"/>
 </node>
 <node id="3297574486" visible="true" version="1" changeset="28241268" timestamp="2015-01-18T22:05:37Z" user="dmgroom_ct" uid="437598" lat="27.2182722" lon="55.5420071">
  <tag k="power" v="tower"/>
 </node>
 <node id="3297574488" visible="true" version="1" changeset="28241268" timestamp="2015-01-18T22:05:37Z" user="dmgroom_ct" uid="437598" lat="27.2193104" lon="55.5396680">
  <tag k="power" v="tower"/>
 </node>
 <node id="3297574490" visible="true" version="1" changeset="28241268" timestamp="2015-01-18T22:05:37Z" user="dmgroom_ct" uid="437598" lat="27.2205444" lon="55.5370547">
  <tag k="power" v="tower"/>
 </node>
 <node id="3297574492" visible="true" version="1" changeset="28241268" timestamp="2015-01-18T22:05:37Z" user="dmgroom_ct" uid="437598" lat="27.2217452" lon="55.5342751">
  <tag k="power" v="tower"/>
 </node>
 <node id="3297574494" visible="true" version="1" changeset="28241268" timestamp="2015-01-18T22:05:37Z" user="dmgroom_ct" uid="437598" lat="27.2228535" lon="55.5318779">
  <tag k="power" v="tower"/>
 </node>
 <node id="3297574501" visible="true" version="1" changeset="28241268" timestamp="2015-01-18T22:05:37Z" user="dmgroom_ct" uid="437598" lat="27.2240506" lon="55.5292064">
  <tag k="power" v="tower"/>
 </node>
 <node id="3297574507" visible="true" version="1" changeset="28241268" timestamp="2015-01-18T22:05:38Z" user="dmgroom_ct" uid="437598" lat="27.2252845" lon="55.5264808">
  <tag k="power" v="tower"/>
 </node>
 <node id="3297574513" visible="true" version="1" changeset="28241268" timestamp="2015-01-18T22:05:38Z" user="dmgroom_ct" uid="437598" lat="27.2264520" lon="55.5238841">
  <tag k="power" v="tower"/>
 </node>
 <node id="3297574521" visible="true" version="1" changeset="28241268" timestamp="2015-01-18T22:05:38Z" user="dmgroom_ct" uid="437598" lat="27.2286132" lon="55.5227249">
  <tag k="power" v="tower"/>
 </node>
 <node id="3297574527" visible="true" version="1" changeset="28241268" timestamp="2015-01-18T22:05:38Z" user="dmgroom_ct" uid="437598" lat="27.2308483" lon="55.5215201">
  <tag k="power" v="tower"/>
 </node>
 <node id="3297574533" visible="true" version="1" changeset="28241268" timestamp="2015-01-18T22:05:38Z" user="dmgroom_ct" uid="437598" lat="27.2329724" lon="55.5203609">
  <tag k="power" v="tower"/>
 </node>
 <node id="3297574538" visible="true" version="1" changeset="28241268" timestamp="2015-01-18T22:05:39Z" user="dmgroom_ct" uid="437598" lat="27.2349377" lon="55.5192848">
  <tag k="power" v="tower"/>
 </node>
 <node id="3297574542" visible="true" version="1" changeset="28241268" timestamp="2015-01-18T22:05:39Z" user="dmgroom_ct" uid="437598" lat="27.2369880" lon="55.5182212">
  <tag k="power" v="tower"/>
 </node>
 <node id="3307133733" visible="true" version="2" changeset="123131891" timestamp="2022-07-02T20:02:24Z" user="Mostafa Ahangarha" uid="3800783" lat="27.0027275" lon="55.6738509"/>
 <node id="4309923213" visible="true" version="1" changeset="40837821" timestamp="2016-07-18T20:44:36Z" user="hamid5300" uid="2324635" lat="27.0240447" lon="55.7259476"/>
 <node id="4309923224" visible="true" version="1" changeset="40837821" timestamp="2016-07-18T20:44:36Z" user="hamid5300" uid="2324635" lat="27.0250909" lon="55.7273390"/>
 <node id="4741595402" visible="true" version="1" changeset="46958627" timestamp="2017-03-18T14:58:49Z" user="Basstoelpel" uid="72235" lat="27.0116261" lon="55.7179263">
  <tag k="power" v="portal"/>
 </node>
 <node id="4741595403" visible="true" version="1" changeset="46958627" timestamp="2017-03-18T14:58:49Z" user="Basstoelpel" uid="72235" lat="27.0117095" lon="55.7181028">
  <tag k="power" v="portal"/>
 </node>
 <node id="4741595404" visible="true" version="1" changeset="46958627" timestamp="2017-03-18T14:58:49Z" user="Basstoelpel" uid="72235" lat="27.0120732" lon="55.7177727">
  <tag k="power" v="tower"/>
 </node>
 <node id="5858704330" visible="true" version="2" changeset="123132298" timestamp="2022-07-02T20:20:55Z" user="Mostafa Ahangarha" uid="3800783" lat="27.0216745" lon="55.7224296"/>
 <node id="5858752615" visible="true" version="1" changeset="62003236" timestamp="2018-08-26T10:22:11Z" user="iran map 28" uid="6081216" lat="27.0182322" lon="55.7182855"/>
 <node id="5858752630" visible="true" version="1" changeset="62003236" timestamp="2018-08-26T10:22:11Z" user="iran map 28" uid="6081216" lat="27.0111600" lon="55.7168955"/>
 <node id="5858752648" visible="true" version="1" changeset="62003236" timestamp="2018-08-26T10:22:11Z" user="iran map 28" uid="6081216" lat="27.0175354" lon="55.7178125"/>
 <node id="5858752653" visible="true" version="3" changeset="127738827" timestamp="2022-10-18T17:05:27Z" user="Afnui12" uid="10074686" lat="27.0177982" lon="55.7179140"/>
 <node id="5858754795" visible="true" version="1" changeset="62003236" timestamp="2018-08-26T10:22:12Z" user="iran map 28" uid="6081216" lat="27.0141601" lon="55.7149803"/>
 <node id="5858754809" visible="true" version="1" changeset="62003236" timestamp="2018-08-26T10:22:12Z" user="iran map 28" uid="6081216" lat="27.0152131" lon="55.7142731"/>
 <node id="5858754815" visible="true" version="2" changeset="127738827" timestamp="2022-10-18T17:05:27Z" user="Afnui12" uid="10074686" lat="27.0174130" lon="55.7172192"/>
 <node id="5858754832" visible="true" version="1" changeset="62003236" timestamp="2018-08-26T10:22:12Z" user="iran map 28" uid="6081216" lat="27.0175541" lon="55.7179354"/>
 <node id="5858754883" visible="true" version="2" changeset="127738827" timestamp="2022-10-18T17:05:27Z" user="Afnui12" uid="10074686" lat="27.0176968" lon="55.7178880"/>
 <node id="5858754900" visible="true" version="2" changeset="127738827" timestamp="2022-10-18T17:05:27Z" user="Afnui12" uid="10074686" lat="27.0175493" lon="55.7176109"/>
 <node id="6656967581" visible="true" version="1" changeset="72758045" timestamp="2019-07-29T07:53:10Z" user="B&amp;hz@d" uid="9481499" lat="27.0028307" lon="55.7278296"/>
 <node id="6656983191" visible="true" version="1" changeset="72758045" timestamp="2019-07-29T07:53:10Z" user="B&amp;hz@d" uid="9481499" lat="27.0023258" lon="55.7280247"/>
 <node id="6656983263" visible="true" version="1" changeset="72758045" timestamp="2019-07-29T07:53:10Z" user="B&amp;hz@d" uid="9481499" lat="27.0017029" lon="55.7084349"/>
 <node id="6656983271" visible="true" version="1" changeset="72758045" timestamp="2019-07-29T07:53:10Z" user="B&amp;hz@d" uid="9481499" lat="26.9986399" lon="55.7091088"/>
 <node id="6656983272" visible="true" version="1" changeset="72758045" timestamp="2019-07-29T07:53:10Z" user="B&amp;hz@d" uid="9481499" lat="26.9987806" lon="55.7112052"/>
 <node id="6656983279" visible="true" version="1" changeset="72758045" timestamp="2019-07-29T07:53:10Z" user="B&amp;hz@d" uid="9481499" lat="26.9989648" lon="55.7103764"/>
 <node id="6656983288" visible="true" version="1" changeset="72758045" timestamp="2019-07-29T07:53:10Z" user="B&amp;hz@d" uid="9481499" lat="27.0006739" lon="55.7093779"/>
 <node id="6656983289" visible="true" version="1" changeset="72758045" timestamp="2019-07-29T07:53:10Z" user="B&amp;hz@d" uid="9481499" lat="26.9981806" lon="55.7115197"/>
 <node id="6656983290" visible="true" version="1" changeset="72758045" timestamp="2019-07-29T07:53:10Z" user="B&amp;hz@d" uid="9481499" lat="26.9977313" lon="55.7103395"/>
 <node id="6656983291" visible="true" version="1" changeset="72758045" timestamp="2019-07-29T07:53:10Z" user="B&amp;hz@d" uid="9481499" lat="26.9976740" lon="55.7099426"/>
 <node id="6656983292" visible="true" version="1" changeset="72758045" timestamp="2019-07-29T07:53:10Z" user="B&amp;hz@d" uid="9481499" lat="26.9979417" lon="55.7095563"/>
 <node id="6656983293" visible="true" version="1" changeset="72758045" timestamp="2019-07-29T07:53:10Z" user="B&amp;hz@d" uid="9481499" lat="26.9983527" lon="55.7091164"/>
 <node id="6656983294" visible="true" version="1" changeset="72758045" timestamp="2019-07-29T07:53:10Z" user="B&amp;hz@d" uid="9481499" lat="26.9987542" lon="55.7091057"/>
 <node id="6656983295" visible="true" version="1" changeset="72758045" timestamp="2019-07-29T07:53:10Z" user="B&amp;hz@d" uid="9481499" lat="26.9994425" lon="55.7089233"/>
 <node id="6656983296" visible="true" version="1" changeset="72758045" timestamp="2019-07-29T07:53:10Z" user="B&amp;hz@d" uid="9481499" lat="26.9999109" lon="55.7086873"/>
 <node id="6656983297" visible="true" version="1" changeset="72758045" timestamp="2019-07-29T07:53:10Z" user="B&amp;hz@d" uid="9481499" lat="27.0004845" lon="55.7088375"/>
 <node id="6656983298" visible="true" version="1" changeset="72758045" timestamp="2019-07-29T07:53:10Z" user="B&amp;hz@d" uid="9481499" lat="27.0007713" lon="55.7087088"/>
 <node id="6656983299" visible="true" version="2" changeset="123158925" timestamp="2022-07-03T17:13:54Z" user="Mostafa Ahangarha" uid="3800783" lat="27.0013592" lon="55.7084419"/>
 <node id="6656983300" visible="true" version="1" changeset="72758045" timestamp="2019-07-29T07:53:10Z" user="B&amp;hz@d" uid="9481499" lat="27.0018610" lon="55.7084405"/>
 <node id="6656983301" visible="true" version="2" changeset="123158925" timestamp="2022-07-03T17:13:54Z" user="Mostafa Ahangarha" uid="3800783" lat="27.0025338" lon="55.7082005"/>
 <node id="6656983302" visible="true" version="2" changeset="123158925" timestamp="2022-07-03T17:13:54Z" user="Mostafa Ahangarha" uid="3800783" lat="27.0041385" lon="55.7074052"/>
 <node id="6656983303" visible="true" version="1" changeset="72758045" timestamp="2019-07-29T07:53:10Z" user="B&amp;hz@d" uid="9481499" lat="27.0035817" lon="55.7058120"/>
 <node id="6656983304" visible="true" version="2" changeset="123158925" timestamp="2022-07-03T17:13:54Z" user="Mostafa Ahangarha" uid="3800783" lat="27.0044456" lon="55.7082380"/>
 <node id="6884843770" visible="true" version="2" changeset="123159090" timestamp="2022-07-03T17:20:02Z" user="Mostafa Ahangarha" uid="3800783" lat="27.0581166" lon="55.7571843"/>
 <node id="6884985142" visible="true" version="2" changeset="123132094" timestamp="2022-07-02T20:12:10Z" user="Mostafa Ahangarha" uid="3800783" lat="27.0135579" lon="55.6941322"/>
 <node id="6884985143" visible="true" version="2" changeset="123132094" timestamp="2022-07-02T20:12:10Z" user="Mostafa Ahangarha" uid="3800783" lat="27.0137060" lon="55.6940813"/>
 <node id="6884985144" visible="true" version="2" changeset="123132094" timestamp="2022-07-02T20:12:10Z" user="Mostafa Ahangarha" uid="3800783" lat="27.0140222" lon="55.6939298"/>
 <node id="6884985148" visible="true" version="1" changeset="75763366" timestamp="2019-10-16T08:48:18Z" user="ali dini" uid="5864298" lat="27.0134683" lon="55.6938047"/>
 <node id="6884985149" visible="true" version="2" changeset="123132094" timestamp="2022-07-02T20:12:10Z" user="Mostafa Ahangarha" uid="3800783" lat="27.0146626" lon="55.6936616"/>
 <node id="6884985150" visible="true" version="2" changeset="123132094" timestamp="2022-07-02T20:12:10Z" user="Mostafa Ahangarha" uid="3800783" lat="27.0150186" lon="55.6934255"/>
 <node id="6884985151" visible="true" version="2" changeset="123132094" timestamp="2022-07-02T20:12:10Z" user="Mostafa Ahangarha" uid="3800783" lat="27.0156208" lon="55.6931519"/>
 <node id="6884985152" visible="true" version="2" changeset="123132094" timestamp="2022-07-02T20:12:10Z" user="Mostafa Ahangarha" uid="3800783" lat="27.0169685" lon="55.6927228"/>
 <node id="6884985153" visible="true" version="2" changeset="123132094" timestamp="2022-07-02T20:12:10Z" user="Mostafa Ahangarha" uid="3800783" lat="27.0186029" lon="55.6923258"/>
 <node id="6884985154" visible="true" version="2" changeset="123132094" timestamp="2022-07-02T20:12:10Z" user="Mostafa Ahangarha" uid="3800783" lat="27.0197690" lon="55.6920254"/>
 <node id="6884985155" visible="true" version="2" changeset="123132094" timestamp="2022-07-02T20:12:10Z" user="Mostafa Ahangarha" uid="3800783" lat="27.0207869" lon="55.6918591"/>
 <node id="6884985156" visible="true" version="2" changeset="123132094" timestamp="2022-07-02T20:12:10Z" user="Mostafa Ahangarha" uid="3800783" lat="27.0215706" lon="55.6917411"/>
 <node id="6884985157" visible="true" version="2" changeset="123132094" timestamp="2022-07-02T20:12:10Z" user="Mostafa Ahangarha" uid="3800783" lat="27.0235968" lon="55.6911617"/>
 <node id="6884985158" visible="true" version="1" changeset="75763366" timestamp="2019-10-16T08:48:18Z" user="ali dini" uid="5864298" lat="27.0243415" lon="55.6910852"/>
 <node id="6884985159" visible="true" version="1" changeset="75763366" timestamp="2019-10-16T08:48:18Z" user="ali dini" uid="5864298" lat="27.0246617" lon="55.6907848"/>
 <node id="6884985160" visible="true" version="1" changeset="75763366" timestamp="2019-10-16T08:48:18Z" user="ali dini" uid="5864298" lat="27.0251873" lon="55.6898139"/>
 <node id="6884985161" visible="true" version="1" changeset="75763366" timestamp="2019-10-16T08:48:18Z" user="ali dini" uid="5864298" lat="27.0253402" lon="55.6893954"/>
 <node id="6884985184" visible="true" version="2" changeset="123158988" timestamp="2022-07-03T17:16:24Z" user="Mostafa Ahangarha" uid="3800783" lat="27.0312377" lon="55.7038607"/>
 <node id="6884990585" visible="true" version="1" changeset="75763366" timestamp="2019-10-16T08:48:18Z" user="ali dini" uid="5864298" lat="27.0321162" lon="55.7027045"/>
 <node id="6884990586" visible="true" version="2" changeset="123158988" timestamp="2022-07-03T17:16:24Z" user="Mostafa Ahangarha" uid="3800783" lat="27.0321229" lon="55.7037453"/>
 <node id="6884990587" visible="true" version="2" changeset="123158988" timestamp="2022-07-03T17:16:24Z" user="Mostafa Ahangarha" uid="3800783" lat="27.0319616" lon="55.7038781"/>
 <node id="6884990588" visible="true" version="2" changeset="123158988" timestamp="2022-07-03T17:16:24Z" user="Mostafa Ahangarha" uid="3800783" lat="27.0308124" lon="55.7038835"/>
 <node id="6884990589" visible="true" version="2" changeset="123158988" timestamp="2022-07-03T17:16:24Z" user="Mostafa Ahangarha" uid="3800783" lat="27.0303256" lon="55.7038949"/>
 <node id="6884990590" visible="true" version="2" changeset="123158988" timestamp="2022-07-03T17:16:24Z" user="Mostafa Ahangarha" uid="3800783" lat="27.0302617" lon="55.7038687"/>
 <node id="6884990591" visible="true" version="2" changeset="123158988" timestamp="2022-07-03T17:16:24Z" user="Mostafa Ahangarha" uid="3800783" lat="27.0302175" lon="55.7038231"/>
 <node id="6884990592" visible="true" version="2" changeset="123158988" timestamp="2022-07-03T17:16:24Z" user="Mostafa Ahangarha" uid="3800783" lat="27.0301960" lon="55.7037453"/>
 <node id="6884990593" visible="true" version="2" changeset="123158988" timestamp="2022-07-03T17:16:24Z" user="Mostafa Ahangarha" uid="3800783" lat="27.0301805" lon="55.7030936"/>
 <node id="6884990594" visible="true" version="2" changeset="123158988" timestamp="2022-07-03T17:16:24Z" user="Mostafa Ahangarha" uid="3800783" lat="27.0300527" lon="55.7029380"/>
 <node id="6884990595" visible="true" version="2" changeset="123158988" timestamp="2022-07-03T17:16:24Z" user="Mostafa Ahangarha" uid="3800783" lat="27.0296931" lon="55.7029206"/>
 <node id="6884990596" visible="true" version="1" changeset="75763366" timestamp="2019-10-16T08:48:18Z" user="ali dini" uid="5864298" lat="27.0285706" lon="55.7029567"/>
 <node id="6884990597" visible="true" version="1" changeset="75763366" timestamp="2019-10-16T08:48:18Z" user="ali dini" uid="5864298" lat="27.0264967" lon="55.7020930"/>
 <node id="6884990598" visible="true" version="1" changeset="75763366" timestamp="2019-10-16T08:48:18Z" user="ali dini" uid="5864298" lat="27.0216128" lon="55.7000706"/>
 <node id="6884990599" visible="true" version="1" changeset="75763366" timestamp="2019-10-16T08:48:18Z" user="ali dini" uid="5864298" lat="27.0034412" lon="55.6748708"/>
 <node id="6884990681" visible="true" version="1" changeset="75763366" timestamp="2019-10-16T08:48:18Z" user="ali dini" uid="5864298" lat="27.0357545" lon="55.7389818"/>
 <node id="6968047510" visible="true" version="1" changeset="76938762" timestamp="2019-11-12T04:19:55Z" user="mapsGR" uid="8710050" lat="27.0013723" lon="55.7283673"/>
 <node id="6968047511" visible="true" version="1" changeset="76938762" timestamp="2019-11-12T04:19:55Z" user="mapsGR" uid="8710050" lat="27.0013968" lon="55.7283378"/>
 <node id="7698089042" visible="true" version="1" changeset="87741600" timestamp="2020-07-09T05:37:18Z" user="NFZANMNIM" uid="1980310" lat="27.0210993" lon="55.7220558"/>
 <node id="8577606840" visible="true" version="1" changeset="102026255" timestamp="2021-03-31T05:50:00Z" user="fereydoon555" uid="9543799" lat="27.0571866" lon="55.7573046"/>
 <node id="9862739906" visible="true" version="1" changeset="123131100" timestamp="2022-07-02T19:30:29Z" user="Mostafa Ahangarha" uid="3800783" lat="26.9989037" lon="55.6683726"/>
 <node id="9862775700" visible="true" version="1" changeset="123131738" timestamp="2022-07-02T19:55:14Z" user="Mostafa Ahangarha" uid="3800783" lat="26.9928845" lon="55.6624192"/>
 <node id="9862781344" visible="true" version="1" changeset="123131179" timestamp="2022-07-02T19:33:21Z" user="Mostafa Ahangarha" uid="3800783" lat="26.9950477" lon="55.6582623"/>
 <node id="9862826508" visible="true" version="1" changeset="123131891" timestamp="2022-07-02T20:02:24Z" user="Mostafa Ahangarha" uid="3800783" lat="27.0036697" lon="55.6752000"/>
 <node id="9862838925" visible="true" version="1" changeset="123131891" timestamp="2022-07-02T20:02:24Z" user="Mostafa Ahangarha" uid="3800783" lat="27.0022274" lon="55.6731479"/>
 <node id="9862839627" visible="true" version="1" changeset="123132131" timestamp="2022-07-02T20:13:18Z" user="Mostafa Ahangarha" uid="3800783" lat="27.0274371" lon="55.7297584"/>
 <node id="9862851356" visible="true" version="1" changeset="123132094" timestamp="2022-07-02T20:12:10Z" user="Mostafa Ahangarha" uid="3800783" lat="27.0241485" lon="55.7258675"/>
 <node id="9862851363" visible="true" version="1" changeset="123132094" timestamp="2022-07-02T20:12:10Z" user="Mostafa Ahangarha" uid="3800783" lat="27.0245706" lon="55.7168126"/>
 <node id="9862851364" visible="true" version="1" changeset="123132094" timestamp="2022-07-02T20:12:10Z" user="Mostafa Ahangarha" uid="3800783" lat="27.0206196" lon="55.7197836"/>
 <node id="9862851365" visible="true" version="1" changeset="123132094" timestamp="2022-07-02T20:12:10Z" user="Mostafa Ahangarha" uid="3800783" lat="27.0228370" lon="55.7181823"/>
 <node id="9862851366" visible="true" version="1" changeset="123132094" timestamp="2022-07-02T20:12:10Z" user="Mostafa Ahangarha" uid="3800783" lat="27.0242706" lon="55.7170343"/>
 <node id="9862851367" visible="true" version="1" changeset="123132094" timestamp="2022-07-02T20:12:10Z" user="Mostafa Ahangarha" uid="3800783" lat="27.0278641" lon="55.7143789"/>
 <node id="9862851368" visible="true" version="1" changeset="123132094" timestamp="2022-07-02T20:12:10Z" user="Mostafa Ahangarha" uid="3800783" lat="27.0294792" lon="55.7130647"/>
 <node id="9862851369" visible="true" version="1" changeset="123132094" timestamp="2022-07-02T20:12:10Z" user="Mostafa Ahangarha" uid="3800783" lat="27.0308698" lon="55.7121259"/>
 <node id="9862851370" visible="true" version="1" changeset="123132094" timestamp="2022-07-02T20:12:10Z" user="Mostafa Ahangarha" uid="3800783" lat="27.0311683" lon="55.7118638"/>
 <node id="9862851380" visible="true" version="1" changeset="123132094" timestamp="2022-07-02T20:12:10Z" user="Mostafa Ahangarha" uid="3800783" lat="27.0176423" lon="55.6925511"/>
 <node id="9862851381" visible="true" version="1" changeset="123132094" timestamp="2022-07-02T20:12:10Z" user="Mostafa Ahangarha" uid="3800783" lat="27.0136638" lon="55.6946003"/>
 <node id="9862851382" visible="true" version="1" changeset="123132094" timestamp="2022-07-02T20:12:10Z" user="Mostafa Ahangarha" uid="3800783" lat="27.0134726" lon="55.6953460"/>
 <node id="9862851383" visible="true" version="1" changeset="123132094" timestamp="2022-07-02T20:12:10Z" user="Mostafa Ahangarha" uid="3800783" lat="27.0132217" lon="55.6960916"/>
 <node id="9862851384" visible="true" version="1" changeset="123132094" timestamp="2022-07-02T20:12:10Z" user="Mostafa Ahangarha" uid="3800783" lat="27.0127151" lon="55.6975347"/>
 <node id="9862851385" visible="true" version="1" changeset="123132094" timestamp="2022-07-02T20:12:10Z" user="Mostafa Ahangarha" uid="3800783" lat="27.0126100" lon="55.6979263"/>
 <node id="9862851386" visible="true" version="1" changeset="123132094" timestamp="2022-07-02T20:12:10Z" user="Mostafa Ahangarha" uid="3800783" lat="27.0124737" lon="55.6981918"/>
 <node id="9862851387" visible="true" version="1" changeset="123132094" timestamp="2022-07-02T20:12:10Z" user="Mostafa Ahangarha" uid="3800783" lat="27.0123806" lon="55.6986183"/>
 <node id="9862851388" visible="true" version="1" changeset="123132094" timestamp="2022-07-02T20:12:10Z" user="Mostafa Ahangarha" uid="3800783" lat="27.0121607" lon="55.6993318"/>
 <node id="9862851389" visible="true" version="1" changeset="123132094" timestamp="2022-07-02T20:12:10Z" user="Mostafa Ahangarha" uid="3800783" lat="27.0121894" lon="55.6998977"/>
 <node id="9862851390" visible="true" version="1" changeset="123132094" timestamp="2022-07-02T20:12:10Z" user="Mostafa Ahangarha" uid="3800783" lat="27.0121559" lon="55.7007131"/>
 <node id="9862851391" visible="true" version="1" changeset="123132094" timestamp="2022-07-02T20:12:10Z" user="Mostafa Ahangarha" uid="3800783" lat="27.0122635" lon="55.7013595"/>
 <node id="9862851392" visible="true" version="1" changeset="123132094" timestamp="2022-07-02T20:12:10Z" user="Mostafa Ahangarha" uid="3800783" lat="27.0123447" lon="55.7019952"/>
 <node id="9862851393" visible="true" version="1" changeset="123132094" timestamp="2022-07-02T20:12:10Z" user="Mostafa Ahangarha" uid="3800783" lat="27.0131118" lon="55.6965852"/>
 <node id="9864182892" visible="true" version="1" changeset="123158594" timestamp="2022-07-03T17:04:03Z" user="Mostafa Ahangarha" uid="3800783" lat="27.0039427" lon="55.7273790"/>
 <node id="9864182898" visible="true" version="1" changeset="123158594" timestamp="2022-07-03T17:04:03Z" user="Mostafa Ahangarha" uid="3800783" lat="27.0018584" lon="55.7281822"/>
 <node id="9864216528" visible="true" version="1" changeset="123158670" timestamp="2022-07-03T17:06:02Z" user="Mostafa Ahangarha" uid="3800783" lat="27.0045233" lon="55.7095510"/>
 <node id="9864216529" visible="true" version="1" changeset="123158670" timestamp="2022-07-03T17:06:02Z" user="Mostafa Ahangarha" uid="3800783" lat="27.0024680" lon="55.7100391"/>
 <node id="9864216530" visible="true" version="1" changeset="123158670" timestamp="2022-07-03T17:06:02Z" user="Mostafa Ahangarha" uid="3800783" lat="27.0003698" lon="55.7130217"/>
 <node id="9864216531" visible="true" version="1" changeset="123158670" timestamp="2022-07-03T17:06:02Z" user="Mostafa Ahangarha" uid="3800783" lat="26.9978604" lon="55.7087463"/>
 <node id="9864216532" visible="true" version="1" changeset="123158670" timestamp="2022-07-03T17:06:02Z" user="Mostafa Ahangarha" uid="3800783" lat="26.9979082" lon="55.7093042"/>
 <node id="9864216533" visible="true" version="1" changeset="123158670" timestamp="2022-07-03T17:06:02Z" user="Mostafa Ahangarha" uid="3800783" lat="27.0001738" lon="55.7057100"/>
 <node id="9864216534" visible="true" version="1" changeset="123158670" timestamp="2022-07-03T17:06:02Z" user="Mostafa Ahangarha" uid="3800783" lat="27.0020044" lon="55.7057422"/>
 <node id="9864216535" visible="true" version="1" changeset="123158670" timestamp="2022-07-03T17:06:02Z" user="Mostafa Ahangarha" uid="3800783" lat="27.0044659" lon="55.7069653"/>
 <node id="9864216536" visible="true" version="1" changeset="123158670" timestamp="2022-07-03T17:06:02Z" user="Mostafa Ahangarha" uid="3800783" lat="27.0050251" lon="55.7068902"/>
 <node id="9864222705" visible="true" version="1" changeset="123158925" timestamp="2022-07-03T17:13:54Z" user="Mostafa Ahangarha" uid="3800783" lat="27.0009911" lon="55.7085840"/>
 <node id="9864222706" visible="true" version="1" changeset="123158925" timestamp="2022-07-03T17:13:54Z" user="Mostafa Ahangarha" uid="3800783" lat="27.0042496" lon="55.7075246"/>
 <node id="9864222707" visible="true" version="1" changeset="123158925" timestamp="2022-07-03T17:13:54Z" user="Mostafa Ahangarha" uid="3800783" lat="27.0041959" lon="55.7074454"/>
 <node id="9864222708" visible="true" version="1" changeset="123158925" timestamp="2022-07-03T17:13:54Z" user="Mostafa Ahangarha" uid="3800783" lat="27.0024740" lon="55.7082300"/>
 <node id="9864226802" visible="true" version="1" changeset="123158988" timestamp="2022-07-03T17:16:24Z" user="Mostafa Ahangarha" uid="3800783" lat="27.0321074" lon="55.7038110"/>
 <node id="9864226803" visible="true" version="1" changeset="123158988" timestamp="2022-07-03T17:16:24Z" user="Mostafa Ahangarha" uid="3800783" lat="27.0320632" lon="55.7038607"/>
 <node id="9864226804" visible="true" version="1" changeset="123158988" timestamp="2022-07-03T17:16:24Z" user="Mostafa Ahangarha" uid="3800783" lat="27.0316940" lon="55.7038325"/>
 <node id="9864226805" visible="true" version="1" changeset="123158988" timestamp="2022-07-03T17:16:24Z" user="Mostafa Ahangarha" uid="3800783" lat="27.0313404" lon="55.7037963"/>
 <node id="9864226806" visible="true" version="1" changeset="123158988" timestamp="2022-07-03T17:16:24Z" user="Mostafa Ahangarha" uid="3800783" lat="27.0301936" lon="55.7031861"/>
 <node id="9864226807" visible="true" version="1" changeset="123158988" timestamp="2022-07-03T17:16:24Z" user="Mostafa Ahangarha" uid="3800783" lat="27.0301303" lon="55.7030010"/>
 <node id="9864226808" visible="true" version="1" changeset="123158988" timestamp="2022-07-03T17:16:24Z" user="Mostafa Ahangarha" uid="3800783" lat="27.0299666" lon="55.7029179"/>
 <node id="9864234720" visible="true" version="1" changeset="123158925" timestamp="2022-07-03T17:13:54Z" user="Mostafa Ahangarha" uid="3800783" lat="26.9995658" lon="55.7099559"/>
 <node id="9864234734" visible="true" version="1" changeset="123158925" timestamp="2022-07-03T17:13:54Z" user="Mostafa Ahangarha" uid="3800783" lat="27.0023659" lon="55.7088346"/>
 <node id="9864239514" visible="true" version="1" changeset="123159090" timestamp="2022-07-03T17:20:02Z" user="Mostafa Ahangarha" uid="3800783" lat="27.0570548" lon="55.7571287"/>
 <node id="10111752583" visible="true" version="1" changeset="127738827" timestamp="2022-10-18T17:05:27Z" user="Afnui12" uid="10074686" lat="27.0177582" lon="55.7178940"/>
 <node id="10111752584" visible="true" version="1" changeset="127738827" timestamp="2022-10-18T17:05:27Z" user="Afnui12" uid="10074686" lat="27.0176292" lon="55.7178967"/>
 <node id="10111752585" visible="true" version="1" changeset="127738827" timestamp="2022-10-18T17:05:27Z" user="Afnui12" uid="10074686" lat="27.0175551" lon="55.7177693"/>
 <node id="10111752586" visible="true" version="1" changeset="127738827" timestamp="2022-10-18T17:05:27Z" user="Afnui12" uid="10074686" lat="27.0175121" lon="55.7174863"/>
 <node id="10111752587" visible="true" version="1" changeset="127738827" timestamp="2022-10-18T17:05:27Z" user="Afnui12" uid="10074686" lat="27.0175635" lon="55.7177170"/>
 <node id="11011543860" visible="true" version="1" changeset="137859917" timestamp="2023-06-28T04:29:36Z" user="MUHAMMED`sab" uid="16905710" lat="27.0128704" lon="55.7074079"/>
 <node id="11011543861" visible="true" version="1" changeset="137859917" timestamp="2023-06-28T04:29:36Z" user="MUHAMMED`sab" uid="16905710" lat="27.0133483" lon="55.7069761"/>
 <node id="11011543862" visible="true" version="1" changeset="137859917" timestamp="2023-06-28T04:29:36Z" user="MUHAMMED`sab" uid="16905710" lat="27.0133149" lon="55.7071450"/>
 <node id="11011543863" visible="true" version="1" changeset="137859917" timestamp="2023-06-28T04:29:36Z" user="MUHAMMED`sab" uid="16905710" lat="27.0131691" lon="55.7073274"/>
 <node id="11011543864" visible="true" version="1" changeset="137859917" timestamp="2023-06-28T04:29:36Z" user="MUHAMMED`sab" uid="16905710" lat="27.0129971" lon="55.7073972"/>
 <node id="11011543865" visible="true" version="1" changeset="137859917" timestamp="2023-06-28T04:29:36Z" user="MUHAMMED`sab" uid="16905710" lat="27.0127486" lon="55.7073837"/>
 <node id="11011543866" visible="true" version="1" changeset="137859917" timestamp="2023-06-28T04:29:36Z" user="MUHAMMED`sab" uid="16905710" lat="27.0126052" lon="55.7073274"/>
 <node id="11011543867" visible="true" version="1" changeset="137859917" timestamp="2023-06-28T04:29:36Z" user="MUHAMMED`sab" uid="16905710" lat="27.0125168" lon="55.7071772"/>
 <node id="11011543868" visible="true" version="1" changeset="137859917" timestamp="2023-06-28T04:29:36Z" user="MUHAMMED`sab" uid="16905710" lat="27.0123184" lon="55.7067347"/>
 <node id="11011543869" visible="true" version="1" changeset="137859917" timestamp="2023-06-28T04:29:36Z" user="MUHAMMED`sab" uid="16905710" lat="27.0121489" lon="55.7065412"/>
 <node id="11901437485" visible="true" version="1" changeset="151273311" timestamp="2024-05-13T15:42:08Z" user="demetrio_m" uid="196617" lat="27.0103398" lon="55.7176995">
  <tag k="power" v="tower"/>
 </node>
 <node id="11901437486" visible="true" version="1" changeset="151273311" timestamp="2024-05-13T15:42:08Z" user="demetrio_m" uid="196617" lat="27.0105692" lon="55.7181260">
  <tag k="power" v="tower"/>
 </node>
 <node id="11901437487" visible="true" version="1" changeset="151273311" timestamp="2024-05-13T15:42:08Z" user="demetrio_m" uid="196617" lat="27.0113148" lon="55.7183620">
  <tag k="power" v="portal"/>
 </node>
 <node id="11901437488" visible="true" version="1" changeset="151273311" timestamp="2024-05-13T15:42:08Z" user="demetrio_m" uid="196617" lat="27.0112264" lon="55.7181904">
  <tag k="power" v="portal"/>
 </node>
 <node id="11901437489" visible="true" version="2" changeset="153659672" timestamp="2024-07-07T12:20:14Z" user="Basstoelpel" uid="72235" lat="27.0109953" lon="55.7177282">
  <tag k="power" v="portal"/>
 </node>
 <node id="11901437490" visible="true" version="1" changeset="151273311" timestamp="2024-05-13T15:42:08Z" user="demetrio_m" uid="196617" lat="27.0108177" lon="55.7173830">
  <tag k="power" v="portal"/>
 </node>
 <node id="11901437491" visible="true" version="1" changeset="151273311" timestamp="2024-05-13T15:42:08Z" user="demetrio_m" uid="196617" lat="27.0118716" lon="55.7170960">
  <tag k="power" v="portal"/>
 </node>
 <node id="11901437492" visible="true" version="1" changeset="151273311" timestamp="2024-05-13T15:42:08Z" user="demetrio_m" uid="196617" lat="27.0120293" lon="55.7170102">
  <tag k="power" v="portal"/>
 </node>
 <node id="12039871543" visible="true" version="1" changeset="153659672" timestamp="2024-07-07T12:20:14Z" user="Basstoelpel" uid="72235" lat="26.9588167" lon="55.5457186">
  <tag k="power" v="portal"/>
 </node>
 <node id="12039871544" visible="true" version="1" changeset="153659672" timestamp="2024-07-07T12:20:14Z" user="Basstoelpel" uid="72235" lat="26.9588219" lon="55.5464126">
  <tag k="design" v="three-level"/>
  <tag k="power" v="terminal"/>
  <tag k="structure" v="lattice"/>
 </node>
 <node id="12039871545" visible="true" version="1" changeset="153659672" timestamp="2024-07-07T12:20:14Z" user="Basstoelpel" uid="72235" lat="26.9645440" lon="55.6082922">
  <tag k="power" v="portal"/>
 </node>
 <node id="12039871592" visible="true" version="1" changeset="153659672" timestamp="2024-07-07T12:20:14Z" user="Basstoelpel" uid="72235" lat="27.0121525" lon="55.7173425">
  <tag k="power" v="portal"/>
 </node>
 <node id="12039871593" visible="true" version="1" changeset="153659672" timestamp="2024-07-07T12:20:14Z" user="Basstoelpel" uid="72235" lat="27.1100651" lon="55.7441283">
  <tag k="design" v="three-level"/>
  <tag k="power" v="tower"/>
  <tag k="structure" v="lattice"/>
 </node>
 <node id="12039871595" visible="true" version="1" changeset="153659672" timestamp="2024-07-07T12:20:14Z" user="Basstoelpel" uid="72235" lat="27.2372421" lon="55.5183774">
  <tag k="power" v="portal"/>
 </node>
 <node id="12039871599" visible="true" version="1" changeset="153659672" timestamp="2024-07-07T12:20:14Z" user="Basstoelpel" uid="72235" lat="27.0109348" lon="55.7191926">
  <tag k="power" v="connection"/>
 </node>
 <node id="12039871600" visible="true" version="1" changeset="153659672" timestamp="2024-07-07T12:20:14Z" user="Basstoelpel" uid="72235" lat="27.0103344" lon="55.7179732">
  <tag k="design" v="h-frame"/>
  <tag k="power" v="tower"/>
 </node>
 <node id="12039871601" visible="true" version="1" changeset="153659672" timestamp="2024-07-07T12:20:14Z" user="Basstoelpel" uid="72235" lat="27.0104995" lon="55.7183210">
  <tag k="design" v="h-frame"/>
  <tag k="power" v="tower"/>
 </node>
 <node id="12039871602" visible="true" version="1" changeset="153659672" timestamp="2024-07-07T12:20:14Z" user="Basstoelpel" uid="72235" lat="27.0107530" lon="55.7188270">
  <tag k="design" v="h-frame"/>
  <tag k="power" v="tower"/>
 </node>
 <node id="12039871603" visible="true" version="1" changeset="153659672" timestamp="2024-07-07T12:20:14Z" user="Basstoelpel" uid="72235" lat="27.0110730" lon="55.7179144">
  <tag k="power" v="portal"/>
 </node>
 <node id="12040164333" visible="true" version="1" changeset="153668283" timestamp="2024-07-07T16:01:10Z" user="Basstoelpel" uid="72235" lat="26.8239655" lon="55.3584176">
  <tag k="design" v="delta"/>
  <tag k="power" v="tower"/>
  <tag k="structure" v="lattice"/>
 </node>
 <node id="13819885694" visible="true" version="1" changeset="182535835" timestamp="2026-05-12T03:22:39Z" user="Kaya Shiranui" uid="24044595" lat="27.0293907" lon="55.7470891"/>
 <node id="13819885695" visible="true" version="1" changeset="182535835" timestamp="2026-05-12T03:22:39Z" user="Kaya Shiranui" uid="24044595" lat="27.0290897" lon="55.7467216"/>
 <node id="13819885696" visible="true" version="1" changeset="182535835" timestamp="2026-05-12T03:22:39Z" user="Kaya Shiranui" uid="24044595" lat="27.0203659" lon="55.7349807"/>
 <node id="13819885697" visible="true" version="1" changeset="182535835" timestamp="2026-05-12T03:22:39Z" user="Kaya Shiranui" uid="24044595" lat="27.0202065" lon="55.7347572"/>
 <node id="13819885698" visible="true" version="1" changeset="182535835" timestamp="2026-05-12T03:22:39Z" user="Kaya Shiranui" uid="24044595" lat="27.0200985" lon="55.7346121"/>
 <node id="13819885699" visible="true" version="1" changeset="182535835" timestamp="2026-05-12T03:22:39Z" user="Kaya Shiranui" uid="24044595" lat="27.0200377" lon="55.7345304"/>
 <node id="13819885700" visible="true" version="1" changeset="182535835" timestamp="2026-05-12T03:22:39Z" user="Kaya Shiranui" uid="24044595" lat="27.0198908" lon="55.7343293"/>
 <node id="13819892001" visible="true" version="1" changeset="182535835" timestamp="2026-05-12T03:22:39Z" user="Kaya Shiranui" uid="24044595" lat="27.0197002" lon="55.7340834"/>
 <node id="13819892002" visible="true" version="1" changeset="182535835" timestamp="2026-05-12T03:22:39Z" user="Kaya Shiranui" uid="24044595" lat="27.0170718" lon="55.7305340"/>
 <node id="13819892003" visible="true" version="1" changeset="182535835" timestamp="2026-05-12T03:22:39Z" user="Kaya Shiranui" uid="24044595" lat="27.0167759" lon="55.7301231"/>
 <node id="13819892004" visible="true" version="1" changeset="182535835" timestamp="2026-05-12T03:22:39Z" user="Kaya Shiranui" uid="24044595" lat="27.0161235" lon="55.7292162"/>
 <node id="13819892005" visible="true" version="1" changeset="182535835" timestamp="2026-05-12T03:22:39Z" user="Kaya Shiranui" uid="24044595" lat="27.0158049" lon="55.7288096"/>
 <node id="13819892006" visible="true" version="1" changeset="182535835" timestamp="2026-05-12T03:22:39Z" user="Kaya Shiranui" uid="24044595" lat="27.0154269" lon="55.7283022"/>
 <node id="13819892007" visible="true" version="1" changeset="182535835" timestamp="2026-05-12T03:22:39Z" user="Kaya Shiranui" uid="24044595" lat="27.0145114" lon="55.7270235"/>
 <node id="13819892008" visible="true" version="1" changeset="182535835" timestamp="2026-05-12T03:22:39Z" user="Kaya Shiranui" uid="24044595" lat="27.0138059" lon="55.7260655"/>
 <node id="13819892009" visible="true" version="1" changeset="182535835" timestamp="2026-05-12T03:22:39Z" user="Kaya Shiranui" uid="24044595" lat="27.0131819" lon="55.7252331"/>
 <node id="13819892010" visible="true" version="1" changeset="182535835" timestamp="2026-05-12T03:22:39Z" user="Kaya Shiranui" uid="24044595" lat="27.0115185" lon="55.7229807"/>
 <node id="13819892011" visible="true" version="1" changeset="182535835" timestamp="2026-05-12T03:22:39Z" user="Kaya Shiranui" uid="24044595" lat="27.0111823" lon="55.7225230"/>
 <node id="13819892012" visible="true" version="1" changeset="182535835" timestamp="2026-05-12T03:22:39Z" user="Kaya Shiranui" uid="24044595" lat="27.0099803" lon="55.7208817"/>
 <node id="13819892013" visible="true" version="1" changeset="182535835" timestamp="2026-05-12T03:22:39Z" user="Kaya Shiranui" uid="24044595" lat="27.0098077" lon="55.7206070"/>
 <node id="13819892014" visible="true" version="1" changeset="182535835" timestamp="2026-05-12T03:22:39Z" user="Kaya Shiranui" uid="24044595" lat="27.0093336" lon="55.7195660"/>
 <node id="13819892015" visible="true" version="1" changeset="182535835" timestamp="2026-05-12T03:22:39Z" user="Kaya Shiranui" uid="24044595" lat="27.0087608" lon="55.7183313"/>
 <node id="13819892016" visible="true" version="1" changeset="182535835" timestamp="2026-05-12T03:22:39Z" user="Kaya Shiranui" uid="24044595" lat="27.0081899" lon="55.7171178"/>
 <node id="13819892017" visible="true" version="1" changeset="182535835" timestamp="2026-05-12T03:22:39Z" user="Kaya Shiranui" uid="24044595" lat="27.0081007" lon="55.7167985"/>
 <node id="13819892018" visible="true" version="1" changeset="182535835" timestamp="2026-05-12T03:22:39Z" user="Kaya Shiranui" uid="24044595" lat="27.0080287" lon="55.7164536"/>
 <node id="13819892019" visible="true" version="1" changeset="182535835" timestamp="2026-05-12T03:22:39Z" user="Kaya Shiranui" uid="24044595" lat="27.0076569" lon="55.7147867"/>
 <node id="13819892020" visible="true" version="1" changeset="182535835" timestamp="2026-05-12T03:22:39Z" user="Kaya Shiranui" uid="24044595" lat="27.0062511" lon="55.7083309"/>
 <node id="13819892021" visible="true" version="1" changeset="182535835" timestamp="2026-05-12T03:22:39Z" user="Kaya Shiranui" uid="24044595" lat="27.0061189" lon="55.7077928"/>
 <node id="13819892022" visible="true" version="1" changeset="182535835" timestamp="2026-05-12T03:22:39Z" user="Kaya Shiranui" uid="24044595" lat="27.0060652" lon="55.7074740"/>
 <node id="13819892023" visible="true" version="1" changeset="182535835" timestamp="2026-05-12T03:22:39Z" user="Kaya Shiranui" uid="24044595" lat="27.0059827" lon="55.7071739"/>
 <node id="13819892024" visible="true" version="1" changeset="182535835" timestamp="2026-05-12T03:22:39Z" user="Kaya Shiranui" uid="24044595" lat="27.0059533" lon="55.7070717"/>
 <node id="13819892025" visible="true" version="1" changeset="182535835" timestamp="2026-05-12T03:22:39Z" user="Kaya Shiranui" uid="24044595" lat="27.0052663" lon="55.7044038"/>
 <node id="13819892026" visible="true" version="1" changeset="182535835" timestamp="2026-05-12T03:22:39Z" user="Kaya Shiranui" uid="24044595" lat="27.0050956" lon="55.7037950"/>
 <node id="13819892027" visible="true" version="1" changeset="182535835" timestamp="2026-05-12T03:22:39Z" user="Kaya Shiranui" uid="24044595" lat="27.0049552" lon="55.7032372"/>
 <node id="13819892028" visible="true" version="1" changeset="182535835" timestamp="2026-05-12T03:22:39Z" user="Kaya Shiranui" uid="24044595" lat="27.0042193" lon="55.7003590"/>
 <node id="13819892029" visible="true" version="1" changeset="182535835" timestamp="2026-05-12T03:22:39Z" user="Kaya Shiranui" uid="24044595" lat="27.0036844" lon="55.6982897"/>
 <node id="13819892030" visible="true" version="1" changeset="182535835" timestamp="2026-05-12T03:22:39Z" user="Kaya Shiranui" uid="24044595" lat="27.0023490" lon="55.6931719"/>
 <node id="13819892031" visible="true" version="1" changeset="182535835" timestamp="2026-05-12T03:22:39Z" user="Kaya Shiranui" uid="24044595" lat="27.0021366" lon="55.6923970"/>
 <node id="13819892032" visible="true" version="1" changeset="182535835" timestamp="2026-05-12T03:22:39Z" user="Kaya Shiranui" uid="24044595" lat="27.0019052" lon="55.6916732"/>
 <node id="13819892033" visible="true" version="1" changeset="182535835" timestamp="2026-05-12T03:22:39Z" user="Kaya Shiranui" uid="24044595" lat="27.0011465" lon="55.6891356"/>
 <node id="13819892034" visible="true" version="1" changeset="182535835" timestamp="2026-05-12T03:22:39Z" user="Kaya Shiranui" uid="24044595" lat="26.9998832" lon="55.6847714"/>
 <node id="13819892035" visible="true" version="1" changeset="182535835" timestamp="2026-05-12T03:22:39Z" user="Kaya Shiranui" uid="24044595" lat="26.9996166" lon="55.6839048"/>
 <node id="13819892036" visible="true" version="1" changeset="182535835" timestamp="2026-05-12T03:22:39Z" user="Kaya Shiranui" uid="24044595" lat="26.9994661" lon="55.6833711"/>
 <node id="13819892037" visible="true" version="1" changeset="182535835" timestamp="2026-05-12T03:22:39Z" user="Kaya Shiranui" uid="24044595" lat="26.9993633" lon="55.6829714"/>
 <node id="13819892038" visible="true" version="1" changeset="182535835" timestamp="2026-05-12T03:22:39Z" user="Kaya Shiranui" uid="24044595" lat="26.9992964" lon="55.6827099"/>
 <node id="13819892039" visible="true" version="1" changeset="182535835" timestamp="2026-05-12T03:22:39Z" user="Kaya Shiranui" uid="24044595" lat="26.9990595" lon="55.6818642"/>
 <node id="13819892040" visible="true" version="1" changeset="182535835" timestamp="2026-05-12T03:22:39Z" user="Kaya Shiranui" uid="24044595" lat="26.9986816" lon="55.6805496"/>
 <node id="13819892041" visible="true" version="1" changeset="182535835" timestamp="2026-05-12T03:22:39Z" user="Kaya Shiranui" uid="24044595" lat="26.9981953" lon="55.6787991"/>
 <node id="13819892042" visible="true" version="1" changeset="182535835" timestamp="2026-05-12T03:22:39Z" user="Kaya Shiranui" uid="24044595" lat="26.9978339" lon="55.6775369"/>
 <node id="13819892043" visible="true" version="1" changeset="182535835" timestamp="2026-05-12T03:22:39Z" user="Kaya Shiranui" uid="24044595" lat="26.9973747" lon="55.6759740"/>
 <node id="13819892044" visible="true" version="1" changeset="182535835" timestamp="2026-05-12T03:22:39Z" user="Kaya Shiranui" uid="24044595" lat="26.9970149" lon="55.6746712"/>
 <node id="13819892045" visible="true" version="1" changeset="182535835" timestamp="2026-05-12T03:22:39Z" user="Kaya Shiranui" uid="24044595" lat="26.9966250" lon="55.6732975"/>
 <node id="13819892046" visible="true" version="1" changeset="182535835" timestamp="2026-05-12T03:22:39Z" user="Kaya Shiranui" uid="24044595" lat="26.9960460" lon="55.6712760"/>
 <node id="13819892047" visible="true" version="1" changeset="182535835" timestamp="2026-05-12T03:22:39Z" user="Kaya Shiranui" uid="24044595" lat="26.9958150" lon="55.6704706"/>
 <node id="13819892048" visible="true" version="1" changeset="182535835" timestamp="2026-05-12T03:22:39Z" user="Kaya Shiranui" uid="24044595" lat="26.9952338" lon="55.6684430"/>
 <node id="13819892049" visible="true" version="1" changeset="182535835" timestamp="2026-05-12T03:22:39Z" user="Kaya Shiranui" uid="24044595" lat="26.9947686" lon="55.6667314"/>
 <node id="13819892050" visible="true" version="1" changeset="182535835" timestamp="2026-05-12T03:22:39Z" user="Kaya Shiranui" uid="24044595" lat="26.9947054" lon="55.6665573"/>
 <node id="13819892051" visible="true" version="1" changeset="182535835" timestamp="2026-05-12T03:22:39Z" user="Kaya Shiranui" uid="24044595" lat="26.9946707" lon="55.6663901"/>
 <node id="13819892052" visible="true" version="1" changeset="182535835" timestamp="2026-05-12T03:22:39Z" user="Kaya Shiranui" uid="24044595" lat="26.9946286" lon="55.6662481"/>
 <node id="13819892053" visible="true" version="1" changeset="182535835" timestamp="2026-05-12T03:22:39Z" user="Kaya Shiranui" uid="24044595" lat="26.9944735" lon="55.6659017"/>
 <node id="13819892054" visible="true" version="1" changeset="182535835" timestamp="2026-05-12T03:22:39Z" user="Kaya Shiranui" uid="24044595" lat="26.9943531" lon="55.6656314"/>
 <node id="13819892055" visible="true" version="1" changeset="182535835" timestamp="2026-05-12T03:22:39Z" user="Kaya Shiranui" uid="24044595" lat="26.9939315" lon="55.6647223"/>
 <node id="13819892056" visible="true" version="1" changeset="182535835" timestamp="2026-05-12T03:22:39Z" user="Kaya Shiranui" uid="24044595" lat="26.9928369" lon="55.6622824"/>
 <node id="13819892057" visible="true" version="1" changeset="182535835" timestamp="2026-05-12T03:22:39Z" user="Kaya Shiranui" uid="24044595" lat="26.9922783" lon="55.6610456"/>
 <node id="13819892058" visible="true" version="1" changeset="182535835" timestamp="2026-05-12T03:22:39Z" user="Kaya Shiranui" uid="24044595" lat="26.9921774" lon="55.6608462"/>
 <node id="13819892059" visible="true" version="1" changeset="182535835" timestamp="2026-05-12T03:22:39Z" user="Kaya Shiranui" uid="24044595" lat="26.9915812" lon="55.6594961"/>
 <node id="13819892060" visible="true" version="1" changeset="182535835" timestamp="2026-05-12T03:22:39Z" user="Kaya Shiranui" uid="24044595" lat="26.9911521" lon="55.6585668"/>
 <node id="13819892061" visible="true" version="1" changeset="182535835" timestamp="2026-05-12T03:22:39Z" user="Kaya Shiranui" uid="24044595" lat="26.9907742" lon="55.6577101"/>
 <node id="13819892062" visible="true" version="1" changeset="182535835" timestamp="2026-05-12T03:22:39Z" user="Kaya Shiranui" uid="24044595" lat="26.9907230" lon="55.6575564"/>
 <node id="13819892063" visible="true" version="1" changeset="182535835" timestamp="2026-05-12T03:22:39Z" user="Kaya Shiranui" uid="24044595" lat="26.9906221" lon="55.6573688"/>
 <node id="13819892064" visible="true" version="1" changeset="182535835" timestamp="2026-05-12T03:22:39Z" user="Kaya Shiranui" uid="24044595" lat="26.9905032" lon="55.6570968"/>
 <node id="13819892065" visible="true" version="1" changeset="182535835" timestamp="2026-05-12T03:22:39Z" user="Kaya Shiranui" uid="24044595" lat="26.9903707" lon="55.6567977"/>
 <node id="13819892066" visible="true" version="1" changeset="182535835" timestamp="2026-05-12T03:22:39Z" user="Kaya Shiranui" uid="24044595" lat="26.9897639" lon="55.6554409"/>
 <node id="13819892067" visible="true" version="1" changeset="182535835" timestamp="2026-05-12T03:22:39Z" user="Kaya Shiranui" uid="24044595" lat="26.9895064" lon="55.6548900"/>
 <node id="13819892068" visible="true" version="1" changeset="182535835" timestamp="2026-05-12T03:22:39Z" user="Kaya Shiranui" uid="24044595" lat="26.9894372" lon="55.6546974"/>
 <node id="13819892069" visible="true" version="1" changeset="182535835" timestamp="2026-05-12T03:22:39Z" user="Kaya Shiranui" uid="24044595" lat="26.9893498" lon="55.6544964"/>
 <node id="13819892070" visible="true" version="1" changeset="182535835" timestamp="2026-05-12T03:22:39Z" user="Kaya Shiranui" uid="24044595" lat="26.9892354" lon="55.6542919"/>
 <node id="13819892071" visible="true" version="1" changeset="182535835" timestamp="2026-05-12T03:22:39Z" user="Kaya Shiranui" uid="24044595" lat="26.9888093" lon="55.6533271"/>
 <node id="13819892072" visible="true" version="1" changeset="182535835" timestamp="2026-05-12T03:22:39Z" user="Kaya Shiranui" uid="24044595" lat="26.9867702" lon="55.6487995"/>
 <node id="13819892073" visible="true" version="1" changeset="182535835" timestamp="2026-05-12T03:22:39Z" user="Kaya Shiranui" uid="24044595" lat="26.9865112" lon="55.6478398"/>
 <node id="13819892074" visible="true" version="1" changeset="182535835" timestamp="2026-05-12T03:22:39Z" user="Kaya Shiranui" uid="24044595" lat="26.9860981" lon="55.6464654"/>
 <node id="13819892075" visible="true" version="1" changeset="182535835" timestamp="2026-05-12T03:22:39Z" user="Kaya Shiranui" uid="24044595" lat="26.9853668" lon="55.6438791"/>
 <node id="13819892076" visible="true" version="1" changeset="182535835" timestamp="2026-05-12T03:22:39Z" user="Kaya Shiranui" uid="24044595" lat="26.9849576" lon="55.6425071"/>
 <node id="13819892077" visible="true" version="1" changeset="182535835" timestamp="2026-05-12T03:22:39Z" user="Kaya Shiranui" uid="24044595" lat="26.9845447" lon="55.6411588"/>
 <node id="13819892078" visible="true" version="1" changeset="182535835" timestamp="2026-05-12T03:22:39Z" user="Kaya Shiranui" uid="24044595" lat="26.9837768" lon="55.6398205"/>
 <node id="13819892079" visible="true" version="1" changeset="182535835" timestamp="2026-05-12T03:22:39Z" user="Kaya Shiranui" uid="24044595" lat="26.9834877" lon="55.6393508"/>
 <node id="13819892080" visible="true" version="1" changeset="182535835" timestamp="2026-05-12T03:22:39Z" user="Kaya Shiranui" uid="24044595" lat="26.9815302" lon="55.6361167"/>
 <node id="13819892081" visible="true" version="1" changeset="182535835" timestamp="2026-05-12T03:22:39Z" user="Kaya Shiranui" uid="24044595" lat="26.9813222" lon="55.6357547"/>
 <node id="13819892082" visible="true" version="1" changeset="182535835" timestamp="2026-05-12T03:22:39Z" user="Kaya Shiranui" uid="24044595" lat="26.9907585" lon="55.6576630">
  <tag k="ford" v="yes"/>
 </node>
 <node id="13830943388" visible="true" version="1" changeset="182702240" timestamp="2026-05-15T14:38:16Z" user="Kaya Shiranui" uid="24044595" lat="27.0295123" lon="55.7472461"/>
 <way id="104365953" visible="true" version="6" changeset="153659672" timestamp="2024-07-07T12:20:14Z" user="Basstoelpel" uid="72235">
  <nd ref="3174065138"/>
  <nd ref="3174065126"/>
  <nd ref="3174065115"/>
  <nd ref="3174065108"/>
  <nd ref="3174065102"/>
  <nd ref="1572275985"/>
  <nd ref="1572275980"/>
  <nd ref="1572275977"/>
  <nd ref="1572275968"/>
  <nd ref="1204090464"/>
  <nd ref="1204090513"/>
  <nd ref="1204090523"/>
  <nd ref="1204090519"/>
  <nd ref="1204090503"/>
  <nd ref="1204090488"/>
  <nd ref="1204090454"/>
  <nd ref="1204090499"/>
  <tag k="cables" v="6"/>
  <tag k="circuits" v="2"/>
  <tag k="frequency" v="50"/>
  <tag k="power" v="line"/>
  <tag k="voltage" v="230000"/>
 </way>
 <way id="143669221" visible="true" version="4" changeset="123158670" timestamp="2022-07-03T17:06:02Z" user="Mostafa Ahangarha" uid="3800783">
  <nd ref="1572275999"/>
  <nd ref="9864216533"/>
  <nd ref="1572275986"/>
  <nd ref="1906880442"/>
  <nd ref="1572275982"/>
  <nd ref="9864216531"/>
  <nd ref="9864216532"/>
  <nd ref="1906880644"/>
  <nd ref="1572275983"/>
  <nd ref="1572275997"/>
  <nd ref="1906880445"/>
  <nd ref="9864216530"/>
  <nd ref="1572276001"/>
  <nd ref="9864216529"/>
  <nd ref="9864216528"/>
  <nd ref="1906880498"/>
  <nd ref="9864216536"/>
  <nd ref="9864216535"/>
  <nd ref="1906880519"/>
  <nd ref="9864216534"/>
  <nd ref="1572275999"/>
  <tag k="landuse" v="residential"/>
  <tag k="name" v="پل گل کنی"/>
 </way>
 <way id="143669235" visible="true" version="5" changeset="182535835" timestamp="2026-05-12T03:22:39Z" user="Kaya Shiranui" uid="24044595">
  <nd ref="1572276054"/>
  <nd ref="1572276053"/>
  <nd ref="1572276047"/>
  <nd ref="1572276032"/>
  <nd ref="13819892021"/>
  <nd ref="1572276026"/>
  <nd ref="1572276021"/>
  <nd ref="6656983304"/>
  <nd ref="1572276015"/>
  <nd ref="1572276004"/>
  <nd ref="9864234734"/>
  <nd ref="6656983288"/>
  <nd ref="1906880510"/>
  <nd ref="9864234720"/>
  <nd ref="6656983279"/>
  <nd ref="1906880605"/>
  <tag k="highway" v="unclassified"/>
 </way>
 <way id="143669257" visible="true" version="4" changeset="153659672" timestamp="2024-07-07T12:20:14Z" user="Basstoelpel" uid="72235">
  <nd ref="1572276055"/>
  <nd ref="1572276063"/>
  <nd ref="1572276048"/>
  <nd ref="1572276038"/>
  <nd ref="1572276055"/>
  <tag k="location" v="outdoor"/>
  <tag k="name" v="پست برق"/>
  <tag k="power" v="substation"/>
  <tag k="substation" v="transmission"/>
  <tag k="voltage" v="230000;63000"/>
 </way>
 <way id="175796388" visible="true" version="26" changeset="137859917" timestamp="2023-06-28T04:29:36Z" user="MUHAMMED`sab" uid="16905710">
  <nd ref="1863493560"/>
  <nd ref="1863493561"/>
  <nd ref="1863493562"/>
  <nd ref="1863493563"/>
  <nd ref="1863493564"/>
  <nd ref="1863493565"/>
  <nd ref="1863493566"/>
  <nd ref="1863493567"/>
  <nd ref="1863493568"/>
  <nd ref="1863493569"/>
  <nd ref="1863493570"/>
  <nd ref="1863493571"/>
  <nd ref="1863493572"/>
  <nd ref="9862739906"/>
  <nd ref="1863493573"/>
  <nd ref="1863493574"/>
  <nd ref="1863493575"/>
  <nd ref="1863493576"/>
  <nd ref="1863493577"/>
  <nd ref="9862838925"/>
  <nd ref="3307133733"/>
  <nd ref="1863493578"/>
  <nd ref="1906880585"/>
  <nd ref="6884990599"/>
  <nd ref="9862826508"/>
  <nd ref="1863493579"/>
  <nd ref="1863493580"/>
  <nd ref="1863493581"/>
  <nd ref="1863493582"/>
  <nd ref="1863493583"/>
  <nd ref="1863493584"/>
  <nd ref="1863493585"/>
  <nd ref="1863493586"/>
  <nd ref="1863493587"/>
  <nd ref="1863493588"/>
  <nd ref="1863493589"/>
  <nd ref="1863493590"/>
  <nd ref="1863493591"/>
  <nd ref="1863493592"/>
  <nd ref="1863493593"/>
  <nd ref="1863493594"/>
  <nd ref="1863493595"/>
  <nd ref="1863493596"/>
  <nd ref="1863493597"/>
  <nd ref="1863493598"/>
  <nd ref="1863493599"/>
  <nd ref="1863493600"/>
  <nd ref="1863493601"/>
  <nd ref="1572276054"/>
  <nd ref="11011543869"/>
  <nd ref="1863493602"/>
  <nd ref="1863493603"/>
  <nd ref="1863493604"/>
  <nd ref="1863493605"/>
  <nd ref="1863493606"/>
  <nd ref="5858754809"/>
  <nd ref="1863493607"/>
  <nd ref="1863493608"/>
  <nd ref="5858754815"/>
  <nd ref="1572276073"/>
  <nd ref="5858752615"/>
  <nd ref="1863493609"/>
  <nd ref="1863493610"/>
  <nd ref="1863493611"/>
  <nd ref="7698089042"/>
  <nd ref="1863493612"/>
  <nd ref="1863493613"/>
  <nd ref="1863493614"/>
  <nd ref="4309923213"/>
  <nd ref="1572276083"/>
  <nd ref="1863493615"/>
  <nd ref="4309923224"/>
  <nd ref="1863493616"/>
  <nd ref="1863493617"/>
  <nd ref="1863493618"/>
  <nd ref="1863493619"/>
  <nd ref="1863493620"/>
  <nd ref="1863493621"/>
  <nd ref="1863493622"/>
  <nd ref="1863493623"/>
  <nd ref="1863493624"/>
  <nd ref="1863493625"/>
  <nd ref="1863493626"/>
  <nd ref="1863493627"/>
  <nd ref="1863493628"/>
  <nd ref="1863493629"/>
  <nd ref="1863493630"/>
  <nd ref="1863493631"/>
  <nd ref="1863493632"/>
  <nd ref="1863493633"/>
  <nd ref="1863493634"/>
  <nd ref="1863493635"/>
  <nd ref="1863493636"/>
  <nd ref="1863493637"/>
  <nd ref="1863493638"/>
  <nd ref="1863493639"/>
  <nd ref="1863493640"/>
  <nd ref="1863493641"/>
  <nd ref="1863493642"/>
  <nd ref="1863493643"/>
  <nd ref="1863493644"/>
  <nd ref="1863493645"/>
  <nd ref="1863493646"/>
  <nd ref="1863493647"/>
  <nd ref="1863493648"/>
  <nd ref="1863493649"/>
  <nd ref="1863493650"/>
  <nd ref="1863493651"/>
  <nd ref="1863493652"/>
  <nd ref="8577606840"/>
  <nd ref="1863493654"/>
  <nd ref="1863493655"/>
  <tag k="highway" v="trunk"/>
  <tag k="lanes" v="2"/>
  <tag k="maxspeed" v="110"/>
  <tag k="name" v="بزرگراه بندر خمیر - بندرعباس"/>
  <tag k="oneway" v="yes"/>
  <tag k="ref" v="96"/>
  <tag k="surface" v="asphalt"/>
 </way>
 <way id="175796433" visible="true" version="2" changeset="63710634" timestamp="2018-10-20T18:06:17Z" user="ali majd" uid="4868563">
  <nd ref="1863493581"/>
  <nd ref="1863494680"/>
  <nd ref="1863494681"/>
  <nd ref="1863494682"/>
  <nd ref="1863494683"/>
  <nd ref="1863494684"/>
  <nd ref="1863494685"/>
  <nd ref="1863494686"/>
  <nd ref="1863494687"/>
  <nd ref="1863494688"/>
  <nd ref="1863494689"/>
  <nd ref="1863494690"/>
  <nd ref="1863494691"/>
  <nd ref="1863494692"/>
  <nd ref="1863494693"/>
  <nd ref="1863494605"/>
  <tag k="highway" v="trunk_link"/>
  <tag k="oneway" v="yes"/>
 </way>
 <way id="175796434" visible="true" version="2" changeset="63710634" timestamp="2018-10-20T18:06:17Z" user="ali majd" uid="4868563">
  <nd ref="1863494558"/>
  <nd ref="1863494694"/>
  <nd ref="1863494695"/>
  <nd ref="1863494696"/>
  <nd ref="1863494697"/>
  <nd ref="1863494698"/>
  <nd ref="1863494699"/>
  <nd ref="1863494700"/>
  <nd ref="1863494701"/>
  <nd ref="1863494702"/>
  <nd ref="1863494703"/>
  <nd ref="1863494704"/>
  <nd ref="1863494705"/>
  <nd ref="1863493601"/>
  <tag k="highway" v="trunk_link"/>
  <tag k="oneway" v="yes"/>
 </way>
 <way id="175796435" visible="true" version="3" changeset="134441049" timestamp="2023-04-03T07:34:02Z" user="AhmadHB" uid="10182045">
  <nd ref="1863493609"/>
  <nd ref="1863494706"/>
  <nd ref="1863494707"/>
  <nd ref="1863494708"/>
  <nd ref="1863494709"/>
  <nd ref="1863494710"/>
  <nd ref="1863494711"/>
  <nd ref="1863494712"/>
  <nd ref="1863494713"/>
  <nd ref="1863494714"/>
  <nd ref="1863494715"/>
  <nd ref="1863494716"/>
  <nd ref="1863494717"/>
  <nd ref="1863494718"/>
  <nd ref="1863494719"/>
  <nd ref="1863494720"/>
  <nd ref="1863494533"/>
  <tag k="highway" v="trunk_link"/>
  <tag k="lanes" v="1"/>
  <tag k="oneway" v="yes"/>
  <tag k="surface" v="asphalt"/>
 </way>
 <way id="175796436" visible="true" version="3" changeset="134441049" timestamp="2023-04-03T07:34:02Z" user="AhmadHB" uid="10182045">
  <nd ref="1863494524"/>
  <nd ref="1863494721"/>
  <nd ref="1863494722"/>
  <nd ref="1863494723"/>
  <nd ref="1863494724"/>
  <nd ref="1863494725"/>
  <nd ref="1863494726"/>
  <nd ref="1863494727"/>
  <nd ref="1863494728"/>
  <nd ref="1863494729"/>
  <nd ref="1863494730"/>
  <nd ref="1863494731"/>
  <nd ref="1863494732"/>
  <nd ref="1863493611"/>
  <tag k="highway" v="trunk_link"/>
  <tag k="lanes" v="1"/>
  <tag k="oneway" v="yes"/>
  <tag k="surface" v="asphalt"/>
 </way>
 <way id="311683404" visible="true" version="3" changeset="153668283" timestamp="2024-07-07T16:01:10Z" user="Basstoelpel" uid="72235">
  <nd ref="4741595402"/>
  <nd ref="4741595404"/>
  <nd ref="3174065148"/>
  <nd ref="3174065146"/>
  <nd ref="3174065137"/>
  <nd ref="3174065130"/>
  <nd ref="3174065124"/>
  <nd ref="3174065119"/>
  <nd ref="3174065116"/>
  <nd ref="3174065111"/>
  <nd ref="3174065109"/>
  <nd ref="3174065106"/>
  <nd ref="3174065104"/>
  <nd ref="3174065100"/>
  <nd ref="3174065098"/>
  <nd ref="3174065095"/>
  <nd ref="3174065093"/>
  <nd ref="3174065091"/>
  <nd ref="3174065089"/>
  <nd ref="3174065087"/>
  <nd ref="3174065084"/>
  <nd ref="3174065082"/>
  <nd ref="3174065079"/>
  <nd ref="3174065075"/>
  <nd ref="3174065074"/>
  <nd ref="3174065072"/>
  <nd ref="3174065068"/>
  <nd ref="3174065065"/>
  <nd ref="3174065061"/>
  <nd ref="3174065057"/>
  <nd ref="3174065053"/>
  <nd ref="3174065040"/>
  <nd ref="3174065032"/>
  <nd ref="3174065022"/>
  <nd ref="3174065014"/>
  <nd ref="3174065009"/>
  <nd ref="3174065003"/>
  <nd ref="3174064995"/>
  <nd ref="3174064987"/>
  <nd ref="3174064981"/>
  <nd ref="3174064989"/>
  <nd ref="3174064998"/>
  <nd ref="3174065011"/>
  <nd ref="3174065019"/>
  <nd ref="3174065027"/>
  <nd ref="3174065038"/>
  <nd ref="3174065045"/>
  <nd ref="3174065049"/>
  <nd ref="3174065056"/>
  <nd ref="3174065051"/>
  <nd ref="3174065043"/>
  <nd ref="3174065035"/>
  <nd ref="3174065030"/>
  <nd ref="3174065024"/>
  <nd ref="3174065018"/>
  <nd ref="3174065012"/>
  <nd ref="3174065006"/>
  <nd ref="3174064999"/>
  <nd ref="3174064993"/>
  <nd ref="3174064988"/>
  <nd ref="3174064979"/>
  <nd ref="3174064975"/>
  <nd ref="3174064969"/>
  <nd ref="3174064967"/>
  <nd ref="3174064965"/>
  <nd ref="3174064964"/>
  <nd ref="3174064963"/>
  <nd ref="3174064962"/>
  <nd ref="3174064961"/>
  <nd ref="3174064860"/>
  <nd ref="3174064859"/>
  <nd ref="3174064858"/>
  <nd ref="3174064857"/>
  <nd ref="3174064856"/>
  <nd ref="3174064855"/>
  <nd ref="3174064854"/>
  <nd ref="3174064853"/>
  <nd ref="3174064852"/>
  <nd ref="3174064851"/>
  <nd ref="3174064850"/>
  <nd ref="3174064849"/>
  <nd ref="3174064848"/>
  <nd ref="3174064847"/>
  <nd ref="3174064846"/>
  <nd ref="3174064845"/>
  <nd ref="3174064844"/>
  <nd ref="3174064843"/>
  <nd ref="3174064842"/>
  <nd ref="3174064841"/>
  <nd ref="3174064840"/>
  <nd ref="3174064839"/>
  <nd ref="3174064838"/>
  <nd ref="3174064837"/>
  <nd ref="3174064836"/>
  <nd ref="3174064835"/>
  <nd ref="3174064834"/>
  <nd ref="3174064833"/>
  <nd ref="3174064832"/>
  <nd ref="3174064831"/>
  <nd ref="3174064830"/>
  <nd ref="3174064829"/>
  <nd ref="3174064828"/>
  <nd ref="3174064827"/>
  <nd ref="3174064826"/>
  <nd ref="3174064825"/>
  <nd ref="3174064824"/>
  <nd ref="3174064823"/>
  <nd ref="3174064822"/>
  <nd ref="3174064821"/>
  <nd ref="3174064820"/>
  <nd ref="3174064819"/>
  <nd ref="3174064818"/>
  <nd ref="3174064817"/>
  <nd ref="3174064816"/>
  <nd ref="3174064815"/>
  <nd ref="3174064814"/>
  <nd ref="3174064813"/>
  <nd ref="3174064812"/>
  <nd ref="3174064811"/>
  <nd ref="3174064810"/>
  <nd ref="3174064809"/>
  <nd ref="3174064808"/>
  <nd ref="3174064807"/>
  <nd ref="3174064806"/>
  <nd ref="3174064805"/>
  <nd ref="3174064804"/>
  <nd ref="3174064803"/>
  <nd ref="3174064802"/>
  <nd ref="3174064801"/>
  <nd ref="3174064800"/>
  <nd ref="3174064799"/>
  <nd ref="3174064798"/>
  <nd ref="3174064797"/>
  <nd ref="3174064796"/>
  <nd ref="3174064795"/>
  <nd ref="3174064794"/>
  <nd ref="3174064793"/>
  <nd ref="12040164333"/>
  <nd ref="3174064785"/>
  <nd ref="3174064780"/>
  <nd ref="3174064768"/>
  <nd ref="3174064767"/>
  <nd ref="3174064766"/>
  <nd ref="3174064763"/>
  <nd ref="3174064762"/>
  <nd ref="3174064760"/>
  <nd ref="3174064758"/>
  <nd ref="3174064754"/>
  <nd ref="3174064751"/>
  <nd ref="3174064748"/>
  <nd ref="3174064743"/>
  <nd ref="3174064740"/>
  <nd ref="3174064731"/>
  <nd ref="3174064733"/>
  <nd ref="3174064736"/>
  <nd ref="3174064738"/>
  <nd ref="3174064737"/>
  <nd ref="3174064739"/>
  <nd ref="3174064735"/>
  <nd ref="3174064732"/>
  <nd ref="3174064730"/>
  <nd ref="3174064729"/>
  <nd ref="3174064727"/>
  <nd ref="3174064726"/>
  <nd ref="3174064725"/>
  <nd ref="3174064724"/>
  <nd ref="3174064723"/>
  <nd ref="3174064722"/>
  <nd ref="3174064721"/>
  <nd ref="3174064720"/>
  <nd ref="3174064719"/>
  <nd ref="3174064716"/>
  <nd ref="3174064718"/>
  <nd ref="3174064717"/>
  <nd ref="3174064715"/>
  <nd ref="3174064714"/>
  <nd ref="3174064712"/>
  <nd ref="3174064711"/>
  <nd ref="3174064708"/>
  <nd ref="3174064704"/>
  <nd ref="3174064692"/>
  <nd ref="3174064691"/>
  <nd ref="3174064690"/>
  <nd ref="3174064689"/>
  <nd ref="3174064688"/>
  <nd ref="3174064687"/>
  <nd ref="3174064685"/>
  <nd ref="3174064681"/>
  <nd ref="3174064680"/>
  <nd ref="3174064675"/>
  <nd ref="3174064666"/>
  <nd ref="3174064660"/>
  <nd ref="3174064654"/>
  <nd ref="3174064649"/>
  <nd ref="3174064643"/>
  <nd ref="3174064639"/>
  <nd ref="3174064633"/>
  <nd ref="3174064626"/>
  <nd ref="3174064622"/>
  <nd ref="3174064617"/>
  <nd ref="3174064612"/>
  <nd ref="3174064614"/>
  <nd ref="3174064616"/>
  <nd ref="3174064619"/>
  <nd ref="3174064620"/>
  <nd ref="3174064623"/>
  <nd ref="3174064625"/>
  <nd ref="3174064627"/>
  <nd ref="3174064628"/>
  <nd ref="3174064632"/>
  <nd ref="3174064634"/>
  <nd ref="3174064635"/>
  <nd ref="3174064638"/>
  <nd ref="3174064640"/>
  <nd ref="3174064642"/>
  <nd ref="3174064644"/>
  <nd ref="3174064645"/>
  <nd ref="3174064647"/>
  <nd ref="3174064650"/>
  <nd ref="3174064651"/>
  <nd ref="3174064653"/>
  <nd ref="3174064656"/>
  <nd ref="3174064657"/>
  <nd ref="3174064659"/>
  <nd ref="3174064661"/>
  <nd ref="3174064662"/>
  <nd ref="3174064664"/>
  <nd ref="3174064667"/>
  <nd ref="3174064669"/>
  <nd ref="3174064672"/>
  <nd ref="3174064678"/>
  <nd ref="3174064677"/>
  <nd ref="3174064676"/>
  <nd ref="3174064673"/>
  <nd ref="3174064674"/>
  <nd ref="3174064671"/>
  <nd ref="3174064670"/>
  <nd ref="3174064663"/>
  <nd ref="3174064658"/>
  <nd ref="3174064652"/>
  <nd ref="3174064648"/>
  <nd ref="3174064641"/>
  <nd ref="3174064636"/>
  <nd ref="3174064630"/>
  <nd ref="3174064624"/>
  <nd ref="3174064618"/>
  <nd ref="3174064615"/>
  <nd ref="3174064610"/>
  <nd ref="3174064605"/>
  <nd ref="3174064603"/>
  <nd ref="3174064588"/>
  <nd ref="3174064581"/>
  <nd ref="3174064569"/>
  <nd ref="3174064553"/>
  <nd ref="3174064536"/>
  <nd ref="3174064531"/>
  <nd ref="3174064520"/>
  <nd ref="3174064517"/>
  <nd ref="3174064511"/>
  <nd ref="3174064507"/>
  <nd ref="3174064501"/>
  <nd ref="3174064496"/>
  <nd ref="3174064489"/>
  <nd ref="3174064484"/>
  <nd ref="3174064479"/>
  <nd ref="3174064474"/>
  <nd ref="3174064463"/>
  <nd ref="3174064457"/>
  <nd ref="3174064455"/>
  <nd ref="3174064450"/>
  <nd ref="3174064444"/>
  <nd ref="3174064431"/>
  <nd ref="3174064425"/>
  <nd ref="3174064421"/>
  <nd ref="3174064417"/>
  <nd ref="3174064416"/>
  <nd ref="3174064413"/>
  <nd ref="3174064411"/>
  <nd ref="3174064408"/>
  <nd ref="3174064402"/>
  <nd ref="3174064398"/>
  <nd ref="3174064382"/>
  <nd ref="3174064369"/>
  <nd ref="3174064363"/>
  <nd ref="3174064361"/>
  <nd ref="3174064360"/>
  <nd ref="3174064358"/>
  <nd ref="3174064354"/>
  <nd ref="3174064353"/>
  <nd ref="3174064344"/>
  <nd ref="3174064325"/>
  <nd ref="3174064323"/>
  <nd ref="3174064321"/>
  <nd ref="3174064319"/>
  <nd ref="3174064316"/>
  <nd ref="3174064311"/>
  <nd ref="3174064304"/>
  <nd ref="3174064302"/>
  <nd ref="3174064300"/>
  <nd ref="3174064298"/>
  <nd ref="3174064297"/>
  <nd ref="3174064295"/>
  <nd ref="3174064292"/>
  <nd ref="3174064290"/>
  <nd ref="3174064288"/>
  <nd ref="3174064285"/>
  <nd ref="3174064283"/>
  <nd ref="3174064281"/>
  <nd ref="3174064279"/>
  <nd ref="3174064277"/>
  <nd ref="3174064275"/>
  <nd ref="3174064273"/>
  <nd ref="3174064271"/>
  <nd ref="3174064270"/>
  <nd ref="3174064268"/>
  <nd ref="3174064266"/>
  <nd ref="3174064261"/>
  <nd ref="3174048456"/>
  <nd ref="3174048454"/>
  <nd ref="3174048451"/>
  <tag k="cables" v="3"/>
  <tag k="circuits" v="1"/>
  <tag k="frequency" v="50"/>
  <tag k="power" v="line"/>
  <tag k="voltage" v="230000"/>
 </way>
 <way id="311683408" visible="true" version="3" changeset="153659672" timestamp="2024-07-07T12:20:14Z" user="Basstoelpel" uid="72235">
  <nd ref="12039871595"/>
  <nd ref="3297574542"/>
  <nd ref="3297574538"/>
  <nd ref="3297574533"/>
  <nd ref="3297574527"/>
  <nd ref="3297574521"/>
  <nd ref="3297574513"/>
  <nd ref="3297574507"/>
  <nd ref="3297574501"/>
  <nd ref="3297574494"/>
  <nd ref="3297574492"/>
  <nd ref="3297574490"/>
  <nd ref="3297574488"/>
  <nd ref="3297574486"/>
  <nd ref="3297574485"/>
  <nd ref="3297574482"/>
  <nd ref="3297574479"/>
  <nd ref="3297574477"/>
  <nd ref="3297574473"/>
  <nd ref="3297574470"/>
  <nd ref="3297574467"/>
  <nd ref="3297574464"/>
  <nd ref="3297574460"/>
  <nd ref="3297574453"/>
  <nd ref="3297574451"/>
  <nd ref="3297574449"/>
  <nd ref="3297574446"/>
  <nd ref="3297574443"/>
  <nd ref="3297574440"/>
  <nd ref="3297574437"/>
  <nd ref="3297574435"/>
  <nd ref="3297574433"/>
  <nd ref="3297574432"/>
  <nd ref="3297574431"/>
  <nd ref="3297574429"/>
  <nd ref="3297574427"/>
  <nd ref="3297574425"/>
  <nd ref="3297574420"/>
  <nd ref="3297574411"/>
  <nd ref="3297574408"/>
  <nd ref="3297574406"/>
  <nd ref="3297574404"/>
  <nd ref="3297574402"/>
  <nd ref="3297574401"/>
  <nd ref="3297574399"/>
  <nd ref="3297574397"/>
  <nd ref="3297574395"/>
  <nd ref="3297574393"/>
  <nd ref="3297574390"/>
  <nd ref="3297574385"/>
  <nd ref="3297574380"/>
  <nd ref="3297574376"/>
  <nd ref="3297574372"/>
  <nd ref="3297574368"/>
  <nd ref="3297574363"/>
  <nd ref="3297574358"/>
  <nd ref="3297574350"/>
  <nd ref="3297574343"/>
  <nd ref="3297574339"/>
  <nd ref="3297574331"/>
  <nd ref="3297574326"/>
  <nd ref="3297574321"/>
  <nd ref="3297574316"/>
  <nd ref="3297574309"/>
  <nd ref="3297574304"/>
  <nd ref="3297574297"/>
  <nd ref="3297574291"/>
  <nd ref="3297574284"/>
  <nd ref="3297574273"/>
  <nd ref="3297574263"/>
  <nd ref="3297574256"/>
  <nd ref="3297574251"/>
  <nd ref="3297574246"/>
  <nd ref="3297574242"/>
  <nd ref="3297574236"/>
  <nd ref="3297574233"/>
  <nd ref="3297574229"/>
  <nd ref="3297574226"/>
  <nd ref="3297574209"/>
  <nd ref="3297574196"/>
  <nd ref="3297574195"/>
  <nd ref="3297574194"/>
  <nd ref="3297574193"/>
  <nd ref="3297574192"/>
  <nd ref="3297574191"/>
  <nd ref="3297574190"/>
  <nd ref="3297574189"/>
  <nd ref="3297574188"/>
  <nd ref="3297574187"/>
  <nd ref="3297574186"/>
  <nd ref="3297574185"/>
  <nd ref="3297574184"/>
  <nd ref="3297574183"/>
  <nd ref="3297574182"/>
  <nd ref="3297574181"/>
  <nd ref="3297574180"/>
  <nd ref="3297574179"/>
  <nd ref="3297574178"/>
  <nd ref="3297574177"/>
  <nd ref="3297574176"/>
  <nd ref="3297574175"/>
  <nd ref="3297574174"/>
  <nd ref="12039871593"/>
  <nd ref="3297574173"/>
  <nd ref="3297574172"/>
  <nd ref="3297574171"/>
  <nd ref="3297574170"/>
  <nd ref="3297574169"/>
  <nd ref="3297574168"/>
  <nd ref="3297574167"/>
  <nd ref="3297574166"/>
  <nd ref="3297574165"/>
  <nd ref="3297574164"/>
  <nd ref="3297574163"/>
  <nd ref="3297574162"/>
  <nd ref="3297574161"/>
  <nd ref="3297573060"/>
  <nd ref="3297573059"/>
  <nd ref="3297573058"/>
  <nd ref="3297573057"/>
  <nd ref="3297573056"/>
  <nd ref="3297573055"/>
  <nd ref="3297573054"/>
  <nd ref="3174065222"/>
  <nd ref="3174065218"/>
  <nd ref="3174065214"/>
  <nd ref="3174065211"/>
  <nd ref="3174065208"/>
  <nd ref="3174065206"/>
  <nd ref="3174065203"/>
  <nd ref="3174065199"/>
  <nd ref="3174065197"/>
  <nd ref="3174065195"/>
  <nd ref="3174065192"/>
  <nd ref="3174065190"/>
  <nd ref="3174065187"/>
  <nd ref="3174065186"/>
  <nd ref="3174065182"/>
  <nd ref="3174065179"/>
  <nd ref="3174065178"/>
  <nd ref="3174065175"/>
  <nd ref="3174065173"/>
  <nd ref="3174065170"/>
  <nd ref="3174065167"/>
  <nd ref="3174065166"/>
  <nd ref="3174065163"/>
  <nd ref="3174065160"/>
  <nd ref="3174065157"/>
  <nd ref="3174065155"/>
  <nd ref="3174065152"/>
  <nd ref="3174065150"/>
  <nd ref="3174065147"/>
  <nd ref="12039871592"/>
  <tag k="cables" v="6"/>
  <tag k="circuits" v="2"/>
  <tag k="frequency" v="50"/>
  <tag k="power" v="line"/>
  <tag k="voltage" v="63000"/>
 </way>
 <way id="311683411" visible="true" version="5" changeset="153659672" timestamp="2024-07-07T12:20:14Z" user="Basstoelpel" uid="72235">
  <nd ref="11901437492"/>
  <nd ref="3174065145"/>
  <nd ref="3174065143"/>
  <nd ref="3174065139"/>
  <nd ref="3174065136"/>
  <nd ref="3174065135"/>
  <nd ref="3174065133"/>
  <nd ref="3174065131"/>
  <nd ref="3174065129"/>
  <nd ref="3174065127"/>
  <nd ref="3174065125"/>
  <nd ref="3174065123"/>
  <nd ref="3174065122"/>
  <nd ref="3174065120"/>
  <nd ref="3174065118"/>
  <nd ref="3174065114"/>
  <nd ref="3174065113"/>
  <nd ref="3297573053"/>
  <nd ref="3297573052"/>
  <nd ref="3297573051"/>
  <nd ref="3297573050"/>
  <nd ref="3297573049"/>
  <nd ref="3297573043"/>
  <nd ref="3297573041"/>
  <nd ref="3297573040"/>
  <nd ref="3297573039"/>
  <nd ref="3174065081"/>
  <nd ref="3174065078"/>
  <nd ref="3174065076"/>
  <nd ref="3174065069"/>
  <nd ref="3174065066"/>
  <nd ref="3174065063"/>
  <nd ref="3174065060"/>
  <nd ref="3174065059"/>
  <nd ref="3174065054"/>
  <nd ref="3174065047"/>
  <nd ref="3174065034"/>
  <nd ref="3174065026"/>
  <nd ref="3174065016"/>
  <nd ref="3174065010"/>
  <nd ref="3174065005"/>
  <nd ref="3174065000"/>
  <nd ref="3174064992"/>
  <nd ref="3174064984"/>
  <nd ref="3174064977"/>
  <nd ref="3174064974"/>
  <nd ref="12039871545"/>
  <tag k="cables" v="6"/>
  <tag k="circuits" v="2"/>
  <tag k="frequency" v="50"/>
  <tag k="power" v="line"/>
  <tag k="voltage" v="63000"/>
 </way>
 <way id="311683424" visible="true" version="4" changeset="153659672" timestamp="2024-07-07T12:20:14Z" user="Basstoelpel" uid="72235">
  <nd ref="11901437491"/>
  <nd ref="3174065144"/>
  <nd ref="3174065141"/>
  <nd ref="3174065134"/>
  <nd ref="3174065132"/>
  <nd ref="3174065128"/>
  <nd ref="3174065121"/>
  <nd ref="3174065117"/>
  <nd ref="3174065112"/>
  <nd ref="3174065110"/>
  <nd ref="3174065107"/>
  <nd ref="3174065105"/>
  <nd ref="3174065103"/>
  <nd ref="3174065101"/>
  <nd ref="3174065099"/>
  <nd ref="3174065097"/>
  <nd ref="3174065096"/>
  <nd ref="3174065094"/>
  <nd ref="3174065092"/>
  <nd ref="3174065090"/>
  <nd ref="3174065088"/>
  <nd ref="3174065086"/>
  <nd ref="3174065085"/>
  <nd ref="3174065083"/>
  <nd ref="3174065080"/>
  <nd ref="3174065077"/>
  <nd ref="3174065073"/>
  <nd ref="3174065071"/>
  <nd ref="3174065070"/>
  <nd ref="3174065067"/>
  <nd ref="3174065064"/>
  <nd ref="3174065062"/>
  <nd ref="3174065058"/>
  <nd ref="3174065052"/>
  <nd ref="3174065042"/>
  <nd ref="3174065033"/>
  <nd ref="3174065021"/>
  <nd ref="3174065013"/>
  <nd ref="3174065007"/>
  <nd ref="3174065001"/>
  <nd ref="3174064994"/>
  <nd ref="3174064990"/>
  <nd ref="3174064983"/>
  <nd ref="3174064978"/>
  <nd ref="3174064980"/>
  <nd ref="3174064986"/>
  <nd ref="3174064997"/>
  <nd ref="3174065004"/>
  <nd ref="3174065017"/>
  <nd ref="3174065023"/>
  <nd ref="3174065029"/>
  <nd ref="3174065037"/>
  <nd ref="3174065039"/>
  <nd ref="3174065044"/>
  <nd ref="3174065048"/>
  <nd ref="3174065055"/>
  <nd ref="3174065050"/>
  <nd ref="3174065046"/>
  <nd ref="3174065041"/>
  <nd ref="3174065036"/>
  <nd ref="3174065031"/>
  <nd ref="3174065028"/>
  <nd ref="3174065025"/>
  <nd ref="3174065020"/>
  <nd ref="3174065015"/>
  <nd ref="3174065008"/>
  <nd ref="3174065002"/>
  <nd ref="3174064996"/>
  <nd ref="3174064991"/>
  <nd ref="3174064985"/>
  <nd ref="3174064982"/>
  <nd ref="3174064976"/>
  <nd ref="3174064968"/>
  <nd ref="3174064966"/>
  <nd ref="12039871544"/>
  <nd ref="12039871543"/>
  <tag k="cables" v="6"/>
  <tag k="circuits" v="2"/>
  <tag k="frequency" v="50"/>
  <tag k="power" v="line"/>
  <tag k="voltage" v="63000"/>
 </way>
 <way id="620054361" visible="true" version="3" changeset="127738827" timestamp="2022-10-18T17:05:27Z" user="Afnui12" uid="10074686">
  <nd ref="1572276072"/>
  <nd ref="5858754832"/>
  <nd ref="10111752584"/>
  <nd ref="5858754883"/>
  <nd ref="10111752583"/>
  <nd ref="5858752653"/>
  <nd ref="5858752615"/>
  <tag k="highway" v="tertiary"/>
  <tag k="oneway" v="yes"/>
 </way>
 <way id="620054402" visible="true" version="2" changeset="139694625" timestamp="2023-08-10T08:30:03Z" user="nshz" uid="9513428">
  <nd ref="5858754809"/>
  <nd ref="5858754795"/>
  <nd ref="5858752630"/>
  <tag k="highway" v="residential"/>
  <tag k="name" v="جاده پست برق پل"/>
 </way>
 <way id="620054409" visible="true" version="8" changeset="182535835" timestamp="2026-05-12T03:22:39Z" user="Kaya Shiranui" uid="24044595">
  <nd ref="1572276072"/>
  <nd ref="1572276066"/>
  <nd ref="13819892011"/>
  <nd ref="1572276041"/>
  <nd ref="1572276027"/>
  <nd ref="1572276022"/>
  <nd ref="3285652637"/>
  <nd ref="9864182892"/>
  <nd ref="1572276010"/>
  <nd ref="3285654377"/>
  <nd ref="6656967581"/>
  <nd ref="1572276002"/>
  <nd ref="6656983191"/>
  <nd ref="9864182898"/>
  <nd ref="6968047511"/>
  <nd ref="6968047510"/>
  <nd ref="1906880526"/>
  <tag k="highway" v="tertiary"/>
  <tag k="name" v="جاده پل انگور"/>
  <tag k="name:en" v="Pol RD"/>
 </way>
 <way id="708419528" visible="true" version="2" changeset="123158925" timestamp="2022-07-03T17:13:54Z" user="Mostafa Ahangarha" uid="3800783">
  <nd ref="6656983302"/>
  <nd ref="6656983301"/>
  <nd ref="9864222708"/>
  <nd ref="6656983300"/>
  <nd ref="6656983263"/>
  <nd ref="6656983299"/>
  <nd ref="9864222705"/>
  <nd ref="6656983298"/>
  <nd ref="6656983297"/>
  <nd ref="6656983296"/>
  <nd ref="6656983295"/>
  <nd ref="6656983294"/>
  <nd ref="6656983271"/>
  <nd ref="6656983293"/>
  <nd ref="6656983292"/>
  <nd ref="6656983291"/>
  <nd ref="6656983290"/>
  <nd ref="6656983289"/>
  <nd ref="6656983272"/>
  <tag k="highway" v="residential"/>
 </way>
 <way id="708419529" visible="true" version="2" changeset="123158925" timestamp="2022-07-03T17:13:54Z" user="Mostafa Ahangarha" uid="3800783">
  <nd ref="6656983304"/>
  <nd ref="9864222706"/>
  <nd ref="9864222707"/>
  <nd ref="6656983302"/>
  <nd ref="6656983303"/>
  <tag k="highway" v="residential"/>
 </way>
 <way id="735128498" visible="true" version="2" changeset="123132094" timestamp="2022-07-02T20:12:10Z" user="Mostafa Ahangarha" uid="3800783">
  <nd ref="1863494572"/>
  <nd ref="6884985142"/>
  <nd ref="6884985143"/>
  <nd ref="6884985144"/>
  <tag k="highway" v="service"/>
 </way>
 <way id="735128500" visible="true" version="2" changeset="123132094" timestamp="2022-07-02T20:12:10Z" user="Mostafa Ahangarha" uid="3800783">
  <nd ref="6884985144"/>
  <nd ref="6884985149"/>
  <nd ref="6884985150"/>
  <nd ref="6884985151"/>
  <nd ref="6884985152"/>
  <nd ref="9862851380"/>
  <nd ref="6884985153"/>
  <nd ref="6884985154"/>
  <nd ref="6884985155"/>
  <nd ref="6884985156"/>
  <nd ref="6884985157"/>
  <nd ref="6884985158"/>
  <nd ref="6884985159"/>
  <nd ref="6884985160"/>
  <nd ref="6884985161"/>
  <tag k="highway" v="service"/>
 </way>
 <way id="735128502" visible="true" version="3" changeset="123158988" timestamp="2022-07-03T17:16:24Z" user="Mostafa Ahangarha" uid="3800783">
  <nd ref="6884990585"/>
  <nd ref="6884990586"/>
  <nd ref="9864226802"/>
  <nd ref="9864226803"/>
  <nd ref="6884990587"/>
  <nd ref="9864226804"/>
  <nd ref="9864226805"/>
  <nd ref="6884985184"/>
  <nd ref="6884990588"/>
  <nd ref="6884990589"/>
  <nd ref="6884990590"/>
  <nd ref="6884990591"/>
  <nd ref="6884990592"/>
  <nd ref="9864226806"/>
  <nd ref="6884990593"/>
  <nd ref="9864226807"/>
  <nd ref="6884990594"/>
  <nd ref="9864226808"/>
  <nd ref="6884990595"/>
  <nd ref="6884990596"/>
  <nd ref="6884990597"/>
  <nd ref="6884990598"/>
  <nd ref="9862851393"/>
  <tag k="highway" v="service"/>
 </way>
 <way id="1075404389" visible="true" version="1" changeset="123132094" timestamp="2022-07-02T20:12:10Z" user="Mostafa Ahangarha" uid="3800783">
  <nd ref="9862851370"/>
  <nd ref="9862851369"/>
  <nd ref="9862851368"/>
  <nd ref="9862851367"/>
  <nd ref="9862851363"/>
  <nd ref="9862851366"/>
  <nd ref="9862851365"/>
  <nd ref="9862851364"/>
  <nd ref="1863494526"/>
  <tag k="highway" v="service"/>
 </way>
 <way id="1075404392" visible="true" version="1" changeset="123132094" timestamp="2022-07-02T20:12:10Z" user="Mostafa Ahangarha" uid="3800783">
  <nd ref="1863494559"/>
  <nd ref="9862851392"/>
  <nd ref="9862851391"/>
  <nd ref="9862851390"/>
  <nd ref="9862851389"/>
  <nd ref="9862851388"/>
  <nd ref="9862851387"/>
  <nd ref="9862851386"/>
  <nd ref="9862851385"/>
  <nd ref="9862851384"/>
  <nd ref="9862851393"/>
  <nd ref="9862851383"/>
  <nd ref="9862851382"/>
  <nd ref="9862851381"/>
  <nd ref="6884985143"/>
  <tag k="highway" v="service"/>
 </way>
 <way id="1103814022" visible="true" version="2" changeset="134441049" timestamp="2023-04-03T07:34:02Z" user="AhmadHB" uid="10182045">
  <nd ref="6884843770"/>
  <nd ref="1863494456"/>
  <nd ref="1863494457"/>
  <nd ref="9864239514"/>
  <nd ref="1863494459"/>
  <nd ref="1863494460"/>
  <nd ref="1863494461"/>
  <nd ref="1863494462"/>
  <nd ref="1863494463"/>
  <nd ref="1863494464"/>
  <nd ref="1863494465"/>
  <nd ref="1863494466"/>
  <nd ref="1863494467"/>
  <nd ref="1863494468"/>
  <nd ref="1863494469"/>
  <nd ref="1863494470"/>
  <nd ref="1863494471"/>
  <nd ref="1863494472"/>
  <nd ref="1863494473"/>
  <nd ref="1863494474"/>
  <nd ref="1863494475"/>
  <nd ref="1863494476"/>
  <nd ref="1863494477"/>
  <nd ref="1863494478"/>
  <nd ref="1863494479"/>
  <nd ref="1863494480"/>
  <nd ref="1863494481"/>
  <nd ref="1863494482"/>
  <nd ref="1863494483"/>
  <nd ref="1863494484"/>
  <nd ref="1863494485"/>
  <nd ref="1863494486"/>
  <nd ref="1863494487"/>
  <nd ref="1863494488"/>
  <nd ref="1863494489"/>
  <nd ref="1863494490"/>
  <nd ref="1863494491"/>
  <nd ref="1863494492"/>
  <nd ref="1863494493"/>
  <nd ref="1863494494"/>
  <nd ref="1863494495"/>
  <nd ref="1863494496"/>
  <nd ref="1863494497"/>
  <nd ref="1863494498"/>
  <nd ref="6884990681"/>
  <nd ref="1863494499"/>
  <nd ref="1863494500"/>
  <nd ref="1863494501"/>
  <nd ref="1863494502"/>
  <nd ref="1863494503"/>
  <nd ref="1863494504"/>
  <nd ref="1863494505"/>
  <nd ref="1863494506"/>
  <nd ref="1863494507"/>
  <nd ref="1863494508"/>
  <nd ref="1863494509"/>
  <nd ref="1863494510"/>
  <nd ref="1863494511"/>
  <nd ref="1863494512"/>
  <nd ref="9862839627"/>
  <nd ref="1863494513"/>
  <nd ref="1863494514"/>
  <nd ref="1863494515"/>
  <nd ref="1863494516"/>
  <nd ref="1863494517"/>
  <nd ref="9862851356"/>
  <nd ref="1863494518"/>
  <nd ref="1863494519"/>
  <nd ref="1863494520"/>
  <nd ref="1863494521"/>
  <nd ref="5858704330"/>
  <nd ref="1863494522"/>
  <nd ref="1863494523"/>
  <nd ref="1863494524"/>
  <nd ref="1863494525"/>
  <nd ref="1863494526"/>
  <nd ref="1863494527"/>
  <nd ref="1863494528"/>
  <nd ref="1863494529"/>
  <nd ref="1863494530"/>
  <nd ref="1863494531"/>
  <nd ref="1863494532"/>
  <nd ref="1863494533"/>
  <nd ref="1863494534"/>
  <nd ref="1863494535"/>
  <nd ref="1863494536"/>
  <nd ref="1863494537"/>
  <nd ref="1863494538"/>
  <nd ref="1863494539"/>
  <nd ref="1863494540"/>
  <nd ref="1863494541"/>
  <nd ref="1863494542"/>
  <nd ref="1863494543"/>
  <nd ref="1863494544"/>
  <nd ref="1863494545"/>
  <nd ref="1863494546"/>
  <nd ref="1863494547"/>
  <nd ref="1863494548"/>
  <nd ref="1863494549"/>
  <nd ref="1863494550"/>
  <nd ref="1863494551"/>
  <nd ref="1863494552"/>
  <nd ref="1863494553"/>
  <nd ref="1863494554"/>
  <nd ref="1863494555"/>
  <nd ref="1863494556"/>
  <nd ref="1863494557"/>
  <nd ref="1863494558"/>
  <nd ref="1863494559"/>
  <nd ref="1863494560"/>
  <nd ref="1863494561"/>
  <nd ref="1863494562"/>
  <nd ref="1863494563"/>
  <nd ref="1863494564"/>
  <nd ref="1863494565"/>
  <nd ref="1863494566"/>
  <nd ref="1863494567"/>
  <nd ref="1863494568"/>
  <nd ref="1863494569"/>
  <nd ref="1863494570"/>
  <nd ref="1863494571"/>
  <nd ref="1863494572"/>
  <nd ref="1863494573"/>
  <nd ref="6884985148"/>
  <nd ref="1863494574"/>
  <nd ref="1863494575"/>
  <nd ref="1863494576"/>
  <nd ref="1863494577"/>
  <nd ref="1863494578"/>
  <nd ref="1863494579"/>
  <nd ref="1863494580"/>
  <nd ref="1863494581"/>
  <nd ref="1863494582"/>
  <nd ref="1863494583"/>
  <nd ref="1863494584"/>
  <nd ref="1863494585"/>
  <nd ref="1863494586"/>
  <nd ref="1863494587"/>
  <nd ref="1863494588"/>
  <nd ref="1863494589"/>
  <nd ref="1863494590"/>
  <nd ref="1863494591"/>
  <nd ref="1863494592"/>
  <nd ref="1863494593"/>
  <nd ref="1863494594"/>
  <nd ref="1863494595"/>
  <nd ref="1863494596"/>
  <nd ref="1863494597"/>
  <nd ref="1863494598"/>
  <nd ref="1863494599"/>
  <nd ref="1863494600"/>
  <nd ref="1863494601"/>
  <nd ref="1863494602"/>
  <nd ref="1863494603"/>
  <nd ref="1863494604"/>
  <nd ref="1863494605"/>
  <nd ref="1863494606"/>
  <nd ref="1863494607"/>
  <nd ref="1863494608"/>
  <nd ref="1863494609"/>
  <nd ref="1863494610"/>
  <nd ref="1863494611"/>
  <nd ref="1863494612"/>
  <nd ref="1863494613"/>
  <nd ref="1863494614"/>
  <nd ref="1863494615"/>
  <nd ref="1863494616"/>
  <nd ref="1863494617"/>
  <nd ref="1863494618"/>
  <nd ref="1863494619"/>
  <nd ref="1863494620"/>
  <nd ref="1863494621"/>
  <nd ref="1863494622"/>
  <nd ref="1863494623"/>
  <nd ref="1863494624"/>
  <nd ref="9862781344"/>
  <tag k="highway" v="trunk"/>
  <tag k="lanes" v="2"/>
  <tag k="maxspeed" v="110"/>
  <tag k="name" v="بزرگراه بندرعباس - بندر خمیر"/>
  <tag k="oneway" v="yes"/>
  <tag k="ref" v="96"/>
  <tag k="surface" v="asphalt"/>
 </way>
 <way id="1105008708" visible="true" version="2" changeset="137556172" timestamp="2023-06-20T10:30:07Z" user="Farshiid" uid="13452579">
  <nd ref="5858754815"/>
  <nd ref="10111752586"/>
  <nd ref="5858754900"/>
  <nd ref="10111752587"/>
  <nd ref="10111752585"/>
  <nd ref="5858752648"/>
  <nd ref="1572276072"/>
  <tag k="highway" v="tertiary"/>
  <tag k="name" v="جاده پل انگور"/>
  <tag k="oneway" v="yes"/>
 </way>
 <way id="1185431148" visible="true" version="1" changeset="137859917" timestamp="2023-06-28T04:29:36Z" user="MUHAMMED`sab" uid="16905710">
  <nd ref="11011543869"/>
  <nd ref="11011543868"/>
  <nd ref="11011543867"/>
  <nd ref="11011543866"/>
  <nd ref="11011543865"/>
  <nd ref="11011543860"/>
  <nd ref="11011543864"/>
  <nd ref="11011543863"/>
  <nd ref="11011543862"/>
  <nd ref="11011543861"/>
  <nd ref="1863494552"/>
  <tag k="highway" v="trunk_link"/>
  <tag k="oneway" v="yes"/>
 </way>
 <way id="1282501730" visible="true" version="2" changeset="153659672" timestamp="2024-07-07T12:20:14Z" user="Basstoelpel" uid="72235">
  <nd ref="11901437486"/>
  <nd ref="11901437489"/>
  <tag k="cables" v="3"/>
  <tag k="circuits" v="1"/>
  <tag k="frequency" v="50"/>
  <tag k="power" v="line"/>
  <tag k="voltage" v="230000"/>
 </way>
 <way id="1282501731" visible="true" version="1" changeset="151273311" timestamp="2024-05-13T15:42:08Z" user="demetrio_m" uid="196617">
  <nd ref="11901437485"/>
  <nd ref="11901437490"/>
  <tag k="power" v="line"/>
 </way>
 <way id="1299788518" visible="true" version="1" changeset="153659672" timestamp="2024-07-07T12:20:14Z" user="Basstoelpel" uid="72235">
  <nd ref="3174065251"/>
  <nd ref="3174065245"/>
  <nd ref="3174065240"/>
  <nd ref="3174065228"/>
  <nd ref="3174065221"/>
  <nd ref="3174065219"/>
  <nd ref="3174065216"/>
  <nd ref="3174065213"/>
  <nd ref="3174065210"/>
  <nd ref="3174065207"/>
  <nd ref="3174065204"/>
  <nd ref="3174065202"/>
  <nd ref="3174065200"/>
  <nd ref="3174065198"/>
  <nd ref="3174065194"/>
  <nd ref="3174065191"/>
  <nd ref="3174065188"/>
  <nd ref="3174065185"/>
  <nd ref="3174065181"/>
  <nd ref="3174065177"/>
  <nd ref="3174065174"/>
  <nd ref="3174065171"/>
  <nd ref="3174065168"/>
  <nd ref="3174065165"/>
  <nd ref="3174065162"/>
  <nd ref="3174065159"/>
  <nd ref="3174065156"/>
  <nd ref="3174065154"/>
  <nd ref="3174065151"/>
  <nd ref="4741595404"/>
  <nd ref="4741595403"/>
  <tag k="cables" v="3"/>
  <tag k="circuits" v="1"/>
  <tag k="frequency" v="50"/>
  <tag k="power" v="line"/>
  <tag k="voltage" v="230000"/>
 </way>
 <way id="1299788521" visible="true" version="1" changeset="153659672" timestamp="2024-07-07T12:20:14Z" user="Basstoelpel" uid="72235">
  <nd ref="3174065230"/>
  <nd ref="3174065224"/>
  <nd ref="3174065220"/>
  <nd ref="3174065217"/>
  <nd ref="3174065215"/>
  <nd ref="3174065212"/>
  <nd ref="3174065209"/>
  <nd ref="3174065205"/>
  <nd ref="3174065201"/>
  <nd ref="3174065196"/>
  <nd ref="3174065193"/>
  <nd ref="3174065189"/>
  <nd ref="3174065184"/>
  <nd ref="3174065180"/>
  <nd ref="3174065176"/>
  <nd ref="3174065172"/>
  <nd ref="3174065169"/>
  <nd ref="3174065164"/>
  <nd ref="3174065161"/>
  <nd ref="3174065158"/>
  <nd ref="3174065153"/>
  <nd ref="3174065149"/>
  <nd ref="3174065142"/>
  <nd ref="12039871599"/>
  <nd ref="3174065140"/>
  <tag k="cables" v="6"/>
  <tag k="frequency" v="50"/>
  <tag k="power" v="line"/>
  <tag k="voltage" v="230000"/>
 </way>
 <way id="1299788522" visible="true" version="1" changeset="153659672" timestamp="2024-07-07T12:20:14Z" user="Basstoelpel" uid="72235">
  <nd ref="3174065140"/>
  <nd ref="11901437487"/>
  <tag k="cables" v="3"/>
  <tag k="circuits" v="1"/>
  <tag k="frequency" v="50"/>
  <tag k="power" v="line"/>
  <tag k="voltage" v="230000"/>
 </way>
 <way id="1299788523" visible="true" version="1" changeset="153659672" timestamp="2024-07-07T12:20:14Z" user="Basstoelpel" uid="72235">
  <nd ref="12039871599"/>
  <nd ref="12039871602"/>
  <nd ref="12039871601"/>
  <nd ref="12039871600"/>
  <nd ref="11901437486"/>
  <tag k="cables" v="3"/>
  <tag k="circuits" v="1"/>
  <tag k="frequency" v="50"/>
  <tag k="power" v="line"/>
  <tag k="voltage" v="230000"/>
 </way>
 <way id="1299788524" visible="true" version="1" changeset="153659672" timestamp="2024-07-07T12:20:14Z" user="Basstoelpel" uid="72235">
  <nd ref="12039871603"/>
  <nd ref="3174065138"/>
  <tag k="cables" v="3"/>
  <tag k="circuits" v="1"/>
  <tag k="frequency" v="50"/>
  <tag k="power" v="line"/>
  <tag k="voltage" v="230000"/>
 </way>
 <way id="1299788525" visible="true" version="1" changeset="153659672" timestamp="2024-07-07T12:20:14Z" user="Basstoelpel" uid="72235">
  <nd ref="11901437488"/>
  <nd ref="3174065138"/>
  <tag k="cables" v="3"/>
  <tag k="circuits" v="1"/>
  <tag k="frequency" v="50"/>
  <tag k="power" v="line"/>
  <tag k="voltage" v="230000"/>
 </way>
 <way id="1512345421" visible="true" version="2" changeset="182702240" timestamp="2026-05-15T14:38:16Z" user="Kaya Shiranui" uid="24044595">
  <nd ref="13830943388"/>
  <nd ref="13819885694"/>
  <nd ref="13819885695"/>
  <nd ref="13819885696"/>
  <nd ref="13819885697"/>
  <nd ref="13819885698"/>
  <nd ref="13819885699"/>
  <nd ref="13819885700"/>
  <nd ref="13819892001"/>
  <nd ref="13819892002"/>
  <nd ref="13819892003"/>
  <nd ref="13819892004"/>
  <nd ref="13819892005"/>
  <nd ref="13819892006"/>
  <nd ref="13819892007"/>
  <nd ref="13819892008"/>
  <nd ref="13819892009"/>
  <nd ref="13819892010"/>
  <nd ref="13819892011"/>
  <nd ref="13819892012"/>
  <nd ref="13819892013"/>
  <nd ref="13819892014"/>
  <nd ref="13819892015"/>
  <nd ref="13819892016"/>
  <nd ref="13819892017"/>
  <nd ref="13819892018"/>
  <nd ref="13819892019"/>
  <nd ref="13819892020"/>
  <nd ref="13819892021"/>
  <nd ref="13819892022"/>
  <nd ref="13819892023"/>
  <nd ref="13819892024"/>
  <nd ref="13819892025"/>
  <nd ref="13819892026"/>
  <nd ref="13819892027"/>
  <nd ref="13819892028"/>
  <nd ref="13819892029"/>
  <nd ref="13819892030"/>
  <nd ref="13819892031"/>
  <nd ref="13819892032"/>
  <nd ref="13819892033"/>
  <nd ref="13819892034"/>
  <nd ref="13819892035"/>
  <nd ref="13819892036"/>
  <nd ref="13819892037"/>
  <nd ref="13819892038"/>
  <nd ref="13819892039"/>
  <nd ref="13819892040"/>
  <nd ref="13819892041"/>
  <nd ref="13819892042"/>
  <nd ref="13819892043"/>
  <nd ref="13819892044"/>
  <nd ref="13819892045"/>
  <nd ref="13819892046"/>
  <nd ref="13819892047"/>
  <nd ref="13819892048"/>
  <nd ref="13819892049"/>
  <nd ref="13819892050"/>
  <nd ref="13819892051"/>
  <nd ref="13819892052"/>
  <nd ref="13819892053"/>
  <nd ref="13819892054"/>
  <nd ref="13819892055"/>
  <nd ref="9862775700"/>
  <nd ref="13819892056"/>
  <nd ref="13819892057"/>
  <nd ref="13819892058"/>
  <nd ref="13819892059"/>
  <nd ref="13819892060"/>
  <nd ref="13819892061"/>
  <nd ref="13819892082"/>
  <nd ref="13819892062"/>
  <nd ref="13819892063"/>
  <nd ref="13819892064"/>
  <nd ref="13819892065"/>
  <nd ref="13819892066"/>
  <nd ref="13819892067"/>
  <nd ref="13819892068"/>
  <nd ref="13819892069"/>
  <nd ref="13819892070"/>
  <nd ref="13819892071"/>
  <nd ref="13819892072"/>
  <nd ref="13819892073"/>
  <nd ref="13819892074"/>
  <nd ref="13819892075"/>
  <nd ref="13819892076"/>
  <nd ref="13819892077"/>
  <nd ref="13819892078"/>
  <nd ref="13819892079"/>
  <nd ref="13819892080"/>
  <nd ref="13819892081"/>
  <tag k="highway" v="unclassified"/>
 </way>
 <relation id="6013858" visible="true" version="284" changeset="182196857" timestamp="2026-05-04T10:08:03Z" user="Hadi Omid" uid="3817321">
  <member type="way" ref="1312727871" role=""/>
  <member type="way" ref="1254255277" role=""/>
  <member type="way" ref="1254255281" role=""/>
  <member type="way" ref="1251962041" role=""/>
  <member type="way" ref="627878871" role=""/>
  <member type="way" ref="627266694" role=""/>
  <member type="way" ref="552358291" role=""/>
  <member type="way" ref="431374750" role=""/>
  <member type="way" ref="1312727877" role=""/>
  <member type="way" ref="965985574" role=""/>
  <member type="way" ref="1312727876" role=""/>
  <member type="way" ref="824782671" role=""/>
  <member type="way" ref="824427643" role=""/>
  <member type="way" ref="1246232172" role=""/>
  <member type="way" ref="1246232171" role=""/>
  <member type="way" ref="26413555" role=""/>
  <member type="way" ref="1125445563" role=""/>
  <member type="way" ref="1297261689" role=""/>
  <member type="way" ref="1297261688" role=""/>
  <member type="way" ref="1297261691" role=""/>
  <member type="way" ref="1288482130" role=""/>
  <member type="way" ref="1288482133" role=""/>
  <member type="way" ref="1288482132" role=""/>
  <member type="way" ref="1288482131" role=""/>
  <member type="way" ref="1137984628" role=""/>
  <member type="way" ref="1137984599" role=""/>
  <member type="way" ref="1098947414" role=""/>
  <member type="way" ref="1211521066" role=""/>
  <member type="way" ref="1223701814" role=""/>
  <member type="way" ref="1223701812" role=""/>
  <member type="way" ref="1223701813" role=""/>
  <member type="way" ref="1098947415" role=""/>
  <member type="way" ref="175884538" role=""/>
  <member type="way" ref="175884550" role=""/>
  <member type="way" ref="824925552" role=""/>
  <member type="way" ref="1193283317" role=""/>
  <member type="way" ref="1193283318" role=""/>
  <member type="way" ref="1173909773" role=""/>
  <member type="way" ref="1103281855" role=""/>
  <member type="way" ref="662619526" role=""/>
  <member type="way" ref="431780366" role=""/>
  <member type="way" ref="1173909669" role=""/>
  <member type="way" ref="435526062" role=""/>
  <member type="way" ref="628048057" role=""/>
  <member type="way" ref="824782727" role=""/>
  <member type="way" ref="1173557211" role=""/>
  <member type="way" ref="628048052" role=""/>
  <member type="way" ref="1285852091" role=""/>
  <member type="way" ref="1285852090" role=""/>
  <member type="way" ref="627194188" role=""/>
  <member type="way" ref="1103000672" role=""/>
  <member type="way" ref="1092272610" role=""/>
  <member type="way" ref="1092272612" role=""/>
  <member type="way" ref="1103000663" role=""/>
  <member type="way" ref="1103004570" role=""/>
  <member type="way" ref="1103004571" role=""/>
  <member type="way" ref="1153940420" role=""/>
  <member type="way" ref="1153940419" role=""/>
  <member type="way" ref="1151198080" role=""/>
  <member type="way" ref="1095781855" role=""/>
  <member type="way" ref="1095781854" role=""/>
  <member type="way" ref="1095781853" role=""/>
  <member type="way" ref="796726213" role=""/>
  <member type="way" ref="1029334564" role=""/>
  <member type="way" ref="207636813" role=""/>
  <member type="way" ref="1062254569" role=""/>
  <member type="way" ref="1062254570" role=""/>
  <member type="way" ref="26600209" role=""/>
  <member type="way" ref="824445401" role=""/>
  <member type="way" ref="26588402" role=""/>
  <member type="way" ref="824445400" role=""/>
  <member type="way" ref="26588391" role=""/>
  <member type="way" ref="1052039474" role=""/>
  <member type="way" ref="1052039472" role=""/>
  <member type="way" ref="1052039473" role=""/>
  <member type="way" ref="1052039476" role=""/>
  <member type="way" ref="1052039475" role=""/>
  <member type="way" ref="1052039471" role=""/>
  <member type="way" ref="398040510" role=""/>
  <member type="way" ref="398056835" role=""/>
  <member type="way" ref="398040509" role=""/>
  <member type="way" ref="374759529" role=""/>
  <member type="way" ref="374759530" role=""/>
  <member type="way" ref="1029334558" role=""/>
  <member type="way" ref="633634697" role=""/>
  <member type="way" ref="633634696" role=""/>
  <member type="way" ref="265120854" role=""/>
  <member type="way" ref="374759535" role=""/>
  <member type="way" ref="398056846" role=""/>
  <member type="way" ref="374759532" role=""/>
  <member type="way" ref="532655619" role=""/>
  <member type="way" ref="545764635" role="backward"/>
  <member type="way" ref="1224488451" role="backward"/>
  <member type="way" ref="824925531" role="backward"/>
  <member type="way" ref="824925530" role="backward"/>
  <member type="way" ref="759247371" role="backward"/>
  <member type="way" ref="759044012" role=""/>
  <member type="way" ref="824925533" role=""/>
  <member type="way" ref="824925532" role=""/>
  <member type="way" ref="625337324" role=""/>
  <member type="way" ref="625363183" role=""/>
  <member type="way" ref="625337320" role="backward"/>
  <member type="way" ref="625337325" role=""/>
  <member type="way" ref="625337332" role=""/>
  <member type="way" ref="625337333" role=""/>
  <member type="way" ref="625337358" role=""/>
  <member type="way" ref="625337319" role="backward"/>
  <member type="way" ref="824925535" role="backward"/>
  <member type="way" ref="824925534" role="backward"/>
  <member type="way" ref="824925541" role="backward"/>
  <member type="way" ref="824925540" role="backward"/>
  <member type="way" ref="824925545" role="backward"/>
  <member type="way" ref="824925544" role="backward"/>
  <member type="way" ref="625337363" role=""/>
  <member type="way" ref="625337360" role="backward"/>
  <member type="way" ref="824925549" role="backward"/>
  <member type="way" ref="824925548" role="backward"/>
  <member type="way" ref="312687719" role="backward"/>
  <member type="way" ref="401078196" role=""/>
  <member type="way" ref="401078195" role=""/>
  <member type="way" ref="56121958" role=""/>
  <member type="way" ref="625345888" role=""/>
  <member type="way" ref="824925551" role=""/>
  <member type="way" ref="824925550" role=""/>
  <member type="way" ref="625343160" role=""/>
  <member type="way" ref="625343159" role="forward"/>
  <member type="way" ref="463276990" role="forward"/>
  <member type="way" ref="824925547" role="forward"/>
  <member type="way" ref="824925546" role="forward"/>
  <member type="way" ref="625365137" role=""/>
  <member type="way" ref="463290978" role="forward"/>
  <member type="way" ref="824925543" role="forward"/>
  <member type="way" ref="824925542" role="forward"/>
  <member type="way" ref="824925539" role="forward"/>
  <member type="way" ref="824925538" role="forward"/>
  <member type="way" ref="463276993" role="forward"/>
  <member type="way" ref="824925537" role="forward"/>
  <member type="way" ref="824925536" role="forward"/>
  <member type="way" ref="312687720" role=""/>
  <member type="way" ref="401078288" role=""/>
  <member type="way" ref="401078286" role=""/>
  <member type="way" ref="401078289" role="forward"/>
  <member type="way" ref="625337321" role=""/>
  <member type="way" ref="401078285" role=""/>
  <member type="way" ref="401078290" role=""/>
  <member type="way" ref="401078287" role=""/>
  <member type="way" ref="401078298" role=""/>
  <member type="way" ref="625562615" role=""/>
  <member type="way" ref="759247373" role=""/>
  <member type="way" ref="401078284" role=""/>
  <member type="way" ref="401078292" role=""/>
  <member type="way" ref="625362265" role=""/>
  <member type="way" ref="1508819414" role="forward"/>
  <member type="way" ref="759044009" role="forward"/>
  <member type="way" ref="460063051" role="forward"/>
  <member type="way" ref="625349794" role=""/>
  <member type="way" ref="181772621" role="backward"/>
  <member type="way" ref="181675780" role=""/>
  <member type="way" ref="787263822" role=""/>
  <member type="way" ref="300828737" role=""/>
  <member type="way" ref="542537114" role=""/>
  <member type="way" ref="442577387" role=""/>
  <member type="way" ref="442577388" role=""/>
  <member type="way" ref="1254255279" role=""/>
  <member type="way" ref="824918609" role=""/>
  <member type="way" ref="855216058" role=""/>
  <member type="way" ref="323945530" role=""/>
  <member type="way" ref="670244205" role=""/>
  <member type="way" ref="1075375255" role=""/>
  <member type="way" ref="1075375254" role=""/>
  <member type="way" ref="824427662" role=""/>
  <member type="way" ref="1168468499" role=""/>
  <member type="way" ref="1168468498" role=""/>
  <member type="way" ref="980411381" role=""/>
  <member type="way" ref="1168468497" role=""/>
  <member type="way" ref="1168468496" role=""/>
  <member type="way" ref="858122412" role=""/>
  <member type="way" ref="824427663" role=""/>
  <member type="way" ref="858122411" role=""/>
  <member type="way" ref="630267477" role=""/>
  <member type="way" ref="630273813" role=""/>
  <member type="way" ref="630273812" role=""/>
  <member type="way" ref="630273811" role=""/>
  <member type="way" ref="630273809" role=""/>
  <member type="way" ref="630273808" role=""/>
  <member type="way" ref="630273810" role=""/>
  <member type="way" ref="1224560945" role=""/>
  <member type="way" ref="175761927" role=""/>
  <member type="way" ref="175761929" role=""/>
  <member type="way" ref="175761931" role=""/>
  <member type="way" ref="175761934" role=""/>
  <member type="way" ref="175761935" role=""/>
  <member type="way" ref="175761938" role=""/>
  <member type="way" ref="175761939" role=""/>
  <member type="way" ref="613238390" role=""/>
  <member type="way" ref="824427665" role=""/>
  <member type="way" ref="1157400867" role=""/>
  <member type="way" ref="1095534909" role=""/>
  <member type="way" ref="547176816" role=""/>
  <member type="way" ref="547176814" role=""/>
  <member type="way" ref="547176815" role=""/>
  <member type="way" ref="547176813" role=""/>
  <member type="way" ref="547176812" role=""/>
  <member type="way" ref="547176811" role=""/>
  <member type="way" ref="547176810" role=""/>
  <member type="way" ref="1095534912" role=""/>
  <member type="way" ref="547176808" role=""/>
  <member type="way" ref="547176809" role=""/>
  <member type="way" ref="1104943530" role=""/>
  <member type="way" ref="1104943528" role=""/>
  <member type="way" ref="1104943529" role=""/>
  <member type="way" ref="1104943531" role=""/>
  <member type="way" ref="982208295" role=""/>
  <member type="way" ref="543486257" role=""/>
  <member type="way" ref="762797500" role=""/>
  <member type="way" ref="670247404" role=""/>
  <member type="way" ref="883673403" role=""/>
  <member type="way" ref="573326875" role=""/>
  <member type="way" ref="573326876" role=""/>
  <member type="way" ref="543486648" role=""/>
  <member type="way" ref="573326874" role=""/>
  <member type="way" ref="573326873" role=""/>
  <member type="way" ref="670247403" role=""/>
  <member type="way" ref="883673404" role=""/>
  <member type="way" ref="543486921" role=""/>
  <member type="way" ref="982208294" role=""/>
  <member type="way" ref="1104943534" role=""/>
  <member type="way" ref="1104943533" role=""/>
  <member type="way" ref="1104943527" role=""/>
  <member type="way" ref="1104943526" role=""/>
  <member type="way" ref="1104943532" role=""/>
  <member type="way" ref="1104943535" role=""/>
  <member type="way" ref="1104943536" role=""/>
  <member type="way" ref="1095534910" role=""/>
  <member type="way" ref="824427666" role=""/>
  <member type="way" ref="1157400865" role=""/>
  <member type="way" ref="547176817" role=""/>
  <member type="way" ref="1224565131" role=""/>
  <member type="way" ref="980411379" role=""/>
  <member type="way" ref="1224565130" role=""/>
  <member type="way" ref="824427664" role=""/>
  <member type="way" ref="1224565135" role=""/>
  <member type="way" ref="878864130" role=""/>
  <member type="way" ref="1224565136" role="backward"/>
  <member type="way" ref="573325106" role="backward"/>
  <member type="way" ref="175796356" role="forward"/>
  <member type="way" ref="26401529" role=""/>
  <member type="way" ref="1396607721" role=""/>
  <member type="way" ref="1396607732" role=""/>
  <member type="way" ref="658709881" role=""/>
  <member type="way" ref="490484578" role=""/>
  <member type="way" ref="302180248" role="forward"/>
  <member type="way" ref="94234128" role=""/>
  <member type="way" ref="302179780" role="backward"/>
  <member type="way" ref="424170879" role="forward"/>
  <member type="way" ref="302180233" role="forward"/>
  <member type="way" ref="442591705" role="forward"/>
  <member type="way" ref="688596763" role="forward"/>
  <member type="way" ref="505566024" role="forward"/>
  <member type="way" ref="423401185" role="backward"/>
  <member type="way" ref="688596766" role="backward"/>
  <member type="way" ref="424170878" role="backward"/>
  <member type="way" ref="688596764" role="backward"/>
  <member type="way" ref="442591706" role=""/>
  <member type="way" ref="442591709" role="backward"/>
  <member type="way" ref="1025733264" role="backward"/>
  <member type="way" ref="302179782" role="backward"/>
  <member type="way" ref="688596757" role="backward"/>
  <member type="way" ref="442591699" role="backward"/>
  <member type="way" ref="688596761" role="backward"/>
  <member type="way" ref="688586880" role="backward"/>
  <member type="way" ref="302179781" role=""/>
  <member type="way" ref="302562865" role="forward"/>
  <member type="way" ref="125411715" role="forward"/>
  <member type="way" ref="154595322" role="forward"/>
  <member type="way" ref="154595330" role="forward"/>
  <member type="way" ref="442586027" role="forward"/>
  <member type="way" ref="442586029" role="forward"/>
  <member type="way" ref="94234129" role="forward"/>
  <member type="way" ref="94234130" role=""/>
  <member type="way" ref="211351316" role="backward"/>
  <member type="way" ref="211351318" role="backward"/>
  <member type="way" ref="211351317" role="backward"/>
  <member type="way" ref="442586028" role="backward"/>
  <member type="way" ref="442586026" role="backward"/>
  <member type="way" ref="37214432" role="backward"/>
  <member type="way" ref="154595328" role="backward"/>
  <member type="way" ref="175511385" role="backward"/>
  <member type="way" ref="154706756" role="backward"/>
  <member type="way" ref="400653613" role="backward"/>
  <member type="way" ref="157876300" role="backward"/>
  <member type="way" ref="389272299" role="backward"/>
  <member type="way" ref="302562107" role="forward"/>
  <member type="way" ref="302562108" role="forward"/>
  <member type="way" ref="157876387" role=""/>
  <member type="way" ref="157876385" role="backward"/>
  <member type="way" ref="1060224379" role="backward"/>
  <member type="way" ref="107137993" role="backward"/>
  <member type="way" ref="367896542" role=""/>
  <member type="way" ref="175511349" role="backward"/>
  <member type="way" ref="175511344" role="backward"/>
  <member type="way" ref="175511340" role="backward"/>
  <member type="way" ref="175511336" role="backward"/>
  <member type="way" ref="727199746" role="backward"/>
  <member type="way" ref="727199747" role="backward"/>
  <member type="way" ref="107137982" role=""/>
  <member type="way" ref="659621974" role="backward"/>
  <member type="way" ref="197187730" role="backward"/>
  <member type="way" ref="197187737" role=""/>
  <member type="way" ref="197187736" role=""/>
  <member type="way" ref="197187735" role="backward"/>
  <member type="way" ref="197187733" role="forward"/>
  <member type="way" ref="107137994" role="forward"/>
  <member type="way" ref="563561928" role="forward"/>
  <member type="way" ref="1060224378" role="forward"/>
  <member type="way" ref="1060224377" role=""/>
  <member type="way" ref="902867841" role="forward"/>
  <member type="way" ref="367896539" role="forward"/>
  <member type="way" ref="727199743" role="forward"/>
  <member type="way" ref="1083428432" role=""/>
  <member type="way" ref="1083428433" role=""/>
  <member type="way" ref="727199744" role="forward"/>
  <member type="way" ref="197187745" role="forward"/>
  <member type="way" ref="197187749" role=""/>
  <member type="way" ref="197187739" role="backward"/>
  <member type="way" ref="993917300" role=""/>
  <member type="way" ref="496802599" role=""/>
  <member type="way" ref="197187751" role="forward"/>
  <member type="way" ref="197187752" role=""/>
  <member type="way" ref="197187750" role="backward"/>
  <member type="way" ref="197187760" role="forward"/>
  <member type="way" ref="197187761" role=""/>
  <member type="way" ref="197187759" role="backward"/>
  <member type="way" ref="197187763" role="forward"/>
  <member type="way" ref="197187765" role=""/>
  <member type="way" ref="197187762" role="backward"/>
  <member type="way" ref="197187802" role="backward"/>
  <member type="way" ref="700027588" role=""/>
  <member type="way" ref="197187799" role="backward"/>
  <member type="way" ref="1221714688" role="backward"/>
  <member type="way" ref="1221714687" role="forward"/>
  <member type="way" ref="197187798" role="forward"/>
  <member type="way" ref="700027587" role=""/>
  <member type="way" ref="197187801" role="forward"/>
  <member type="way" ref="1007125397" role="forward"/>
  <member type="way" ref="197187797" role=""/>
  <member type="way" ref="197187796" role=""/>
  <member type="way" ref="197187795" role=""/>
  <member type="way" ref="197187794" role="backward"/>
  <member type="way" ref="586696716" role=""/>
  <member type="way" ref="197187787" role=""/>
  <member type="way" ref="197187793" role="forward"/>
  <member type="way" ref="197187792" role="backward"/>
  <member type="way" ref="1006804990" role="backward"/>
  <member type="way" ref="197187790" role=""/>
  <member type="way" ref="197187791" role="forward"/>
  <member type="way" ref="700032787" role="forward"/>
  <member type="way" ref="197194524" role="forward"/>
  <member type="way" ref="197194520" role=""/>
  <member type="way" ref="385995323" role="backward"/>
  <member type="way" ref="700032786" role=""/>
  <member type="way" ref="700032788" role="backward"/>
  <member type="way" ref="197194521" role="backward"/>
  <member type="way" ref="197187781" role=""/>
  <member type="way" ref="197194522" role="forward"/>
  <member type="way" ref="203508921" role=""/>
  <member type="way" ref="203508920" role=""/>
  <member type="way" ref="203508919" role=""/>
  <member type="way" ref="203508925" role="forward"/>
  <member type="way" ref="175913326" role="backward"/>
  <member type="way" ref="175913334" role="backward"/>
  <member type="way" ref="376513105" role=""/>
  <member type="way" ref="824942285" role=""/>
  <member type="way" ref="824942286" role=""/>
  <member type="way" ref="824942284" role=""/>
  <member type="way" ref="616050252" role=""/>
  <member type="way" ref="175913338" role="backward"/>
  <member type="way" ref="175913341" role=""/>
  <member type="way" ref="434348348" role="forward"/>
  <member type="way" ref="824942287" role=""/>
  <member type="way" ref="824942288" role=""/>
  <member type="way" ref="658709867" role=""/>
  <member type="way" ref="616050255" role=""/>
  <member type="way" ref="616050254" role=""/>
  <member type="way" ref="616050253" role=""/>
  <member type="way" ref="373256309" role="forward"/>
  <member type="way" ref="373256310" role=""/>
  <member type="way" ref="157876365" role=""/>
  <member type="way" ref="175913323" role="forward"/>
  <member type="way" ref="532655616" role="backward"/>
  <member type="way" ref="157876370" role=""/>
  <member type="way" ref="157876377" role=""/>
  <member type="way" ref="442583043" role="forward"/>
  <member type="way" ref="175913349" role="backward"/>
  <member type="way" ref="175913346" role="forward"/>
  <member type="way" ref="532656940" role="backward"/>
  <member type="way" ref="335820565" role=""/>
  <member type="way" ref="335820560" role="forward"/>
  <member type="way" ref="532656941" role=""/>
  <member type="way" ref="850059908" role="forward"/>
  <member type="way" ref="850059907" role="forward"/>
  <member type="way" ref="532656939" role="forward"/>
  <member type="way" ref="175913525" role="forward"/>
  <member type="way" ref="425718466" role=""/>
  <member type="way" ref="810590968" role="backward"/>
  <member type="way" ref="425718467" role="backward"/>
  <member type="way" ref="850059905" role="backward"/>
  <member type="way" ref="850059906" role="backward"/>
  <member type="way" ref="175913500" role="forward"/>
  <member type="way" ref="175913358" role=""/>
  <member type="way" ref="175913357" role=""/>
  <member type="way" ref="175913356" role=""/>
  <member type="way" ref="934917504" role="backward"/>
  <member type="way" ref="181772647" role="backward"/>
  <member type="way" ref="1224488453" role="backward"/>
  <member type="way" ref="181772659" role="backward"/>
  <member type="way" ref="181772651" role="backward"/>
  <member type="way" ref="181772656" role="backward"/>
  <member type="way" ref="810590969" role=""/>
  <member type="way" ref="1224488452" role="forward"/>
  <member type="way" ref="181772648" role="forward"/>
  <member type="way" ref="934917505" role="forward"/>
  <member type="way" ref="181772626" role="backward"/>
  <member type="way" ref="181772627" role=""/>
  <member type="way" ref="181772625" role="forward"/>
  <member type="way" ref="181772620" role=""/>
  <member type="way" ref="181772622" role="forward"/>
  <member type="way" ref="552515631" role="backward"/>
  <member type="way" ref="496463686" role="backward"/>
  <member type="way" ref="435339818" role="backward"/>
  <member type="way" ref="435339820" role="backward"/>
  <member type="way" ref="799079790" role="backward"/>
  <member type="way" ref="799079789" role="backward"/>
  <member type="way" ref="181675771" role="backward"/>
  <member type="way" ref="304806664" role="backward"/>
  <member type="way" ref="545764633" role="backward"/>
  <member type="way" ref="545764636" role="backward"/>
  <member type="way" ref="304823417" role="backward"/>
  <member type="way" ref="304823419" role="backward"/>
  <member type="way" ref="312687724" role="backward"/>
  <member type="way" ref="656488520" role="backward"/>
  <member type="way" ref="497188358" role="forward"/>
  <member type="way" ref="496463681" role="forward"/>
  <member type="way" ref="824918595" role="forward"/>
  <member type="way" ref="1303529697" role="forward"/>
  <member type="way" ref="1223916982" role="forward"/>
  <member type="way" ref="629440940" role="forward"/>
  <member type="way" ref="442583040" role="forward"/>
  <member type="way" ref="532655617" role="forward"/>
  <member type="way" ref="157876302" role="backward"/>
  <member type="way" ref="688566933" role="forward"/>
  <member type="way" ref="688586877" role=""/>
  <member type="way" ref="688938067" role="backward"/>
  <member type="way" ref="203508918" role=""/>
  <member type="way" ref="300828220" role=""/>
  <member type="way" ref="496463679" role="backward"/>
  <member type="way" ref="312687725" role="backward"/>
  <member type="way" ref="496708473" role="backward"/>
  <member type="way" ref="437089250" role="backward"/>
  <member type="way" ref="175938333" role=""/>
  <member type="way" ref="1303529698" role=""/>
  <member type="way" ref="175938349" role="backward"/>
  <member type="way" ref="393559831" role="backward"/>
  <member type="way" ref="435724215" role=""/>
  <member type="way" ref="175938345" role=""/>
  <member type="way" ref="175938351" role="forward"/>
  <member type="way" ref="393559832" role="forward"/>
  <member type="way" ref="175938356" role="forward"/>
  <member type="way" ref="175938353" role="forward"/>
  <member type="way" ref="175938352" role="backward"/>
  <member type="way" ref="175938354" role="backward"/>
  <member type="way" ref="175938355" role="backward"/>
  <member type="way" ref="175938357" role=""/>
  <member type="way" ref="434893082" role="backward"/>
  <member type="way" ref="434893081" role=""/>
  <member type="way" ref="174990938" role="backward"/>
  <member type="way" ref="434893076" role="backward"/>
  <member type="way" ref="545760103" role="backward"/>
  <member type="way" ref="174990962" role="backward"/>
  <member type="way" ref="174990965" role="backward"/>
  <member type="way" ref="174990977" role="backward"/>
  <member type="way" ref="472419286" role="backward"/>
  <member type="way" ref="175995722" role=""/>
  <member type="way" ref="181916168" role=""/>
  <member type="way" ref="181916161" role=""/>
  <member type="way" ref="181916056" role=""/>
  <member type="way" ref="628396169" role=""/>
  <member type="way" ref="628396167" role=""/>
  <member type="way" ref="628396166" role=""/>
  <member type="way" ref="628396168" role=""/>
  <member type="way" ref="62125652" role=""/>
  <member type="way" ref="1103000669" role=""/>
  <member type="way" ref="62405030" role=""/>
  <member type="way" ref="1125354838" role=""/>
  <member type="way" ref="1125354837" role=""/>
  <member type="way" ref="708170296" role=""/>
  <member type="way" ref="1044135535" role=""/>
  <member type="way" ref="1223703027" role=""/>
  <member type="way" ref="1223701808" role=""/>
  <member type="way" ref="1092272611" role=""/>
  <member type="way" ref="62405036" role=""/>
  <member type="way" ref="1103000667" role=""/>
  <member type="way" ref="310204862" role=""/>
  <member type="way" ref="628396180" role=""/>
  <member type="way" ref="628396176" role=""/>
  <member type="way" ref="628396174" role=""/>
  <member type="way" ref="628396178" role=""/>
  <member type="way" ref="64401520" role=""/>
  <member type="way" ref="181916163" role=""/>
  <member type="way" ref="64401545" role=""/>
  <member type="way" ref="1102939927" role=""/>
  <member type="way" ref="1102939930" role=""/>
  <member type="way" ref="1102939822" role=""/>
  <member type="way" ref="1147648908" role=""/>
  <member type="way" ref="1147648909" role=""/>
  <member type="way" ref="1102939820" role=""/>
  <member type="way" ref="175162440" role=""/>
  <member type="way" ref="181916194" role=""/>
  <member type="way" ref="181916196" role=""/>
  <member type="way" ref="428731951" role=""/>
  <member type="way" ref="428731952" role=""/>
  <member type="way" ref="181916199" role=""/>
  <member type="way" ref="181916201" role=""/>
  <member type="way" ref="181916272" role=""/>
  <member type="way" ref="181916265" role=""/>
  <member type="way" ref="181916267" role=""/>
  <member type="way" ref="181916262" role=""/>
  <member type="way" ref="181916260" role=""/>
  <member type="way" ref="431680806" role=""/>
  <member type="way" ref="431680805" role=""/>
  <member type="way" ref="627171606" role=""/>
  <member type="way" ref="181916212" role=""/>
  <member type="way" ref="431374751" role=""/>
  <member type="way" ref="627171601" role=""/>
  <member type="way" ref="435529345" role=""/>
  <member type="way" ref="1157622172" role=""/>
  <member type="way" ref="1157622174" role=""/>
  <member type="way" ref="431374753" role=""/>
  <member type="way" ref="855216057" role=""/>
  <member type="way" ref="706280878" role=""/>
  <member type="way" ref="855216056" role=""/>
  <member type="way" ref="1157622173" role=""/>
  <member type="way" ref="431374747" role=""/>
  <member type="way" ref="627171604" role=""/>
  <member type="way" ref="181916222" role=""/>
  <member type="way" ref="824782713" role=""/>
  <member type="way" ref="181916261" role=""/>
  <member type="way" ref="181916263" role=""/>
  <member type="way" ref="181916264" role=""/>
  <member type="way" ref="181916271" role=""/>
  <member type="way" ref="181916273" role=""/>
  <member type="way" ref="181916188" role=""/>
  <member type="way" ref="428731953" role=""/>
  <member type="way" ref="428731950" role=""/>
  <member type="way" ref="181916198" role=""/>
  <member type="way" ref="181916197" role=""/>
  <member type="way" ref="175162435" role=""/>
  <member type="way" ref="175162438" role=""/>
  <member type="way" ref="1147648911" role=""/>
  <member type="way" ref="1147648910" role=""/>
  <member type="way" ref="1102939821" role=""/>
  <member type="way" ref="1102939819" role=""/>
  <member type="way" ref="1102939928" role=""/>
  <member type="way" ref="1102939929" role=""/>
  <member type="way" ref="1223879112" role="backward"/>
  <member type="way" ref="232815451" role="backward"/>
  <member type="way" ref="174896918" role=""/>
  <member type="way" ref="399319021" role=""/>
  <member type="way" ref="399319019" role=""/>
  <member type="way" ref="175884525" role=""/>
  <member type="way" ref="175884526" role=""/>
  <member type="way" ref="1223879107" role=""/>
  <member type="way" ref="399319018" role=""/>
  <member type="way" ref="1223879110" role="forward"/>
  <member type="way" ref="706858691" role="forward"/>
  <member type="way" ref="123070759" role="forward"/>
  <member type="way" ref="662269405" role="forward"/>
  <member type="way" ref="1431127921" role=""/>
  <member type="way" ref="1431127922" role=""/>
  <member type="way" ref="174896924" role=""/>
  <member type="way" ref="627819256" role=""/>
  <member type="way" ref="174896905" role=""/>
  <member type="way" ref="706858708" role=""/>
  <member type="way" ref="1223879108" role=""/>
  <member type="way" ref="174896922" role=""/>
  <member type="way" ref="175884528" role=""/>
  <member type="way" ref="175884662" role=""/>
  <member type="way" ref="175884646" role=""/>
  <member type="way" ref="175884532" role=""/>
  <member type="way" ref="175884530" role=""/>
  <member type="way" ref="1283341431" role=""/>
  <member type="way" ref="1432259976" role=""/>
  <member type="way" ref="1432259975" role=""/>
  <member type="way" ref="1432259974" role=""/>
  <member type="way" ref="1432259973" role=""/>
  <member type="way" ref="1283341430" role=""/>
  <member type="way" ref="175884570" role=""/>
  <member type="way" ref="1432261636" role=""/>
  <member type="way" ref="1432261635" role=""/>
  <member type="way" ref="1102719094" role=""/>
  <member type="way" ref="1102719100" role=""/>
  <member type="way" ref="175884574" role=""/>
  <member type="way" ref="175884571" role=""/>
  <member type="way" ref="175884575" role=""/>
  <member type="way" ref="627266695" role=""/>
  <member type="way" ref="175884556" role=""/>
  <member type="way" ref="1102719099" role=""/>
  <member type="way" ref="1312727874" role=""/>
  <member type="way" ref="175884542" role=""/>
  <member type="way" ref="1098952392" role=""/>
  <member type="way" ref="627245939" role=""/>
  <member type="way" ref="552595255" role=""/>
  <member type="way" ref="824782718" role=""/>
  <member type="way" ref="552595254" role=""/>
  <member type="way" ref="1098952399" role=""/>
  <member type="way" ref="824782723" role=""/>
  <member type="way" ref="1173557210" role=""/>
  <member type="way" ref="824782720" role=""/>
  <member type="way" ref="1285852093" role=""/>
  <member type="way" ref="1285852092" role=""/>
  <member type="way" ref="627171603" role=""/>
  <member type="way" ref="627227682" role=""/>
  <member type="way" ref="627227678" role=""/>
  <member type="way" ref="627227684" role=""/>
  <member type="way" ref="1190101849" role=""/>
  <member type="way" ref="1190101848" role=""/>
  <member type="way" ref="1190101847" role=""/>
  <member type="way" ref="1190101850" role=""/>
  <member type="way" ref="627227680" role=""/>
  <member type="way" ref="627194186" role=""/>
  <member type="way" ref="431680973" role=""/>
  <member type="way" ref="627171594" role=""/>
  <member type="way" ref="627171593" role=""/>
  <member type="way" ref="658709877" role=""/>
  <member type="way" ref="627194187" role=""/>
  <member type="way" ref="627194185" role=""/>
  <member type="way" ref="431680971" role=""/>
  <member type="way" ref="431680972" role=""/>
  <member type="way" ref="627171597" role=""/>
  <member type="way" ref="627171595" role=""/>
  <member type="way" ref="658709875" role=""/>
  <member type="way" ref="552595120" role=""/>
  <member type="way" ref="552595119" role=""/>
  <member type="way" ref="120021476" role=""/>
  <member type="way" ref="175884655" role=""/>
  <member type="way" ref="175884529" role=""/>
  <member type="way" ref="175884641" role=""/>
  <member type="way" ref="1223846024" role=""/>
  <member type="way" ref="891234921" role=""/>
  <member type="way" ref="891234923" role=""/>
  <member type="way" ref="175884588" role=""/>
  <member type="way" ref="435523390" role=""/>
  <member type="way" ref="399354435" role=""/>
  <member type="way" ref="824427645" role=""/>
  <member type="way" ref="1051883039" role=""/>
  <member type="way" ref="629567865" role=""/>
  <member type="way" ref="1493365885" role=""/>
  <member type="way" ref="1493365884" role=""/>
  <member type="way" ref="629606558" role=""/>
  <member type="way" ref="1493365488" role=""/>
  <member type="way" ref="1493365487" role=""/>
  <member type="way" ref="1493365490" role=""/>
  <member type="way" ref="1493365489" role=""/>
  <member type="way" ref="1493365480" role=""/>
  <member type="way" ref="1493365479" role=""/>
  <member type="way" ref="824427640" role=""/>
  <member type="way" ref="103738411" role=""/>
  <member type="way" ref="1223701062" role=""/>
  <member type="way" ref="62191650" role=""/>
  <member type="way" ref="103738838" role=""/>
  <member type="way" ref="103738836" role=""/>
  <member type="way" ref="103738840" role=""/>
  <member type="way" ref="62191653" role=""/>
  <member type="way" ref="103738837" role=""/>
  <member type="way" ref="505851009" role=""/>
  <member type="way" ref="398033900" role=""/>
  <member type="way" ref="1493367566" role=""/>
  <member type="way" ref="1493367567" role=""/>
  <member type="way" ref="1493367569" role=""/>
  <member type="way" ref="1493367568" role=""/>
  <member type="way" ref="505851013" role=""/>
  <member type="way" ref="1223615512" role=""/>
  <member type="way" ref="505851011" role=""/>
  <member type="way" ref="1493367573" role=""/>
  <member type="way" ref="1493367572" role=""/>
  <member type="way" ref="295796693" role=""/>
  <member type="way" ref="1493367571" role=""/>
  <member type="way" ref="1493367570" role=""/>
  <member type="way" ref="995809440" role=""/>
  <member type="way" ref="1223613700" role=""/>
  <member type="way" ref="1130846182" role=""/>
  <member type="way" ref="1130846183" role=""/>
  <member type="way" ref="995809439" role=""/>
  <member type="way" ref="1223612897" role=""/>
  <member type="way" ref="997647689" role=""/>
  <member type="way" ref="1130846186" role=""/>
  <member type="way" ref="995809438" role=""/>
  <member type="way" ref="505851003" role=""/>
  <member type="way" ref="824427647" role=""/>
  <member type="way" ref="824427646" role=""/>
  <member type="way" ref="1223612895" role=""/>
  <member type="way" ref="1223612894" role=""/>
  <member type="way" ref="1223612892" role=""/>
  <member type="way" ref="1223612891" role=""/>
  <member type="way" ref="629998013" role=""/>
  <member type="way" ref="629998012" role=""/>
  <member type="way" ref="1007205003" role=""/>
  <member type="way" ref="573325105" role="backward"/>
  <member type="way" ref="323945531" role="backward"/>
  <member type="way" ref="670236767" role="backward"/>
  <member type="way" ref="1075375256" role="backward"/>
  <member type="way" ref="1075375257" role="backward"/>
  <member type="way" ref="1007205002" role=""/>
  <member type="way" ref="1007204998" role=""/>
  <member type="way" ref="824427655" role="backward"/>
  <member type="way" ref="720739023" role="backward"/>
  <member type="way" ref="613238382" role="backward"/>
  <member type="way" ref="297752196" role="backward"/>
  <member type="way" ref="145356970" role="forward"/>
  <member type="way" ref="824427656" role="forward"/>
  <member type="way" ref="720738763" role="forward"/>
  <member type="way" ref="720739025" role="forward"/>
  <member type="way" ref="613238380" role="forward"/>
  <member type="way" ref="297752190" role="forward"/>
  <member type="way" ref="300121399" role=""/>
  <member type="way" ref="297752165" role="backward"/>
  <member type="way" ref="26403005" role=""/>
  <member type="way" ref="300121312" role=""/>
  <member type="way" ref="300121374" role="forward"/>
  <member type="way" ref="175796382" role=""/>
  <member type="way" ref="175796381" role=""/>
  <member type="way" ref="175796378" role=""/>
  <member type="way" ref="175796377" role=""/>
  <member type="way" ref="175796369" role=""/>
  <member type="way" ref="175796376" role=""/>
  <member type="way" ref="175796373" role=""/>
  <member type="way" ref="914921895" role=""/>
  <member type="way" ref="914921893" role=""/>
  <member type="way" ref="175796370" role=""/>
  <member type="way" ref="175796366" role=""/>
  <member type="way" ref="175796365" role=""/>
  <member type="way" ref="175796363" role=""/>
  <member type="way" ref="175796361" role=""/>
  <member type="way" ref="175796359" role=""/>
  <member type="way" ref="175796358" role=""/>
  <member type="way" ref="630267482" role=""/>
  <member type="way" ref="536249808" role=""/>
  <member type="way" ref="536249807" role=""/>
  <member type="way" ref="536249806" role=""/>
  <member type="way" ref="630273807" role=""/>
  <member type="way" ref="630273806" role=""/>
  <member type="way" ref="536249805" role=""/>
  <member type="way" ref="1224560946" role=""/>
  <member type="way" ref="175761930" role=""/>
  <member type="way" ref="175761928" role=""/>
  <member type="way" ref="175761933" role=""/>
  <member type="way" ref="175761932" role=""/>
  <member type="way" ref="175761937" role=""/>
  <member type="way" ref="175761936" role=""/>
  <member type="way" ref="613238389" role=""/>
  <member type="way" ref="1431245420" role=""/>
  <member type="way" ref="1431245417" role=""/>
  <member type="way" ref="175761926" role=""/>
  <member type="way" ref="300121313" role=""/>
  <member type="way" ref="175796367" role=""/>
  <member type="way" ref="175796364" role=""/>
  <member type="way" ref="175796360" role="backward"/>
  <member type="way" ref="670237935" role="backward"/>
  <member type="way" ref="175796368" role=""/>
  <member type="way" ref="914921894" role=""/>
  <member type="way" ref="175796371" role=""/>
  <member type="way" ref="175796372" role=""/>
  <member type="way" ref="175796375" role=""/>
  <member type="way" ref="175796374" role=""/>
  <member type="way" ref="175796379" role=""/>
  <member type="way" ref="175796380" role=""/>
  <member type="way" ref="175796383" role=""/>
  <member type="way" ref="435523393" role=""/>
  <member type="way" ref="435523391" role=""/>
  <member type="way" ref="627273509" role=""/>
  <member type="way" ref="1102716662" role=""/>
  <member type="way" ref="1102716663" role=""/>
  <member type="way" ref="1432259977" role=""/>
  <member type="way" ref="1432259978" role=""/>
  <member type="way" ref="1283341311" role=""/>
  <member type="way" ref="1283341312" role=""/>
  <member type="way" ref="1102719103" role=""/>
  <member type="way" ref="1432261637" role=""/>
  <member type="way" ref="1432261638" role=""/>
  <member type="way" ref="1312727872" role=""/>
  <member type="way" ref="1102719095" role=""/>
  <member type="way" ref="1098947418" role=""/>
  <member type="way" ref="175884539" role=""/>
  <member type="way" ref="175884541" role=""/>
  <member type="way" ref="627266697" role=""/>
  <member type="way" ref="552595118" role=""/>
  <member type="way" ref="552595117" role=""/>
  <member type="way" ref="297752191" role="backward"/>
  <member type="way" ref="297753178" role=""/>
  <member type="way" ref="496463693" role="forward"/>
  <member type="way" ref="312687722" role="forward"/>
  <member type="way" ref="472419304" role="forward"/>
  <member type="way" ref="312687721" role="forward"/>
  <member type="way" ref="410105928" role="forward"/>
  <member type="way" ref="393559246" role="forward"/>
  <member type="way" ref="472419305" role="forward"/>
  <member type="way" ref="181675768" role="forward"/>
  <member type="way" ref="181675769" role=""/>
  <member type="way" ref="181675770" role=""/>
  <member type="way" ref="799079797" role=""/>
  <member type="way" ref="799079798" role=""/>
  <member type="way" ref="628378837" role=""/>
  <member type="way" ref="181675776" role="forward"/>
  <member type="way" ref="335820563" role="backward"/>
  <member type="way" ref="203866128" role="backward"/>
  <member type="way" ref="203866126" role="backward"/>
  <member type="way" ref="203865523" role="backward"/>
  <member type="way" ref="203865522" role="backward"/>
  <member type="way" ref="203508924" role="backward"/>
  <member type="way" ref="203865524" role="forward"/>
  <member type="way" ref="203865521" role="forward"/>
  <member type="way" ref="203508923" role="forward"/>
  <member type="way" ref="203866127" role="forward"/>
  <member type="way" ref="203866125" role="forward"/>
  <member type="way" ref="203508915" role="forward"/>
  <member type="way" ref="203508926" role="backward"/>
  <member type="way" ref="300121376" role="backward"/>
  <member type="way" ref="662269404" role="forward"/>
  <member type="way" ref="1013286173" role=""/>
  <member type="way" ref="1013286172" role="backward"/>
  <member type="way" ref="1006888517" role="backward"/>
  <member type="way" ref="399152972" role="backward"/>
  <member type="way" ref="949590132" role=""/>
  <member type="way" ref="662269406" role="backward"/>
  <member type="way" ref="123085135" role="backward"/>
  <member type="way" ref="434893079" role="forward"/>
  <member type="way" ref="175162293" role=""/>
  <member type="way" ref="182055050" role="forward"/>
  <member type="way" ref="472419294" role="forward"/>
  <member type="way" ref="182055056" role="forward"/>
  <member type="way" ref="472419293" role="forward"/>
  <member type="way" ref="174990942" role="forward"/>
  <member type="way" ref="434893089" role="forward"/>
  <member type="way" ref="888021167" role="forward"/>
  <member type="way" ref="174990988" role="forward"/>
  <member type="way" ref="472419287" role="forward"/>
  <member type="way" ref="174990935" role=""/>
  <member type="way" ref="175995728" role=""/>
  <member type="way" ref="175995726" role=""/>
  <member type="way" ref="175995727" role=""/>
  <member type="way" ref="393560662" role=""/>
  <member type="way" ref="393560660" role=""/>
  <member type="way" ref="393560664" role=""/>
  <member type="way" ref="175995729" role=""/>
  <member type="way" ref="175995730" role=""/>
  <member type="way" ref="175995731" role=""/>
  <member type="way" ref="505851028" role=""/>
  <member type="way" ref="175995732" role=""/>
  <member type="way" ref="120124758" role=""/>
  <member type="way" ref="120124766" role=""/>
  <member type="way" ref="120124761" role=""/>
  <member type="way" ref="135437791" role=""/>
  <member type="way" ref="62191662" role=""/>
  <member type="way" ref="120124762" role=""/>
  <member type="way" ref="1482076041" role=""/>
  <member type="way" ref="398007180" role=""/>
  <member type="way" ref="123071664" role=""/>
  <member type="way" ref="399152973" role=""/>
  <member type="way" ref="662269407" role=""/>
  <member type="way" ref="824427638" role=""/>
  <member type="way" ref="1223701063" role=""/>
  <member type="way" ref="1103281847" role=""/>
  <member type="way" ref="62191649" role=""/>
  <member type="way" ref="1046076003" role=""/>
  <member type="way" ref="1493365492" role=""/>
  <member type="way" ref="1493365491" role=""/>
  <member type="way" ref="1493365486" role=""/>
  <member type="way" ref="1493365485" role=""/>
  <member type="way" ref="1493365484" role=""/>
  <member type="way" ref="1493365483" role=""/>
  <member type="way" ref="1493365482" role=""/>
  <member type="way" ref="1493365481" role=""/>
  <member type="way" ref="629606561" role=""/>
  <member type="way" ref="1493365883" role=""/>
  <member type="way" ref="1493365882" role=""/>
  <member type="way" ref="824427644" role=""/>
  <member type="way" ref="1051883040" role=""/>
  <member type="way" ref="62191655" role=""/>
  <member type="way" ref="1223701061" role=""/>
  <member type="way" ref="62191648" role=""/>
  <member type="way" ref="824427632" role=""/>
  <member type="way" ref="824427633" role=""/>
  <member type="way" ref="824427636" role=""/>
  <member type="way" ref="556448931" role=""/>
  <member type="way" ref="1223701815" role=""/>
  <member type="way" ref="630324331" role=""/>
  <member type="way" ref="708187338" role=""/>
  <member type="way" ref="708187337" role=""/>
  <member type="way" ref="708187339" role=""/>
  <member type="way" ref="1103004572" role=""/>
  <member type="way" ref="708170294" role=""/>
  <member type="way" ref="1103000664" role=""/>
  <member type="way" ref="708170295" role=""/>
  <member type="way" ref="934958247" role=""/>
  <member type="way" ref="780133134" role=""/>
  <member type="way" ref="780133135" role=""/>
  <member type="way" ref="780133133" role=""/>
  <member type="way" ref="1044135533" role=""/>
  <member type="way" ref="1223703026" role=""/>
  <member type="way" ref="1223701809" role=""/>
  <member type="way" ref="398033904" role=""/>
  <member type="way" ref="1223613699" role=""/>
  <member type="way" ref="398033902" role=""/>
  <member type="way" ref="1075396984" role=""/>
  <member type="way" ref="1075396983" role=""/>
  <member type="way" ref="1103814022" role=""/>
  <member type="way" ref="505851012" role=""/>
  <member type="way" ref="175796467" role=""/>
  <member type="way" ref="505851007" role=""/>
  <member type="way" ref="175796464" role=""/>
  <member type="way" ref="175796463" role=""/>
  <member type="way" ref="1103814023" role=""/>
  <member type="way" ref="175796388" role=""/>
  <member type="way" ref="1075396981" role=""/>
  <member type="way" ref="1075396982" role=""/>
  <member type="way" ref="42917340" role=""/>
  <member type="way" ref="175796465" role=""/>
  <member type="way" ref="540729983" role=""/>
  <member type="way" ref="540729980" role=""/>
  <member type="way" ref="175796466" role=""/>
  <member type="way" ref="217529040" role=""/>
  <member type="way" ref="398036860" role=""/>
  <member type="way" ref="540729999" role=""/>
  <member type="way" ref="175796443" role=""/>
  <member type="way" ref="311750695" role=""/>
  <member type="way" ref="824427671" role=""/>
  <member type="way" ref="175796481" role=""/>
  <member type="way" ref="175796478" role=""/>
  <member type="way" ref="175796483" role=""/>
  <member type="way" ref="175796480" role=""/>
  <member type="way" ref="175796484" role=""/>
  <member type="way" ref="175815458" role=""/>
  <member type="way" ref="26417705" role=""/>
  <member type="way" ref="175796492" role=""/>
  <member type="way" ref="788479997" role=""/>
  <member type="way" ref="175796486" role=""/>
  <member type="way" ref="175796485" role=""/>
  <member type="way" ref="175796482" role=""/>
  <member type="way" ref="168434247" role=""/>
  <member type="way" ref="168434254" role=""/>
  <member type="way" ref="26412377" role=""/>
  <member type="way" ref="26402480" role=""/>
  <member type="way" ref="168434252" role=""/>
  <member type="way" ref="168434284" role=""/>
  <member type="way" ref="1396607722" role=""/>
  <member type="way" ref="26401548" role=""/>
  <member type="way" ref="26401525" role=""/>
  <member type="way" ref="26401342" role=""/>
  <member type="way" ref="26401454" role=""/>
  <member type="way" ref="26401343" role=""/>
  <member type="way" ref="26401450" role=""/>
  <member type="way" ref="26400261" role=""/>
  <member type="way" ref="61434933" role=""/>
  <member type="way" ref="431670253" role=""/>
  <member type="way" ref="1250788113" role=""/>
  <member type="way" ref="625030745" role=""/>
  <member type="way" ref="1029334567" role=""/>
  <member type="way" ref="1250788115" role=""/>
  <member type="way" ref="1250788114" role=""/>
  <member type="way" ref="1250788116" role=""/>
  <member type="way" ref="26401455" role=""/>
  <member type="way" ref="26400358" role=""/>
  <member type="way" ref="490484586" role=""/>
  <member type="way" ref="472047980" role=""/>
  <member type="way" ref="658709884" role=""/>
  <member type="way" ref="289069344" role=""/>
  <member type="way" ref="848852469" role=""/>
  <member type="way" ref="31827807" role=""/>
  <member type="way" ref="693154259" role=""/>
  <member type="way" ref="135314012" role=""/>
  <member type="way" ref="670235021" role=""/>
  <member type="way" ref="670237892" role=""/>
  <member type="way" ref="670233150" role=""/>
  <member type="way" ref="688586875" role=""/>
  <member type="way" ref="688586881" role="forward"/>
  <member type="way" ref="688596762" role="forward"/>
  <member type="way" ref="688596759" role="forward"/>
  <member type="way" ref="688596760" role="forward"/>
  <tag k="distance" v="1150"/>
  <tag k="from" v="Shalamcheh"/>
  <tag k="name" v="جاده ۹۶"/>
  <tag k="name:en" v="Road 96"/>
  <tag k="network" v="IR:national"/>
  <tag k="ref" v="96"/>
  <tag k="route" v="road"/>
  <tag k="to" v="BandarAbbas"/>
  <tag k="type" v="route"/>
  <tag k="wikipedia" v="en:Road 96 (Iran)"/>
 </relation>
</osm>
